task,layer,auroc,auprc,accuracy,train_examples,test_examples,train_positive_rate,test_positive_rate
promoter_tata,11,0.9136703453186187,0.9240738519505125,0.8349056603773585,5062,212,0.5,0.5
promoter_no_tata,11,0.9383398923917755,0.9474626409312917,0.8549562682215743,30000,1372,0.49933333333333335,0.5
splice_sites_donors,11,0.8954418563300142,0.9048906823046536,0.823,30000,3000,0.5028,0.49333333333333335
splice_sites_acceptors,11,0.8847030841900528,0.8953685706586534,0.809,30000,3000,0.5010333333333333,0.49166666666666664
