chromosome,layer,head,pairs,mean
chr1,0,0,8,-0.004002214843972063
chr1,0,1,8,0.015666104696204983
chr1,0,2,8,-0.0324042603130902
chr1,0,3,8,0.0033576771181711104
chr1,0,4,8,0.0006136850181977902
chr1,0,5,8,-0.015171315790288867
chr1,0,6,8,-0.03810707186342788
chr1,0,7,8,0.030509872761882897
chr1,0,8,8,-0.0007735446854916367
chr1,0,9,8,0.0008122040460692842
chr1,0,10,8,0.0016159822018471668
chr1,0,11,8,-0.028523296743473592
chr1,1,0,8,0.0582144756730118
chr1,1,1,8,-0.03307980605089724
chr1,1,2,8,-0.015402373980737905
chr1,1,3,8,-0.029376425896853228
chr1,1,4,8,-0.08297151942732137
chr1,1,5,8,-0.06845871986632675
chr1,1,6,8,0.07685071651660366
chr1,1,7,8,-0.0008398791060716254
chr1,1,8,8,-0.043293219563175916
chr1,1,9,8,-0.05769024841946879
chr1,1,10,8,-0.011619966329081272
chr1,1,11,8,-0.07048599915683652
chr1,2,0,8,0.03056224237306339
chr1,2,1,8,0.06733636083681643
chr1,2,2,8,0.03157026840929619
chr1,2,3,8,-0.019159919625215314
chr1,2,4,8,-0.06699052338814615
chr1,2,5,8,0.01959569813406626
chr1,2,6,8,0.06859796856871372
chr1,2,7,8,0.006206326933060849
chr1,2,8,8,-0.006142259928007196
chr1,2,9,8,-0.007101023008155863
chr1,2,10,8,-0.06035579162513336
chr1,2,11,8,0.12947515568113072
chr1,3,0,8,-0.04721920013288647
chr1,3,1,8,-0.02332925334587929
chr1,3,2,8,0.07624972893137405
chr1,3,3,8,-0.026009642662154428
chr1,3,4,8,-0.016839699434017672
chr1,3,5,8,-0.10501366989911855
chr1,3,6,8,0.02636911254898612
chr1,3,7,8,-0.06364035342897673
chr1,3,8,8,-0.040683626133103806
chr1,3,9,8,-0.01785217906822901
chr1,3,10,8,-0.1470313534440526
chr1,3,11,8,-0.07251628718614822
chr1,4,0,8,-0.0645872498287572
chr1,4,1,8,-0.11234916920718231
chr1,4,2,8,-0.03099731834422567
chr1,4,3,8,-0.12238703388792159
chr1,4,4,8,-0.04221030384581279
chr1,4,5,8,-0.05370848584224085
chr1,4,6,8,0.020871973616026634
chr1,4,7,8,-0.04608955904939039
chr1,4,8,8,-0.03210453367762725
chr1,4,9,8,-0.03975471288066444
chr1,4,10,8,-0.054387414821302826
chr1,4,11,8,-0.06715569925862994
chr1,5,0,8,-0.0769780740048462
chr1,5,1,8,-0.034572587290381415
chr1,5,2,8,-0.030035449383247297
chr1,5,3,8,-0.07994352412703401
chr1,5,4,8,-0.08322734509591273
chr1,5,5,8,-0.05032289248041025
chr1,5,6,8,-0.03930303961706662
chr1,5,7,8,-0.0005945963442409649
chr1,5,8,8,-0.025932201952109227
chr1,5,9,8,-0.14031920515249235
chr1,5,10,8,-0.02792753515072524
chr1,5,11,8,-0.04506578634825515
chr1,6,0,8,-0.03466717922113187
chr1,6,1,8,-0.05435987175545459
chr1,6,2,8,-0.031250090625576085
chr1,6,3,8,0.06436389340179346
chr1,6,4,8,-0.009792884928918558
chr1,6,5,8,-0.02034971313551135
chr1,6,6,8,0.021435394277914202
chr1,6,7,8,-0.16060990953363213
chr1,6,8,8,-0.02526020605856409
chr1,6,9,8,-0.021177306372520674
chr1,6,10,8,-0.03229077057449455
chr1,6,11,8,0.027184926125410274
chr1,7,0,8,-0.08599261962527348
chr1,7,1,8,0.010937341471968197
chr1,7,2,8,0.012438188228255598
chr1,7,3,8,0.020290873318039908
chr1,7,4,8,0.11449344458769409
chr1,7,5,8,0.07947931185003151
chr1,7,6,8,0.048453993669936773
chr1,7,7,8,0.026056783076015527
chr1,7,8,8,0.004605875725105027
chr1,7,9,8,-0.03803436217057811
chr1,7,10,8,0.0037328735463836374
chr1,7,11,8,-0.03368835128279893
chr1,8,0,8,-0.0733736391423978
chr1,8,1,8,0.08073412024626575
chr1,8,2,8,0.15162001295975797
chr1,8,3,8,0.11767711655485155
chr1,8,4,8,0.0929601869520385
chr1,8,5,8,0.13399049889838835
chr1,8,6,8,0.12089587862739652
chr1,8,7,8,0.12576671174860504
chr1,8,8,8,0.08194812007244948
chr1,8,9,8,-0.04064256848244745
chr1,8,10,8,0.08084306723544116
chr1,8,11,8,0.1185706995885239
chr1,9,0,8,-0.026236007392907462
chr1,9,1,8,-0.09162876992372156
chr1,9,2,8,-0.0790577668129594
chr1,9,3,8,0.014597728901991788
chr1,9,4,8,0.1078129595840201
chr1,9,5,8,0.08584246922554495
chr1,9,6,8,0.09011082159808814
chr1,9,7,8,0.1146980585018284
chr1,9,8,8,0.026474109351522904
chr1,9,9,8,-0.0290687878935504
chr1,9,10,8,0.06165702106643467
chr1,9,11,8,0.10665013238730889
chr1,10,0,8,-0.051784193395052996
chr1,10,1,8,-0.014764696159182335
chr1,10,2,8,0.015982549780470992
chr1,10,3,8,0.029466368111930062
chr1,10,4,8,0.07545819975699132
chr1,10,5,8,0.08862981505658421
chr1,10,6,8,0.10219676544800452
chr1,10,7,8,0.1004393483368605
chr1,10,8,8,-0.04666921490981947
chr1,10,9,8,0.02087233514655773
chr1,10,10,8,-0.027002676207442997
chr1,10,11,8,0.044010283383880806
chr1,11,0,8,-0.03743964768839331
chr1,11,1,8,-0.021469832525419424
chr1,11,2,8,-0.03770009792062169
chr1,11,3,8,-0.05555122503433024
chr1,11,4,8,0.056191209947943035
chr1,11,5,8,-0.03479595840414705
chr1,11,6,8,0.01798291319834644
chr1,11,7,8,0.10432413143934988
chr1,11,8,8,-0.03205033417826289
chr1,11,9,8,-0.0056824658045813575
chr1,11,10,8,-0.010656663749666492
chr1,11,11,8,-0.12554146678759254
chr10,0,0,3,-0.03791564943016764
chr10,0,1,3,-0.007298891533133752
chr10,0,2,3,-0.03834930375314775
chr10,0,3,3,-0.0024525113800495033
chr10,0,4,3,0.0005920713528703433
chr10,0,5,3,-0.034699052781769546
chr10,0,6,3,-0.0571131439483239
chr10,0,7,3,0.11774951758073149
chr10,0,8,3,-0.032920920831147206
chr10,0,9,3,-0.024328587590665324
chr10,0,10,3,-0.0008091196265337143
chr10,0,11,3,-0.05838348410470099
chr10,1,0,3,-0.056439331505130995
chr10,1,1,3,-0.0899025933119177
chr10,1,2,3,-0.022367478758792525
chr10,1,3,3,-0.08523159106324563
chr10,1,4,3,-0.09581573692859503
chr10,1,5,3,-0.2471377044145929
chr10,1,6,3,0.11502695823178109
chr10,1,7,3,-0.09528705765483521
chr10,1,8,3,-0.2565801931219269
chr10,1,9,3,-0.050409511817951835
chr10,1,10,3,0.006526267360182025
chr10,1,11,3,0.08431594562543256
chr10,2,0,3,0.04277490268564088
chr10,2,1,3,0.3893013116666375
chr10,2,2,3,-0.001122435667462618
chr10,2,3,3,0.048082602955268484
chr10,2,4,3,-0.12320022896491971
chr10,2,5,3,0.10400776972410107
chr10,2,6,3,0.1459699067750582
chr10,2,7,3,-0.007722732104994227
chr10,2,8,3,-0.09349817986592897
chr10,2,9,3,-0.04269108060760044
chr10,2,10,3,-0.10078321661109617
chr10,2,11,3,0.3721751207176574
chr10,3,0,3,-0.037316709250696155
chr10,3,1,3,0.10730408667913238
chr10,3,2,3,0.07838104737444662
chr10,3,3,3,-0.0238199140526504
chr10,3,4,3,0.051007211177793776
chr10,3,5,3,0.3249881590484162
chr10,3,6,3,-0.05319174138239102
chr10,3,7,3,0.3085052289194696
chr10,3,8,3,-0.040434810635823326
chr10,3,9,3,0.3215028350365368
chr10,3,10,3,-0.10101665105911817
chr10,3,11,3,0.22905347600452694
chr10,4,0,3,-0.31234614649077524
chr10,4,1,3,-0.24958764926142019
chr10,4,2,3,0.012821386169321583
chr10,4,3,3,0.07588011803879409
chr10,4,4,3,-0.06100989361155277
chr10,4,5,3,-0.08348701089730581
chr10,4,6,3,0.14716746789823767
chr10,4,7,3,0.021218627873614965
chr10,4,8,3,-0.009106539373476571
chr10,4,9,3,-0.1545261584804034
chr10,4,10,3,-0.08953660562334909
chr10,4,11,3,-0.04009687488651951
chr10,5,0,3,-0.16191076601452822
chr10,5,1,3,-0.08995707745556807
chr10,5,2,3,-0.21913022878819763
chr10,5,3,3,0.020915415489595784
chr10,5,4,3,-0.014689236794509212
chr10,5,5,3,0.003028656385436516
chr10,5,6,3,-0.035774278676078054
chr10,5,7,3,-0.09390604442943677
chr10,5,8,3,-0.06650357917906702
chr10,5,9,3,-0.09069658537335283
chr10,5,10,3,-0.07801423551281172
chr10,5,11,3,-0.1414812433460738
chr10,6,0,3,-0.020152864571830038
chr10,6,1,3,0.025335199585374293
chr10,6,2,3,0.13616097192207824
chr10,6,3,3,0.22947345476142234
chr10,6,4,3,0.13111802348835314
chr10,6,5,3,0.17852244147331342
chr10,6,6,3,0.17771336303202934
chr10,6,7,3,-0.11793877708442131
chr10,6,8,3,-0.011598358137423012
chr10,6,9,3,0.2781617716107356
chr10,6,10,3,0.1251186867967354
chr10,6,11,3,0.2056591267816191
chr10,7,0,3,0.09419142289839666
chr10,7,1,3,0.2352227696610069
chr10,7,2,3,0.00017979954559799172
chr10,7,3,3,0.08656609729176261
chr10,7,4,3,-0.002889725110815177
chr10,7,5,3,-0.09817305783097323
chr10,7,6,3,0.06424059006779184
chr10,7,7,3,0.09026945403921403
chr10,7,8,3,-0.015852073925555803
chr10,7,9,3,-0.011048413421581102
chr10,7,10,3,0.3398649224273405
chr10,7,11,3,0.04698897341574306
chr10,8,0,3,0.027291630409537304
chr10,8,1,3,-0.023568005486101107
chr10,8,2,3,0.1684233871815278
chr10,8,3,3,0.01477271841505986
chr10,8,4,3,0.017508670693035383
chr10,8,5,3,0.0030396700701877193
chr10,8,6,3,0.07434049723915197
chr10,8,7,3,0.007105621397046694
chr10,8,8,3,-0.1802532990264839
chr10,8,9,3,0.02783671612015119
chr10,8,10,3,0.2050757919290148
chr10,8,11,3,0.0224924890953635
chr10,9,0,3,-0.18282643659210585
chr10,9,1,3,0.12107790413053303
chr10,9,2,3,0.22401759856144185
chr10,9,3,3,-0.015469819723611703
chr10,9,4,3,-0.035497719072955965
chr10,9,5,3,0.006569720447135878
chr10,9,6,3,0.00868466566151769
chr10,9,7,3,0.020878903242425053
chr10,9,8,3,-0.087854675422947
chr10,9,9,3,0.0018555863685485823
chr10,9,10,3,-0.038996533910360176
chr10,9,11,3,-0.030156661898666424
chr10,10,0,3,-0.07470329731670655
chr10,10,1,3,-0.14690851228502352
chr10,10,2,3,0.14265266634776805
chr10,10,3,3,-0.20955570130175075
chr10,10,4,3,-0.06747069343297553
chr10,10,5,3,-0.03272354778453032
chr10,10,6,3,-0.006397960675856916
chr10,10,7,3,0.00870555785253361
chr10,10,8,3,-0.00973900220857967
chr10,10,9,3,-0.09569924347322523
chr10,10,10,3,0.018083633432723272
chr10,10,11,3,-0.11143169906921296
chr10,11,0,3,-0.02493110140116565
chr10,11,1,3,-0.07838037076143094
chr10,11,2,3,-0.05011612609756858
chr10,11,3,3,0.1771853412331252
chr10,11,4,3,0.024645531036640023
chr10,11,5,3,0.11275364058809696
chr10,11,6,3,0.17570168290419366
chr10,11,7,3,0.2235651931780831
chr10,11,8,3,-0.012142637371518328
chr10,11,9,3,-0.1022002682468582
chr10,11,10,3,-0.008643659063683399
chr10,11,11,3,0.07077239781480094
chr11,0,0,4,-0.0035844471848995585
chr11,0,1,4,-0.024146686171153092
chr11,0,2,4,0.0072443025171029796
chr11,0,3,4,-0.005940544012390401
chr11,0,4,4,-0.0015400478744961054
chr11,0,5,4,0.015059436473119886
chr11,0,6,4,-0.01672377572432268
chr11,0,7,4,0.08676268002460008
chr11,0,8,4,-0.010323536759519608
chr11,0,9,4,0.0061632211171986084
chr11,0,10,4,-0.016715094259761358
chr11,0,11,4,-0.014663467947110598
chr11,1,0,4,-0.02399166575125114
chr11,1,1,4,-0.0033335631833459334
chr11,1,2,4,-0.040208831535143236
chr11,1,3,4,0.0009639829149336587
chr11,1,4,4,0.026214633036370817
chr11,1,5,4,0.02396545214211268
chr11,1,6,4,-0.027536127610385777
chr11,1,7,4,0.03589908668341657
chr11,1,8,4,0.028752243971208596
chr11,1,9,4,0.0007228133614458898
chr11,1,10,4,-0.013924279952999025
chr11,1,11,4,0.0991173284136042
chr11,2,0,4,-0.07032731270441445
chr11,2,1,4,-0.042731269584181136
chr11,2,2,4,0.044894641306230304
chr11,2,3,4,0.005279404018086187
chr11,2,4,4,-0.1063792351431067
chr11,2,5,4,0.059327091730370735
chr11,2,6,4,-0.07256198365388819
chr11,2,7,4,-0.03361687993338153
chr11,2,8,4,-0.013927337195951767
chr11,2,9,4,-0.024953872913224595
chr11,2,10,4,-0.17514817798101406
chr11,2,11,4,-0.07671473061020574
chr11,3,0,4,0.012482320868859448
chr11,3,1,4,-0.01218486827250348
chr11,3,2,4,0.03581767700332314
chr11,3,3,4,0.14207439300884744
chr11,3,4,4,0.0036214562709904335
chr11,3,5,4,0.023874742738208044
chr11,3,6,4,-0.03480339495059419
chr11,3,7,4,0.03811365774316755
chr11,3,8,4,0.007411341548860861
chr11,3,9,4,-0.06703407361299439
chr11,3,10,4,0.02836927763248223
chr11,3,11,4,-0.03078179892510277
chr11,4,0,4,-0.021792218481300973
chr11,4,1,4,0.10092093278068946
chr11,4,2,4,0.013682986748029388
chr11,4,3,4,0.014668864303832616
chr11,4,4,4,0.10431255062485181
chr11,4,5,4,0.15920303037377276
chr11,4,6,4,-0.014131244731597062
chr11,4,7,4,0.08041405253797801
chr11,4,8,4,-0.00450773158320375
chr11,4,9,4,0.0820994804264577
chr11,4,10,4,0.05486679653437487
chr11,4,11,4,0.01893824928299062
chr11,5,0,4,0.10669211165425971
chr11,5,1,4,0.015518633561735634
chr11,5,2,4,0.030970377175286026
chr11,5,3,4,0.0013905058699461535
chr11,5,4,4,0.026699404867788247
chr11,5,5,4,-0.004360451202440642
chr11,5,6,4,0.03712591543551024
chr11,5,7,4,0.0822280021012036
chr11,5,8,4,-0.015067917055813645
chr11,5,9,4,0.09235972729461758
chr11,5,10,4,0.01225716575014216
chr11,5,11,4,0.0727519421662732
chr11,6,0,4,0.006789422298855319
chr11,6,1,4,0.01948271018283677
chr11,6,2,4,0.05898378860916298
chr11,6,3,4,0.1986339976876591
chr11,6,4,4,-0.025094040321674723
chr11,6,5,4,-0.04802887270549602
chr11,6,6,4,0.09479897400606388
chr11,6,7,4,-0.05580665450712234
chr11,6,8,4,-0.010048208205766851
chr11,6,9,4,-0.023170198918805396
chr11,6,10,4,0.0520740708798983
chr11,6,11,4,-0.0504901822337185
chr11,7,0,4,-0.02260457319536613
chr11,7,1,4,0.03253139630189775
chr11,7,2,4,-0.027761890386282295
chr11,7,3,4,0.1251009657995964
chr11,7,4,4,0.04171122271159124
chr11,7,5,4,0.016203787559077115
chr11,7,6,4,0.08500294957797415
chr11,7,7,4,0.1352711777053151
chr11,7,8,4,-0.011016692413438306
chr11,7,9,4,-0.028554878509935155
chr11,7,10,4,-0.014527151566356339
chr11,7,11,4,0.09274968264933083
chr11,8,0,4,0.06399869329693553
chr11,8,1,4,-0.04610877035449626
chr11,8,2,4,-0.05120466822831646
chr11,8,3,4,-0.007081736473822042
chr11,8,4,4,0.04066143976832292
chr11,8,5,4,0.005749293971811675
chr11,8,6,4,-0.04120527763160734
chr11,8,7,4,-0.006944479252696009
chr11,8,8,4,-0.04284480407806365
chr11,8,9,4,-0.000590640379363766
chr11,8,10,4,-0.10016028761644397
chr11,8,11,4,0.0031572971777939444
chr11,9,0,4,-0.027483418657347547
chr11,9,1,4,0.04859573165222242
chr11,9,2,4,-0.059644590727689295
chr11,9,3,4,-0.048544347116722925
chr11,9,4,4,-0.011678568857426724
chr11,9,5,4,-0.009952216291613143
chr11,9,6,4,0.03719377667855163
chr11,9,7,4,0.015276104922121309
chr11,9,8,4,-0.13052812007861142
chr11,9,9,4,0.06320221743246768
chr11,9,10,4,-0.09892975263921192
chr11,9,11,4,-0.05706484838869003
chr11,10,0,4,-0.028737466514564908
chr11,10,1,4,-0.006755693934874296
chr11,10,2,4,0.004297876171592302
chr11,10,3,4,-0.025455463250271506
chr11,10,4,4,-0.031571829242362084
chr11,10,5,4,0.016021639438282293
chr11,10,6,4,0.013520837198809279
chr11,10,7,4,-0.027763761897999895
chr11,10,8,4,0.052189433523279816
chr11,10,9,4,-0.09293969453764767
chr11,10,10,4,-0.020465935704227348
chr11,10,11,4,-0.006146811170142336
chr11,11,0,4,0.0692544039191286
chr11,11,1,4,-0.1302777532228234
chr11,11,2,4,0.04846577457162912
chr11,11,3,4,0.07455781048664181
chr11,11,4,4,-0.0033583947257462415
chr11,11,5,4,0.07939888295563305
chr11,11,6,4,0.04601402803348493
chr11,11,7,4,-0.027618896835178222
chr11,11,8,4,0.002363918676312332
chr11,11,9,4,-0.08856963862371811
chr11,11,10,4,0.05157981404669301
chr11,11,11,4,-0.024815428859152
chr12,0,0,4,0.05960875712725236
chr12,0,1,4,0.06760397978854837
chr12,0,2,4,0.0958540381542001
chr12,0,3,4,0.002330700814877378
chr12,0,4,4,0.00021714033600348203
chr12,0,5,4,0.11504521775743676
chr12,0,6,4,0.063159822772173
chr12,0,7,4,0.08295204384811694
chr12,0,8,4,0.02546390391332573
chr12,0,9,4,0.06054760226481551
chr12,0,10,4,0.003670052743718944
chr12,0,11,4,0.08413209434898047
chr12,1,0,4,0.12108621179721007
chr12,1,1,4,0.05875187537945813
chr12,1,2,4,0.05143499017304749
chr12,1,3,4,0.011841384351572448
chr12,1,4,4,0.03271948961139638
chr12,1,5,4,0.012587825967845134
chr12,1,6,4,0.025541305462019465
chr12,1,7,4,0.041331374457102193
chr12,1,8,4,-0.10042717841279564
chr12,1,9,4,0.08592361502855275
chr12,1,10,4,0.03494863160964548
chr12,1,11,4,0.0670027308407756
chr12,2,0,4,0.16928152167768742
chr12,2,1,4,0.08792855405446226
chr12,2,2,4,0.13527769817349936
chr12,2,3,4,0.18076331758230285
chr12,2,4,4,0.03845880712256998
chr12,2,5,4,0.32241681026125196
chr12,2,6,4,0.14817775811690032
chr12,2,7,4,0.08226755262771432
chr12,2,8,4,-0.0369452102955814
chr12,2,9,4,0.04935042567825823
chr12,2,10,4,-0.007904927879786854
chr12,2,11,4,0.11868069120920692
chr12,3,0,4,0.06767824262986648
chr12,3,1,4,0.10547361167328034
chr12,3,2,4,0.12867924567721373
chr12,3,3,4,0.033837572117648845
chr12,3,4,4,0.0726442340861616
chr12,3,5,4,0.034896560569206786
chr12,3,6,4,0.07652838524570288
chr12,3,7,4,0.13759386210578886
chr12,3,8,4,-0.002536598017906677
chr12,3,9,4,0.20530318771015094
chr12,3,10,4,0.040887886466985254
chr12,3,11,4,0.07723456090366695
chr12,4,0,4,0.014637608733955892
chr12,4,1,4,0.026317182255186936
chr12,4,2,4,0.06465361576984141
chr12,4,3,4,0.1278326064214269
chr12,4,4,4,0.21313124031249236
chr12,4,5,4,-0.08950722579565845
chr12,4,6,4,0.12502483489074828
chr12,4,7,4,0.07792520388730682
chr12,4,8,4,0.06261957766801701
chr12,4,9,4,0.1768219581341649
chr12,4,10,4,0.007887296799561017
chr12,4,11,4,0.06754930492480957
chr12,5,0,4,-0.06518714172669487
chr12,5,1,4,0.04987339118663556
chr12,5,2,4,0.07428609064570989
chr12,5,3,4,0.19799724083658493
chr12,5,4,4,0.1056139909651313
chr12,5,5,4,0.10948580756971063
chr12,5,6,4,0.05227051732569979
chr12,5,7,4,0.14263574582457636
chr12,5,8,4,0.02570529281601594
chr12,5,9,4,0.0006251642730456253
chr12,5,10,4,0.06951880606893533
chr12,5,11,4,0.09255695069384368
chr12,6,0,4,0.04885812816632662
chr12,6,1,4,0.09104346963818288
chr12,6,2,4,0.12550018056459297
chr12,6,3,4,0.1998079347231043
chr12,6,4,4,0.13397529424445762
chr12,6,5,4,0.0684797829811269
chr12,6,6,4,0.12738066331617537
chr12,6,7,4,0.018673886650151655
chr12,6,8,4,0.020050431922820078
chr12,6,9,4,0.2355641179045789
chr12,6,10,4,0.1386600812515324
chr12,6,11,4,0.08315109465324394
chr12,7,0,4,0.16304568428640384
chr12,7,1,4,0.0865253484819381
chr12,7,2,4,0.019231578082680445
chr12,7,3,4,0.05451246430892401
chr12,7,4,4,0.012182865466578964
chr12,7,5,4,0.03090424336286432
chr12,7,6,4,0.03348855939187249
chr12,7,7,4,0.04875772674479168
chr12,7,8,4,0.023152668958796363
chr12,7,9,4,0.051304801570100755
chr12,7,10,4,0.062044664843333916
chr12,7,11,4,0.06736640155776263
chr12,8,0,4,-0.0025120337518088065
chr12,8,1,4,-0.045450454742436835
chr12,8,2,4,0.08057904244864553
chr12,8,3,4,-0.007925748986397583
chr12,8,4,4,0.026817157802416586
chr12,8,5,4,0.010521400774711687
chr12,8,6,4,-0.017385105776886907
chr12,8,7,4,0.0034639312933131584
chr12,8,8,4,-0.07219922739134815
chr12,8,9,4,0.10569594996349266
chr12,8,10,4,0.001068851811281829
chr12,8,11,4,0.001037735219921414
chr12,9,0,4,-0.007667077940858996
chr12,9,1,4,0.046988275515539024
chr12,9,2,4,0.1475380321869169
chr12,9,3,4,0.0020397210689411735
chr12,9,4,4,0.0045160825322855275
chr12,9,5,4,-0.006614079838847422
chr12,9,6,4,-0.010643239170171202
chr12,9,7,4,0.025057823945469782
chr12,9,8,4,-0.0540851314698243
chr12,9,9,4,0.09573829937886233
chr12,9,10,4,-0.013062955718963432
chr12,9,11,4,-0.02089413951820762
chr12,10,0,4,0.07505853285874942
chr12,10,1,4,-0.06656655682987456
chr12,10,2,4,0.014610194893252687
chr12,10,3,4,-0.030859464453991563
chr12,10,4,4,-0.0653260300241073
chr12,10,5,4,-0.011058181127951344
chr12,10,6,4,-0.12997150386418782
chr12,10,7,4,0.009214362571549811
chr12,10,8,4,0.11993291266984257
chr12,10,9,4,-0.05713749902568124
chr12,10,10,4,0.07971315591939424
chr12,10,11,4,-0.07307469630946337
chr12,11,0,4,0.10047891179648494
chr12,11,1,4,0.06779538337074204
chr12,11,2,4,0.113371389683389
chr12,11,3,4,0.02203789413133967
chr12,11,4,4,0.008251198005898186
chr12,11,5,4,0.1159536512432516
chr12,11,6,4,0.09663911364448984
chr12,11,7,4,0.09980935215685187
chr12,11,8,4,0.07100246465518381
chr12,11,9,4,-0.06440483122972238
chr12,11,10,4,0.0648287791802096
chr12,11,11,4,0.1208176986285118
chr13,0,0,4,0.01580250300949254
chr13,0,1,4,0.016964586235130363
chr13,0,2,4,0.03655286762650056
chr13,0,3,4,0.0025140065827184213
chr13,0,4,4,0.0027025878606792104
chr13,0,5,4,0.07306042229778525
chr13,0,6,4,0.02669757518171395
chr13,0,7,4,0.08782401560455866
chr13,0,8,4,-0.0006306585048187485
chr13,0,9,4,0.016860753179662652
chr13,0,10,4,-0.0024851171051979773
chr13,0,11,4,0.05693076993489066
chr13,1,0,4,0.06595290959443939
chr13,1,1,4,0.06549247970296096
chr13,1,2,4,0.046757258048246216
chr13,1,3,4,0.057303719865030495
chr13,1,4,4,0.047605119963945355
chr13,1,5,4,0.11075743468092414
chr13,1,6,4,0.19269474694575936
chr13,1,7,4,0.05258886100956664
chr13,1,8,4,-0.04095900144065126
chr13,1,9,4,0.05228223652039704
chr13,1,10,4,0.04708154426373842
chr13,1,11,4,0.1204150346262626
chr13,2,0,4,0.021875044152764145
chr13,2,1,4,0.07532644287779289
chr13,2,2,4,0.044967728255203954
chr13,2,3,4,0.09811100563964589
chr13,2,4,4,0.10212562945435898
chr13,2,5,4,0.11906744009338135
chr13,2,6,4,0.16431447578084732
chr13,2,7,4,0.02076113309589242
chr13,2,8,4,-0.039177471292426935
chr13,2,9,4,0.021546554148781538
chr13,2,10,4,0.03510550867326777
chr13,2,11,4,0.2132948393366766
chr13,3,0,4,-0.01316658753308031
chr13,3,1,4,0.09251192844197202
chr13,3,2,4,0.09593526175909253
chr13,3,3,4,-0.010272374762212128
chr13,3,4,4,-0.00428396596415603
chr13,3,5,4,0.05505522985122384
chr13,3,6,4,-0.035808249369796846
chr13,3,7,4,0.0558622451769238
chr13,3,8,4,0.02564005381056708
chr13,3,9,4,0.10112625901720887
chr13,3,10,4,-0.07907205226039635
chr13,3,11,4,0.15817513057150712
chr13,4,0,4,-0.07110997596730828
chr13,4,1,4,0.14508099675003866
chr13,4,2,4,0.037279114641554756
chr13,4,3,4,0.02802224890016896
chr13,4,4,4,0.05981642035495926
chr13,4,5,4,0.01843843097284846
chr13,4,6,4,0.08225991013030187
chr13,4,7,4,0.025164700668772477
chr13,4,8,4,0.008902109284078003
chr13,4,9,4,0.08202482377844056
chr13,4,10,4,0.04889010333952418
chr13,4,11,4,0.03762326022752635
chr13,5,0,4,-0.018974843959301657
chr13,5,1,4,0.006920233614684745
chr13,5,2,4,-0.028317603550191243
chr13,5,3,4,0.04381983592576106
chr13,5,4,4,0.025489566322134297
chr13,5,5,4,0.05663172515036814
chr13,5,6,4,0.023901511250438528
chr13,5,7,4,0.03653598004343399
chr13,5,8,4,-0.026452521435429976
chr13,5,9,4,0.008427663764840776
chr13,5,10,4,0.030760036530857668
chr13,5,11,4,0.19128794570188912
chr13,6,0,4,-0.014201913351226059
chr13,6,1,4,0.0027764778770245193
chr13,6,2,4,0.03194766331183102
chr13,6,3,4,0.01188155239246766
chr13,6,4,4,0.02233519069177823
chr13,6,5,4,0.0426704472189977
chr13,6,6,4,-0.012533326608262185
chr13,6,7,4,-0.007497934789582772
chr13,6,8,4,-0.014922247428846347
chr13,6,9,4,0.024954541830479154
chr13,6,10,4,0.019233516766023105
chr13,6,11,4,0.0005224630156033267
chr13,7,0,4,-0.011282834498648558
chr13,7,1,4,0.08154142970403574
chr13,7,2,4,0.023472270847648413
chr13,7,3,4,0.030542013439821592
chr13,7,4,4,0.010694097067966587
chr13,7,5,4,0.02568978899984603
chr13,7,6,4,0.014260474365754552
chr13,7,7,4,0.003475225545047358
chr13,7,8,4,-0.01682439206796041
chr13,7,9,4,0.026753767109085225
chr13,7,10,4,0.07375231958901465
chr13,7,11,4,0.06310044068193524
chr13,8,0,4,0.050402723108952274
chr13,8,1,4,0.012769674603319708
chr13,8,2,4,0.27200158150837145
chr13,8,3,4,0.04448296407081855
chr13,8,4,4,0.09001755919161177
chr13,8,5,4,0.0025321041802773185
chr13,8,6,4,-0.006242229643302323
chr13,8,7,4,-0.0026368024132452303
chr13,8,8,4,0.01028869615546485
chr13,8,9,4,0.05315002528473112
chr13,8,10,4,-0.011993773835236143
chr13,8,11,4,0.00923343532369262
chr13,9,0,4,-0.022894462318078374
chr13,9,1,4,0.06906184078900901
chr13,9,2,4,0.14105416552092148
chr13,9,3,4,0.1602292489590211
chr13,9,4,4,0.046629028284300864
chr13,9,5,4,0.0245510296405907
chr13,9,6,4,0.11796772572180209
chr13,9,7,4,-0.015339128583161847
chr13,9,8,4,-0.06393554532983364
chr13,9,9,4,0.046443683023654175
chr13,9,10,4,0.004644843357339917
chr13,9,11,4,0.07514099047179551
chr13,10,0,4,0.00561879102688001
chr13,10,1,4,-0.08496100030614223
chr13,10,2,4,0.052793221020245557
chr13,10,3,4,0.026734533368305786
chr13,10,4,4,0.03931603009554449
chr13,10,5,4,0.00829734737956241
chr13,10,6,4,-0.0003779493502043124
chr13,10,7,4,0.06517925664226865
chr13,10,8,4,0.04251101109029698
chr13,10,9,4,-0.04193437982484441
chr13,10,10,4,0.024806960421593804
chr13,10,11,4,0.04611771011084667
chr13,11,0,4,0.03789942585906683
chr13,11,1,4,-0.04176773465738612
chr13,11,2,4,0.008662241129392234
chr13,11,3,4,0.07172368460902684
chr13,11,4,4,-0.07488855913454288
chr13,11,5,4,0.02282780551693485
chr13,11,6,4,0.04293263295789898
chr13,11,7,4,-0.023103828818449287
chr13,11,8,4,0.05073187111991895
chr13,11,9,4,-0.05693758522835232
chr13,11,10,4,-0.03762562219730223
chr13,11,11,4,0.058621387190117724
chr14,0,0,2,-0.028858680838052153
chr14,0,1,2,-0.024763843847206535
chr14,0,2,2,-0.018316747794269672
chr14,0,3,2,-0.00013480977197972976
chr14,0,4,2,-0.0005920069676556552
chr14,0,5,2,-0.0022611362319457373
chr14,0,6,2,-0.0021811595496127323
chr14,0,7,2,-0.04308840304654177
chr14,0,8,2,-0.020749543628346856
chr14,0,9,2,-0.008662769970883999
chr14,0,10,2,0.009767679577291119
chr14,0,11,2,-0.023451094486352186
chr14,1,0,2,-0.09628169301174588
chr14,1,1,2,0.057860436601705104
chr14,1,2,2,-0.08488751348565454
chr14,1,3,2,0.06387531627767873
chr14,1,4,2,0.13165589442960837
chr14,1,5,2,-0.046316105704688804
chr14,1,6,2,0.13395223575361637
chr14,1,7,2,-0.06423009030702453
chr14,1,8,2,0.0018460524987235494
chr14,1,9,2,0.0711109241179691
chr14,1,10,2,-0.035106123599934036
chr14,1,11,2,-0.11711089992250098
chr14,2,0,2,0.002220067392645575
chr14,2,1,2,0.10654270791302803
chr14,2,2,2,0.10351377068932949
chr14,2,3,2,0.06058362250073385
chr14,2,4,2,-0.03308253704992359
chr14,2,5,2,0.34509771552472646
chr14,2,6,2,-0.10994116005282853
chr14,2,7,2,-0.04672286469447101
chr14,2,8,2,0.012656173831638862
chr14,2,9,2,-0.019480107063722663
chr14,2,10,2,-0.12741581265197202
chr14,2,11,2,-0.018424129030212705
chr14,3,0,2,0.03826424720869026
chr14,3,1,2,0.0603625999077789
chr14,3,2,2,0.16594356818721673
chr14,3,3,2,0.23937726466354325
chr14,3,4,2,0.02325736007953555
chr14,3,5,2,0.1900694759413486
chr14,3,6,2,0.023627544253811472
chr14,3,7,2,-0.0446933283658832
chr14,3,8,2,-0.0047695619896784835
chr14,3,9,2,0.0009424191044738461
chr14,3,10,2,0.07087917346550898
chr14,3,11,2,0.06927080831625387
chr14,4,0,2,-0.012048636549267133
chr14,4,1,2,0.0988324079725978
chr14,4,2,2,0.011024605534240894
chr14,4,3,2,-0.0029109732381063305
chr14,4,4,2,-0.003317352552890479
chr14,4,5,2,0.12472053430211558
chr14,4,6,2,-0.03903763254826165
chr14,4,7,2,0.3774619285460452
chr14,4,8,2,-0.11611605774686146
chr14,4,9,2,0.05471824498391026
chr14,4,10,2,0.010663292750729969
chr14,4,11,2,0.04406461638358351
chr14,5,0,2,0.10095834815217786
chr14,5,1,2,-0.014270246306806622
chr14,5,2,2,0.1430446853046923
chr14,5,3,2,0.006278111294174463
chr14,5,4,2,0.040833149313620726
chr14,5,5,2,-0.011915318688384052
chr14,5,6,2,0.037134105613782775
chr14,5,7,2,0.0879110043894549
chr14,5,8,2,-0.012605309815123422
chr14,5,9,2,0.1817605636413836
chr14,5,10,2,0.15179569545960697
chr14,5,11,2,0.21714468965896977
chr14,6,0,2,-0.0282051527122697
chr14,6,1,2,0.027069530503272467
chr14,6,2,2,0.04468119785823993
chr14,6,3,2,0.11818729930448466
chr14,6,4,2,-0.006320227722904526
chr14,6,5,2,0.03463307856591249
chr14,6,6,2,0.036073411501124454
chr14,6,7,2,0.2142471043137502
chr14,6,8,2,-0.018944054126166787
chr14,6,9,2,-0.07227821251345151
chr14,6,10,2,0.05573378277564996
chr14,6,11,2,0.04238690487133962
chr14,7,0,2,0.08330889759535781
chr14,7,1,2,0.45887754334042585
chr14,7,2,2,-0.0596330757154786
chr14,7,3,2,0.21202675946183758
chr14,7,4,2,0.03041544728014847
chr14,7,5,2,0.08350553643378866
chr14,7,6,2,0.0985537767222691
chr14,7,7,2,0.09274840430757485
chr14,7,8,2,-0.021764821600798068
chr14,7,9,2,0.024837276465341174
chr14,7,10,2,0.4587525461691396
chr14,7,11,2,0.3131998000339976
chr14,8,0,2,-0.03126295728415723
chr14,8,1,2,0.0246233753525838
chr14,8,2,2,0.31201624857311755
chr14,8,3,2,0.06680036983945051
chr14,8,4,2,0.1520145354141606
chr14,8,5,2,0.050612603790724395
chr14,8,6,2,-0.09071128420559993
chr14,8,7,2,0.00016923699215192194
chr14,8,8,2,-0.048292072722825374
chr14,8,9,2,-0.011212767585099037
chr14,8,10,2,0.011870601854243212
chr14,8,11,2,0.02959674319988571
chr14,9,0,2,0.010148447623125056
chr14,9,1,2,-0.03621411617465181
chr14,9,2,2,-0.049738943647498035
chr14,9,3,2,0.209496458730179
chr14,9,4,2,0.05987070609479116
chr14,9,5,2,-0.05054645586573031
chr14,9,6,2,0.04920356031901707
chr14,9,7,2,0.0447876283041942
chr14,9,8,2,-0.06758741318927636
chr14,9,9,2,-0.02400646555994307
chr14,9,10,2,0.042302594249346404
chr14,9,11,2,0.10476572858388841
chr14,10,0,2,-0.11672100646891659
chr14,10,1,2,-0.06872846814303674
chr14,10,2,2,0.02199630808766312
chr14,10,3,2,0.08054855939760511
chr14,10,4,2,0.14229031390372154
chr14,10,5,2,0.006128070119483395
chr14,10,6,2,0.04838981448163704
chr14,10,7,2,-0.06980400526925612
chr14,10,8,2,-0.017441720800270177
chr14,10,9,2,-0.070786017863735
chr14,10,10,2,0.0037963581642107558
chr14,10,11,2,-0.01132848889795491
chr14,11,0,2,-0.00951796092275603
chr14,11,1,2,-0.07575928007680544
chr14,11,2,2,-0.10308716162202386
chr14,11,3,2,0.05378358643048384
chr14,11,4,2,0.0036992103329628045
chr14,11,5,2,0.0055364920387780125
chr14,11,6,2,-0.1163849688415336
chr14,11,7,2,-0.17608774579578368
chr14,11,8,2,-0.0005519567112617363
chr14,11,9,2,-0.06003866554611603
chr14,11,10,2,0.09241409538974654
chr14,11,11,2,0.15394195553350182
chr15,0,0,1,0.08245594351419405
chr15,0,1,1,0.10316968412271599
chr15,0,2,1,0.15361255975706256
chr15,0,3,1,0.005054017849532615
chr15,0,4,1,0.00030360087299153996
chr15,0,5,1,0.05683787492769132
chr15,0,6,1,-0.06211261934467727
chr15,0,7,1,0.09813945751105024
chr15,0,8,1,0.07269229090972118
chr15,0,9,1,0.11768857742526706
chr15,0,10,1,0.005706368787214162
chr15,0,11,1,0.1532562056822433
chr15,1,0,1,0.1116342641252327
chr15,1,1,1,0.3280147243184701
chr15,1,2,1,0.4122757615361895
chr15,1,3,1,0.2757269762030672
chr15,1,4,1,0.3900665958970787
chr15,1,5,1,0.21798724034002825
chr15,1,6,1,0.43339248579527617
chr15,1,7,1,0.10252875515392867
chr15,1,8,1,0.02686492394886031
chr15,1,9,1,0.19917410195938157
chr15,1,10,1,0.18192971054996765
chr15,1,11,1,0.40942720066223814
chr15,2,0,1,0.19877484443565274
chr15,2,1,1,0.28683471727051896
chr15,2,2,1,0.27288269096187157
chr15,2,3,1,-0.02235597011766277
chr15,2,4,1,0.23279718683766493
chr15,2,5,1,-0.4531512435419216
chr15,2,6,1,-0.014937022139451361
chr15,2,7,1,0.289584306084684
chr15,2,8,1,0.11408504597959102
chr15,2,9,1,0.11617525515811811
chr15,2,10,1,-0.053920713967776646
chr15,2,11,1,0.15748853390504203
chr15,3,0,1,0.0012439258848985224
chr15,3,1,1,0.1271164886227678
chr15,3,2,1,0.2464488973681418
chr15,3,3,1,0.21779666793133579
chr15,3,4,1,-0.019305704255987516
chr15,3,5,1,0.1385828395360815
chr15,3,6,1,0.0011526858008333862
chr15,3,7,1,0.09167465191600582
chr15,3,8,1,-0.034040508685035054
chr15,3,9,1,0.12798965000435225
chr15,3,10,1,-0.044218396906342106
chr15,3,11,1,0.09725715296076876
chr15,4,0,1,-0.2403577408048192
chr15,4,1,1,0.5433795177830116
chr15,4,2,1,0.22412709600391922
chr15,4,3,1,0.6377512885917843
chr15,4,4,1,0.38414983770943123
chr15,4,5,1,0.1838325417959798
chr15,4,6,1,0.14453340873466264
chr15,4,7,1,0.27147817240096606
chr15,4,8,1,-0.017403290001342775
chr15,4,9,1,0.16101094540740746
chr15,4,10,1,0.09615239290254463
chr15,4,11,1,0.378106672616476
chr15,5,0,1,0.017312324085006825
chr15,5,1,1,0.20428421981632727
chr15,5,2,1,0.0819684962795249
chr15,5,3,1,0.8995161607207516
chr15,5,4,1,0.34764136750533786
chr15,5,5,1,0.8107448579025057
chr15,5,6,1,0.46867596321473165
chr15,5,7,1,0.5593523766566068
chr15,5,8,1,0.024411261223389435
chr15,5,9,1,-0.025587602616953253
chr15,5,10,1,-0.04080460064113134
chr15,5,11,1,0.24839368260864703
chr15,6,0,1,-0.06304546521444421
chr15,6,1,1,0.16643414176112864
chr15,6,2,1,0.09376973284142354
chr15,6,3,1,0.17665840420273268
chr15,6,4,1,0.12403919627889984
chr15,6,5,1,0.16318248605654984
chr15,6,6,1,0.12018582372626824
chr15,6,7,1,-0.27168731216441055
chr15,6,8,1,0.043699936043038456
chr15,6,9,1,0.28152767099040943
chr15,6,10,1,0.1455471012670023
chr15,6,11,1,0.11819837982708123
chr15,7,0,1,0.18161591307127023
chr15,7,1,1,0.000457915599220706
chr15,7,2,1,-0.11637259067169248
chr15,7,3,1,0.006896497918351087
chr15,7,4,1,0.018078092593724643
chr15,7,5,1,-0.027960519145375923
chr15,7,6,1,0.05805849458240638
chr15,7,7,1,0.009089202916282894
chr15,7,8,1,0.027708770638398605
chr15,7,9,1,0.18104341651712152
chr15,7,10,1,0.0015125855271363015
chr15,7,11,1,0.03612359936901546
chr15,8,0,1,0.1893468112806188
chr15,8,1,1,-0.17669253295038045
chr15,8,2,1,0.04303692080780462
chr15,8,3,1,0.03214931636483276
chr15,8,4,1,0.041778528200063315
chr15,8,5,1,0.06567920494774757
chr15,8,6,1,0.1262745488714426
chr15,8,7,1,0.004454406128227543
chr15,8,8,1,0.052640838792276545
chr15,8,9,1,0.2055203729407411
chr15,8,10,1,-0.2984654249131151
chr15,8,11,1,0.004063116377437837
chr15,9,0,1,0.16882479368975178
chr15,9,1,1,0.19925011495660472
chr15,9,2,1,0.18397814945517366
chr15,9,3,1,0.11393244599391308
chr15,9,4,1,0.12995678927549834
chr15,9,5,1,0.05175695628925622
chr15,9,6,1,0.20670241624865293
chr15,9,7,1,0.01935487256518431
chr15,9,8,1,-0.052870190195258626
chr15,9,9,1,0.05053488330868072
chr15,9,10,1,-0.09168681029866477
chr15,9,11,1,0.059751310485880824
chr15,10,0,1,0.10457729938373506
chr15,10,1,1,0.2748146047473919
chr15,10,2,1,0.057583488166065955
chr15,10,3,1,0.07758045202387231
chr15,10,4,1,0.11795044444796597
chr15,10,5,1,0.03195811044557821
chr15,10,6,1,0.1095014329225523
chr15,10,7,1,0.41485696727098637
chr15,10,8,1,0.10121102165470186
chr15,10,9,1,-0.011136061651672913
chr15,10,10,1,0.24098338730633218
chr15,10,11,1,0.124124350549121
chr15,11,0,1,0.10404402949094649
chr15,11,1,1,0.16844725380335668
chr15,11,2,1,0.15614645432148666
chr15,11,3,1,0.23632041108395369
chr15,11,4,1,0.58539389222878
chr15,11,5,1,0.05952662586500623
chr15,11,6,1,0.06986731732704882
chr15,11,7,1,0.3436173841275584
chr15,11,8,1,0.048685408796216856
chr15,11,9,1,-0.002784498992991935
chr15,11,10,1,0.14351911467100897
chr15,11,11,1,0.06953873724809712
chr16,0,0,1,-0.15495003133109353
chr16,0,1,1,-0.06858330388425893
chr16,0,2,1,-0.09074371508156331
chr16,0,3,1,-0.005929262220327414
chr16,0,4,1,0.0004784995154477681
chr16,0,5,1,-0.11481490631188751
chr16,0,6,1,-0.07226640447708166
chr16,0,7,1,-0.11888227617501168
chr16,0,8,1,-0.035789435967188754
chr16,0,9,1,-0.10301775814137437
chr16,0,10,1,0.0025409408604824824
chr16,0,11,1,-0.11224160396427352
chr16,1,0,1,-0.08151884778420326
chr16,1,1,1,-0.05764044429318438
chr16,1,2,1,0.009251669238479088
chr16,1,3,1,-0.0018288768428780244
chr16,1,4,1,-0.19935434392487103
chr16,1,5,1,-0.03677462544225696
chr16,1,6,1,0.04136740003845529
chr16,1,7,1,-0.07660338903777253
chr16,1,8,1,0.0030894380177511893
chr16,1,9,1,0.010716032311180457
chr16,1,10,1,-0.08335396037017095
chr16,1,11,1,-0.20913919186086516
chr16,2,0,1,-0.06959831450463538
chr16,2,1,1,0.025514677178234857
chr16,2,2,1,0.006826468973887501
chr16,2,3,1,-0.09501216130597179
chr16,2,4,1,-0.06581323598112376
chr16,2,5,1,-0.05169673693765553
chr16,2,6,1,-0.27981470005852893
chr16,2,7,1,-0.14359994546377164
chr16,2,8,1,0.107436383904705
chr16,2,9,1,-0.03556527258599873
chr16,2,10,1,-0.2634988370897088
chr16,2,11,1,-0.053435767373302356
chr16,3,0,1,0.0708250442792906
chr16,3,1,1,0.11695693598088375
chr16,3,2,1,-0.05166519631132804
chr16,3,3,1,0.16947992466057515
chr16,3,4,1,0.019420886833021234
chr16,3,5,1,-0.12107927188277257
chr16,3,6,1,-0.3379296006182475
chr16,3,7,1,-0.6652657150949488
chr16,3,8,1,0.03151902978756904
chr16,3,9,1,-0.19069073888732535
chr16,3,10,1,0.21357270165072195
chr16,3,11,1,-0.17545505845886
chr16,4,0,1,-0.14834076930499263
chr16,4,1,1,0.08842188375439312
chr16,4,2,1,0.002101711422102916
chr16,4,3,1,0.0025226491785516787
chr16,4,4,1,0.1069200845056083
chr16,4,5,1,0.0930431709083079
chr16,4,6,1,0.1404392129008667
chr16,4,7,1,0.16513297968011892
chr16,4,8,1,-0.024176965174092957
chr16,4,9,1,0.0593620111711507
chr16,4,10,1,0.1399942096150223
chr16,4,11,1,0.08668161898651824
chr16,5,0,1,-0.10081518063096206
chr16,5,1,1,-0.06399879787978857
chr16,5,2,1,0.16556622736119087
chr16,5,3,1,0.010030801857168883
chr16,5,4,1,0.07072516483878385
chr16,5,5,1,-0.2708342815556427
chr16,5,6,1,0.034035318244714285
chr16,5,7,1,-0.03682926429734959
chr16,5,8,1,-0.06366698509038926
chr16,5,9,1,-0.09662707910455215
chr16,5,10,1,0.2797447633906581
chr16,5,11,1,-0.11277078418410325
chr16,6,0,1,-0.20974309703199134
chr16,6,1,1,0.16641098166781595
chr16,6,2,1,-0.02363450679279444
chr16,6,3,1,0.06999766528756118
chr16,6,4,1,0.01983649046027236
chr16,6,5,1,0.026196861771334595
chr16,6,6,1,0.1002578970671831
chr16,6,7,1,-0.006750499903989016
chr16,6,8,1,-0.02281844501636021
chr16,6,9,1,-0.21159733272440706
chr16,6,10,1,0.05635970217441831
chr16,6,11,1,0.26759833664533583
chr16,7,0,1,0.21932132813113236
chr16,7,1,1,0.18333956591138967
chr16,7,2,1,-0.10090458956796577
chr16,7,3,1,-0.0008935470901529768
chr16,7,4,1,-0.010247998784408456
chr16,7,5,1,0.12544369589537352
chr16,7,6,1,0.1225816897269606
chr16,7,7,1,0.06683919545246425
chr16,7,8,1,-0.05834256903341706
chr16,7,9,1,0.006343454341261823
chr16,7,10,1,-0.18975747473537963
chr16,7,11,1,0.048574633186383775
chr16,8,0,1,-0.046899042411971514
chr16,8,1,1,0.2696712561200968
chr16,8,2,1,0.4330023124522895
chr16,8,3,1,-0.03263103814113755
chr16,8,4,1,-0.12649442251172938
chr16,8,5,1,0.03768220589629223
chr16,8,6,1,0.038817418101243756
chr16,8,7,1,0.0033828285404472833
chr16,8,8,1,0.00553777342343964
chr16,8,9,1,-0.04925545939527609
chr16,8,10,1,0.25997708932073976
chr16,8,11,1,0.017023230096549782
chr16,9,0,1,0.08185159328255376
chr16,9,1,1,0.02676708519779991
chr16,9,2,1,0.06290919285445973
chr16,9,3,1,-0.252100495536413
chr16,9,4,1,-0.09522991916364343
chr16,9,5,1,0.006180110048901774
chr16,9,6,1,-0.0890953529049876
chr16,9,7,1,0.0823424185656143
chr16,9,8,1,-0.045343058498582
chr16,9,9,1,0.045138794601997656
chr16,9,10,1,0.06751955010183008
chr16,9,11,1,0.013900592012962953
chr16,10,0,1,-0.17051506653763082
chr16,10,1,1,0.009320613165368474
chr16,10,2,1,-0.028414299518657926
chr16,10,3,1,0.03170327597721814
chr16,10,4,1,-0.010697152500059232
chr16,10,5,1,0.02557784382253897
chr16,10,6,1,-0.15408569280996728
chr16,10,7,1,-0.3429452895817162
chr16,10,8,1,0.028345592937161213
chr16,10,9,1,-0.04664380701024562
chr16,10,10,1,-0.03793413376720445
chr16,10,11,1,0.03600820727413495
chr16,11,0,1,-0.0424515732347297
chr16,11,1,1,-0.2875083338494342
chr16,11,2,1,-0.01719670736097889
chr16,11,3,1,-0.03765039536943943
chr16,11,4,1,-0.1743431546972522
chr16,11,5,1,0.010603319901772768
chr16,11,6,1,-0.15107368185759407
chr16,11,7,1,-0.21091931847667772
chr16,11,8,1,-0.05440364019018307
chr16,11,9,1,-0.04538621867070458
chr16,11,10,1,-0.1054919535871266
chr16,11,11,1,-0.10606040377369497
chr17,0,0,3,0.07907314741605675
chr17,0,1,3,0.05253034318663552
chr17,0,2,3,0.018101847197516136
chr17,0,3,3,0.0016069300857555514
chr17,0,4,3,-0.00011541185449733466
chr17,0,5,3,0.06663255673603023
chr17,0,6,3,-0.0544186369388869
chr17,0,7,3,0.03344805364816846
chr17,0,8,3,0.03020407105513745
chr17,0,9,3,0.06062232996500124
chr17,0,10,3,0.003516768551121202
chr17,0,11,3,0.024864697713021206
chr17,1,0,3,0.0807057872698459
chr17,1,1,3,-0.07043650693051505
chr17,1,2,3,-0.1488904003735129
chr17,1,3,3,-0.05224177425907106
chr17,1,4,3,-0.19199842751183827
chr17,1,5,3,-0.12577328264678933
chr17,1,6,3,0.016345480113158357
chr17,1,7,3,0.059310512740547584
chr17,1,8,3,0.010739004653777454
chr17,1,9,3,-0.0376443705748439
chr17,1,10,3,-0.026999869888885513
chr17,1,11,3,-0.08612328895011663
chr17,2,0,3,-0.055300598440247116
chr17,2,1,3,-0.10975879670483894
chr17,2,2,3,-0.07183318142060481
chr17,2,3,3,-0.10044912867435257
chr17,2,4,3,-0.07161350937523575
chr17,2,5,3,-0.016495103712884096
chr17,2,6,3,0.05506592731362023
chr17,2,7,3,-0.04428679234524069
chr17,2,8,3,-0.027804963653280595
chr17,2,9,3,-0.07449445286229306
chr17,2,10,3,-0.19527205444569598
chr17,2,11,3,-0.08727626428442098
chr17,3,0,3,0.19980462306907368
chr17,3,1,3,-0.03190403776064125
chr17,3,2,3,-0.14649873205819802
chr17,3,3,3,-0.13834618784986139
chr17,3,4,3,-0.04044935277265877
chr17,3,5,3,-0.3225806347675781
chr17,3,6,3,-0.05328941870834503
chr17,3,7,3,-0.07018158411139203
chr17,3,8,3,0.03694933557789951
chr17,3,9,3,-0.06417331702906336
chr17,3,10,3,0.013052258507262457
chr17,3,11,3,-0.23007467856742247
chr17,4,0,3,0.032619845416949844
chr17,4,1,3,-0.30313449708215395
chr17,4,2,3,-0.12493883074424984
chr17,4,3,3,-0.30852709288455377
chr17,4,4,3,-0.3363994294989505
chr17,4,5,3,-0.10655186671238048
chr17,4,6,3,-0.18391896795121673
chr17,4,7,3,-0.14936972236845675
chr17,4,8,3,0.020816936090523857
chr17,4,9,3,0.06387333225051028
chr17,4,10,3,0.059425250701599285
chr17,4,11,3,-0.22067069809641526
chr17,5,0,3,0.19152576020518056
chr17,5,1,3,-0.04140345337675352
chr17,5,2,3,-0.11200407787643056
chr17,5,3,3,-0.3599014314275159
chr17,5,4,3,-0.13995451610364187
chr17,5,5,3,-0.24334783442550934
chr17,5,6,3,-0.21736632932230196
chr17,5,7,3,-0.2316860928620095
chr17,5,8,3,0.05124787408967776
chr17,5,9,3,0.011692630963167935
chr17,5,10,3,-0.06647084859515695
chr17,5,11,3,-0.23413473845859348
chr17,6,0,3,0.0008086437893675876
chr17,6,1,3,-0.02245846984608064
chr17,6,2,3,-0.032313526378505986
chr17,6,3,3,0.020990502118765717
chr17,6,4,3,-0.028971967981405566
chr17,6,5,3,-0.016029071138583893
chr17,6,6,3,0.002454577200076666
chr17,6,7,3,-0.07809415947883817
chr17,6,8,3,0.011040118766097598
chr17,6,9,3,0.26554048672000236
chr17,6,10,3,-0.012042068344118301
chr17,6,11,3,0.027220948064016034
chr17,7,0,3,-0.041140138863989116
chr17,7,1,3,1.3860857555506591e-06
chr17,7,2,3,-0.0366082942863876
chr17,7,3,3,-0.0003064039997515069
chr17,7,4,3,-0.01099403285402418
chr17,7,5,3,-0.111001031897692
chr17,7,6,3,-0.003739493889399511
chr17,7,7,3,-0.00028912829023996334
chr17,7,8,3,0.0062901821524930695
chr17,7,9,3,-0.01563538472279824
chr17,7,10,3,-3.918356300822516e-05
chr17,7,11,3,-0.00445286077791224
chr17,8,0,3,0.06535657932039933
chr17,8,1,3,-0.0037299154836695214
chr17,8,2,3,-0.01971409335443546
chr17,8,3,3,-0.0009809906600802025
chr17,8,4,3,-0.002953894699315495
chr17,8,5,3,0.0005174972961267772
chr17,8,6,3,-0.005239696136592563
chr17,8,7,3,0.0010074276197034014
chr17,8,8,3,-0.041144804189851
chr17,8,9,3,0.04837830905643011
chr17,8,10,3,0.0322184168986159
chr17,8,11,3,0.0005149589744479345
chr17,9,0,3,-0.009132428854539429
chr17,9,1,3,0.1255082275445442
chr17,9,2,3,0.18445395016992472
chr17,9,3,3,0.0017106063808704868
chr17,9,4,3,-0.044971230808561496
chr17,9,5,3,-0.031799163463424325
chr17,9,6,3,0.07514631897649905
chr17,9,7,3,-0.0772765925422811
chr17,9,8,3,-0.017502293650964267
chr17,9,9,3,0.13062020354825596
chr17,9,10,3,0.005161940751441644
chr17,9,11,3,-0.00540912329068017
chr17,10,0,3,0.12301977836312283
chr17,10,1,3,0.014473411720514473
chr17,10,2,3,-0.008579783892525117
chr17,10,3,3,0.022332110999013704
chr17,10,4,3,-0.047775074414405115
chr17,10,5,3,-0.006542053508334145
chr17,10,6,3,-0.023384743995098822
chr17,10,7,3,0.009774764766148006
chr17,10,8,3,0.06941942378482342
chr17,10,9,3,-0.007150147444686413
chr17,10,10,3,-0.04590210305453594
chr17,10,11,3,-0.02555856129234248
chr17,11,0,3,0.10062451707920723
chr17,11,1,3,0.09148020222849142
chr17,11,2,3,0.08742295264122875
chr17,11,3,3,-0.09852806469056129
chr17,11,4,3,0.14261378582948686
chr17,11,5,3,-0.1277889939416361
chr17,11,6,3,-0.06816910473127537
chr17,11,7,3,0.020189356282928023
chr17,11,8,3,0.10687503761037624
chr17,11,9,3,-0.024359466338326013
chr17,11,10,3,0.005166072744887451
chr17,11,11,3,-0.025030485915909544
chr19,0,0,1,0.19841593487947928
chr19,0,1,1,0.04586947444001099
chr19,0,2,1,0.09808759478462648
chr19,0,3,1,0.0037083725538249457
chr19,0,4,1,0.00038199484498697045
chr19,0,5,1,0.06471318322740971
chr19,0,6,1,0.1439080548320374
chr19,0,7,1,-0.010568947145642271
chr19,0,8,1,0.005445942532379511
chr19,0,9,1,0.09645122463003131
chr19,0,10,1,0.003521502772866749
chr19,0,11,1,0.1187400502262651
chr19,1,0,1,0.010925208423344213
chr19,1,1,1,-0.03488511437796982
chr19,1,2,1,0.016868223127181947
chr19,1,3,1,0.060776138876798114
chr19,1,4,1,0.04581596152606293
chr19,1,5,1,0.14705246024597307
chr19,1,6,1,-0.01751512058337623
chr19,1,7,1,0.029850743207733288
chr19,1,8,1,0.06589479757080652
chr19,1,9,1,0.06263804072359891
chr19,1,10,1,0.05256848335150388
chr19,1,11,1,0.08433987305877522
chr19,2,0,1,0.0954692309958991
chr19,2,1,1,0.11468370977931858
chr19,2,2,1,-0.01156942887274126
chr19,2,3,1,0.037750410702750425
chr19,2,4,1,0.003973612037350582
chr19,2,5,1,-0.16068857103320078
chr19,2,6,1,0.020934054704178612
chr19,2,7,1,0.0043324131936058885
chr19,2,8,1,0.04151714467356782
chr19,2,9,1,0.023912356154102143
chr19,2,10,1,0.006796223294630088
chr19,2,11,1,-0.055629875707607856
chr19,3,0,1,0.06011118072250954
chr19,3,1,1,0.19180217275095218
chr19,3,2,1,0.17413670251504598
chr19,3,3,1,0.2659632653445315
chr19,3,4,1,0.013619395269381815
chr19,3,5,1,-0.03168671519804538
chr19,3,6,1,-0.05252172593962556
chr19,3,7,1,-0.0008648101439965583
chr19,3,8,1,0.006625195987827626
chr19,3,9,1,-0.06554826328948593
chr19,3,10,1,0.06578989911778194
chr19,3,11,1,-0.01756668115549531
chr19,4,0,1,0.10333340410065972
chr19,4,1,1,0.18714341635268184
chr19,4,2,1,0.003761825177019059
chr19,4,3,1,0.0018846114631501255
chr19,4,4,1,-0.09864111720414642
chr19,4,5,1,0.18715065797771843
chr19,4,6,1,-0.07595078335244781
chr19,4,7,1,0.019584215776397067
chr19,4,8,1,0.001629492292550827
chr19,4,9,1,0.14629913976234743
chr19,4,10,1,0.12208038744348915
chr19,4,11,1,0.011951363707497794
chr19,5,0,1,-0.25803085324483666
chr19,5,1,1,-0.05485816738581761
chr19,5,2,1,0.04668170207480882
chr19,5,3,1,0.00088572581254361
chr19,5,4,1,-0.002357876342213922
chr19,5,5,1,-0.20018906936176728
chr19,5,6,1,0.051568657730674206
chr19,5,7,1,0.025540247931148497
chr19,5,8,1,-0.06628096957742113
chr19,5,9,1,0.245582107780405
chr19,5,10,1,-0.04009629699359851
chr19,5,11,1,0.35341822099920145
chr19,6,0,1,0.12968929946484276
chr19,6,1,1,0.0013161629638330993
chr19,6,2,1,-0.09351282516363241
chr19,6,3,1,0.024015381563248527
chr19,6,4,1,-0.03671607660615572
chr19,6,5,1,-0.039097525060922095
chr19,6,6,1,0.008568676877439053
chr19,6,7,1,0.1075628416153862
chr19,6,8,1,0.045449627094562794
chr19,6,9,1,-0.10459019319592022
chr19,6,10,1,0.008492963488346775
chr19,6,11,1,-0.03740210160090034
chr19,7,0,1,-0.16402338207884948
chr19,7,1,1,-0.10371924891292121
chr19,7,2,1,0.02418046553019504
chr19,7,3,1,-0.03998394895446229
chr19,7,4,1,-0.012239607090608987
chr19,7,5,1,-0.11438944103561652
chr19,7,6,1,-0.0036991445339712853
chr19,7,7,1,-0.002109719773468379
chr19,7,8,1,0.039969070622211555
chr19,7,9,1,-0.1106064612042027
chr19,7,10,1,-0.1496134120080903
chr19,7,11,1,-0.1080711073406726
chr19,8,0,1,-0.22161685692286037
chr19,8,1,1,0.34991126278380713
chr19,8,2,1,-0.5494745354443923
chr19,8,3,1,-0.0847491278138419
chr19,8,4,1,-0.1872709193634794
chr19,8,5,1,-0.022524237792536313
chr19,8,6,1,-0.053822039576646497
chr19,8,7,1,-0.006339481600929498
chr19,8,8,1,0.42877610013891765
chr19,8,9,1,-0.1749460023538213
chr19,8,10,1,0.2433272529734245
chr19,8,11,1,-0.021476092163756587
chr19,9,0,1,-0.03339288243963623
chr19,9,1,1,-0.028576888224774888
chr19,9,2,1,-0.18543751534979835
chr19,9,3,1,-0.6103336900666604
chr19,9,4,1,-0.06069644751951799
chr19,9,5,1,-0.0235132536648167
chr19,9,6,1,-0.04242462791546703
chr19,9,7,1,0.08272331481072548
chr19,9,8,1,0.2667922375655192
chr19,9,9,1,-0.1522970860552092
chr19,9,10,1,0.36206761718119707
chr19,9,11,1,-0.21903894366608867
chr19,10,0,1,-0.2546929441109279
chr19,10,1,1,-0.1917519046425843
chr19,10,2,1,-0.0734193440308355
chr19,10,3,1,-0.26414541097271815
chr19,10,4,1,-0.15532143769786239
chr19,10,5,1,-0.03902226399970639
chr19,10,6,1,0.005927687943624374
chr19,10,7,1,-0.19586990167809332
chr19,10,8,1,-0.1597722533047311
chr19,10,9,1,0.16755585989281852
chr19,10,10,1,-0.12974056633725328
chr19,10,11,1,-0.2220152347758962
chr19,11,0,1,-0.1720509545246055
chr19,11,1,1,0.31409044814870657
chr19,11,2,1,0.19715447380259565
chr19,11,3,1,0.13839344332726417
chr19,11,4,1,-0.07677786413819698
chr19,11,5,1,0.09648121551327427
chr19,11,6,1,-0.04883672562965741
chr19,11,7,1,0.04756746260374278
chr19,11,8,1,-0.11931876964028565
chr19,11,9,1,0.14132132133290398
chr19,11,10,1,0.04443776473310379
chr19,11,11,1,-0.10365338157283971
chr2,0,0,10,-0.03348755976966104
chr2,0,1,10,-0.0273484055875177
chr2,0,2,10,-0.025927549478264856
chr2,0,3,10,-0.0034089018194869173
chr2,0,4,10,0.0001029596688161782
chr2,0,5,10,-0.010848554673708733
chr2,0,6,10,-0.0004301940217010136
chr2,0,7,10,0.04104135013618968
chr2,0,8,10,-0.021439061763099267
chr2,0,9,10,-0.03362830458271806
chr2,0,10,10,-0.010340228273138774
chr2,0,11,10,-0.016922175417803376
chr2,1,0,10,-0.017677528147308087
chr2,1,1,10,0.06206814903062756
chr2,1,2,10,-0.006840736204890746
chr2,1,3,10,0.04527517229579044
chr2,1,4,10,0.08012238621726404
chr2,1,5,10,-0.025837074209349553
chr2,1,6,10,0.10469015372432829
chr2,1,7,10,-0.016373543529580592
chr2,1,8,10,-0.0486832600009758
chr2,1,9,10,-0.021053715291029985
chr2,1,10,10,-0.0145038264182616
chr2,1,11,10,0.0457452945671528
chr2,2,0,10,0.01004592065546761
chr2,2,1,10,0.15960166068605694
chr2,2,2,10,-0.015758262163147806
chr2,2,3,10,0.07705510957216267
chr2,2,4,10,0.010660395441022357
chr2,2,5,10,0.03420222259603749
chr2,2,6,10,0.05319830805553368
chr2,2,7,10,0.015690061379419383
chr2,2,8,10,-0.021511275059241684
chr2,2,9,10,-0.004905879711312511
chr2,2,10,10,-0.06219333653580261
chr2,2,11,10,0.06695666796375573
chr2,3,0,10,-0.06858484059001305
chr2,3,1,10,-0.04593965448266782
chr2,3,2,10,0.08997823123064722
chr2,3,3,10,-0.013002415834358471
chr2,3,4,10,-0.032071355358027444
chr2,3,5,10,-0.0038637523844009024
chr2,3,6,10,0.006444857237845286
chr2,3,7,10,-0.006288270663399027
chr2,3,8,10,-0.019681949904600194
chr2,3,9,10,0.006580570111694123
chr2,3,10,10,-0.09613571605688159
chr2,3,11,10,-0.05006759700340868
chr2,4,0,10,-0.048094469369344736
chr2,4,1,10,-0.13691612221246302
chr2,4,2,10,-0.02431336938442683
chr2,4,3,10,-0.058520904766335126
chr2,4,4,10,-0.05274371394458728
chr2,4,5,10,-0.0711389552016097
chr2,4,6,10,-0.09947051517941509
chr2,4,7,10,-0.03782972571092226
chr2,4,8,10,-0.046931775068709644
chr2,4,9,10,-0.004682113566578883
chr2,4,10,10,-0.009190050288163509
chr2,4,11,10,-0.06861864866168091
chr2,5,0,10,-0.08980548320311155
chr2,5,1,10,-0.013325223875669756
chr2,5,2,10,-0.07635312132688087
chr2,5,3,10,-0.08211236327640246
chr2,5,4,10,-0.0603378317295842
chr2,5,5,10,-0.003682076085456451
chr2,5,6,10,-0.04233176202222084
chr2,5,7,10,-0.02474824658661895
chr2,5,8,10,-0.018361754647147364
chr2,5,9,10,0.00870022023574547
chr2,5,10,10,-0.015871857718310046
chr2,5,11,10,-0.010202467064936193
chr2,6,0,10,-0.017326712513039667
chr2,6,1,10,-0.03195533200624442
chr2,6,2,10,-0.01976256712871551
chr2,6,3,10,0.0011941311197455403
chr2,6,4,10,-0.039366437027522745
chr2,6,5,10,-0.06419892179563076
chr2,6,6,10,-0.04203927715859221
chr2,6,7,10,-0.041340534248834514
chr2,6,8,10,-0.02149048620309949
chr2,6,9,10,0.027260565955142924
chr2,6,10,10,-0.026637794285673543
chr2,6,11,10,0.0016587605552074475
chr2,7,0,10,-0.024032853761144102
chr2,7,1,10,0.11986017453213056
chr2,7,2,10,0.03250143817716217
chr2,7,3,10,0.03841346820490059
chr2,7,4,10,0.003603188631323505
chr2,7,5,10,0.01341230876104777
chr2,7,6,10,0.004523286667578489
chr2,7,7,10,0.007215611349327737
chr2,7,8,10,-0.00032210230031542997
chr2,7,9,10,0.09925015977532378
chr2,7,10,10,0.02154344312561223
chr2,7,11,10,0.06897942021545164
chr2,8,0,10,-0.019073213645810817
chr2,8,1,10,0.02479986901123643
chr2,8,2,10,0.01132683121177137
chr2,8,3,10,0.04232190028281265
chr2,8,4,10,0.025228932194464482
chr2,8,5,10,0.0045652216927970215
chr2,8,6,10,-0.02842696457432206
chr2,8,7,10,-0.0014596197732589897
chr2,8,8,10,0.01562710201950499
chr2,8,9,10,-0.03653316893462126
chr2,8,10,10,0.06314273565778908
chr2,8,11,10,0.008465897254956209
chr2,9,0,10,0.0010921048872417516
chr2,9,1,10,-0.03329037221527294
chr2,9,2,10,-0.02171377428855954
chr2,9,3,10,0.06017909923955418
chr2,9,4,10,0.02196525904304058
chr2,9,5,10,-0.005577659915149377
chr2,9,6,10,0.012431111005113297
chr2,9,7,10,-0.0031124080210834667
chr2,9,8,10,-0.03406333784106482
chr2,9,9,10,-0.013628905455408857
chr2,9,10,10,-0.04817062716748056
chr2,9,11,10,0.05159272048432947
chr2,10,0,10,-0.07544743364219157
chr2,10,1,10,-0.0005214532075876243
chr2,10,2,10,0.02235707585658354
chr2,10,3,10,0.0473497186224238
chr2,10,4,10,0.005700806827544981
chr2,10,5,10,-0.010050077714964568
chr2,10,6,10,-0.03673689421126323
chr2,10,7,10,-0.012087544819755658
chr2,10,8,10,-0.027842838613383457
chr2,10,9,10,-0.026461696780148158
chr2,10,10,10,-0.0740012972502673
chr2,10,11,10,0.026374345312719916
chr2,11,0,10,-0.02739124415273615
chr2,11,1,10,-0.09097461838203205
chr2,11,2,10,-0.04836397185839675
chr2,11,3,10,0.0334935166256466
chr2,11,4,10,-0.08618437907591636
chr2,11,5,10,-0.034557111250477716
chr2,11,6,10,0.002323936053909373
chr2,11,7,10,-0.03646677547678508
chr2,11,8,10,-0.04583040185704897
chr2,11,9,10,-0.041491037885863294
chr2,11,10,10,-0.0874389599229944
chr2,11,11,10,0.030979164202778464
chr20,0,0,3,-0.0329554743681153
chr20,0,1,3,-0.036321030391605134
chr20,0,2,3,-0.0491563222663343
chr20,0,3,3,-0.001120309958784702
chr20,0,4,3,5.623010125157396e-05
chr20,0,5,3,-0.018830069926780452
chr20,0,6,3,0.038929470251185094
chr20,0,7,3,-0.08818653766252693
chr20,0,8,3,-0.023639434615093546
chr20,0,9,3,-0.0514970562593855
chr20,0,10,3,-0.002519073853616579
chr20,0,11,3,-0.06576860519804732
chr20,1,0,3,-0.09207806401108709
chr20,1,1,3,-0.01825448810774503
chr20,1,2,3,-0.06050397573338195
chr20,1,3,3,-0.06985624768545491
chr20,1,4,3,0.015996716965143192
chr20,1,5,3,-0.01009749293162939
chr20,1,6,3,-0.1287568195384787
chr20,1,7,3,0.0623982444771913
chr20,1,8,3,0.029768605484748762
chr20,1,9,3,-0.03535261806483007
chr20,1,10,3,-0.03859708142615881
chr20,1,11,3,-0.056000217367452976
chr20,2,0,3,-0.013524239097886212
chr20,2,1,3,-0.13989570517088662
chr20,2,2,3,-0.012582570585688754
chr20,2,3,3,-0.03189454644620393
chr20,2,4,3,-0.075686560439656
chr20,2,5,3,0.056034320389492055
chr20,2,6,3,-0.08973699613628099
chr20,2,7,3,-0.039911689046273104
chr20,2,8,3,0.001048855775537742
chr20,2,9,3,-0.018434898119030874
chr20,2,10,3,-0.06869905076871619
chr20,2,11,3,-0.041338667993841595
chr20,3,0,3,-0.12304324579729775
chr20,3,1,3,-0.061924975438170694
chr20,3,2,3,-0.04792274057363973
chr20,3,3,3,-0.1196685760883448
chr20,3,4,3,-0.0014897522107858718
chr20,3,5,3,0.02738670505599085
chr20,3,6,3,-0.09258445488965301
chr20,3,7,3,0.07979032490249587
chr20,3,8,3,-0.06431500956144072
chr20,3,9,3,0.008452410928240653
chr20,3,10,3,-0.07517854261234065
chr20,3,11,3,0.05288979698084021
chr20,4,0,3,0.01033558771810176
chr20,4,1,3,-0.007361006091438846
chr20,4,2,3,0.001748703574188568
chr20,4,3,3,-0.0077503397863811115
chr20,4,4,3,0.030136320898896913
chr20,4,5,3,-0.07254885496395143
chr20,4,6,3,0.038138857591816684
chr20,4,7,3,0.043898390728144686
chr20,4,8,3,-0.09474715777095859
chr20,4,9,3,0.016319803607653876
chr20,4,10,3,-0.07611368634574593
chr20,4,11,3,0.003907195453492506
chr20,5,0,3,-0.010751929087036519
chr20,5,1,3,-0.010548900402621278
chr20,5,2,3,-0.020608091299098533
chr20,5,3,3,-0.0007965839238629734
chr20,5,4,3,-0.00405031105915086
chr20,5,5,3,0.03133141315950803
chr20,5,6,3,0.0036209892412109646
chr20,5,7,3,-0.0029077547660761433
chr20,5,8,3,-0.005904788520343707
chr20,5,9,3,-0.01964255444596689
chr20,5,10,3,-0.0905499070254145
chr20,5,11,3,-0.005181731381451171
chr20,6,0,3,0.007605417582554286
chr20,6,1,3,-0.011969117617394323
chr20,6,2,3,0.048068376064870945
chr20,6,3,3,-0.030705121128397433
chr20,6,4,3,-0.012295360902765196
chr20,6,5,3,-0.06055790360589872
chr20,6,6,3,0.007785277117748952
chr20,6,7,3,-0.04710647141185281
chr20,6,8,3,0.003474626609130005
chr20,6,9,3,-0.05309980773954737
chr20,6,10,3,0.0019384448220149144
chr20,6,11,3,-0.06742550682859794
chr20,7,0,3,-0.08288632025771514
chr20,7,1,3,0.09754422628981181
chr20,7,2,3,-0.023894455344602623
chr20,7,3,3,0.03166813425491514
chr20,7,4,3,-0.003612127145700755
chr20,7,5,3,-0.09040935566967168
chr20,7,6,3,-0.005263097300682862
chr20,7,7,3,0.012107551026099499
chr20,7,8,3,-0.021677099059070743
chr20,7,9,3,-0.08181392681620929
chr20,7,10,3,-0.028926992727135226
chr20,7,11,3,-0.023453028336110335
chr20,8,0,3,-0.04483346963799265
chr20,8,1,3,0.08190430907263539
chr20,8,2,3,-0.2125878187833841
chr20,8,3,3,-0.024034332210366067
chr20,8,4,3,-0.04843386712813679
chr20,8,5,3,-0.009117589071248456
chr20,8,6,3,-0.02101013862837764
chr20,8,7,3,-0.0022341664611355483
chr20,8,8,3,0.03990165158004918
chr20,8,9,3,-0.02744796923630329
chr20,8,10,3,0.12768302914713628
chr20,8,11,3,-0.0006226395642922608
chr20,9,0,3,-0.0411016507824619
chr20,9,1,3,-0.009073935470235939
chr20,9,2,3,0.003492376372308407
chr20,9,3,3,-0.12259685891572523
chr20,9,4,3,-0.036645872673453976
chr20,9,5,3,-0.008996493748584309
chr20,9,6,3,-0.008601133738728275
chr20,9,7,3,-0.0022400624855995663
chr20,9,8,3,0.009183208256140496
chr20,9,9,3,-0.06756074526090323
chr20,9,10,3,0.20992620640057144
chr20,9,11,3,-0.027833378336525966
chr20,10,0,3,-0.08997179798103587
chr20,10,1,3,-0.0807035720081601
chr20,10,2,3,-0.0827840302830695
chr20,10,3,3,-0.061107673167948934
chr20,10,4,3,-0.03956517781351076
chr20,10,5,3,-0.012450288755054514
chr20,10,6,3,0.010238701476040155
chr20,10,7,3,-0.06612377178946637
chr20,10,8,3,-0.0757340281585877
chr20,10,9,3,0.01512872621987212
chr20,10,10,3,0.017802603389183897
chr20,10,11,3,-0.03189030752659834
chr20,11,0,3,-0.0912726852663377
chr20,11,1,3,-0.0813128928921422
chr20,11,2,3,-0.1789386146327334
chr20,11,3,3,-0.001429141536146511
chr20,11,4,3,-0.18664240611304975
chr20,11,5,3,0.03197028051291476
chr20,11,6,3,-0.02094244995892373
chr20,11,7,3,0.05668311041884113
chr20,11,8,3,-0.10971769690040023
chr20,11,9,3,-0.02867360561586348
chr20,11,10,3,-0.08246234080700114
chr20,11,11,3,-0.11175803467078493
chr22,0,0,1,0.003006743633923059
chr22,0,1,1,-0.004745065687657979
chr22,0,2,1,0.0353647539643831
chr22,0,3,1,0.025650590997680023
chr22,0,4,1,0.001157527724540532
chr22,0,5,1,-0.0422278708048367
chr22,0,6,1,0.05460757077797551
chr22,0,7,1,-0.051504378458736344
chr22,0,8,1,-0.03481814240503178
chr22,0,9,1,-0.01092422444065555
chr22,0,10,1,0.06509502983726412
chr22,0,11,1,0.037452505206739595
chr22,1,0,1,-0.5221590151467801
chr22,1,1,1,0.5472039001996936
chr22,1,2,1,0.7916070880099523
chr22,1,3,1,-0.04774921264725884
chr22,1,4,1,0.5133917723301362
chr22,1,5,1,-0.21325029036206367
chr22,1,6,1,0.7258360964021291
chr22,1,7,1,-0.048977972481499155
chr22,1,8,1,0.2121081676291754
chr22,1,9,1,-0.029287143469528543
chr22,1,10,1,-0.07591425690680409
chr22,1,11,1,0.7524246758760418
chr22,2,0,1,-0.2130953556183821
chr22,2,1,1,0.35741036228330214
chr22,2,2,1,-0.07076441404799838
chr22,2,3,1,0.19628641266577096
chr22,2,4,1,0.31597411197710823
chr22,2,5,1,0.4234555735196164
chr22,2,6,1,0.5050741379775378
chr22,2,7,1,-0.0023807053529735223
chr22,2,8,1,-0.09561927128472536
chr22,2,9,1,-0.05300461037864446
chr22,2,10,1,0.48374652707803456
chr22,2,11,1,0.7738852110109306
chr22,3,0,1,0.11719687670846379
chr22,3,1,1,0.562460486660289
chr22,3,2,1,0.3999014124798116
chr22,3,3,1,0.0835440478136612
chr22,3,4,1,0.21034975639947373
chr22,3,5,1,0.27003646587506186
chr22,3,6,1,0.05674073876517294
chr22,3,7,1,0.5114278852115265
chr22,3,8,1,-0.07065003737738751
chr22,3,9,1,-0.13822376687900784
chr22,3,10,1,0.42979493403192287
chr22,3,11,1,-0.4963466701204756
chr22,4,0,1,-0.042794991468825816
chr22,4,1,1,-0.5941859828840146
chr22,4,2,1,-0.19592238641791423
chr22,4,3,1,-0.05606906484308636
chr22,4,4,1,0.18305666131105813
chr22,4,5,1,0.1775072359763924
chr22,4,6,1,-0.3004418523248018
chr22,4,7,1,-0.02127992416341834
chr22,4,8,1,-0.1443750699644042
chr22,4,9,1,-0.16535820445782312
chr22,4,10,1,-0.20285072940401017
chr22,4,11,1,0.013397130844173669
chr22,5,0,1,-0.24058867514158022
chr22,5,1,1,-0.141635320903028
chr22,5,2,1,-0.2471954433602054
chr22,5,3,1,0.0008274378521663638
chr22,5,4,1,0.05296873326191707
chr22,5,5,1,-0.013807418680832129
chr22,5,6,1,0.12184969950270705
chr22,5,7,1,0.033551578917792396
chr22,5,8,1,-0.10486316867157708
chr22,5,9,1,-0.19121582550603677
chr22,5,10,1,-0.18323673929321918
chr22,5,11,1,-0.4574874755877664
chr22,6,0,1,-0.007933033135288925
chr22,6,1,1,0.00135569308468525
chr22,6,2,1,0.1763100165244501
chr22,6,3,1,0.6430506991036856
chr22,6,4,1,-0.020027721039573315
chr22,6,5,1,0.09858660499087077
chr22,6,6,1,0.1835487877273996
chr22,6,7,1,-0.12639471228841004
chr22,6,8,1,0.0018578722857385266
chr22,6,9,1,0.3963143689950639
chr22,6,10,1,0.14313180890851943
chr22,6,11,1,0.29843329596537715
chr22,7,0,1,-0.15867430584694753
chr22,7,1,1,-0.5759878787584387
chr22,7,2,1,0.05824696621039582
chr22,7,3,1,-0.858220902762991
chr22,7,4,1,-0.985596792996394
chr22,7,5,1,-0.5523744769369227
chr22,7,6,1,-0.4882805564270878
chr22,7,7,1,-0.9077185012641635
chr22,7,8,1,-0.0160815764296266
chr22,7,9,1,-0.09260913257029801
chr22,7,10,1,-0.5652815240995348
chr22,7,11,1,-0.8561114431466252
chr22,8,0,1,0.14503562277394677
chr22,8,1,1,-0.09827190173207412
chr22,8,2,1,-0.12101681290906341
chr22,8,3,1,-0.9066035280049368
chr22,8,4,1,-0.5319675289874746
chr22,8,5,1,-0.5113285646238995
chr22,8,6,1,-0.9007397862566587
chr22,8,7,1,-0.7233323345095706
chr22,8,8,1,-0.08103598323937666
chr22,8,9,1,-0.12798838135069357
chr22,8,10,1,-0.15814537931635753
chr22,8,11,1,-0.6066679086002666
chr22,9,0,1,-0.09112556280310324
chr22,9,1,1,0.15138785281437184
chr22,9,2,1,0.1977317729916488
chr22,9,3,1,-0.447632901367379
chr22,9,4,1,-0.7293269366998152
chr22,9,5,1,-0.8289265644434536
chr22,9,6,1,-0.11284810498538328
chr22,9,7,1,-0.47319867134808496
chr22,9,8,1,0.0006953057119090111
chr22,9,9,1,-0.14770302294199966
chr22,9,10,1,-0.008815907145571789
chr22,9,11,1,-0.6325014464380969
chr22,10,0,1,0.07702703212213502
chr22,10,1,1,0.5358820275026304
chr22,10,2,1,0.134418614458087
chr22,10,3,1,-0.7061847369052079
chr22,10,4,1,-0.48141038332671193
chr22,10,5,1,-0.06823727243353392
chr22,10,6,1,-0.0323867770177631
chr22,10,7,1,0.207199156287372
chr22,10,8,1,-0.15473472677176514
chr22,10,9,1,0.0028119559048247478
chr22,10,10,1,-0.014550665938735996
chr22,10,11,1,-0.3404359738117496
chr22,11,0,1,-0.18558585209809775
chr22,11,1,1,0.12790176697353117
chr22,11,2,1,-0.013423595868832572
chr22,11,3,1,-0.32527867359501694
chr22,11,4,1,-0.16545363421387893
chr22,11,5,1,-0.21046503644524683
chr22,11,6,1,-0.245861611590398
chr22,11,7,1,0.28387588288020504
chr22,11,8,1,-0.11105461414863993
chr22,11,9,1,-0.03288683203305098
chr22,11,10,1,-0.050949599883067354
chr22,11,11,1,-0.11471561005313813
chr3,0,0,3,0.0017908069633344088
chr3,0,1,3,0.022960382989941037
chr3,0,2,3,0.006667105297474385
chr3,0,3,3,0.002209933781549415
chr3,0,4,3,0.00018197295914298408
chr3,0,5,3,0.04869266942024612
chr3,0,6,3,0.00910884733837288
chr3,0,7,3,0.08370181154325611
chr3,0,8,3,-0.0013997650803403057
chr3,0,9,3,-0.0013424913839931163
chr3,0,10,3,0.00694680945992835
chr3,0,11,3,0.013330570182340962
chr3,1,0,3,0.04069031422636563
chr3,1,1,3,-0.14166861029332378
chr3,1,2,3,-0.06634757959819608
chr3,1,3,3,-0.06226278234415922
chr3,1,4,3,0.03660479002903453
chr3,1,5,3,-0.1289622935577759
chr3,1,6,3,-0.015063230617883764
chr3,1,7,3,-0.03900556138435755
chr3,1,8,3,0.04094021575683241
chr3,1,9,3,-0.058646782915958116
chr3,1,10,3,-0.050620655862870824
chr3,1,11,3,-0.07130562098085054
chr3,2,0,3,-0.0498744030284182
chr3,2,1,3,0.1029073461074761
chr3,2,2,3,0.06756435023342518
chr3,2,3,3,0.13344365280576592
chr3,2,4,3,-0.01453931700141233
chr3,2,5,3,0.17389789715978768
chr3,2,6,3,-0.025314669414125857
chr3,2,7,3,0.010640067935759076
chr3,2,8,3,-0.05199045657195248
chr3,2,9,3,-0.010600160159665917
chr3,2,10,3,-0.1556674008948165
chr3,2,11,3,0.10367706235226605
chr3,3,0,3,0.05117421762464499
chr3,3,1,3,0.11639756661821556
chr3,3,2,3,0.05285485063116219
chr3,3,3,3,-0.03142486395620266
chr3,3,4,3,-0.00471276010286414
chr3,3,5,3,0.022205753336565354
chr3,3,6,3,0.022049720925923628
chr3,3,7,3,0.037538489553812664
chr3,3,8,3,0.02946442107662343
chr3,3,9,3,0.10298901829916611
chr3,3,10,3,0.0016408161989442578
chr3,3,11,3,0.0034394838375297887
chr3,4,0,3,-0.09754777452331809
chr3,4,1,3,0.08946412178823974
chr3,4,2,3,0.002822116326390649
chr3,4,3,3,0.0010176135856674758
chr3,4,4,3,0.10353146186726796
chr3,4,5,3,0.24870102955966192
chr3,4,6,3,0.29490389840457026
chr3,4,7,3,0.06436532746607186
chr3,4,8,3,0.019555387588098383
chr3,4,9,3,0.07772849317739154
chr3,4,10,3,-0.02821858135898662
chr3,4,11,3,0.017736482419781704
chr3,5,0,3,0.08177740082586837
chr3,5,1,3,-0.021548276700712465
chr3,5,2,3,0.08668993601725061
chr3,5,3,3,0.0009101286158019311
chr3,5,4,3,0.014903550229272639
chr3,5,5,3,-0.09933372553967014
chr3,5,6,3,0.019178610990710807
chr3,5,7,3,0.01550534139647444
chr3,5,8,3,-0.013862742283787107
chr3,5,9,3,0.03535912214894384
chr3,5,10,3,0.026413531786900462
chr3,5,11,3,0.12457067595106959
chr3,6,0,3,0.024858078619879913
chr3,6,1,3,-0.02708281891832418
chr3,6,2,3,0.11807248745299041
chr3,6,3,3,0.07353201508203229
chr3,6,4,3,0.017194717784863946
chr3,6,5,3,0.021532195454356137
chr3,6,6,3,0.026099849273149164
chr3,6,7,3,-0.09835404445853739
chr3,6,8,3,-0.03504384549408394
chr3,6,9,3,0.011349484240419113
chr3,6,10,3,-0.0108417788815426
chr3,6,11,3,0.025310523755034856
chr3,7,0,3,0.11247883134264297
chr3,7,1,3,-0.05205036568942519
chr3,7,2,3,0.009328858606027798
chr3,7,3,3,-0.016602385597359697
chr3,7,4,3,-0.004381718054854429
chr3,7,5,3,0.06925372739072337
chr3,7,6,3,-0.008782894250393988
chr3,7,7,3,-0.0030462486716978632
chr3,7,8,3,-0.005639379627140784
chr3,7,9,3,0.007338683375059792
chr3,7,10,3,-0.08585621439315426
chr3,7,11,3,-0.06606178496516267
chr3,8,0,3,0.15604262961846488
chr3,8,1,3,-0.034026010029068056
chr3,8,2,3,0.2596538110432477
chr3,8,3,3,-0.023872838092880086
chr3,8,4,3,0.0024115693202514618
chr3,8,5,3,0.002174132679004053
chr3,8,6,3,0.02612155800767123
chr3,8,7,3,-0.0002989474511198296
chr3,8,8,3,-0.10715039700605371
chr3,8,9,3,0.04429298434156248
chr3,8,10,3,0.04096684020698035
chr3,8,11,3,-0.0014664888400618464
chr3,9,0,3,0.033115370511269226
chr3,9,1,3,0.13606607658426936
chr3,9,2,3,0.13328053560352363
chr3,9,3,3,0.031094042878716255
chr3,9,4,3,0.016211203247550893
chr3,9,5,3,0.025223762496612904
chr3,9,6,3,0.09980815979367845
chr3,9,7,3,0.01667933547878031
chr3,9,8,3,-0.07327412882205268
chr3,9,9,3,0.051315316932877976
chr3,9,10,3,-0.19012960359077746
chr3,9,11,3,-0.07277079405004734
chr3,10,0,3,0.030831330649540023
chr3,10,1,3,0.05139004237838644
chr3,10,2,3,0.027627919288338076
chr3,10,3,3,0.049791764656665315
chr3,10,4,3,0.00689004514801532
chr3,10,5,3,0.02426385813894985
chr3,10,6,3,-0.049812113624066456
chr3,10,7,3,0.09287272880855567
chr3,10,8,3,0.07290324955649086
chr3,10,9,3,-0.09328224354842167
chr3,10,10,3,-0.01665533213970305
chr3,10,11,3,-0.009084695764218642
chr3,11,0,3,0.05369915141649876
chr3,11,1,3,-0.03368236432520829
chr3,11,2,3,0.01828363589458633
chr3,11,3,3,-0.09525816740912835
chr3,11,4,3,0.07362619377059067
chr3,11,5,3,-0.03380222410865206
chr3,11,6,3,-0.023599784114093515
chr3,11,7,3,0.06597120162097547
chr3,11,8,3,0.03668574555922129
chr3,11,9,3,-0.07043419082161691
chr3,11,10,3,-0.01815380457817391
chr3,11,11,3,0.03558728212690523
chr4,0,0,4,-0.06774512552579934
chr4,0,1,4,-0.03688877715447386
chr4,0,2,4,-0.03795283167774846
chr4,0,3,4,-0.00046212473373425256
chr4,0,4,4,0.00015028450525439506
chr4,0,5,4,0.036206447029078576
chr4,0,6,4,0.06387131939797067
chr4,0,7,4,-0.0698971550362904
chr4,0,8,4,-0.014963189826795398
chr4,0,9,4,-0.04050387750562304
chr4,0,10,4,0.005052709468894325
chr4,0,11,4,-0.02680193826194885
chr4,1,0,4,0.03187584437702981
chr4,1,1,4,-0.09903291592619043
chr4,1,2,4,-0.015966805946782674
chr4,1,3,4,-0.016152699130805442
chr4,1,4,4,-0.06264239302263785
chr4,1,5,4,-0.08781371410980451
chr4,1,6,4,-0.05516201853021184
chr4,1,7,4,-0.1191622295804026
chr4,1,8,4,-0.0815086277868719
chr4,1,9,4,-0.06418722029166951
chr4,1,10,4,-0.06446216624259299
chr4,1,11,4,-0.27789369834277466
chr4,2,0,4,-0.1482449560502358
chr4,2,1,4,-0.1220663332122977
chr4,2,2,4,-0.16538852500880757
chr4,2,3,4,-0.12742637753709116
chr4,2,4,4,-0.005664778246210214
chr4,2,5,4,0.0663444363413336
chr4,2,6,4,0.025230427514093885
chr4,2,7,4,-0.0264837415526768
chr4,2,8,4,-0.0717297455900601
chr4,2,9,4,-0.09582248559000531
chr4,2,10,4,0.22481563108335195
chr4,2,11,4,-0.05373199178648474
chr4,3,0,4,0.16706105480863484
chr4,3,1,4,0.22372492314287648
chr4,3,2,4,0.025412392095474634
chr4,3,3,4,0.015624686003861243
chr4,3,4,4,0.05688484387695787
chr4,3,5,4,0.131352709250216
chr4,3,6,4,0.009033997163141516
chr4,3,7,4,0.031650222607814374
chr4,3,8,4,-0.05262479135313777
chr4,3,9,4,0.004401789025118896
chr4,3,10,4,0.28608370923024995
chr4,3,11,4,0.07966011252487998
chr4,4,0,4,0.011921815644091144
chr4,4,1,4,0.062041270324750125
chr4,4,2,4,-0.026011333475724353
chr4,4,3,4,-0.008837128916172634
chr4,4,4,4,0.12322254376998647
chr4,4,5,4,0.08210802427213992
chr4,4,6,4,0.22295026854662536
chr4,4,7,4,0.03925405296154373
chr4,4,8,4,0.10049559685970816
chr4,4,9,4,0.07815123753868569
chr4,4,10,4,0.03664222745820467
chr4,4,11,4,0.058409608483017496
chr4,5,0,4,0.01402166107388264
chr4,5,1,4,0.02036365667478135
chr4,5,2,4,0.06168873841226971
chr4,5,3,4,0.002596910493072371
chr4,5,4,4,0.0387384089761634
chr4,5,5,4,-0.15731624783770295
chr4,5,6,4,0.02066528755255298
chr4,5,7,4,-0.06710554308611724
chr4,5,8,4,-0.024330370969320753
chr4,5,9,4,-0.0449352951080719
chr4,5,10,4,0.09497058307244946
chr4,5,11,4,0.07208115472928267
chr4,6,0,4,-0.022265720649253723
chr4,6,1,4,-0.0350383204275138
chr4,6,2,4,0.002239827097072669
chr4,6,3,4,-0.018558044320622913
chr4,6,4,4,-0.014378668481497117
chr4,6,5,4,-0.0353788791394615
chr4,6,6,4,0.022981625274133714
chr4,6,7,4,-0.07831012458025875
chr4,6,8,4,-0.03616589389074268
chr4,6,9,4,-0.11750797723659526
chr4,6,10,4,-0.0183363757908871
chr4,6,11,4,-0.03371736719374888
chr4,7,0,4,0.04673184035036493
chr4,7,1,4,-0.09996656575685618
chr4,7,2,4,0.0325371686300468
chr4,7,3,4,-0.034195072187181486
chr4,7,4,4,-0.009525644933493041
chr4,7,5,4,-0.05667577045884373
chr4,7,6,4,0.03857763358262552
chr4,7,7,4,0.02812085859844362
chr4,7,8,4,-0.04783254448317914
chr4,7,9,4,-0.13735437387172073
chr4,7,10,4,-0.015593891729733023
chr4,7,11,4,-0.15066374386609832
chr4,8,0,4,0.09660734873508575
chr4,8,1,4,0.008122722362453705
chr4,8,2,4,-0.036836282645777346
chr4,8,3,4,-0.03995114909982404
chr4,8,4,4,-0.013080770451467327
chr4,8,5,4,-0.033491393092997326
chr4,8,6,4,0.11206678325671607
chr4,8,7,4,-0.0011174896122042033
chr4,8,8,4,-0.18906243047262525
chr4,8,9,4,0.10069569736305292
chr4,8,10,4,-0.08446624549102744
chr4,8,11,4,-9.46609235591275e-05
chr4,9,0,4,-0.10781107947580007
chr4,9,1,4,0.022498124627350402
chr4,9,2,4,-0.025785878605062262
chr4,9,3,4,-0.21790756284738516
chr4,9,4,4,0.005038819461804442
chr4,9,5,4,0.028719664425917012
chr4,9,6,4,-0.0596629587649655
chr4,9,7,4,0.03362375290450527
chr4,9,8,4,-0.015981074428126074
chr4,9,9,4,0.001004273114870391
chr4,9,10,4,0.040606601330702485
chr4,9,11,4,-0.08110648616732541
chr4,10,0,4,-0.03818521768432928
chr4,10,1,4,-0.06068397005039877
chr4,10,2,4,-0.010285059031690497
chr4,10,3,4,-0.058052711505209666
chr4,10,4,4,-0.07994429810184726
chr4,10,5,4,-0.014149748882354162
chr4,10,6,4,-0.05215327120726302
chr4,10,7,4,-0.04986828421118553
chr4,10,8,4,-0.02862008014775219
chr4,10,9,4,-0.004000208195340832
chr4,10,10,4,-0.044888614491160606
chr4,10,11,4,0.02472751544185877
chr4,11,0,4,-0.015905409031418405
chr4,11,1,4,-0.131598351031062
chr4,11,2,4,-0.01874799127303345
chr4,11,3,4,-0.14248716377204904
chr4,11,4,4,-0.12315069715505715
chr4,11,5,4,0.071279662386974
chr4,11,6,4,0.01182022557595408
chr4,11,7,4,0.0698434343125399
chr4,11,8,4,-0.04299709033732413
chr4,11,9,4,-0.00014837377738166624
chr4,11,10,4,-0.1666806087043309
chr4,11,11,4,-0.03948782611592348
chr5,0,0,6,0.10261526151927791
chr5,0,1,6,0.09597171549604035
chr5,0,2,6,0.0861271597943875
chr5,0,3,6,0.007331050586392521
chr5,0,4,6,0.0006883541585815073
chr5,0,5,6,0.06510899356005802
chr5,0,6,6,-0.014575819504490958
chr5,0,7,6,0.1394739129417115
chr5,0,8,6,0.059635454559615386
chr5,0,9,6,0.08760935694947014
chr5,0,10,6,0.006893640772438381
chr5,0,11,6,0.08313325515079217
chr5,1,0,6,0.027744959821151122
chr5,1,1,6,0.022860604583920197
chr5,1,2,6,-0.012483356006551738
chr5,1,3,6,0.019910591264633976
chr5,1,4,6,-0.05280547889787158
chr5,1,5,6,-0.06438569524183008
chr5,1,6,6,0.04437663366994021
chr5,1,7,6,0.04351634140608444
chr5,1,8,6,0.08658539605685346
chr5,1,9,6,0.007817561739129841
chr5,1,10,6,0.03931508197683934
chr5,1,11,6,-0.05130506571364588
chr5,2,0,6,-0.015675529184855985
chr5,2,1,6,0.021772795954250374
chr5,2,2,6,0.1004755818249284
chr5,2,3,6,-0.030014047853550812
chr5,2,4,6,-0.035113846523592195
chr5,2,5,6,0.1518012565100543
chr5,2,6,6,-0.008006866954679046
chr5,2,7,6,0.0034754736427332253
chr5,2,8,6,-0.01162911216292963
chr5,2,9,6,0.01220125829585661
chr5,2,10,6,-0.09407860957160517
chr5,2,11,6,0.10620660325332616
chr5,3,0,6,0.07965309336069669
chr5,3,1,6,-0.05876375885422292
chr5,3,2,6,0.13070788432687422
chr5,3,3,6,0.08106217678941531
chr5,3,4,6,-0.043338310646488465
chr5,3,5,6,-0.02083760430175444
chr5,3,6,6,0.1244181130938992
chr5,3,7,6,0.07139805308404278
chr5,3,8,6,0.0469548945440495
chr5,3,9,6,0.03629157644658096
chr5,3,10,6,-0.03790719646471603
chr5,3,11,6,0.03505422361862087
chr5,4,0,6,-0.08161444632246935
chr5,4,1,6,-0.13000516583318303
chr5,4,2,6,-0.0424842619560744
chr5,4,3,6,-0.1777503403833157
chr5,4,4,6,-0.08660968221740273
chr5,4,5,6,0.00768708311648944
chr5,4,6,6,-0.07000094021394539
chr5,4,7,6,-0.04296639917525819
chr5,4,8,6,-0.012812457002082426
chr5,4,9,6,0.006205036787903147
chr5,4,10,6,0.027270118524332514
chr5,4,11,6,-0.14114345000195924
chr5,5,0,6,0.16074267090072933
chr5,5,1,6,0.01606559284047271
chr5,5,2,6,0.056903902372985676
chr5,5,3,6,-0.1920948878329918
chr5,5,4,6,-0.09606151130297573
chr5,5,5,6,-0.07845571714197078
chr5,5,6,6,-0.0527618173806742
chr5,5,7,6,-0.07183561216137055
chr5,5,8,6,0.011374753519823496
chr5,5,9,6,0.0638374175321712
chr5,5,10,6,0.15829799011843296
chr5,5,11,6,0.17937912442541404
chr5,6,0,6,0.14156865051029396
chr5,6,1,6,-0.027643102451076706
chr5,6,2,6,0.1139365322318398
chr5,6,3,6,0.03685778228155157
chr5,6,4,6,0.005996258692690108
chr5,6,5,6,0.021457290285707
chr5,6,6,6,0.011501555465482911
chr5,6,7,6,0.01255028896384347
chr5,6,8,6,0.06040026602120505
chr5,6,9,6,0.1204445159618886
chr5,6,10,6,0.009761044486775068
chr5,6,11,6,0.009129135579693304
chr5,7,0,6,-0.06944224633104652
chr5,7,1,6,-0.00586856365845066
chr5,7,2,6,0.10258099257257103
chr5,7,3,6,0.007833844245716115
chr5,7,4,6,0.00644628114580259
chr5,7,5,6,-0.010624870531987374
chr5,7,6,6,-0.02461333526564714
chr5,7,7,6,-0.00927931960920455
chr5,7,8,6,0.07727616392121879
chr5,7,9,6,0.07456349220856912
chr5,7,10,6,-0.009298705210935542
chr5,7,11,6,-0.024893190876969225
chr5,8,0,6,-0.04684595039882594
chr5,8,1,6,0.13160612880307018
chr5,8,2,6,0.18203117794933818
chr5,8,3,6,0.0012779067293078445
chr5,8,4,6,0.006741347044348779
chr5,8,5,6,-0.004940105293260577
chr5,8,6,6,0.04396265578043335
chr5,8,7,6,0.0018972587830555776
chr5,8,8,6,0.08785069765586122
chr5,8,9,6,0.04412880991267076
chr5,8,10,6,0.22225876711724313
chr5,8,11,6,-0.00026916133070746404
chr5,9,0,6,0.10057413184543766
chr5,9,1,6,-0.05056459937722657
chr5,9,2,6,0.06940653951528374
chr5,9,3,6,-0.0034341701016392273
chr5,9,4,6,-0.021988311689092085
chr5,9,5,6,-0.030297658650674148
chr5,9,6,6,-0.09090851000534168
chr5,9,7,6,-0.027952556833729537
chr5,9,8,6,0.12045000747810096
chr5,9,9,6,-0.0038005505086315026
chr5,9,10,6,0.1409113457199456
chr5,9,11,6,0.013411225370799112
chr5,10,0,6,0.09949462567889954
chr5,10,1,6,0.05552997208887112
chr5,10,2,6,0.019953803242544643
chr5,10,3,6,0.023123774919206638
chr5,10,4,6,-0.002750297970200893
chr5,10,5,6,-0.00973757171663043
chr5,10,6,6,0.02544577815893979
chr5,10,7,6,0.03971738090751456
chr5,10,8,6,0.011700357492633576
chr5,10,9,6,0.12652207283718306
chr5,10,10,6,0.06857379580545529
chr5,10,11,6,0.008494711026254053
chr5,11,0,6,0.016862660465839636
chr5,11,1,6,0.19227934203815766
chr5,11,2,6,0.05514588103451403
chr5,11,3,6,0.050563306736848335
chr5,11,4,6,0.06272382887421678
chr5,11,5,6,0.051649393469552246
chr5,11,6,6,0.028475401556868552
chr5,11,7,6,0.10394982432141507
chr5,11,8,6,0.02305181733210691
chr5,11,9,6,0.10236264353236978
chr5,11,10,6,0.06677585295190665
chr5,11,11,6,0.18783242958872726
chr6,0,0,8,-0.08252386741591257
chr6,0,1,8,-0.04558858005781957
chr6,0,2,8,-0.03660611462107882
chr6,0,3,8,-0.0013059160060394982
chr6,0,4,8,0.00037302957291498085
chr6,0,5,8,0.023466551941741187
chr6,0,6,8,0.01437844403580335
chr6,0,7,8,0.02838495346010063
chr6,0,8,8,-0.038682292821735215
chr6,0,9,8,-0.05798389586716697
chr6,0,10,8,-0.005663556157670131
chr6,0,11,8,-0.05225365339889369
chr6,1,0,8,-0.05087375791369855
chr6,1,1,8,-0.03582375845147728
chr6,1,2,8,-0.08775054948832761
chr6,1,3,8,-0.0199710435509474
chr6,1,4,8,-0.07783170286198554
chr6,1,5,8,-0.029513845856312844
chr6,1,6,8,-0.11099245410286279
chr6,1,7,8,-0.01217390803338822
chr6,1,8,8,-0.08663311777736282
chr6,1,9,8,-0.06657903469522455
chr6,1,10,8,-0.01976557995454105
chr6,1,11,8,-0.06645564735173629
chr6,2,0,8,-0.007518252448470764
chr6,2,1,8,0.012916414024803716
chr6,2,2,8,-0.09785216412770138
chr6,2,3,8,-0.06105425559670367
chr6,2,4,8,-0.02937087301804564
chr6,2,5,8,-0.009700419175048977
chr6,2,6,8,0.01924157250635458
chr6,2,7,8,-0.07469482092276392
chr6,2,8,8,-0.06709381279471338
chr6,2,9,8,-0.03797503183711849
chr6,2,10,8,-0.12427142488030624
chr6,2,11,8,-0.01134257376233461
chr6,3,0,8,-0.08784103255301555
chr6,3,1,8,-0.11489567183676046
chr6,3,2,8,-0.0673695450019476
chr6,3,3,8,-0.011635155770547724
chr6,3,4,8,-0.04970541059762443
chr6,3,5,8,-0.251257866695024
chr6,3,6,8,-0.05597796410337891
chr6,3,7,8,-0.15652601012392248
chr6,3,8,8,0.060882987015821816
chr6,3,9,8,0.02498373334536297
chr6,3,10,8,-0.24403468163856432
chr6,3,11,8,-0.08680981334652785
chr6,4,0,8,-0.019656381429277017
chr6,4,1,8,-0.2288390897256105
chr6,4,2,8,-0.09791817828346946
chr6,4,3,8,-0.1948117860210281
chr6,4,4,8,-0.2394096712366742
chr6,4,5,8,-0.09064193969126655
chr6,4,6,8,-0.17167268955566542
chr6,4,7,8,-0.06334376018458229
chr6,4,8,8,-0.00022571993389773615
chr6,4,9,8,-0.11092024844536208
chr6,4,10,8,-0.08112823338948337
chr6,4,11,8,-0.0998546521862399
chr6,5,0,8,0.04192691203286261
chr6,5,1,8,-0.02829820916979464
chr6,5,2,8,-0.0970944500634205
chr6,5,3,8,-0.20741064210111854
chr6,5,4,8,-0.1360611988767129
chr6,5,5,8,-0.09680644457112751
chr6,5,6,8,-0.09714082548241683
chr6,5,7,8,-0.14729587066731029
chr6,5,8,8,-0.010387175308090954
chr6,5,9,8,-0.009717639871442002
chr6,5,10,8,-0.041251567865129735
chr6,5,11,8,-0.041245383728920476
chr6,6,0,8,0.021790649342329896
chr6,6,1,8,-0.03269672441572132
chr6,6,2,8,-0.040875025231386926
chr6,6,3,8,-0.08322417328131161
chr6,6,4,8,-0.014468270799018171
chr6,6,5,8,-0.07276062044542923
chr6,6,6,8,-0.03881250612087339
chr6,6,7,8,-0.029499490146088984
chr6,6,8,8,-0.04969170682538618
chr6,6,9,8,-0.02139203810846904
chr6,6,10,8,-0.004058203203756898
chr6,6,11,8,-0.05039534436940421
chr6,7,0,8,0.0223655388518353
chr6,7,1,8,0.05246860342511859
chr6,7,2,8,0.03354440849498634
chr6,7,3,8,0.03145887566508727
chr6,7,4,8,-0.0009071569108644831
chr6,7,5,8,-0.05091014233871896
chr6,7,6,8,-0.00015631135812422961
chr6,7,7,8,0.010473139171750752
chr6,7,8,8,-0.007242784022768595
chr6,7,9,8,-0.012086720038789259
chr6,7,10,8,0.1612611441265962
chr6,7,11,8,0.05557006141817162
chr6,8,0,8,-0.0689668480037991
chr6,8,1,8,0.03051347242702228
chr6,8,2,8,0.14376741626113024
chr6,8,3,8,0.019014853579382145
chr6,8,4,8,0.04417800525918268
chr6,8,5,8,-0.0006120294604203495
chr6,8,6,8,0.04029585877771419
chr6,8,7,8,0.0026134878633149506
chr6,8,8,8,-0.015271534870404432
chr6,8,9,8,-0.07632865587823805
chr6,8,10,8,0.04595134041243175
chr6,8,11,8,0.021236620914026075
chr6,9,0,8,-0.05607642086458474
chr6,9,1,8,-0.08882723409221449
chr6,9,2,8,-0.09900056178973611
chr6,9,3,8,0.11908631361255191
chr6,9,4,8,-0.01596695161507067
chr6,9,5,8,-0.008175567094058724
chr6,9,6,8,0.0006919396852499288
chr6,9,7,8,0.005146406630037258
chr6,9,8,8,0.021629196158381478
chr6,9,9,8,-0.12568081812503884
chr6,9,10,8,0.028086357129933
chr6,9,11,8,0.041466716022097797
chr6,10,0,8,-0.09911693941661402
chr6,10,1,8,0.015271429492897073
chr6,10,2,8,-0.010372163383909297
chr6,10,3,8,-0.0018722558075445206
chr6,10,4,8,-0.02247141063599357
chr6,10,5,8,0.007548090364728961
chr6,10,6,8,-0.0894536008054188
chr6,10,7,8,-0.0004714508959525708
chr6,10,8,8,-0.12284399242947278
chr6,10,9,8,0.04983530765771803
chr6,10,10,8,-0.009137520503025007
chr6,10,11,8,0.01716012178654834
chr6,11,0,8,-0.11833151061513239
chr6,11,1,8,-0.047952862085949594
chr6,11,2,8,-0.07021190396858083
chr6,11,3,8,0.06621135457309596
chr6,11,4,8,-0.05016449638062194
chr6,11,5,8,-0.03358595664687018
chr6,11,6,8,0.04594879723571712
chr6,11,7,8,0.04866088218446093
chr6,11,8,8,-0.10028609754629675
chr6,11,9,8,0.030614861416496705
chr6,11,10,8,0.015381387194726356
chr6,11,11,8,-0.03848368833774499
chr7,0,0,8,0.015227712863618958
chr7,0,1,8,-0.0021502657140990283
chr7,0,2,8,-0.011357220801182483
chr7,0,3,8,0.0002987764295831136
chr7,0,4,8,0.0005073593650394226
chr7,0,5,8,-0.0701348622454615
chr7,0,6,8,-0.01575362791916325
chr7,0,7,8,0.04848720418498263
chr7,0,8,8,-0.0033724540221718585
chr7,0,9,8,-0.001610058336430742
chr7,0,10,8,-0.0038069695782049135
chr7,0,11,8,-0.014011933095330206
chr7,1,0,8,-0.025184696749525087
chr7,1,1,8,-0.03927555776256597
chr7,1,2,8,0.007671674177699088
chr7,1,3,8,0.021537183995881587
chr7,1,4,8,-0.03559349910251857
chr7,1,5,8,-0.008709099864848233
chr7,1,6,8,-0.04694921302081555
chr7,1,7,8,-0.025686077823260642
chr7,1,8,8,0.0023679776700553795
chr7,1,9,8,-0.03653492277405598
chr7,1,10,8,-0.025741676848546488
chr7,1,11,8,-0.03806669055364323
chr7,2,0,8,0.013516142729457128
chr7,2,1,8,-0.16501603691432742
chr7,2,2,8,-0.004014972603247471
chr7,2,3,8,-0.030077831272960223
chr7,2,4,8,-0.055320276624900744
chr7,2,5,8,-0.08889528621883636
chr7,2,6,8,0.006862654118831111
chr7,2,7,8,-0.005559894750359964
chr7,2,8,8,-0.037412452332177354
chr7,2,9,8,-0.026799616245804903
chr7,2,10,8,-0.06647819782127898
chr7,2,11,8,-0.008138300099241907
chr7,3,0,8,-0.010542360766824438
chr7,3,1,8,-0.03234490281269858
chr7,3,2,8,0.013569504876557732
chr7,3,3,8,-0.020831059813103993
chr7,3,4,8,-0.010030278869406908
chr7,3,5,8,-0.03860103518487919
chr7,3,6,8,-0.03015939666787819
chr7,3,7,8,-0.02321181905508757
chr7,3,8,8,-0.012315684631989413
chr7,3,9,8,0.04305754432988196
chr7,3,10,8,-0.100267236996138
chr7,3,11,8,-0.02998218519854147
chr7,4,0,8,-0.03081174455400755
chr7,4,1,8,-0.05359929569188429
chr7,4,2,8,-0.004498327327138951
chr7,4,3,8,-0.11229493120047415
chr7,4,4,8,-0.07658613594743668
chr7,4,5,8,-0.05327349295691823
chr7,4,6,8,-0.13667968829857116
chr7,4,7,8,-0.015993046876425224
chr7,4,8,8,-0.019182872667717357
chr7,4,9,8,-0.058031132614900116
chr7,4,10,8,-0.055370573855685334
chr7,4,11,8,-0.10139222941535803
chr7,5,0,8,-0.011386066179976673
chr7,5,1,8,-0.009833416745187451
chr7,5,2,8,-0.06364724488991719
chr7,5,3,8,-0.12231008323014192
chr7,5,4,8,-0.07821899463453305
chr7,5,5,8,-0.06730732894714266
chr7,5,6,8,-0.07289962506390602
chr7,5,7,8,-0.1182838930151642
chr7,5,8,8,0.01232939010451077
chr7,5,9,8,-0.0063079441961956945
chr7,5,10,8,-0.06612753540373077
chr7,5,11,8,-0.15990444878465537
chr7,6,0,8,-0.010958742269686239
chr7,6,1,8,-0.012813880075635107
chr7,6,2,8,-0.04522121397670194
chr7,6,3,8,0.06559159389008154
chr7,6,4,8,-0.020670657452478317
chr7,6,5,8,-0.042356041544883455
chr7,6,6,8,0.009488471535998853
chr7,6,7,8,-0.11639066042327098
chr7,6,8,8,-0.013952485690984243
chr7,6,9,8,0.11864743366362092
chr7,6,10,8,-0.01835637417467012
chr7,6,11,8,-0.036882149503223854
chr7,7,0,8,-0.01634022991282459
chr7,7,1,8,-0.0896079480463244
chr7,7,2,8,-0.014819430776014872
chr7,7,3,8,-0.029440260056904498
chr7,7,4,8,-0.020422728757318626
chr7,7,5,8,-0.048541353453734046
chr7,7,6,8,-0.034150627714358756
chr7,7,7,8,-0.021380830203070602
chr7,7,8,8,-0.030220287266736423
chr7,7,9,8,-0.07906415432533025
chr7,7,10,8,-0.14825694131268716
chr7,7,11,8,-0.12302487761406909
chr7,8,0,8,0.10050345110504498
chr7,8,1,8,-0.04877315016529411
chr7,8,2,8,-0.2759615016328108
chr7,8,3,8,-0.03442694081049
chr7,8,4,8,-0.12183752342843458
chr7,8,5,8,-0.01721812247467845
chr7,8,6,8,-0.019629865992743026
chr7,8,7,8,0.0012786955093354166
chr7,8,8,8,-0.02162196631140284
chr7,8,9,8,0.006647279855446164
chr7,8,10,8,-0.024039944381499118
chr7,8,11,8,-0.017773380007445036
chr7,9,0,8,-0.07233400764740214
chr7,9,1,8,0.031152624827065017
chr7,9,2,8,0.0727466787024053
chr7,9,3,8,-0.20619881604150317
chr7,9,4,8,-0.0341829057633503
chr7,9,5,8,-0.012045732270708471
chr7,9,6,8,-0.05432327617991952
chr7,9,7,8,-0.016397046821576115
chr7,9,8,8,0.01917649394728315
chr7,9,9,8,-0.008099149627174673
chr7,9,10,8,0.020664947052747615
chr7,9,11,8,-0.0861498145435961
chr7,10,0,8,-0.0659860593617023
chr7,10,1,8,-0.08431670880356204
chr7,10,2,8,-0.004249117049895321
chr7,10,3,8,-0.07855640828080869
chr7,10,4,8,-0.01588328538457741
chr7,10,5,8,-0.010427449715054599
chr7,10,6,8,-0.03220269281265979
chr7,10,7,8,0.026340049686135104
chr7,10,8,8,-0.040856518970979375
chr7,10,9,8,0.03761456081082431
chr7,10,10,8,-0.05348698913319634
chr7,10,11,8,-0.10564455885820145
chr7,11,0,8,-0.051665849364940175
chr7,11,1,8,-0.06276822128803435
chr7,11,2,8,-0.012813426594216873
chr7,11,3,8,0.027075884873395926
chr7,11,4,8,0.08217094427438648
chr7,11,5,8,-0.0067364304820423035
chr7,11,6,8,0.06041264095560482
chr7,11,7,8,0.06372438258647813
chr7,11,8,8,-0.04119924619922169
chr7,11,9,8,0.009616567276308184
chr7,11,10,8,-0.039245525664269476
chr7,11,11,8,-0.07572128066743397
chr8,0,0,2,0.07081097809506437
chr8,0,1,2,0.012874521132159228
chr8,0,2,2,0.014043843262784739
chr8,0,3,2,-0.013284642341507908
chr8,0,4,2,-0.009518050397240413
chr8,0,5,2,-0.06371487274078563
chr8,0,6,2,-0.06795595380078456
chr8,0,7,2,0.010453406100471963
chr8,0,8,2,-0.006615457736231789
chr8,0,9,2,0.03143626928795146
chr8,0,10,2,-0.0067394761302109075
chr8,0,11,2,0.03932543834006147
chr8,1,0,2,-0.028846848179961193
chr8,1,1,2,0.034465718828695924
chr8,1,2,2,-0.0500122762473654
chr8,1,3,2,-0.017452945755351196
chr8,1,4,2,-0.10922103024841762
chr8,1,5,2,-0.009000505603450448
chr8,1,6,2,0.08054844702460928
chr8,1,7,2,-0.021721596934921594
chr8,1,8,2,-0.11487631163691403
chr8,1,9,2,-0.07147722977069454
chr8,1,10,2,0.01912367986958652
chr8,1,11,2,-0.06916173387851049
chr8,2,0,2,-0.07763662800733129
chr8,2,1,2,-0.11625819412819577
chr8,2,2,2,0.006638040145238333
chr8,2,3,2,-0.13778442690437237
chr8,2,4,2,-0.04535900840225321
chr8,2,5,2,-0.2127403525962674
chr8,2,6,2,-0.033402094295957876
chr8,2,7,2,0.041724571557660184
chr8,2,8,2,-0.09024595502032373
chr8,2,9,2,-0.007913113632683155
chr8,2,10,2,-0.25508465777689016
chr8,2,11,2,0.07333442522490044
chr8,3,0,2,-0.04160867375598887
chr8,3,1,2,-0.1743044135676296
chr8,3,2,2,0.06234086840413511
chr8,3,3,2,0.0496677843122077
chr8,3,4,2,0.02936860337476469
chr8,3,5,2,0.025361058026863337
chr8,3,6,2,-0.0626628019492183
chr8,3,7,2,-0.018121178621575862
chr8,3,8,2,-0.06558129466440654
chr8,3,9,2,-0.15835645981817284
chr8,3,10,2,-0.07900168596755786
chr8,3,11,2,-0.2975012037232293
chr8,4,0,2,-0.0463077727638716
chr8,4,1,2,0.2544983541546179
chr8,4,2,2,0.17573014251103738
chr8,4,3,2,0.314344571711228
chr8,4,4,2,0.30622066700016154
chr8,4,5,2,0.16482484225378446
chr8,4,6,2,0.3222274624258282
chr8,4,7,2,0.0014858685778260106
chr8,4,8,2,0.007960155438857308
chr8,4,9,2,-0.06615775577042099
chr8,4,10,2,0.12501744381595592
chr8,4,11,2,0.14957242234216514
chr8,5,0,2,-0.10208555558312521
chr8,5,1,2,0.05202365837924705
chr8,5,2,2,0.14282388018701958
chr8,5,3,2,0.3266974120940956
chr8,5,4,2,0.10521045404940259
chr8,5,5,2,0.21262936500716048
chr8,5,6,2,0.1290376011758261
chr8,5,7,2,0.28399489737040273
chr8,5,8,2,-0.010672439743822315
chr8,5,9,2,-0.0280635602345381
chr8,5,10,2,-0.05050536172452008
chr8,5,11,2,0.12735663828650692
chr8,6,0,2,0.015920531400340332
chr8,6,1,2,0.0728070834679134
chr8,6,2,2,0.04672383719922166
chr8,6,3,2,0.33121269041475904
chr8,6,4,2,0.06364726189176079
chr8,6,5,2,0.08241523334055231
chr8,6,6,2,0.0809498014985452
chr8,6,7,2,-0.29342007242233936
chr8,6,8,2,0.018212439264299995
chr8,6,9,2,0.2360293889947313
chr8,6,10,2,0.0932975940076869
chr8,6,11,2,0.30199095212862753
chr8,7,0,2,0.07251302759132588
chr8,7,1,2,-0.10022376459084079
chr8,7,2,2,-0.014025430753550006
chr8,7,3,2,-0.02639848848000899
chr8,7,4,2,0.0050227279322197765
chr8,7,5,2,-0.0813803750920453
chr8,7,6,2,0.019547787642035727
chr8,7,7,2,0.012757399968601632
chr8,7,8,2,-0.02367937783282381
chr8,7,9,2,-0.035918347098188586
chr8,7,10,2,-0.018044981652597866
chr8,7,11,2,-0.09197541433546465
chr8,8,0,2,0.1365638720452122
chr8,8,1,2,-0.23851901661513578
chr8,8,2,2,0.05255921698678265
chr8,8,3,2,-0.05533811053319801
chr8,8,4,2,-0.12262605755304752
chr8,8,5,2,-0.04168428779822925
chr8,8,6,2,0.0139430518351479
chr8,8,7,2,-0.0007631927139755135
chr8,8,8,2,-0.17770954288018126
chr8,8,9,2,-0.01022754945274762
chr8,8,10,2,-0.29155658600146644
chr8,8,11,2,-0.011720848541736889
chr8,9,0,2,-0.02724607504708182
chr8,9,1,2,0.08095272930396252
chr8,9,2,2,0.07559978602391029
chr8,9,3,2,-0.3169053319880905
chr8,9,4,2,-0.11923044101049962
chr8,9,5,2,-0.007275181564009074
chr8,9,6,2,-0.057623350835467116
chr8,9,7,2,0.009638424749330944
chr8,9,8,2,-0.21954469816333705
chr8,9,9,2,-0.0823903907584616
chr8,9,10,2,-0.2234316574282342
chr8,9,11,2,-0.12541285627431792
chr8,10,0,2,0.0045800809848513535
chr8,10,1,2,-0.11124635134044766
chr8,10,2,2,0.013277003960476152
chr8,10,3,2,-0.08746130932208224
chr8,10,4,2,-0.023532194672649623
chr8,10,5,2,0.0063103141950532
chr8,10,6,2,0.14948736220027228
chr8,10,7,2,-0.07244549033660139
chr8,10,8,2,0.005236425060274996
chr8,10,9,2,-0.23528394744671655
chr8,10,10,2,-0.00979316242349626
chr8,10,11,2,-0.13914675127916598
chr8,11,0,2,0.056115992712267304
chr8,11,1,2,0.05231848497905511
chr8,11,2,2,0.14719465593363878
chr8,11,3,2,-0.05094250422137345
chr8,11,4,2,0.002141525245508785
chr8,11,5,2,0.10049430028344158
chr8,11,6,2,-0.09366715244624127
chr8,11,7,2,-0.0954223740341931
chr8,11,8,2,0.044787275525842496
chr8,11,9,2,-0.17319443854128347
chr8,11,10,2,-0.030131212252724415
chr8,11,11,2,-0.014680178547721523
chr9,0,0,3,-0.055583677455034196
chr9,0,1,3,-0.08175067457080465
chr9,0,2,3,-0.07055279105380863
chr9,0,3,3,-0.014516211760674877
chr9,0,4,3,-0.0011109594518908617
chr9,0,5,3,0.01942795814197677
chr9,0,6,3,-0.08217152717631789
chr9,0,7,3,0.021245928665088527
chr9,0,8,3,-0.054769688162887555
chr9,0,9,3,-0.06504025585553819
chr9,0,10,3,-0.05558318825025838
chr9,0,11,3,-0.08501800952164269
chr9,1,0,3,0.010332997996320628
chr9,1,1,3,-0.09409870492708132
chr9,1,2,3,-0.08894301667731495
chr9,1,3,3,-0.038364458342101594
chr9,1,4,3,-0.1207294307813385
chr9,1,5,3,-0.10077298578294643
chr9,1,6,3,-0.15411348703107663
chr9,1,7,3,-0.012239064757113413
chr9,1,8,3,-0.11439886950178994
chr9,1,9,3,-0.07097297090113197
chr9,1,10,3,-0.09389483265824594
chr9,1,11,3,-0.11937915868849495
chr9,2,0,3,-0.1557261937911697
chr9,2,1,3,-0.0393083574675954
chr9,2,2,3,-0.07338827655839249
chr9,2,3,3,-0.4033324780471266
chr9,2,4,3,0.01546248940335826
chr9,2,5,3,0.04614316205281791
chr9,2,6,3,-0.042759280686364996
chr9,2,7,3,-0.040456283439858964
chr9,2,8,3,-0.07464868508073978
chr9,2,9,3,-0.06506493654651842
chr9,2,10,3,-0.3032709208067676
chr9,2,11,3,-0.010517776285439503
chr9,3,0,3,0.006063192605534007
chr9,3,1,3,-0.20707618117807472
chr9,3,2,3,-0.17810113477575115
chr9,3,3,3,-0.05648042654745059
chr9,3,4,3,-0.13907839564520716
chr9,3,5,3,-0.15368117985926036
chr9,3,6,3,0.14689509567359157
chr9,3,7,3,-0.08242149553022196
chr9,3,8,3,-0.04465270633356011
chr9,3,9,3,-0.18682449438729334
chr9,3,10,3,-0.19818612553726564
chr9,3,11,3,-0.047746145960256725
chr9,4,0,3,-0.12461771400739119
chr9,4,1,3,-0.044972966314124764
chr9,4,2,3,-0.032184853289113614
chr9,4,3,3,-0.08201411810378093
chr9,4,4,3,-0.05181550985188632
chr9,4,5,3,-0.03322523690286499
chr9,4,6,3,-0.08613100445672651
chr9,4,7,3,-0.17560491624247687
chr9,4,8,3,-0.14424376960482402
chr9,4,9,3,0.006216372589397297
chr9,4,10,3,-0.0767830878189643
chr9,4,11,3,-0.033864915067866964
chr9,5,0,3,-0.17676403198261337
chr9,5,1,3,-0.08413945154430558
chr9,5,2,3,-0.061990341840994896
chr9,5,3,3,-0.0808947034884971
chr9,5,4,3,-0.05584819566640104
chr9,5,5,3,-0.03464351262854313
chr9,5,6,3,-0.0743838912625699
chr9,5,7,3,-0.1373458335627398
chr9,5,8,3,-0.08027719471946348
chr9,5,9,3,-0.14199458016454314
chr9,5,10,3,-0.08260552297946569
chr9,5,11,3,-0.13338710389421782
chr9,6,0,3,-0.09836892570679227
chr9,6,1,3,-0.04869655280113817
chr9,6,2,3,-0.08300739220787712
chr9,6,3,3,-0.18822789086046418
chr9,6,4,3,0.007183606203840977
chr9,6,5,3,-0.011647553394389424
chr9,6,6,3,0.0018163242482783272
chr9,6,7,3,-0.12358600237211327
chr9,6,8,3,-0.06158446052252353
chr9,6,9,3,-0.02801686101817724
chr9,6,10,3,-0.08218149066653624
chr9,6,11,3,0.06500942810095224
chr9,7,0,3,-0.13713992212619233
chr9,7,1,3,0.1376226495287675
chr9,7,2,3,0.00896249304929353
chr9,7,3,3,0.06006767617157919
chr9,7,4,3,0.08456329627546523
chr9,7,5,3,-0.009889867774619643
chr9,7,6,3,0.17932804625020146
chr9,7,7,3,0.19930048894126984
chr9,7,8,3,-0.048023142658309315
chr9,7,9,3,-0.025727071906334387
chr9,7,10,3,0.2567032950262819
chr9,7,11,3,0.07427388871655978
chr9,8,0,3,-0.025537946331492718
chr9,8,1,3,-0.05540662012534917
chr9,8,2,3,0.186094753975819
chr9,8,3,3,0.0054143581311791545
chr9,8,4,3,0.00490114018133897
chr9,8,5,3,-0.0019274218420309737
chr9,8,6,3,-0.010007815680497531
chr9,8,7,3,0.004643529490798669
chr9,8,8,3,-0.023686996807992206
chr9,8,9,3,-0.12980606939761372
chr9,8,10,3,-0.08621254036810011
chr9,8,11,3,0.026585465023893255
chr9,9,0,3,-0.04049927577155114
chr9,9,1,3,0.0480989030594576
chr9,9,2,3,0.05554550032092934
chr9,9,3,3,-0.06729415479499075
chr9,9,4,3,-0.009868566219800382
chr9,9,5,3,-0.010384961098647819
chr9,9,6,3,-0.0017613450223480191
chr9,9,7,3,0.005565186353610178
chr9,9,8,3,-0.08484553493482638
chr9,9,9,3,-0.04708927664084558
chr9,9,10,3,-0.06825850254213099
chr9,9,11,3,0.08411937580441296
chr9,10,0,3,-0.07570228931042162
chr9,10,1,3,-0.012153125076229529
chr9,10,2,3,0.023881998120836356
chr9,10,3,3,-0.0017453220539078256
chr9,10,4,3,-0.056356940952485855
chr9,10,5,3,-0.032946586591883494
chr9,10,6,3,0.018783215942011728
chr9,10,7,3,0.233037661837016
chr9,10,8,3,-0.0434998057128817
chr9,10,9,3,-0.07789001882265383
chr9,10,10,3,-0.02574175897369228
chr9,10,11,3,-0.028091140696408223
chr9,11,0,3,-0.04626816244331711
chr9,11,1,3,-0.1627216502205641
chr9,11,2,3,0.012800247028919761
chr9,11,3,3,0.11312410690888858
chr9,11,4,3,0.012296850463973183
chr9,11,5,3,-0.049307170057215355
chr9,11,6,3,0.12244358549522856
chr9,11,7,3,0.23591904367339533
chr9,11,8,3,-0.028193585743830536
chr9,11,9,3,-0.08473678692049913
chr9,11,10,3,0.11628776283137032
chr9,11,11,3,0.18400869256990768
chrX,0,0,3,-0.09903579685501569
chrX,0,1,3,-0.07619314860722486
chrX,0,2,3,-0.0776451233671918
chrX,0,3,3,-0.009380085068957576
chrX,0,4,3,-0.004816064183051049
chrX,0,5,3,-0.038248829877938505
chrX,0,6,3,-0.10088912867109638
chrX,0,7,3,0.1317881595653998
chrX,0,8,3,-0.07154995739603147
chrX,0,9,3,-0.08840411446683256
chrX,0,10,3,-0.0072736293324297124
chrX,0,11,3,-0.0859824771395498
chrX,1,0,3,-0.09345450522876801
chrX,1,1,3,-0.06012347697343975
chrX,1,2,3,-0.17264310964398263
chrX,1,3,3,-0.10698364929298748
chrX,1,4,3,-0.09644635905740766
chrX,1,5,3,-0.13771271190232218
chrX,1,6,3,-0.12398602441099475
chrX,1,7,3,-0.11927967808306184
chrX,1,8,3,-0.03934463327349125
chrX,1,9,3,-0.1525662012062802
chrX,1,10,3,-0.1121739460372397
chrX,1,11,3,-0.2952414647842249
chrX,2,0,3,-0.17788497130297187
chrX,2,1,3,-0.14867066762969913
chrX,2,2,3,-0.053568923306828685
chrX,2,3,3,-0.06582271820358611
chrX,2,4,3,-0.1198016480516695
chrX,2,5,3,0.06899071529972468
chrX,2,6,3,-0.11421583506371975
chrX,2,7,3,0.0022098292498783736
chrX,2,8,3,-0.08098035074015086
chrX,2,9,3,-0.12758760362869725
chrX,2,10,3,-0.16568304494976036
chrX,2,11,3,-0.1245913396787829
chrX,3,0,3,-0.07048950909583962
chrX,3,1,3,-0.16528303345422393
chrX,3,2,3,0.011320086750875294
chrX,3,3,3,0.07327848138284798
chrX,3,4,3,-0.05275293063358521
chrX,3,5,3,-0.07635920895823262
chrX,3,6,3,-0.06855593231319475
chrX,3,7,3,-0.10919627361007504
chrX,3,8,3,-0.0023388858435558304
chrX,3,9,3,-0.26119977945047185
chrX,3,10,3,-0.13083287559379744
chrX,3,11,3,-0.32248837839035766
chrX,4,0,3,-0.168692263640893
chrX,4,1,3,-0.013632288812509163
chrX,4,2,3,0.002676035110633328
chrX,4,3,3,0.012241969972526684
chrX,4,4,3,-0.07060368531366454
chrX,4,5,3,0.009380116017079628
chrX,4,6,3,-0.09090225382813409
chrX,4,7,3,0.009684904286526531
chrX,4,8,3,-0.027949301254472442
chrX,4,9,3,-0.33331602816167843
chrX,4,10,3,-0.07106378728521401
chrX,4,11,3,-0.0016506234313365005
chrX,5,0,3,-0.13282728753842232
chrX,5,1,3,-0.10514840440156752
chrX,5,2,3,0.003108598225765933
chrX,5,3,3,-0.002474365035635023
chrX,5,4,3,0.00358434547491953
chrX,5,5,3,-0.08364915129770323
chrX,5,6,3,0.059317625472312153
chrX,5,7,3,0.05173776737865571
chrX,5,8,3,-0.05404391915501402
chrX,5,9,3,-0.21756877253059767
chrX,5,10,3,-0.00803958341516823
chrX,5,11,3,0.14162629454607917
chrX,6,0,3,-0.06414674776979667
chrX,6,1,3,-0.008743224499551847
chrX,6,2,3,-0.0007796329574287034
chrX,6,3,3,0.008001587868780727
chrX,6,4,3,-0.037297928892745774
chrX,6,5,3,-0.00718154790844919
chrX,6,6,3,0.018008222288688133
chrX,6,7,3,-0.034935896494838005
chrX,6,8,3,-0.06779737366043359
chrX,6,9,3,-0.0889932714145331
chrX,6,10,3,-0.008693160337184454
chrX,6,11,3,0.08780098084225536
chrX,7,0,3,0.11680076825669472
chrX,7,1,3,-0.009587616957254958
chrX,7,2,3,-0.037810506038052215
chrX,7,3,3,0.0012987307270509113
chrX,7,4,3,0.0038033427076544194
chrX,7,5,3,0.07123538582275878
chrX,7,6,3,0.01940051501260366
chrX,7,7,3,0.0036729141219971097
chrX,7,8,3,-0.05545973836152592
chrX,7,9,3,0.018460161573092198
chrX,7,10,3,-0.06522731859927196
chrX,7,11,3,0.040849655694631205
chrX,8,0,3,-0.04346385348438867
chrX,8,1,3,0.10196725554085569
chrX,8,2,3,0.118859199956647
chrX,8,3,3,0.010656543083705521
chrX,8,4,3,-0.001387922146175798
chrX,8,5,3,0.0018569887253405838
chrX,8,6,3,0.05250977999003261
chrX,8,7,3,0.0005006436820906886
chrX,8,8,3,-0.05092742149944999
chrX,8,9,3,-0.13427194219835892
chrX,8,10,3,0.20079151815451982
chrX,8,11,3,-0.007512507707366432
chrX,9,0,3,0.016891014275530598
chrX,9,1,3,-0.014127537156293482
chrX,9,2,3,0.009240087218352752
chrX,9,3,3,0.08693660032392676
chrX,9,4,3,-0.016477507970476285
chrX,9,5,3,0.006402717596792604
chrX,9,6,3,0.07255829344757238
chrX,9,7,3,0.041051234376103245
chrX,9,8,3,-0.0012726134441241044
chrX,9,9,3,-0.03898188735082634
chrX,9,10,3,0.003731190606407938
chrX,9,11,3,0.028217690120262137
chrX,10,0,3,-0.2131154096648525
chrX,10,1,3,-0.0541168634335536
chrX,10,2,3,-0.062130478206147886
chrX,10,3,3,0.06107773885550553
chrX,10,4,3,-0.007216903573841628
chrX,10,5,3,0.038171482635457346
chrX,10,6,3,0.04694842594318485
chrX,10,7,3,-0.04319270416105653
chrX,10,8,3,-0.08101327701143061
chrX,10,9,3,-0.01641760120672982
chrX,10,10,3,-0.16019776531083688
chrX,10,11,3,0.0024489732106624112
chrX,11,0,3,-0.08022872792907232
chrX,11,1,3,-0.10876096065315648
chrX,11,2,3,-0.051744553702172645
chrX,11,3,3,0.07512685691559438
chrX,11,4,3,-0.020947010833663144
chrX,11,5,3,-0.08844229994513364
chrX,11,6,3,-0.03421826347194662
chrX,11,7,3,-0.05196977181393522
chrX,11,8,3,-0.10659684470782753
chrX,11,9,3,-0.03248512434357135
chrX,11,10,3,-0.033524500927964364
chrX,11,11,3,-0.11806921863001622
