chromosome,layer,head,pairs,mean
chr1,0,0,32,-0.07941287275156896
chr1,0,1,32,0.016735596789367563
chr1,0,2,32,0.006709227305815529
chr1,0,3,32,0.003335464073977997
chr1,0,4,32,0.019777762475222144
chr1,0,5,32,0.02372577882206334
chr1,0,6,32,0.027777811451984522
chr1,0,7,32,0.025788505407552155
chr1,0,8,32,0.0018526827444643977
chr1,0,9,32,-0.012474413747902063
chr1,0,10,32,0.00500215008281665
chr1,0,11,32,-0.04270608091347181
chr1,1,0,32,0.012793791493673885
chr1,1,1,32,-0.03222165316501618
chr1,1,2,32,-0.008228578730935009
chr1,1,3,32,-0.01726680055622974
chr1,1,4,32,0.01797100644082796
chr1,1,5,32,-0.06447536471715189
chr1,1,6,32,0.07848984011303359
chr1,1,7,32,-0.05831524198595839
chr1,1,8,32,0.025747022336650407
chr1,1,9,32,-0.013820977149757364
chr1,1,10,32,0.03325365770436456
chr1,1,11,32,-0.006557812407851426
chr1,2,0,32,-0.07532083397514161
chr1,2,1,32,0.10581170584022963
chr1,2,2,32,-0.01180043417668016
chr1,2,3,32,0.010235819062393266
chr1,2,4,32,-0.05840066987380329
chr1,2,5,32,0.00578191344245386
chr1,2,6,32,0.010677997385127216
chr1,2,7,32,-0.021926192110005297
chr1,2,8,32,0.008267609853939116
chr1,2,9,32,-0.06095122610084942
chr1,2,10,32,-0.06668601006400543
chr1,2,11,32,-0.008908166388100713
chr1,3,0,32,0.004728313678575728
chr1,3,1,32,0.006754693296458496
chr1,3,2,32,0.08190330591552722
chr1,3,3,32,0.04916436344221418
chr1,3,4,32,-0.013648685928238511
chr1,3,5,32,0.029286645122032454
chr1,3,6,32,0.03957949825725092
chr1,3,7,32,0.07369931109115278
chr1,3,8,32,-0.008433039233364692
chr1,3,9,32,-0.009406626153498859
chr1,3,10,32,0.0027348323849765294
chr1,3,11,32,0.0025522876854197594
chr1,4,0,32,0.07340006886788
chr1,4,1,32,0.03060909015501124
chr1,4,2,32,0.039744468819711914
chr1,4,3,32,-0.020192462278451975
chr1,4,4,32,0.041403861561537754
chr1,4,5,32,-0.021161871615006107
chr1,4,6,32,0.013024643509593934
chr1,4,7,32,0.04944629369066283
chr1,4,8,32,-0.002827714876294095
chr1,4,9,32,0.0469151782988783
chr1,4,10,32,-0.06574591763386066
chr1,4,11,32,-0.04966632712289802
chr1,5,0,32,-0.03454875213225435
chr1,5,1,32,-0.07237087043373507
chr1,5,2,32,-0.0633028935495478
chr1,5,3,32,-0.07973943359160328
chr1,5,4,32,-0.06743950646963753
chr1,5,5,32,-0.05138303897442195
chr1,5,6,32,-0.06852836996278866
chr1,5,7,32,-0.048118912634365164
chr1,5,8,32,-0.023232854032556316
chr1,5,9,32,-0.028119895285766024
chr1,5,10,32,-0.05140731492457205
chr1,5,11,32,-0.1043426764497668
chr1,6,0,32,-0.05357432901079101
chr1,6,1,32,-0.11797788606702354
chr1,6,2,32,-0.1075305205813611
chr1,6,3,32,0.03265935996028292
chr1,6,4,32,-0.024001363908393726
chr1,6,5,32,0.013053645858318086
chr1,6,6,32,0.010309600343728843
chr1,6,7,32,0.01986357954689735
chr1,6,8,32,-0.10508572079848476
chr1,6,9,32,0.06255887694435312
chr1,6,10,32,-0.0034538580604398274
chr1,6,11,32,-0.007601480859763067
chr1,7,0,32,-0.0022804718802174814
chr1,7,1,32,-0.00635157197470957
chr1,7,2,32,0.0011184243916601763
chr1,7,3,32,-0.00556727492761256
chr1,7,4,32,-0.00302249404770313
chr1,7,5,32,0.008640399851024744
chr1,7,6,32,-0.02370614600245007
chr1,7,7,32,-0.006076545635522533
chr1,7,8,32,-0.0012138058810875658
chr1,7,9,32,-0.002635375005197914
chr1,7,10,32,-0.006729512879228093
chr1,7,11,32,-0.08674997090932665
chr1,8,0,32,0.019307182450463027
chr1,8,1,32,0.022089312107939532
chr1,8,2,32,-0.026358771966678938
chr1,8,3,32,-0.007008256820812721
chr1,8,4,32,-0.014507413725774805
chr1,8,5,32,-0.05131988584858324
chr1,8,6,32,-0.05602490018789495
chr1,8,7,32,-0.08203569784771009
chr1,8,8,32,-0.01721590366160189
chr1,8,9,32,-0.0015774268754969716
chr1,8,10,32,0.03474606782501004
chr1,8,11,32,-0.03998164901596049
chr1,9,0,32,0.0148121979593476
chr1,9,1,32,-0.04097824261843262
chr1,9,2,32,-0.08203701635365113
chr1,9,3,32,-0.01016951406455572
chr1,9,4,32,-0.015430380061683433
chr1,9,5,32,-0.009879618324815164
chr1,9,6,32,0.024003585715664796
chr1,9,7,32,0.020776316205248994
chr1,9,8,32,0.0018127917086160055
chr1,9,9,32,-0.004749301146452636
chr1,9,10,32,-0.000588369878580762
chr1,9,11,32,-0.02314571066474025
chr1,10,0,32,-0.047360034980684806
chr1,10,1,32,-0.022272880359706967
chr1,10,2,32,0.028198545075010337
chr1,10,3,32,0.05027453540584284
chr1,10,4,32,-0.05875730682074221
chr1,10,5,32,-0.0013278639585176735
chr1,10,6,32,-0.026775876508788404
chr1,10,7,32,-0.003397257972130384
chr1,10,8,32,0.026070661853165693
chr1,10,9,32,-0.03802902120489142
chr1,10,10,32,-0.036968006653011476
chr1,10,11,32,-0.003749961382057996
chr1,11,0,32,0.057757819110827585
chr1,11,1,32,-0.05311717638457
chr1,11,2,32,-0.055265182091004006
chr1,11,3,32,0.000596135054687013
chr1,11,4,32,-0.048795473833715595
chr1,11,5,32,-0.03230834216717354
chr1,11,6,32,-0.05517229437346212
chr1,11,7,32,0.04254001075546271
chr1,11,8,32,-0.01391281396558406
chr1,11,9,32,-0.10701162736413282
chr1,11,10,32,-0.07357520128969997
chr1,11,11,32,-0.026314864208518453
chr10,0,0,7,-0.028657336946498156
chr10,0,1,7,-0.11698207779728258
chr10,0,2,7,-0.06098263539473091
chr10,0,3,7,-0.03606613364034913
chr10,0,4,7,-0.04784913544824202
chr10,0,5,7,-0.05517791108967351
chr10,0,6,7,-0.04492432534581776
chr10,0,7,7,-0.02566412812331393
chr10,0,8,7,-0.07794552059971468
chr10,0,9,7,-0.04974611631901514
chr10,0,10,7,-0.037249141626570746
chr10,0,11,7,-0.04687876165463208
chr10,1,0,7,-0.18877051967971523
chr10,1,1,7,0.05043506763834666
chr10,1,2,7,0.19640366204222642
chr10,1,3,7,0.03656469139088089
chr10,1,4,7,-0.020041717639578686
chr10,1,5,7,0.09593183509384577
chr10,1,6,7,0.024311779368591167
chr10,1,7,7,0.1156303105843444
chr10,1,8,7,0.18339225370450957
chr10,1,9,7,-0.02078801033534496
chr10,1,10,7,-0.02629785159215798
chr10,1,11,7,-0.12480383756902617
chr10,2,0,7,0.07254352308561025
chr10,2,1,7,0.0775405956610319
chr10,2,2,7,0.09138066699952721
chr10,2,3,7,-0.022086428304696204
chr10,2,4,7,0.03083833923370753
chr10,2,5,7,-0.009712416343875516
chr10,2,6,7,0.0017734078899224578
chr10,2,7,7,0.16772311533208914
chr10,2,8,7,-0.043725817969649694
chr10,2,9,7,0.016015096074245654
chr10,2,10,7,-0.025945543712288386
chr10,2,11,7,0.1455007827195435
chr10,3,0,7,0.003131797020159239
chr10,3,1,7,0.15970754604393142
chr10,3,2,7,0.28838204520814664
chr10,3,3,7,0.15861464733808114
chr10,3,4,7,0.12835575334652677
chr10,3,5,7,0.1799920026166902
chr10,3,6,7,-0.09659212027532885
chr10,3,7,7,0.06542292784444756
chr10,3,8,7,0.09155372346639126
chr10,3,9,7,-0.008043560505635896
chr10,3,10,7,0.009420782476240733
chr10,3,11,7,-0.03561130407349949
chr10,4,0,7,-0.02703479467105983
chr10,4,1,7,0.01011393114052443
chr10,4,2,7,-0.09958754051620304
chr10,4,3,7,-0.048394422806505556
chr10,4,4,7,-0.10957355514790022
chr10,4,5,7,0.1522058220589722
chr10,4,6,7,-0.010235437842171688
chr10,4,7,7,0.050485413120517596
chr10,4,8,7,-0.16831182348166746
chr10,4,9,7,-0.13585435565903464
chr10,4,10,7,0.055999279287975746
chr10,4,11,7,-0.05676944163040511
chr10,5,0,7,-0.33392392337368815
chr10,5,1,7,-0.060559618784723754
chr10,5,2,7,-0.060325159779711264
chr10,5,3,7,-0.04801610851320775
chr10,5,4,7,-0.06242947179466347
chr10,5,5,7,-0.2630787734407261
chr10,5,6,7,0.12367524511332816
chr10,5,7,7,0.026668475644752165
chr10,5,8,7,-0.1845358274410919
chr10,5,9,7,-0.09630065776280793
chr10,5,10,7,-0.04501748652768556
chr10,5,11,7,0.14523432969598968
chr10,6,0,7,-0.05837079211974756
chr10,6,1,7,0.06814826811627188
chr10,6,2,7,0.003237813344032059
chr10,6,3,7,-0.032385702065274816
chr10,6,4,7,0.052036037712898
chr10,6,5,7,0.11157345860837047
chr10,6,6,7,-0.08717469605421291
chr10,6,7,7,0.028597987750991406
chr10,6,8,7,-0.13928532319757142
chr10,6,9,7,-0.10847227007083464
chr10,6,10,7,0.020651568960318754
chr10,6,11,7,-0.0716667757915631
chr10,7,0,7,-0.1071929604452727
chr10,7,1,7,0.025612077900689152
chr10,7,2,7,0.028387529314899903
chr10,7,3,7,0.014413801443929944
chr10,7,4,7,-0.044563926131346784
chr10,7,5,7,-0.04213727638079364
chr10,7,6,7,-0.12432281455185294
chr10,7,7,7,0.004891036863348348
chr10,7,8,7,0.0793884779637919
chr10,7,9,7,0.0846221696486678
chr10,7,10,7,-0.09279258879499833
chr10,7,11,7,0.13909245224262848
chr10,8,0,7,-0.053740531402257215
chr10,8,1,7,0.027307342523446385
chr10,8,2,7,0.014368847290018107
chr10,8,3,7,-0.07361396533717109
chr10,8,4,7,-0.12920164311163995
chr10,8,5,7,0.07723867242673663
chr10,8,6,7,0.08881041322298477
chr10,8,7,7,0.11024061129892211
chr10,8,8,7,0.010089022366088616
chr10,8,9,7,-0.0638534381949337
chr10,8,10,7,0.1908527500744415
chr10,8,11,7,-0.1192299289337706
chr10,9,0,7,0.018417871497847398
chr10,9,1,7,-0.008610905426779883
chr10,9,2,7,0.1378540273420175
chr10,9,3,7,-0.12126102486615682
chr10,9,4,7,-0.16458439366820923
chr10,9,5,7,0.08281776482569152
chr10,9,6,7,-0.20158605019280576
chr10,9,7,7,-0.09072181993377791
chr10,9,8,7,-0.05520923341670456
chr10,9,9,7,-0.12735510618287801
chr10,9,10,7,0.05342985311398883
chr10,9,11,7,-0.05834175045204842
chr10,10,0,7,-0.1378250471799673
chr10,10,1,7,-0.10550926553370862
chr10,10,2,7,0.11288030432520298
chr10,10,3,7,0.047358483674060765
chr10,10,4,7,-0.14882565708239875
chr10,10,5,7,-0.03170326212808832
chr10,10,6,7,-0.18834773202424687
chr10,10,7,7,-0.1973442638476006
chr10,10,8,7,-0.14861531685862456
chr10,10,9,7,0.014098495984433412
chr10,10,10,7,-0.01585585925997694
chr10,10,11,7,-0.007220469138025646
chr10,11,0,7,0.10866486727454637
chr10,11,1,7,-0.014689766507448227
chr10,11,2,7,0.25940530622096414
chr10,11,3,7,-0.060578428408414146
chr10,11,4,7,0.02457252788605819
chr10,11,5,7,-0.04158739119498123
chr10,11,6,7,-0.07366258022616153
chr10,11,7,7,-0.14216795842215732
chr10,11,8,7,-0.013884606669486849
chr10,11,9,7,-0.05412903161754363
chr10,11,10,7,-0.031136496489490136
chr10,11,11,7,0.02760577607440565
chr11,0,0,10,-0.06450239244320212
chr11,0,1,10,0.01165511753214359
chr11,0,2,10,0.08581794769870586
chr11,0,3,10,0.1936167306156476
chr11,0,4,10,0.17909147278955273
chr11,0,5,10,-0.005954908355121621
chr11,0,6,10,-0.040461106082488325
chr11,0,7,10,0.10291292096708955
chr11,0,8,10,0.07565571286054595
chr11,0,9,10,0.05089945934268737
chr11,0,10,10,0.09096406733749114
chr11,0,11,10,0.05191725749894488
chr11,1,0,10,0.13698165444986493
chr11,1,1,10,-0.19008391641052497
chr11,1,2,10,-0.16592755610755242
chr11,1,3,10,-0.18759241727784418
chr11,1,4,10,-0.18074699451127713
chr11,1,5,10,-0.006869424228111787
chr11,1,6,10,-0.16480765319240237
chr11,1,7,10,-0.09839986702541732
chr11,1,8,10,-0.022082844731341346
chr11,1,9,10,-0.11599792305803039
chr11,1,10,10,0.0750207226077359
chr11,1,11,10,-0.05000063312542709
chr11,2,0,10,-0.14020923112844255
chr11,2,1,10,0.01456198632912207
chr11,2,2,10,-0.01609392566149782
chr11,2,3,10,0.017233773204029915
chr11,2,4,10,-0.05542707214543492
chr11,2,5,10,-0.10350457452517467
chr11,2,6,10,-0.006373250232307023
chr11,2,7,10,-0.013813224217005893
chr11,2,8,10,-0.1693970288398615
chr11,2,9,10,-0.11666784038264663
chr11,2,10,10,-0.17164065183541397
chr11,2,11,10,-0.012835615944117109
chr11,3,0,10,-0.25137464120776054
chr11,3,1,10,-0.1148011750051335
chr11,3,2,10,0.05441757857812263
chr11,3,3,10,-0.1830466599027706
chr11,3,4,10,-0.24333994573127474
chr11,3,5,10,0.10627579556927116
chr11,3,6,10,-0.14887498801676227
chr11,3,7,10,-0.036096197593075766
chr11,3,8,10,-0.17440510501229917
chr11,3,9,10,0.1210135313204582
chr11,3,10,10,-0.2508017433714589
chr11,3,11,10,0.15005726928387003
chr11,4,0,10,-0.17071095257449906
chr11,4,1,10,-0.243023851338145
chr11,4,2,10,-0.27201973845568234
chr11,4,3,10,0.15031392577927113
chr11,4,4,10,-0.06603210283801118
chr11,4,5,10,-0.027336190294057518
chr11,4,6,10,-0.04403212676148745
chr11,4,7,10,-0.0072378962344107674
chr11,4,8,10,-0.051732521852502544
chr11,4,9,10,0.20249201596151697
chr11,4,10,10,-0.18442998963087973
chr11,4,11,10,0.02457391206832571
chr11,5,0,10,-0.034151878928609505
chr11,5,1,10,-0.22734644036434712
chr11,5,2,10,-0.29751830428484227
chr11,5,3,10,-0.20705932711846545
chr11,5,4,10,-0.14697376119278271
chr11,5,5,10,-0.12885780358282567
chr11,5,6,10,-0.07731386090543782
chr11,5,7,10,0.05250948006286464
chr11,5,8,10,-0.1159289045740461
chr11,5,9,10,-0.15297872223162617
chr11,5,10,10,0.16411773830379753
chr11,5,11,10,0.04275708642404734
chr11,6,0,10,0.049154442039198054
chr11,6,1,10,-0.045459187489531996
chr11,6,2,10,0.002968905661404986
chr11,6,3,10,0.006381391762142569
chr11,6,4,10,-0.03250129065996703
chr11,6,5,10,0.014533078265588709
chr11,6,6,10,-0.030134713002128277
chr11,6,7,10,-0.014925101846199506
chr11,6,8,10,-0.1487458817809284
chr11,6,9,10,0.244710055713871
chr11,6,10,10,-0.10148690023999452
chr11,6,11,10,0.2554149572733224
chr11,7,0,10,0.240407697824038
chr11,7,1,10,-0.2564376836275984
chr11,7,2,10,0.08021356939706174
chr11,7,3,10,-0.17251419854038247
chr11,7,4,10,-0.07418858630416238
chr11,7,5,10,-0.0879538249608916
chr11,7,6,10,0.07394769614768702
chr11,7,7,10,0.14513724569202108
chr11,7,8,10,-0.2445170900042998
chr11,7,9,10,-0.24530448091320145
chr11,7,10,10,0.2446632649583682
chr11,7,11,10,-0.0917102358099355
chr11,8,0,10,0.2785930854535592
chr11,8,1,10,-0.17263734227080968
chr11,8,2,10,0.26466711616491245
chr11,8,3,10,-0.1094012355498986
chr11,8,4,10,0.06352342270667093
chr11,8,5,10,0.11980950507940342
chr11,8,6,10,-0.1790593581460667
chr11,8,7,10,0.1063987425589139
chr11,8,8,10,-0.17504460320112364
chr11,8,9,10,0.015600290520411703
chr11,8,10,10,-0.22664955075513427
chr11,8,11,10,0.18104872532293978
chr11,9,0,10,-0.24366682139671872
chr11,9,1,10,0.03789548299357726
chr11,9,2,10,-0.008094684380422924
chr11,9,3,10,-0.06663490353874592
chr11,9,4,10,-0.08518365905176771
chr11,9,5,10,-0.12795273654645728
chr11,9,6,10,-0.21638325703876476
chr11,9,7,10,0.05966802623919465
chr11,9,8,10,-0.10736604129831784
chr11,9,9,10,-0.04542395456439628
chr11,9,10,10,-0.0854119069202404
chr11,9,11,10,-0.009654950440240739
chr11,10,0,10,-0.09501239311311324
chr11,10,1,10,-0.13786782177971674
chr11,10,2,10,0.031807170925651926
chr11,10,3,10,0.03656569229288832
chr11,10,4,10,-0.09506631417321144
chr11,10,5,10,-0.07089297349678893
chr11,10,6,10,-0.13372894228266646
chr11,10,7,10,-0.1938402153222143
chr11,10,8,10,0.08216363171927107
chr11,10,9,10,0.158189015212229
chr11,10,10,10,-0.2209806991188834
chr11,10,11,10,-0.20362188507829035
chr11,11,0,10,0.17849878659352897
chr11,11,1,10,-0.010438809222649023
chr11,11,2,10,0.1381733817954878
chr11,11,3,10,0.04317221429111068
chr11,11,4,10,0.08007560599779066
chr11,11,5,10,-0.18007173629822573
chr11,11,6,10,-0.25360731739561504
chr11,11,7,10,-0.15548190047641725
chr11,11,8,10,0.21882671647851898
chr11,11,9,10,0.1115822511941594
chr11,11,10,10,0.017797166356376386
chr11,11,11,10,0.12726356419109613
chr12,0,0,9,0.036819630592757426
chr12,0,1,9,0.08848051655470233
chr12,0,2,9,-0.020740463071966905
chr12,0,3,9,0.10021455464293562
chr12,0,4,9,0.17461691668794335
chr12,0,5,9,-0.030448039993160085
chr12,0,6,9,-0.04923659769969779
chr12,0,7,9,0.10224493023929382
chr12,0,8,9,0.21608297352669792
chr12,0,9,9,0.07587837843591366
chr12,0,10,9,0.1214140583291494
chr12,0,11,9,-0.034825732531700716
chr12,1,0,9,-0.044173306015857616
chr12,1,1,9,0.07142790321193038
chr12,1,2,9,0.044436431319878913
chr12,1,3,9,0.08368527939786007
chr12,1,4,9,0.1868614979156116
chr12,1,5,9,0.0195367528925379
chr12,1,6,9,-0.03943515833889772
chr12,1,7,9,-0.089367699261151
chr12,1,8,9,0.03449754293443065
chr12,1,9,9,0.18702034997568875
chr12,1,10,9,0.02439244166152272
chr12,1,11,9,0.03942198035547549
chr12,2,0,9,0.14618159621839866
chr12,2,1,9,0.11781000855282575
chr12,2,2,9,0.03311499107163584
chr12,2,3,9,0.06302791222207331
chr12,2,4,9,-0.07741408419570603
chr12,2,5,9,-0.08137385132823151
chr12,2,6,9,0.055520101915770295
chr12,2,7,9,0.03189256927097497
chr12,2,8,9,0.07257691196650068
chr12,2,9,9,-0.006263794087937948
chr12,2,10,9,0.03513906214439683
chr12,2,11,9,-0.05837381360407775
chr12,3,0,9,0.1584449189752061
chr12,3,1,9,0.14316624662696242
chr12,3,2,9,-0.025018416205826358
chr12,3,3,9,0.07504748729078975
chr12,3,4,9,0.06860459702643684
chr12,3,5,9,-0.05293571021365605
chr12,3,6,9,0.06236590020632956
chr12,3,7,9,0.059910843218604036
chr12,3,8,9,0.1347279990474604
chr12,3,9,9,0.002865117098137039
chr12,3,10,9,0.12069884846878903
chr12,3,11,9,-0.043923317613767575
chr12,4,0,9,0.11939064571068522
chr12,4,1,9,0.14880113196370812
chr12,4,2,9,0.09273764040535838
chr12,4,3,9,0.0821169697347404
chr12,4,4,9,-0.009968558018168046
chr12,4,5,9,0.006958185121782485
chr12,4,6,9,0.15049294680805606
chr12,4,7,9,0.11964635317770303
chr12,4,8,9,0.1595184756956601
chr12,4,9,9,0.040648226366842885
chr12,4,10,9,0.05014655124806913
chr12,4,11,9,0.02598077625474049
chr12,5,0,9,-0.014523171999022132
chr12,5,1,9,0.07853885045672943
chr12,5,2,9,0.025271660300633308
chr12,5,3,9,0.15508196306917207
chr12,5,4,9,0.1328515194823153
chr12,5,5,9,-0.060288610311285434
chr12,5,6,9,0.05676871439940022
chr12,5,7,9,0.04778780094816818
chr12,5,8,9,0.07053976938889411
chr12,5,9,9,0.09057124618681033
chr12,5,10,9,-0.04505520845417324
chr12,5,11,9,0.017566779814071922
chr12,6,0,9,-0.05913988719266636
chr12,6,1,9,0.04679478916470195
chr12,6,2,9,0.035481911128747684
chr12,6,3,9,0.031949364755800916
chr12,6,4,9,-0.02080024846427961
chr12,6,5,9,0.038340053373421626
chr12,6,6,9,0.05957577366798929
chr12,6,7,9,0.08612027827707998
chr12,6,8,9,0.0898326472296575
chr12,6,9,9,0.05019846968462486
chr12,6,10,9,-0.0025968858653711937
chr12,6,11,9,-0.02870875850997745
chr12,7,0,9,-0.07196434711247258
chr12,7,1,9,0.07044698002490689
chr12,7,2,9,-0.04349706098090559
chr12,7,3,9,-0.03140748673963643
chr12,7,4,9,0.24326208469103353
chr12,7,5,9,-0.1723536531388622
chr12,7,6,9,0.16321424249464103
chr12,7,7,9,0.011659307805768567
chr12,7,8,9,0.05339704621445613
chr12,7,9,9,0.05986564017240988
chr12,7,10,9,-0.07179028830544618
chr12,7,11,9,-0.10892363936356472
chr12,8,0,9,0.013209798096385235
chr12,8,1,9,0.010712910377216778
chr12,8,2,9,0.018580605669761236
chr12,8,3,9,0.020999469902417706
chr12,8,4,9,-0.003519508000111773
chr12,8,5,9,0.11388386130186719
chr12,8,6,9,-0.0007726091842379132
chr12,8,7,9,-0.05379671609736505
chr12,8,8,9,0.08545268831802488
chr12,8,9,9,-0.028302436985314674
chr12,8,10,9,-0.09976231290139898
chr12,8,11,9,-0.0189868717193615
chr12,9,0,9,0.15941418299657023
chr12,9,1,9,-0.0392917985172572
chr12,9,2,9,-0.061705751261128455
chr12,9,3,9,0.0273016526037637
chr12,9,4,9,-0.03476515434992015
chr12,9,5,9,0.032757455045474664
chr12,9,6,9,0.1811782948041818
chr12,9,7,9,0.04899806255146092
chr12,9,8,9,-0.013082412692690849
chr12,9,9,9,-0.08349110760694489
chr12,9,10,9,-0.03152724601155754
chr12,9,11,9,0.12513030961046465
chr12,10,0,9,0.16689740647460324
chr12,10,1,9,0.16648748212460618
chr12,10,2,9,0.06910481954763852
chr12,10,3,9,0.04081791016440782
chr12,10,4,9,-0.019652976563132293
chr12,10,5,9,0.02008241749337951
chr12,10,6,9,0.1328732905925694
chr12,10,7,9,0.1740878055683966
chr12,10,8,9,-0.09913310817522324
chr12,10,9,9,0.03940746134470027
chr12,10,10,9,0.02373853867618997
chr12,10,11,9,0.09992341838079208
chr12,11,0,9,0.053599913675488935
chr12,11,1,9,0.06363653512833037
chr12,11,2,9,0.001578415920332526
chr12,11,3,9,0.08579623707930421
chr12,11,4,9,0.03468138983940832
chr12,11,5,9,0.07125169139774191
chr12,11,6,9,0.040333397766024896
chr12,11,7,9,0.1588460466965097
chr12,11,8,9,0.0021578776348845827
chr12,11,9,9,-0.012016542325907419
chr12,11,10,9,0.06440840345211114
chr12,11,11,9,0.12648278308036992
chr13,0,0,6,0.2658979776445497
chr13,0,1,6,-0.12473270559384532
chr13,0,2,6,-0.022815935977012314
chr13,0,3,6,-0.2291702007301382
chr13,0,4,6,-0.13454620953464902
chr13,0,5,6,-0.06694765922647085
chr13,0,6,6,-0.2157188368657744
chr13,0,7,6,0.17334021885341644
chr13,0,8,6,-0.10197527156994333
chr13,0,9,6,0.11440641075371917
chr13,0,10,6,-0.20259282776112883
chr13,0,11,6,-0.17817895977434572
chr13,1,0,6,-0.18524997156151243
chr13,1,1,6,0.14181225989400234
chr13,1,2,6,0.1569682725730035
chr13,1,3,6,0.3211253008614334
chr13,1,4,6,0.10885177131206263
chr13,1,5,6,-0.04581307522375249
chr13,1,6,6,0.2815964634508905
chr13,1,7,6,0.3127372935667929
chr13,1,8,6,0.19298483563035576
chr13,1,9,6,0.11582627560785819
chr13,1,10,6,-0.16322593498211815
chr13,1,11,6,-0.15567383686015138
chr13,2,0,6,-0.05899011166513977
chr13,2,1,6,0.29239770825871486
chr13,2,2,6,0.12226298894949979
chr13,2,3,6,-0.06791719943679482
chr13,2,4,6,0.021359487396144506
chr13,2,5,6,0.177363073019145
chr13,2,6,6,0.056155537355328015
chr13,2,7,6,0.07320031924617759
chr13,2,8,6,-0.0569424292978075
chr13,2,9,6,-0.08893527199100204
chr13,2,10,6,-0.1251898537879702
chr13,2,11,6,-0.023662078369141526
chr13,3,0,6,0.14706801457919474
chr13,3,1,6,0.11963725682077277
chr13,3,2,6,0.03297734895479942
chr13,3,3,6,0.44730470583178045
chr13,3,4,6,-0.012215197602305375
chr13,3,5,6,-0.09526293527554554
chr13,3,6,6,0.1368838509769482
chr13,3,7,6,-0.16252671305273536
chr13,3,8,6,0.19889376042835827
chr13,3,9,6,-0.4319938972782355
chr13,3,10,6,0.24206107494638632
chr13,3,11,6,-0.448981791559762
chr13,4,0,6,0.006331762933442953
chr13,4,1,6,0.33925105012777484
chr13,4,2,6,0.43227163433659177
chr13,4,3,6,-0.2633876920410523
chr13,4,4,6,0.11418046713262732
chr13,4,5,6,-0.0019237116309468855
chr13,4,6,6,-0.08330384945211322
chr13,4,7,6,0.2553926851657226
chr13,4,8,6,0.03468526213217498
chr13,4,9,6,-0.2502459049600732
chr13,4,10,6,0.03331440276977315
chr13,4,11,6,-0.12259113552910905
chr13,5,0,6,0.30243059825545027
chr13,5,1,6,0.068377159224671
chr13,5,2,6,0.5063887413782595
chr13,5,3,6,0.17748518382903664
chr13,5,4,6,-0.11066772276029134
chr13,5,5,6,-0.09850418520108128
chr13,5,6,6,-0.07399945734607671
chr13,5,7,6,-0.07827184466056215
chr13,5,8,6,0.12823713710969747
chr13,5,9,6,0.05128566406213339
chr13,5,10,6,-0.3643821063739383
chr13,5,11,6,-0.0037517553361273437
chr13,6,0,6,0.24975328911306235
chr13,6,1,6,-0.1593031037969402
chr13,6,2,6,0.16799752259017664
chr13,6,3,6,-0.026189191788402583
chr13,6,4,6,-0.04668709513211896
chr13,6,5,6,0.040089345209890714
chr13,6,6,6,0.08443172970334041
chr13,6,7,6,-0.08519591164592992
chr13,6,8,6,0.15977602500127155
chr13,6,9,6,-0.5050558260958339
chr13,6,10,6,0.3118293532777225
chr13,6,11,6,-0.35985338615921725
chr13,7,0,6,-0.42107715789262307
chr13,7,1,6,0.4257074066667756
chr13,7,2,6,0.09154253772738508
chr13,7,3,6,0.32984550139987295
chr13,7,4,6,0.07260632773501265
chr13,7,5,6,0.06742874187119603
chr13,7,6,6,0.17125211779338614
chr13,7,7,6,0.14524503860311533
chr13,7,8,6,0.427967094401491
chr13,7,9,6,0.4243009916503448
chr13,7,10,6,-0.4445382998573277
chr13,7,11,6,0.008028661116652893
chr13,8,0,6,0.02521965454739832
chr13,8,1,6,0.21472597868298982
chr13,8,2,6,0.083098071615823
chr13,8,3,6,0.10340754049004632
chr13,8,4,6,-0.25864115494131973
chr13,8,5,6,-0.0363163623572385
chr13,8,6,6,0.12036483689356788
chr13,8,7,6,-0.057357317743076786
chr13,8,8,6,0.17406424654755748
chr13,8,9,6,0.2744222155223131
chr13,8,10,6,0.290220597828876
chr13,8,11,6,-0.3211715356398838
chr13,9,0,6,0.3859764288974888
chr13,9,1,6,0.19532440996324887
chr13,9,2,6,-0.00485699428289027
chr13,9,3,6,0.06022229704603766
chr13,9,4,6,-0.06162146939829503
chr13,9,5,6,0.047355238633434056
chr13,9,6,6,0.2064298362864828
chr13,9,7,6,0.06270711977585697
chr13,9,8,6,0.24306734441033387
chr13,9,9,6,0.26569287363120747
chr13,9,10,6,0.28443236625670615
chr13,9,11,6,0.2917732585683011
chr13,10,0,6,0.01833171769057719
chr13,10,1,6,0.3802629245886315
chr13,10,2,6,0.13026775145314515
chr13,10,3,6,0.3348332194402058
chr13,10,4,6,0.022577121990162725
chr13,10,5,6,0.10134983295849202
chr13,10,6,6,-0.04846919353712665
chr13,10,7,6,0.11110978082438615
chr13,10,8,6,0.02833202980424267
chr13,10,9,6,-0.04630446148018911
chr13,10,10,6,0.05149833317019845
chr13,10,11,6,0.09562920251915032
chr13,11,0,6,0.11039075252686266
chr13,11,1,6,0.20809017205932337
chr13,11,2,6,0.027600346277233356
chr13,11,3,6,0.0054061604346731145
chr13,11,4,6,0.011975415023294822
chr13,11,5,6,0.006403320859903888
chr13,11,6,6,0.012075281848104004
chr13,11,7,6,-0.1308867054819376
chr13,11,8,6,-0.0744509588593482
chr13,11,9,6,0.23169316940413268
chr13,11,10,6,-0.008711138565949276
chr13,11,11,6,0.08530296592532664
chr14,0,0,9,-0.19031173772102258
chr14,0,1,9,-0.13928712933433718
chr14,0,2,9,-0.1243576226608921
chr14,0,3,9,-0.16243429583456764
chr14,0,4,9,-0.2001031803228387
chr14,0,5,9,-0.175680318159527
chr14,0,6,9,-0.0628129990890941
chr14,0,7,9,-0.11875807318843906
chr14,0,8,9,-0.19844956151256563
chr14,0,9,9,-0.1183886029902719
chr14,0,10,9,-0.0900851266979149
chr14,0,11,9,-0.14249574822457273
chr14,1,0,9,0.015005732935337876
chr14,1,1,9,-0.10773357060780309
chr14,1,2,9,0.010578195667191124
chr14,1,3,9,-0.003927148819077902
chr14,1,4,9,0.020311010655590923
chr14,1,5,9,-0.1969265167066185
chr14,1,6,9,0.05104942094839683
chr14,1,7,9,-0.029585610490405978
chr14,1,8,9,-0.032645974521833765
chr14,1,9,9,-0.03468488344045511
chr14,1,10,9,-0.025598875508805533
chr14,1,11,9,0.05095399463086939
chr14,2,0,9,-0.057490611491140035
chr14,2,1,9,-0.014138156055229278
chr14,2,2,9,0.04978959475690287
chr14,2,3,9,-0.13163758155247784
chr14,2,4,9,0.11292343880457865
chr14,2,5,9,-0.15172126978499512
chr14,2,6,9,-0.017387896467538473
chr14,2,7,9,-0.1517455193863474
chr14,2,8,9,-0.020661886476119596
chr14,2,9,9,0.02682373620635355
chr14,2,10,9,-0.03890398366996652
chr14,2,11,9,0.1412754707305276
chr14,3,0,9,0.08303174098926075
chr14,3,1,9,0.25046927794582363
chr14,3,2,9,0.31740095120049694
chr14,3,3,9,0.04379720092874981
chr14,3,4,9,0.02275214540793354
chr14,3,5,9,0.189572900634331
chr14,3,6,9,0.07840307166721588
chr14,3,7,9,0.29085015957651095
chr14,3,8,9,0.2104033964161963
chr14,3,9,9,0.14801746882461944
chr14,3,10,9,-0.03910545920961604
chr14,3,11,9,0.08978115064873539
chr14,4,0,9,-0.06170427277897597
chr14,4,1,9,-0.07547765674480093
chr14,4,2,9,-0.1103168856045894
chr14,4,3,9,-0.10949658964408535
chr14,4,4,9,-0.15488732102369987
chr14,4,5,9,-0.025811741098810792
chr14,4,6,9,0.13167002536377959
chr14,4,7,9,0.1958203000696846
chr14,4,8,9,-0.04915460498038851
chr14,4,9,9,-0.11594274573139914
chr14,4,10,9,0.05126071432774873
chr14,4,11,9,0.031224485452770026
chr14,5,0,9,-0.03664908425993371
chr14,5,1,9,-0.033632721582107485
chr14,5,2,9,0.02786429596264359
chr14,5,3,9,-0.004084775832333616
chr14,5,4,9,0.2785015078672194
chr14,5,5,9,0.04143859097681223
chr14,5,6,9,0.29002582336327587
chr14,5,7,9,0.21211638832629395
chr14,5,8,9,0.06727653272316005
chr14,5,9,9,0.16287676099853662
chr14,5,10,9,0.12214121243845352
chr14,5,11,9,0.12917150687404907
chr14,6,0,9,-0.07632989158561372
chr14,6,1,9,0.11451912703057451
chr14,6,2,9,-0.06515863927163376
chr14,6,3,9,0.052693754646987556
chr14,6,4,9,0.017101321893936493
chr14,6,5,9,-0.13698302004441312
chr14,6,6,9,-0.011663637781744304
chr14,6,7,9,-0.06692525709955496
chr14,6,8,9,-0.08648704741717489
chr14,6,9,9,0.05500335389899388
chr14,6,10,9,0.11669985825823843
chr14,6,11,9,-0.022508693800804114
chr14,7,0,9,0.03634816850065206
chr14,7,1,9,-0.10154396980669084
chr14,7,2,9,-0.04064286138878173
chr14,7,3,9,-0.063643569348402
chr14,7,4,9,0.06439204076616648
chr14,7,5,9,0.031627446351658005
chr14,7,6,9,0.11941796116989001
chr14,7,7,9,0.03526324189512545
chr14,7,8,9,-0.04395310219123357
chr14,7,9,9,-0.05015802943312104
chr14,7,10,9,0.0038753850197547376
chr14,7,11,9,0.05214390383669535
chr14,8,0,9,-0.0033228616919269336
chr14,8,1,9,-0.027838308804787566
chr14,8,2,9,0.005669234638392941
chr14,8,3,9,0.08897556825724827
chr14,8,4,9,0.10475920196999515
chr14,8,5,9,0.16929914590773174
chr14,8,6,9,0.067782685371222
chr14,8,7,9,0.09272398008333184
chr14,8,8,9,-0.07124894935615045
chr14,8,9,9,-0.07967580882960437
chr14,8,10,9,-0.008205054523745437
chr14,8,11,9,0.2044802085600477
chr14,9,0,9,0.03421074906899826
chr14,9,1,9,0.04516982524271771
chr14,9,2,9,0.05255050578056955
chr14,9,3,9,0.003270702075922252
chr14,9,4,9,0.08051593770149595
chr14,9,5,9,-0.006111957280865326
chr14,9,6,9,0.1326248733367992
chr14,9,7,9,0.10938631902406365
chr14,9,8,9,-0.1448356157107632
chr14,9,9,9,-0.07417302445280158
chr14,9,10,9,-0.07709313755952936
chr14,9,11,9,0.1044799268053468
chr14,10,0,9,-0.0022027990499802813
chr14,10,1,9,-0.03272538762837991
chr14,10,2,9,0.19737241580838433
chr14,10,3,9,0.06930567175099836
chr14,10,4,9,0.16913095896367852
chr14,10,5,9,0.25677609349576686
chr14,10,6,9,0.059906895717180025
chr14,10,7,9,-0.004324509538250336
chr14,10,8,9,-0.07027641509239187
chr14,10,9,9,0.04858387127746733
chr14,10,10,9,0.13662082670735656
chr14,10,11,9,0.02546523537188268
chr14,11,0,9,-0.09044246107827868
chr14,11,1,9,0.04654704271307047
chr14,11,2,9,-0.06734472065543623
chr14,11,3,9,0.20582596544035875
chr14,11,4,9,0.10052422591975549
chr14,11,5,9,0.14865136330734446
chr14,11,6,9,0.12497299216456884
chr14,11,7,9,0.13161854369171347
chr14,11,8,9,-0.07460121404018276
chr14,11,9,9,-0.05448509807574761
chr14,11,10,9,0.12121089477466827
chr14,11,11,9,-0.1004995007408285
chr15,0,0,7,0.07663443790681454
chr15,0,1,7,0.09001262850185728
chr15,0,2,7,0.0019829931759555402
chr15,0,3,7,0.06841119059117935
chr15,0,4,7,0.06431450309626631
chr15,0,5,7,0.061236405229081525
chr15,0,6,7,0.032191032419067275
chr15,0,7,7,0.002430177550495853
chr15,0,8,7,0.14104336501708645
chr15,0,9,7,0.13399614942526164
chr15,0,10,7,0.10174543465237049
chr15,0,11,7,0.07975502151768897
chr15,1,0,7,-0.020352572906171967
chr15,1,1,7,0.21857650367070458
chr15,1,2,7,0.08919566277013859
chr15,1,3,7,0.11107802829070214
chr15,1,4,7,0.022346249663857443
chr15,1,5,7,-0.007866840130285126
chr15,1,6,7,0.09057179773664295
chr15,1,7,7,-0.035764822958787267
chr15,1,8,7,0.0014995472418329564
chr15,1,9,7,0.23242995028728555
chr15,1,10,7,-0.010080448118090621
chr15,1,11,7,0.05467431944178937
chr15,2,0,7,0.2941031983706552
chr15,2,1,7,0.12910049081482738
chr15,2,2,7,0.05852376926081354
chr15,2,3,7,0.009214279334773423
chr15,2,4,7,0.1444343248265437
chr15,2,5,7,0.04897616039292533
chr15,2,6,7,0.1353627535132856
chr15,2,7,7,0.11682784741279496
chr15,2,8,7,0.17900143898836846
chr15,2,9,7,0.17311967199780845
chr15,2,10,7,0.15523507688403607
chr15,2,11,7,0.14771536788143277
chr15,3,0,7,0.170352807590931
chr15,3,1,7,0.14892320522132238
chr15,3,2,7,0.08029220596251208
chr15,3,3,7,0.10322669951619898
chr15,3,4,7,0.12688517054824783
chr15,3,5,7,0.05782828742880114
chr15,3,6,7,0.24685792650219396
chr15,3,7,7,0.11485048527430866
chr15,3,8,7,0.19634921446098316
chr15,3,9,7,0.10733129755577411
chr15,3,10,7,0.034332367190896905
chr15,3,11,7,0.05563464875162944
chr15,4,0,7,0.10992780535537375
chr15,4,1,7,0.012750334612133565
chr15,4,2,7,0.019371793306591018
chr15,4,3,7,0.08895088140495923
chr15,4,4,7,0.0020778427947502473
chr15,4,5,7,0.0036411496009559697
chr15,4,6,7,0.1869236721956225
chr15,4,7,7,0.11007716179992934
chr15,4,8,7,0.03637438610639576
chr15,4,9,7,-0.05276390536888751
chr15,4,10,7,-0.018896682493395156
chr15,4,11,7,0.07532126610964077
chr15,5,0,7,0.0024573818066035385
chr15,5,1,7,0.012545383368234964
chr15,5,2,7,0.13104029576282333
chr15,5,3,7,0.06889846522239497
chr15,5,4,7,0.10197780590057996
chr15,5,5,7,0.0112497478274816
chr15,5,6,7,0.07926634162602623
chr15,5,7,7,0.14992689640417597
chr15,5,8,7,-0.005284465162352592
chr15,5,9,7,0.18751120604919377
chr15,5,10,7,0.0019728855586652527
chr15,5,11,7,0.008168698089107427
chr15,6,0,7,-0.08339584454697506
chr15,6,1,7,-0.017873375929509133
chr15,6,2,7,0.012708898344031836
chr15,6,3,7,0.058981852445295156
chr15,6,4,7,0.12913273144450557
chr15,6,5,7,0.1240131321114603
chr15,6,6,7,-0.02833853681200261
chr15,6,7,7,0.097683383057833
chr15,6,8,7,0.05397382364667674
chr15,6,9,7,-0.07569299105328334
chr15,6,10,7,0.04482183382650936
chr15,6,11,7,-0.024479173722961267
chr15,7,0,7,-0.045809812329123165
chr15,7,1,7,0.01699699412524999
chr15,7,2,7,0.07476004461678272
chr15,7,3,7,-0.013228500427435444
chr15,7,4,7,0.13522678401359273
chr15,7,5,7,0.05273028289928509
chr15,7,6,7,0.04306330337168245
chr15,7,7,7,-0.08849300899400954
chr15,7,8,7,0.028741850979331716
chr15,7,9,7,0.017029199473358365
chr15,7,10,7,-0.07560315896081785
chr15,7,11,7,-0.09455733805227516
chr15,8,0,7,0.1478260099527655
chr15,8,1,7,-0.20413609768339816
chr15,8,2,7,0.11789837652395398
chr15,8,3,7,0.08304326712897804
chr15,8,4,7,0.2500173885518858
chr15,8,5,7,0.09657219301943197
chr15,8,6,7,0.008724659440065285
chr15,8,7,7,0.02783982691344802
chr15,8,8,7,-0.1445717844567586
chr15,8,9,7,0.08574777953814983
chr15,8,10,7,-0.12478740031600966
chr15,8,11,7,-0.05145178517244818
chr15,9,0,7,-0.07759180581436406
chr15,9,1,7,-0.0547923795281993
chr15,9,2,7,-0.010076037775276122
chr15,9,3,7,0.15604222340516846
chr15,9,4,7,0.1332838201963801
chr15,9,5,7,0.167645284400395
chr15,9,6,7,0.33300175929005027
chr15,9,7,7,0.04244212505495574
chr15,9,8,7,-0.20234526923017743
chr15,9,9,7,-0.16546231479733914
chr15,9,10,7,-0.18474049206201726
chr15,9,11,7,-0.16102244158495468
chr15,10,0,7,0.09788945467844744
chr15,10,1,7,0.001408092564875174
chr15,10,2,7,-0.06912836235701313
chr15,10,3,7,-0.009061368993625264
chr15,10,4,7,0.04927630092952102
chr15,10,5,7,-0.06925584274851654
chr15,10,6,7,0.05097882201824765
chr15,10,7,7,0.15357374715579802
chr15,10,8,7,-0.13094271425512005
chr15,10,9,7,-0.19519827857616637
chr15,10,10,7,0.07635176981232461
chr15,10,11,7,-0.08263542042063364
chr15,11,0,7,-0.04983620571911219
chr15,11,1,7,-0.016590754254636377
chr15,11,2,7,-0.30680757215682775
chr15,11,3,7,0.07058794966408757
chr15,11,4,7,-0.08037132487873468
chr15,11,5,7,-0.015294390055987483
chr15,11,6,7,0.06480681231881731
chr15,11,7,7,0.07431300339775926
chr15,11,8,7,0.06285591556633864
chr15,11,9,7,-0.03251697395901845
chr15,11,10,7,-0.09857849897311122
chr15,11,11,7,0.060736992728937796
chr16,0,0,8,-0.10536122782876424
chr16,0,1,8,0.0835289209704948
chr16,0,2,8,-0.059726958929090634
chr16,0,3,8,0.15069152530199936
chr16,0,4,8,0.10886926737176289
chr16,0,5,8,-0.025229278435507027
chr16,0,6,8,-0.015337151301665276
chr16,0,7,8,-0.08917899358845015
chr16,0,8,8,-0.01971318722853159
chr16,0,9,8,-0.0036865670258020566
chr16,0,10,8,0.12979812298463256
chr16,0,11,8,-0.12956649162676986
chr16,1,0,8,0.04609882790519096
chr16,1,1,8,-0.21138467898241442
chr16,1,2,8,-0.041151809684434285
chr16,1,3,8,-0.24931072384720288
chr16,1,4,8,-0.038710581628922214
chr16,1,5,8,-0.08552419505720771
chr16,1,6,8,-0.03335971447413932
chr16,1,7,8,-0.07671190089408415
chr16,1,8,8,-0.017437517166688676
chr16,1,9,8,-0.1611598995869995
chr16,1,10,8,-0.04711807685598547
chr16,1,11,8,0.035006005562746634
chr16,2,0,8,-0.014272789165723582
chr16,2,1,8,-0.09194561306527664
chr16,2,2,8,-0.10537217367644561
chr16,2,3,8,-0.10570394126701471
chr16,2,4,8,0.0882671419230169
chr16,2,5,8,-0.15853455465538058
chr16,2,6,8,-0.04786455630137174
chr16,2,7,8,-0.18815913825568664
chr16,2,8,8,-0.11264330319014648
chr16,2,9,8,-0.1454386994776133
chr16,2,10,8,0.021347795916536738
chr16,2,11,8,0.02688683355742927
chr16,3,0,8,-0.10284830350710861
chr16,3,1,8,-0.08536057112117793
chr16,3,2,8,-0.10555853159932085
chr16,3,3,8,-0.1986711535318515
chr16,3,4,8,-0.08648078639496415
chr16,3,5,8,-0.02143279708039038
chr16,3,6,8,-0.13060586121536066
chr16,3,7,8,-0.12218770900217621
chr16,3,8,8,-0.09204937493096994
chr16,3,9,8,0.06837844105742899
chr16,3,10,8,-0.1152316489113279
chr16,3,11,8,0.14053892987830655
chr16,4,0,8,-0.13904332528224495
chr16,4,1,8,-0.1112762536036361
chr16,4,2,8,-0.1899524613674402
chr16,4,3,8,0.09135893101671459
chr16,4,4,8,0.06995733094051063
chr16,4,5,8,-0.09960230434660974
chr16,4,6,8,0.13062797416839358
chr16,4,7,8,-0.11836144257193662
chr16,4,8,8,0.12512188483808773
chr16,4,9,8,0.23133763814829156
chr16,4,10,8,-0.03164422273622289
chr16,4,11,8,0.21002227055634237
chr16,5,0,8,0.22245895087687995
chr16,5,1,8,-0.025052695303753966
chr16,5,2,8,-0.08201450593021756
chr16,5,3,8,0.027496586538558708
chr16,5,4,8,0.18356856646908407
chr16,5,5,8,0.26999537678300023
chr16,5,6,8,-0.05962277816453999
chr16,5,7,8,0.022267957900298715
chr16,5,8,8,0.07599647113993527
chr16,5,9,8,0.09770764151805406
chr16,5,10,8,0.22496614634097864
chr16,5,11,8,0.14778868362922065
chr16,6,0,8,0.08146259456111754
chr16,6,1,8,-0.021865532395908407
chr16,6,2,8,-0.09071493364615578
chr16,6,3,8,0.024769823957137616
chr16,6,4,8,-0.003997478555789392
chr16,6,5,8,-0.07010904127876105
chr16,6,6,8,-0.055871735864583646
chr16,6,7,8,-0.1451386702937167
chr16,6,8,8,-0.23333854195714349
chr16,6,9,8,0.20890508176114425
chr16,6,10,8,-0.07624083058311135
chr16,6,11,8,0.14599759168765206
chr16,7,0,8,0.16037921995109738
chr16,7,1,8,-0.1435855232171398
chr16,7,2,8,-0.2599554625763243
chr16,7,3,8,-0.12317316767100836
chr16,7,4,8,-0.0636714214096328
chr16,7,5,8,-0.10708045456245938
chr16,7,6,8,-0.14548864309102058
chr16,7,7,8,-0.03244381859190179
chr16,7,8,8,-0.16136022231385957
chr16,7,9,8,-0.1583713974627091
chr16,7,10,8,0.17070701267432875
chr16,7,11,8,0.06874917870955835
chr16,8,0,8,0.2828889028448554
chr16,8,1,8,-0.2415522203934291
chr16,8,2,8,0.29928845318437836
chr16,8,3,8,-0.184114353999638
chr16,8,4,8,-0.11645267507792505
chr16,8,5,8,-0.0682713397292245
chr16,8,6,8,-0.08616939964262
chr16,8,7,8,-0.016952468206398022
chr16,8,8,8,0.004917078558321075
chr16,8,9,8,0.13557561910017935
chr16,8,10,8,-0.26690042307906
chr16,8,11,8,0.17342373627924107
chr16,9,0,8,-0.06854128768335721
chr16,9,1,8,0.17472239908227616
chr16,9,2,8,0.26653805651275014
chr16,9,3,8,-0.13211763361619208
chr16,9,4,8,-0.0865799782131164
chr16,9,5,8,-0.002866356478215537
chr16,9,6,8,-0.11428115468343483
chr16,9,7,8,-0.01592622963447548
chr16,9,8,8,0.030509795741541293
chr16,9,9,8,0.14349233861353788
chr16,9,10,8,-0.07713516394849851
chr16,9,11,8,-0.12488894484869914
chr16,10,0,8,0.07792581729782977
chr16,10,1,8,-0.15163980649762354
chr16,10,2,8,0.11480576748146815
chr16,10,3,8,-0.11089047006048872
chr16,10,4,8,-0.02603701286464766
chr16,10,5,8,0.05285314716752339
chr16,10,6,8,-0.21460580291112347
chr16,10,7,8,-0.2567007661530045
chr16,10,8,8,0.06326177532967059
chr16,10,9,8,0.16767222753114702
chr16,10,10,8,-0.158907237098941
chr16,10,11,8,-0.039813526315288894
chr16,11,0,8,0.18445731814682464
chr16,11,1,8,-0.004389671567803927
chr16,11,2,8,-0.016678047722069538
chr16,11,3,8,0.03879317970461405
chr16,11,4,8,0.10907807572196548
chr16,11,5,8,-0.0730636129126506
chr16,11,6,8,-0.18938672604115112
chr16,11,7,8,-0.04389644841340123
chr16,11,8,8,0.13632262882593332
chr16,11,9,8,0.04937168519669359
chr16,11,10,8,0.19055921753948113
chr16,11,11,8,-0.11194812640819116
chr17,0,0,14,-0.04682437439764967
chr17,0,1,14,-0.1063496888965458
chr17,0,2,14,0.043299461348708476
chr17,0,3,14,-0.06558006841096312
chr17,0,4,14,0.0573763413751347
chr17,0,5,14,0.1323238519333655
chr17,0,6,14,0.0420784145190045
chr17,0,7,14,0.1440035147870102
chr17,0,8,14,-0.008694330089688868
chr17,0,9,14,0.012661184189599582
chr17,0,10,14,-0.08980730506223798
chr17,0,11,14,0.03158639110487901
chr17,1,0,14,-0.1652516059598021
chr17,1,1,14,0.06945886385458795
chr17,1,2,14,0.11895833604653482
chr17,1,3,14,0.18400122859680673
chr17,1,4,14,-0.016083713691971088
chr17,1,5,14,0.14287191318510897
chr17,1,6,14,0.17811194188649607
chr17,1,7,14,0.061234214463705305
chr17,1,8,14,0.19228478480745476
chr17,1,9,14,0.018278823953176343
chr17,1,10,14,0.025388474999002857
chr17,1,11,14,-0.12442338655217534
chr17,2,0,14,0.02902223463386188
chr17,2,1,14,0.24507339603426986
chr17,2,2,14,0.10723674380742709
chr17,2,3,14,0.13737137954330766
chr17,2,4,14,0.0670650454459015
chr17,2,5,14,0.15115654749632315
chr17,2,6,14,0.006785367000851293
chr17,2,7,14,0.04944496963184607
chr17,2,8,14,0.11360002909057633
chr17,2,9,14,0.046219211135091406
chr17,2,10,14,-0.07082160313236122
chr17,2,11,14,0.031540878501307566
chr17,3,0,14,0.1054512892869568
chr17,3,1,14,0.1124448220236788
chr17,3,2,14,0.2162483374135294
chr17,3,3,14,0.3412301784279948
chr17,3,4,14,0.07425920544915195
chr17,3,5,14,0.14342860892736273
chr17,3,6,14,0.06607877321385526
chr17,3,7,14,0.08461817452844397
chr17,3,8,14,0.20853491232515456
chr17,3,9,14,-0.12390568739478017
chr17,3,10,14,0.2081643137254285
chr17,3,11,14,-0.12046856455412616
chr17,4,0,14,0.21149100016250344
chr17,4,1,14,0.17372504612116657
chr17,4,2,14,0.2238709889458044
chr17,4,3,14,-0.02502276536481058
chr17,4,4,14,0.06342199011057593
chr17,4,5,14,-0.05923292908946875
chr17,4,6,14,-0.02822575496212349
chr17,4,7,14,0.14652161429455246
chr17,4,8,14,0.07145493579883501
chr17,4,9,14,0.06923797664839913
chr17,4,10,14,0.10292345284366279
chr17,4,11,14,-0.12576418786531093
chr17,5,0,14,-0.007743061577035136
chr17,5,1,14,0.13803642349617717
chr17,5,2,14,0.16135272024866157
chr17,5,3,14,0.01643728352123462
chr17,5,4,14,-0.014672528459027704
chr17,5,5,14,0.10426826988881213
chr17,5,6,14,0.11917701524094597
chr17,5,7,14,0.13841507423025468
chr17,5,8,14,0.04424508937815913
chr17,5,9,14,-0.015931228122444963
chr17,5,10,14,-0.12240238925840784
chr17,5,11,14,-0.07439216790886762
chr17,6,0,14,0.11382726738527689
chr17,6,1,14,-0.07222097838296418
chr17,6,2,14,0.2279462764817663
chr17,6,3,14,0.08985750729738552
chr17,6,4,14,0.10223063058043692
chr17,6,5,14,0.1615371325905949
chr17,6,6,14,0.10767095602423653
chr17,6,7,14,0.0899213415617622
chr17,6,8,14,0.07860966129148071
chr17,6,9,14,-0.16464056749091363
chr17,6,10,14,0.18685399026027563
chr17,6,11,14,-0.11276076359681667
chr17,7,0,14,-0.196986852155419
chr17,7,1,14,0.15960514420192976
chr17,7,2,14,0.24121710989643447
chr17,7,3,14,0.17548832141672768
chr17,7,4,14,0.06496350197048949
chr17,7,5,14,0.12035492128487017
chr17,7,6,14,0.09522943486407667
chr17,7,7,14,0.1717367122326729
chr17,7,8,14,0.20200545325382666
chr17,7,9,14,0.20013596009235315
chr17,7,10,14,-0.20983758847972625
chr17,7,11,14,0.061442358439278956
chr17,8,0,14,0.015645965705216768
chr17,8,1,14,0.2314718502627127
chr17,8,2,14,0.06889149683752671
chr17,8,3,14,0.26563025187606026
chr17,8,4,14,0.1577889179740208
chr17,8,5,14,0.10063149867256117
chr17,8,6,14,0.07674957221362495
chr17,8,7,14,0.18572894453428468
chr17,8,8,14,0.10467084082699195
chr17,8,9,14,0.00047617469857472964
chr17,8,10,14,0.27734539059896385
chr17,8,11,14,-0.06612164639873548
chr17,9,0,14,0.042960033696254264
chr17,9,1,14,-0.04465260571713158
chr17,9,2,14,-0.016285532281214002
chr17,9,3,14,0.16453512837347392
chr17,9,4,14,-0.07503174278040577
chr17,9,5,14,-0.03842238922089507
chr17,9,6,14,-0.012314452490963246
chr17,9,7,14,0.09471609896435336
chr17,9,8,14,0.15046784338860777
chr17,9,9,14,-0.012746079262345647
chr17,9,10,14,0.13959237613893552
chr17,9,11,14,0.012961969395801966
chr17,10,0,14,-0.24877068965484297
chr17,10,1,14,0.0685060541122164
chr17,10,2,14,-0.017097652326988285
chr17,10,3,14,0.17982593082837398
chr17,10,4,14,0.11501214035191333
chr17,10,5,14,0.09875814229692821
chr17,10,6,14,-0.08163046039942345
chr17,10,7,14,0.019449987922900414
chr17,10,8,14,-0.00808992991941104
chr17,10,9,14,0.036929002672729985
chr17,10,10,14,0.059523225593329766
chr17,10,11,14,0.07834908471923474
chr17,11,0,14,0.0232060203357389
chr17,11,1,14,-0.08548590875791708
chr17,11,2,14,0.08782140024246451
chr17,11,3,14,0.002613305854367335
chr17,11,4,14,-0.018208064086477245
chr17,11,5,14,-0.013054775796741401
chr17,11,6,14,0.021509687564152648
chr17,11,7,14,0.05757695945241277
chr17,11,8,14,-0.14944270999497236
chr17,11,9,14,-0.08274218486909127
chr17,11,10,14,-0.020420610508453202
chr17,11,11,14,0.09258023548115468
chr18,0,0,7,-0.07589093942092859
chr18,0,1,7,0.0001413001134631307
chr18,0,2,7,0.013486293284741716
chr18,0,3,7,0.06269170375857254
chr18,0,4,7,0.1839844516714786
chr18,0,5,7,0.055393760151244635
chr18,0,6,7,0.047320892400471694
chr18,0,7,7,-0.044111865818448406
chr18,0,8,7,0.16385059568478486
chr18,0,9,7,0.02786159836309696
chr18,0,10,7,-0.04012394934015167
chr18,0,11,7,0.009135224078599484
chr18,1,0,7,0.045686091967406584
chr18,1,1,7,0.06216779698501932
chr18,1,2,7,-0.020200148756527373
chr18,1,3,7,0.05699620634973164
chr18,1,4,7,-0.13542117033911472
chr18,1,5,7,0.05697686399209619
chr18,1,6,7,-0.10081671757726922
chr18,1,7,7,-0.09698515407279372
chr18,1,8,7,-0.009181386923352195
chr18,1,9,7,0.18153973693133224
chr18,1,10,7,-0.08494105814876766
chr18,1,11,7,0.10140282695327006
chr18,2,0,7,0.010896643386808116
chr18,2,1,7,-0.1485299955169796
chr18,2,2,7,0.1752311471266521
chr18,2,3,7,-0.09078724814225303
chr18,2,4,7,0.10723246215962746
chr18,2,5,7,0.10015817528060793
chr18,2,6,7,-0.06739159662723344
chr18,2,7,7,0.020189194601072047
chr18,2,8,7,0.0969663855661645
chr18,2,9,7,0.07228409091538815
chr18,2,10,7,-0.038270234556848436
chr18,2,11,7,0.06990799534481505
chr18,3,0,7,0.03613700671603264
chr18,3,1,7,0.07685039746674287
chr18,3,2,7,0.09234769892572937
chr18,3,3,7,0.02769968908956605
chr18,3,4,7,0.10534780835597389
chr18,3,5,7,0.23658790220659137
chr18,3,6,7,0.07149007828837149
chr18,3,7,7,0.10382900885666348
chr18,3,8,7,0.029134163364974923
chr18,3,9,7,-0.0028045962775610856
chr18,3,10,7,0.1448804737468356
chr18,3,11,7,0.06386107623348625
chr18,4,0,7,-0.0415248648202125
chr18,4,1,7,-0.044776401491648535
chr18,4,2,7,-0.05154526278530257
chr18,4,3,7,0.04284150316259732
chr18,4,4,7,-0.1564661388656773
chr18,4,5,7,0.08973581201328595
chr18,4,6,7,0.04735528099268693
chr18,4,7,7,-0.14696123688210472
chr18,4,8,7,-0.278730768337172
chr18,4,9,7,-0.04765377052785212
chr18,4,10,7,-0.11178128800843558
chr18,4,11,7,-0.13291449111304737
chr18,5,0,7,-0.11163486766930723
chr18,5,1,7,-0.1380085631858047
chr18,5,2,7,-0.07067824142660226
chr18,5,3,7,-0.011402767882365843
chr18,5,4,7,0.09401003898113328
chr18,5,5,7,-0.1090054630819725
chr18,5,6,7,0.018183409229582875
chr18,5,7,7,-0.12487349321034598
chr18,5,8,7,-0.21720877171737138
chr18,5,9,7,0.001647304766464979
chr18,5,10,7,-0.145254469476061
chr18,5,11,7,-0.03306550166652178
chr18,6,0,7,-0.11793418957867885
chr18,6,1,7,0.08890069274753633
chr18,6,2,7,0.062162081065843554
chr18,6,3,7,-0.01197203121019108
chr18,6,4,7,-0.0426521877944425
chr18,6,5,7,0.19766389812436488
chr18,6,6,7,0.002408786201094883
chr18,6,7,7,-0.12299516589898107
chr18,6,8,7,-0.0015912923859896827
chr18,6,9,7,-0.0628682931153282
chr18,6,10,7,-0.0054478350607925
chr18,6,11,7,0.09847079268505655
chr18,7,0,7,-0.0012151378030002308
chr18,7,1,7,0.03173401680542514
chr18,7,2,7,-0.03799871296840278
chr18,7,3,7,0.061826040667575854
chr18,7,4,7,0.12505997555066753
chr18,7,5,7,0.03327889649129318
chr18,7,6,7,0.22189128889041307
chr18,7,7,7,0.1859450357338104
chr18,7,8,7,0.0030575722639364206
chr18,7,9,7,0.014858452284687582
chr18,7,10,7,0.010575725813301731
chr18,7,11,7,0.007102405289023331
chr18,8,0,7,-0.10935789447929165
chr18,8,1,7,0.045430697352034706
chr18,8,2,7,-0.08995777017068374
chr18,8,3,7,0.09994499668917094
chr18,8,4,7,0.19881087487249047
chr18,8,5,7,0.1778273137643455
chr18,8,6,7,0.10555078382270655
chr18,8,7,7,0.26976865108844017
chr18,8,8,7,-0.10100054673488448
chr18,8,9,7,-0.05902973020834214
chr18,8,10,7,0.036820908834719925
chr18,8,11,7,0.14710104274262928
chr18,9,0,7,0.189076591038499
chr18,9,1,7,-0.07118037301493187
chr18,9,2,7,0.05486726951396579
chr18,9,3,7,-0.035401263723901524
chr18,9,4,7,0.1042666100272076
chr18,9,5,7,-0.001586682858048741
chr18,9,6,7,0.16131194412983113
chr18,9,7,7,0.07484533303152206
chr18,9,8,7,0.071696641361033
chr18,9,9,7,-0.07143167455285417
chr18,9,10,7,0.08100967808284756
chr18,9,11,7,0.18374400467208446
chr18,10,0,7,0.03862251288207592
chr18,10,1,7,0.027407545147566572
chr18,10,2,7,-0.22334167852251188
chr18,10,3,7,0.13076251566872435
chr18,10,4,7,0.054957219512852026
chr18,10,5,7,0.040619882849870496
chr18,10,6,7,0.040725747805385334
chr18,10,7,7,0.04290142536566549
chr18,10,8,7,-0.05636869309144361
chr18,10,9,7,0.026793573696588555
chr18,10,10,7,0.06538664242966068
chr18,10,11,7,0.02735230072361768
chr18,11,0,7,0.017535932319623648
chr18,11,1,7,0.0780937727131541
chr18,11,2,7,-0.03701649278706452
chr18,11,3,7,0.1239561723239276
chr18,11,4,7,-0.08597286630789631
chr18,11,5,7,0.03725933782048957
chr18,11,6,7,0.006038494140207999
chr18,11,7,7,-0.09060785479846846
chr18,11,8,7,0.1294806792722998
chr18,11,9,7,0.10729245647896914
chr18,11,10,7,0.1272147789656712
chr18,11,11,7,-0.02959378410375219
chr19,0,0,8,0.137231635731756
chr19,0,1,8,0.04463559661625373
chr19,0,2,8,0.07179363911930361
chr19,0,3,8,-0.049996485894067265
chr19,0,4,8,0.0069963911696406585
chr19,0,5,8,0.0492819572886985
chr19,0,6,8,0.1015038912316957
chr19,0,7,8,-0.014401695159260257
chr19,0,8,8,-0.04325950174799557
chr19,0,9,8,-0.031282715098360864
chr19,0,10,8,-0.06224259917636571
chr19,0,11,8,0.012228352807764145
chr19,1,0,8,-0.041313876132400965
chr19,1,1,8,0.0526711596129521
chr19,1,2,8,0.0847936397707614
chr19,1,3,8,0.03329180116717148
chr19,1,4,8,0.030248650162683723
chr19,1,5,8,0.03873923805073677
chr19,1,6,8,0.06076530177841632
chr19,1,7,8,-0.11083092662053166
chr19,1,8,8,0.04031241024353567
chr19,1,9,8,-0.03608964015309075
chr19,1,10,8,-0.027306106781803084
chr19,1,11,8,0.021453333395996393
chr19,2,0,8,-0.08396137993615363
chr19,2,1,8,0.08172670542373431
chr19,2,2,8,-0.0555421732777959
chr19,2,3,8,0.08480431304905686
chr19,2,4,8,0.2166917551753212
chr19,2,5,8,0.10951081985196276
chr19,2,6,8,0.029633217674206902
chr19,2,7,8,0.0973326409169185
chr19,2,8,8,-0.029856307338277058
chr19,2,9,8,0.06581168038503177
chr19,2,10,8,0.09971572315913996
chr19,2,11,8,-0.03291259654884805
chr19,3,0,8,0.08951193090502985
chr19,3,1,8,-0.10297383150838837
chr19,3,2,8,-0.07392337666798224
chr19,3,3,8,0.09530457530091342
chr19,3,4,8,0.10310248276807575
chr19,3,5,8,-0.036037055219794625
chr19,3,6,8,0.023603816333829505
chr19,3,7,8,0.06410793787073313
chr19,3,8,8,-0.047848873437803335
chr19,3,9,8,-0.041018915671398586
chr19,3,10,8,0.12239788120780029
chr19,3,11,8,0.04304573038416133
chr19,4,0,8,0.025501324431214265
chr19,4,1,8,0.22957904326702075
chr19,4,2,8,0.06494851687084163
chr19,4,3,8,0.03224757505463587
chr19,4,4,8,0.045341010089381614
chr19,4,5,8,0.0010106713836690265
chr19,4,6,8,-0.021055508301774772
chr19,4,7,8,-0.10945769173094033
chr19,4,8,8,0.05644125690935861
chr19,4,9,8,0.022485229915906967
chr19,4,10,8,-0.06368811456796128
chr19,4,11,8,-0.029767332682041195
chr19,5,0,8,0.05492274435079311
chr19,5,1,8,0.006992187278719676
chr19,5,2,8,0.06005192233891203
chr19,5,3,8,-0.10630650302754169
chr19,5,4,8,-0.11471854637284651
chr19,5,5,8,0.030577887778628424
chr19,5,6,8,-0.23689420611265527
chr19,5,7,8,-0.07289087492946454
chr19,5,8,8,0.08931502176398805
chr19,5,9,8,0.027725603040951383
chr19,5,10,8,-0.1368886469462982
chr19,5,11,8,-0.008782502418085723
chr19,6,0,8,0.1514333852832494
chr19,6,1,8,-0.19628017417821383
chr19,6,2,8,-0.03672836478665849
chr19,6,3,8,-0.06020247116329746
chr19,6,4,8,-0.13515783591887623
chr19,6,5,8,-0.00451550826773791
chr19,6,6,8,0.039812389281263134
chr19,6,7,8,-0.15425781794538884
chr19,6,8,8,-0.06690398332100973
chr19,6,9,8,-0.059777331806953944
chr19,6,10,8,0.09411446101938095
chr19,6,11,8,-0.021484508115897652
chr19,7,0,8,7.32330236526274e-05
chr19,7,1,8,0.04017712582667829
chr19,7,2,8,0.09747050849363878
chr19,7,3,8,0.021656865677253598
chr19,7,4,8,0.03187098088561144
chr19,7,5,8,-0.11065540945692687
chr19,7,6,8,-0.0051382992943348055
chr19,7,7,8,-0.004452687922507914
chr19,7,8,8,0.019375627256006653
chr19,7,9,8,0.027663312977655716
chr19,7,10,8,0.03815058754727482
chr19,7,11,8,-0.021549509971895905
chr19,8,0,8,0.22590912109559247
chr19,8,1,8,0.13183719238843977
chr19,8,2,8,0.2653476034909653
chr19,8,3,8,-0.10588690166379068
chr19,8,4,8,-0.10824724753777555
chr19,8,5,8,0.004826989726495347
chr19,8,6,8,-0.0690015408240195
chr19,8,7,8,-0.12960713616356528
chr19,8,8,8,0.08108480429254375
chr19,8,9,8,0.14985998951388688
chr19,8,10,8,0.08403625578281715
chr19,8,11,8,0.017578050270099538
chr19,9,0,8,-0.014428690286932375
chr19,9,1,8,0.16284571231274492
chr19,9,2,8,0.22881996523395118
chr19,9,3,8,-0.06127899633187868
chr19,9,4,8,-0.1274673389456301
chr19,9,5,8,0.14898158177226506
chr19,9,6,8,-0.12199963741600026
chr19,9,7,8,-0.03109954286943837
chr19,9,8,8,0.09231679527451371
chr19,9,9,8,0.1901052439880998
chr19,9,10,8,0.1156880043988151
chr19,9,11,8,-0.1265500409001255
chr19,10,0,8,-0.07117585396754919
chr19,10,1,8,-0.030301568011170413
chr19,10,2,8,-0.028972876288497026
chr19,10,3,8,-0.143004979130541
chr19,10,4,8,-0.24003736873124937
chr19,10,5,8,-0.16186118441559
chr19,10,6,8,-0.28954104160016914
chr19,10,7,8,-0.09162640099032279
chr19,10,8,8,0.04938629607470828
chr19,10,9,8,-0.0068041553828426735
chr19,10,10,8,-0.01688056263884448
chr19,10,11,8,-0.1298062578062109
chr19,11,0,8,0.12165247278174604
chr19,11,1,8,0.030792432335705194
chr19,11,2,8,-0.0828313049024811
chr19,11,3,8,-0.03060356537263132
chr19,11,4,8,-0.036264299152289604
chr19,11,5,8,-0.16406508553989085
chr19,11,6,8,-0.15174337539382354
chr19,11,7,8,-0.15356245892186662
chr19,11,8,8,0.08979610666073536
chr19,11,9,8,-0.04550081448141622
chr19,11,10,8,0.04545023462825605
chr19,11,11,8,0.11093462316788545
chr2,0,0,29,-0.004506754204245963
chr2,0,1,29,-0.08978772389920993
chr2,0,2,29,0.03254111606837186
chr2,0,3,29,0.06644023444175878
chr2,0,4,29,0.09763870274432303
chr2,0,5,29,0.10978170571228298
chr2,0,6,29,0.08113497351248243
chr2,0,7,29,-0.0015283084446009855
chr2,0,8,29,-0.027863528183474384
chr2,0,9,29,-0.023193579370051277
chr2,0,10,29,-0.04169112693378247
chr2,0,11,29,0.025531471003070988
chr2,1,0,29,-0.009200459611502239
chr2,1,1,29,0.13859067971591307
chr2,1,2,29,0.07850144619808828
chr2,1,3,29,0.07335215713413419
chr2,1,4,29,0.10970511134171355
chr2,1,5,29,0.024402484011374913
chr2,1,6,29,0.07076073106773009
chr2,1,7,29,-0.044224207250160366
chr2,1,8,29,0.04804168375294292
chr2,1,9,29,0.14678864535022948
chr2,1,10,29,0.0002717994233700897
chr2,1,11,29,0.045891184116633545
chr2,2,0,29,0.11055433070993423
chr2,2,1,29,0.11102706656327119
chr2,2,2,29,-0.03434837656085539
chr2,2,3,29,0.0867746210138609
chr2,2,4,29,-0.015662601921164115
chr2,2,5,29,0.0788652466229927
chr2,2,6,29,0.07483552007131752
chr2,2,7,29,-0.00026159920459213474
chr2,2,8,29,0.058870327856039587
chr2,2,9,29,0.045378631705485464
chr2,2,10,29,0.11488362925427624
chr2,2,11,29,0.0025237254007283274
chr2,3,0,29,0.11209973316855854
chr2,3,1,29,0.11668937502870781
chr2,3,2,29,0.03255041411780218
chr2,3,3,29,0.1545296523803542
chr2,3,4,29,0.157005668128944
chr2,3,5,29,0.08483490515879132
chr2,3,6,29,0.04135808027030184
chr2,3,7,29,0.13289570501316797
chr2,3,8,29,0.14786063019220416
chr2,3,9,29,-0.016474405396379156
chr2,3,10,29,0.14528501023425405
chr2,3,11,29,-0.01857735103915767
chr2,4,0,29,0.03999291718454073
chr2,4,1,29,0.10423421748190068
chr2,4,2,29,0.029305728331133294
chr2,4,3,29,0.06595460433611613
chr2,4,4,29,-0.03974217637865761
chr2,4,5,29,0.09862599682775239
chr2,4,6,29,0.06680921455424225
chr2,4,7,29,0.15349065908339946
chr2,4,8,29,0.0580706554557158
chr2,4,9,29,0.005668355531111214
chr2,4,10,29,0.14652240626188373
chr2,4,11,29,0.12553533807146075
chr2,5,0,29,0.08261284929813947
chr2,5,1,29,0.03890437857662647
chr2,5,2,29,0.09349471935445061
chr2,5,3,29,0.06147101336496358
chr2,5,4,29,0.15558589277035761
chr2,5,5,29,-0.07758487987565942
chr2,5,6,29,0.1628545802233805
chr2,5,7,29,0.0421807412776829
chr2,5,8,29,0.05146582987398045
chr2,5,9,29,0.18703382120076995
chr2,5,10,29,-0.013229478282329217
chr2,5,11,29,0.15768301518835212
chr2,6,0,29,0.05140547743482194
chr2,6,1,29,0.1276559454726031
chr2,6,2,29,0.12393931625532295
chr2,6,3,29,0.05125933619538562
chr2,6,4,29,0.0523712194838447
chr2,6,5,29,0.010057382387658506
chr2,6,6,29,0.0294107668616744
chr2,6,7,29,0.004113938427725255
chr2,6,8,29,0.1537969334547266
chr2,6,9,29,-0.01754128175646965
chr2,6,10,29,0.09804777049713065
chr2,6,11,29,-0.026328551114489597
chr2,7,0,29,-0.07959088995592348
chr2,7,1,29,0.1164703790790008
chr2,7,2,29,0.006446668676701268
chr2,7,3,29,0.127028625768182
chr2,7,4,29,0.14998316093986122
chr2,7,5,29,-0.014728795283348152
chr2,7,6,29,0.08256154567764942
chr2,7,7,29,0.16557473046646512
chr2,7,8,29,0.10776996990581246
chr2,7,9,29,0.10194215740187698
chr2,7,10,29,-0.06152350856983794
chr2,7,11,29,0.14661378868765051
chr2,8,0,29,0.004245132707738759
chr2,8,1,29,0.0610187217773422
chr2,8,2,29,0.08211320010497569
chr2,8,3,29,0.1123022472794134
chr2,8,4,29,0.057344265099895715
chr2,8,5,29,0.08242322960751537
chr2,8,6,29,0.0441098422205409
chr2,8,7,29,-0.04097711427066555
chr2,8,8,29,0.06777827358351932
chr2,8,9,29,0.02829398980890795
chr2,8,10,29,0.07877194758231015
chr2,8,11,29,0.020405179248559516
chr2,9,0,29,0.14874456530005203
chr2,9,1,29,0.08925472543924166
chr2,9,2,29,0.08524679552722943
chr2,9,3,29,0.08858323679050097
chr2,9,4,29,0.11893009067079491
chr2,9,5,29,0.10249528113188054
chr2,9,6,29,0.13132423865454762
chr2,9,7,29,0.14099034747479933
chr2,9,8,29,0.028670980742860487
chr2,9,9,29,-0.04536440499379415
chr2,9,10,29,0.0629861266566256
chr2,9,11,29,0.166436529162511
chr2,10,0,29,0.15789802305525966
chr2,10,1,29,0.05400743809294659
chr2,10,2,29,-0.10375046676055233
chr2,10,3,29,0.029353331575614535
chr2,10,4,29,0.04442530934607511
chr2,10,5,29,0.026601015297072265
chr2,10,6,29,0.03668544628093754
chr2,10,7,29,0.0955372425749237
chr2,10,8,29,-0.011615782088983471
chr2,10,9,29,-0.0781388435648485
chr2,10,10,29,0.1405562051260355
chr2,10,11,29,0.20004014987778293
chr2,11,0,29,-0.011551313986201447
chr2,11,1,29,0.020321937931281824
chr2,11,2,29,0.019918089073461532
chr2,11,3,29,0.0073580572931134505
chr2,11,4,29,-0.09107898758293827
chr2,11,5,29,0.09310097638289928
chr2,11,6,29,0.12756894611885405
chr2,11,7,29,0.017909854228808045
chr2,11,8,29,-0.0217960687695865
chr2,11,9,29,-0.008049388978996262
chr2,11,10,29,-0.003246072628586931
chr2,11,11,29,0.07440450717337767
chr20,0,0,4,-0.05902724697497079
chr20,0,1,4,-0.18139655390186343
chr20,0,2,4,0.22050117767697247
chr20,0,3,4,0.11137738835040958
chr20,0,4,4,0.1305092171080527
chr20,0,5,4,0.10613614101652794
chr20,0,6,4,-0.002112412737772254
chr20,0,7,4,0.10329409252397713
chr20,0,8,4,0.05597340862085093
chr20,0,9,4,-0.09033744609227212
chr20,0,10,4,-0.017201524205267812
chr20,0,11,4,0.14857172525673462
chr20,1,0,4,-0.6737687139880245
chr20,1,1,4,0.3683029262219306
chr20,1,2,4,0.6410786260549497
chr20,1,3,4,0.49494938890904405
chr20,1,4,4,0.20282160865463678
chr20,1,5,4,0.09341306180807321
chr20,1,6,4,0.1275218245110037
chr20,1,7,4,0.3801732984066185
chr20,1,8,4,0.7418030565710224
chr20,1,9,4,0.29230820520877604
chr20,1,10,4,-0.3378078323857484
chr20,1,11,4,-0.5633617512496848
chr20,2,0,4,0.06420183482755573
chr20,2,1,4,0.3470503829383753
chr20,2,2,4,-0.02688712001728931
chr20,2,3,4,0.06956940873474031
chr20,2,4,4,0.08719824318868576
chr20,2,5,4,0.10028541273692983
chr20,2,6,4,0.0937805847861772
chr20,2,7,4,0.04529965171530616
chr20,2,8,4,0.07284505270611097
chr20,2,9,4,0.025482857352985652
chr20,2,10,4,0.2015813463816169
chr20,2,11,4,-0.012353006351314061
chr20,3,0,4,0.2255280578516744
chr20,3,1,4,0.3062067729827288
chr20,3,2,4,0.38489498423329477
chr20,3,3,4,0.7299765916670629
chr20,3,4,4,0.366080634433424
chr20,3,5,4,-0.05977112764839465
chr20,3,6,4,0.1746254831034948
chr20,3,7,4,0.06008309442910806
chr20,3,8,4,0.28758615830029566
chr20,3,9,4,-0.6591604939789646
chr20,3,10,4,0.5374390492927195
chr20,3,11,4,-0.6822842222721959
chr20,4,0,4,0.22175207015294987
chr20,4,1,4,0.481908337254361
chr20,4,2,4,0.5581568471881853
chr20,4,3,4,-0.46224072761189366
chr20,4,4,4,0.05967523165426743
chr20,4,5,4,0.17937168881281
chr20,4,6,4,0.1352335849753913
chr20,4,7,4,0.05861031206845618
chr20,4,8,4,-0.1848289697324596
chr20,4,9,4,-0.4991552899917028
chr20,4,10,4,0.1896878553011671
chr20,4,11,4,-0.36004038883047185
chr20,5,0,4,0.10727884946884866
chr20,5,1,4,0.21123082082776626
chr20,5,2,4,0.7389928706366081
chr20,5,3,4,0.11098571764165484
chr20,5,4,4,-0.017197067328314317
chr20,5,5,4,0.035608980106392296
chr20,5,6,4,0.13352713537359945
chr20,5,7,4,-0.07749076566413263
chr20,5,8,4,0.2761945514426233
chr20,5,9,4,0.31848034683508536
chr20,5,10,4,-0.4824408649633186
chr20,5,11,4,0.13057934496941367
chr20,6,0,4,0.43184043555835194
chr20,6,1,4,-0.2925518804489079
chr20,6,2,4,0.1968141979966195
chr20,6,3,4,-0.1451462431838542
chr20,6,4,4,0.002512959325410081
chr20,6,5,4,0.14569233121175978
chr20,6,6,4,0.05073283707093624
chr20,6,7,4,-0.1776550670236196
chr20,6,8,4,0.08527332351609464
chr20,6,9,4,-0.6174283301215392
chr20,6,10,4,0.5503354996491959
chr20,6,11,4,-0.6899571255790151
chr20,7,0,4,-0.9198621762483955
chr20,7,1,4,0.914794484958508
chr20,7,2,4,0.44010567348119056
chr20,7,3,4,0.7280859966540744
chr20,7,4,4,0.40923660185540905
chr20,7,5,4,-0.07948199519514963
chr20,7,6,4,0.13671048138633046
chr20,7,7,4,0.304054632651083
chr20,7,8,4,0.9148008761372788
chr20,7,9,4,0.9197162921911769
chr20,7,10,4,-0.909415971823299
chr20,7,11,4,0.19212889128828486
chr20,8,0,4,-0.42361100420584735
chr20,8,1,4,0.45425589316110454
chr20,8,2,4,-0.33511586865773874
chr20,8,3,4,0.6570669682864672
chr20,8,4,4,-0.044480435351204044
chr20,8,5,4,0.030416557170363512
chr20,8,6,4,0.4322753656933386
chr20,8,7,4,0.45973804551320896
chr20,8,8,4,0.5367782007508679
chr20,8,9,4,0.09989125966390716
chr20,8,10,4,0.5047983961283683
chr20,8,11,4,-0.6023291165644971
chr20,9,0,4,0.8055792961461605
chr20,9,1,4,-0.0746274414952703
chr20,9,2,4,-0.04301528777810362
chr20,9,3,4,0.21234226278335952
chr20,9,4,4,0.17414678882524565
chr20,9,5,4,0.09690591335423707
chr20,9,6,4,0.25753640328716243
chr20,9,7,4,0.17903967952438282
chr20,9,8,4,0.5474116425281368
chr20,9,9,4,-0.022161304355197073
chr20,9,10,4,0.20357212924129744
chr20,9,11,4,0.32282387473648283
chr20,10,0,4,0.22957121132698233
chr20,10,1,4,0.6204226086923543
chr20,10,2,4,-0.007395827604418429
chr20,10,3,4,0.2093995421135833
chr20,10,4,4,0.04910396225823872
chr20,10,5,4,0.0314483793372695
chr20,10,6,4,-0.011793149621670843
chr20,10,7,4,0.23911458551592962
chr20,10,8,4,-0.29959238115730524
chr20,10,9,4,-0.0008693936147519676
chr20,10,10,4,0.32932530151059647
chr20,10,11,4,0.33187874537348033
chr20,11,0,4,-0.019971096166890794
chr20,11,1,4,0.09369899317844325
chr20,11,2,4,0.23581918926658724
chr20,11,3,4,0.22063770186014497
chr20,11,4,4,-0.16470361365637595
chr20,11,5,4,0.2032424020296124
chr20,11,6,4,0.1875743307506254
chr20,11,7,4,-0.17881867211339658
chr20,11,8,4,-0.11334866714378992
chr20,11,9,4,0.12997179966458558
chr20,11,10,4,0.07215972677074828
chr20,11,11,4,0.1096653346416312
chr22,0,0,3,0.03978183120094932
chr22,0,1,3,0.4520884332747161
chr22,0,2,3,-0.08648009821237151
chr22,0,3,3,0.6778131709261733
chr22,0,4,3,0.45989329647459704
chr22,0,5,3,-0.09271928182531104
chr22,0,6,3,0.09367844833214008
chr22,0,7,3,-0.12978788071566302
chr22,0,8,3,0.23644061964405313
chr22,0,9,3,0.07382452982846162
chr22,0,10,3,0.5803169355014911
chr22,0,11,3,0.062846478417499
chr22,1,0,3,0.14276041730074973
chr22,1,1,3,-0.07370455217058815
chr22,1,2,3,-0.09483319376362705
chr22,1,3,3,-0.12718191429428963
chr22,1,4,3,-0.2055939447572216
chr22,1,5,3,-0.2193092711875176
chr22,1,6,3,0.07428841578350416
chr22,1,7,3,-0.4741772582311059
chr22,1,8,3,-0.13300682522489762
chr22,1,9,3,0.09730472813338942
chr22,1,10,3,0.020770220839230264
chr22,1,11,3,0.13568934622948695
chr22,2,0,3,-0.09941619922792055
chr22,2,1,3,-0.16635777415607797
chr22,2,2,3,-0.23820945632329563
chr22,2,3,3,0.07258647522111548
chr22,2,4,3,-0.35913790970374865
chr22,2,5,3,-0.24020602071142072
chr22,2,6,3,-0.04868220856748867
chr22,2,7,3,-0.338054856991747
chr22,2,8,3,-0.3302307936707454
chr22,2,9,3,-0.3311171849024682
chr22,2,10,3,-0.14160377966407103
chr22,2,11,3,-0.22833074907955098
chr22,3,0,3,0.014293404037110824
chr22,3,1,3,0.1241370621977959
chr22,3,2,3,0.2239933231922265
chr22,3,3,3,-0.15886900066159063
chr22,3,4,3,-0.02827091114086146
chr22,3,5,3,0.29180889756704836
chr22,3,6,3,0.0058594746514306255
chr22,3,7,3,0.26958748260867
chr22,3,8,3,0.06153893261335593
chr22,3,9,3,0.25386516108434315
chr22,3,10,3,-0.019789385322146424
chr22,3,11,3,0.2517806380678795
chr22,4,0,3,-0.5778537617652258
chr22,4,1,3,-0.46412245740704283
chr22,4,2,3,-0.434936404968194
chr22,4,3,3,0.08118234562088972
chr22,4,4,3,-0.527194073920747
chr22,4,5,3,-0.11651385697747445
chr22,4,6,3,0.11501073647348892
chr22,4,7,3,-0.027131216793471885
chr22,4,8,3,0.10930998378274388
chr22,4,9,3,-0.13371812799952568
chr22,4,10,3,0.18554264585977054
chr22,4,11,3,0.14881212483414705
chr22,5,0,3,-0.07857366016793808
chr22,5,1,3,-0.25932789032623277
chr22,5,2,3,-0.2124030227185656
chr22,5,3,3,0.1944748519057282
chr22,5,4,3,0.4833646023452853
chr22,5,5,3,-0.408457723852561
chr22,5,6,3,0.0939062091531383
chr22,5,7,3,-0.08656790163415352
chr22,5,8,3,-0.27532832678977176
chr22,5,9,3,0.37451005378701624
chr22,5,10,3,0.4486534142723187
chr22,5,11,3,0.2588530654264914
chr22,6,0,3,-0.23889416720415282
chr22,6,1,3,0.2316425266813659
chr22,6,2,3,0.04584176082488912
chr22,6,3,3,0.02626126927372607
chr22,6,4,3,0.06035700485387901
chr22,6,5,3,0.044472601335010575
chr22,6,6,3,0.07212825400587425
chr22,6,7,3,0.15597200303983197
chr22,6,8,3,0.25277557584190363
chr22,6,9,3,0.26544480909328044
chr22,6,10,3,-0.13278046233621174
chr22,6,11,3,0.3602288214442744
chr22,7,0,3,0.21462176064291308
chr22,7,1,3,-0.13536983363343494
chr22,7,2,3,-0.2397634939021984
chr22,7,3,3,0.017730003757636455
chr22,7,4,3,0.38671073637072473
chr22,7,5,3,0.11135158661841708
chr22,7,6,3,0.23444769348923708
chr22,7,7,3,0.30855096712597496
chr22,7,8,3,-0.19759948613383596
chr22,7,9,3,-0.18555563672668107
chr22,7,10,3,0.27943488632898317
chr22,7,11,3,0.2955454396015194
chr22,8,0,3,0.10139857870107037
chr22,8,1,3,-0.40519731010755794
chr22,8,2,3,0.2583718273565569
chr22,8,3,3,0.13605219261952833
chr22,8,4,3,0.21105892406645335
chr22,8,5,3,0.2018289339350774
chr22,8,6,3,-0.002445128392283382
chr22,8,7,3,0.15519492899381274
chr22,8,8,3,-0.16389245596560384
chr22,8,9,3,0.04057995314491559
chr22,8,10,3,-0.3348767914415562
chr22,8,11,3,0.32793968557629166
chr22,9,0,3,-0.1664503968593636
chr22,9,1,3,-0.30185522796867226
chr22,9,2,3,-0.06861142562773696
chr22,9,3,3,0.009169469116494092
chr22,9,4,3,0.1965782025493902
chr22,9,5,3,-0.09589694987586861
chr22,9,6,3,-0.13592865279465735
chr22,9,7,3,0.3782965783495638
chr22,9,8,3,-0.25868923456583975
chr22,9,9,3,-0.545355369738936
chr22,9,10,3,-0.37700932042248364
chr22,9,11,3,-0.29052959503827896
chr22,10,0,3,0.3818900539822627
chr22,10,1,3,-0.048986291885800455
chr22,10,2,3,-0.0026592615359589122
chr22,10,3,3,-0.20815464897437608
chr22,10,4,3,0.058100343785533325
chr22,10,5,3,0.12869950830672597
chr22,10,6,3,-0.010991706063063897
chr22,10,7,3,-0.13387198506749276
chr22,10,8,3,-0.38665474042074904
chr22,10,9,3,-0.24005667114074594
chr22,10,10,3,0.07349702651709476
chr22,10,11,3,-0.09270509282325522
chr22,11,0,3,-0.006834372494931619
chr22,11,1,3,-0.07285635404016466
chr22,11,2,3,-0.11262354530766377
chr22,11,3,3,0.17779549433911215
chr22,11,4,3,0.33341919347243837
chr22,11,5,3,-0.07030561774442244
chr22,11,6,3,0.01337376323183378
chr22,11,7,3,0.025032448075728575
chr22,11,8,3,0.08168141230219168
chr22,11,9,3,-0.20528455648031851
chr22,11,10,3,-0.08678812974233224
chr22,11,11,3,-0.09515842584462846
chr3,0,0,22,0.02454252228498064
chr3,0,1,22,0.07038038621165049
chr3,0,2,22,0.022077826913656173
chr3,0,3,22,0.06615073137226628
chr3,0,4,22,0.02187275307006246
chr3,0,5,22,0.06131679627600988
chr3,0,6,22,0.054436863453566284
chr3,0,7,22,0.01070009517754244
chr3,0,8,22,-0.0034777154678171033
chr3,0,9,22,0.017113556317827447
chr3,0,10,22,0.1249254695570686
chr3,0,11,22,0.03294493792149153
chr3,1,0,22,0.15818650914228097
chr3,1,1,22,-0.06919080443065243
chr3,1,2,22,-0.08937250572010073
chr3,1,3,22,0.012051392655787141
chr3,1,4,22,0.031378297882361204
chr3,1,5,22,0.05382535140745379
chr3,1,6,22,0.0454074902178542
chr3,1,7,22,-0.10174219944522972
chr3,1,8,22,-0.16887977532500523
chr3,1,9,22,-0.05458975685187573
chr3,1,10,22,0.14978621405328632
chr3,1,11,22,0.16817222538235577
chr3,2,0,22,-0.01214221454395074
chr3,2,1,22,0.049561632000169636
chr3,2,2,22,-0.0020776114885391883
chr3,2,3,22,0.1636573228618094
chr3,2,4,22,-0.07009991188509096
chr3,2,5,22,0.07808651721578977
chr3,2,6,22,0.04985529170379132
chr3,2,7,22,0.02950031851316315
chr3,2,8,22,0.02687391007135388
chr3,2,9,22,0.015239484053023673
chr3,2,10,22,0.023992454171546995
chr3,2,11,22,0.01913652397081985
chr3,3,0,22,0.09778698553850207
chr3,3,1,22,0.10638950572449445
chr3,3,2,22,0.014291943044600604
chr3,3,3,22,-0.0063225541753584
chr3,3,4,22,-0.00771032479084904
chr3,3,5,22,0.08143187989637339
chr3,3,6,22,0.07714390897662854
chr3,3,7,22,0.14092013654468294
chr3,3,8,22,0.12282562341837405
chr3,3,9,22,0.19319467666729695
chr3,3,10,22,-0.03292123722318283
chr3,3,11,22,0.15519221947964593
chr3,4,0,22,0.01979434254075975
chr3,4,1,22,-0.07803703624982804
chr3,4,2,22,-0.05963933158376025
chr3,4,3,22,0.07433664484325381
chr3,4,4,22,-0.09932846440398119
chr3,4,5,22,0.048975908016679594
chr3,4,6,22,0.14648068168444175
chr3,4,7,22,0.03771551604954026
chr3,4,8,22,-0.05275694764852848
chr3,4,9,22,-0.036374118490059545
chr3,4,10,22,0.024048671015428322
chr3,4,11,22,0.020991474481048964
chr3,5,0,22,-0.04656444893881039
chr3,5,1,22,0.06263328528141267
chr3,5,2,22,-0.11827735251499134
chr3,5,3,22,-0.04632200256599261
chr3,5,4,22,-0.030631459914740932
chr3,5,5,22,0.09938612839884532
chr3,5,6,22,0.010747867832876542
chr3,5,7,22,0.0809494323530155
chr3,5,8,22,-0.03103039808648159
chr3,5,9,22,0.011501102929566236
chr3,5,10,22,0.01686695450365622
chr3,5,11,22,0.030790504888489865
chr3,6,0,22,-0.11302589369381857
chr3,6,1,22,0.016317440203389093
chr3,6,2,22,0.07566542631559066
chr3,6,3,22,0.10350282320116633
chr3,6,4,22,0.04257119295247282
chr3,6,5,22,0.05523973024202737
chr3,6,6,22,0.11274934825226414
chr3,6,7,22,0.04622775511385501
chr3,6,8,22,0.06804065000147316
chr3,6,9,22,0.09987686251981036
chr3,6,10,22,0.01123670113438577
chr3,6,11,22,0.1536442313688769
chr3,7,0,22,0.13597045966091884
chr3,7,1,22,-0.08676171727839424
chr3,7,2,22,-0.027445837027125983
chr3,7,3,22,-0.0924734244180736
chr3,7,4,22,-0.15904564139799685
chr3,7,5,22,-0.01685059941004714
chr3,7,6,22,-0.0028112287113569927
chr3,7,7,22,-0.046672365328254924
chr3,7,8,22,-0.13554339781987068
chr3,7,9,22,-0.1172679885127745
chr3,7,10,22,0.17842711918798065
chr3,7,11,22,-0.08331239713874505
chr3,8,0,22,0.0946786759305347
chr3,8,1,22,-0.18645806248676922
chr3,8,2,22,0.10905997469410772
chr3,8,3,22,-0.048139011702534026
chr3,8,4,22,0.06661899946401696
chr3,8,5,22,-0.00721117318689873
chr3,8,6,22,-0.019926684456948146
chr3,8,7,22,0.016179892036565204
chr3,8,8,22,-0.196014421518238
chr3,8,9,22,-0.041033318102435976
chr3,8,10,22,-0.1585441010391999
chr3,8,11,22,0.18294308017396935
chr3,9,0,22,-0.10949749908063856
chr3,9,1,22,0.014263044218436034
chr3,9,2,22,0.0857744258795554
chr3,9,3,22,0.07926129717646728
chr3,9,4,22,0.05490580566982851
chr3,9,5,22,0.05113175046862748
chr3,9,6,22,0.03185917013580769
chr3,9,7,22,-0.0582840952603358
chr3,9,8,22,-0.08662346567148743
chr3,9,9,22,-0.06187569092750016
chr3,9,10,22,-0.09228581972367943
chr3,9,11,22,-0.06951655838103668
chr3,10,0,22,-0.012740605769738953
chr3,10,1,22,-0.16233324918138567
chr3,10,2,22,-0.11048593344314775
chr3,10,3,22,-0.010291524503652415
chr3,10,4,22,0.03879332051516108
chr3,10,5,22,-0.06748905922517769
chr3,10,6,22,0.13253383811232428
chr3,10,7,22,0.0927104957611156
chr3,10,8,22,0.012174819067486018
chr3,10,9,22,-0.1588637427882031
chr3,10,10,22,0.1485654726052223
chr3,10,11,22,0.04126557150652076
chr3,11,0,22,-0.06900070066121021
chr3,11,1,22,-0.11290487409062377
chr3,11,2,22,-0.033085683304284345
chr3,11,3,22,-0.02813874342554633
chr3,11,4,22,-0.0006231359443474027
chr3,11,5,22,0.04937691867544866
chr3,11,6,22,0.04520024792532727
chr3,11,7,22,0.16347266486556403
chr3,11,8,22,-0.10050817373327803
chr3,11,9,22,-0.2118179157344283
chr3,11,10,22,-0.1804899715090956
chr3,11,11,22,-0.08437289371773735
chr4,0,0,11,0.18417670445422815
chr4,0,1,11,-0.05100866700673498
chr4,0,2,11,0.06249181743587004
chr4,0,3,11,-0.03796855363879237
chr4,0,4,11,-0.07350896119180451
chr4,0,5,11,-0.015800362986979177
chr4,0,6,11,-0.046378435994505016
chr4,0,7,11,0.00690296416186427
chr4,0,8,11,0.012644314675763178
chr4,0,9,11,0.023087334228740278
chr4,0,10,11,-0.042385282194711486
chr4,0,11,11,-0.03234326112415347
chr4,1,0,11,0.02673615294988907
chr4,1,1,11,0.01552066597408949
chr4,1,2,11,-0.04001002966965335
chr4,1,3,11,-0.1590592086064926
chr4,1,4,11,-0.062482394916686654
chr4,1,5,11,-0.008289993185242801
chr4,1,6,11,-0.09237705201792518
chr4,1,7,11,-0.006357924042431906
chr4,1,8,11,-0.02055872702353131
chr4,1,9,11,-0.1307743845873264
chr4,1,10,11,-0.09413970992179088
chr4,1,11,11,-0.057313130909506654
chr4,2,0,11,-0.13930723981441892
chr4,2,1,11,-0.06245090976506552
chr4,2,2,11,-0.06713341161673797
chr4,2,3,11,-0.04902231324131511
chr4,2,4,11,0.026912219659613365
chr4,2,5,11,-0.04426010331843262
chr4,2,6,11,0.032853506409450166
chr4,2,7,11,-0.07780086295772981
chr4,2,8,11,-0.031086245619292133
chr4,2,9,11,0.0065913512610986
chr4,2,10,11,0.06984153769604967
chr4,2,11,11,-0.04448512233747944
chr4,3,0,11,-0.07737602426264713
chr4,3,1,11,-0.16302601706558645
chr4,3,2,11,-0.19541887077539652
chr4,3,3,11,-0.10584060388003967
chr4,3,4,11,-0.08795722949009238
chr4,3,5,11,-0.14575863867602867
chr4,3,6,11,-0.11537081421873277
chr4,3,7,11,-0.1923893056191708
chr4,3,8,11,-0.10814345562224235
chr4,3,9,11,-0.12128460665540462
chr4,3,10,11,-0.08730140570006507
chr4,3,11,11,-0.08527778955356809
chr4,4,0,11,-0.0024333435054503857
chr4,4,1,11,0.08097631946255245
chr4,4,2,11,0.028340723019541103
chr4,4,3,11,-0.12960722634031052
chr4,4,4,11,-0.1509764266437103
chr4,4,5,11,0.021565577889026764
chr4,4,6,11,-0.06343338349972488
chr4,4,7,11,-0.20478095763345108
chr4,4,8,11,0.16223591835165238
chr4,4,9,11,-0.1358438762120255
chr4,4,10,11,-0.06207662684820813
chr4,4,11,11,-0.09619806672248137
chr4,5,0,11,0.12566475374419842
chr4,5,1,11,-0.14972972921131875
chr4,5,2,11,0.017256166948701124
chr4,5,3,11,-0.17711351128795402
chr4,5,4,11,-0.11639204712680583
chr4,5,5,11,-0.1474310400219352
chr4,5,6,11,-0.19072795571113996
chr4,5,7,11,-0.229054922710096
chr4,5,8,11,-0.05424330422309927
chr4,5,9,11,-0.05943922928375842
chr4,5,10,11,-0.10259336446882618
chr4,5,11,11,-0.06918109419403878
chr4,6,0,11,0.14640029823579392
chr4,6,1,11,0.015806260192594093
chr4,6,2,11,-0.019257840177230416
chr4,6,3,11,-0.05303245496077336
chr4,6,4,11,-0.051740621571461684
chr4,6,5,11,-0.17829434370431832
chr4,6,6,11,0.04725255599330964
chr4,6,7,11,-0.09425691475489843
chr4,6,8,11,-0.09977819225588398
chr4,6,9,11,-0.005730042180756393
chr4,6,10,11,-0.02350495524322216
chr4,6,11,11,-0.03630600968089546
chr4,7,0,11,-0.00033897852057112145
chr4,7,1,11,0.047330352645176155
chr4,7,2,11,0.1008427081866692
chr4,7,3,11,0.07434420539324661
chr4,7,4,11,0.08269805426400284
chr4,7,5,11,0.04348857009182982
chr4,7,6,11,0.009618675172334768
chr4,7,7,11,0.11685313783655503
chr4,7,8,11,0.02764995150898064
chr4,7,9,11,0.034286037811375444
chr4,7,10,11,0.07355279627356343
chr4,7,11,11,0.08276065442943152
chr4,8,0,11,-0.15926196624077826
chr4,8,1,11,0.08754528086740651
chr4,8,2,11,-0.13393502727019146
chr4,8,3,11,0.01542695751546963
chr4,8,4,11,-0.1251407979940711
chr4,8,5,11,-0.011421798513524688
chr4,8,6,11,0.003807884166421012
chr4,8,7,11,-0.005490821131924188
chr4,8,8,11,0.060127434988215975
chr4,8,9,11,-0.08366664744975566
chr4,8,10,11,0.14213228381512574
chr4,8,11,11,-0.09807223741007437
chr4,9,0,11,0.06210494014032986
chr4,9,1,11,-0.07299327447590155
chr4,9,2,11,-0.16604287235303958
chr4,9,3,11,-0.12893795945570924
chr4,9,4,11,-0.04608547728480549
chr4,9,5,11,-0.08740032969411117
chr4,9,6,11,-0.16971947704250942
chr4,9,7,11,-0.025069779483072985
chr4,9,8,11,0.008611797501368361
chr4,9,9,11,0.11498506885636411
chr4,9,10,11,0.10689892960957671
chr4,9,11,11,-0.023699393635529874
chr4,10,0,11,0.16951267012262222
chr4,10,1,11,0.10957439877143385
chr4,10,2,11,0.13404517260448573
chr4,10,3,11,0.03355717000245821
chr4,10,4,11,-0.04901422135082283
chr4,10,5,11,0.06428261318788282
chr4,10,6,11,-0.13676253976586272
chr4,10,7,11,-0.11382791510641498
chr4,10,8,11,0.053960836833575325
chr4,10,9,11,0.28212849607397533
chr4,10,10,11,-0.14157588038413207
chr4,10,11,11,-0.010503219913734228
chr4,11,0,11,-0.05676474860690126
chr4,11,1,11,0.13454457595148783
chr4,11,2,11,0.18047028068922855
chr4,11,3,11,-0.24060419895508203
chr4,11,4,11,-0.04802193873627549
chr4,11,5,11,-0.016970659226385625
chr4,11,6,11,-0.11520313259227634
chr4,11,7,11,-0.22300377840331967
chr4,11,8,11,-0.03883668366936444
chr4,11,9,11,0.14445489151298177
chr4,11,10,11,0.13236230700455012
chr4,11,11,11,0.045239579754273444
chr5,0,0,17,-0.1554969276241752
chr5,0,1,17,0.07870500369007224
chr5,0,2,17,-0.007999212970091327
chr5,0,3,17,0.001932357667140946
chr5,0,4,17,-0.026515787053218467
chr5,0,5,17,0.07797636147420516
chr5,0,6,17,0.10355817908171089
chr5,0,7,17,-0.023819031928557388
chr5,0,8,17,-0.08435690485635124
chr5,0,9,17,-0.09881176254733705
chr5,0,10,17,0.04318916813001681
chr5,0,11,17,0.025133267728419128
chr5,1,0,17,0.03144119808428456
chr5,1,1,17,-0.1273486471501105
chr5,1,2,17,-0.07079363740374764
chr5,1,3,17,-0.09399613364467019
chr5,1,4,17,-0.07008691885164514
chr5,1,5,17,-0.007053889077204589
chr5,1,6,17,-0.03982208534224802
chr5,1,7,17,-0.04755259334304332
chr5,1,8,17,0.040973380833422564
chr5,1,9,17,-0.1518882231869165
chr5,1,10,17,0.08422814323393774
chr5,1,11,17,-0.041239773650608984
chr5,2,0,17,-0.15924824800457282
chr5,2,1,17,-0.07111823083282919
chr5,2,2,17,-0.022072833443352737
chr5,2,3,17,0.055392034683712864
chr5,2,4,17,-0.13836290329165488
chr5,2,5,17,0.0743908271457437
chr5,2,6,17,-0.10977476337861868
chr5,2,7,17,0.010577562849090841
chr5,2,8,17,-0.15253143273143438
chr5,2,9,17,-0.1608239511867234
chr5,2,10,17,-0.08911379218681
chr5,2,11,17,-0.1219975723846422
chr5,3,0,17,-0.16428555221178195
chr5,3,1,17,-0.15084653545243137
chr5,3,2,17,-0.025190606606378913
chr5,3,3,17,-0.0759790607369292
chr5,3,4,17,-0.10075836227819071
chr5,3,5,17,0.012507814027369982
chr5,3,6,17,-0.14763264858327535
chr5,3,7,17,-0.09043158832831427
chr5,3,8,17,-0.14552284050279804
chr5,3,9,17,0.021016746893940313
chr5,3,10,17,-0.11382156107510077
chr5,3,11,17,0.029020202903264354
chr5,4,0,17,-0.1829461448338995
chr5,4,1,17,-0.1424472882256851
chr5,4,2,17,-0.16680228815532916
chr5,4,3,17,0.04258201200266623
chr5,4,4,17,0.028525298387223137
chr5,4,5,17,-0.03257368806543585
chr5,4,6,17,-0.0928845992006033
chr5,4,7,17,0.035380015254307666
chr5,4,8,17,-0.049487889701673546
chr5,4,9,17,-0.02393789104329648
chr5,4,10,17,-0.106550636522215
chr5,4,11,17,-0.003944877246630344
chr5,5,0,17,0.027609655865302524
chr5,5,1,17,-0.12935561705593956
chr5,5,2,17,-0.11187236638604588
chr5,5,3,17,-0.14025943271302085
chr5,5,4,17,0.015805457257557866
chr5,5,5,17,-0.0017835556501670366
chr5,5,6,17,-0.09577584348674131
chr5,5,7,17,-0.014870216571455408
chr5,5,8,17,-0.10834057252873722
chr5,5,9,17,-0.13539040765925736
chr5,5,10,17,0.21113707003830348
chr5,5,11,17,-0.002364250043615706
chr5,6,0,17,0.0012083316076652681
chr5,6,1,17,-0.1382093722790622
chr5,6,2,17,-0.026322976112321997
chr5,6,3,17,-0.010822435939081484
chr5,6,4,17,0.06609619955477188
chr5,6,5,17,-0.09013907625957178
chr5,6,6,17,0.06642017879786642
chr5,6,7,17,-0.05295274502716056
chr5,6,8,17,-0.23901009466962772
chr5,6,9,17,0.05997763281180486
chr5,6,10,17,-0.13695045107242051
chr5,6,11,17,0.09522792026927097
chr5,7,0,17,0.10254363210718781
chr5,7,1,17,-0.10150459152957285
chr5,7,2,17,-0.03992617166677093
chr5,7,3,17,-0.06999820038942728
chr5,7,4,17,-0.1058659166481954
chr5,7,5,17,-0.031829335876924755
chr5,7,6,17,-0.024026807861417126
chr5,7,7,17,0.0883072756368487
chr5,7,8,17,-0.11128983999621639
chr5,7,9,17,-0.1137637399974647
chr5,7,10,17,0.11977108062044399
chr5,7,11,17,0.058186385841724406
chr5,8,0,17,0.16340120041965986
chr5,8,1,17,0.11611794297485728
chr5,8,2,17,0.173338847187977
chr5,8,3,17,-0.06198988612238217
chr5,8,4,17,-0.014326985380416662
chr5,8,5,17,0.062005466986486485
chr5,8,6,17,0.0720204429465484
chr5,8,7,17,0.03923528021338462
chr5,8,8,17,0.12403183597861776
chr5,8,9,17,0.05188460673045372
chr5,8,10,17,0.05071353320162438
chr5,8,11,17,0.018880906257556614
chr5,9,0,17,-0.12869118992889672
chr5,9,1,17,0.11472012409339619
chr5,9,2,17,0.1156850235441148
chr5,9,3,17,0.031945252361937924
chr5,9,4,17,-0.0874661951257899
chr5,9,5,17,-0.1361060832017568
chr5,9,6,17,-0.17296165763287497
chr5,9,7,17,-0.011212051810508161
chr5,9,8,17,0.16145475209315352
chr5,9,9,17,0.13051554099855361
chr5,9,10,17,0.03470585547959613
chr5,9,11,17,-0.06470564436695525
chr5,10,0,17,-0.05949128600865322
chr5,10,1,17,-0.10048958795765471
chr5,10,2,17,0.12195013687291964
chr5,10,3,17,0.048989426408320776
chr5,10,4,17,0.04817593969147317
chr5,10,5,17,0.09290455800419842
chr5,10,6,17,-0.1435174098143185
chr5,10,7,17,-0.19307496036307642
chr5,10,8,17,0.08660094515167924
chr5,10,9,17,0.25233296800481986
chr5,10,10,17,-0.1492088322553611
chr5,10,11,17,-0.05472157211293029
chr5,11,0,17,0.21890228873046164
chr5,11,1,17,0.004698402422757723
chr5,11,2,17,0.18124722906103607
chr5,11,3,17,-0.026272746081262597
chr5,11,4,17,0.20785423590805185
chr5,11,5,17,-0.16097901758635627
chr5,11,6,17,-0.182366606625446
chr5,11,7,17,-0.14488135731016646
chr5,11,8,17,0.08263135807543624
chr5,11,9,17,0.09347695929048765
chr5,11,10,17,0.04486487113376835
chr5,11,11,17,0.1985643888915274
chr6,0,0,15,0.00833269886609996
chr6,0,1,15,-0.013784302821300732
chr6,0,2,15,-0.029559979089389662
chr6,0,3,15,-0.034718833313392615
chr6,0,4,15,-0.052272893655806195
chr6,0,5,15,0.04447238180807407
chr6,0,6,15,0.07190969620182285
chr6,0,7,15,-0.09858274555736198
chr6,0,8,15,-0.045563846562550636
chr6,0,9,15,-0.024654235637780828
chr6,0,10,15,0.003917688131996496
chr6,0,11,15,0.06423465221207636
chr6,1,0,15,0.1624246948354738
chr6,1,1,15,-0.12293353343073157
chr6,1,2,15,-0.09653472948201594
chr6,1,3,15,-0.10492994805714936
chr6,1,4,15,-0.12702529771631305
chr6,1,5,15,0.03776445051838575
chr6,1,6,15,-0.1412255806356258
chr6,1,7,15,-0.04664442123031901
chr6,1,8,15,-0.15396708927213076
chr6,1,9,15,-0.19439421576395213
chr6,1,10,15,0.0685695135049775
chr6,1,11,15,0.12916029557361908
chr6,2,0,15,-0.0923610381563594
chr6,2,1,15,-0.044686655857545415
chr6,2,2,15,-0.05693190219888929
chr6,2,3,15,0.10405866482951993
chr6,2,4,15,0.037505234700996586
chr6,2,5,15,-0.02510698162477844
chr6,2,6,15,0.04507507515527095
chr6,2,7,15,0.021859048448836498
chr6,2,8,15,-0.07672000765878174
chr6,2,9,15,-0.027536631169282053
chr6,2,10,15,-0.023413994830709533
chr6,2,11,15,-0.0184547648987828
chr6,3,0,15,-0.10332355643904452
chr6,3,1,15,-0.09725094697735172
chr6,3,2,15,-0.1273753110713035
chr6,3,3,15,-0.18554775177423882
chr6,3,4,15,-0.12964133896765045
chr6,3,5,15,0.013042795501528632
chr6,3,6,15,-0.05948652201350467
chr6,3,7,15,-0.043694559191103814
chr6,3,8,15,-0.18084586215651893
chr6,3,9,15,0.11290295563848202
chr6,3,10,15,-0.16284099529162574
chr6,3,11,15,0.1498738944926231
chr6,4,0,15,-0.018787132984443178
chr6,4,1,15,-0.10089473290187095
chr6,4,2,15,-0.14041332380327345
chr6,4,3,15,0.04541464384402317
chr6,4,4,15,-0.022875583236733214
chr6,4,5,15,-0.0812149641323959
chr6,4,6,15,-0.04186452906890358
chr6,4,7,15,-0.17895273452317656
chr6,4,8,15,0.004713521564476245
chr6,4,9,15,0.12266513567947017
chr6,4,10,15,-0.0277721271799891
chr6,4,11,15,-0.018748090623173636
chr6,5,0,15,-0.040924153470251
chr6,5,1,15,-0.01626356725981654
chr6,5,2,15,-0.1775027233636252
chr6,5,3,15,-0.07625980095253887
chr6,5,4,15,-0.10011117696896614
chr6,5,5,15,0.0006897950973938193
chr6,5,6,15,-0.05577308784737418
chr6,5,7,15,-0.09785396681762532
chr6,5,8,15,0.03673940482317599
chr6,5,9,15,0.0006927951015673746
chr6,5,10,15,0.09258838465146342
chr6,5,11,15,-0.09639905228391968
chr6,6,0,15,-0.14702530784299142
chr6,6,1,15,-0.08454649461029237
chr6,6,2,15,-0.11717667283187609
chr6,6,3,15,-0.06413659624661956
chr6,6,4,15,-0.021738164244096178
chr6,6,5,15,-0.06486095434862818
chr6,6,6,15,-0.06531459157281543
chr6,6,7,15,0.00143912562770953
chr6,6,8,15,-0.1311232287199162
chr6,6,9,15,0.10900605484748055
chr6,6,10,15,-0.2044908555551391
chr6,6,11,15,0.10404105576601912
chr6,7,0,15,0.1925016578967022
chr6,7,1,15,-0.2203811714871324
chr6,7,2,15,0.09022075284275329
chr6,7,3,15,-0.2158041352349449
chr6,7,4,15,-0.10890404386997009
chr6,7,5,15,0.005921963591019278
chr6,7,6,15,-0.14074621541080928
chr6,7,7,15,-0.12294163076776028
chr6,7,8,15,-0.20617720258729327
chr6,7,9,15,-0.21696936268524356
chr6,7,10,15,0.13765592227487686
chr6,7,11,15,-0.1100258119051378
chr6,8,0,15,-0.07700781243215639
chr6,8,1,15,-0.024937955125725896
chr6,8,2,15,-0.14035111411885728
chr6,8,3,15,-0.16162711649680028
chr6,8,4,15,0.03945938817173131
chr6,8,5,15,-0.13915008089365288
chr6,8,6,15,-0.0919287205641143
chr6,8,7,15,-0.075979232036555
chr6,8,8,15,-0.1154460461147772
chr6,8,9,15,-0.08432670298841674
chr6,8,10,15,-0.11052691193887539
chr6,8,11,15,0.026316306864666135
chr6,9,0,15,-0.19755371976682354
chr6,9,1,15,-0.09470367869064275
chr6,9,2,15,-0.11015780617199171
chr6,9,3,15,0.06442853949148673
chr6,9,4,15,-0.029080143588791147
chr6,9,5,15,-0.012593067159489097
chr6,9,6,15,-0.06622153421588145
chr6,9,7,15,-0.07334677215042541
chr6,9,8,15,-0.07691110059780001
chr6,9,9,15,-0.042716499166532675
chr6,9,10,15,0.0001551249815003745
chr6,9,11,15,-0.18143519600050173
chr6,10,0,15,-0.1348479130213665
chr6,10,1,15,-0.1452611883557358
chr6,10,2,15,0.03261778198788569
chr6,10,3,15,-0.11021553366308266
chr6,10,4,15,-0.04360578528513593
chr6,10,5,15,0.07711051121367414
chr6,10,6,15,-0.06229459698043462
chr6,10,7,15,-0.13813699914814095
chr6,10,8,15,0.05090621534988771
chr6,10,9,15,0.06839079103179667
chr6,10,10,15,-0.13867271482466395
chr6,10,11,15,-0.041693346307455595
chr6,11,0,15,0.02554814191752727
chr6,11,1,15,-0.0519096728969224
chr6,11,2,15,0.003684974570560421
chr6,11,3,15,-0.03952461545741337
chr6,11,4,15,0.05929665346181875
chr6,11,5,15,0.005293799513044173
chr6,11,6,15,-0.04737322811692234
chr6,11,7,15,0.0418930317367737
chr6,11,8,15,0.007760863597328694
chr6,11,9,15,-0.029835976897954693
chr6,11,10,15,0.001394243391438447
chr6,11,11,15,-0.004458658105906979
chr7,0,0,12,0.1115123320114446
chr7,0,1,12,-0.023655887386531845
chr7,0,2,12,0.055687103014019294
chr7,0,3,12,0.08682210141577296
chr7,0,4,12,0.14557351693336418
chr7,0,5,12,0.015599252744091907
chr7,0,6,12,-0.012077285026852807
chr7,0,7,12,-0.025400772557138237
chr7,0,8,12,-0.009808507127214938
chr7,0,9,12,0.023535131083543288
chr7,0,10,12,-0.03577188403942768
chr7,0,11,12,0.028770350896252683
chr7,1,0,12,-0.12004182925899536
chr7,1,1,12,0.08988904865850049
chr7,1,2,12,0.07659354986193297
chr7,1,3,12,0.09560517630300354
chr7,1,4,12,0.11054092467742195
chr7,1,5,12,0.05686547225572941
chr7,1,6,12,0.00414096180721119
chr7,1,7,12,-0.12194967918613941
chr7,1,8,12,0.12636430883845107
chr7,1,9,12,0.11028724648046252
chr7,1,10,12,0.052153671720070675
chr7,1,11,12,-0.03460300608441396
chr7,2,0,12,0.005279141465575891
chr7,2,1,12,0.06974745270332063
chr7,2,2,12,-0.07623717885799634
chr7,2,3,12,0.006761794798390439
chr7,2,4,12,-0.05580666548112908
chr7,2,5,12,0.05334665509897595
chr7,2,6,12,0.025571471704955235
chr7,2,7,12,-0.044072695353064344
chr7,2,8,12,-0.03027473532503176
chr7,2,9,12,-0.029545756250055264
chr7,2,10,12,0.16779646472900134
chr7,2,11,12,-0.09224151469057186
chr7,3,0,12,0.07591191621765049
chr7,3,1,12,-0.06887480655976472
chr7,3,2,12,-0.168163337216514
chr7,3,3,12,0.07317388639606436
chr7,3,4,12,0.18361914638230525
chr7,3,5,12,-0.2042596218549515
chr7,3,6,12,-0.0344210090399683
chr7,3,7,12,-0.07391738831555114
chr7,3,8,12,0.01753239969755992
chr7,3,9,12,-0.2179836964676016
chr7,3,10,12,0.18481958002978915
chr7,3,11,12,-0.17582746426022836
chr7,4,0,12,0.06388868155717164
chr7,4,1,12,0.13095063626008613
chr7,4,2,12,0.14320983781427962
chr7,4,3,12,-0.06245237902931353
chr7,4,4,12,-0.04122097091791263
chr7,4,5,12,-0.1069849565237488
chr7,4,6,12,0.0030277785848466083
chr7,4,7,12,0.009955552351868532
chr7,4,8,12,0.08723257121341073
chr7,4,9,12,0.08295279035707527
chr7,4,10,12,-0.01315142300369711
chr7,4,11,12,-0.04876316511253823
chr7,5,0,12,-0.11697982643543707
chr7,5,1,12,-0.10771404717384958
chr7,5,2,12,0.010879759465389821
chr7,5,3,12,-0.09079982691850598
chr7,5,4,12,-0.02858132361924833
chr7,5,5,12,-0.14191510968914917
chr7,5,6,12,-0.17211769845703043
chr7,5,7,12,-0.17830580035958699
chr7,5,8,12,-0.08203866471748196
chr7,5,9,12,-0.02886234496695797
chr7,5,10,12,-0.2441128772916131
chr7,5,11,12,-0.03888563934128798
chr7,6,0,12,0.005529097781037818
chr7,6,1,12,-0.07266122965461325
chr7,6,2,12,0.022645560590716887
chr7,6,3,12,-0.028954850237865152
chr7,6,4,12,-0.06300186445201497
chr7,6,5,12,-0.013729088406372762
chr7,6,6,12,0.019550727888125705
chr7,6,7,12,0.041085354230194944
chr7,6,8,12,0.023624073831516587
chr7,6,9,12,-0.07413167478038103
chr7,6,10,12,-0.027523710096624698
chr7,6,11,12,-0.18513470316399605
chr7,7,0,12,-0.2003805343025861
chr7,7,1,12,0.22967699709944292
chr7,7,2,12,-0.024397059780584988
chr7,7,3,12,0.1473610192127147
chr7,7,4,12,0.06970701796373568
chr7,7,5,12,0.07304895665306271
chr7,7,6,12,0.03455846257947744
chr7,7,7,12,0.03742107544333682
chr7,7,8,12,0.21932784710437414
chr7,7,9,12,0.21532632220443437
chr7,7,10,12,-0.14248337734559985
chr7,7,11,12,0.022914025979596797
chr7,8,0,12,-0.020033342647325054
chr7,8,1,12,-0.015636415644835013
chr7,8,2,12,0.011166507931243845
chr7,8,3,12,0.026623641304046732
chr7,8,4,12,-0.15820731566138593
chr7,8,5,12,-0.10577305726890496
chr7,8,6,12,-0.049786163140665425
chr7,8,7,12,0.03476939051977448
chr7,8,8,12,0.04704423134607485
chr7,8,9,12,0.03690012299117622
chr7,8,10,12,0.07029864220773899
chr7,8,11,12,-0.17466379732130421
chr7,9,0,12,0.25214425630996656
chr7,9,1,12,-0.03493759127727363
chr7,9,2,12,-0.1734650411034102
chr7,9,3,12,-0.047773636930572516
chr7,9,4,12,-0.06655215474934097
chr7,9,5,12,0.03651120206527083
chr7,9,6,12,0.03571285982399661
chr7,9,7,12,-0.05476823102661841
chr7,9,8,12,0.10612764720773175
chr7,9,9,12,-0.004483137891208061
chr7,9,10,12,0.1774037686636808
chr7,9,11,12,-0.04497111453631614
chr7,10,0,12,0.15928922866345194
chr7,10,1,12,0.2114837404122831
chr7,10,2,12,-0.1497105342952644
chr7,10,3,12,-0.033599278524433916
chr7,10,4,12,-0.0500649790109885
chr7,10,5,12,-0.05318914235360953
chr7,10,6,12,-0.0578342328557687
chr7,10,7,12,0.03126649489772402
chr7,10,8,12,-0.1382416130628634
chr7,10,9,12,-0.1489516065045803
chr7,10,10,12,0.05691118051820928
chr7,10,11,12,0.0709017057615821
chr7,11,0,12,-0.048228839360345506
chr7,11,1,12,0.09417103662126551
chr7,11,2,12,-0.012919358083790097
chr7,11,3,12,-0.0190669728837633
chr7,11,4,12,-0.12858631872605625
chr7,11,5,12,-0.013588451128058373
chr7,11,6,12,0.0015262785974835547
chr7,11,7,12,-0.031546963861765386
chr7,11,8,12,0.014111209522429155
chr7,11,9,12,0.001852726903000634
chr7,11,10,12,0.03240561322633207
chr7,11,11,12,-0.03692771109848637
chr8,0,0,8,0.21171103963690216
chr8,0,1,8,-0.037086465017640395
chr8,0,2,8,0.04658459061067066
chr8,0,3,8,-0.021696406662384815
chr8,0,4,8,0.09108259614596273
chr8,0,5,8,-0.03548649743585364
chr8,0,6,8,-0.2028963575245589
chr8,0,7,8,0.11345093071217267
chr8,0,8,8,0.09411958631051082
chr8,0,9,8,0.08666703922195274
chr8,0,10,8,-0.14915295551778834
chr8,0,11,8,0.028207641064204984
chr8,1,0,8,-0.03281465821871534
chr8,1,1,8,0.14367663751822807
chr8,1,2,8,0.0410570387168759
chr8,1,3,8,-0.01062470678279858
chr8,1,4,8,0.006953573677469481
chr8,1,5,8,0.026849668065802967
chr8,1,6,8,-0.13888870497730388
chr8,1,7,8,-0.19626331848558082
chr8,1,8,8,0.08343701349671814
chr8,1,9,8,0.2914853270950008
chr8,1,10,8,-0.11774657418042012
chr8,1,11,8,-0.019064303586941257
chr8,2,0,8,0.1585905436576957
chr8,2,1,8,0.009658270021668747
chr8,2,2,8,0.1606723092960665
chr8,2,3,8,0.06745287226710604
chr8,2,4,8,-0.11524607794235639
chr8,2,5,8,0.03677805823718451
chr8,2,6,8,0.12851981911924393
chr8,2,7,8,0.06514586671806216
chr8,2,8,8,0.1594109940834173
chr8,2,9,8,0.0734425532936729
chr8,2,10,8,0.1022124322217573
chr8,2,11,8,0.03206011821265329
chr8,3,0,8,0.11894963116532632
chr8,3,1,8,0.07358871651959399
chr8,3,2,8,0.04275886281307943
chr8,3,3,8,0.09192851514729042
chr8,3,4,8,0.07120900663679303
chr8,3,5,8,0.10477420564021939
chr8,3,6,8,0.12804272162109448
chr8,3,7,8,-0.018460927042136824
chr8,3,8,8,0.13282310336128367
chr8,3,9,8,-0.18406195133550718
chr8,3,10,8,0.19407591971650714
chr8,3,11,8,-0.08309489702769998
chr8,4,0,8,-0.019167790499118334
chr8,4,1,8,0.058282675184542616
chr8,4,2,8,0.11928447027745823
chr8,4,3,8,0.06997309015944443
chr8,4,4,8,-0.21987149029041198
chr8,4,5,8,-0.029908993637736178
chr8,4,6,8,0.33613610647657727
chr8,4,7,8,0.029269272678251648
chr8,4,8,8,-0.042913100127947204
chr8,4,9,8,0.07178277415471637
chr8,4,10,8,0.13011089542666374
chr8,4,11,8,0.039002576149373254
chr8,5,0,8,0.023045099574528095
chr8,5,1,8,0.025830423266279046
chr8,5,2,8,0.02957282550873966
chr8,5,3,8,0.050423946556299525
chr8,5,4,8,0.09385964629514604
chr8,5,5,8,-0.022405712315953043
chr8,5,6,8,0.2138312720811061
chr8,5,7,8,0.04485261617632357
chr8,5,8,8,-0.10137905842205015
chr8,5,9,8,-0.022334960754930036
chr8,5,10,8,-0.1776767040145636
chr8,5,11,8,0.022262967749683046
chr8,6,0,8,0.13976922059632843
chr8,6,1,8,-0.02257864561754669
chr8,6,2,8,0.11880521759040819
chr8,6,3,8,0.13005249276394418
chr8,6,4,8,-0.19826408429215253
chr8,6,5,8,0.1577812060802663
chr8,6,6,8,0.10467062699105491
chr8,6,7,8,0.09599385004720694
chr8,6,8,8,0.2274178986296493
chr8,6,9,8,-0.021062858392958336
chr8,6,10,8,0.08011691008180168
chr8,6,11,8,-0.02979214150414878
chr8,7,0,8,-0.11187723031734367
chr8,7,1,8,0.11840130099674902
chr8,7,2,8,-0.06284084356478808
chr8,7,3,8,0.16312439163857537
chr8,7,4,8,0.06410607815845941
chr8,7,5,8,-0.06290303656587679
chr8,7,6,8,0.0778263858259296
chr8,7,7,8,0.16898623375218522
chr8,7,8,8,0.11047547380368888
chr8,7,9,8,0.1219949560462164
chr8,7,10,8,-0.046698781345606726
chr8,7,11,8,0.01926370450810834
chr8,8,0,8,0.021939680308197942
chr8,8,1,8,0.04760749957989034
chr8,8,2,8,-0.00763519000933122
chr8,8,3,8,0.06139311760168148
chr8,8,4,8,-0.24524566169053635
chr8,8,5,8,0.04288618837833551
chr8,8,6,8,-0.058553215869115854
chr8,8,7,8,0.012658604266708489
chr8,8,8,8,0.1546142322898711
chr8,8,9,8,0.24380969296507177
chr8,8,10,8,0.16823445591693756
chr8,8,11,8,-0.2025939428588438
chr8,9,0,8,0.1713654176760146
chr8,9,1,8,0.10854746103103438
chr8,9,2,8,0.04105394248190053
chr8,9,3,8,-0.18141275331859252
chr8,9,4,8,-0.008809689312937866
chr8,9,5,8,-0.12305806249878677
chr8,9,6,8,0.11614127245864247
chr8,9,7,8,-0.05809240063698731
chr8,9,8,8,0.04543671869956739
chr8,9,9,8,0.09496153216730294
chr8,9,10,8,-0.036376542961770654
chr8,9,11,8,0.002557378230145714
chr8,10,0,8,0.28704091611671434
chr8,10,1,8,0.11774756666701841
chr8,10,2,8,-0.21311864791161858
chr8,10,3,8,0.006730867129348082
chr8,10,4,8,-0.153267564114675
chr8,10,5,8,-0.24369913557227707
chr8,10,6,8,0.07628656018868395
chr8,10,7,8,0.18962573314459383
chr8,10,8,8,0.034905272031677856
chr8,10,9,8,-0.06270759089068459
chr8,10,10,8,-0.05910372386417374
chr8,10,11,8,-0.10734215988361168
chr8,11,0,8,0.07312701896730733
chr8,11,1,8,0.2391087172870655
chr8,11,2,8,-0.08487678864228543
chr8,11,3,8,0.012189429914871042
chr8,11,4,8,-0.13833593678835754
chr8,11,5,8,-0.06856685111728957
chr8,11,6,8,-0.07897438554374553
chr8,11,7,8,-0.1777305089703652
chr8,11,8,8,0.22329287903770795
chr8,11,9,8,0.20282239007310696
chr8,11,10,8,-0.042594693043084886
chr8,11,11,8,0.049995821147901354
chr9,0,0,10,-0.02273922374787899
chr9,0,1,10,0.10417020120877003
chr9,0,2,10,0.12570183428430537
chr9,0,3,10,-0.012729636902236696
chr9,0,4,10,0.06610037281925049
chr9,0,5,10,0.026569826020233184
chr9,0,6,10,0.012423802215767665
chr9,0,7,10,0.05354892231621984
chr9,0,8,10,0.04196847735991666
chr9,0,9,10,0.06809136414888431
chr9,0,10,10,0.08240736266837048
chr9,0,11,10,0.011255410089412434
chr9,1,0,10,0.11664213657556784
chr9,1,1,10,-0.0019618221460342617
chr9,1,2,10,-0.099032179198525
chr9,1,3,10,-0.005630720697002725
chr9,1,4,10,-0.037699607084655966
chr9,1,5,10,0.009964717923117239
chr9,1,6,10,-0.10046840533447421
chr9,1,7,10,0.017235238733315023
chr9,1,8,10,-0.11706892361411181
chr9,1,9,10,-0.06356485647789947
chr9,1,10,10,-0.005533731733750024
chr9,1,11,10,0.1232905383114953
chr9,2,0,10,0.09937533085880892
chr9,2,1,10,0.12711436331866618
chr9,2,2,10,-0.006846121788337112
chr9,2,3,10,0.0031490951124591715
chr9,2,4,10,0.02769744925440807
chr9,2,5,10,-0.15496307929892203
chr9,2,6,10,0.02354498356096172
chr9,2,7,10,0.015522100631812235
chr9,2,8,10,0.05871726196880726
chr9,2,9,10,-0.05385781637020568
chr9,2,10,10,0.10667332617963146
chr9,2,11,10,-0.11598359053355274
chr9,3,0,10,0.04939659464160189
chr9,3,1,10,0.04164792802063472
chr9,3,2,10,-0.040019080201501266
chr9,3,3,10,-0.08709131694763486
chr9,3,4,10,-0.06905443968996627
chr9,3,5,10,-0.01960115149539834
chr9,3,6,10,-0.02175407412507844
chr9,3,7,10,-0.026323984213412106
chr9,3,8,10,-0.03343900914255516
chr9,3,9,10,0.10949308748652001
chr9,3,10,10,-0.05379585450502548
chr9,3,11,10,0.0953239357797794
chr9,4,0,10,-0.045432129258480405
chr9,4,1,10,0.00016813089167881933
chr9,4,2,10,-0.045289175689470045
chr9,4,3,10,-0.05939686241152677
chr9,4,4,10,0.04513677014517718
chr9,4,5,10,0.06516187415286664
chr9,4,6,10,-0.00340168415821
chr9,4,7,10,-0.029588207071451426
chr9,4,8,10,0.03732875936346886
chr9,4,9,10,-0.06884392872414864
chr9,4,10,10,-0.035376197292202816
chr9,4,11,10,0.05206781444705673
chr9,5,0,10,0.02403979862235937
chr9,5,1,10,0.016195857342550076
chr9,5,2,10,0.0686184387351585
chr9,5,3,10,0.03831810060308024
chr9,5,4,10,-0.06942626886234399
chr9,5,5,10,-0.04317334792788542
chr9,5,6,10,-0.09822935721100863
chr9,5,7,10,-0.08216961123843299
chr9,5,8,10,0.00911905235689282
chr9,5,9,10,0.019268159055716015
chr9,5,10,10,0.0243931014039011
chr9,5,11,10,-0.05707381607456517
chr9,6,0,10,0.024830016022855117
chr9,6,1,10,0.09433918877508561
chr9,6,2,10,0.019484582105599575
chr9,6,3,10,-0.00994352964260122
chr9,6,4,10,0.09597989083304878
chr9,6,5,10,0.019498671222379648
chr9,6,6,10,-0.03657692817103429
chr9,6,7,10,0.0013659481380198346
chr9,6,8,10,0.1368530344669468
chr9,6,9,10,-0.02886741526937412
chr9,6,10,10,-0.021262613460482714
chr9,6,11,10,-0.0003251432733584886
chr9,7,0,10,0.08968939032138942
chr9,7,1,10,-0.05000513164253395
chr9,7,2,10,-0.08849828572914922
chr9,7,3,10,-0.011862674746986056
chr9,7,4,10,-0.059864252167799316
chr9,7,5,10,0.017994053388222978
chr9,7,6,10,-0.020683035220228345
chr9,7,7,10,-0.028600559441396296
chr9,7,8,10,-0.06723662616620327
chr9,7,9,10,-0.07031817244638919
chr9,7,10,10,0.08666440473288849
chr9,7,11,10,0.009506798633838232
chr9,8,0,10,-0.19046800472738762
chr9,8,1,10,0.04610601651522186
chr9,8,2,10,-0.1261956533300292
chr9,8,3,10,-0.016809652826591366
chr9,8,4,10,0.06455310291628846
chr9,8,5,10,0.0642746128736011
chr9,8,6,10,0.10628235786735356
chr9,8,7,10,-0.01998443776125648
chr9,8,8,10,0.08150698975297625
chr9,8,9,10,-0.05088992283339204
chr9,8,10,10,0.02975790794317825
chr9,8,11,10,-0.03276132116178809
chr9,9,0,10,0.0035220154567142227
chr9,9,1,10,-0.11901773639410292
chr9,9,2,10,-0.17228643346800868
chr9,9,3,10,-0.01011534345122661
chr9,9,4,10,0.23688485892495653
chr9,9,5,10,0.007534671419827754
chr9,9,6,10,0.02269239590194454
chr9,9,7,10,0.11886783873873405
chr9,9,8,10,0.021576723654970868
chr9,9,9,10,-0.055687406296560306
chr9,9,10,10,-0.024646264415502373
chr9,9,11,10,0.0143826830129531
chr9,10,0,10,0.051707929393931096
chr9,10,1,10,0.07964043413760266
chr9,10,2,10,0.06788599818262751
chr9,10,3,10,0.037934584928736886
chr9,10,4,10,0.13423361148946086
chr9,10,5,10,0.11188924584696296
chr9,10,6,10,0.021502521557318986
chr9,10,7,10,0.057638100721307886
chr9,10,8,10,0.05513528529135786
chr9,10,9,10,0.10514941201359149
chr9,10,10,10,0.04238895125373267
chr9,10,11,10,0.09046912545436955
chr9,11,0,10,0.02491721252981003
chr9,11,1,10,-0.03666075304905484
chr9,11,2,10,-0.011315460042126047
chr9,11,3,10,-0.03509868023650716
chr9,11,4,10,0.0731186564386089
chr9,11,5,10,0.01889904224825416
chr9,11,6,10,0.020857863944818904
chr9,11,7,10,0.037185624506717155
chr9,11,8,10,-0.004304734868898682
chr9,11,9,10,0.06720393699057307
chr9,11,10,10,0.10835452289607124
chr9,11,11,10,0.10551814375291753
chrX,0,0,8,-0.046011044545018094
chrX,0,1,8,-0.24644222015810133
chrX,0,2,8,0.012325991506268216
chrX,0,3,8,-0.20887348462682284
chrX,0,4,8,-0.12447079766865346
chrX,0,5,8,-0.0436865412953196
chrX,0,6,8,-0.0341072748753227
chrX,0,7,8,-0.039618979593950485
chrX,0,8,8,-0.015271834287627642
chrX,0,9,8,0.003288608365537408
chrX,0,10,8,-0.28715930400748296
chrX,0,11,8,-0.042552780571439144
chrX,1,0,8,0.06781110971504126
chrX,1,1,8,0.02708883854550089
chrX,1,2,8,-0.06461647011171935
chrX,1,3,8,-0.09025022062223656
chrX,1,4,8,-0.10822626907744734
chrX,1,5,8,-0.1417783327935725
chrX,1,6,8,-0.061363278165504215
chrX,1,7,8,0.046000404711352125
chrX,1,8,8,-0.06717963625551154
chrX,1,9,8,0.07910678001965998
chrX,1,10,8,-0.08840297013347953
chrX,1,11,8,0.02550746881038711
chrX,2,0,8,-0.011168359282634467
chrX,2,1,8,0.09681313861104082
chrX,2,2,8,0.11328392300635876
chrX,2,3,8,0.014268607258110882
chrX,2,4,8,-0.017496443024008893
chrX,2,5,8,0.018921343794073456
chrX,2,6,8,0.08938313570748133
chrX,2,7,8,0.020874980853317834
chrX,2,8,8,0.09896854926849456
chrX,2,9,8,0.03741178552568073
chrX,2,10,8,-0.06576585339407826
chrX,2,11,8,-0.10371187785350905
chrX,3,0,8,0.05434454860513339
chrX,3,1,8,0.014328156718345027
chrX,3,2,8,-0.03733009992521247
chrX,3,3,8,0.05445982506312767
chrX,3,4,8,-0.0973499008759319
chrX,3,5,8,-0.0038418667630076148
chrX,3,6,8,0.012706995480607795
chrX,3,7,8,0.007703896534190024
chrX,3,8,8,-0.009542960785026245
chrX,3,9,8,0.02789364914649782
chrX,3,10,8,0.060761442165547117
chrX,3,11,8,0.09298421566665088
chrX,4,0,8,0.019082578185423117
chrX,4,1,8,0.05185378010637757
chrX,4,2,8,0.04616843595594247
chrX,4,3,8,0.07170432593356602
chrX,4,4,8,-0.2291329709770535
chrX,4,5,8,-0.09736469126719358
chrX,4,6,8,-0.0013968970717973886
chrX,4,7,8,0.046448903491301916
chrX,4,8,8,0.03126098340717759
chrX,4,9,8,0.06989487589440993
chrX,4,10,8,-0.004155180542640767
chrX,4,11,8,0.09357220171084418
chrX,5,0,8,-0.008434735787111514
chrX,5,1,8,-0.1148745498281469
chrX,5,2,8,-0.06974524090054725
chrX,5,3,8,-0.13211013125589516
chrX,5,4,8,-0.07422990453167151
chrX,5,5,8,0.060575179027572264
chrX,5,6,8,-0.01036299389147069
chrX,5,7,8,0.035900924891646285
chrX,5,8,8,-0.015641351903965907
chrX,5,9,8,0.03449175865210527
chrX,5,10,8,-0.07516743655459274
chrX,5,11,8,-0.13169780054453142
chrX,6,0,8,-0.08763401907884245
chrX,6,1,8,-0.04161861211198776
chrX,6,2,8,0.1903979750519527
chrX,6,3,8,0.14643361044417771
chrX,6,4,8,-0.08053429920431862
chrX,6,5,8,0.05523402951408627
chrX,6,6,8,0.1558257981908702
chrX,6,7,8,0.15760525535305386
chrX,6,8,8,-0.04223343078362767
chrX,6,9,8,0.04739127061787517
chrX,6,10,8,-0.034725527246849505
chrX,6,11,8,0.09168103615656062
chrX,7,0,8,0.04583537894286203
chrX,7,1,8,-0.04465804054477478
chrX,7,2,8,0.06725800928717948
chrX,7,3,8,0.04810804764716417
chrX,7,4,8,0.11343073222189486
chrX,7,5,8,0.07873929328788115
chrX,7,6,8,0.08246731633429824
chrX,7,7,8,0.19576460211231084
chrX,7,8,8,-0.04350648983565377
chrX,7,9,8,-0.03638231000164578
chrX,7,10,8,0.07124025488036893
chrX,7,11,8,0.09570168993443706
chrX,8,0,8,0.04803479190817201
chrX,8,1,8,0.06332048388870651
chrX,8,2,8,0.06917820965725045
chrX,8,3,8,0.08845049859506265
chrX,8,4,8,-0.060141443910187
chrX,8,5,8,0.1070658835676782
chrX,8,6,8,-0.009082208026916703
chrX,8,7,8,0.047788497857923
chrX,8,8,8,-0.030623769194005196
chrX,8,9,8,-0.06344935737705365
chrX,8,10,8,0.024272844363857266
chrX,8,11,8,0.04128416318760868
chrX,9,0,8,0.06783452900222292
chrX,9,1,8,-0.036712156475733365
chrX,9,2,8,0.057393836994263994
chrX,9,3,8,-0.044716985064113854
chrX,9,4,8,-0.04167114190172584
chrX,9,5,8,-0.14831941447215302
chrX,9,6,8,0.06675948207587332
chrX,9,7,8,-0.05865762986974531
chrX,9,8,8,-0.011747200610160491
chrX,9,9,8,-0.10414138778297978
chrX,9,10,8,0.11194753419507734
chrX,9,11,8,0.05794967071258349
chrX,10,0,8,-0.06186290890192931
chrX,10,1,8,0.014959830346569253
chrX,10,2,8,-0.15494007156569695
chrX,10,3,8,0.020756896001476247
chrX,10,4,8,-0.12318397991177552
chrX,10,5,8,-0.1496788833311498
chrX,10,6,8,-0.012499680949887529
chrX,10,7,8,0.002572898933056702
chrX,10,8,8,-0.032337394576962025
chrX,10,9,8,0.0004776066297960818
chrX,10,10,8,-0.04558004489290547
chrX,10,11,8,-0.12970645038334933
chrX,11,0,8,0.021279848242989563
chrX,11,1,8,0.09477914483785148
chrX,11,2,8,-0.1928012889390781
chrX,11,3,8,-0.0815508086633438
chrX,11,4,8,-0.07845569102119673
chrX,11,5,8,-0.08563495607997713
chrX,11,6,8,-0.003985265016826417
chrX,11,7,8,-0.11897463574865672
chrX,11,8,8,-0.0317079912179042
chrX,11,9,8,0.09599061936842594
chrX,11,10,8,-0.04345418292615808
chrX,11,11,8,-0.07541009331520002
