chromosome,layer,head,pairs,mean
chr1,0,0,27,-0.0488570869787622
chr1,0,1,27,-0.036025559034761935
chr1,0,2,27,-0.032895875279258295
chr1,0,3,27,-0.00350128490622701
chr1,0,4,27,-0.0004912966339169913
chr1,0,5,27,-0.030992313216666664
chr1,0,6,27,0.0010135305439990588
chr1,0,7,27,-0.04022694832488981
chr1,0,8,27,-0.04168613678355224
chr1,0,9,27,-0.04619856563468453
chr1,0,10,27,-0.0032735127718347408
chr1,0,11,27,-0.032853979929377435
chr1,1,0,27,0.005688035926785877
chr1,1,1,27,-0.026790625768405386
chr1,1,2,27,-0.024200862668307357
chr1,1,3,27,-0.01796926875278802
chr1,1,4,27,-0.021457459654826174
chr1,1,5,27,-0.0045388090019952655
chr1,1,6,27,-0.03049007345345381
chr1,1,7,27,-0.025285188196481623
chr1,1,8,27,0.04445648860593638
chr1,1,9,27,-0.05095932304269972
chr1,1,10,27,-0.02506054517266931
chr1,1,11,27,-0.03724405778949326
chr1,2,0,27,-0.030399738178101644
chr1,2,1,27,-0.033888111040379185
chr1,2,2,27,-0.03379440600753975
chr1,2,3,27,-0.04325247338187918
chr1,2,4,27,-0.041823513766602656
chr1,2,5,27,0.03177836677036742
chr1,2,6,27,-0.030070145075890717
chr1,2,7,27,-0.020736358866611942
chr1,2,8,27,-0.048997553376461334
chr1,2,9,27,-0.059624106864489386
chr1,2,10,27,-0.050128116492174433
chr1,2,11,27,-0.0576997735643761
chr1,3,0,27,-0.026646240375016488
chr1,3,1,27,0.0021720993455255724
chr1,3,2,27,0.045454525040409435
chr1,3,3,27,0.009048543083420816
chr1,3,4,27,-0.018554742198432065
chr1,3,5,27,-0.0210573160257351
chr1,3,6,27,0.014168288810835527
chr1,3,7,27,0.004628078309256132
chr1,3,8,27,-0.013088850835893284
chr1,3,9,27,-0.0072289435030427245
chr1,3,10,27,-0.04013449021289467
chr1,3,11,27,-0.04756009697569475
chr1,4,0,27,-0.0430908626337886
chr1,4,1,27,0.01591190429911001
chr1,4,2,27,0.012603305360701025
chr1,4,3,27,0.009743003158453252
chr1,4,4,27,-0.0398481045016339
chr1,4,5,27,0.011409952485938332
chr1,4,6,27,-0.047807510172995726
chr1,4,7,27,0.12025366694347532
chr1,4,8,27,-0.05017690322146439
chr1,4,9,27,0.02652574659689843
chr1,4,10,27,-0.04814735776027247
chr1,4,11,27,0.018263987656379956
chr1,5,0,27,-0.08029716037409308
chr1,5,1,27,-0.0611526120428326
chr1,5,2,27,0.00017078726437767092
chr1,5,3,27,-0.0011049472488418896
chr1,5,4,27,0.018943157597894295
chr1,5,5,27,0.05100543047444185
chr1,5,6,27,-0.05062619637856546
chr1,5,7,27,-0.025315935393344275
chr1,5,8,27,-0.07458296536067864
chr1,5,9,27,-0.10614572601670229
chr1,5,10,27,0.005660060469708302
chr1,5,11,27,-0.019138957952111443
chr1,6,0,27,-0.06228542031504533
chr1,6,1,27,-0.0015961319386450653
chr1,6,2,27,-0.006274497802853989
chr1,6,3,27,0.08557543019316965
chr1,6,4,27,-0.0014552823358950219
chr1,6,5,27,0.026019023212185764
chr1,6,6,27,0.01845835348685863
chr1,6,7,27,0.009369153364815088
chr1,6,8,27,-0.046949271371081125
chr1,6,9,27,0.07764184992160089
chr1,6,10,27,0.011842063412204172
chr1,6,11,27,0.0424959120441103
chr1,7,0,27,-0.19739048579792387
chr1,7,1,27,-0.033001282282811316
chr1,7,2,27,-0.031229352930507857
chr1,7,3,27,0.03617414091936602
chr1,7,4,27,-0.010571093795472341
chr1,7,5,27,-0.06171836674173717
chr1,7,6,27,0.08311426004669059
chr1,7,7,27,0.09752563419791783
chr1,7,8,27,-0.0011941593887962968
chr1,7,9,27,0.0013735637359131427
chr1,7,10,27,-0.16291453049075663
chr1,7,11,27,-0.056083774147942925
chr1,8,0,27,-0.06366728542762162
chr1,8,1,27,-0.056268954763171945
chr1,8,2,27,-0.0775162469664491
chr1,8,3,27,-0.03818031556853355
chr1,8,4,27,-0.023510262327155626
chr1,8,5,27,-0.018545195272906784
chr1,8,6,27,-0.10685402585211182
chr1,8,7,27,-0.047876073108123314
chr1,8,8,27,-0.04789162294980006
chr1,8,9,27,-0.06681505463841854
chr1,8,10,27,-0.08474735536079746
chr1,8,11,27,-0.02484628087706909
chr1,9,0,27,0.03777847394521894
chr1,9,1,27,-0.10363625903011195
chr1,9,2,27,-0.10262727147617151
chr1,9,3,27,-0.040558258190065956
chr1,9,4,27,-0.03913971526029379
chr1,9,5,27,-0.0639794147590673
chr1,9,6,27,-0.026383743538479675
chr1,9,7,27,-0.05930216141445108
chr1,9,8,27,-0.09252583442091732
chr1,9,9,27,-0.09880443864153259
chr1,9,10,27,-0.03129560068271267
chr1,9,11,27,-0.043336739790200474
chr1,10,0,27,-0.08553769515714106
chr1,10,1,27,-0.0338314982054028
chr1,10,2,27,0.002088974689852922
chr1,10,3,27,-0.008499101844422497
chr1,10,4,27,-0.03421064107160515
chr1,10,5,27,-0.061253488685265825
chr1,10,6,27,-0.02002309284100065
chr1,10,7,27,-0.04797908952852697
chr1,10,8,27,-0.05580319617041777
chr1,10,9,27,-0.0822429946186579
chr1,10,10,27,-0.037586900891122314
chr1,10,11,27,-0.03446449235257836
chr1,11,0,27,-0.04574267887799352
chr1,11,1,27,-0.0733318694694793
chr1,11,2,27,-0.0711450939837689
chr1,11,3,27,-0.0321240825790378
chr1,11,4,27,-0.0467448068434615
chr1,11,5,27,-0.06053459398514026
chr1,11,6,27,-0.04668210250340907
chr1,11,7,27,-0.009429749571021358
chr1,11,8,27,-0.0740661653028459
chr1,11,9,27,-0.07242960377900254
chr1,11,10,27,-0.06712831760411611
chr1,11,11,27,-0.07069930689855937
chr10,0,0,9,0.036596953386887364
chr10,0,1,9,0.03463651434187587
chr10,0,2,9,0.04796546615439173
chr10,0,3,9,0.00436070564229223
chr10,0,4,9,8.471646154938784e-05
chr10,0,5,9,0.011568429964249585
chr10,0,6,9,0.01724274703250893
chr10,0,7,9,0.04474070548183254
chr10,0,8,9,0.039645462898910244
chr10,0,9,9,0.04239345979664751
chr10,0,10,9,0.004336746461994473
chr10,0,11,9,0.03678334345957875
chr10,1,0,9,0.032701108287511466
chr10,1,1,9,0.03245214802829689
chr10,1,2,9,-0.03347017899823071
chr10,1,3,9,0.004335610294858122
chr10,1,4,9,0.03377233713245645
chr10,1,5,9,-0.01026200458961787
chr10,1,6,9,0.06509257113942868
chr10,1,7,9,0.00301675319221321
chr10,1,8,9,-0.1449274635798973
chr10,1,9,9,0.06865725263921348
chr10,1,10,9,0.03221398385204152
chr10,1,11,9,0.06570149258011496
chr10,2,0,9,0.033365693118565826
chr10,2,1,9,0.05833557239054637
chr10,2,2,9,0.10572803175888407
chr10,2,3,9,-0.0706841391667603
chr10,2,4,9,-0.05254854161716855
chr10,2,5,9,0.01638661183593816
chr10,2,6,9,-0.10190639994240074
chr10,2,7,9,0.012804185167922108
chr10,2,8,9,0.014543619486004787
chr10,2,9,9,0.006106129134129705
chr10,2,10,9,-0.08092531310466355
chr10,2,11,9,0.037440630889873316
chr10,3,0,9,0.08384529177676771
chr10,3,1,9,-0.01651761957775803
chr10,3,2,9,0.015973322164314494
chr10,3,3,9,0.006856774437207897
chr10,3,4,9,-0.048651141427774165
chr10,3,5,9,-0.0777183781006267
chr10,3,6,9,-0.045312896553435365
chr10,3,7,9,-0.043984847245076966
chr10,3,8,9,0.06674102548548713
chr10,3,9,9,0.0035141259779335344
chr10,3,10,9,0.012389400784713829
chr10,3,11,9,-0.009709411119815263
chr10,4,0,9,0.06712786420504542
chr10,4,1,9,-0.007561491743259628
chr10,4,2,9,0.006726604543745389
chr10,4,3,9,0.0063197422732882685
chr10,4,4,9,-0.027882279860135147
chr10,4,5,9,-0.08909463012499853
chr10,4,6,9,-0.004011682710345527
chr10,4,7,9,0.4062913528246269
chr10,4,8,9,0.1458070261023117
chr10,4,9,9,0.17064332113256442
chr10,4,10,9,0.0657077525057907
chr10,4,11,9,0.008189770496094517
chr10,5,0,9,0.19211865362522026
chr10,5,1,9,0.022362251219640243
chr10,5,2,9,0.013584446960155197
chr10,5,3,9,0.0006150281623517698
chr10,5,4,9,0.19885445786631079
chr10,5,5,9,0.10362153777325614
chr10,5,6,9,-0.041400950139073724
chr10,5,7,9,-0.029092790630610307
chr10,5,8,9,0.021509967402979415
chr10,5,9,9,0.13628398003006734
chr10,5,10,9,-0.00041566744759116855
chr10,5,11,9,-0.023669410215909743
chr10,6,0,9,0.05438343472941429
chr10,6,1,9,0.0005473169537458957
chr10,6,2,9,0.0762446282798337
chr10,6,3,9,0.13072881168958173
chr10,6,4,9,0.03336790239804399
chr10,6,5,9,0.06583213783504906
chr10,6,6,9,0.11069320839329154
chr10,6,7,9,0.06354720683489735
chr10,6,8,9,0.01905197577587588
chr10,6,9,9,0.031345339319384324
chr10,6,10,9,0.008352935619548803
chr10,6,11,9,0.08890119548935016
chr10,7,0,9,0.062416546677462485
chr10,7,1,9,0.030467636536422267
chr10,7,2,9,0.04387599103337822
chr10,7,3,9,0.09147521643358697
chr10,7,4,9,0.05196408358616754
chr10,7,5,9,0.0757066272957217
chr10,7,6,9,0.16024859918231416
chr10,7,7,9,0.2615753634607064
chr10,7,8,9,-0.001772074637862769
chr10,7,9,9,0.007025407200691471
chr10,7,10,9,0.1843375173857105
chr10,7,11,9,0.14930499586072013
chr10,8,0,9,0.2998329391545642
chr10,8,1,9,0.18953840591503004
chr10,8,2,9,0.3321454830218948
chr10,8,3,9,0.056010032635193364
chr10,8,4,9,0.11443076027027067
chr10,8,5,9,0.05620158723882659
chr10,8,6,9,-0.011732180079453373
chr10,8,7,9,0.005723635074277099
chr10,8,8,9,0.0833742052185657
chr10,8,9,9,0.06941710912117093
chr10,8,10,9,0.3206698419542702
chr10,8,11,9,0.028016356043890522
chr10,9,0,9,0.003486212279499998
chr10,9,1,9,0.15328924509671601
chr10,9,2,9,0.26563879305884996
chr10,9,3,9,0.13198750380189184
chr10,9,4,9,0.01807374793744809
chr10,9,5,9,-0.0182230518879359
chr10,9,6,9,0.015609293155345934
chr10,9,7,9,-0.08940149009717156
chr10,9,8,9,0.010363045170420403
chr10,9,9,9,0.03710478824794775
chr10,9,10,9,0.11805919244872759
chr10,9,11,9,0.03629973702578583
chr10,10,0,9,0.0846257564613309
chr10,10,1,9,0.0369394423319426
chr10,10,2,9,0.004532438793642858
chr10,10,3,9,0.025063870610006603
chr10,10,4,9,0.031837525804035566
chr10,10,5,9,-0.0030917911894040137
chr10,10,6,9,-0.017995733842846303
chr10,10,7,9,-0.013433944809071341
chr10,10,8,9,0.0765407856171565
chr10,10,9,9,0.013770685749169767
chr10,10,10,9,0.06764836942336885
chr10,10,11,9,-0.0029948823488194962
chr10,11,0,9,0.04991955110641387
chr10,11,1,9,0.09853735433722018
chr10,11,2,9,0.054018651578647874
chr10,11,3,9,-0.06554065888922835
chr10,11,4,9,0.017485864089647776
chr10,11,5,9,-0.060240403726121036
chr10,11,6,9,-0.05521705242651037
chr10,11,7,9,-0.01443679572659652
chr10,11,8,9,0.0616134551841334
chr10,11,9,9,0.06910803105663542
chr10,11,10,9,-0.027463302832268253
chr10,11,11,9,0.12423828936290843
chr11,0,0,6,0.031186215716548987
chr11,0,1,6,0.016654222903931797
chr11,0,2,6,0.020143740123154435
chr11,0,3,6,-0.003608190337573359
chr11,0,4,6,-0.00023459728481955107
chr11,0,5,6,-0.0036274844507764117
chr11,0,6,6,-0.028214083566407366
chr11,0,7,6,0.13859750787661887
chr11,0,8,6,0.019194165437876054
chr11,0,9,6,0.03537788767731862
chr11,0,10,6,-0.004044393460152967
chr11,0,11,6,0.016747565692089166
chr11,1,0,6,0.3020325940356383
chr11,1,1,6,-0.05584300259988103
chr11,1,2,6,-0.12428754469860442
chr11,1,3,6,0.026597776129621737
chr11,1,4,6,0.06186271987769824
chr11,1,5,6,0.04177690691009903
chr11,1,6,6,0.0727321457097101
chr11,1,7,6,0.03953281956989404
chr11,1,8,6,0.10101224351672644
chr11,1,9,6,0.05115090385874669
chr11,1,10,6,0.044401200130257834
chr11,1,11,6,-0.031042387934462942
chr11,2,0,6,0.03517578100887758
chr11,2,1,6,0.13711039022554908
chr11,2,2,6,0.10847154395193653
chr11,2,3,6,0.08205701469638314
chr11,2,4,6,-0.03738199018621604
chr11,2,5,6,-0.10304736942129378
chr11,2,6,6,-0.026816905731008072
chr11,2,7,6,-0.009214098969706966
chr11,2,8,6,0.01453003729025267
chr11,2,9,6,-0.017045044506090734
chr11,2,10,6,-0.18356697030783098
chr11,2,11,6,-0.027400206831750623
chr11,3,0,6,0.07850815851267585
chr11,3,1,6,0.04601120847207285
chr11,3,2,6,0.042474691573634225
chr11,3,3,6,0.09583371746748348
chr11,3,4,6,-0.018361283146836677
chr11,3,5,6,-0.007858290599829601
chr11,3,6,6,0.03774781351214884
chr11,3,7,6,-0.002752001202221808
chr11,3,8,6,0.08126250781605099
chr11,3,9,6,-0.011026216357477617
chr11,3,10,6,0.0818608839271749
chr11,3,11,6,0.05412168655751492
chr11,4,0,6,-0.03879801463861643
chr11,4,1,6,-0.023343188178179874
chr11,4,2,6,0.0030286614705543765
chr11,4,3,6,0.010420503280063206
chr11,4,4,6,-0.06602590517678196
chr11,4,5,6,0.057240104461127185
chr11,4,6,6,0.021051736044111147
chr11,4,7,6,-0.07245217473155624
chr11,4,8,6,-0.12916418633752466
chr11,4,9,6,0.012027139182967087
chr11,4,10,6,-0.004679156561270714
chr11,4,11,6,0.0021922153404029627
chr11,5,0,6,-0.01822790376873651
chr11,5,1,6,-0.05554421795233041
chr11,5,2,6,0.007543288194285969
chr11,5,3,6,-0.000984608182092697
chr11,5,4,6,-0.04726252186323183
chr11,5,5,6,-0.11819905370065777
chr11,5,6,6,-0.05144041792284879
chr11,5,7,6,0.035103184261213005
chr11,5,8,6,-0.048356768787571114
chr11,5,9,6,-0.10674798354066896
chr11,5,10,6,-0.0012007645347325892
chr11,5,11,6,-0.03842444603431817
chr11,6,0,6,-0.14955459907972465
chr11,6,1,6,-0.001120718423834925
chr11,6,2,6,0.01998213855331077
chr11,6,3,6,-0.14543397327000895
chr11,6,4,6,-0.03587133450626576
chr11,6,5,6,-0.04926508963255463
chr11,6,6,6,-0.04708563396057924
chr11,6,7,6,-0.03998320487184497
chr11,6,8,6,-0.02402433871966636
chr11,6,9,6,-0.06140889661502517
chr11,6,10,6,-0.04060445270105816
chr11,6,11,6,-0.04809303566420608
chr11,7,0,6,-0.025072735020653936
chr11,7,1,6,-0.026737153138289466
chr11,7,2,6,-0.04403697630311957
chr11,7,3,6,-0.03160821432037791
chr11,7,4,6,-0.0026993638257342433
chr11,7,5,6,0.11649280394476859
chr11,7,6,6,-0.16723237787651146
chr11,7,7,6,-0.1558388773900389
chr11,7,8,6,-0.017158430370794026
chr11,7,9,6,0.02129804930796021
chr11,7,10,6,-0.04704415656281585
chr11,7,11,6,-0.017999691140941913
chr11,8,0,6,0.0019980898658107558
chr11,8,1,6,0.1352731494757381
chr11,8,2,6,0.17516712340710075
chr11,8,3,6,0.0066107913142693445
chr11,8,4,6,0.020658418201210015
chr11,8,5,6,-0.03230028811709485
chr11,8,6,6,-0.04527870175136658
chr11,8,7,6,-0.02312713264533485
chr11,8,8,6,-0.027227605406998645
chr11,8,9,6,-0.006513670913869248
chr11,8,10,6,0.22004368249443126
chr11,8,11,6,0.013717259853461528
chr11,9,0,6,-0.00809535113936958
chr11,9,1,6,-0.09423953165945485
chr11,9,2,6,-0.09397678699160812
chr11,9,3,6,0.08422910617498486
chr11,9,4,6,0.007179273670202979
chr11,9,5,6,0.004442388602540065
chr11,9,6,6,0.08668964347567515
chr11,9,7,6,-0.0010034094482038226
chr11,9,8,6,0.00395262115921674
chr11,9,9,6,-0.006365098332420123
chr11,9,10,6,0.01635703916033095
chr11,9,11,6,0.02107396526902471
chr11,10,0,6,-0.09772882910140152
chr11,10,1,6,-0.10482547962955985
chr11,10,2,6,-0.009479173039574925
chr11,10,3,6,0.007007516502143073
chr11,10,4,6,0.010609523536395776
chr11,10,5,6,0.032735910671204245
chr11,10,6,6,0.007600187239395317
chr11,10,7,6,0.10005147593059326
chr11,10,8,6,0.02555281188632802
chr11,10,9,6,-0.015525464519188681
chr11,10,10,6,-0.030361884127123002
chr11,10,11,6,-0.006352510665235738
chr11,11,0,6,0.0436362086916961
chr11,11,1,6,-0.014226535940990992
chr11,11,2,6,0.007526762107161726
chr11,11,3,6,0.1226060674324189
chr11,11,4,6,-0.030767347616786466
chr11,11,5,6,-0.05415921061714979
chr11,11,6,6,0.005438777804124838
chr11,11,7,6,0.15569625450313762
chr11,11,8,6,0.10530591724200196
chr11,11,9,6,0.023959671549430517
chr11,11,10,6,-0.06272408967933317
chr11,11,11,6,0.0003380442603751847
chr12,0,0,12,-0.03143874912355491
chr12,0,1,12,-0.02691697383261298
chr12,0,2,12,-0.020660555158611316
chr12,0,3,12,-0.0017629597428571054
chr12,0,4,12,0.0002641215276660087
chr12,0,5,12,-0.015913383233492766
chr12,0,6,12,-0.07628448820440793
chr12,0,7,12,0.10576894809623534
chr12,0,8,12,-0.026376617744391945
chr12,0,9,12,-0.04063657034595299
chr12,0,10,12,-0.002507324890832307
chr12,0,11,12,-0.01703732355489297
chr12,1,0,12,0.12394821773848574
chr12,1,1,12,0.019402916638026593
chr12,1,2,12,-0.0329082297964969
chr12,1,3,12,0.010941830910480751
chr12,1,4,12,0.06700309461025054
chr12,1,5,12,0.015043955840775036
chr12,1,6,12,0.10740016262392464
chr12,1,7,12,0.02009722631347256
chr12,1,8,12,0.04967309258115743
chr12,1,9,12,0.0015106549984098734
chr12,1,10,12,-0.02141142958497816
chr12,1,11,12,-0.0446791781909134
chr12,2,0,12,0.02710112195961086
chr12,2,1,12,0.08899934562170297
chr12,2,2,12,0.015423291105959469
chr12,2,3,12,0.015192445325312193
chr12,2,4,12,-0.09044224337748628
chr12,2,5,12,0.15909608509410914
chr12,2,6,12,-0.002297346649396121
chr12,2,7,12,-0.0029583485809450603
chr12,2,8,12,0.009369389268416045
chr12,2,9,12,-0.03161683641209103
chr12,2,10,12,-0.0633891907876737
chr12,2,11,12,0.13785441660945122
chr12,3,0,12,-0.05352271500109453
chr12,3,1,12,-0.01210650501139339
chr12,3,2,12,0.11888739626296037
chr12,3,3,12,0.03473302402219245
chr12,3,4,12,-0.03889864116109153
chr12,3,5,12,0.015281706759038597
chr12,3,6,12,-0.0007736231855870468
chr12,3,7,12,0.0662233051481286
chr12,3,8,12,0.019365038514058724
chr12,3,9,12,0.040041050665887645
chr12,3,10,12,-0.09248229474247943
chr12,3,11,12,0.005109831905893647
chr12,4,0,12,-0.13161981552640928
chr12,4,1,12,-0.008637884632164096
chr12,4,2,12,-0.010655027538485103
chr12,4,3,12,-0.007391052751887217
chr12,4,4,12,-0.05195042770570198
chr12,4,5,12,0.06211379879981516
chr12,4,6,12,0.03465727524580237
chr12,4,7,12,0.06500236991285845
chr12,4,8,12,-0.06877606668411065
chr12,4,9,12,-0.04986313521967523
chr12,4,10,12,-0.07576697779371726
chr12,4,11,12,0.00410348216512389
chr12,5,0,12,0.10920790742339863
chr12,5,1,12,-0.03648132795134033
chr12,5,2,12,0.0034553241849452584
chr12,5,3,12,-0.00127974581795039
chr12,5,4,12,0.004990477592639151
chr12,5,5,12,-0.003916797083742485
chr12,5,6,12,0.08463979243935986
chr12,5,7,12,0.0480325431794446
chr12,5,8,12,-0.0547055367611727
chr12,5,9,12,0.04573233625550677
chr12,5,10,12,-0.0011900917310628614
chr12,5,11,12,0.0177022387806296
chr12,6,0,12,-0.01930429588513577
chr12,6,1,12,-0.00021087587600959802
chr12,6,2,12,0.006887981062071692
chr12,6,3,12,-0.003299770188826758
chr12,6,4,12,0.004937138259407081
chr12,6,5,12,-0.03375258723662613
chr12,6,6,12,0.010973507539289438
chr12,6,7,12,-0.07651488607408109
chr12,6,8,12,-0.03331719949059705
chr12,6,9,12,0.08568885645657115
chr12,6,10,12,0.001134764805411079
chr12,6,11,12,-0.035368751533581065
chr12,7,0,12,0.07012806269914802
chr12,7,1,12,-0.0010153773986681309
chr12,7,2,12,-0.02155361244834818
chr12,7,3,12,-0.00593389520263609
chr12,7,4,12,0.0033589829218875597
chr12,7,5,12,0.0019685850813665703
chr12,7,6,12,-0.022080304536660985
chr12,7,7,12,-0.04589323566848177
chr12,7,8,12,0.01612891765025415
chr12,7,9,12,0.024675956911519026
chr12,7,10,12,0.09386681209865494
chr12,7,11,12,0.025046560506178095
chr12,8,0,12,0.11608603911994812
chr12,8,1,12,0.04387730923864492
chr12,8,2,12,0.2033074590132763
chr12,8,3,12,0.013712378367571379
chr12,8,4,12,0.06696026839283994
chr12,8,5,12,0.017631182875591414
chr12,8,6,12,-0.016298872032674425
chr12,8,7,12,0.0041957964534939185
chr12,8,8,12,-0.05811594550437155
chr12,8,9,12,-0.0324400776449928
chr12,8,10,12,0.08771268306827285
chr12,8,11,12,0.015444095641059976
chr12,9,0,12,-0.04407736870615895
chr12,9,1,12,0.05129843832873874
chr12,9,2,12,0.11273164603447378
chr12,9,3,12,0.14422372852222715
chr12,9,4,12,0.0255317671727994
chr12,9,5,12,-0.010923114740327417
chr12,9,6,12,0.059131113857788124
chr12,9,7,12,0.015950896859296577
chr12,9,8,12,-0.04008700114181519
chr12,9,9,12,-0.04984644396087767
chr12,9,10,12,0.030110544887004282
chr12,9,11,12,0.03430578607518984
chr12,10,0,12,-0.1622936468556211
chr12,10,1,12,0.0028164542778894943
chr12,10,2,12,0.009719082218657554
chr12,10,3,12,0.03055219550554497
chr12,10,4,12,0.027457667790591014
chr12,10,5,12,0.014998287677186264
chr12,10,6,12,0.039654076737916544
chr12,10,7,12,0.06617540960475364
chr12,10,8,12,-0.04217751987742591
chr12,10,9,12,-0.049415924608116564
chr12,10,10,12,0.032897747380285496
chr12,10,11,12,0.017852773059814152
chr12,11,0,12,-0.05183012436478616
chr12,11,1,12,-0.09823282321728799
chr12,11,2,12,-0.007800521428454971
chr12,11,3,12,0.13171015191270682
chr12,11,4,12,-0.09246196853222471
chr12,11,5,12,0.06553247743101763
chr12,11,6,12,0.0002809660011588791
chr12,11,7,12,0.09079785813449837
chr12,11,8,12,-0.06994455948582129
chr12,11,9,12,-0.048331415248049715
chr12,11,10,12,-0.06647671869650597
chr12,11,11,12,-0.0067693672219925295
chr13,0,0,6,-0.055698534404172405
chr13,0,1,6,-0.038350378045338064
chr13,0,2,6,-0.03611998779567973
chr13,0,3,6,-0.0013605877989039672
chr13,0,4,6,0.0005471471190439956
chr13,0,5,6,-0.026642146556893048
chr13,0,6,6,-0.07680844304126366
chr13,0,7,6,0.193057030467939
chr13,0,8,6,-0.05773127901006975
chr13,0,9,6,-0.05980664610764125
chr13,0,10,6,-0.004452394176916148
chr13,0,11,6,-0.058207027930317144
chr13,1,0,6,0.08449530952703176
chr13,1,1,6,-0.03205183193575935
chr13,1,2,6,-0.06503325351375444
chr13,1,3,6,0.01059102131979143
chr13,1,4,6,-0.09030756817890569
chr13,1,5,6,-0.03364275576772021
chr13,1,6,6,0.029921816799432465
chr13,1,7,6,-0.02880637832453553
chr13,1,8,6,-0.03631918877906957
chr13,1,9,6,-0.03964604719901854
chr13,1,10,6,-0.06557755338237747
chr13,1,11,6,-0.014512366705587643
chr13,2,0,6,-0.06428514972263961
chr13,2,1,6,-0.1272961677401239
chr13,2,2,6,0.056208027619343716
chr13,2,3,6,-0.003142276819918577
chr13,2,4,6,-0.06321631970006976
chr13,2,5,6,0.2479518527997183
chr13,2,6,6,-0.04551998232714266
chr13,2,7,6,-0.030109607622229122
chr13,2,8,6,-0.10948282905010326
chr13,2,9,6,-0.02353392754457347
chr13,2,10,6,-0.18924105252441714
chr13,2,11,6,0.14054511944776013
chr13,3,0,6,0.03835053548102144
chr13,3,1,6,-0.044333814565320255
chr13,3,2,6,0.00620370478250352
chr13,3,3,6,-0.04420955279873532
chr13,3,4,6,-0.024476548925998754
chr13,3,5,6,0.1329114189512607
chr13,3,6,6,-0.027550579313352808
chr13,3,7,6,0.020443505686733022
chr13,3,8,6,-0.08677844103066491
chr13,3,9,6,-0.07160445460656395
chr13,3,10,6,0.08434226739185564
chr13,3,11,6,0.01305089728943773
chr13,4,0,6,-0.1523856561111995
chr13,4,1,6,-0.0158297608899902
chr13,4,2,6,0.006986391683169638
chr13,4,3,6,0.0091555881670296
chr13,4,4,6,-0.000695450367762566
chr13,4,5,6,-0.10966363270888206
chr13,4,6,6,0.020477896933839817
chr13,4,7,6,0.2528236106663483
chr13,4,8,6,0.02481264187349282
chr13,4,9,6,0.07189225906665044
chr13,4,10,6,0.05263121669278026
chr13,4,11,6,0.018438620048495804
chr13,5,0,6,0.011968951196297725
chr13,5,1,6,-0.03605634078454317
chr13,5,2,6,-0.015110450481955603
chr13,5,3,6,0.0022661094081972318
chr13,5,4,6,0.012597676332483916
chr13,5,5,6,-0.011564884539509934
chr13,5,6,6,0.02636241261080412
chr13,5,7,6,0.06913506665280585
chr13,5,8,6,-0.055852580300507416
chr13,5,9,6,0.041608359397820836
chr13,5,10,6,-0.005183462607123484
chr13,5,11,6,0.008336366331135834
chr13,6,0,6,-0.04188606949872272
chr13,6,1,6,0.00017223622738212464
chr13,6,2,6,0.02103701047260483
chr13,6,3,6,0.17779722880206614
chr13,6,4,6,0.013175756776503957
chr13,6,5,6,-0.02260009227528755
chr13,6,6,6,0.0061187675807976944
chr13,6,7,6,-0.007048728971339365
chr13,6,8,6,-0.00563843859109862
chr13,6,9,6,-0.024249807340893086
chr13,6,10,6,0.0014170525519804147
chr13,6,11,6,-0.002513014727944569
chr13,7,0,6,-0.019252308783609114
chr13,7,1,6,0.02342927592304027
chr13,7,2,6,0.00293475608902762
chr13,7,3,6,0.011806999709260904
chr13,7,4,6,-0.0032587480617672047
chr13,7,5,6,0.018430015415991857
chr13,7,6,6,0.03010105589806289
chr13,7,7,6,-0.043005019164442694
chr13,7,8,6,-0.010624351976522894
chr13,7,9,6,0.03745010767709853
chr13,7,10,6,-0.07527245783566809
chr13,7,11,6,-0.01129233119418469
chr13,8,0,6,-0.03545055328780065
chr13,8,1,6,-0.009184280279776524
chr13,8,2,6,-0.05547332136216218
chr13,8,3,6,0.010225893483947573
chr13,8,4,6,-0.010436587742404163
chr13,8,5,6,0.009943403796143889
chr13,8,6,6,0.0193889741580018
chr13,8,7,6,0.018656527816424004
chr13,8,8,6,0.012559403486304152
chr13,8,9,6,-0.031159978572942153
chr13,8,10,6,0.005413547507068184
chr13,8,11,6,-0.006044175577109145
chr13,9,0,6,-0.04930030665178361
chr13,9,1,6,-0.12075991038797422
chr13,9,2,6,-0.14137546563087647
chr13,9,3,6,0.03601078425084497
chr13,9,4,6,0.00025057858595181154
chr13,9,5,6,0.0031523785418763627
chr13,9,6,6,-0.011789682630067267
chr13,9,7,6,0.028809003069059796
chr13,9,8,6,-0.019472047500763034
chr13,9,9,6,-0.07925977957393855
chr13,9,10,6,-0.1720571816512152
chr13,9,11,6,-0.008404871845570054
chr13,10,0,6,-0.16189839952624682
chr13,10,1,6,-0.030647262042829526
chr13,10,2,6,-0.004560711941265856
chr13,10,3,6,0.014950031427691938
chr13,10,4,6,0.00014807931181499284
chr13,10,5,6,-0.005415493909549675
chr13,10,6,6,-0.021545971011888154
chr13,10,7,6,-0.05922657324386923
chr13,10,8,6,-0.1211906975052337
chr13,10,9,6,-0.04383817305031149
chr13,10,10,6,0.01750619748520547
chr13,10,11,6,0.012647579798761023
chr13,11,0,6,-0.0847147468081501
chr13,11,1,6,-0.18820492941260777
chr13,11,2,6,-0.03494566148705638
chr13,11,3,6,-0.011636880313771547
chr13,11,4,6,-0.1412132374662651
chr13,11,5,6,-0.023114675691380853
chr13,11,6,6,-0.03577167266942633
chr13,11,7,6,0.08392974432612892
chr13,11,8,6,0.1028813711307671
chr13,11,9,6,0.01792524240326108
chr13,11,10,6,-0.09750657624622087
chr13,11,11,6,-0.03511709456997025
chr14,0,0,6,0.01222380168154267
chr14,0,1,6,0.010454735971734186
chr14,0,2,6,0.022310340673331874
chr14,0,3,6,-0.0016524103060032724
chr14,0,4,6,-0.0008539541749147808
chr14,0,5,6,-0.026038677892734452
chr14,0,6,6,-0.023104144539212373
chr14,0,7,6,-0.02812289937334746
chr14,0,8,6,0.01880581576862178
chr14,0,9,6,0.03407113660960485
chr14,0,10,6,0.0010316052796011295
chr14,0,11,6,0.02375480807645397
chr14,1,0,6,0.1311807123225599
chr14,1,1,6,-0.009747509075922764
chr14,1,2,6,-0.01402772181380361
chr14,1,3,6,-0.07311980567061423
chr14,1,4,6,0.014068517991476284
chr14,1,5,6,-0.009121049811416612
chr14,1,6,6,0.10522486744279223
chr14,1,7,6,0.0019521342231244392
chr14,1,8,6,-0.0263098453013282
chr14,1,9,6,-0.02216137405806277
chr14,1,10,6,0.0151459481794932
chr14,1,11,6,0.007320558944295383
chr14,2,0,6,0.0890595659530778
chr14,2,1,6,0.07166083143196149
chr14,2,2,6,0.1447161490212259
chr14,2,3,6,-0.33919601937844374
chr14,2,4,6,0.251630150975148
chr14,2,5,6,0.026227858166070695
chr14,2,6,6,0.06271468711457302
chr14,2,7,6,0.018143263398451293
chr14,2,8,6,0.06538475042900525
chr14,2,9,6,-0.009001255403696506
chr14,2,10,6,-0.11666669436917615
chr14,2,11,6,0.019395461022393434
chr14,3,0,6,0.05945526801446039
chr14,3,1,6,0.05664428694890466
chr14,3,2,6,0.0913568731783115
chr14,3,3,6,0.06181372570571773
chr14,3,4,6,-0.03148902256163448
chr14,3,5,6,-0.02250631741733612
chr14,3,6,6,0.08442333907942325
chr14,3,7,6,0.2174418170394622
chr14,3,8,6,0.020958336487532037
chr14,3,9,6,0.10207945514891474
chr14,3,10,6,0.0003356896680926554
chr14,3,11,6,0.0260547820900561
chr14,4,0,6,0.07251441112999236
chr14,4,1,6,0.017520598412372454
chr14,4,2,6,0.009040850243640904
chr14,4,3,6,0.009276157914361689
chr14,4,4,6,0.15014534368604082
chr14,4,5,6,0.03273926315593544
chr14,4,6,6,-0.02486659540059033
chr14,4,7,6,-0.10696444706778278
chr14,4,8,6,0.21273740585004386
chr14,4,9,6,0.28917458265538043
chr14,4,10,6,-0.03204377792090635
chr14,4,11,6,-0.02076465188328756
chr14,5,0,6,0.06239159424793352
chr14,5,1,6,-0.05359342628787581
chr14,5,2,6,-0.021173051402265015
chr14,5,3,6,-0.0017375520101713107
chr14,5,4,6,0.004143973142996398
chr14,5,5,6,0.10741588873585621
chr14,5,6,6,-0.05711986520659083
chr14,5,7,6,-0.00844773217802538
chr14,5,8,6,-0.034707285488424
chr14,5,9,6,-0.14269498641503173
chr14,5,10,6,-0.0006016941481302093
chr14,5,11,6,-0.09456231085296803
chr14,6,0,6,0.0374789075315072
chr14,6,1,6,0.00021739342245247106
chr14,6,2,6,0.032359836848898614
chr14,6,3,6,0.04086990562287506
chr14,6,4,6,5.1830694546418456e-05
chr14,6,5,6,0.07124713426507788
chr14,6,6,6,0.023702327213433735
chr14,6,7,6,-0.06518065913389147
chr14,6,8,6,-0.04794793500210052
chr14,6,9,6,-0.06403901646292469
chr14,6,10,6,0.003945368865467449
chr14,6,11,6,0.03658838309575055
chr14,7,0,6,-0.29555112111981513
chr14,7,1,6,-0.00167440865723333
chr14,7,2,6,0.03138467674340704
chr14,7,3,6,0.009864560013719137
chr14,7,4,6,0.00571170204842518
chr14,7,5,6,0.02428920289590387
chr14,7,6,6,0.017736824745541835
chr14,7,7,6,0.07375868337198775
chr14,7,8,6,-0.008581953696696709
chr14,7,9,6,-0.01720126947482313
chr14,7,10,6,0.10795188445048272
chr14,7,11,6,0.007268002835014452
chr14,8,0,6,-0.059006243934652446
chr14,8,1,6,-0.028406968922166136
chr14,8,2,6,0.19596504135641166
chr14,8,3,6,0.007105780187956253
chr14,8,4,6,0.03498755873662809
chr14,8,5,6,-0.009608986231290377
chr14,8,6,6,-0.0678844018401246
chr14,8,7,6,-0.0062768400110419205
chr14,8,8,6,-0.07621057575344908
chr14,8,9,6,-0.04140841697400464
chr14,8,10,6,-0.03735935209761976
chr14,8,11,6,0.01536875780813419
chr14,9,0,6,-0.047320773224264805
chr14,9,1,6,-0.2049862856585749
chr14,9,2,6,-0.1998710194644793
chr14,9,3,6,0.030492350535691142
chr14,9,4,6,0.026599522081662677
chr14,9,5,6,0.027104197564196453
chr14,9,6,6,-0.0068547788831777685
chr14,9,7,6,-0.06990135382506314
chr14,9,8,6,-0.06666654516037028
chr14,9,9,6,-0.10152549478557837
chr14,9,10,6,-0.16152943016899707
chr14,9,11,6,0.0224207367060192
chr14,10,0,6,-0.031807177487775375
chr14,10,1,6,0.0184473836760026
chr14,10,2,6,-0.05039639484870976
chr14,10,3,6,0.016493488128614054
chr14,10,4,6,0.01835218197876634
chr14,10,5,6,0.03363018305016522
chr14,10,6,6,0.014561394595232308
chr14,10,7,6,0.13303097519186047
chr14,10,8,6,-0.07849571947810874
chr14,10,9,6,-0.046341045316722874
chr14,10,10,6,-0.0029614330082111304
chr14,10,11,6,0.0277457003740104
chr14,11,0,6,-0.05006546621866396
chr14,11,1,6,-0.01071978451143446
chr14,11,2,6,0.006229097700965025
chr14,11,3,6,-0.05415490347484531
chr14,11,4,6,0.1167355664223242
chr14,11,5,6,-0.15475545167051474
chr14,11,6,6,0.1286298489182539
chr14,11,7,6,0.07514486587187126
chr14,11,8,6,0.027206986067921213
chr14,11,9,6,-0.11626947522984414
chr14,11,10,6,0.05176996351458226
chr14,11,11,6,0.0013335073105291233
chr15,0,0,12,-0.04924273167159229
chr15,0,1,12,-0.046652551490882925
chr15,0,2,12,-0.05290501803206982
chr15,0,3,12,-0.0062948377743694385
chr15,0,4,12,-0.00047393843057934364
chr15,0,5,12,-0.002611695447558996
chr15,0,6,12,-0.039071760502265025
chr15,0,7,12,0.0267897522000502
chr15,0,8,12,-0.05651195008471844
chr15,0,9,12,-0.03851475321276169
chr15,0,10,12,-0.004652842404198017
chr15,0,11,12,-0.0674217328862282
chr15,1,0,12,0.17803304403828066
chr15,1,1,12,-0.05761423223521747
chr15,1,2,12,-0.02848765502081363
chr15,1,3,12,-0.05715174447770241
chr15,1,4,12,-0.026895848693914415
chr15,1,5,12,-0.0536813387233857
chr15,1,6,12,0.09942693981130646
chr15,1,7,12,-0.09027631199296993
chr15,1,8,12,-0.2192300838114364
chr15,1,9,12,-0.05927759682855352
chr15,1,10,12,-0.060958111690260365
chr15,1,11,12,-0.0644565516863388
chr15,2,0,12,-0.071664674846394
chr15,2,1,12,0.11870493001925779
chr15,2,2,12,0.030875733594636873
chr15,2,3,12,-0.08568700212190204
chr15,2,4,12,-0.05506740545734392
chr15,2,5,12,0.17692677426795692
chr15,2,6,12,0.03527983968901089
chr15,2,7,12,-0.07316847047653145
chr15,2,8,12,-0.06990904434684087
chr15,2,9,12,-0.07537353790940647
chr15,2,10,12,-0.10719037811007022
chr15,2,11,12,0.07718811057369467
chr15,3,0,12,0.025105532511731605
chr15,3,1,12,0.061692468646530385
chr15,3,2,12,0.13272658321395442
chr15,3,3,12,0.04821777787145439
chr15,3,4,12,-0.02935423301295377
chr15,3,5,12,0.032377221922861174
chr15,3,6,12,-0.028522782997113406
chr15,3,7,12,0.15142532776953582
chr15,3,8,12,0.00572601982680455
chr15,3,9,12,0.035154566099251806
chr15,3,10,12,0.018435227767443597
chr15,3,11,12,-0.01648967217874145
chr15,4,0,12,0.092112969802722
chr15,4,1,12,0.012496530123292124
chr15,4,2,12,0.034879510638236876
chr15,4,3,12,0.02220628718795414
chr15,4,4,12,0.02081244459825959
chr15,4,5,12,-0.01629101871382019
chr15,4,6,12,-0.030848847618414374
chr15,4,7,12,0.3851947798864315
chr15,4,8,12,0.1599851347252985
chr15,4,9,12,0.05404685573638193
chr15,4,10,12,0.04158194694835169
chr15,4,11,12,0.05260961587674546
chr15,5,0,12,0.19299631521521474
chr15,5,1,12,-0.03595851696221244
chr15,5,2,12,0.06886130097167491
chr15,5,3,12,0.006488016446191705
chr15,5,4,12,0.11485726593279118
chr15,5,5,12,0.045564814164108354
chr15,5,6,12,0.04951896637230884
chr15,5,7,12,0.06568967505358149
chr15,5,8,12,-0.04214812622248012
chr15,5,9,12,0.19616277688155762
chr15,5,10,12,0.0694234495265842
chr15,5,11,12,-0.022801165484211936
chr15,6,0,12,0.006399276344853673
chr15,6,1,12,-0.005834685207244519
chr15,6,2,12,-0.010757097877622171
chr15,6,3,12,0.19202485498859548
chr15,6,4,12,0.005677195131276513
chr15,6,5,12,-0.038446532755901486
chr15,6,6,12,0.16414756201800093
chr15,6,7,12,-0.16388674623487667
chr15,6,8,12,-0.03610052056331711
chr15,6,9,12,0.04538642004675258
chr15,6,10,12,0.040423944618447276
chr15,6,11,12,-0.015150337921960242
chr15,7,0,12,-0.21976087194656713
chr15,7,1,12,-0.10673789664558787
chr15,7,2,12,-0.061301465936723365
chr15,7,3,12,-0.11069510586301899
chr15,7,4,12,-0.004625351793235546
chr15,7,5,12,-0.10446762336930134
chr15,7,6,12,-0.04878186231099449
chr15,7,7,12,-0.08094506697029313
chr15,7,8,12,-0.037050232904870126
chr15,7,9,12,-0.04118305937306361
chr15,7,10,12,-0.24876085898530567
chr15,7,11,12,-0.16536784860891912
chr15,8,0,12,0.06081049637420848
chr15,8,1,12,0.013947234146356957
chr15,8,2,12,-0.041285635430132354
chr15,8,3,12,0.028772346080113004
chr15,8,4,12,0.004285772601772678
chr15,8,5,12,0.022720927489347773
chr15,8,6,12,0.0017662698307750746
chr15,8,7,12,0.030960606566331605
chr15,8,8,12,-0.11227011627413001
chr15,8,9,12,-0.00250415399517534
chr15,8,10,12,0.05951562449140954
chr15,8,11,12,0.0062361888583336855
chr15,9,0,12,-0.07331013877863636
chr15,9,1,12,0.023271047862543765
chr15,9,2,12,0.06725008802201757
chr15,9,3,12,-0.02127477346695376
chr15,9,4,12,0.022136559628475605
chr15,9,5,12,0.0021015445907852323
chr15,9,6,12,-0.06948890576259412
chr15,9,7,12,0.042889428263328346
chr15,9,8,12,-0.1803046725972862
chr15,9,9,12,-0.03277219184756084
chr15,9,10,12,-0.2157397741596576
chr15,9,11,12,-0.01432088493502398
chr15,10,0,12,-0.09285464927386476
chr15,10,1,12,0.0878318191132189
chr15,10,2,12,0.003847655236318026
chr15,10,3,12,-0.0451354516289649
chr15,10,4,12,-0.035470109140158516
chr15,10,5,12,0.01895873154252202
chr15,10,6,12,-0.08380360041856073
chr15,10,7,12,-0.09131846202585937
chr15,10,8,12,0.00017768151115783262
chr15,10,9,12,-0.0851277594870246
chr15,10,10,12,0.025052861451668074
chr15,10,11,12,-0.02406063700455811
chr15,11,0,12,-0.014666437372487018
chr15,11,1,12,-0.12902953245175028
chr15,11,2,12,-0.06511100042435229
chr15,11,3,12,-0.02520338270687079
chr15,11,4,12,-0.02418609066339443
chr15,11,5,12,0.002478268939205571
chr15,11,6,12,0.03909284906321878
chr15,11,7,12,0.03926821940533371
chr15,11,8,12,-0.021207920536790926
chr15,11,9,12,-0.11590152633295982
chr15,11,10,12,-0.08538739944083158
chr15,11,11,12,-0.06053235256547776
chr16,0,0,12,-0.02444714707959894
chr16,0,1,12,-0.008931788147594655
chr16,0,2,12,-0.01960225441498309
chr16,0,3,12,0.0025917553347093894
chr16,0,4,12,0.0007364467804679996
chr16,0,5,12,-0.019401553204246247
chr16,0,6,12,-0.041057226514891236
chr16,0,7,12,0.10345589202855532
chr16,0,8,12,-0.0096251896458213
chr16,0,9,12,-0.010714227351651145
chr16,0,10,12,0.0004973596292071973
chr16,0,11,12,-0.012968042916812647
chr16,1,0,12,0.1977428293250537
chr16,1,1,12,-0.02867150224804499
chr16,1,2,12,-0.06361424559396475
chr16,1,3,12,-0.02069724159525364
chr16,1,4,12,0.005515934081962211
chr16,1,5,12,0.03658805580429294
chr16,1,6,12,0.01589418592071053
chr16,1,7,12,0.03752845210301159
chr16,1,8,12,-0.058786137364612114
chr16,1,9,12,0.008131905251954516
chr16,1,10,12,0.017298238634928954
chr16,1,11,12,-0.014406489704607464
chr16,2,0,12,-0.04367317959336234
chr16,2,1,12,0.037209266247695424
chr16,2,2,12,0.07699384048614376
chr16,2,3,12,-0.0904552462092592
chr16,2,4,12,0.07056354396302716
chr16,2,5,12,0.0919819803752256
chr16,2,6,12,-0.006815694967162417
chr16,2,7,12,0.028841724610539392
chr16,2,8,12,-0.004007030028562304
chr16,2,9,12,-0.044048926541775134
chr16,2,10,12,-0.14037149640369787
chr16,2,11,12,0.055460630896595614
chr16,3,0,12,-0.02303030125571667
chr16,3,1,12,0.022415663626049697
chr16,3,2,12,0.056396280012957746
chr16,3,3,12,0.044274451216370914
chr16,3,4,12,-0.027608585186559526
chr16,3,5,12,0.10103451871738585
chr16,3,6,12,0.04352237980592528
chr16,3,7,12,0.06216617203459309
chr16,3,8,12,-0.004269807730725865
chr16,3,9,12,-0.011908119118370017
chr16,3,10,12,-0.01941826933491433
chr16,3,11,12,0.019125220381389738
chr16,4,0,12,-0.02883634734195757
chr16,4,1,12,-0.013406980304862653
chr16,4,2,12,0.0008122440767926783
chr16,4,3,12,-0.001693740115814444
chr16,4,4,12,0.027876950085011464
chr16,4,5,12,-0.02703944047578488
chr16,4,6,12,-0.03261444962471474
chr16,4,7,12,0.024807535998991593
chr16,4,8,12,-0.012177220017491877
chr16,4,9,12,0.03932367275628854
chr16,4,10,12,-0.0760536108560279
chr16,4,11,12,0.0007251092540383313
chr16,5,0,12,0.025626318958544492
chr16,5,1,12,-0.03166505794186488
chr16,5,2,12,0.002415890346791021
chr16,5,3,12,-0.0014134972794067596
chr16,5,4,12,0.017886869114160302
chr16,5,5,12,0.020315816256541178
chr16,5,6,12,-0.04452467921416711
chr16,5,7,12,0.031603548458312127
chr16,5,8,12,-0.037607409174122246
chr16,5,9,12,-0.04146604819947409
chr16,5,10,12,0.011495722580910389
chr16,5,11,12,0.010201970595646254
chr16,6,0,12,-0.031190081664208096
chr16,6,1,12,0.00046554988358431986
chr16,6,2,12,0.025577547113793463
chr16,6,3,12,0.1296303829423355
chr16,6,4,12,0.007104519817545928
chr16,6,5,12,0.02704632117944635
chr16,6,6,12,0.050420341235659714
chr16,6,7,12,-0.053509668696832706
chr16,6,8,12,-0.05470066934822621
chr16,6,9,12,0.1003604740379332
chr16,6,10,12,0.004304679358032078
chr16,6,11,12,0.024890057440039807
chr16,7,0,12,0.007830232333694299
chr16,7,1,12,0.0157819405369033
chr16,7,2,12,-0.02050144235194683
chr16,7,3,12,0.032895409398738404
chr16,7,4,12,-0.0014177406244772004
chr16,7,5,12,-0.061164978147253114
chr16,7,6,12,0.046447554793010846
chr16,7,7,12,0.06077076250878308
chr16,7,8,12,-0.07400258670457943
chr16,7,9,12,-0.07059836179368523
chr16,7,10,12,0.029056993506667735
chr16,7,11,12,0.022608767606581228
chr16,8,0,12,0.032454614717429504
chr16,8,1,12,0.06003590588444498
chr16,8,2,12,0.04295373573982838
chr16,8,3,12,-0.0008536447463470242
chr16,8,4,12,-0.0009556870147577069
chr16,8,5,12,0.013374006937790747
chr16,8,6,12,0.03371868237512015
chr16,8,7,12,-0.0006591636134111018
chr16,8,8,12,-0.051052876626491835
chr16,8,9,12,0.024145076341737643
chr16,8,10,12,0.14527109151228199
chr16,8,11,12,2.745123316164489e-05
chr16,9,0,12,-0.11692725272112107
chr16,9,1,12,-0.12303732580033715
chr16,9,2,12,-0.10305890088882107
chr16,9,3,12,-0.01407348351605619
chr16,9,4,12,-0.012220415703503185
chr16,9,5,12,-0.019158183147089503
chr16,9,6,12,-0.06411698848389806
chr16,9,7,12,0.009364127003662391
chr16,9,8,12,0.012499135912207296
chr16,9,9,12,-0.032782855587958626
chr16,9,10,12,-0.06886069798940307
chr16,9,11,12,0.004559915404145402
chr16,10,0,12,-0.00037952503977046564
chr16,10,1,12,-0.024465178234682163
chr16,10,2,12,-0.012474970325203871
chr16,10,3,12,-0.003848526344782823
chr16,10,4,12,-0.0402546536723136
chr16,10,5,12,-0.008229125765089098
chr16,10,6,12,-0.013785864340224408
chr16,10,7,12,0.0006198545539506847
chr16,10,8,12,0.015139281477728065
chr16,10,9,12,0.048851128106245784
chr16,10,10,12,-0.01587934890268548
chr16,10,11,12,-0.007100253544194159
chr16,11,0,12,0.014335952244376754
chr16,11,1,12,0.06232545756275914
chr16,11,2,12,-0.004085559313133036
chr16,11,3,12,-0.00880577762310584
chr16,11,4,12,-0.026217171215628336
chr16,11,5,12,0.14307996412811183
chr16,11,6,12,0.0270341895407558
chr16,11,7,12,0.07639966644018746
chr16,11,8,12,-0.0907691826436748
chr16,11,9,12,0.036225199339528606
chr16,11,10,12,0.041780300361476785
chr16,11,11,12,-0.03276764605560733
chr17,0,0,13,-0.02372901523280774
chr17,0,1,13,-0.010804169625401924
chr17,0,2,13,-0.007427521438368163
chr17,0,3,13,-0.0020509069740021614
chr17,0,4,13,-6.497132121087906e-05
chr17,0,5,13,-0.0050607359527905255
chr17,0,6,13,-0.013529365627581438
chr17,0,7,13,-0.004614747056124772
chr17,0,8,13,-0.00740869994610678
chr17,0,9,13,-0.011267841376715207
chr17,0,10,13,-0.0018290884280883098
chr17,0,11,13,-0.013970199909175097
chr17,1,0,13,-0.06175976689300162
chr17,1,1,13,0.017301716554238008
chr17,1,2,13,-0.019237206288321415
chr17,1,3,13,0.007218064539008435
chr17,1,4,13,-0.0338847739130913
chr17,1,5,13,-0.0013171704844345095
chr17,1,6,13,-0.050297804276374945
chr17,1,7,13,-0.002034588094084505
chr17,1,8,13,0.07152558285141265
chr17,1,9,13,0.022645027052477864
chr17,1,10,13,-0.02037115485201646
chr17,1,11,13,-0.021632884717354244
chr17,2,0,13,-0.009578552658064548
chr17,2,1,13,-0.03359670702870434
chr17,2,2,13,0.03598043721003705
chr17,2,3,13,-0.17412356659027203
chr17,2,4,13,0.06426567877967213
chr17,2,5,13,-0.00494095282415836
chr17,2,6,13,0.0636319920078771
chr17,2,7,13,-0.014334616294304539
chr17,2,8,13,-0.05375735074297186
chr17,2,9,13,-0.004343263248529542
chr17,2,10,13,-0.027929133465996073
chr17,2,11,13,0.1442875199870633
chr17,3,0,13,0.018135936451798725
chr17,3,1,13,-0.03456412397804928
chr17,3,2,13,0.06822155033159504
chr17,3,3,13,0.04346966742911961
chr17,3,4,13,-0.0170857396202075
chr17,3,5,13,-0.030107674327148094
chr17,3,6,13,0.010711610212577357
chr17,3,7,13,0.006294525850862041
chr17,3,8,13,-0.020933092070417783
chr17,3,9,13,0.058738354949665915
chr17,3,10,13,0.0022265008908080287
chr17,3,11,13,0.03727199217622849
chr17,4,0,13,-0.0805085132012584
chr17,4,1,13,-0.014433295987645794
chr17,4,2,13,-0.006891127117859105
chr17,4,3,13,-0.007242287295071185
chr17,4,4,13,0.03411550713686132
chr17,4,5,13,-0.0313846289777075
chr17,4,6,13,0.04749168678828567
chr17,4,7,13,0.04258485826887053
chr17,4,8,13,-0.04751986775965378
chr17,4,9,13,0.02907906939906424
chr17,4,10,13,-0.12277655066188921
chr17,4,11,13,-0.02525095779268721
chr17,5,0,13,0.09355861795391437
chr17,5,1,13,-0.0357133730562308
chr17,5,2,13,0.0001757484225528102
chr17,5,3,13,-0.0009888520630984515
chr17,5,4,13,-0.059449517041653306
chr17,5,5,13,0.053210052407361215
chr17,5,6,13,-0.01546248899607593
chr17,5,7,13,0.02664864083322072
chr17,5,8,13,-0.011635876659265106
chr17,5,9,13,-0.10506709259015577
chr17,5,10,13,-0.017595776468843936
chr17,5,11,13,-0.01498033449687275
chr17,6,0,13,-0.07198162898736274
chr17,6,1,13,0.0016414797756162426
chr17,6,2,13,-0.010281748505576735
chr17,6,3,13,-0.08072274064879587
chr17,6,4,13,0.015600390519240904
chr17,6,5,13,0.033662762978080775
chr17,6,6,13,-0.016627773662861358
chr17,6,7,13,0.05197837261952957
chr17,6,8,13,-0.004737569747489196
chr17,6,9,13,-0.033136300355315736
chr17,6,10,13,-0.0008764311655030174
chr17,6,11,13,0.04519274622365621
chr17,7,0,13,0.0646271058937201
chr17,7,1,13,0.07809562954185781
chr17,7,2,13,0.039585827305019014
chr17,7,3,13,0.08861980271250529
chr17,7,4,13,0.013406345058740565
chr17,7,5,13,0.04839350796192643
chr17,7,6,13,0.061468513489842995
chr17,7,7,13,0.08179410071106025
chr17,7,8,13,-0.022089432557385973
chr17,7,9,13,0.012386319526827004
chr17,7,10,13,0.17851771463042845
chr17,7,11,13,0.12524917712185168
chr17,8,0,13,0.051300587889443985
chr17,8,1,13,0.07727756197703525
chr17,8,2,13,0.3725156661030136
chr17,8,3,13,0.0033236566242256633
chr17,8,4,13,0.06442332473067346
chr17,8,5,13,0.00971790211597024
chr17,8,6,13,0.045811212676248284
chr17,8,7,13,-0.0034794318203122485
chr17,8,8,13,0.041297700811243176
chr17,8,9,13,-0.0162208075703794
chr17,8,10,13,0.14283322305549445
chr17,8,11,13,0.019962645735438583
chr17,9,0,13,-0.017239467221526604
chr17,9,1,13,-0.035268909637762476
chr17,9,2,13,0.013819283700603932
chr17,9,3,13,0.13866164239933457
chr17,9,4,13,0.0035601881193188492
chr17,9,5,13,-0.003977076420894993
chr17,9,6,13,0.09167734224772578
chr17,9,7,13,0.009964355298311208
chr17,9,8,13,0.06831936848573
chr17,9,9,13,-0.006065928038564343
chr17,9,10,13,0.03861786575181134
chr17,9,11,13,0.04624560222388036
chr17,10,0,13,-0.004638008539446104
chr17,10,1,13,-0.03718050928060795
chr17,10,2,13,-0.012275112698052867
chr17,10,3,13,0.03169518019320378
chr17,10,4,13,0.00497565089833212
chr17,10,5,13,-0.010886510641508548
chr17,10,6,13,-0.02207519105848954
chr17,10,7,13,0.0876254521626574
chr17,10,8,13,-0.027948777793222253
chr17,10,9,13,0.044873517442870256
chr17,10,10,13,-0.008245951005650799
chr17,10,11,13,0.039898766965337014
chr17,11,0,13,-0.000788912312897008
chr17,11,1,13,0.07425853640401336
chr17,11,2,13,-0.003394965046813239
chr17,11,3,13,0.01390397526813508
chr17,11,4,13,-0.01249562225342963
chr17,11,5,13,0.02979048232813996
chr17,11,6,13,0.004852640027836254
chr17,11,7,13,0.05170834116369802
chr17,11,8,13,0.02074875358017062
chr17,11,9,13,0.08354930856992956
chr17,11,10,13,-0.0017768415438201375
chr17,11,11,13,0.05203202318504682
chr18,0,0,4,0.03496452699977334
chr18,0,1,4,0.039757776356879604
chr18,0,2,4,0.025041637984880766
chr18,0,3,4,0.002818774600088751
chr18,0,4,4,0.00016158611183444862
chr18,0,5,4,0.013306787192879116
chr18,0,6,4,0.058319246968217414
chr18,0,7,4,-0.06119670172631839
chr18,0,8,4,0.04222112678287199
chr18,0,9,4,0.0257563014924721
chr18,0,10,4,0.0030442376912867934
chr18,0,11,4,0.027848516151443042
chr18,1,0,4,0.26024807853184845
chr18,1,1,4,-0.034630571457155895
chr18,1,2,4,0.10471570087504412
chr18,1,3,4,-0.04780016988604441
chr18,1,4,4,-0.17365101818389692
chr18,1,5,4,0.003736461103043223
chr18,1,6,4,-0.08259954737549177
chr18,1,7,4,0.02600868196154829
chr18,1,8,4,0.2857268734287105
chr18,1,9,4,0.03370047791750333
chr18,1,10,4,0.03127235228491848
chr18,1,11,4,0.03199721684597358
chr18,2,0,4,0.08370317461000024
chr18,2,1,4,0.22745845880284843
chr18,2,2,4,-0.045350134844583445
chr18,2,3,4,0.06350911452018693
chr18,2,4,4,0.03981336814386327
chr18,2,5,4,-0.10839912813399175
chr18,2,6,4,0.05192503536786025
chr18,2,7,4,0.042001179016993906
chr18,2,8,4,0.018674872671387815
chr18,2,9,4,0.00838535077523711
chr18,2,10,4,-0.06779241934916219
chr18,2,11,4,0.13789420847563894
chr18,3,0,4,0.0058738321853867015
chr18,3,1,4,-0.033015243822443696
chr18,3,2,4,0.18214018409748914
chr18,3,3,4,0.10342794953672674
chr18,3,4,4,0.0415499874679674
chr18,3,5,4,0.1233310494295285
chr18,3,6,4,0.06315448361458134
chr18,3,7,4,0.1735575532755656
chr18,3,8,4,0.034974434805577825
chr18,3,9,4,0.06934515878658618
chr18,3,10,4,-0.059277177622871394
chr18,3,11,4,0.03335613208826958
chr18,4,0,4,0.19838470180881831
chr18,4,1,4,0.010277847391075732
chr18,4,2,4,0.03877060135319606
chr18,4,3,4,0.039472638044179637
chr18,4,4,4,0.1296730765594583
chr18,4,5,4,-0.08693162000367563
chr18,4,6,4,-0.151535994948681
chr18,4,7,4,0.3196261046163448
chr18,4,8,4,0.353199077862947
chr18,4,9,4,0.32681140635529565
chr18,4,10,4,0.10303213510117151
chr18,4,11,4,0.015387477599686374
chr18,5,0,4,-0.3840584144813248
chr18,5,1,4,-0.044565033739220244
chr18,5,2,4,-0.05785425211347615
chr18,5,3,4,-0.001036140987368631
chr18,5,4,4,-0.16367603687529572
chr18,5,5,4,-0.11803927876726607
chr18,5,6,4,0.00992730653812987
chr18,5,7,4,-0.005468982988601354
chr18,5,8,4,-0.01614775649652886
chr18,5,9,4,-0.0871211398731542
chr18,5,10,4,-0.004725898086976335
chr18,5,11,4,-0.1925845976373116
chr18,6,0,4,0.09043285957151306
chr18,6,1,4,0.0007465768998284334
chr18,6,2,4,0.049543738763238004
chr18,6,3,4,-0.04965020012230348
chr18,6,4,4,-0.004636647918112788
chr18,6,5,4,0.012310027519337397
chr18,6,6,4,-0.024884248558608987
chr18,6,7,4,0.023202146638119446
chr18,6,8,4,0.04676899344126123
chr18,6,9,4,-0.19887817464285218
chr18,6,10,4,0.03440169629450899
chr18,6,11,4,-0.008970231937713333
chr18,7,0,4,-0.100188755050725
chr18,7,1,4,-0.03783982835314437
chr18,7,2,4,0.04226331467211203
chr18,7,3,4,-0.07784074757181482
chr18,7,4,4,-0.031167281384721957
chr18,7,5,4,-0.059438437697466664
chr18,7,6,4,-0.5552430516709839
chr18,7,7,4,-0.023748284368133546
chr18,7,8,4,0.1436581554663875
chr18,7,9,4,0.05926102159928885
chr18,7,10,4,-0.30315919620687015
chr18,7,11,4,-0.06359973277114205
chr18,8,0,4,-0.25799707508048286
chr18,8,1,4,0.03097170866747062
chr18,8,2,4,-0.11537879271087402
chr18,8,3,4,-0.03621547913303334
chr18,8,4,4,-0.20604294332561934
chr18,8,5,4,-0.014498444720635358
chr18,8,6,4,0.026726293039049755
chr18,8,7,4,0.015325020206915924
chr18,8,8,4,0.02035558146193661
chr18,8,9,4,0.0037671592748160787
chr18,8,10,4,0.06550832837193063
chr18,8,11,4,-0.021607174986815955
chr18,9,0,4,-0.0495482761074653
chr18,9,1,4,-0.25134037520173536
chr18,9,2,4,-0.14023223789547443
chr18,9,3,4,-0.26036203303202166
chr18,9,4,4,-0.0585120402326046
chr18,9,5,4,0.027858681865831805
chr18,9,6,4,-0.04554975826974814
chr18,9,7,4,0.050611993770536316
chr18,9,8,4,-0.006279685104890603
chr18,9,9,4,0.0920098719952327
chr18,9,10,4,-0.09231147026754868
chr18,9,11,4,-0.07179567206980787
chr18,10,0,4,-0.03032267084046361
chr18,10,1,4,0.05931375460110304
chr18,10,2,4,0.025014236853844823
chr18,10,3,4,-0.03778701768505754
chr18,10,4,4,0.06273312783924428
chr18,10,5,4,-0.011995945236638307
chr18,10,6,4,-0.011563317778147904
chr18,10,7,4,-0.041779107603040225
chr18,10,8,4,0.059822584160989706
chr18,10,9,4,0.09352336388516017
chr18,10,10,4,-0.06430098484826793
chr18,10,11,4,-0.06945431538989022
chr18,11,0,4,-0.03213366894787026
chr18,11,1,4,-0.047157791538630006
chr18,11,2,4,0.02708003231539688
chr18,11,3,4,-0.004085987060231486
chr18,11,4,4,0.018698060595109145
chr18,11,5,4,-0.14286998112129184
chr18,11,6,4,-0.07662293554830372
chr18,11,7,4,-0.19890803997741585
chr18,11,8,4,0.21668410797864446
chr18,11,9,4,-0.009451493708347414
chr18,11,10,4,-0.007839859197980775
chr18,11,11,4,-0.015400216585879561
chr19,0,0,10,-0.02774101259648761
chr19,0,1,10,-0.011184684262735467
chr19,0,2,10,-0.010210002340013536
chr19,0,3,10,-0.0019389131970146238
chr19,0,4,10,-0.0002726406088734662
chr19,0,5,10,-0.0006843735250532168
chr19,0,6,10,-0.04233661349370567
chr19,0,7,10,0.020341672096903952
chr19,0,8,10,-0.008054267615881771
chr19,0,9,10,0.002940920552600812
chr19,0,10,10,-0.0027479096131135757
chr19,0,11,10,-0.016884842548648284
chr19,1,0,10,0.09362131048163486
chr19,1,1,10,-0.02107024019433847
chr19,1,2,10,-0.005087817562800157
chr19,1,3,10,-0.056442157258824247
chr19,1,4,10,0.023115269271577487
chr19,1,5,10,-0.004126591282120446
chr19,1,6,10,-0.013206101376507708
chr19,1,7,10,-0.012207826795752719
chr19,1,8,10,-0.04057276988794678
chr19,1,9,10,0.010879955824970122
chr19,1,10,10,-0.02213569917038586
chr19,1,11,10,-0.02854210534606274
chr19,2,0,10,0.006399576858701595
chr19,2,1,10,0.003360378482194182
chr19,2,2,10,-0.024456906892419715
chr19,2,3,10,-0.1916000653303797
chr19,2,4,10,0.09290693072804851
chr19,2,5,10,0.015030291499832283
chr19,2,6,10,0.04425322987590021
chr19,2,7,10,-0.01713695008939401
chr19,2,8,10,-0.0426715685853772
chr19,2,9,10,-0.022365657229685344
chr19,2,10,10,-0.08080414444934772
chr19,2,11,10,-0.018586061464946853
chr19,3,0,10,-0.00971318968047311
chr19,3,1,10,-0.03199373064858536
chr19,3,2,10,0.061517080307328297
chr19,3,3,10,0.05027491959194217
chr19,3,4,10,-0.03885113721078441
chr19,3,5,10,-0.10922761807125089
chr19,3,6,10,0.09196136554954215
chr19,3,7,10,0.02538005823358925
chr19,3,8,10,0.03563607742776932
chr19,3,9,10,-0.004764790702200888
chr19,3,10,10,-0.07495268712079511
chr19,3,11,10,-0.005684166774771132
chr19,4,0,10,0.1382448431240274
chr19,4,1,10,0.0235728254366666
chr19,4,2,10,0.023165220429229798
chr19,4,3,10,0.014333551137700943
chr19,4,4,10,0.08143191949839144
chr19,4,5,10,-0.0031817870748825487
chr19,4,6,10,-0.012944180791650172
chr19,4,7,10,0.008142703747304626
chr19,4,8,10,-0.045672621551398104
chr19,4,9,10,-0.03202819394995129
chr19,4,10,10,-0.1906290321486198
chr19,4,11,10,-0.013215826478128847
chr19,5,0,10,-0.029114045878421802
chr19,5,1,10,-0.04046063012003488
chr19,5,2,10,-0.0062194346876939385
chr19,5,3,10,-0.0004102021753178132
chr19,5,4,10,-0.03077898286321366
chr19,5,5,10,0.0028152848937581464
chr19,5,6,10,-0.07913001943730356
chr19,5,7,10,-0.0005249646819180554
chr19,5,8,10,-0.015978686524051856
chr19,5,9,10,0.0049747942970111755
chr19,5,10,10,-0.001538989092889615
chr19,5,11,10,-0.09874244411801501
chr19,6,0,10,0.028403494583166634
chr19,6,1,10,0.00027591277826752547
chr19,6,2,10,0.040985517261903415
chr19,6,3,10,0.07309759187037705
chr19,6,4,10,0.013309265508676948
chr19,6,5,10,0.011175450679003118
chr19,6,6,10,2.0486517399725955e-05
chr19,6,7,10,0.03973577817213868
chr19,6,8,10,-0.023185662599896194
chr19,6,9,10,0.008647059952561643
chr19,6,10,10,0.01856148042204802
chr19,6,11,10,-0.003511902565916605
chr19,7,0,10,0.004777073422298522
chr19,7,1,10,0.01804592785950966
chr19,7,2,10,-0.017747890894447817
chr19,7,3,10,0.031997110227325834
chr19,7,4,10,0.007943341660954988
chr19,7,5,10,-0.06448701802630433
chr19,7,6,10,0.06583461948190476
chr19,7,7,10,0.04504125262746088
chr19,7,8,10,-0.014814386853618636
chr19,7,9,10,-0.0432056848049876
chr19,7,10,10,0.06292768579465523
chr19,7,11,10,0.03075111748282844
chr19,8,0,10,-0.06894838074475587
chr19,8,1,10,0.1633001964859032
chr19,8,2,10,0.051244590939301914
chr19,8,3,10,0.0008569419728564148
chr19,8,4,10,-0.029307748645653487
chr19,8,5,10,0.0016366037632314311
chr19,8,6,10,0.02531094384572809
chr19,8,7,10,0.01368770781348517
chr19,8,8,10,0.03343786232994126
chr19,8,9,10,0.018303286823273136
chr19,8,10,10,0.1305603186691286
chr19,8,11,10,-0.001309898582414426
chr19,9,0,10,-0.10632012476366133
chr19,9,1,10,0.027021486880431145
chr19,9,2,10,0.05687406625084516
chr19,9,3,10,-0.07888034389756444
chr19,9,4,10,-0.007804380257332169
chr19,9,5,10,-0.01562658678489736
chr19,9,6,10,0.005165443167519701
chr19,9,7,10,0.009782307157569854
chr19,9,8,10,-0.013876866751839367
chr19,9,9,10,0.007750778674352377
chr19,9,10,10,-0.08022062895420629
chr19,9,11,10,0.004239771066781939
chr19,10,0,10,-0.04559310628381288
chr19,10,1,10,-0.011976764105744397
chr19,10,2,10,-0.08285026906793316
chr19,10,3,10,-0.004991312471188612
chr19,10,4,10,-0.013132043441266075
chr19,10,5,10,0.017667057989264795
chr19,10,6,10,0.060488565830240495
chr19,10,7,10,0.11713955801380113
chr19,10,8,10,0.010409400270366775
chr19,10,9,10,-0.011635111876576499
chr19,10,10,10,-0.02739058052618413
chr19,10,11,10,-0.003252616957727053
chr19,11,0,10,0.030249058193623456
chr19,11,1,10,-0.14505755867345127
chr19,11,2,10,0.010491272604173063
chr19,11,3,10,0.021884236049678835
chr19,11,4,10,0.09625482330127352
chr19,11,5,10,-0.08096355127949827
chr19,11,6,10,0.09109652306185986
chr19,11,7,10,0.052011463921174436
chr19,11,8,10,-0.08423632361307312
chr19,11,9,10,-0.016365972775310024
chr19,11,10,10,-0.07704066584005345
chr19,11,11,10,-0.048596840954788646
chr2,0,0,19,-0.04157075501233919
chr2,0,1,19,-0.03942757954913827
chr2,0,2,19,-0.03760918880449618
chr2,0,3,19,-0.005708239926801827
chr2,0,4,19,-0.00047231278281219697
chr2,0,5,19,-0.006884869653070306
chr2,0,6,19,0.0003374021297588687
chr2,0,7,19,-0.06781723036608982
chr2,0,8,19,-0.04579568704597824
chr2,0,9,19,-0.04150966527821311
chr2,0,10,19,-0.005902726880030238
chr2,0,11,19,-0.04414303471921025
chr2,1,0,19,-0.12099099995014993
chr2,1,1,19,-0.021001558156618416
chr2,1,2,19,-0.047296547065359185
chr2,1,3,19,-0.04545123922072169
chr2,1,4,19,0.00937017762594557
chr2,1,5,19,-0.03735304683796719
chr2,1,6,19,-0.03180334507510999
chr2,1,7,19,-0.011028224418150281
chr2,1,8,19,0.09075583159705056
chr2,1,9,19,-0.03665770043136638
chr2,1,10,19,-0.04866392229264814
chr2,1,11,19,-0.03491551855211338
chr2,2,0,19,-0.06460539829803404
chr2,2,1,19,-0.08062193067724806
chr2,2,2,19,0.05372244088945166
chr2,2,3,19,0.001199166800651212
chr2,2,4,19,-0.009542367373754305
chr2,2,5,19,0.11081202876774159
chr2,2,6,19,-0.05240494481748863
chr2,2,7,19,-0.03275895052722812
chr2,2,8,19,-0.012805339319307333
chr2,2,9,19,-0.026874176677449034
chr2,2,10,19,-0.10137249653178643
chr2,2,11,19,0.029798812432388064
chr2,3,0,19,0.03228373505375684
chr2,3,1,19,9.672327477536651e-05
chr2,3,2,19,0.05797049576627018
chr2,3,3,19,0.007514874485466812
chr2,3,4,19,-0.01862214994626463
chr2,3,5,19,0.026041525506159298
chr2,3,6,19,-0.01283190958564286
chr2,3,7,19,0.021290291244297186
chr2,3,8,19,-0.029069934419735072
chr2,3,9,19,-0.006459270214304307
chr2,3,10,19,0.007630118250571886
chr2,3,11,19,-0.004471974521540733
chr2,4,0,19,-0.07537697238419767
chr2,4,1,19,-0.01409949763667434
chr2,4,2,19,0.0031567961149217825
chr2,4,3,19,0.006602386405359644
chr2,4,4,19,0.01874797252480212
chr2,4,5,19,-0.05274885659949291
chr2,4,6,19,-0.009186719058908575
chr2,4,7,19,0.10896270207067327
chr2,4,8,19,0.02947618583800692
chr2,4,9,19,0.0905646731360191
chr2,4,10,19,-0.05955219331292153
chr2,4,11,19,-0.0019520425364220773
chr2,5,0,19,0.05770704788948867
chr2,5,1,19,-0.033807894510911755
chr2,5,2,19,-0.008167647620990828
chr2,5,3,19,0.0006223458071539734
chr2,5,4,19,0.03516050136105958
chr2,5,5,19,0.09820971618001191
chr2,5,6,19,0.004105254222758548
chr2,5,7,19,0.00346294454865548
chr2,5,8,19,-0.05928276449144221
chr2,5,9,19,-0.0049179772587285625
chr2,5,10,19,-0.017085789754354753
chr2,5,11,19,-0.006614010029162219
chr2,6,0,19,-0.04753598612066659
chr2,6,1,19,-0.0024445043169518447
chr2,6,2,19,-0.005454990270480932
chr2,6,3,19,0.20433823373672313
chr2,6,4,19,0.0074706920485188184
chr2,6,5,19,0.01691720827866225
chr2,6,6,19,0.10122839603446307
chr2,6,7,19,-0.02792768633312902
chr2,6,8,19,-0.055105816742827496
chr2,6,9,19,0.12626040032157357
chr2,6,10,19,0.005967988019295805
chr2,6,11,19,0.053399739026916804
chr2,7,0,19,-0.004380600409254681
chr2,7,1,19,0.020567176828177894
chr2,7,2,19,-0.038534056452435045
chr2,7,3,19,0.0527842573454556
chr2,7,4,19,-0.04866396292760591
chr2,7,5,19,-0.09378909834004932
chr2,7,6,19,0.11414042214116463
chr2,7,7,19,0.11208125353030596
chr2,7,8,19,-0.0382816912355974
chr2,7,9,19,-0.013483802193317856
chr2,7,10,19,0.026706483596919673
chr2,7,11,19,0.055379621859522075
chr2,8,0,19,-0.0769643263357625
chr2,8,1,19,-0.03908078041598678
chr2,8,2,19,-0.03420837171559334
chr2,8,3,19,0.007262256540743801
chr2,8,4,19,0.012836617208405413
chr2,8,5,19,0.005213082161448616
chr2,8,6,19,-0.016864383020702044
chr2,8,7,19,-0.026838648957615778
chr2,8,8,19,-0.06889045015628388
chr2,8,9,19,-0.025298944337020596
chr2,8,10,19,-0.011194974390689278
chr2,8,11,19,-0.022282794956591547
chr2,9,0,19,-0.17889855219251766
chr2,9,1,19,-0.10689493558894267
chr2,9,2,19,-0.06833521737989039
chr2,9,3,19,0.017076103198221424
chr2,9,4,19,-0.04949088343118563
chr2,9,5,19,-0.07687657881391391
chr2,9,6,19,-0.06919241543092049
chr2,9,7,19,-0.08073732396872463
chr2,9,8,19,-0.04521605099869351
chr2,9,9,19,-0.03697860959488154
chr2,9,10,19,-0.03682362773731664
chr2,9,11,19,-0.05467452063625817
chr2,10,0,19,-0.14096325912886684
chr2,10,1,19,-0.01597996330010344
chr2,10,2,19,-0.015113245872036593
chr2,10,3,19,-0.022358783445865806
chr2,10,4,19,-0.024457767198072883
chr2,10,5,19,-0.05714430297166743
chr2,10,6,19,-0.07041799685202137
chr2,10,7,19,-0.07378223877739835
chr2,10,8,19,-0.03499452926826419
chr2,10,9,19,-0.05245048037120247
chr2,10,10,19,-0.009456165585702251
chr2,10,11,19,-0.01937904219407176
chr2,11,0,19,-0.0237621232174986
chr2,11,1,19,-0.05547596989150855
chr2,11,2,19,-0.06179319079498713
chr2,11,3,19,-0.01567415954600245
chr2,11,4,19,-0.027945606264960555
chr2,11,5,19,-0.03370400226808129
chr2,11,6,19,-0.012954816504572505
chr2,11,7,19,0.03467641242654235
chr2,11,8,19,-0.1038644975162217
chr2,11,9,19,0.0027648151787729226
chr2,11,10,19,-0.007182089347573876
chr2,11,11,19,-0.03504924659912016
chr20,0,0,7,-0.005854945694898591
chr20,0,1,7,0.008094949723905611
chr20,0,2,7,0.017248095013978042
chr20,0,3,7,0.0002786955636998987
chr20,0,4,7,-0.0004571253816109651
chr20,0,5,7,-0.007503909173471435
chr20,0,6,7,0.006754893165112273
chr20,0,7,7,-0.011255602704996339
chr20,0,8,7,0.007761983761241328
chr20,0,9,7,0.01012979537229102
chr20,0,10,7,0.0020678037611777627
chr20,0,11,7,0.013503281921291879
chr20,1,0,7,0.13849085403785563
chr20,1,1,7,0.019875562578156387
chr20,1,2,7,-0.0066219642030505245
chr20,1,3,7,0.020983461577973483
chr20,1,4,7,-0.0367600541941635
chr20,1,5,7,-0.021845759452019727
chr20,1,6,7,0.10854888937709059
chr20,1,7,7,0.012674114543485564
chr20,1,8,7,-0.08670682814875974
chr20,1,9,7,0.01104887955511169
chr20,1,10,7,-0.02553921397486203
chr20,1,11,7,-0.009227422221250697
chr20,2,0,7,0.037093062650251404
chr20,2,1,7,-0.18342966300872715
chr20,2,2,7,0.14878062663294583
chr20,2,3,7,-0.03452300878777316
chr20,2,4,7,0.0048137155707855105
chr20,2,5,7,-0.04579914026919548
chr20,2,6,7,-0.01602698819788941
chr20,2,7,7,0.0393993321037674
chr20,2,8,7,0.014724347972388021
chr20,2,9,7,0.05629088115306608
chr20,2,10,7,-0.24890364612892243
chr20,2,11,7,0.09248364813413613
chr20,3,0,7,0.04671335134743415
chr20,3,1,7,-0.003312352269776997
chr20,3,2,7,0.12209983962698681
chr20,3,3,7,-0.04485008132053753
chr20,3,4,7,-0.028343002224859422
chr20,3,5,7,0.06029905983431416
chr20,3,6,7,0.04335227708177479
chr20,3,7,7,0.10151332278591758
chr20,3,8,7,0.04649319442715608
chr20,3,9,7,0.030550202069725283
chr20,3,10,7,0.003034028367451702
chr20,3,11,7,0.0018973861861777488
chr20,4,0,7,0.08076536713480102
chr20,4,1,7,-0.00626609359145671
chr20,4,2,7,-0.0007628246904644238
chr20,4,3,7,-0.0029293143497853445
chr20,4,4,7,0.02353059313073052
chr20,4,5,7,0.009645735327530523
chr20,4,6,7,-0.005341018370057611
chr20,4,7,7,-0.024544037470442728
chr20,4,8,7,-0.0449438906300471
chr20,4,9,7,-0.0009454500268148583
chr20,4,10,7,-0.06267004643381055
chr20,4,11,7,-0.014046059111481782
chr20,5,0,7,-0.09893522245221208
chr20,5,1,7,-0.07188861211585881
chr20,5,2,7,-0.020180574676102157
chr20,5,3,7,-0.0001057736682736876
chr20,5,4,7,0.005534936627376995
chr20,5,5,7,0.1203912889683987
chr20,5,6,7,-0.07367698112522725
chr20,5,7,7,0.04422925853216686
chr20,5,8,7,-0.05856637527097576
chr20,5,9,7,-0.08365527548125391
chr20,5,10,7,-0.023624223740454104
chr20,5,11,7,-0.04010246604538453
chr20,6,0,7,-0.000637526201550823
chr20,6,1,7,-0.0002905007131147614
chr20,6,2,7,0.015548860041451054
chr20,6,3,7,0.12791984866286576
chr20,6,4,7,0.001304559929035066
chr20,6,5,7,0.02074832150896586
chr20,6,6,7,0.04887461637902901
chr20,6,7,7,-0.02144583753542923
chr20,6,8,7,-0.03386783949822366
chr20,6,9,7,-0.04402251308593637
chr20,6,10,7,-0.0010768334963190168
chr20,6,11,7,0.027996462786488773
chr20,7,0,7,0.01562765719099065
chr20,7,1,7,-0.01320759352105934
chr20,7,2,7,0.041660729884444324
chr20,7,3,7,0.013872941927302413
chr20,7,4,7,0.009795476178186149
chr20,7,5,7,0.08061380126503
chr20,7,6,7,0.03466749607913162
chr20,7,7,7,0.061259736647124634
chr20,7,8,7,0.04665252311411142
chr20,7,9,7,0.02748412769976602
chr20,7,10,7,0.08483466847982794
chr20,7,11,7,0.06631181568829539
chr20,8,0,7,-0.12045116620602755
chr20,8,1,7,-0.09355287845399331
chr20,8,2,7,-0.07049216505705568
chr20,8,3,7,0.006572978711318693
chr20,8,4,7,-0.0011009886929181764
chr20,8,5,7,-0.00019905410973846644
chr20,8,6,7,-0.03911567389543199
chr20,8,7,7,0.0034290123230153757
chr20,8,8,7,-0.07994283610829422
chr20,8,9,7,0.0027726305908314375
chr20,8,10,7,-0.08551478289900627
chr20,8,11,7,0.011791282527404618
chr20,9,0,7,0.025469818451469235
chr20,9,1,7,-0.016928614225959704
chr20,9,2,7,-0.03145421531784898
chr20,9,3,7,-0.03542615787562224
chr20,9,4,7,0.004846299703523256
chr20,9,5,7,-0.02034244068714975
chr20,9,6,7,-0.06822276957327064
chr20,9,7,7,0.007450406841364098
chr20,9,8,7,-0.07819402822046329
chr20,9,9,7,-0.0367955091451605
chr20,9,10,7,0.045598343209430646
chr20,9,11,7,0.002215414311419885
chr20,10,0,7,-0.11941884775481212
chr20,10,1,7,0.01844311657492443
chr20,10,2,7,-0.03195120713147608
chr20,10,3,7,-0.0002731667526443945
chr20,10,4,7,-0.015679343570878652
chr20,10,5,7,-0.028095781081996053
chr20,10,6,7,0.006561146218672496
chr20,10,7,7,0.012463846154743734
chr20,10,8,7,-0.053918655109006494
chr20,10,9,7,-0.08324018521354755
chr20,10,10,7,0.0449702311275512
chr20,10,11,7,-0.014082046593952553
chr20,11,0,7,-0.00985302442743
chr20,11,1,7,-0.06462331564788867
chr20,11,2,7,-0.0018466815451175947
chr20,11,3,7,0.028265197206841005
chr20,11,4,7,-0.019298430083160394
chr20,11,5,7,-0.06690611098043636
chr20,11,6,7,-0.014676083451398068
chr20,11,7,7,-0.04202942577418111
chr20,11,8,7,0.04960489802634279
chr20,11,9,7,-0.0031373618530372255
chr20,11,10,7,-0.021808908701458827
chr20,11,11,7,-0.0391291683368999
chr21,0,0,3,-0.10116439033473705
chr21,0,1,3,-0.05525821689541414
chr21,0,2,3,-0.04280616887523081
chr21,0,3,3,-0.002275240306883646
chr21,0,4,3,0.0008286288335348016
chr21,0,5,3,-0.1316575031902623
chr21,0,6,3,0.0017700218345134318
chr21,0,7,3,-0.21869946233803042
chr21,0,8,3,-0.06270213854492368
chr21,0,9,3,-0.06305062656791209
chr21,0,10,3,-0.006106604229391212
chr21,0,11,3,-0.06356977206328222
chr21,1,0,3,-0.18460331133945998
chr21,1,1,3,-0.0427220643211767
chr21,1,2,3,-0.0007375420837383665
chr21,1,3,3,-0.09544037788047204
chr21,1,4,3,-0.10079563198830992
chr21,1,5,3,-0.04475283231359728
chr21,1,6,3,0.017834489952347155
chr21,1,7,3,-0.10691635930725611
chr21,1,8,3,5.0215925955610086e-05
chr21,1,9,3,-0.20577285750860574
chr21,1,10,3,-0.07712377154111505
chr21,1,11,3,-0.07885031812618158
chr21,2,0,3,-0.12939373806923196
chr21,2,1,3,-0.06727633416261043
chr21,2,2,3,-0.03209277641575892
chr21,2,3,3,-0.1202039047337178
chr21,2,4,3,-0.018185580910002736
chr21,2,5,3,-0.19272872333719118
chr21,2,6,3,-0.05910207807525917
chr21,2,7,3,-0.017092453835133286
chr21,2,8,3,-0.050016630843185673
chr21,2,9,3,-0.07418135756789157
chr21,2,10,3,0.006591088456756776
chr21,2,11,3,-0.021756093669763592
chr21,3,0,3,-0.07904638924109723
chr21,3,1,3,0.04998740301524059
chr21,3,2,3,0.16122294499820367
chr21,3,3,3,0.06348366208340935
chr21,3,4,3,-0.016143374935301557
chr21,3,5,3,-0.018406329072434353
chr21,3,6,3,0.006130524189844204
chr21,3,7,3,-0.06785291907371754
chr21,3,8,3,0.05544024959868554
chr21,3,9,3,0.04310342152188514
chr21,3,10,3,-0.2347348157476112
chr21,3,11,3,-0.01675981180128212
chr21,4,0,3,0.18519428340254981
chr21,4,1,3,0.018978423192753942
chr21,4,2,3,-0.00724707196691722
chr21,4,3,3,-0.006853895977212576
chr21,4,4,3,0.16580251688191186
chr21,4,5,3,-0.035062711507536294
chr21,4,6,3,-0.0019146355700882338
chr21,4,7,3,0.4839915982671861
chr21,4,8,3,0.21000699674496193
chr21,4,9,3,0.10508735722438096
chr21,4,10,3,-0.03336671853700368
chr21,4,11,3,0.02267859679071137
chr21,5,0,3,0.09724745801698305
chr21,5,1,3,0.03521700943989355
chr21,5,2,3,0.03012677789935449
chr21,5,3,3,-0.000474171182815215
chr21,5,4,3,0.027068700541631862
chr21,5,5,3,0.2141762842343448
chr21,5,6,3,0.06752727837075888
chr21,5,7,3,0.17707589466252197
chr21,5,8,3,0.052823498074546484
chr21,5,9,3,0.23227402578414805
chr21,5,10,3,0.018009258267818285
chr21,5,11,3,0.08133999069743124
chr21,6,0,3,0.050144094777042104
chr21,6,1,3,-0.0008832750758668464
chr21,6,2,3,-0.031523207352855485
chr21,6,3,3,0.19627847406080412
chr21,6,4,3,-0.04577358877839067
chr21,6,5,3,0.042466294074010404
chr21,6,6,3,-0.014025625491392532
chr21,6,7,3,-0.0240843438268331
chr21,6,8,3,-0.0500502439406891
chr21,6,9,3,0.521295531699351
chr21,6,10,3,-0.005621492035999455
chr21,6,11,3,0.019057412768960082
chr21,7,0,3,0.08216441878259094
chr21,7,1,3,-0.04205876489457822
chr21,7,2,3,0.08592595155362441
chr21,7,3,3,0.00860383519226382
chr21,7,4,3,0.008528143415756757
chr21,7,5,3,0.06887434610571834
chr21,7,6,3,0.07452311442078462
chr21,7,7,3,0.00971710169506957
chr21,7,8,3,-0.30401525621220676
chr21,7,9,3,-0.4556506158509941
chr21,7,10,3,0.2281711945239339
chr21,7,11,3,0.06119128894023477
chr21,8,0,3,-0.08077832380995524
chr21,8,1,3,0.1942164721344769
chr21,8,2,3,0.34185790204275474
chr21,8,3,3,0.0004013804672726787
chr21,8,4,3,0.0481859569936634
chr21,8,5,3,-0.026093702133439617
chr21,8,6,3,-0.11330925226462203
chr21,8,7,3,-0.011145814388812554
chr21,8,8,3,0.07324478949859244
chr21,8,9,3,-0.1702087067517661
chr21,8,10,3,-0.052771538607457424
chr21,8,11,3,0.018517487443515685
chr21,9,0,3,0.2298311299146233
chr21,9,1,3,-0.053898403273969296
chr21,9,2,3,-0.05913410005633849
chr21,9,3,3,0.13474326085148403
chr21,9,4,3,0.008197705130558933
chr21,9,5,3,0.025660343565171845
chr21,9,6,3,0.21548893334291916
chr21,9,7,3,-0.03608799965848752
chr21,9,8,3,-0.0022750429911158423
chr21,9,9,3,-0.0771632452105105
chr21,9,10,3,0.14423627208905956
chr21,9,11,3,0.052520041543706895
chr21,10,0,3,-0.15040011405889997
chr21,10,1,3,-0.10554957195748023
chr21,10,2,3,0.05138017526433022
chr21,10,3,3,0.020091716125706247
chr21,10,4,3,0.055820090671891504
chr21,10,5,3,-0.025411334836455402
chr21,10,6,3,0.10309267457679838
chr21,10,7,3,0.18939355021066384
chr21,10,8,3,-0.1483345921866626
chr21,10,9,3,-0.05400222339625441
chr21,10,10,3,-0.05160223395496962
chr21,10,11,3,0.026658099346693262
chr21,11,0,3,-0.11867704790034188
chr21,11,1,3,-0.3199325969623151
chr21,11,2,3,-0.030504495917532053
chr21,11,3,3,-0.013646855324456605
chr21,11,4,3,-0.020448331236186206
chr21,11,5,3,-0.19000703915521333
chr21,11,6,3,-0.11573256189780125
chr21,11,7,3,-0.13920722897631174
chr21,11,8,3,-0.06269534192641697
chr21,11,9,3,-0.09738985727848744
chr21,11,10,3,-0.11288448494097354
chr21,11,11,3,0.0063073030297360515
chr22,0,0,5,0.0015125335596033684
chr22,0,1,5,-0.012007013858573213
chr22,0,2,5,-0.007225329845679984
chr22,0,3,5,-0.0005958285120787083
chr22,0,4,5,6.22852790322462e-05
chr22,0,5,5,0.020805967514952582
chr22,0,6,5,-0.06940841997645597
chr22,0,7,5,0.045703001686451514
chr22,0,8,5,-0.023804551967713094
chr22,0,9,5,-0.012272356954214358
chr22,0,10,5,-0.001899644383479837
chr22,0,11,5,-0.0059315941779377376
chr22,1,0,5,-0.27331613653180364
chr22,1,1,5,-0.03850460141300471
chr22,1,2,5,-0.11140206819304402
chr22,1,3,5,0.043818587992413074
chr22,1,4,5,-0.007790293153292549
chr22,1,5,5,0.011254457867265245
chr22,1,6,5,-0.06558455900502158
chr22,1,7,5,-0.02119069631867245
chr22,1,8,5,0.07446332433971048
chr22,1,9,5,0.01287081737366349
chr22,1,10,5,-0.0028832150876074046
chr22,1,11,5,-0.09588850299534021
chr22,2,0,5,0.09366558248200944
chr22,2,1,5,-0.05200309633001743
chr22,2,2,5,0.13662502830064133
chr22,2,3,5,-0.047538929722098236
chr22,2,4,5,0.0048379497704788225
chr22,2,5,5,0.0863771829817902
chr22,2,6,5,0.016052171792721205
chr22,2,7,5,0.005631483000412341
chr22,2,8,5,0.06577677546355212
chr22,2,9,5,-0.004165593343120455
chr22,2,10,5,-0.09803825719926826
chr22,2,11,5,-0.017491728339836955
chr22,3,0,5,0.03538879606985503
chr22,3,1,5,0.032095667060908016
chr22,3,2,5,-0.021335835363576628
chr22,3,3,5,-0.020982611389082396
chr22,3,4,5,-0.01067831629539585
chr22,3,5,5,0.0878896076792576
chr22,3,6,5,0.09188738968241857
chr22,3,7,5,-0.020240291023024742
chr22,3,8,5,-0.007772047399183557
chr22,3,9,5,-0.04710501632077535
chr22,3,10,5,0.0526450471953118
chr22,3,11,5,0.014259350132918102
chr22,4,0,5,0.06613528637230877
chr22,4,1,5,0.023661038232028635
chr22,4,2,5,0.013945803768969537
chr22,4,3,5,0.01136671700709249
chr22,4,4,5,0.009900017000133775
chr22,4,5,5,-0.02328014250694261
chr22,4,6,5,-0.07460828880263563
chr22,4,7,5,0.17979811639237026
chr22,4,8,5,0.10122399683191396
chr22,4,9,5,-0.005250248806922209
chr22,4,10,5,0.11151262765397359
chr22,4,11,5,-0.00020254254757132162
chr22,5,0,5,-0.13296515966548364
chr22,5,1,5,0.020119317049020723
chr22,5,2,5,-0.006834232312106029
chr22,5,3,5,0.0006008193534374449
chr22,5,4,5,0.01925820456721674
chr22,5,5,5,0.12322347184789743
chr22,5,6,5,-0.007477783880136019
chr22,5,7,5,0.01991665210990861
chr22,5,8,5,-0.005140121720480751
chr22,5,9,5,-0.10337737389605661
chr22,5,10,5,-0.026330376855921978
chr22,5,11,5,-0.10350210106295125
chr22,6,0,5,-0.04108833536780412
chr22,6,1,5,-0.0023254348135323968
chr22,6,2,5,0.04387315383949484
chr22,6,3,5,0.4062108074895008
chr22,6,4,5,0.00334280613942185
chr22,6,5,5,-0.027861036394459783
chr22,6,6,5,0.08076456321983123
chr22,6,7,5,0.045369564863935695
chr22,6,8,5,0.017234629335795847
chr22,6,9,5,0.08954361862554502
chr22,6,10,5,-0.0047883146782281335
chr22,6,11,5,-0.013280810010598975
chr22,7,0,5,0.043652255091042265
chr22,7,1,5,-0.03546627468763524
chr22,7,2,5,0.0228611425873813
chr22,7,3,5,-0.08565194220190679
chr22,7,4,5,-0.015616875933550833
chr22,7,5,5,0.11852497767929808
chr22,7,6,5,-0.02295850936620719
chr22,7,7,5,-0.12293660613536835
chr22,7,8,5,0.05691206782619871
chr22,7,9,5,0.04649689748469661
chr22,7,10,5,-0.07759077601133735
chr22,7,11,5,-0.11961102383807265
chr22,8,0,5,0.06766671973009324
chr22,8,1,5,-0.10584239902841655
chr22,8,2,5,0.037814981991362295
chr22,8,3,5,-0.02514655795472622
chr22,8,4,5,0.0016848073034274659
chr22,8,5,5,0.0017298810463114254
chr22,8,6,5,-0.08390568671583894
chr22,8,7,5,-0.017031075528119034
chr22,8,8,5,-0.029606090697641817
chr22,8,9,5,0.05719370169557625
chr22,8,10,5,-0.1719208221526852
chr22,8,11,5,0.022701490032504185
chr22,9,0,5,0.01033421554782903
chr22,9,1,5,-0.09452491287872815
chr22,9,2,5,0.05253825112634984
chr22,9,3,5,0.043759736123904526
chr22,9,4,5,-0.01727147048466589
chr22,9,5,5,0.004007591927314047
chr22,9,6,5,-0.2537657968896073
chr22,9,7,5,0.008696065834548983
chr22,9,8,5,-0.008202717242723302
chr22,9,9,5,-0.04585834838511564
chr22,9,10,5,0.04407906675196975
chr22,9,11,5,-0.0227464987991871
chr22,10,0,5,-0.04974989424525722
chr22,10,1,5,0.036557291392547694
chr22,10,2,5,-0.07998664833299127
chr22,10,3,5,-0.002989593451171363
chr22,10,4,5,-0.05418192632416211
chr22,10,5,5,-0.03725433144995455
chr22,10,6,5,-0.08010480100371783
chr22,10,7,5,-0.09664882147331051
chr22,10,8,5,-0.04014440530259111
chr22,10,9,5,-0.0041856129284310924
chr22,10,10,5,-0.034577605498565214
chr22,10,11,5,-0.021670831982288582
chr22,11,0,5,0.0248785767498791
chr22,11,1,5,-0.04711956618813161
chr22,11,2,5,-0.03819712886184819
chr22,11,3,5,-0.028493881559091844
chr22,11,4,5,0.04347296503077025
chr22,11,5,5,-0.001334242744594627
chr22,11,6,5,-0.11900548129711411
chr22,11,7,5,0.012722363968684225
chr22,11,8,5,-0.04349507848713918
chr22,11,9,5,0.03884854653573237
chr22,11,10,5,-0.0033165006301064228
chr22,11,11,5,0.06880105757718792
chr3,0,0,23,0.007461387659332266
chr3,0,1,23,0.020800712052862762
chr3,0,2,23,0.02936254643142768
chr3,0,3,23,0.001285638172232495
chr3,0,4,23,-0.0003660930402533335
chr3,0,5,23,0.0033150215602023724
chr3,0,6,23,-0.027333530435754396
chr3,0,7,23,0.027470751285475863
chr3,0,8,23,0.02669193406966015
chr3,0,9,23,0.025863735843917147
chr3,0,10,23,0.003607646371760382
chr3,0,11,23,0.019451023876143232
chr3,1,0,23,0.008707870500440496
chr3,1,1,23,0.02967952350715302
chr3,1,2,23,0.016096278726897083
chr3,1,3,23,0.012411109182337163
chr3,1,4,23,0.038783473916308014
chr3,1,5,23,0.012346865352306112
chr3,1,6,23,0.04137845112378518
chr3,1,7,23,0.007280345110930632
chr3,1,8,23,-0.03182788368770313
chr3,1,9,23,0.006341158431098069
chr3,1,10,23,0.01846107213285464
chr3,1,11,23,0.01072896288697241
chr3,2,0,23,0.031148422147901943
chr3,2,1,23,0.03244660583908769
chr3,2,2,23,0.04193569214953851
chr3,2,3,23,-0.005209187366333004
chr3,2,4,23,0.009769100494493217
chr3,2,5,23,0.06048122868796124
chr3,2,6,23,0.051767885520283954
chr3,2,7,23,0.004139697002129007
chr3,2,8,23,0.01610051646075772
chr3,2,9,23,0.02588457792560596
chr3,2,10,23,-0.024922771023165723
chr3,2,11,23,0.0755527935869912
chr3,3,0,23,0.0035837788597097224
chr3,3,1,23,0.015532568203400267
chr3,3,2,23,0.17898559635141717
chr3,3,3,23,0.10771104061534321
chr3,3,4,23,-0.00960646300807222
chr3,3,5,23,0.037411609997588295
chr3,3,6,23,0.01861610001447685
chr3,3,7,23,0.06364278978865262
chr3,3,8,23,0.057694492405765185
chr3,3,9,23,0.060729044146226714
chr3,3,10,23,-0.054896766370793666
chr3,3,11,23,0.019035837859070825
chr3,4,0,23,0.018578405144234124
chr3,4,1,23,0.0005671795302586647
chr3,4,2,23,-0.0010482389211866631
chr3,4,3,23,0.0036576869149188814
chr3,4,4,23,-0.015357180369697451
chr3,4,5,23,0.0038708610051475644
chr3,4,6,23,-0.010583829719830913
chr3,4,7,23,0.1872382750797118
chr3,4,8,23,-0.0017525386012728086
chr3,4,9,23,0.017081383444790398
chr3,4,10,23,-0.02055262883499447
chr3,4,11,23,0.0014522396411539512
chr3,5,0,23,0.06471187523180891
chr3,5,1,23,0.003228211789178184
chr3,5,2,23,0.01727721406351872
chr3,5,3,23,0.00028909327196668293
chr3,5,4,23,0.021511751596115573
chr3,5,5,23,0.12955106989827642
chr3,5,6,23,0.016181613332807713
chr3,5,7,23,0.05003117284233391
chr3,5,8,23,0.0343571640045614
chr3,5,9,23,0.06513603396198006
chr3,5,10,23,0.031192685569302266
chr3,5,11,23,0.022864762781614496
chr3,6,0,23,0.06115474018560527
chr3,6,1,23,0.0009445978672883768
chr3,6,2,23,0.0009980261804936367
chr3,6,3,23,0.10343709601300145
chr3,6,4,23,0.016393667126278464
chr3,6,5,23,0.04621788296642555
chr3,6,6,23,0.07803627833724316
chr3,6,7,23,-0.017092998638554676
chr3,6,8,23,0.011320810086551421
chr3,6,9,23,0.06630816594161792
chr3,6,10,23,0.006692953116132632
chr3,6,11,23,0.03777227596092738
chr3,7,0,23,0.01820941160760145
chr3,7,1,23,0.08165015353154752
chr3,7,2,23,0.008530236781689017
chr3,7,3,23,0.14038546232846066
chr3,7,4,23,0.06563609437588079
chr3,7,5,23,0.027881754976684252
chr3,7,6,23,0.13633337698056053
chr3,7,7,23,0.1733426204486336
chr3,7,8,23,-0.008538319789897572
chr3,7,9,23,0.01794523583046925
chr3,7,10,23,0.12823883826632668
chr3,7,11,23,0.1537135015272163
chr3,8,0,23,0.045865636488862334
chr3,8,1,23,-0.005606760928324819
chr3,8,2,23,0.17937794921556835
chr3,8,3,23,0.07380782745710686
chr3,8,4,23,0.10396325194786012
chr3,8,5,23,0.09150284417451961
chr3,8,6,23,0.04853993804766874
chr3,8,7,23,0.05218224637405965
chr3,8,8,23,-0.03423660522416406
chr3,8,9,23,-0.01077775511479516
chr3,8,10,23,0.11226350556086909
chr3,8,11,23,0.06017256750089227
chr3,9,0,23,0.13364091998041
chr3,9,1,23,0.006382961999012695
chr3,9,2,23,0.019051443677043426
chr3,9,3,23,0.1348768951343299
chr3,9,4,23,0.06455826691399247
chr3,9,5,23,0.06613848122100688
chr3,9,6,23,0.048771780128657446
chr3,9,7,23,0.0328369250100345
chr3,9,8,23,-0.015602834597491856
chr3,9,9,23,0.007283125582250913
chr3,9,10,23,0.057879253853185306
chr3,9,11,23,0.08287451056719976
chr3,10,0,23,0.020756233789250213
chr3,10,1,23,-0.029089552266172988
chr3,10,2,23,-0.026970278134824482
chr3,10,3,23,0.06502960699412656
chr3,10,4,23,0.03844420769350061
chr3,10,5,23,0.006271892385259186
chr3,10,6,23,-0.0187936161006595
chr3,10,7,23,0.053602820489358154
chr3,10,8,23,-0.018680906314800558
chr3,10,9,23,0.022139590485875316
chr3,10,10,23,-0.0012489674643208276
chr3,10,11,23,0.03746004188281331
chr3,11,0,23,-0.008992203595033152
chr3,11,1,23,0.07138937421546904
chr3,11,2,23,0.015894124851754517
chr3,11,3,23,0.050495591019383015
chr3,11,4,23,0.05381941247458442
chr3,11,5,23,-0.0169110972224659
chr3,11,6,23,0.05430630887495736
chr3,11,7,23,0.012156842238004154
chr3,11,8,23,-0.020515250949553643
chr3,11,9,23,0.021307100318129733
chr3,11,10,23,-0.004350842590072698
chr3,11,11,23,0.08314164480665356
chr4,0,0,13,0.04001851482380051
chr4,0,1,13,0.018588284837551587
chr4,0,2,13,0.02893281142510718
chr4,0,3,13,0.003104502028938106
chr4,0,4,13,0.00044106425087935176
chr4,0,5,13,0.019050120181391014
chr4,0,6,13,0.017889295228329348
chr4,0,7,13,0.05469357199462232
chr4,0,8,13,0.028867798239056948
chr4,0,9,13,0.028935955843287564
chr4,0,10,13,0.0023835034602117658
chr4,0,11,13,0.019687937629384897
chr4,1,0,13,-0.059449195202592245
chr4,1,1,13,0.027921554235748356
chr4,1,2,13,-0.021517979174038457
chr4,1,3,13,0.0023757215920874233
chr4,1,4,13,0.028681381515628983
chr4,1,5,13,0.030959981183854915
chr4,1,6,13,0.024401224284479408
chr4,1,7,13,0.0011818673791355381
chr4,1,8,13,0.04244554705172309
chr4,1,9,13,0.04987746197390392
chr4,1,10,13,0.004100057721905333
chr4,1,11,13,0.0604490218891038
chr4,2,0,13,0.05356685071204175
chr4,2,1,13,0.09571645491843708
chr4,2,2,13,0.020024856510323853
chr4,2,3,13,-0.09463737025563129
chr4,2,4,13,0.02335964733259318
chr4,2,5,13,0.1279811675056634
chr4,2,6,13,-0.05131014806003276
chr4,2,7,13,0.00759588468740507
chr4,2,8,13,-0.02259135111812884
chr4,2,9,13,-0.0014003090496711788
chr4,2,10,13,-0.07438239742638919
chr4,2,11,13,0.13201533145209177
chr4,3,0,13,-0.00677275973665937
chr4,3,1,13,-0.02000300197701073
chr4,3,2,13,0.008270828233840843
chr4,3,3,13,0.08812113024520742
chr4,3,4,13,-0.02834638084742093
chr4,3,5,13,-0.02561834100401711
chr4,3,6,13,-0.009125295591806406
chr4,3,7,13,0.037320375059264124
chr4,3,8,13,0.05590661754730965
chr4,3,9,13,-0.04141941507356303
chr4,3,10,13,-0.06169652732575422
chr4,3,11,13,0.03362108995686109
chr4,4,0,13,0.028721658466336317
chr4,4,1,13,0.008531555530967712
chr4,4,2,13,-0.0005497837978666269
chr4,4,3,13,-0.0036985414505205905
chr4,4,4,13,0.06724436991006172
chr4,4,5,13,-0.05097979750946709
chr4,4,6,13,0.026157810174737166
chr4,4,7,13,0.011905171756777633
chr4,4,8,13,0.011565395297958133
chr4,4,9,13,0.08510581916521803
chr4,4,10,13,-0.01323305265826093
chr4,4,11,13,-0.02176014325916554
chr4,5,0,13,0.10818709802423121
chr4,5,1,13,-0.004497116818434941
chr4,5,2,13,-0.0006039934780972352
chr4,5,3,13,-0.0028978427861307493
chr4,5,4,13,-0.08402759061691165
chr4,5,5,13,-0.005889865136937477
chr4,5,6,13,-0.008879753769105112
chr4,5,7,13,-0.11615900093943819
chr4,5,8,13,0.0062110980313649835
chr4,5,9,13,0.04565728083913071
chr4,5,10,13,0.006196743794108213
chr4,5,11,13,-0.021209734386690313
chr4,6,0,13,0.14909312255608217
chr4,6,1,13,0.0005806647214596979
chr4,6,2,13,0.043090125807292705
chr4,6,3,13,0.1328293956128052
chr4,6,4,13,0.030632857811032477
chr4,6,5,13,0.017689500963010387
chr4,6,6,13,0.019522551986047017
chr4,6,7,13,-0.0581642147734823
chr4,6,8,13,0.02735590021234876
chr4,6,9,13,0.18505798541885618
chr4,6,10,13,0.016826578985698344
chr4,6,11,13,-0.03931966877768556
chr4,7,0,13,-0.06033321366324085
chr4,7,1,13,-0.012288915203659573
chr4,7,2,13,0.01956789112201213
chr4,7,3,13,-0.012067283414327563
chr4,7,4,13,-0.032820819261698594
chr4,7,5,13,-0.021382216978946014
chr4,7,6,13,0.017862762810893523
chr4,7,7,13,0.017895592687087247
chr4,7,8,13,0.05424302620337025
chr4,7,9,13,0.019581097338191515
chr4,7,10,13,-0.022301136550107886
chr4,7,11,13,-0.018637034697065038
chr4,8,0,13,0.10444121610878686
chr4,8,1,13,0.052213070660252645
chr4,8,2,13,-0.055555865807987534
chr4,8,3,13,0.0032676472975251792
chr4,8,4,13,-0.028134795131517454
chr4,8,5,13,-0.0003132359890449905
chr4,8,6,13,-0.014972239852737086
chr4,8,7,13,0.0069554295721892525
chr4,8,8,13,0.09596184836001027
chr4,8,9,13,-0.010894179762651005
chr4,8,10,13,0.13371919963089232
chr4,8,11,13,0.014772938743072781
chr4,9,0,13,0.0018019288350766827
chr4,9,1,13,0.09994356992420989
chr4,9,2,13,0.08329750010507056
chr4,9,3,13,-0.08179683531825545
chr4,9,4,13,-0.03844638855493293
chr4,9,5,13,0.0011606382106066947
chr4,9,6,13,-0.036295437557634536
chr4,9,7,13,-0.03133092597363392
chr4,9,8,13,0.06881518852078082
chr4,9,9,13,0.033126761990037064
chr4,9,10,13,0.13889131261534676
chr4,9,11,13,-0.004908937093390313
chr4,10,0,13,0.08281611414438521
chr4,10,1,13,0.013759618366764571
chr4,10,2,13,0.005820236160442121
chr4,10,3,13,-0.003846104785868337
chr4,10,4,13,0.015156294338352845
chr4,10,5,13,-0.01563272061530626
chr4,10,6,13,0.0710340971951218
chr4,10,7,13,0.03703239425560805
chr4,10,8,13,0.006674506844404917
chr4,10,9,13,0.07271236738325307
chr4,10,10,13,-0.0019232923108510112
chr4,10,11,13,-0.013943453314532468
chr4,11,0,13,-0.030646089726624866
chr4,11,1,13,0.045904920216556705
chr4,11,2,13,0.004780692032778772
chr4,11,3,13,-0.02366560869038438
chr4,11,4,13,0.05776381404128868
chr4,11,5,13,-0.029626591086652318
chr4,11,6,13,0.03078743512924555
chr4,11,7,13,0.06279018764399807
chr4,11,8,13,-0.010442456650268226
chr4,11,9,13,0.0314233588256179
chr4,11,10,13,0.005758113195553425
chr4,11,11,13,-0.06135577748826325
chr5,0,0,12,0.053492373210080685
chr5,0,1,12,0.053395601484524095
chr5,0,2,12,0.06713212655308638
chr5,0,3,12,0.0042594028191156414
chr5,0,4,12,-0.0004971329932448058
chr5,0,5,12,0.02857887984786837
chr5,0,6,12,-0.010570967328669597
chr5,0,7,12,0.08219979158504341
chr5,0,8,12,0.06469746154885637
chr5,0,9,12,0.07065723288492332
chr5,0,10,12,0.004976460237078893
chr5,0,11,12,0.05465685180958571
chr5,1,0,12,0.16388668320523458
chr5,1,1,12,-0.037872068710003995
chr5,1,2,12,-0.016692910366892296
chr5,1,3,12,0.00638080016240702
chr5,1,4,12,-0.031205876765807068
chr5,1,5,12,-0.045465290332178686
chr5,1,6,12,0.007603127767506439
chr5,1,7,12,0.056740603264663514
chr5,1,8,12,0.012999608480487554
chr5,1,9,12,0.07140536976251757
chr5,1,10,12,0.07386125969406616
chr5,1,11,12,0.07214144108321761
chr5,2,0,12,0.05375681424091231
chr5,2,1,12,0.009952598765588539
chr5,2,2,12,0.09274495361101835
chr5,2,3,12,-0.07879910122984705
chr5,2,4,12,-0.0018814001540355303
chr5,2,5,12,-0.11019122010470188
chr5,2,6,12,0.07322216571100129
chr5,2,7,12,0.02200667004920483
chr5,2,8,12,0.07520161009012795
chr5,2,9,12,0.043428266910631584
chr5,2,10,12,0.021964463384049004
chr5,2,11,12,0.03281294026831457
chr5,3,0,12,0.08445052430516503
chr5,3,1,12,0.09328010366950347
chr5,3,2,12,0.15925279260926314
chr5,3,3,12,0.1243180799880304
chr5,3,4,12,0.01757121223638589
chr5,3,5,12,0.10624539553104333
chr5,3,6,12,0.008826335944205973
chr5,3,7,12,0.14101824995186288
chr5,3,8,12,0.1023073815484276
chr5,3,9,12,0.11202291718328954
chr5,3,10,12,0.053629846083077436
chr5,3,11,12,0.08698834763112512
chr5,4,0,12,-0.047524156747994005
chr5,4,1,12,0.017758375935956198
chr5,4,2,12,0.0054068532428981535
chr5,4,3,12,0.00038622253380781276
chr5,4,4,12,0.021705404887247978
chr5,4,5,12,0.06363817100747128
chr5,4,6,12,0.007558382146801869
chr5,4,7,12,0.06545067597267223
chr5,4,8,12,0.021510626381551157
chr5,4,9,12,0.03581197984639433
chr5,4,10,12,0.05136851494471346
chr5,4,11,12,0.035383187483617524
chr5,5,0,12,-0.0431255639885491
chr5,5,1,12,0.038015473402539295
chr5,5,2,12,0.004889289813556507
chr5,5,3,12,0.0008696871888233677
chr5,5,4,12,0.011764642068511855
chr5,5,5,12,0.052015617501338096
chr5,5,6,12,-0.020948696398356115
chr5,5,7,12,0.07767068256373777
chr5,5,8,12,0.05868826676355485
chr5,5,9,12,0.020647293317474464
chr5,5,10,12,0.011060688268618994
chr5,5,11,12,0.018432855197744676
chr5,6,0,12,0.045277832706747186
chr5,6,1,12,6.303556800843072e-05
chr5,6,2,12,0.06630324271931008
chr5,6,3,12,-0.092037009642428
chr5,6,4,12,-0.013532760094948587
chr5,6,5,12,-0.02548076600879193
chr5,6,6,12,0.03916962769822477
chr5,6,7,12,-0.006565974953894614
chr5,6,8,12,0.030685158846488803
chr5,6,9,12,0.02829587307786487
chr5,6,10,12,0.0017320075890861401
chr5,6,11,12,0.016636964494694005
chr5,7,0,12,-0.018719123512588875
chr5,7,1,12,-0.02759267997282389
chr5,7,2,12,0.005374216813098169
chr5,7,3,12,-0.008353711468403571
chr5,7,4,12,-0.0009176661980219875
chr5,7,5,12,0.045597862419868906
chr5,7,6,12,0.012399333182412417
chr5,7,7,12,0.032613380425982635
chr5,7,8,12,0.0744992175643929
chr5,7,9,12,0.04875483587956281
chr5,7,10,12,0.02346015603814096
chr5,7,11,12,0.006513298466854685
chr5,8,0,12,-0.008629854479792679
chr5,8,1,12,-0.08093591806037824
chr5,8,2,12,-0.048928330968156554
chr5,8,3,12,0.009129975739645841
chr5,8,4,12,0.012722214797029141
chr5,8,5,12,0.002303082151114524
chr5,8,6,12,-0.03269247568958695
chr5,8,7,12,0.0018868271317455552
chr5,8,8,12,-0.060830253282924934
chr5,8,9,12,0.024299031004508514
chr5,8,10,12,-0.10089791479960454
chr5,8,11,12,-0.003140523812326623
chr5,9,0,12,0.08401067207373229
chr5,9,1,12,0.0302024132122282
chr5,9,2,12,0.027638703467066844
chr5,9,3,12,0.006811019667934325
chr5,9,4,12,0.03014047600093042
chr5,9,5,12,-0.0015319207868529788
chr5,9,6,12,0.06367681159851062
chr5,9,7,12,0.0007204932556559689
chr5,9,8,12,-0.01954240485464225
chr5,9,9,12,0.03065357807913588
chr5,9,10,12,-0.030490539781284565
chr5,9,11,12,-0.0007948293771588866
chr5,10,0,12,0.08888783688919222
chr5,10,1,12,0.027907216179645283
chr5,10,2,12,0.06993810578217269
chr5,10,3,12,0.015498672007090285
chr5,10,4,12,0.01782170328462338
chr5,10,5,12,0.021378749724190904
chr5,10,6,12,0.052627172197714824
chr5,10,7,12,0.015289452266785497
chr5,10,8,12,0.025566448468743896
chr5,10,9,12,-0.004852052857810383
chr5,10,10,12,0.04791274091075783
chr5,10,11,12,-0.01286257531150894
chr5,11,0,12,0.03448236469338212
chr5,11,1,12,0.06268294173242094
chr5,11,2,12,0.020779421483585653
chr5,11,3,12,0.03750369520298274
chr5,11,4,12,0.05615520342937005
chr5,11,5,12,0.0168409166145488
chr5,11,6,12,0.01236766814988973
chr5,11,7,12,0.05472608327316029
chr5,11,8,12,0.05375120368111166
chr5,11,9,12,-0.015952963939958414
chr5,11,10,12,0.028393048647850232
chr5,11,11,12,-0.03358886439999822
chr6,0,0,17,-0.039116194109651004
chr6,0,1,17,-0.01748812131075493
chr6,0,2,17,-0.015779656228696
chr6,0,3,17,-0.0019496065644293986
chr6,0,4,17,-0.0005536512749723961
chr6,0,5,17,-0.00620333049521149
chr6,0,6,17,-0.004757311637639104
chr6,0,7,17,0.012481650751902381
chr6,0,8,17,-0.024344565841604337
chr6,0,9,17,-0.012936783768073435
chr6,0,10,17,-0.00022870193448585907
chr6,0,11,17,-0.017037284070011142
chr6,1,0,17,0.08891774389279596
chr6,1,1,17,-0.0227739900423284
chr6,1,2,17,-0.015384922488600879
chr6,1,3,17,-0.03883305995281155
chr6,1,4,17,0.03552617037946296
chr6,1,5,17,-0.12025928691471535
chr6,1,6,17,0.06409122675639115
chr6,1,7,17,0.03879351357528311
chr6,1,8,17,0.03217411362057842
chr6,1,9,17,-0.030850828734482017
chr6,1,10,17,-0.022133500273065577
chr6,1,11,17,-0.012330963471552835
chr6,2,0,17,-0.009961179592030025
chr6,2,1,17,0.09870831685447488
chr6,2,2,17,0.031942520402028995
chr6,2,3,17,0.006307104450163006
chr6,2,4,17,0.012099574963582452
chr6,2,5,17,-0.10828891743875631
chr6,2,6,17,0.014227164569984341
chr6,2,7,17,0.011430285194809917
chr6,2,8,17,-0.012847494830514328
chr6,2,9,17,-0.05016454129896231
chr6,2,10,17,-0.10690861700917723
chr6,2,11,17,0.05444364909393863
chr6,3,0,17,0.0035419944627912425
chr6,3,1,17,0.03493058701493614
chr6,3,2,17,0.05703041263027453
chr6,3,3,17,-0.014403645367949818
chr6,3,4,17,-0.002351727963079876
chr6,3,5,17,0.019731104956184516
chr6,3,6,17,-0.02597826078879404
chr6,3,7,17,0.07291437445543755
chr6,3,8,17,0.0017275745691362249
chr6,3,9,17,-4.0510828380560365e-05
chr6,3,10,17,0.036828749943103783
chr6,3,11,17,-0.053867003572175255
chr6,4,0,17,0.015653030182749765
chr6,4,1,17,0.024609077716733
chr6,4,2,17,0.01685377415726032
chr6,4,3,17,-0.006419264058309641
chr6,4,4,17,0.048729686438728693
chr6,4,5,17,0.08223431392683204
chr6,4,6,17,-0.0031369890463322538
chr6,4,7,17,0.3186214523023148
chr6,4,8,17,0.016816482611768047
chr6,4,9,17,0.06295045136024546
chr6,4,10,17,-0.009439505286245833
chr6,4,11,17,0.01794718652691111
chr6,5,0,17,0.07159199359238638
chr6,5,1,17,-0.013193891086164122
chr6,5,2,17,0.03193025597586012
chr6,5,3,17,0.00032102138695489873
chr6,5,4,17,0.23117522356984038
chr6,5,5,17,-0.05341897434676603
chr6,5,6,17,0.056402784146185464
chr6,5,7,17,0.03524014347807779
chr6,5,8,17,-0.024907101751915767
chr6,5,9,17,0.09166608842994005
chr6,5,10,17,0.03462436275127191
chr6,5,11,17,0.04416125978688217
chr6,6,0,17,0.030277175711729505
chr6,6,1,17,0.0008662325980191424
chr6,6,2,17,0.031106738505798866
chr6,6,3,17,0.1863328107855429
chr6,6,4,17,-0.013676680555147855
chr6,6,5,17,-0.02055870197950644
chr6,6,6,17,0.10908101769322824
chr6,6,7,17,-0.06846592512313569
chr6,6,8,17,-0.015301872790764944
chr6,6,9,17,0.16157002950589075
chr6,6,10,17,0.008887168010683566
chr6,6,11,17,0.023423182843135548
chr6,7,0,17,-0.08728217480979608
chr6,7,1,17,-0.25045974929085846
chr6,7,2,17,-0.01496772043056788
chr6,7,3,17,-0.03265239579414337
chr6,7,4,17,0.013098531310184758
chr6,7,5,17,-0.01455522412404276
chr6,7,6,17,0.07504882497649917
chr6,7,7,17,0.12070069608687198
chr6,7,8,17,-0.00025177153907461044
chr6,7,9,17,0.01597215678397088
chr6,7,10,17,-0.032987981398511515
chr6,7,11,17,0.0372904828643949
chr6,8,0,17,-0.0692191185514942
chr6,8,1,17,0.06098224430402654
chr6,8,2,17,0.03758520403271464
chr6,8,3,17,0.06484159416591835
chr6,8,4,17,0.0385058243965086
chr6,8,5,17,0.08465429589810337
chr6,8,6,17,0.0758162972663048
chr6,8,7,17,0.07275599411985431
chr6,8,8,17,-0.0027205366680670678
chr6,8,9,17,-0.05341901996827116
chr6,8,10,17,0.08460702775893265
chr6,8,11,17,0.05292202504106716
chr6,9,0,17,0.005703501655930754
chr6,9,1,17,-0.046959913311069024
chr6,9,2,17,-0.05594219709747682
chr6,9,3,17,0.03953747845358028
chr6,9,4,17,0.05246027923510509
chr6,9,5,17,0.030159090011440452
chr6,9,6,17,0.043405266383959154
chr6,9,7,17,0.05368855054936755
chr6,9,8,17,-0.06730113549850819
chr6,9,9,17,0.0011424477123374022
chr6,9,10,17,-0.053352957835454407
chr6,9,11,17,0.07478242446829117
chr6,10,0,17,-0.03986769538402097
chr6,10,1,17,0.03259894074556171
chr6,10,2,17,0.0172564257028833
chr6,10,3,17,-0.018259360025463755
chr6,10,4,17,0.016641969506840087
chr6,10,5,17,0.025006682292034947
chr6,10,6,17,-0.05734199743684025
chr6,10,7,17,-0.024679958290297305
chr6,10,8,17,-0.005928747463450199
chr6,10,9,17,-0.03593702882820654
chr6,10,10,17,0.023184642122494086
chr6,10,11,17,0.012235844037683649
chr6,11,0,17,-0.014503832623555153
chr6,11,1,17,-0.04702477502561492
chr6,11,2,17,-0.007085256655842594
chr6,11,3,17,0.06342160987598708
chr6,11,4,17,0.003289262049489168
chr6,11,5,17,0.007655445261029605
chr6,11,6,17,0.07477343959448994
chr6,11,7,17,0.027367423571899648
chr6,11,8,17,-0.03618350424629323
chr6,11,9,17,-0.06656532853458748
chr6,11,10,17,0.040026038536163835
chr6,11,11,17,-0.015440993145541652
chr7,0,0,8,0.0626335666351476
chr7,0,1,8,0.06360329789541942
chr7,0,2,8,0.05189441448148702
chr7,0,3,8,0.008195953133080459
chr7,0,4,8,0.0005285235469608204
chr7,0,5,8,0.028450318927988744
chr7,0,6,8,0.03706592522809768
chr7,0,7,8,-0.0277205894340697
chr7,0,8,8,0.06479670146232883
chr7,0,9,8,0.06264267402512295
chr7,0,10,8,0.00890978692804642
chr7,0,11,8,0.05137811911253268
chr7,1,0,8,0.043092183940199216
chr7,1,1,8,0.007979824685092334
chr7,1,2,8,0.005364894952184694
chr7,1,3,8,0.027475968386681253
chr7,1,4,8,0.0570104483928878
chr7,1,5,8,-0.012039580283700127
chr7,1,6,8,-0.018685616982488648
chr7,1,7,8,0.05203607586922658
chr7,1,8,8,0.01530023977142815
chr7,1,9,8,0.07966378671438226
chr7,1,10,8,0.03952445717083117
chr7,1,11,8,0.07540710722607749
chr7,2,0,8,-0.006095879904799397
chr7,2,1,8,-0.044106485657658574
chr7,2,2,8,0.0690316856458029
chr7,2,3,8,-0.06983565130613165
chr7,2,4,8,0.0971039958702425
chr7,2,5,8,0.1268271776286756
chr7,2,6,8,0.007092849233086951
chr7,2,7,8,0.0010398880025644097
chr7,2,8,8,0.02005333206324897
chr7,2,9,8,0.07430629815381057
chr7,2,10,8,0.05423371828137814
chr7,2,11,8,0.046833392118304354
chr7,3,0,8,0.12355417799247223
chr7,3,1,8,0.023886321170955897
chr7,3,2,8,0.08126037093203556
chr7,3,3,8,0.035139669895564184
chr7,3,4,8,0.0183761374271237
chr7,3,5,8,-0.019415414361088283
chr7,3,6,8,0.0010100962299147004
chr7,3,7,8,0.0016697383258023404
chr7,3,8,8,0.050043950855243866
chr7,3,9,8,0.004205666702427287
chr7,3,10,8,0.09034758122004502
chr7,3,11,8,0.002881257651178068
chr7,4,0,8,0.01639501985675656
chr7,4,1,8,0.001432775699150843
chr7,4,2,8,-0.008271592157251706
chr7,4,3,8,0.005434294931742496
chr7,4,4,8,-0.01942463467185742
chr7,4,5,8,-0.007753980973321063
chr7,4,6,8,0.028742253081461527
chr7,4,7,8,0.1340371438206131
chr7,4,8,8,0.006731976221673874
chr7,4,9,8,0.03222309437097109
chr7,4,10,8,0.06913056893441019
chr7,4,11,8,0.005104965044303604
chr7,5,0,8,0.07555602359875951
chr7,5,1,8,0.01766111937851353
chr7,5,2,8,0.0013089024058009534
chr7,5,3,8,0.001442056886992121
chr7,5,4,8,0.004244620522984636
chr7,5,5,8,0.05135681079284952
chr7,5,6,8,0.06493545321885673
chr7,5,7,8,0.006929872052067965
chr7,5,8,8,0.11130730086749976
chr7,5,9,8,0.10421525572475078
chr7,5,10,8,0.028601441294321833
chr7,5,11,8,0.05773192531951955
chr7,6,0,8,0.08808360195380079
chr7,6,1,8,-0.00021505208127599426
chr7,6,2,8,0.060461677406331335
chr7,6,3,8,-0.0660882856569245
chr7,6,4,8,0.011375676700872354
chr7,6,5,8,0.006046320512777377
chr7,6,6,8,0.033552148233510694
chr7,6,7,8,0.14510237118913233
chr7,6,8,8,0.07351298710454844
chr7,6,9,8,0.039061294869081276
chr7,6,10,8,0.006700521626767075
chr7,6,11,8,0.02701442537463339
chr7,7,0,8,0.03032381203736583
chr7,7,1,8,0.09268654839108056
chr7,7,2,8,0.030748831936890056
chr7,7,3,8,0.13511211601391004
chr7,7,4,8,0.03329284088879089
chr7,7,5,8,0.057230158796992184
chr7,7,6,8,0.07182733393258103
chr7,7,7,8,0.1117621574082451
chr7,7,8,8,0.06952989399845041
chr7,7,9,8,0.04077903939466945
chr7,7,10,8,0.14730809878917528
chr7,7,11,8,0.15936973004119834
chr7,8,0,8,-0.093089103194793
chr7,8,1,8,-0.01816608683537546
chr7,8,2,8,-0.00753567495757184
chr7,8,3,8,0.01689316628545496
chr7,8,4,8,0.03860715760931849
chr7,8,5,8,0.02992875185168824
chr7,8,6,8,0.06880618902513078
chr7,8,7,8,0.0017533723072482073
chr7,8,8,8,-0.06955544958383081
chr7,8,9,8,0.03109458950665102
chr7,8,10,8,-0.013814247723690776
chr7,8,11,8,-9.255225925367504e-05
chr7,9,0,8,0.11091972522910205
chr7,9,1,8,-0.08328315350958233
chr7,9,2,8,-0.05144105210012069
chr7,9,3,8,0.05404187909879596
chr7,9,4,8,0.04738274995856258
chr7,9,5,8,-0.015321761731021469
chr7,9,6,8,0.12672370178046016
chr7,9,7,8,0.03445316311624305
chr7,9,8,8,-0.06811503351771367
chr7,9,9,8,0.10006862848486892
chr7,9,10,8,-0.07008748384651511
chr7,9,11,8,-0.001199122001656049
chr7,10,0,8,0.10708618402328068
chr7,10,1,8,-0.010593527795203707
chr7,10,2,8,0.10329681105228355
chr7,10,3,8,-0.005172609029594762
chr7,10,4,8,0.019375670444933782
chr7,10,5,8,-0.009672863314143238
chr7,10,6,8,-0.005735301823309832
chr7,10,7,8,0.014301428076684435
chr7,10,8,8,0.05293808610717332
chr7,10,9,8,-0.07528198429211656
chr7,10,10,8,0.04799668735580244
chr7,10,11,8,0.005191433392063727
chr7,11,0,8,0.08082897474177311
chr7,11,1,8,0.11599357680495866
chr7,11,2,8,0.06378713445925832
chr7,11,3,8,0.026121585305759164
chr7,11,4,8,0.12242525043950778
chr7,11,5,8,0.045691879636005045
chr7,11,6,8,-0.027636877852673852
chr7,11,7,8,-0.03811406792494727
chr7,11,8,8,0.12328996610914794
chr7,11,9,8,-0.058018842099068504
chr7,11,10,8,0.09598019770396624
chr7,11,11,8,0.13462448358940304
chr8,0,0,13,0.0533815341432721
chr8,0,1,13,0.03745232502569392
chr8,0,2,13,0.04354523175645304
chr8,0,3,13,-6.693570565045988e-05
chr8,0,4,13,-3.863965668733742e-05
chr8,0,5,13,0.026494663464837268
chr8,0,6,13,0.01990535607694213
chr8,0,7,13,0.09463298955786015
chr8,0,8,13,0.03580361006062714
chr8,0,9,13,0.04587344837706837
chr8,0,10,13,0.0022948287654563923
chr8,0,11,13,0.03354474350570977
chr8,1,0,13,0.1334098671950596
chr8,1,1,13,0.03031390946769733
chr8,1,2,13,0.04647123320803551
chr8,1,3,13,-0.0003207893168363571
chr8,1,4,13,0.01361378664250873
chr8,1,5,13,-0.009657486382093624
chr8,1,6,13,0.12304182059353007
chr8,1,7,13,0.020744629878518422
chr8,1,8,13,0.04397449329539494
chr8,1,9,13,0.03211326705912879
chr8,1,10,13,0.027342020110199268
chr8,1,11,13,-0.06720312993777676
chr8,2,0,13,0.02178375589978783
chr8,2,1,13,0.11961814500161946
chr8,2,2,13,0.1143530328558981
chr8,2,3,13,-0.005022954034281093
chr8,2,4,13,-0.015982337575546544
chr8,2,5,13,0.09168418438426106
chr8,2,6,13,0.07863390890300193
chr8,2,7,13,0.008296484468167938
chr8,2,8,13,0.0268329179350532
chr8,2,9,13,0.006341479889559192
chr8,2,10,13,-0.08835326986208171
chr8,2,11,13,0.1670994963694228
chr8,3,0,13,0.08781868842300525
chr8,3,1,13,0.11058941881643641
chr8,3,2,13,0.19314412551151017
chr8,3,3,13,0.06376114696307311
chr8,3,4,13,-0.02051558286829093
chr8,3,5,13,0.038443277035207765
chr8,3,6,13,-0.0018232868646311795
chr8,3,7,13,0.03955283538166592
chr8,3,8,13,0.052853266019852733
chr8,3,9,13,0.04223464879866454
chr8,3,10,13,0.04717283158617463
chr8,3,11,13,0.008977660059438479
chr8,4,0,13,-0.017576067763962828
chr8,4,1,13,-0.020029236368743448
chr8,4,2,13,-0.006643092819814136
chr8,4,3,13,-0.02118044250423726
chr8,4,4,13,-0.027878528452722526
chr8,4,5,13,0.03720904099941514
chr8,4,6,13,-0.020287464533328806
chr8,4,7,13,0.0010779109462123887
chr8,4,8,13,-0.10302043771688865
chr8,4,9,13,-0.005954189129960947
chr8,4,10,13,-0.02165868209538576
chr8,4,11,13,0.0014852473659356742
chr8,5,0,13,-0.07963880396830715
chr8,5,1,13,-0.0025208857470440703
chr8,5,2,13,0.003893126603347306
chr8,5,3,13,-0.0021359192971134016
chr8,5,4,13,-0.022157118982164586
chr8,5,5,13,-0.007143882635314565
chr8,5,6,13,-0.01030375426298989
chr8,5,7,13,0.02864054597269348
chr8,5,8,13,-0.03448075209461372
chr8,5,9,13,-0.027125450399009043
chr8,5,10,13,-0.009735351694801182
chr8,5,11,13,-0.07704158623419224
chr8,6,0,13,0.027852474476927076
chr8,6,1,13,-0.0013042456327880018
chr8,6,2,13,0.018584806196425278
chr8,6,3,13,-0.06767182897672436
chr8,6,4,13,-0.015569641290246352
chr8,6,5,13,-0.03143735857095659
chr8,6,6,13,0.02499905287086995
chr8,6,7,13,-0.061300508934417644
chr8,6,8,13,0.03409558145033637
chr8,6,9,13,-0.12828680841847703
chr8,6,10,13,-0.004081604709286184
chr8,6,11,13,-0.037802014764518034
chr8,7,0,13,-0.10932098507967
chr8,7,1,13,-0.009096852224075714
chr8,7,2,13,0.037948975292538295
chr8,7,3,13,-0.039062966869535636
chr8,7,4,13,-0.018401887623368182
chr8,7,5,13,-0.03590627639449983
chr8,7,6,13,-0.1252927879143443
chr8,7,7,13,-0.10174054633929429
chr8,7,8,13,0.04610042041360308
chr8,7,9,13,0.008271951293153947
chr8,7,10,13,-0.2363744500665776
chr8,7,11,13,0.0025928168830004466
chr8,8,0,13,0.0443178730119419
chr8,8,1,13,0.060846933504422336
chr8,8,2,13,-0.02686512478339181
chr8,8,3,13,-0.020869256168503124
chr8,8,4,13,-0.05840488948659647
chr8,8,5,13,-0.022051735453676773
chr8,8,6,13,-0.03805844793084154
chr8,8,7,13,0.005787702013615502
chr8,8,8,13,-0.049294863107628754
chr8,8,9,13,0.04732146108890822
chr8,8,10,13,0.10807230997364113
chr8,8,11,13,-0.012834300922967817
chr8,9,0,13,-0.018375656758441054
chr8,9,1,13,0.03930018153701375
chr8,9,2,13,0.08546408335960522
chr8,9,3,13,-0.05323552333854434
chr8,9,4,13,-0.011981125366361822
chr8,9,5,13,-0.011048293721536566
chr8,9,6,13,-0.010861910726438734
chr8,9,7,13,0.01588718826234081
chr8,9,8,13,-0.004894943520602098
chr8,9,9,13,0.03608190531758392
chr8,9,10,13,0.0034046946445767797
chr8,9,11,13,-0.052055956981070316
chr8,10,0,13,-0.039145424625469945
chr8,10,1,13,0.02902355191000128
chr8,10,2,13,0.01133384509191557
chr8,10,3,13,-0.002296710894714175
chr8,10,4,13,0.004459572777842525
chr8,10,5,13,0.011282545857844616
chr8,10,6,13,0.06348258032008339
chr8,10,7,13,0.07343063866429606
chr8,10,8,13,0.03472949639311377
chr8,10,9,13,-0.005043895051110316
chr8,10,10,13,0.03844344109254006
chr8,10,11,13,-0.013197088202469811
chr8,11,0,13,0.028090439792129943
chr8,11,1,13,-0.011430775043097589
chr8,11,2,13,-0.0204582429787155
chr8,11,3,13,0.04456321478125447
chr8,11,4,13,0.05356648990872034
chr8,11,5,13,-0.06529786316603782
chr8,11,6,13,-0.01937888734920062
chr8,11,7,13,-0.03176134063145959
chr8,11,8,13,-0.029135481677958004
chr8,11,9,13,-0.01012972981889936
chr8,11,10,13,-0.07551863022197973
chr8,11,11,13,-0.12126195751814477
chr9,0,0,12,-0.00454770483114932
chr9,0,1,12,-0.013523044888166386
chr9,0,2,12,-0.014981788109393998
chr9,0,3,12,0.000654417107040195
chr9,0,4,12,0.0004187063803225296
chr9,0,5,12,3.009236666806636e-05
chr9,0,6,12,-0.031363822076091646
chr9,0,7,12,0.04452960442230566
chr9,0,8,12,-0.018509202423115823
chr9,0,9,12,-0.021735476138377802
chr9,0,10,12,0.0017302836721867706
chr9,0,11,12,-0.014493487254213224
chr9,1,0,12,-0.056737603669455926
chr9,1,1,12,-0.014236706943950184
chr9,1,2,12,-0.038345612217059795
chr9,1,3,12,-0.01669553226700367
chr9,1,4,12,0.018525452345342138
chr9,1,5,12,-0.03865508361711097
chr9,1,6,12,0.013858661188978707
chr9,1,7,12,-0.011180608325241167
chr9,1,8,12,-0.10148391436235393
chr9,1,9,12,-0.03559798261554393
chr9,1,10,12,-0.009786328402667724
chr9,1,11,12,0.014570222377836506
chr9,2,0,12,0.04881182997902255
chr9,2,1,12,-0.08771551095157791
chr9,2,2,12,0.011244317101750159
chr9,2,3,12,-0.0518130535023598
chr9,2,4,12,-0.004258062324084942
chr9,2,5,12,0.010782028491161758
chr9,2,6,12,0.023803006870505242
chr9,2,7,12,0.0031174870682201725
chr9,2,8,12,-0.008135391794245392
chr9,2,9,12,-0.010264261345552528
chr9,2,10,12,-0.036011324708744887
chr9,2,11,12,0.02550540742357299
chr9,3,0,12,-0.01844858972443157
chr9,3,1,12,-0.000430703588498028
chr9,3,2,12,0.047669365676013854
chr9,3,3,12,-0.023737258588639787
chr9,3,4,12,-0.00995717351586649
chr9,3,5,12,-0.010190318492352824
chr9,3,6,12,0.037989376245886275
chr9,3,7,12,0.06454183423557557
chr9,3,8,12,0.023793867467485685
chr9,3,9,12,0.050293731646290724
chr9,3,10,12,-0.04200590461649373
chr9,3,11,12,0.00428893810176488
chr9,4,0,12,-0.05159759396910508
chr9,4,1,12,0.03747900068890364
chr9,4,2,12,0.04174564180589769
chr9,4,3,12,0.07308807336897971
chr9,4,4,12,0.04321450382834307
chr9,4,5,12,-0.018499314822127175
chr9,4,6,12,0.07270038550251404
chr9,4,7,12,0.13810575143576517
chr9,4,8,12,0.03342511784173715
chr9,4,9,12,0.03521499071092267
chr9,4,10,12,-0.010954966693605813
chr9,4,11,12,0.03981480304857906
chr9,5,0,12,-0.07866557627296779
chr9,5,1,12,-0.037781475602125025
chr9,5,2,12,0.007792586810590529
chr9,5,3,12,0.07452788055192942
chr9,5,4,12,0.06296140054433197
chr9,5,5,12,0.0357194063595596
chr9,5,6,12,0.00786783828362883
chr9,5,7,12,0.07903314152573808
chr9,5,8,12,-0.02295229020323658
chr9,5,9,12,0.006971682917277303
chr9,5,10,12,0.012052341137824213
chr9,5,11,12,-0.05038617725161365
chr9,6,0,12,-0.07669275797159127
chr9,6,1,12,0.0009198994600537333
chr9,6,2,12,0.0026404228365137276
chr9,6,3,12,0.1115219561905541
chr9,6,4,12,0.006692007452096631
chr9,6,5,12,-0.010856709081550057
chr9,6,6,12,-0.008317551160973527
chr9,6,7,12,-0.022333119866522783
chr9,6,8,12,-0.0028590067472541816
chr9,6,9,12,-0.00551922272629965
chr9,6,10,12,-0.0003487275571960008
chr9,6,11,12,-0.00798116484669993
chr9,7,0,12,0.007397551407152474
chr9,7,1,12,0.020422391479531014
chr9,7,2,12,0.02062014328806862
chr9,7,3,12,0.03481863485725754
chr9,7,4,12,0.005392813318382101
chr9,7,5,12,0.03757876882194142
chr9,7,6,12,0.04028631621361126
chr9,7,7,12,0.06060192436621867
chr9,7,8,12,-0.0423338635700077
chr9,7,9,12,-0.017093410517338977
chr9,7,10,12,0.055312492974458595
chr9,7,11,12,0.09308319784967138
chr9,8,0,12,0.02092090408681965
chr9,8,1,12,-0.0160174858052774
chr9,8,2,12,0.15942964236348242
chr9,8,3,12,0.01901313799202078
chr9,8,4,12,0.07381382962681327
chr9,8,5,12,0.019304146074801517
chr9,8,6,12,-0.04598131300661958
chr9,8,7,12,0.013757627234499838
chr9,8,8,12,-0.04608408163310244
chr9,8,9,12,0.12630187529180928
chr9,8,10,12,0.015907179011168403
chr9,8,11,12,0.007763093550724454
chr9,9,0,12,0.0018308316971583731
chr9,9,1,12,0.062395548753065994
chr9,9,2,12,0.003920524862099178
chr9,9,3,12,0.09059222013913924
chr9,9,4,12,0.07503976509057086
chr9,9,5,12,0.013344250447487696
chr9,9,6,12,0.05591938935402194
chr9,9,7,12,0.04961076201768352
chr9,9,8,12,0.026276994800404158
chr9,9,9,12,0.10323512696739774
chr9,9,10,12,-0.0901401292390953
chr9,9,11,12,0.01903181807264201
chr9,10,0,12,-0.06552364472419873
chr9,10,1,12,-0.0018156412294550311
chr9,10,2,12,0.00999323590407362
chr9,10,3,12,0.004702962294273351
chr9,10,4,12,0.06344514762178825
chr9,10,5,12,0.02660837652688099
chr9,10,6,12,0.03254832997235005
chr9,10,7,12,-0.0003397725004885092
chr9,10,8,12,0.10612355941064165
chr9,10,9,12,0.034294439598874044
chr9,10,10,12,0.016476611020880976
chr9,10,11,12,-0.00011584599765357359
chr9,11,0,12,0.020557097569516136
chr9,11,1,12,-0.120851097824336
chr9,11,2,12,-0.05724144331024921
chr9,11,3,12,0.012812624384313928
chr9,11,4,12,0.03586523728736798
chr9,11,5,12,-0.017158132220737157
chr9,11,6,12,-0.005885473749072868
chr9,11,7,12,0.02533230487829681
chr9,11,8,12,0.043198901655688536
chr9,11,9,12,0.01949576666529528
chr9,11,10,12,-0.06678287258682565
chr9,11,11,12,0.0193442656614205
chrX,0,0,7,-0.02917159925803051
chrX,0,1,7,-0.04282314597047527
chrX,0,2,7,-0.035961838131645205
chrX,0,3,7,-0.0026181262259007696
chrX,0,4,7,-8.163673958246348e-05
chrX,0,5,7,0.0106354140526809
chrX,0,6,7,0.008831593249301606
chrX,0,7,7,0.020431063911302734
chrX,0,8,7,-0.04331872731279941
chrX,0,9,7,-0.04190114984119066
chrX,0,10,7,-0.00410057379570365
chrX,0,11,7,-0.03777119216220986
chrX,1,0,7,-0.008150922618693324
chrX,1,1,7,0.009739645920113005
chrX,1,2,7,-0.06479054849936858
chrX,1,3,7,0.04198618617154826
chrX,1,4,7,-0.02269783620563854
chrX,1,5,7,-0.008528209722139912
chrX,1,6,7,-0.007143331032116475
chrX,1,7,7,-0.011653781268958616
chrX,1,8,7,-0.1376618808294075
chrX,1,9,7,-0.07528997979007938
chrX,1,10,7,-0.034257813707520714
chrX,1,11,7,0.04576108466446623
chrX,2,0,7,-0.03440143570652545
chrX,2,1,7,0.003164188851172954
chrX,2,2,7,0.027844022337938017
chrX,2,3,7,-0.026695587974498065
chrX,2,4,7,-0.059774555217413296
chrX,2,5,7,-0.010816724713374939
chrX,2,6,7,-0.019664667381231706
chrX,2,7,7,0.01043954141786439
chrX,2,8,7,-0.06476252094029633
chrX,2,9,7,0.0026220685964296925
chrX,2,10,7,-0.05698367602781595
chrX,2,11,7,0.09166333577833692
chrX,3,0,7,-0.03171901085511238
chrX,3,1,7,0.03750634744543113
chrX,3,2,7,0.12634141827377876
chrX,3,3,7,-0.011840917077472748
chrX,3,4,7,-0.010134214640260637
chrX,3,5,7,-0.0523249761767617
chrX,3,6,7,-0.04074344099950855
chrX,3,7,7,-0.01985477296752727
chrX,3,8,7,0.03344168392020915
chrX,3,9,7,0.06671647825501263
chrX,3,10,7,-0.04938601613711747
chrX,3,11,7,0.02284490749185893
chrX,4,0,7,0.058803194293704474
chrX,4,1,7,0.013523992097636927
chrX,4,2,7,0.003369979119887516
chrX,4,3,7,-0.004053500347342614
chrX,4,4,7,-0.001017942585391039
chrX,4,5,7,-0.10007141682225285
chrX,4,6,7,-0.016791298775984558
chrX,4,7,7,0.0036394378236587676
chrX,4,8,7,-0.021138127186705696
chrX,4,9,7,0.07145124767666235
chrX,4,10,7,-0.15699872857698596
chrX,4,11,7,-0.03660929759268894
chrX,5,0,7,0.018306326227392193
chrX,5,1,7,-0.05538603025627854
chrX,5,2,7,0.009700945219219456
chrX,5,3,7,-0.00038671675105153536
chrX,5,4,7,0.03367346457763839
chrX,5,5,7,0.11466774062714759
chrX,5,6,7,-0.0006724207732282998
chrX,5,7,7,-0.028910827124374153
chrX,5,8,7,-0.07538218763154972
chrX,5,9,7,0.07235709816285729
chrX,5,10,7,0.005383064862722132
chrX,5,11,7,-0.008657423150726028
chrX,6,0,7,-0.10935303683372567
chrX,6,1,7,-0.0003020175823901853
chrX,6,2,7,-0.05882526154432347
chrX,6,3,7,0.07885901805752786
chrX,6,4,7,0.024588576672893353
chrX,6,5,7,0.06167127357666675
chrX,6,6,7,0.034467105420714274
chrX,6,7,7,-0.005917603008243534
chrX,6,8,7,-0.035558791975436495
chrX,6,9,7,-0.03956528899504692
chrX,6,10,7,-0.005264342984205516
chrX,6,11,7,0.02695322485971197
chrX,7,0,7,-0.013218464447650517
chrX,7,1,7,0.03015865207287065
chrX,7,2,7,-0.021527180007150686
chrX,7,3,7,0.07547403850403853
chrX,7,4,7,0.0192737482504253
chrX,7,5,7,-0.01657927126686188
chrX,7,6,7,0.12041756552890938
chrX,7,7,7,0.08817406824274623
chrX,7,8,7,-0.07255211480346643
chrX,7,9,7,-0.016670484566179856
chrX,7,10,7,0.15548515277684719
chrX,7,11,7,0.09049603601560108
chrX,8,0,7,-0.05134107378124301
chrX,8,1,7,-0.14512080309694791
chrX,8,2,7,0.21253328087268125
chrX,8,3,7,0.06534341353989734
chrX,8,4,7,0.11591522681996783
chrX,8,5,7,0.05341848966571377
chrX,8,6,7,-0.0921856868012491
chrX,8,7,7,-0.0035295115807813583
chrX,8,8,7,-0.06645421522694765
chrX,8,9,7,0.08229513795936358
chrX,8,10,7,-0.12147722175453045
chrX,8,11,7,0.029023967611284496
chrX,9,0,7,0.014978589121233057
chrX,9,1,7,-0.11267161057477063
chrX,9,2,7,-0.11499307695356178
chrX,9,3,7,0.15825713917213452
chrX,9,4,7,0.05770221350049858
chrX,9,5,7,-0.015111396812113148
chrX,9,6,7,0.12196382283226807
chrX,9,7,7,-0.05171581745005487
chrX,9,8,7,-0.03925173107035567
chrX,9,9,7,0.026232916339828605
chrX,9,10,7,-0.13218125481026802
chrX,9,11,7,0.05571309423364408
chrX,10,0,7,-0.06397341226702466
chrX,10,1,7,-0.005823944588195256
chrX,10,2,7,0.04527629477225189
chrX,10,3,7,0.04317157274744005
chrX,10,4,7,0.07556858140642356
chrX,10,5,7,-0.01001626698156229
chrX,10,6,7,-0.024762855887343886
chrX,10,7,7,0.07381448709031727
chrX,10,8,7,0.012688691888216372
chrX,10,9,7,-0.03920507490115358
chrX,10,10,7,0.0391572521946671
chrX,10,11,7,0.042941606468569794
chrX,11,0,7,-0.035465483542084404
chrX,11,1,7,-0.24429068904090062
chrX,11,2,7,-0.05094129567119077
chrX,11,3,7,-0.02179188590218206
chrX,11,4,7,0.004080374146823044
chrX,11,5,7,-0.072095496713953
chrX,11,6,7,0.008003245292855978
chrX,11,7,7,0.06855433992103348
chrX,11,8,7,-0.12392456118852477
chrX,11,9,7,-0.043376013429096284
chrX,11,10,7,-0.0025263418788375853
chrX,11,11,7,0.008467670350862442
