chromosome,layer,head,pairs,mean
chr1,0,0,27,-0.01243151817470789
chr1,0,1,27,-0.004265056923031807
chr1,0,2,27,0.006765835918486118
chr1,0,3,27,-0.0006621573702432215
chr1,0,4,27,-0.00018707649724092335
chr1,0,5,27,0.0009464952745474875
chr1,0,6,27,0.02800019271671772
chr1,0,7,27,-0.0053576319478452206
chr1,0,8,27,0.001575940172187984
chr1,0,9,27,-0.0033661392517387867
chr1,0,10,27,0.004173761233687401
chr1,0,11,27,0.004157000221312046
chr1,1,0,27,0.012838102877140045
chr1,1,1,27,0.009134320542216301
chr1,1,2,27,-0.01710391417145729
chr1,1,3,27,0.005126246716827154
chr1,1,4,27,-0.016043471172451973
chr1,1,5,27,0.015839146450161934
chr1,1,6,27,-0.017602011561393738
chr1,1,7,27,0.012554892338812351
chr1,1,8,27,-0.0185578390955925
chr1,1,9,27,0.01590355485677719
chr1,1,10,27,-0.00030791317112743855
chr1,1,11,27,-0.017816687002778053
chr1,2,0,27,-0.0386030413210392
chr1,2,1,27,0.021244646981358528
chr1,2,2,27,-0.0011827548732981086
chr1,2,3,27,-0.024056507274508476
chr1,2,4,27,-0.014066265895962715
chr1,2,5,27,0.06297450512647629
chr1,2,6,27,-0.01571129634976387
chr1,2,7,27,0.005678680259734392
chr1,2,8,27,0.014120243489742279
chr1,2,9,27,-0.017102457582950592
chr1,2,10,27,-0.11122899502515793
chr1,2,11,27,-0.05145282298326492
chr1,3,0,27,0.015594732016324997
chr1,3,1,27,0.04690755158662796
chr1,3,2,27,0.09701446443796158
chr1,3,3,27,0.057449474930763245
chr1,3,4,27,-0.02138887532055378
chr1,3,5,27,-0.0015918259741738439
chr1,3,6,27,0.0367300771176815
chr1,3,7,27,0.026683354750275612
chr1,3,8,27,0.04211604222655296
chr1,3,9,27,-0.006345898844301701
chr1,3,10,27,-0.01693512499332428
chr1,3,11,27,-0.02426094189286232
chr1,4,0,27,8.288136450573802e-05
chr1,4,1,27,0.008293970488011837
chr1,4,2,27,0.01988873817026615
chr1,4,3,27,0.013427911326289177
chr1,4,4,27,-0.01913684606552124
chr1,4,5,27,0.031119151040911674
chr1,4,6,27,-0.042890094220638275
chr1,4,7,27,0.14842940866947174
chr1,4,8,27,0.012025747448205948
chr1,4,9,27,0.028076665475964546
chr1,4,10,27,-0.025488005951046944
chr1,4,11,27,0.03818110004067421
chr1,5,0,27,0.030365196987986565
chr1,5,1,27,-0.030040564015507698
chr1,5,2,27,-0.0038008932024240494
chr1,5,3,27,-0.002116471529006958
chr1,5,4,27,0.022875981405377388
chr1,5,5,27,0.07256962358951569
chr1,5,6,27,-0.04930589348077774
chr1,5,7,27,-0.011445360258221626
chr1,5,8,27,0.0011174745159223676
chr1,5,9,27,0.00027514167595654726
chr1,5,10,27,0.03146545961499214
chr1,5,11,27,-0.005226923152804375
chr1,6,0,27,0.011937547475099564
chr1,6,1,27,0.005952188279479742
chr1,6,2,27,0.02301008626818657
chr1,6,3,27,0.14586478471755981
chr1,6,4,27,0.012255342677235603
chr1,6,5,27,0.03688303381204605
chr1,6,6,27,0.025845007970929146
chr1,6,7,27,0.007829410955309868
chr1,6,8,27,0.008518810383975506
chr1,6,9,27,0.15269356966018677
chr1,6,10,27,0.05336583033204079
chr1,6,11,27,0.09054587781429291
chr1,7,0,27,-0.012774686329066753
chr1,7,1,27,-0.07138996571302414
chr1,7,2,27,-0.02156243473291397
chr1,7,3,27,0.06877746433019638
chr1,7,4,27,0.007041498553007841
chr1,7,5,27,-0.05015384778380394
chr1,7,6,27,0.11326856911182404
chr1,7,7,27,0.11906562000513077
chr1,7,8,27,0.009476295672357082
chr1,7,9,27,0.021492816507816315
chr1,7,10,27,-0.035211529582738876
chr1,7,11,27,-0.013647719286382198
chr1,8,0,27,-0.007962147705256939
chr1,8,1,27,0.04923711717128754
chr1,8,2,27,-0.07754286378622055
chr1,8,3,27,-0.011357947252690792
chr1,8,4,27,-0.012501109391450882
chr1,8,5,27,-0.004556951578706503
chr1,8,6,27,-0.09111671149730682
chr1,8,7,27,-0.04157470166683197
chr1,8,8,27,0.016768168658018112
chr1,8,9,27,-0.03092811442911625
chr1,8,10,27,0.002736131427809596
chr1,8,11,27,-0.0028913633432239294
chr1,9,0,27,0.04868479073047638
chr1,9,1,27,-0.013619674369692802
chr1,9,2,27,-0.032638758420944214
chr1,9,3,27,-0.024051105603575706
chr1,9,4,27,-0.031103001907467842
chr1,9,5,27,-0.05112433061003685
chr1,9,6,27,-0.017471298575401306
chr1,9,7,27,-0.05585749074816704
chr1,9,8,27,0.00558861531317234
chr1,9,9,27,-0.011440979316830635
chr1,9,10,27,0.005240065045654774
chr1,9,11,27,-0.017891721799969673
chr1,10,0,27,0.00015616416931152344
chr1,10,1,27,0.015561161562800407
chr1,10,2,27,0.0109414616599679
chr1,10,3,27,0.000624659878667444
chr1,10,4,27,-0.016237325966358185
chr1,10,5,27,-0.05769483372569084
chr1,10,6,27,-0.008742524310946465
chr1,10,7,27,-0.031285982578992844
chr1,10,8,27,-0.005906637292355299
chr1,10,9,27,0.004408624488860369
chr1,10,10,27,0.009071786887943745
chr1,10,11,27,-0.030248703435063362
chr1,11,0,27,-0.002927612280473113
chr1,11,1,27,-0.02793145924806595
chr1,11,2,27,-0.02532505989074707
chr1,11,3,27,-0.02461089938879013
chr1,11,4,27,-0.020574156194925308
chr1,11,5,27,-0.032448120415210724
chr1,11,6,27,-0.036999113857746124
chr1,11,7,27,0.0037515340372920036
chr1,11,8,27,-0.015705617144703865
chr1,11,9,27,-0.000343980616889894
chr1,11,10,27,-0.003085306379944086
chr1,11,11,27,-0.04547709971666336
chr10,0,0,9,-0.005666255950927734
chr10,0,1,9,0.004260765388607979
chr10,0,2,9,0.013548387214541435
chr10,0,3,9,0.003038716036826372
chr10,0,4,9,-3.463081520749256e-05
chr10,0,5,9,-0.01240536943078041
chr10,0,6,9,-0.008994638919830322
chr10,0,7,9,0.014519764110445976
chr10,0,8,9,0.0011800990905612707
chr10,0,9,9,0.005950397811830044
chr10,0,10,9,0.009723259136080742
chr10,0,11,9,0.004296594299376011
chr10,1,0,9,0.014195561408996582
chr10,1,1,9,0.032027676701545715
chr10,1,2,9,-0.07662144303321838
chr10,1,3,9,-0.013670642860233784
chr10,1,4,9,0.02335229143500328
chr10,1,5,9,-0.027664044871926308
chr10,1,6,9,0.04398363083600998
chr10,1,7,9,-0.017283665016293526
chr10,1,8,9,0.02866474725306034
chr10,1,9,9,-0.0021870865020900965
chr10,1,10,9,0.002311103977262974
chr10,1,11,9,0.027475740760564804
chr10,2,0,9,0.008411228656768799
chr10,2,1,9,0.06104055419564247
chr10,2,2,9,0.13171346485614777
chr10,2,3,9,-0.14901477098464966
chr10,2,4,9,-0.04920824244618416
chr10,2,5,9,0.03706810995936394
chr10,2,6,9,-0.12267732620239258
chr10,2,7,9,-0.007725304923951626
chr10,2,8,9,-0.001751118223182857
chr10,2,9,9,-0.019712282344698906
chr10,2,10,9,-0.13572610914707184
chr10,2,11,9,0.01621147058904171
chr10,3,0,9,0.03623437136411667
chr10,3,1,9,-0.039647918194532394
chr10,3,2,9,-0.013064212165772915
chr10,3,3,9,0.0020297104492783546
chr10,3,4,9,-0.07388473302125931
chr10,3,5,9,-0.0887862965464592
chr10,3,6,9,-0.0453995056450367
chr10,3,7,9,-0.06051497906446457
chr10,3,8,9,0.01185647677630186
chr10,3,9,9,-0.032388582825660706
chr10,3,10,9,-0.0004462897777557373
chr10,3,11,9,-0.03922136500477791
chr10,4,0,9,0.03989085182547569
chr10,4,1,9,-0.005799478851258755
chr10,4,2,9,0.019279055297374725
chr10,4,3,9,0.011160071939229965
chr10,4,4,9,-0.03541312366724014
chr10,4,5,9,-0.10275468230247498
chr10,4,6,9,-0.007065150421112776
chr10,4,7,9,0.4869428277015686
chr10,4,8,9,0.038531217724084854
chr10,4,9,9,0.09884576499462128
chr10,4,10,9,0.0663968026638031
chr10,4,11,9,0.0412362664937973
chr10,5,0,9,0.10545215010643005
chr10,5,1,9,0.0006122522754594684
chr10,5,2,9,0.0206861924380064
chr10,5,3,9,-0.000967352360021323
chr10,5,4,9,0.29258620738983154
chr10,5,5,9,0.09271559119224548
chr10,5,6,9,-0.05782996863126755
chr10,5,7,9,-0.03234095126390457
chr10,5,8,9,-0.020917244255542755
chr10,5,9,9,0.10910487174987793
chr10,5,10,9,-0.018167508766055107
chr10,5,11,9,-0.041407510638237
chr10,6,0,9,-0.0036244457587599754
chr10,6,1,9,0.01270960085093975
chr10,6,2,9,0.05783515423536301
chr10,6,3,9,0.21874234080314636
chr10,6,4,9,0.03628203272819519
chr10,6,5,9,0.06955383718013763
chr10,6,6,9,0.13053470849990845
chr10,6,7,9,0.05726094916462898
chr10,6,8,9,-0.00486925570294261
chr10,6,9,9,0.02323951944708824
chr10,6,10,9,0.07686856389045715
chr10,6,11,9,0.15434744954109192
chr10,7,0,9,0.049722298979759216
chr10,7,1,9,0.2897168695926666
chr10,7,2,9,0.016442034393548965
chr10,7,3,9,0.18597868084907532
chr10,7,4,9,0.08000050485134125
chr10,7,5,9,0.06120309606194496
chr10,7,6,9,0.19104690849781036
chr10,7,7,9,0.3013347089290619
chr10,7,8,9,-0.0019048386020585895
chr10,7,9,9,0.016789522022008896
chr10,7,10,9,0.41235706210136414
chr10,7,11,9,0.2704150378704071
chr10,8,0,9,-0.005333814304322004
chr10,8,1,9,0.05444730073213577
chr10,8,2,9,0.2885831594467163
chr10,8,3,9,0.1207394078373909
chr10,8,4,9,0.1355055421590805
chr10,8,5,9,0.07303763926029205
chr10,8,6,9,-0.01904679648578167
chr10,8,7,9,0.007614525500684977
chr10,8,8,9,0.007256878539919853
chr10,8,9,9,0.005385273136198521
chr10,8,10,9,0.12079763412475586
chr10,8,11,9,0.04277893155813217
chr10,9,0,9,0.05289669707417488
chr10,9,1,9,0.004181822296231985
chr10,9,2,9,0.07195058465003967
chr10,9,3,9,0.1261715143918991
chr10,9,4,9,0.0222829170525074
chr10,9,5,9,-0.024232856929302216
chr10,9,6,9,0.014805419370532036
chr10,9,7,9,-0.08655288815498352
chr10,9,8,9,0.0007204280700534582
chr10,9,9,9,0.002540535293519497
chr10,9,10,9,0.007015652023255825
chr10,9,11,9,0.08395764976739883
chr10,10,0,9,0.04479436203837395
chr10,10,1,9,0.02703334204852581
chr10,10,2,9,0.0003561509947758168
chr10,10,3,9,0.057272449135780334
chr10,10,4,9,0.050133898854255676
chr10,10,5,9,-0.017071308568120003
chr10,10,6,9,-0.029085516929626465
chr10,10,7,9,-0.018119849264621735
chr10,10,8,9,0.0017140706768259406
chr10,10,9,9,-0.0010495384922251105
chr10,10,10,9,0.06273650377988815
chr10,10,11,9,-0.01991434209048748
chr10,11,0,9,0.004570384975522757
chr10,11,1,9,0.06146077439188957
chr10,11,2,9,0.046048469841480255
chr10,11,3,9,-0.030633049085736275
chr10,11,4,9,-0.0013040038757026196
chr10,11,5,9,-0.0768970400094986
chr10,11,6,9,-0.056572213768959045
chr10,11,7,9,-0.00961356982588768
chr10,11,8,9,0.008773989044129848
chr10,11,9,9,0.008447329513728619
chr10,11,10,9,0.0007084210519678891
chr10,11,11,9,0.1437021940946579
chr11,0,0,6,0.028103819116950035
chr11,0,1,6,0.009292234666645527
chr11,0,2,6,0.006989280227571726
chr11,0,3,6,-0.010671958327293396
chr11,0,4,6,-0.0008164730970747769
chr11,0,5,6,-0.04225665330886841
chr11,0,6,6,-0.09448608756065369
chr11,0,7,6,0.14368711411952972
chr11,0,8,6,0.0005113084916956723
chr11,0,9,6,0.020892580971121788
chr11,0,10,6,-0.04645015299320221
chr11,0,11,6,-0.011839330196380615
chr11,1,0,6,0.006958047393709421
chr11,1,1,6,-0.05685269832611084
chr11,1,2,6,-0.1981334090232849
chr11,1,3,6,0.01658564805984497
chr11,1,4,6,0.05020524188876152
chr11,1,5,6,0.015046884305775166
chr11,1,6,6,0.04158027097582817
chr11,1,7,6,0.03456221893429756
chr11,1,8,6,0.05119796469807625
chr11,1,9,6,0.06590521335601807
chr11,1,10,6,0.012861311435699463
chr11,1,11,6,-0.06079486012458801
chr11,2,0,6,-0.0038509268779307604
chr11,2,1,6,0.1708209067583084
chr11,2,2,6,0.08758192509412766
chr11,2,3,6,0.05681375786662102
chr11,2,4,6,-0.07695985585451126
chr11,2,5,6,-0.19179439544677734
chr11,2,6,6,-0.0346105583012104
chr11,2,7,6,-0.03734305500984192
chr11,2,8,6,-0.029837777838110924
chr11,2,9,6,-0.038755763322114944
chr11,2,10,6,-0.38467326760292053
chr11,2,11,6,-0.08549550920724869
chr11,3,0,6,0.06130053475499153
chr11,3,1,6,0.008842438459396362
chr11,3,2,6,-0.018430838361382484
chr11,3,3,6,0.07731705904006958
chr11,3,4,6,-0.05248315632343292
chr11,3,5,6,-0.03502589464187622
chr11,3,6,6,0.016661355271935463
chr11,3,7,6,-0.024372383952140808
chr11,3,8,6,0.019004175439476967
chr11,3,9,6,-0.04982864856719971
chr11,3,10,6,0.08860359340906143
chr11,3,11,6,0.036373723298311234
chr11,4,0,6,-0.09216392040252686
chr11,4,1,6,-0.033549822866916656
chr11,4,2,6,0.004571216180920601
chr11,4,3,6,0.011513547040522099
chr11,4,4,6,-0.10715920478105545
chr11,4,5,6,0.06491746753454208
chr11,4,6,6,0.01390970777720213
chr11,4,7,6,-0.0860685333609581
chr11,4,8,6,-0.035101186484098434
chr11,4,9,6,-0.05570020154118538
chr11,4,10,6,0.007960299961268902
chr11,4,11,6,0.013520835898816586
chr11,5,0,6,0.08540818095207214
chr11,5,1,6,-0.03418321534991264
chr11,5,2,6,-0.021214962005615234
chr11,5,3,6,-0.0023812693543732166
chr11,5,4,6,-0.07027788460254669
chr11,5,5,6,-0.12678872048854828
chr11,5,6,6,-0.07341659069061279
chr11,5,7,6,0.036909036338329315
chr11,5,8,6,-0.01493017841130495
chr11,5,9,6,-0.1063687726855278
chr11,5,10,6,-0.004017943982034922
chr11,5,11,6,-0.0789313018321991
chr11,6,0,6,-0.07044866681098938
chr11,6,1,6,-0.01164200808852911
chr11,6,2,6,0.002150972606614232
chr11,6,3,6,-0.13298094272613525
chr11,6,4,6,-0.056057777255773544
chr11,6,5,6,-0.04041177034378052
chr11,6,6,6,-0.05833795666694641
chr11,6,7,6,-0.02740349806845188
chr11,6,8,6,-0.010741372592747211
chr11,6,9,6,0.02960585616528988
chr11,6,10,6,-0.11741761118173599
chr11,6,11,6,-0.09722715616226196
chr11,7,0,6,-0.023276448249816895
chr11,7,1,6,-0.027836451306939125
chr11,7,2,6,-0.09210104495286942
chr11,7,3,6,-0.034490954130887985
chr11,7,4,6,-0.0021281344816088676
chr11,7,5,6,0.12251054495573044
chr11,7,6,6,-0.16432775557041168
chr11,7,7,6,-0.15001589059829712
chr11,7,8,6,-0.039697032421827316
chr11,7,9,6,-0.04919072985649109
chr11,7,10,6,-0.04506919905543327
chr11,7,11,6,-0.040949154645204544
chr11,8,0,6,-0.05610005930066109
chr11,8,1,6,0.05508183315396309
chr11,8,2,6,0.29936349391937256
chr11,8,3,6,0.01264655590057373
chr11,8,4,6,0.039076417684555054
chr11,8,5,6,-0.03445827588438988
chr11,8,6,6,-0.0474092923104763
chr11,8,7,6,-0.024216683581471443
chr11,8,8,6,0.010886549949645996
chr11,8,9,6,-0.008553862571716309
chr11,8,10,6,0.09863284230232239
chr11,8,11,6,0.014374676160514355
chr11,9,0,6,-0.037088215351104736
chr11,9,1,6,0.05940541625022888
chr11,9,2,6,-0.005075921770185232
chr11,9,3,6,0.10972177982330322
chr11,9,4,6,-0.0012316008796915412
chr11,9,5,6,-0.00014209623623173684
chr11,9,6,6,0.1086556538939476
chr11,9,7,6,-0.01243380457162857
chr11,9,8,6,-0.0005981723661534488
chr11,9,9,6,0.009642034769058228
chr11,9,10,6,0.02257179282605648
chr11,9,11,6,0.035382241010665894
chr11,10,0,6,-0.014732192270457745
chr11,10,1,6,-0.032415103167295456
chr11,10,2,6,-0.011416345834732056
chr11,10,3,6,0.04011955484747887
chr11,10,4,6,0.011906412430107594
chr11,10,5,6,0.022559141740202904
chr11,10,6,6,0.024006908759474754
chr11,10,7,6,0.09220192581415176
chr11,10,8,6,0.0035835306625813246
chr11,10,9,6,0.0008757710456848145
chr11,10,10,6,-0.062287431210279465
chr11,10,11,6,0.008746806532144547
chr11,11,0,6,0.004851798061281443
chr11,11,1,6,0.007878025062382221
chr11,11,2,6,0.0030643444042652845
chr11,11,3,6,0.16571831703186035
chr11,11,4,6,0.024566730484366417
chr11,11,5,6,-0.060088638216257095
chr11,11,6,6,-0.021130984649062157
chr11,11,7,6,0.16757448017597198
chr11,11,8,6,0.05210014060139656
chr11,11,9,6,0.005256543401628733
chr11,11,10,6,-0.07489027827978134
chr11,11,11,6,-0.008047451265156269
chr12,0,0,12,-0.006911287549883127
chr12,0,1,12,-0.0021275579929351807
chr12,0,2,12,0.00468433415517211
chr12,0,3,12,-0.002252453938126564
chr12,0,4,12,0.00021166453370824456
chr12,0,5,12,0.008286247961223125
chr12,0,6,12,-0.04200120270252228
chr12,0,7,12,0.11241552233695984
chr12,0,8,12,0.0001711199729470536
chr12,0,9,12,-0.01030375063419342
chr12,0,10,12,-0.011911425739526749
chr12,0,11,12,0.009112249128520489
chr12,1,0,12,0.031854841858148575
chr12,1,1,12,0.039338618516922
chr12,1,2,12,-0.045994337648153305
chr12,1,3,12,0.00862575601786375
chr12,1,4,12,0.08403000980615616
chr12,1,5,12,0.017765434458851814
chr12,1,6,12,0.13794192671775818
chr12,1,7,12,0.026929741725325584
chr12,1,8,12,-0.014891862869262695
chr12,1,9,12,0.028171157464385033
chr12,1,10,12,0.015493770129978657
chr12,1,11,12,-0.05893900990486145
chr12,2,0,12,0.015751302242279053
chr12,2,1,12,0.18416225910186768
chr12,2,2,12,0.03337579965591431
chr12,2,3,12,0.049104612320661545
chr12,2,4,12,-0.07091698795557022
chr12,2,5,12,0.1771615743637085
chr12,2,6,12,0.03487943485379219
chr12,2,7,12,-0.0007988263969309628
chr12,2,8,12,0.008046398870646954
chr12,2,9,12,-0.0003196448087692261
chr12,2,10,12,-0.12189165502786636
chr12,2,11,12,0.16021524369716644
chr12,3,0,12,-0.01583794318139553
chr12,3,1,12,0.022438248619437218
chr12,3,2,12,0.17543292045593262
chr12,3,3,12,0.090962715446949
chr12,3,4,12,-0.0535942018032074
chr12,3,5,12,0.04379631578922272
chr12,3,6,12,0.009432037360966206
chr12,3,7,12,0.09088798612356186
chr12,3,8,12,0.05030820146203041
chr12,3,9,12,0.0886438712477684
chr12,3,10,12,-0.13778221607208252
chr12,3,11,12,0.012905731797218323
chr12,4,0,12,-0.04874753952026367
chr12,4,1,12,-0.01048822607845068
chr12,4,2,12,-0.03036031313240528
chr12,4,3,12,-0.012385047972202301
chr12,4,4,12,-0.04801927134394646
chr12,4,5,12,0.08368536084890366
chr12,4,6,12,0.03563488647341728
chr12,4,7,12,0.09885410219430923
chr12,4,8,12,0.002112771151587367
chr12,4,9,12,0.011439993977546692
chr12,4,10,12,-0.05261373519897461
chr12,4,11,12,0.012475971132516861
chr12,5,0,12,0.10004127770662308
chr12,5,1,12,0.0025984745007008314
chr12,5,2,12,0.009078867733478546
chr12,5,3,12,-0.0032664777245372534
chr12,5,4,12,0.004895078018307686
chr12,5,5,12,0.03311588242650032
chr12,5,6,12,0.09014444798231125
chr12,5,7,12,0.05154271423816681
chr12,5,8,12,-0.005842149257659912
chr12,5,9,12,0.06709269434213638
chr12,5,10,12,-0.020822318270802498
chr12,5,11,12,0.010749761946499348
chr12,6,0,12,0.026424789801239967
chr12,6,1,12,0.015199190936982632
chr12,6,2,12,0.06350662559270859
chr12,6,3,12,0.07552208751440048
chr12,6,4,12,0.006875101011246443
chr12,6,5,12,-0.030320612713694572
chr12,6,6,12,0.02037183940410614
chr12,6,7,12,-0.07766260951757431
chr12,6,8,12,0.014100809581577778
chr12,6,9,12,0.06634891033172607
chr12,6,10,12,0.03740745410323143
chr12,6,11,12,-0.0497090220451355
chr12,7,0,12,0.016424432396888733
chr12,7,1,12,0.029327599331736565
chr12,7,2,12,0.013101478107273579
chr12,7,3,12,0.013014047406613827
chr12,7,4,12,0.0035205248277634382
chr12,7,5,12,0.001808810979127884
chr12,7,6,12,0.0045977369882166386
chr12,7,7,12,-0.03123924694955349
chr12,7,8,12,0.010124902240931988
chr12,7,9,12,0.021771013736724854
chr12,7,10,12,0.08459287881851196
chr12,7,11,12,0.07339246571063995
chr12,8,0,12,0.05781747028231621
chr12,8,1,12,0.07936059683561325
chr12,8,2,12,0.32343170046806335
chr12,8,3,12,0.0425104983150959
chr12,8,4,12,0.09319490194320679
chr12,8,5,12,0.0249992236495018
chr12,8,6,12,-0.007651235908269882
chr12,8,7,12,0.004846685566008091
chr12,8,8,12,-0.02179313264787197
chr12,8,9,12,0.009963244199752808
chr12,8,10,12,0.1549387276172638
chr12,8,11,12,0.015507944859564304
chr12,9,0,12,0.016110828146338463
chr12,9,1,12,0.0529647022485733
chr12,9,2,12,0.13458995521068573
chr12,9,3,12,0.1883343607187271
chr12,9,4,12,0.03635023906826973
chr12,9,5,12,-0.011928793042898178
chr12,9,6,12,0.08513182401657104
chr12,9,7,12,0.017776722088456154
chr12,9,8,12,-0.0005216300487518311
chr12,9,9,12,0.002959753153845668
chr12,9,10,12,0.016106411814689636
chr12,9,11,12,0.07147533446550369
chr12,10,0,12,-0.052750710397958755
chr12,10,1,12,-0.016891619190573692
chr12,10,2,12,-0.0030369411688297987
chr12,10,3,12,0.050677377730607986
chr12,10,4,12,0.03717157244682312
chr12,10,5,12,0.018691202625632286
chr12,10,6,12,0.05251176282763481
chr12,10,7,12,0.07767026871442795
chr12,10,8,12,-0.004997655749320984
chr12,10,9,12,-0.0025789339561015368
chr12,10,10,12,0.07536749541759491
chr12,10,11,12,0.025038471445441246
chr12,11,0,12,-0.006318827625364065
chr12,11,1,12,-0.07573045045137405
chr12,11,2,12,0.010897427797317505
chr12,11,3,12,0.15680767595767975
chr12,11,4,12,-0.08525347709655762
chr12,11,5,12,0.08316399902105331
chr12,11,6,12,0.009821739979088306
chr12,11,7,12,0.09574315696954727
chr12,11,8,12,-0.02011924982070923
chr12,11,9,12,-0.00635761022567749
chr12,11,10,12,-0.06011858955025673
chr12,11,11,12,0.010625769384205341
chr13,0,0,6,0.01018082071095705
chr13,0,1,6,0.010600864887237549
chr13,0,2,6,0.03362736105918884
chr13,0,3,6,0.003789284499362111
chr13,0,4,6,0.001133090816438198
chr13,0,5,6,0.03599792718887329
chr13,0,6,6,-0.01880369521677494
chr13,0,7,6,0.25077053904533386
chr13,0,8,6,0.0036363203544169664
chr13,0,9,6,-0.0020736258011311293
chr13,0,10,6,-0.000156499445438385
chr13,0,11,6,0.013543923385441303
chr13,1,0,6,0.03910312056541443
chr13,1,1,6,-0.010218262672424316
chr13,1,2,6,-0.04471049830317497
chr13,1,3,6,0.06672529131174088
chr13,1,4,6,-0.11876827478408813
chr13,1,5,6,0.02135491371154785
chr13,1,6,6,0.04138200357556343
chr13,1,7,6,0.021868636831641197
chr13,1,8,6,-0.075376957654953
chr13,1,9,6,-0.04262988641858101
chr13,1,10,6,-0.000732123851776123
chr13,1,11,6,-0.007581569254398346
chr13,2,0,6,0.011531730182468891
chr13,2,1,6,0.01055161189287901
chr13,2,2,6,0.11295407265424728
chr13,2,3,6,0.03433104231953621
chr13,2,4,6,-0.020621294155716896
chr13,2,5,6,0.21296851336956024
chr13,2,6,6,0.008054137229919434
chr13,2,7,6,0.016225725412368774
chr13,2,8,6,-0.012802590616047382
chr13,2,9,6,0.015045036561787128
chr13,2,10,6,-0.2033994197845459
chr13,2,11,6,0.143616184592247
chr13,3,0,6,0.036012668162584305
chr13,3,1,6,-0.0362573079764843
chr13,3,2,6,0.05985184386372566
chr13,3,3,6,-0.00011739134788513184
chr13,3,4,6,-0.019481111317873
chr13,3,5,6,0.15711645781993866
chr13,3,6,6,0.01743680238723755
chr13,3,7,6,0.0685923621058464
chr13,3,8,6,0.018965015187859535
chr13,3,9,6,-0.03267732262611389
chr13,3,10,6,0.1042526438832283
chr13,3,11,6,0.03740561008453369
chr13,4,0,6,-0.016128072515130043
chr13,4,1,6,-0.05830714479088783
chr13,4,2,6,0.015546437352895737
chr13,4,3,6,0.010557007975876331
chr13,4,4,6,0.03546269237995148
chr13,4,5,6,-0.09840219467878342
chr13,4,6,6,0.04864847660064697
chr13,4,7,6,0.28074586391448975
chr13,4,8,6,0.07888403534889221
chr13,4,9,6,0.09425455331802368
chr13,4,10,6,0.069237619638443
chr13,4,11,6,0.036493930965662
chr13,5,0,6,-0.0035464565735310316
chr13,5,1,6,0.028577109798789024
chr13,5,2,6,-0.004557259380817413
chr13,5,3,6,0.0057464889250695705
chr13,5,4,6,0.021861912682652473
chr13,5,5,6,0.029349422082304955
chr13,5,6,6,0.03903843089938164
chr13,5,7,6,0.09418874979019165
chr13,5,8,6,-0.007260868791490793
chr13,5,9,6,0.010469903238117695
chr13,5,10,6,0.009268607944250107
chr13,5,11,6,0.006664554122835398
chr13,6,0,6,0.002336959121748805
chr13,6,1,6,-0.01949901320040226
chr13,6,2,6,0.08250809460878372
chr13,6,3,6,0.2879982888698578
chr13,6,4,6,0.036859218031167984
chr13,6,5,6,-0.016763774678111076
chr13,6,6,6,0.014508339576423168
chr13,6,7,6,0.014706537127494812
chr13,6,8,6,0.03895769640803337
chr13,6,9,6,0.04443399980664253
chr13,6,10,6,0.013373259454965591
chr13,6,11,6,0.03991693630814552
chr13,7,0,6,0.034424781799316406
chr13,7,1,6,-0.08196208626031876
chr13,7,2,6,0.04398790001869202
chr13,7,3,6,0.015998471528291702
chr13,7,4,6,0.0023881178349256516
chr13,7,5,6,0.054367225617170334
chr13,7,6,6,0.04695005342364311
chr13,7,7,6,-0.04338261857628822
chr13,7,8,6,0.006313095334917307
chr13,7,9,6,0.09022122621536255
chr13,7,10,6,-0.1285533756017685
chr13,7,11,6,0.013672425411641598
chr13,8,0,6,0.042943138629198074
chr13,8,1,6,0.025025635957717896
chr13,8,2,6,0.0043232738971710205
chr13,8,3,6,0.008476927876472473
chr13,8,4,6,0.006185360252857208
chr13,8,5,6,0.020106365904211998
chr13,8,6,6,0.044765371829271317
chr13,8,7,6,0.020041799172759056
chr13,8,8,6,0.017485767602920532
chr13,8,9,6,0.031236430630087852
chr13,8,10,6,0.04565352201461792
chr13,8,11,6,0.0015534005360677838
chr13,9,0,6,0.02166401408612728
chr13,9,1,6,0.0575980544090271
chr13,9,2,6,0.04101211950182915
chr13,9,3,6,0.10939547419548035
chr13,9,4,6,0.0007873351569287479
chr13,9,5,6,0.014547781087458134
chr13,9,6,6,0.018726438283920288
chr13,9,7,6,0.04498862847685814
chr13,9,8,6,-0.006565819028764963
chr13,9,9,6,0.006401091814041138
chr13,9,10,6,-0.08146404474973679
chr13,9,11,6,-0.015532647259533405
chr13,10,0,6,-0.012359857559204102
chr13,10,1,6,-0.013536572456359863
chr13,10,2,6,0.007364650722593069
chr13,10,3,6,0.02616018056869507
chr13,10,4,6,-0.00511647155508399
chr13,10,5,6,0.010355513542890549
chr13,10,6,6,-0.03131720796227455
chr13,10,7,6,-0.061541348695755005
chr13,10,8,6,0.0018422106513753533
chr13,10,9,6,-0.005682041402906179
chr13,10,10,6,0.09257078170776367
chr13,10,11,6,0.015101789496839046
chr13,11,0,6,0.0037692685145884752
chr13,11,1,6,-0.11345718055963516
chr13,11,2,6,0.009123802185058594
chr13,11,3,6,0.04818766936659813
chr13,11,4,6,-0.1494952291250229
chr13,11,5,6,0.028417343273758888
chr13,11,6,6,-0.008615861646831036
chr13,11,7,6,0.09361797571182251
chr13,11,8,6,0.03163663670420647
chr13,11,9,6,0.0011154512176290154
chr13,11,10,6,-0.001504232524894178
chr13,11,11,6,0.03604874014854431
chr14,0,0,6,0.01740877889096737
chr14,0,1,6,0.009137570858001709
chr14,0,2,6,0.004406402353197336
chr14,0,3,6,-0.0011190188815817237
chr14,0,4,6,-0.0011788576375693083
chr14,0,5,6,-0.04771463945508003
chr14,0,6,6,-0.043807029724121094
chr14,0,7,6,-0.05526765063405037
chr14,0,8,6,-0.0005866587162017822
chr14,0,9,6,0.01810687780380249
chr14,0,10,6,0.027660543099045753
chr14,0,11,6,0.014419734477996826
chr14,1,0,6,0.0045976839028298855
chr14,1,1,6,0.0034086506348103285
chr14,1,2,6,-0.02594100497663021
chr14,1,3,6,-0.06584826111793518
chr14,1,4,6,0.027373075485229492
chr14,1,5,6,-0.01647447608411312
chr14,1,6,6,0.09654495865106583
chr14,1,7,6,-0.0073597729206085205
chr14,1,8,6,0.011386364698410034
chr14,1,9,6,-0.026191890239715576
chr14,1,10,6,0.00017381708312314004
chr14,1,11,6,0.004693064838647842
chr14,2,0,6,-0.011926829814910889
chr14,2,1,6,-0.014395207166671753
chr14,2,2,6,0.1045975387096405
chr14,2,3,6,-0.39970818161964417
chr14,2,4,6,0.24710506200790405
chr14,2,5,6,0.04229461029171944
chr14,2,6,6,0.029910704120993614
chr14,2,7,6,0.00885795522481203
chr14,2,8,6,0.0221940279006958
chr14,2,9,6,-0.017527958378195763
chr14,2,10,6,-0.19172529876232147
chr14,2,11,6,0.09077107906341553
chr14,3,0,6,0.04765138030052185
chr14,3,1,6,0.07002970576286316
chr14,3,2,6,0.13461710512638092
chr14,3,3,6,0.09586276859045029
chr14,3,4,6,-0.04898630455136299
chr14,3,5,6,0.01627410389482975
chr14,3,6,6,0.06589731574058533
chr14,3,7,6,0.20878177881240845
chr14,3,8,6,0.015489618293941021
chr14,3,9,6,0.024689188227057457
chr14,3,10,6,-0.032183725386857986
chr14,3,11,6,0.0473179928958416
chr14,4,0,6,-0.026195833459496498
chr14,4,1,6,-0.008140914142131805
chr14,4,2,6,0.0026531561743468046
chr14,4,3,6,0.014306393451988697
chr14,4,4,6,0.14371737837791443
chr14,4,5,6,0.029922498390078545
chr14,4,6,6,-0.017985085025429726
chr14,4,7,6,-0.0941907986998558
chr14,4,8,6,0.08467665314674377
chr14,4,9,6,0.2801266610622406
chr14,4,10,6,-0.0098203020170331
chr14,4,11,6,-0.03655843064188957
chr14,5,0,6,0.11570591479539871
chr14,5,1,6,-0.052646834403276443
chr14,5,2,6,-0.08881804347038269
chr14,5,3,6,-0.0033901697024703026
chr14,5,4,6,-0.0010163551196455956
chr14,5,5,6,0.0778910219669342
chr14,5,6,6,-0.05756278336048126
chr14,5,7,6,0.0010826041689142585
chr14,5,8,6,-0.00834617018699646
chr14,5,9,6,-0.05542609095573425
chr14,5,10,6,-0.03531014546751976
chr14,5,11,6,-0.1229587271809578
chr14,6,0,6,0.03137969970703125
chr14,6,1,6,-0.009879868477582932
chr14,6,2,6,0.037627119570970535
chr14,6,3,6,0.06497686356306076
chr14,6,4,6,-0.007358185946941376
chr14,6,5,6,0.07396446913480759
chr14,6,6,6,0.024135082960128784
chr14,6,7,6,-0.07115829735994339
chr14,6,8,6,-0.013982375152409077
chr14,6,9,6,0.11819826811552048
chr14,6,10,6,0.0006182286888360977
chr14,6,11,6,0.038626618683338165
chr14,7,0,6,-0.06486082822084427
chr14,7,1,6,-0.024509349837899208
chr14,7,2,6,-0.0011104345321655273
chr14,7,3,6,0.014228378422558308
chr14,7,4,6,0.006852531339973211
chr14,7,5,6,0.002840499160811305
chr14,7,6,6,0.01447836309671402
chr14,7,7,6,0.07248247414827347
chr14,7,8,6,0.015149484388530254
chr14,7,9,6,0.004994779825210571
chr14,7,10,6,0.031078338623046875
chr14,7,11,6,0.009616429917514324
chr14,8,0,6,-0.09937269240617752
chr14,8,1,6,0.027005473151803017
chr14,8,2,6,0.06973076611757278
chr14,8,3,6,0.007556165102869272
chr14,8,4,6,0.032854463905096054
chr14,8,5,6,-0.01121432799845934
chr14,8,6,6,-0.05459890887141228
chr14,8,7,6,-0.006575740408152342
chr14,8,8,6,0.029098620638251305
chr14,8,9,6,-0.034667015075683594
chr14,8,10,6,-0.005041857715696096
chr14,8,11,6,0.005107601173222065
chr14,9,0,6,0.013912240974605083
chr14,9,1,6,-0.05835534259676933
chr14,9,2,6,-0.16333357989788055
chr14,9,3,6,0.027836382389068604
chr14,9,4,6,0.02819286845624447
chr14,9,5,6,0.02856556512415409
chr14,9,6,6,-0.002739156363531947
chr14,9,7,6,-0.07160111516714096
chr14,9,8,6,0.025161266326904297
chr14,9,9,6,-0.011153618805110455
chr14,9,10,6,-0.038039784878492355
chr14,9,11,6,0.019430646672844887
chr14,10,0,6,-0.011137992143630981
chr14,10,1,6,0.04735088348388672
chr14,10,2,6,-0.014842033386230469
chr14,10,3,6,0.015603271313011646
chr14,10,4,6,0.03710490092635155
chr14,10,5,6,0.035104312002658844
chr14,10,6,6,0.005505748093128204
chr14,10,7,6,0.11533435434103012
chr14,10,8,6,-0.005906681064516306
chr14,10,9,6,0.022106537595391273
chr14,10,10,6,-0.023593157529830933
chr14,10,11,6,0.03289089724421501
chr14,11,0,6,-0.0028619866352528334
chr14,11,1,6,0.08390846103429794
chr14,11,2,6,0.026296159252524376
chr14,11,3,6,-0.0728963240981102
chr14,11,4,6,0.11896184086799622
chr14,11,5,6,-0.17689330875873566
chr14,11,6,6,0.08441180735826492
chr14,11,7,6,0.07750321924686432
chr14,11,8,6,-0.02255653403699398
chr14,11,9,6,0.023831158876419067
chr14,11,10,6,0.025741010904312134
chr14,11,11,6,0.026080280542373657
chr15,0,0,12,0.009296481497585773
chr15,0,1,12,-0.0018589198589324951
chr15,0,2,12,0.01053829025477171
chr15,0,3,12,-0.0011360564967617393
chr15,0,4,12,0.0002599133877083659
chr15,0,5,12,0.04088178649544716
chr15,0,6,12,0.006773074623197317
chr15,0,7,12,0.07776978611946106
chr15,0,8,12,0.0013522058725357056
chr15,0,9,12,0.007755135651677847
chr15,0,10,12,0.013831104151904583
chr15,0,11,12,0.000522613525390625
chr15,1,0,12,0.03706919029355049
chr15,1,1,12,-0.011635382659733295
chr15,1,2,12,-0.021952329203486443
chr15,1,3,12,-0.029341405257582664
chr15,1,4,12,-0.007279766257852316
chr15,1,5,12,-0.00589792663231492
chr15,1,6,12,0.12233033776283264
chr15,1,7,12,-0.033591609448194504
chr15,1,8,12,-0.009180580265820026
chr15,1,9,12,-0.008912578225135803
chr15,1,10,12,-0.007290303707122803
chr15,1,11,12,-0.03175954148173332
chr15,2,0,12,-0.0038704872131347656
chr15,2,1,12,0.22598476707935333
chr15,2,2,12,0.06673207134008408
chr15,2,3,12,-0.028462067246437073
chr15,2,4,12,-0.01923503540456295
chr15,2,5,12,0.24964356422424316
chr15,2,6,12,0.08095734566450119
chr15,2,7,12,-0.01902816630899906
chr15,2,8,12,0.007988055236637592
chr15,2,9,12,-0.04406629875302315
chr15,2,10,12,-0.10971856862306595
chr15,2,11,12,0.11329031735658646
chr15,3,0,12,0.0012518912553787231
chr15,3,1,12,0.14965759217739105
chr15,3,2,12,0.1985374242067337
chr15,3,3,12,0.1102604866027832
chr15,3,4,12,-0.017283329740166664
chr15,3,5,12,0.0787806585431099
chr15,3,6,12,0.009175191633403301
chr15,3,7,12,0.17755962908267975
chr15,3,8,12,0.008688658475875854
chr15,3,9,12,0.06142610311508179
chr15,3,10,12,0.03580419719219208
chr15,3,11,12,0.022435618564486504
chr15,4,0,12,0.040530864149332047
chr15,4,1,12,0.026021918281912804
chr15,4,2,12,0.07583548873662949
chr15,4,3,12,0.028212228789925575
chr15,4,4,12,0.055395349860191345
chr15,4,5,12,-0.006159702315926552
chr15,4,6,12,-0.030329236760735512
chr15,4,7,12,0.44248783588409424
chr15,4,8,12,0.050170931965112686
chr15,4,9,12,0.09463701397180557
chr15,4,10,12,0.10428597778081894
chr15,4,11,12,0.07202233374118805
chr15,5,0,12,0.04233255609869957
chr15,5,1,12,0.008484755642712116
chr15,5,2,12,0.07463393360376358
chr15,5,3,12,0.012754046358168125
chr15,5,4,12,0.1606849581003189
chr15,5,5,12,0.07087880373001099
chr15,5,6,12,0.06629135459661484
chr15,5,7,12,0.08225569128990173
chr15,5,8,12,0.002793068764731288
chr15,5,9,12,0.11747532337903976
chr15,5,10,12,0.08230029046535492
chr15,5,11,12,-0.02116493135690689
chr15,6,0,12,0.040127385407686234
chr15,6,1,12,-0.03460937738418579
chr15,6,2,12,0.05541917681694031
chr15,6,3,12,0.30748170614242554
chr15,6,4,12,0.025389373302459717
chr15,6,5,12,-0.014147336594760418
chr15,6,6,12,0.20088441669940948
chr15,6,7,12,-0.14925970137119293
chr15,6,8,12,0.022963663563132286
chr15,6,9,12,0.07651954144239426
chr15,6,10,12,0.048789408057928085
chr15,6,11,12,0.012797669507563114
chr15,7,0,12,-0.01791366934776306
chr15,7,1,12,-0.2625977694988251
chr15,7,2,12,-0.013938739895820618
chr15,7,3,12,-0.15112431347370148
chr15,7,4,12,-0.005777356680482626
chr15,7,5,12,-0.08947207778692245
chr15,7,6,12,-0.03554503992199898
chr15,7,7,12,-0.07001394778490067
chr15,7,8,12,-0.010147462598979473
chr15,7,9,12,0.014640137553215027
chr15,7,10,12,-0.31112274527549744
chr15,7,11,12,-0.21972788870334625
chr15,8,0,12,0.03145007789134979
chr15,8,1,12,0.058512505143880844
chr15,8,2,12,-0.05996442958712578
chr15,8,3,12,0.026932569220662117
chr15,8,4,12,0.0394446961581707
chr15,8,5,12,0.03172163665294647
chr15,8,6,12,0.02568213641643524
chr15,8,7,12,0.039876263588666916
chr15,8,8,12,0.005448708776384592
chr15,8,9,12,0.002268582582473755
chr15,8,10,12,0.05881750211119652
chr15,8,11,12,-0.001494192169047892
chr15,9,0,12,0.1002592071890831
chr15,9,1,12,0.004500398878008127
chr15,9,2,12,0.03595736250281334
chr15,9,3,12,0.0508134551346302
chr15,9,4,12,0.028799382969737053
chr15,9,5,12,0.01786208711564541
chr15,9,6,12,-0.056902822107076645
chr15,9,7,12,0.06421563774347305
chr15,9,8,12,-0.010886396281421185
chr15,9,9,12,-0.0009188850526697934
chr15,9,10,12,-0.028291547670960426
chr15,9,11,12,-0.029098376631736755
chr15,10,0,12,0.0195337925106287
chr15,10,1,12,0.05673552677035332
chr15,10,2,12,0.012182827107608318
chr15,10,3,12,-0.04298790171742439
chr15,10,4,12,-0.021607892587780952
chr15,10,5,12,0.04380127415060997
chr15,10,6,12,-0.05407803878188133
chr15,10,7,12,-0.08573585748672485
chr15,10,8,12,-0.0009015947580337524
chr15,10,9,12,-0.006859863642603159
chr15,10,10,12,0.06936436146497726
chr15,10,11,12,-0.03274489566683769
chr15,11,0,12,-0.013775557279586792
chr15,11,1,12,-0.03747173026204109
chr15,11,2,12,-0.016812419518828392
chr15,11,3,12,0.012803427875041962
chr15,11,4,12,0.004609296564012766
chr15,11,5,12,0.04079781845211983
chr15,11,6,12,0.057979702949523926
chr15,11,7,12,0.052579570561647415
chr15,11,8,12,-0.003900985000655055
chr15,11,9,12,-0.020892435684800148
chr15,11,10,12,-0.015133584849536419
chr15,11,11,12,-0.03687196597456932
chr16,0,0,12,-0.005974287632852793
chr16,0,1,12,-0.003769218921661377
chr16,0,2,12,-0.018842196092009544
chr16,0,3,12,0.007548011373728514
chr16,0,4,12,0.0011733454884961247
chr16,0,5,12,-0.0037238597869873047
chr16,0,6,12,-0.027704978361725807
chr16,0,7,12,0.09498763084411621
chr16,0,8,12,-0.0026749621611088514
chr16,0,9,12,-0.0024883945006877184
chr16,0,10,12,0.019874243065714836
chr16,0,11,12,-0.00581929087638855
chr16,1,0,12,0.05896234139800072
chr16,1,1,12,0.011643637903034687
chr16,1,2,12,-0.07040292769670486
chr16,1,3,12,-0.019938001409173012
chr16,1,4,12,0.01161227747797966
chr16,1,5,12,0.04739251360297203
chr16,1,6,12,0.012035024352371693
chr16,1,7,12,0.0595879890024662
chr16,1,8,12,-0.010434776544570923
chr16,1,9,12,0.04092274606227875
chr16,1,10,12,0.007285892963409424
chr16,1,11,12,-0.0028819218277931213
chr16,2,0,12,-0.005977591034024954
chr16,2,1,12,0.07102147489786148
chr16,2,2,12,0.0780072957277298
chr16,2,3,12,-0.08964123576879501
chr16,2,4,12,0.09230934828519821
chr16,2,5,12,0.10491365194320679
chr16,2,6,12,-0.001165280700661242
chr16,2,7,12,0.041524309664964676
chr16,2,8,12,-0.018776029348373413
chr16,2,9,12,-0.01740950345993042
chr16,2,10,12,-0.21539311110973358
chr16,2,11,12,0.06472108513116837
chr16,3,0,12,-0.00252581131644547
chr16,3,1,12,0.03029959835112095
chr16,3,2,12,0.03729444369673729
chr16,3,3,12,0.06326702237129211
chr16,3,4,12,-0.03684992715716362
chr16,3,5,12,0.12069472670555115
chr16,3,6,12,0.054323792457580566
chr16,3,7,12,0.07669272273778915
chr16,3,8,12,0.009698738344013691
chr16,3,9,12,-0.033131375908851624
chr16,3,10,12,-0.01184872817248106
chr16,3,11,12,0.034227896481752396
chr16,4,0,12,-0.013181455433368683
chr16,4,1,12,-0.023401504382491112
chr16,4,2,12,0.007700157817453146
chr16,4,3,12,-0.0002211794926552102
chr16,4,4,12,0.03698033094406128
chr16,4,5,12,-0.030628463253378868
chr16,4,6,12,-0.025804618373513222
chr16,4,7,12,0.03542541339993477
chr16,4,8,12,0.009395281784236431
chr16,4,9,12,0.05077191814780235
chr16,4,10,12,-0.0808437168598175
chr16,4,11,12,0.0075678396970033646
chr16,5,0,12,0.08625543862581253
chr16,5,1,12,-0.035113897174596786
chr16,5,2,12,0.022286221385002136
chr16,5,3,12,-0.00259366980753839
chr16,5,4,12,0.028492383658885956
chr16,5,5,12,0.016088351607322693
chr16,5,6,12,-0.04945608600974083
chr16,5,7,12,0.0414656363427639
chr16,5,8,12,0.012603506445884705
chr16,5,9,12,-0.04524393752217293
chr16,5,10,12,0.037164729088544846
chr16,5,11,12,0.021574124693870544
chr16,6,0,12,0.03686926141381264
chr16,6,1,12,-0.004045892972499132
chr16,6,2,12,0.05129217728972435
chr16,6,3,12,0.20292872190475464
chr16,6,4,12,0.015383155085146427
chr16,6,5,12,0.04473484680056572
chr16,6,6,12,0.0602511428296566
chr16,6,7,12,-0.032438911497592926
chr16,6,8,12,-0.007569109555333853
chr16,6,9,12,0.08392796665430069
chr16,6,10,12,0.00799899734556675
chr16,6,11,12,0.06046733260154724
chr16,7,0,12,0.021826187148690224
chr16,7,1,12,0.13446739315986633
chr16,7,2,12,-0.02680124342441559
chr16,7,3,12,0.07000730186700821
chr16,7,4,12,0.0008070511394180357
chr16,7,5,12,-0.058789122849702835
chr16,7,6,12,0.059100497514009476
chr16,7,7,12,0.07716520130634308
chr16,7,8,12,-0.0027657102327793837
chr16,7,9,12,0.018464768305420876
chr16,7,10,12,0.20786553621292114
chr16,7,11,12,0.05516867712140083
chr16,8,0,12,0.03216228261590004
chr16,8,1,12,-0.00994698703289032
chr16,8,2,12,0.10848047584295273
chr16,8,3,12,0.005704426672309637
chr16,8,4,12,0.010076340287923813
chr16,8,5,12,0.020873090252280235
chr16,8,6,12,0.037567317485809326
chr16,8,7,12,-0.0003728112205862999
chr16,8,8,12,-0.020711833611130714
chr16,8,9,12,-0.01078342366963625
chr16,8,10,12,0.0410306453704834
chr16,8,11,12,0.0069394768215715885
chr16,9,0,12,-0.04732384905219078
chr16,9,1,12,0.0161468293517828
chr16,9,2,12,-0.022777095437049866
chr16,9,3,12,-0.012999054975807667
chr16,9,4,12,-0.005438982043415308
chr16,9,5,12,-0.018495749682188034
chr16,9,6,12,-0.06630978733301163
chr16,9,7,12,0.008901111781597137
chr16,9,8,12,-0.00021526713680941612
chr16,9,9,12,-0.0021311442833393812
chr16,9,10,12,-0.01836187206208706
chr16,9,11,12,0.021855974569916725
chr16,10,0,12,0.018400808796286583
chr16,10,1,12,-0.02264489233493805
chr16,10,2,12,-0.020306378602981567
chr16,10,3,12,0.0005984430317766964
chr16,10,4,12,-0.05439702793955803
chr16,10,5,12,-0.005290735512971878
chr16,10,6,12,-0.011563469655811787
chr16,10,7,12,0.0002446100115776062
chr16,10,8,12,0.0013629645109176636
chr16,10,9,12,0.0004933227901346982
chr16,10,10,12,-0.030150318518280983
chr16,10,11,12,0.026300201192498207
chr16,11,0,12,0.001010055304504931
chr16,11,1,12,-0.025512849912047386
chr16,11,2,12,-0.012078826315701008
chr16,11,3,12,-0.019853239879012108
chr16,11,4,12,-0.033803414553403854
chr16,11,5,12,0.1277492791414261
chr16,11,6,12,0.027721449732780457
chr16,11,7,12,0.09451288729906082
chr16,11,8,12,-0.0325121134519577
chr16,11,9,12,-0.001075421809218824
chr16,11,10,12,-0.010573218576610088
chr16,11,11,12,-0.04348136857151985
chr17,0,0,13,-0.022460492327809334
chr17,0,1,13,-0.00502552418038249
chr17,0,2,13,0.004740705713629723
chr17,0,3,13,-0.00418718159198761
chr17,0,4,13,-0.0003513636183924973
chr17,0,5,13,0.0017662644386291504
chr17,0,6,13,-0.0011013608891516924
chr17,0,7,13,-0.011046812869608402
chr17,0,8,13,0.002126455307006836
chr17,0,9,13,-0.002193230902776122
chr17,0,10,13,-0.013494368642568588
chr17,0,11,13,-0.003614366054534912
chr17,1,0,13,0.006318239029496908
chr17,1,1,13,0.03821595758199692
chr17,1,2,13,-0.019773460924625397
chr17,1,3,13,0.007639000192284584
chr17,1,4,13,-0.02855992317199707
chr17,1,5,13,0.003817759919911623
chr17,1,6,13,-0.04950626194477081
chr17,1,7,13,0.0007101297378540039
chr17,1,8,13,-0.013485156930983067
chr17,1,9,13,0.008011643774807453
chr17,1,10,13,-0.003866805462166667
chr17,1,11,13,-0.057833150029182434
chr17,2,0,13,0.019649211317300797
chr17,2,1,13,-0.0015343519626185298
chr17,2,2,13,0.057800717651844025
chr17,2,3,13,-0.1979609578847885
chr17,2,4,13,0.08075590431690216
chr17,2,5,13,-0.0002599358558654785
chr17,2,6,13,0.054266512393951416
chr17,2,7,13,-0.0010488125262781978
chr17,2,8,13,-0.05489364638924599
chr17,2,9,13,0.005454361438751221
chr17,2,10,13,-0.1105455681681633
chr17,2,11,13,0.17024506628513336
chr17,3,0,13,0.025982750579714775
chr17,3,1,13,-0.0025658858940005302
chr17,3,2,13,0.11621170490980148
chr17,3,3,13,0.06083441153168678
chr17,3,4,13,-0.030992407351732254
chr17,3,5,13,-0.0252036452293396
chr17,3,6,13,0.028033921495079994
chr17,3,7,13,0.011828441172838211
chr17,3,8,13,0.004202842712402344
chr17,3,9,13,0.07215024530887604
chr17,3,10,13,0.001324699493125081
chr17,3,11,13,0.0602380707859993
chr17,4,0,13,0.0044026970863342285
chr17,4,1,13,-0.04459131509065628
chr17,4,2,13,-0.014333690516650677
chr17,4,3,13,-0.011247975751757622
chr17,4,4,13,0.04547969251871109
chr17,4,5,13,-0.03616136685013771
chr17,4,6,13,0.0451483316719532
chr17,4,7,13,0.04448671638965607
chr17,4,8,13,0.03855488449335098
chr17,4,9,13,0.09217919409275055
chr17,4,10,13,-0.13079538941383362
chr17,4,11,13,-0.04392862319946289
chr17,5,0,13,0.06628252565860748
chr17,5,1,13,-0.01230349950492382
chr17,5,2,13,-0.0012207305990159512
chr17,5,3,13,-0.0025043529458343983
chr17,5,4,13,-0.06703914701938629
chr17,5,5,13,0.06593627482652664
chr17,5,6,13,-0.01757712848484516
chr17,5,7,13,0.022347761318087578
chr17,5,8,13,0.014841120690107346
chr17,5,9,13,-0.07541383057832718
chr17,5,10,13,-0.05224928632378578
chr17,5,11,13,-0.0377235971391201
chr17,6,0,13,-0.05541641265153885
chr17,6,1,13,0.0092827919870615
chr17,6,2,13,0.021019455045461655
chr17,6,3,13,-0.08355461061000824
chr17,6,4,13,0.01717463508248329
chr17,6,5,13,0.03785964101552963
chr17,6,6,13,-0.02866683527827263
chr17,6,7,13,0.04173702001571655
chr17,6,8,13,0.011049270629882812
chr17,6,9,13,0.08640912920236588
chr17,6,10,13,-0.014961342327296734
chr17,6,11,13,0.06981270760297775
chr17,7,0,13,0.027657510712742805
chr17,7,1,13,0.19153240323066711
chr17,7,2,13,0.0443420484662056
chr17,7,3,13,0.13155946135520935
chr17,7,4,13,0.01583196222782135
chr17,7,5,13,0.059237513691186905
chr17,7,6,13,0.06391330063343048
chr17,7,7,13,0.08213979750871658
chr17,7,8,13,0.004817870911210775
chr17,7,9,13,0.03939080238342285
chr17,7,10,13,0.2887822985649109
chr17,7,11,13,0.1921594887971878
chr17,8,0,13,0.06770985573530197
chr17,8,1,13,-0.057348888367414474
chr17,8,2,13,0.4042757451534271
chr17,8,3,13,0.0025667576119303703
chr17,8,4,13,0.07236642390489578
chr17,8,5,13,0.011930277571082115
chr17,8,6,13,0.04519995301961899
chr17,8,7,13,-0.0018087774515151978
chr17,8,8,13,-0.018137825652956963
chr17,8,9,13,0.024645689874887466
chr17,8,10,13,0.002563036512583494
chr17,8,11,13,0.035931382328271866
chr17,9,0,13,-0.03324824944138527
chr17,9,1,13,0.07892762869596481
chr17,9,2,13,0.09434457868337631
chr17,9,3,13,0.13833869993686676
chr17,9,4,13,0.008770653046667576
chr17,9,5,13,-0.006472568027675152
chr17,9,6,13,0.08481865376234055
chr17,9,7,13,0.006657699588686228
chr17,9,8,13,0.005761261098086834
chr17,9,9,13,0.014641482383012772
chr17,9,10,13,-0.03684554621577263
chr17,9,11,13,0.06865117698907852
chr17,10,0,13,0.0506705678999424
chr17,10,1,13,0.030239807441830635
chr17,10,2,13,0.003483217442408204
chr17,10,3,13,0.040648452937603
chr17,10,4,13,0.007846992462873459
chr17,10,5,13,-0.011337904259562492
chr17,10,6,13,-0.029450519010424614
chr17,10,7,13,0.09724128246307373
chr17,10,8,13,0.0009990471880882978
chr17,10,9,13,0.003732190700247884
chr17,10,10,13,0.0005823098472319543
chr17,10,11,13,0.05496734753251076
chr17,11,0,13,0.003806618507951498
chr17,11,1,13,0.03622911870479584
chr17,11,2,13,0.006222252734005451
chr17,11,3,13,0.017117392271757126
chr17,11,4,13,0.021525021642446518
chr17,11,5,13,0.01669524423778057
chr17,11,6,13,0.010392596945166588
chr17,11,7,13,0.06569205969572067
chr17,11,8,13,0.00229463679715991
chr17,11,9,13,0.00610187416896224
chr17,11,10,13,0.025742599740624428
chr17,11,11,13,0.06343282014131546
chr18,0,0,4,-0.023733854293823242
chr18,0,1,4,0.005615904927253723
chr18,0,2,4,-0.017832830548286438
chr18,0,3,4,-0.0041214823722839355
chr18,0,4,4,-0.00015163782518357038
chr18,0,5,4,-0.013100415468215942
chr18,0,6,4,0.02750079333782196
chr18,0,7,4,-0.0824461430311203
chr18,0,8,4,-0.004624664783477783
chr18,0,9,4,-0.005624443292617798
chr18,0,10,4,-0.027847599238157272
chr18,0,11,4,-0.022664472460746765
chr18,1,0,4,0.04413942992687225
chr18,1,1,4,-0.08441255986690521
chr18,1,2,4,0.11646226048469543
chr18,1,3,4,-0.08919417858123779
chr18,1,4,4,-0.23698943853378296
chr18,1,5,4,-0.03059818595647812
chr18,1,6,4,-0.10578141361474991
chr18,1,7,4,-0.02339707314968109
chr18,1,8,4,-0.0016570687294006348
chr18,1,9,4,-0.029828861355781555
chr18,1,10,4,0.0066487789154052734
chr18,1,11,4,-0.023524895310401917
chr18,2,0,4,-0.03304111957550049
chr18,2,1,4,0.19088776409626007
chr18,2,2,4,-0.07868172228336334
chr18,2,3,4,-0.03020608425140381
chr18,2,4,4,0.009479284286499023
chr18,2,5,4,-0.104447141289711
chr18,2,6,4,0.004626214504241943
chr18,2,7,4,0.006685882806777954
chr18,2,8,4,-0.022736355662345886
chr18,2,9,4,-0.017277613282203674
chr18,2,10,4,-0.0582582950592041
chr18,2,11,4,0.13604646921157837
chr18,3,0,4,-0.027689501643180847
chr18,3,1,4,-0.07957538962364197
chr18,3,2,4,0.16636183857917786
chr18,3,3,4,0.10422840714454651
chr18,3,4,4,0.04767335578799248
chr18,3,5,4,0.11013840138912201
chr18,3,6,4,0.04487621784210205
chr18,3,7,4,0.1509360522031784
chr18,3,8,4,-0.00720040500164032
chr18,3,9,4,0.10961514711380005
chr18,3,10,4,-0.11433544754981995
chr18,3,11,4,-0.0007437616586685181
chr18,4,0,4,0.17955328524112701
chr18,4,1,4,-0.02289082109928131
chr18,4,2,4,0.06269773095846176
chr18,4,3,4,0.031377650797367096
chr18,4,4,4,0.12150852382183075
chr18,4,5,4,-0.07915817201137543
chr18,4,6,4,-0.15388603508472443
chr18,4,7,4,0.2808411121368408
chr18,4,8,4,0.1383688747882843
chr18,4,9,4,0.24739210307598114
chr18,4,10,4,0.03596729040145874
chr18,4,11,4,-0.004359149374067783
chr18,5,0,4,-0.31889450550079346
chr18,5,1,4,-0.05353038012981415
chr18,5,2,4,-0.15026432275772095
chr18,5,3,4,-0.004625563509762287
chr18,5,4,4,-0.2099686563014984
chr18,5,5,4,-0.12480922043323517
chr18,5,6,4,0.014513075351715088
chr18,5,7,4,0.0010282769799232483
chr18,5,8,4,-0.026063650846481323
chr18,5,9,4,-0.030008956789970398
chr18,5,10,4,-0.1198362410068512
chr18,5,11,4,-0.3071838617324829
chr18,6,0,4,-0.06641411781311035
chr18,6,1,4,-0.005843811202794313
chr18,6,2,4,0.050678446888923645
chr18,6,3,4,-0.17164316773414612
chr18,6,4,4,-0.01715002954006195
chr18,6,5,4,-0.00045728497207164764
chr18,6,6,4,-0.029097339138388634
chr18,6,7,4,-0.0008547939360141754
chr18,6,8,4,-0.0021238625049591064
chr18,6,9,4,-0.23225870728492737
chr18,6,10,4,-0.03379717469215393
chr18,6,11,4,-0.03279402479529381
chr18,7,0,4,-0.13870121538639069
chr18,7,1,4,-0.4122965335845947
chr18,7,2,4,0.056307628750801086
chr18,7,3,4,-0.17671164870262146
chr18,7,4,4,-0.04004918038845062
chr18,7,5,4,-0.06143037974834442
chr18,7,6,4,-0.5778721570968628
chr18,7,7,4,-0.038698066025972366
chr18,7,8,4,-0.0005108267068862915
chr18,7,9,4,0.016877517104148865
chr18,7,10,4,-0.5518432855606079
chr18,7,11,4,-0.13614913821220398
chr18,8,0,4,-0.13688670098781586
chr18,8,1,4,0.07835370302200317
chr18,8,2,4,-0.3407091200351715
chr18,8,3,4,-0.07820960879325867
chr18,8,4,4,-0.2545091509819031
chr18,8,5,4,-0.017155494540929794
chr18,8,6,4,0.01832105591893196
chr18,8,7,4,0.012635763734579086
chr18,8,8,4,-0.014329656958580017
chr18,8,9,4,-0.026569947600364685
chr18,8,10,4,0.09902861714363098
chr18,8,11,4,-0.030409950762987137
chr18,9,0,4,-0.015977054834365845
chr18,9,1,4,-0.16708198189735413
chr18,9,2,4,-0.12386107444763184
chr18,9,3,4,-0.3131505846977234
chr18,9,4,4,-0.06171270087361336
chr18,9,5,4,0.024213099852204323
chr18,9,6,4,-0.06810396164655685
chr18,9,7,4,0.03768055886030197
chr18,9,8,4,-0.0016001313924789429
chr18,9,9,4,-0.011628031730651855
chr18,9,10,4,-0.03694118559360504
chr18,9,11,4,-0.12105171382427216
chr18,10,0,4,-0.03762859106063843
chr18,10,1,4,-0.006503298878669739
chr18,10,2,4,0.010574832558631897
chr18,10,3,4,-0.06490853428840637
chr18,10,4,4,0.03929169476032257
chr18,10,5,4,-0.014287810772657394
chr18,10,6,4,-0.007285600528120995
chr18,10,7,4,-0.06408989429473877
chr18,10,8,4,-0.004049718379974365
chr18,10,9,4,0.0017489492893218994
chr18,10,10,4,-0.03800395131111145
chr18,10,11,4,-0.1473742425441742
chr18,11,0,4,-0.006328597664833069
chr18,11,1,4,0.0022118985652923584
chr18,11,2,4,-0.02951592206954956
chr18,11,3,4,-0.03438825160264969
chr18,11,4,4,-0.05258401483297348
chr18,11,5,4,-0.15488018095493317
chr18,11,6,4,-0.0836142972111702
chr18,11,7,4,-0.19945447146892548
chr18,11,8,4,0.03846880793571472
chr18,11,9,4,-0.003803342580795288
chr18,11,10,4,0.027751371264457703
chr18,11,11,4,-0.07241520285606384
chr19,0,0,10,-0.02415832318365574
chr19,0,1,10,-0.004116004798561335
chr19,0,2,10,0.00024242997460532933
chr19,0,3,10,-0.002033072058111429
chr19,0,4,10,4.698811244452372e-05
chr19,0,5,10,0.01923547312617302
chr19,0,6,10,-0.02436271868646145
chr19,0,7,10,0.04799832031130791
chr19,0,8,10,-0.0005597948911599815
chr19,0,9,10,0.007479864172637463
chr19,0,10,10,-0.010679284110665321
chr19,0,11,10,-0.006628811359405518
chr19,1,0,10,0.06989391893148422
chr19,1,1,10,-0.06347157061100006
chr19,1,2,10,0.0020198195707052946
chr19,1,3,10,-0.062058787792921066
chr19,1,4,10,0.03792358562350273
chr19,1,5,10,-0.007596320006996393
chr19,1,6,10,0.02445215731859207
chr19,1,7,10,0.00959960836917162
chr19,1,8,10,0.007894391193985939
chr19,1,9,10,0.02694401703774929
chr19,1,10,10,-0.020358150824904442
chr19,1,11,10,-0.06479483842849731
chr19,2,0,10,-0.02253829874098301
chr19,2,1,10,-0.02954774536192417
chr19,2,2,10,0.013944906182587147
chr19,2,3,10,-0.22145560383796692
chr19,2,4,10,0.13330528140068054
chr19,2,5,10,0.08112411946058273
chr19,2,6,10,0.06598631292581558
chr19,2,7,10,-0.002169304993003607
chr19,2,8,10,-0.01864069700241089
chr19,2,9,10,-0.010039794258773327
chr19,2,10,10,-0.17547746002674103
chr19,2,11,10,0.0009167104726657271
chr19,3,0,10,-0.012558793649077415
chr19,3,1,10,-0.033439673483371735
chr19,3,2,10,0.06706379354000092
chr19,3,3,10,0.07177262008190155
chr19,3,4,10,-0.05437351018190384
chr19,3,5,10,-0.12711915373802185
chr19,3,6,10,0.09826649725437164
chr19,3,7,10,0.026455771178007126
chr19,3,8,10,-0.014239358715713024
chr19,3,9,10,-0.05841953679919243
chr19,3,10,10,-0.09212090075016022
chr19,3,11,10,-0.006910407450050116
chr19,4,0,10,-0.04680028557777405
chr19,4,1,10,0.0008255407446995378
chr19,4,2,10,0.02426551841199398
chr19,4,3,10,0.018573518842458725
chr19,4,4,10,0.11492905765771866
chr19,4,5,10,-0.006252981722354889
chr19,4,6,10,-0.013908416032791138
chr19,4,7,10,0.0020083158742636442
chr19,4,8,10,-0.04373364523053169
chr19,4,9,10,0.0126930121332407
chr19,4,10,10,-0.18260517716407776
chr19,4,11,10,-0.032079555094242096
chr19,5,0,10,-0.08818833529949188
chr19,5,1,10,-0.013045328669250011
chr19,5,2,10,-0.03620379418134689
chr19,5,3,10,-0.002945303451269865
chr19,5,4,10,-0.04711354523897171
chr19,5,5,10,0.03311377018690109
chr19,5,6,10,-0.09459273517131805
chr19,5,7,10,-0.013142024166882038
chr19,5,8,10,-0.0011990308994427323
chr19,5,9,10,-0.024501770734786987
chr19,5,10,10,0.0034633874893188477
chr19,5,11,10,-0.17561279237270355
chr19,6,0,10,0.02660542167723179
chr19,6,1,10,0.01041044294834137
chr19,6,2,10,0.058858901262283325
chr19,6,3,10,0.1311306208372116
chr19,6,4,10,0.016710693016648293
chr19,6,5,10,0.02349652536213398
chr19,6,6,10,0.006165292114019394
chr19,6,7,10,0.013568016700446606
chr19,6,8,10,-0.015472847037017345
chr19,6,9,10,-0.04332864284515381
chr19,6,10,10,0.026233896613121033
chr19,6,11,10,0.02181645855307579
chr19,7,0,10,-0.025311898440122604
chr19,7,1,10,0.10818968713283539
chr19,7,2,10,-0.015113377943634987
chr19,7,3,10,0.05926976352930069
chr19,7,4,10,0.005487191490828991
chr19,7,5,10,-0.07506113499403
chr19,7,6,10,0.07902093976736069
chr19,7,7,10,0.05449927598237991
chr19,7,8,10,0.0020589411724358797
chr19,7,9,10,-0.03287538141012192
chr19,7,10,10,0.15152987837791443
chr19,7,11,10,0.05519461631774902
chr19,8,0,10,-0.034108228981494904
chr19,8,1,10,0.03606897592544556
chr19,8,2,10,-0.033610619604587555
chr19,8,3,10,0.010194283910095692
chr19,8,4,10,-0.04865222051739693
chr19,8,5,10,0.006005081348121166
chr19,8,6,10,0.033721793442964554
chr19,8,7,10,0.01664314977824688
chr19,8,8,10,0.043441545218229294
chr19,8,9,10,-0.02068985067307949
chr19,8,10,10,0.02236626110970974
chr19,8,11,10,0.008914263918995857
chr19,9,0,10,-0.02393374964594841
chr19,9,1,10,-0.011972797103226185
chr19,9,2,10,0.025232207030057907
chr19,9,3,10,-0.1322104036808014
chr19,9,4,10,-0.012592310085892677
chr19,9,5,10,-0.012570396065711975
chr19,9,6,10,0.0015852093929424882
chr19,9,7,10,0.016825981438159943
chr19,9,8,10,0.0008562087896279991
chr19,9,9,10,0.010987430810928345
chr19,9,10,10,-0.040781788527965546
chr19,9,11,10,0.011538438498973846
chr19,10,0,10,-0.011462843045592308
chr19,10,1,10,0.006959193851798773
chr19,10,2,10,-0.046770401298999786
chr19,10,3,10,-0.0033196762669831514
chr19,10,4,10,-0.019962863996624947
chr19,10,5,10,0.017894506454467773
chr19,10,6,10,0.054812170565128326
chr19,10,7,10,0.10586687177419662
chr19,10,8,10,0.0006992399576120079
chr19,10,9,10,-0.0017994105583056808
chr19,10,10,10,-0.012843591161072254
chr19,10,11,10,-0.0027460947167128325
chr19,11,0,10,-0.00014570355415344238
chr19,11,1,10,-0.06421840190887451
chr19,11,2,10,0.004257309250533581
chr19,11,3,10,0.04268001392483711
chr19,11,4,10,0.08792629092931747
chr19,11,5,10,-0.10349680483341217
chr19,11,6,10,0.07527458667755127
chr19,11,7,10,0.07210936397314072
chr19,11,8,10,-0.03749098628759384
chr19,11,9,10,-0.0015016257530078292
chr19,11,10,10,-0.06219356134533882
chr19,11,11,10,-0.051214419305324554
chr2,0,0,19,0.00030629572574980557
chr2,0,1,19,0.005271557252854109
chr2,0,2,19,0.012757273390889168
chr2,0,3,19,-0.005161512177437544
chr2,0,4,19,-0.0002640468010213226
chr2,0,5,19,0.03624764829874039
chr2,0,6,19,0.039556603878736496
chr2,0,7,19,-0.012454855255782604
chr2,0,8,19,0.005961047951132059
chr2,0,9,19,0.0057871718890964985
chr2,0,10,19,-0.016275716945528984
chr2,0,11,19,0.00630549993366003
chr2,1,0,19,0.0017662927275523543
chr2,1,1,19,0.0020174665842205286
chr2,1,2,19,-0.03436410427093506
chr2,1,3,19,-0.014945422299206257
chr2,1,4,19,0.024700433015823364
chr2,1,5,19,-0.008985633961856365
chr2,1,6,19,0.00277385744266212
chr2,1,7,19,0.02182534895837307
chr2,1,8,19,0.0018641195492818952
chr2,1,9,19,0.013785666786134243
chr2,1,10,19,-0.0027698937337845564
chr2,1,11,19,-0.028897441923618317
chr2,2,0,19,-0.004888314753770828
chr2,2,1,19,-0.07204770296812057
chr2,2,2,19,0.11084653437137604
chr2,2,3,19,0.046076223254203796
chr2,2,4,19,0.029442695900797844
chr2,2,5,19,0.14243972301483154
chr2,2,6,19,-0.009261266328394413
chr2,2,7,19,-0.007448243442922831
chr2,2,8,19,0.03180438280105591
chr2,2,9,19,0.014357023872435093
chr2,2,10,19,-0.12044983357191086
chr2,2,11,19,0.07142263650894165
chr2,3,0,19,0.0616283155977726
chr2,3,1,19,0.0447605662047863
chr2,3,2,19,0.11774300038814545
chr2,3,3,19,0.061993662267923355
chr2,3,4,19,-0.013604633510112762
chr2,3,5,19,0.05442230403423309
chr2,3,6,19,0.0078330859541893
chr2,3,7,19,0.04408583790063858
chr2,3,8,19,0.02275422401726246
chr2,3,9,19,0.03283197805285454
chr2,3,10,19,0.050434309989213943
chr2,3,11,19,0.03953670710325241
chr2,4,0,19,-0.004953967873007059
chr2,4,1,19,0.004908173345029354
chr2,4,2,19,0.013624158687889576
chr2,4,3,19,0.01153417769819498
chr2,4,4,19,0.045704539865255356
chr2,4,5,19,-0.05350435525178909
chr2,4,6,19,-7.373251719400287e-05
chr2,4,7,19,0.1181698814034462
chr2,4,8,19,0.048920728266239166
chr2,4,9,19,0.06819483637809753
chr2,4,10,19,-0.036899711936712265
chr2,4,11,19,-0.005082320421934128
chr2,5,0,19,0.08107861876487732
chr2,5,1,19,0.022463606670498848
chr2,5,2,19,0.014462389051914215
chr2,5,3,19,0.001866792794317007
chr2,5,4,19,0.05471332371234894
chr2,5,5,19,0.13771042227745056
chr2,5,6,19,0.01522077526897192
chr2,5,7,19,0.013869172893464565
chr2,5,8,19,0.007264397572726011
chr2,5,9,19,0.02591567300260067
chr2,5,10,19,-0.019777454435825348
chr2,5,11,19,0.0011418289504945278
chr2,6,0,19,0.005648958031088114
chr2,6,1,19,0.006069457158446312
chr2,6,2,19,0.055244188755750656
chr2,6,3,19,0.30841705203056335
chr2,6,4,19,0.015703439712524414
chr2,6,5,19,0.029428714886307716
chr2,6,6,19,0.11597128957509995
chr2,6,7,19,-0.019741490483283997
chr2,6,8,19,0.012179014272987843
chr2,6,9,19,0.13396921753883362
chr2,6,10,19,0.048604171723127365
chr2,6,11,19,0.07530722767114639
chr2,7,0,19,0.043192557990550995
chr2,7,1,19,0.09438550472259521
chr2,7,2,19,0.0093937236815691
chr2,7,3,19,0.0987938940525055
chr2,7,4,19,-0.037102747708559036
chr2,7,5,19,-0.08481130003929138
chr2,7,6,19,0.1358204334974289
chr2,7,7,19,0.13157372176647186
chr2,7,8,19,0.018405679613351822
chr2,7,9,19,0.039857037365436554
chr2,7,10,19,0.06683867424726486
chr2,7,11,19,0.11685831844806671
chr2,8,0,19,0.022729121148586273
chr2,8,1,19,0.03954698517918587
chr2,8,2,19,-0.06596817821264267
chr2,8,3,19,0.03206859901547432
chr2,8,4,19,0.02162897028028965
chr2,8,5,19,0.012183565646409988
chr2,8,6,19,-0.001955025363713503
chr2,8,7,19,-0.022678792476654053
chr2,8,8,19,-0.009545871987938881
chr2,8,9,19,-0.0010204691207036376
chr2,8,10,19,0.08475597202777863
chr2,8,11,19,-0.016769492998719215
chr2,9,0,19,-0.019163256511092186
chr2,9,1,19,0.010608155280351639
chr2,9,2,19,0.016141477972269058
chr2,9,3,19,0.015766022726893425
chr2,9,4,19,-0.052769314497709274
chr2,9,5,19,-0.07080741971731186
chr2,9,6,19,-0.053669702261686325
chr2,9,7,19,-0.06940290331840515
chr2,9,8,19,0.004407970700412989
chr2,9,9,19,0.007889066822826862
chr2,9,10,19,0.0189824141561985
chr2,9,11,19,-0.04096202924847603
chr2,10,0,19,-0.027441784739494324
chr2,10,1,19,0.011304751969873905
chr2,10,2,19,-0.012636925093829632
chr2,10,3,19,-0.038698479533195496
chr2,10,4,19,-0.020138004794716835
chr2,10,5,19,-0.061644528061151505
chr2,10,6,19,-0.057364776730537415
chr2,10,7,19,-0.06953299790620804
chr2,10,8,19,0.004851059056818485
chr2,10,9,19,0.0017615023534744978
chr2,10,10,19,0.04637230560183525
chr2,10,11,19,-0.0387716218829155
chr2,11,0,19,0.0013471528654918075
chr2,11,1,19,-0.05297081544995308
chr2,11,2,19,-0.02060878276824951
chr2,11,3,19,-0.002419009106233716
chr2,11,4,19,-0.011493914760649204
chr2,11,5,19,-0.00758464727550745
chr2,11,6,19,0.013622240163385868
chr2,11,7,19,0.05084317550063133
chr2,11,8,19,-0.008770651184022427
chr2,11,9,19,0.0014810938155278563
chr2,11,10,19,0.032946549355983734
chr2,11,11,19,-0.018643630668520927
chr20,0,0,7,0.003220472950488329
chr20,0,1,7,0.01631172187626362
chr20,0,2,7,0.01737876422703266
chr20,0,3,7,0.0028148347046226263
chr20,0,4,7,-0.0005998247070237994
chr20,0,5,7,-0.002465673955157399
chr20,0,6,7,-0.0040046400390565395
chr20,0,7,7,0.011556284502148628
chr20,0,8,7,0.011619857512414455
chr20,0,9,7,-0.00765228271484375
chr20,0,10,7,0.02158932387828827
chr20,0,11,7,0.02485676296055317
chr20,1,0,7,0.00427799578756094
chr20,1,1,7,0.02529306150972843
chr20,1,2,7,-0.03292692452669144
chr20,1,3,7,0.040710389614105225
chr20,1,4,7,-0.05262092873454094
chr20,1,5,7,-0.022129962220788002
chr20,1,6,7,0.11133597046136856
chr20,1,7,7,-0.005388949532061815
chr20,1,8,7,-0.025002462789416313
chr20,1,9,7,-0.015585907734930515
chr20,1,10,7,-0.029834559187293053
chr20,1,11,7,0.017192509025335312
chr20,2,0,7,0.015732476487755775
chr20,2,1,7,-0.2525034546852112
chr20,2,2,7,0.16459152102470398
chr20,2,3,7,-0.046150751411914825
chr20,2,4,7,0.003601678879931569
chr20,2,5,7,-0.056379761546850204
chr20,2,6,7,-0.005173325538635254
chr20,2,7,7,0.021603958681225777
chr20,2,8,7,0.02081947587430477
chr20,2,9,7,0.02577415481209755
chr20,2,10,7,-0.440985769033432
chr20,2,11,7,0.03854115679860115
chr20,3,0,7,0.02966647408902645
chr20,3,1,7,-0.03887620195746422
chr20,3,2,7,0.1269373595714569
chr20,3,3,7,-0.05420394614338875
chr20,3,4,7,-0.05099970102310181
chr20,3,5,7,0.053710080683231354
chr20,3,6,7,0.03984642028808594
chr20,3,7,7,0.09269513934850693
chr20,3,8,7,0.0011135850800201297
chr20,3,9,7,0.036842890083789825
chr20,3,10,7,-0.005251518450677395
chr20,3,11,7,-0.022777361795306206
chr20,4,0,7,-0.037813544273376465
chr20,4,1,7,-0.0836707204580307
chr20,4,2,7,-0.01761358417570591
chr20,4,3,7,-0.009021659381687641
chr20,4,4,7,0.03707444295287132
chr20,4,5,7,0.026927974075078964
chr20,4,6,7,-0.018333273008465767
chr20,4,7,7,-0.05557624623179436
chr20,4,8,7,-0.09292874485254288
chr20,4,9,7,0.10066257417201996
chr20,4,10,7,-0.10399074852466583
chr20,4,11,7,-0.039525531232357025
chr20,5,0,7,-0.013658344745635986
chr20,5,1,7,-0.05935746431350708
chr20,5,2,7,-0.04972436651587486
chr20,5,3,7,-0.0010938150808215141
chr20,5,4,7,-0.008506656624376774
chr20,5,5,7,0.12282183021306992
chr20,5,6,7,-0.07373236119747162
chr20,5,7,7,0.041953910142183304
chr20,5,8,7,-0.032184403389692307
chr20,5,9,7,-0.059707608073949814
chr20,5,10,7,-0.07376988232135773
chr20,5,11,7,-0.014296864159405231
chr20,6,0,7,0.03753145411610603
chr20,6,1,7,0.004952799994498491
chr20,6,2,7,0.022951314225792885
chr20,6,3,7,0.18559685349464417
chr20,6,4,7,0.004625373519957066
chr20,6,5,7,0.023989884182810783
chr20,6,6,7,0.05262872949242592
chr20,6,7,7,-0.03262483328580856
chr20,6,8,7,-0.01672695390880108
chr20,6,9,7,0.06416387856006622
chr20,6,10,7,0.027736391872167587
chr20,6,11,7,0.052644968032836914
chr20,7,0,7,-0.05183795467019081
chr20,7,1,7,0.05733143538236618
chr20,7,2,7,0.00614706939086318
chr20,7,3,7,0.026555964723229408
chr20,7,4,7,0.01447654701769352
chr20,7,5,7,0.07856667786836624
chr20,7,6,7,0.0412583090364933
chr20,7,7,7,0.06688757985830307
chr20,7,8,7,0.00268073589541018
chr20,7,9,7,0.013989022932946682
chr20,7,10,7,0.01870626211166382
chr20,7,11,7,0.09359639883041382
chr20,8,0,7,-0.06944914162158966
chr20,8,1,7,-0.030805988237261772
chr20,8,2,7,-0.0918334349989891
chr20,8,3,7,0.021978268399834633
chr20,8,4,7,0.0006708587752655149
chr20,8,5,7,-0.002128277439624071
chr20,8,6,7,-0.031310681253671646
chr20,8,7,7,0.004418435972183943
chr20,8,8,7,-0.021185696125030518
chr20,8,9,7,0.006463297642767429
chr20,8,10,7,0.015932364389300346
chr20,8,11,7,0.018909400328993797
chr20,9,0,7,0.026564981788396835
chr20,9,1,7,-0.04414965584874153
chr20,9,2,7,-0.05696561560034752
chr20,9,3,7,-0.04367879778146744
chr20,9,4,7,0.00016662052075844258
chr20,9,5,7,-0.023522214964032173
chr20,9,6,7,-0.0746154934167862
chr20,9,7,7,0.0084655387327075
chr20,9,8,7,-0.00138932466506958
chr20,9,9,7,-0.0024646264500916004
chr20,9,10,7,0.010325627401471138
chr20,9,11,7,0.0007132525788620114
chr20,10,0,7,0.009816254489123821
chr20,10,1,7,0.07779114693403244
chr20,10,2,7,0.0054770284332334995
chr20,10,3,7,-0.007550492882728577
chr20,10,4,7,-0.019971614703536034
chr20,10,5,7,-0.02680795267224312
chr20,10,6,7,-0.0016217848751693964
chr20,10,7,7,0.0160139761865139
chr20,10,8,7,0.0023597818799316883
chr20,10,9,7,0.00012618303298950195
chr20,10,10,7,0.08727452903985977
chr20,10,11,7,-0.013607576489448547
chr20,11,0,7,-0.0010797040304169059
chr20,11,1,7,-0.004595543723553419
chr20,11,2,7,0.01858529821038246
chr20,11,3,7,0.07289770990610123
chr20,11,4,7,-0.022650139406323433
chr20,11,5,7,-0.05935361981391907
chr20,11,6,7,-0.018325690180063248
chr20,11,7,7,-0.03775015473365784
chr20,11,8,7,0.0035267386119812727
chr20,11,9,7,0.0087894881144166
chr20,11,10,7,-0.004976332187652588
chr20,11,11,7,-0.04745778813958168
chr21,0,0,3,-0.011438529007136822
chr21,0,1,3,0.031090596690773964
chr21,0,2,3,0.04925811290740967
chr21,0,3,3,0.004115507006645203
chr21,0,4,3,0.001679020351730287
chr21,0,5,3,-0.07908465713262558
chr21,0,6,3,0.04820914939045906
chr21,0,7,3,-0.16324305534362793
chr21,0,8,3,0.012506107799708843
chr21,0,9,3,0.019162416458129883
chr21,0,10,3,-0.010957345366477966
chr21,0,11,3,0.024469217285513878
chr21,1,0,3,0.05412169173359871
chr21,1,1,3,0.02447890304028988
chr21,1,2,3,0.07271328568458557
chr21,1,3,3,-0.045225102454423904
chr21,1,4,3,-0.06952255964279175
chr21,1,5,3,-0.0043976702727377415
chr21,1,6,3,0.0328056626021862
chr21,1,7,3,-0.05606923624873161
chr21,1,8,3,-0.026676872745156288
chr21,1,9,3,-0.1279265135526657
chr21,1,10,3,0.0001978476793738082
chr21,1,11,3,-0.024671515449881554
chr21,2,0,3,0.005252718925476074
chr21,2,1,3,-0.010464360006153584
chr21,2,2,3,0.03556426241993904
chr21,2,3,3,-0.07941748946905136
chr21,2,4,3,0.028498372063040733
chr21,2,5,3,-0.2226300835609436
chr21,2,6,3,-0.014506220817565918
chr21,2,7,3,0.018042823299765587
chr21,2,8,3,0.015240470878779888
chr21,2,9,3,-0.02053765393793583
chr21,2,10,3,0.007986500859260559
chr21,2,11,3,0.044274698942899704
chr21,3,0,3,-0.08952617645263672
chr21,3,1,3,0.0031851332169026136
chr21,3,2,3,0.22532659769058228
chr21,3,3,3,0.08589450269937515
chr21,3,4,3,-0.013858248479664326
chr21,3,5,3,0.016191571950912476
chr21,3,6,3,0.04254136607050896
chr21,3,7,3,-0.038874924182891846
chr21,3,8,3,0.014357268810272217
chr21,3,9,3,0.054409027099609375
chr21,3,10,3,-0.24925212562084198
chr21,3,11,3,0.042460858821868896
chr21,4,0,3,0.05350571870803833
chr21,4,1,3,0.05475320294499397
chr21,4,2,3,-0.0013566663255915046
chr21,4,3,3,0.0012172367423772812
chr21,4,4,3,0.1714611053466797
chr21,4,5,3,-0.02385282702744007
chr21,4,6,3,0.016005178913474083
chr21,4,7,3,0.5132659077644348
chr21,4,8,3,0.01120587158948183
chr21,4,9,3,0.1957482546567917
chr21,4,10,3,0.07524293661117554
chr21,4,11,3,0.058811139315366745
chr21,5,0,3,0.09263040870428085
chr21,5,1,3,0.06759778410196304
chr21,5,2,3,0.09047013521194458
chr21,5,3,3,0.001179931336082518
chr21,5,4,3,0.04115859791636467
chr21,5,5,3,0.24954436719417572
chr21,5,6,3,0.07676101475954056
chr21,5,7,3,0.18860571086406708
chr21,5,8,3,0.01714477874338627
chr21,5,9,3,0.29625043272972107
chr21,5,10,3,0.11410945653915405
chr21,5,11,3,0.12536124885082245
chr21,6,0,3,-0.0004506707191467285
chr21,6,1,3,0.0024007882457226515
chr21,6,2,3,0.03546233847737312
chr21,6,3,3,0.3520110547542572
chr21,6,4,3,-0.03378306329250336
chr21,6,5,3,0.05032114312052727
chr21,6,6,3,-0.003791242837905884
chr21,6,7,3,-0.021170085296034813
chr21,6,8,3,0.00808511208742857
chr21,6,9,3,0.5242958664894104
chr21,6,10,3,0.03308922424912453
chr21,6,11,3,0.02524053491652012
chr21,7,0,3,0.09082577377557755
chr21,7,1,3,0.14927881956100464
chr21,7,2,3,0.09619275480508804
chr21,7,3,3,0.028932923451066017
chr21,7,4,3,0.010689076036214828
chr21,7,5,3,0.07794075459241867
chr21,7,6,3,0.07861556857824326
chr21,7,7,3,0.008661490865051746
chr21,7,8,3,-0.0440354160964489
chr21,7,9,3,-0.18229639530181885
chr21,7,10,3,0.30655166506767273
chr21,7,11,3,0.09117426723241806
chr21,8,0,3,0.09844865649938583
chr21,8,1,3,0.13353793323040009
chr21,8,2,3,0.5197474360466003
chr21,8,3,3,0.019450893625617027
chr21,8,4,3,0.06744199991226196
chr21,8,5,3,-0.014232712797820568
chr21,8,6,3,-0.11384785175323486
chr21,8,7,3,-0.010129849426448345
chr21,8,8,3,0.0787978544831276
chr21,8,9,3,-0.05931047722697258
chr21,8,10,3,-0.016599973663687706
chr21,8,11,3,0.024047313258051872
chr21,9,0,3,0.13732647895812988
chr21,9,1,3,0.06577376276254654
chr21,9,2,3,0.19605475664138794
chr21,9,3,3,0.16267502307891846
chr21,9,4,3,0.021817883476614952
chr21,9,5,3,0.034834448248147964
chr21,9,6,3,0.244919553399086
chr21,9,7,3,-0.028226831927895546
chr21,9,8,3,0.0016383131733164191
chr21,9,9,3,-0.0001402894704369828
chr21,9,10,3,0.10183785110712051
chr21,9,11,3,0.0950586199760437
chr21,10,0,3,-0.05799807980656624
chr21,10,1,3,0.030092477798461914
chr21,10,2,3,0.050582606345415115
chr21,10,3,3,0.0597483329474926
chr21,10,4,3,0.09620755910873413
chr21,10,5,3,-0.017366042360663414
chr21,10,6,3,0.12102625519037247
chr21,10,7,3,0.20021826028823853
chr21,10,8,3,-0.0008381207589991391
chr21,10,9,3,-0.0012084046611562371
chr21,10,10,3,0.026645461097359657
chr21,10,11,3,0.08757690340280533
chr21,11,0,3,-0.0008114178781397641
chr21,11,1,3,0.0015914837131276727
chr21,11,2,3,0.04414816573262215
chr21,11,3,3,0.057871561497449875
chr21,11,4,3,0.020106971263885498
chr21,11,5,3,-0.18305815756320953
chr21,11,6,3,-0.1014535054564476
chr21,11,7,3,-0.11503646522760391
chr21,11,8,3,0.004740675445646048
chr21,11,9,3,-0.0014113187789916992
chr21,11,10,3,-0.05130632594227791
chr21,11,11,3,0.03642139956355095
chr22,0,0,5,0.017659271135926247
chr22,0,1,5,-0.0069297910667955875
chr22,0,2,5,0.011383796110749245
chr22,0,3,5,0.002063447143882513
chr22,0,4,5,0.0004219978000037372
chr22,0,5,5,0.040264032781124115
chr22,0,6,5,-0.048776280134916306
chr22,0,7,5,0.0627882108092308
chr22,0,8,5,-0.000503408897202462
chr22,0,9,5,0.013927054591476917
chr22,0,10,5,0.0037406980991363525
chr22,0,11,5,0.006035971455276012
chr22,1,0,5,0.011064445599913597
chr22,1,1,5,-0.06360719352960587
chr22,1,2,5,-0.13093343377113342
chr22,1,3,5,0.06096971035003662
chr22,1,4,5,0.0013841293985024095
chr22,1,5,5,0.017661118879914284
chr22,1,6,5,-0.04503725469112396
chr22,1,7,5,-0.005599319934844971
chr22,1,8,5,-0.018847178667783737
chr22,1,9,5,-0.0019292592769488692
chr22,1,10,5,-0.009131801314651966
chr22,1,11,5,-0.09419997036457062
chr22,2,0,5,0.018598616123199463
chr22,2,1,5,-0.004868811462074518
chr22,2,2,5,0.15308520197868347
chr22,2,3,5,-0.04031890630722046
chr22,2,4,5,0.024295544251799583
chr22,2,5,5,0.12468689680099487
chr22,2,6,5,0.048047732561826706
chr22,2,7,5,0.007256150245666504
chr22,2,8,5,0.04038120433688164
chr22,2,9,5,-0.002228605793789029
chr22,2,10,5,-0.1250610053539276
chr22,2,11,5,0.01296764612197876
chr22,3,0,5,-0.016090238466858864
chr22,3,1,5,0.04742478206753731
chr22,3,2,5,0.00811235886067152
chr22,3,3,5,-0.011160099878907204
chr22,3,4,5,-0.00468333950266242
chr22,3,5,5,0.1224689707159996
chr22,3,6,5,0.10259262472391129
chr22,3,7,5,0.006809973623603582
chr22,3,8,5,0.005828487686812878
chr22,3,9,5,-0.07708851248025894
chr22,3,10,5,0.08331576734781265
chr22,3,11,5,0.036606013774871826
chr22,4,0,5,-0.00985653419047594
chr22,4,1,5,-0.0006103053456172347
chr22,4,2,5,0.018383275717496872
chr22,4,3,5,0.014864134602248669
chr22,4,4,5,0.03444983810186386
chr22,4,5,5,-0.014920080080628395
chr22,4,6,5,-0.06738603115081787
chr22,4,7,5,0.2098047286272049
chr22,4,8,5,0.039125870913267136
chr22,4,9,5,0.040352631360292435
chr22,4,10,5,0.12102057784795761
chr22,4,11,5,0.006910485681146383
chr22,5,0,5,-0.09143519401550293
chr22,5,1,5,0.013878834433853626
chr22,5,2,5,-0.051380764693021774
chr22,5,3,5,0.0004171702894382179
chr22,5,4,5,0.02899477258324623
chr22,5,5,5,0.14899978041648865
chr22,5,6,5,-0.009137868881225586
chr22,5,7,5,0.03229918330907822
chr22,5,8,5,-0.019150029867887497
chr22,5,9,5,-0.06229511648416519
chr22,5,10,5,-0.06765888631343842
chr22,5,11,5,-0.1526952087879181
chr22,6,0,5,0.037193845957517624
chr22,6,1,5,-0.032076332718133926
chr22,6,2,5,0.08504854142665863
chr22,6,3,5,0.5421055555343628
chr22,6,4,5,0.011874678544700146
chr22,6,5,5,-0.026669394224882126
chr22,6,6,5,0.09427402168512344
chr22,6,7,5,0.05839105322957039
chr22,6,8,5,0.025197267532348633
chr22,6,9,5,0.235070139169693
chr22,6,10,5,-0.0258844755589962
chr22,6,11,5,0.0031194158364087343
chr22,7,0,5,0.03873581811785698
chr22,7,1,5,-0.17131270468235016
chr22,7,2,5,0.010983514599502087
chr22,7,3,5,-0.12068216502666473
chr22,7,4,5,-0.015981176868081093
chr22,7,5,5,0.13415691256523132
chr22,7,6,5,-0.009395962581038475
chr22,7,7,5,-0.1199348196387291
chr22,7,8,5,-0.017274534329771996
chr22,7,9,5,-0.008522963151335716
chr22,7,10,5,-0.11139925569295883
chr22,7,11,5,-0.18092019855976105
chr22,8,0,5,0.012117767706513405
chr22,8,1,5,-0.05629345029592514
chr22,8,2,5,0.04799756035208702
chr22,8,3,5,-0.03561028093099594
chr22,8,4,5,0.02192012593150139
chr22,8,5,5,0.007705305702984333
chr22,8,6,5,-0.08505026251077652
chr22,8,7,5,-0.018077753484249115
chr22,8,8,5,0.0023506879806518555
chr22,8,9,5,0.03488884121179581
chr22,8,10,5,-0.12946580350399017
chr22,8,11,5,0.03547756373882294
chr22,9,0,5,-0.018823301419615746
chr22,9,1,5,0.015804994851350784
chr22,9,2,5,0.07070467621088028
chr22,9,3,5,0.06707457453012466
chr22,9,4,5,-0.01256078202277422
chr22,9,5,5,0.019491421058773994
chr22,9,6,5,-0.24547457695007324
chr22,9,7,5,0.018070068210363388
chr22,9,8,5,0.00017714500427246094
chr22,9,9,5,0.008703541941940784
chr22,9,10,5,0.019223619252443314
chr22,9,11,5,-0.04937587305903435
chr22,10,0,5,-0.015246093273162842
chr22,10,1,5,0.00535584706813097
chr22,10,2,5,-0.04121438413858414
chr22,10,3,5,0.007882168516516685
chr22,10,4,5,-0.08281160891056061
chr22,10,5,5,-0.03824571520090103
chr22,10,6,5,-0.06955188512802124
chr22,10,7,5,-0.08792150765657425
chr22,10,8,5,0.0019372820388525724
chr22,10,9,5,-0.002433252288028598
chr22,10,10,5,-0.041755400598049164
chr22,10,11,5,-0.02593741938471794
chr22,11,0,5,0.001219117664732039
chr22,11,1,5,-0.0030503154266625643
chr22,11,2,5,-0.04232901334762573
chr22,11,3,5,-0.018788259476423264
chr22,11,4,5,0.04101715236902237
chr22,11,5,5,0.02884111925959587
chr22,11,6,5,-0.1117568239569664
chr22,11,7,5,0.0073104859329760075
chr22,11,8,5,0.015790069475769997
chr22,11,9,5,0.0014221906894817948
chr22,11,10,5,0.001682579517364502
chr22,11,11,5,0.07123257219791412
chr3,0,0,23,-0.01495596393942833
chr3,0,1,23,-0.0034032671246677637
chr3,0,2,23,0.002712042536586523
chr3,0,3,23,-0.00039055084926076233
chr3,0,4,23,-0.0009144972427748144
chr3,0,5,23,-0.02691606618463993
chr3,0,6,23,-0.060183171182870865
chr3,0,7,23,0.009857727214694023
chr3,0,8,23,-0.0005919155664741993
chr3,0,9,23,-0.003293770831078291
chr3,0,10,23,0.014661109074950218
chr3,0,11,23,-0.007793991360813379
chr3,1,0,23,-0.029694126918911934
chr3,1,1,23,-0.003265954786911607
chr3,1,2,23,0.0010931349825114012
chr3,1,3,23,-0.005731955636292696
chr3,1,4,23,0.03808837756514549
chr3,1,5,23,-0.005172288976609707
chr3,1,6,23,0.030546260997653008
chr3,1,7,23,-0.008756746537983418
chr3,1,8,23,0.013158648274838924
chr3,1,9,23,-0.028000598773360252
chr3,1,10,23,-0.0009111166000366211
chr3,1,11,23,-0.011707670986652374
chr3,2,0,23,0.00218359031714499
chr3,2,1,23,0.020925449207425117
chr3,2,2,23,0.018165376037359238
chr3,2,3,23,-0.03419986739754677
chr3,2,4,23,-0.009145510382950306
chr3,2,5,23,0.029887963086366653
chr3,2,6,23,0.01294343639165163
chr3,2,7,23,-0.009983641095459461
chr3,2,8,23,-0.009897908195853233
chr3,2,9,23,-0.012459713034331799
chr3,2,10,23,-0.10567265748977661
chr3,2,11,23,0.04769342020153999
chr3,3,0,23,0.00035693333484232426
chr3,3,1,23,-0.016262108460068703
chr3,3,2,23,0.19244804978370667
chr3,3,3,23,0.10353405773639679
chr3,3,4,23,-0.023957042023539543
chr3,3,5,23,0.021857837215065956
chr3,3,6,23,0.009846514090895653
chr3,3,7,23,0.04470937326550484
chr3,3,8,23,0.038665153086185455
chr3,3,9,23,0.03877471014857292
chr3,3,10,23,-0.09508413076400757
chr3,3,11,23,0.002538287080824375
chr3,4,0,23,-0.0035528645385056734
chr3,4,1,23,-0.007837960496544838
chr3,4,2,23,-0.0018870312487706542
chr3,4,3,23,0.002494874643161893
chr3,4,4,23,-0.03636573627591133
chr3,4,5,23,1.9946823158534244e-05
chr3,4,6,23,-0.017221901565790176
chr3,4,7,23,0.1727370321750641
chr3,4,8,23,-0.036728598177433014
chr3,4,9,23,-0.006564883980900049
chr3,4,10,23,-0.05370517447590828
chr3,4,11,23,-0.0094266626983881
chr3,5,0,23,0.0489041693508625
chr3,5,1,23,-0.02897173911333084
chr3,5,2,23,0.026508841663599014
chr3,5,3,23,0.00043488555820658803
chr3,5,4,23,0.02642672136425972
chr3,5,5,23,0.13864973187446594
chr3,5,6,23,0.010175665840506554
chr3,5,7,23,0.0432603657245636
chr3,5,8,23,-0.010276657529175282
chr3,5,9,23,0.05379609391093254
chr3,5,10,23,0.030386904254555702
chr3,5,11,23,0.01770421490073204
chr3,6,0,23,0.027849633246660233
chr3,6,1,23,0.0035787199158221483
chr3,6,2,23,-0.01177525520324707
chr3,6,3,23,0.1333889216184616
chr3,6,4,23,0.011542177759110928
chr3,6,5,23,0.04723189026117325
chr3,6,6,23,0.08570824563503265
chr3,6,7,23,-0.0214399341493845
chr3,6,8,23,0.002982844365760684
chr3,6,9,23,0.019138621166348457
chr3,6,10,23,0.027831466868519783
chr3,6,11,23,0.06077035143971443
chr3,7,0,23,0.015763510018587112
chr3,7,1,23,0.18575216829776764
chr3,7,2,23,-0.020842822268605232
chr3,7,3,23,0.1676902174949646
chr3,7,4,23,0.06410329043865204
chr3,7,5,23,0.006143414415419102
chr3,7,6,23,0.12379521876573563
chr3,7,7,23,0.15980681777000427
chr3,7,8,23,-0.013867245987057686
chr3,7,9,23,-0.029428135603666306
chr3,7,10,23,0.2421151101589203
chr3,7,11,23,0.2012319713830948
chr3,8,0,23,-0.016016993671655655
chr3,8,1,23,0.0061180852353572845
chr3,8,2,23,0.18717555701732635
chr3,8,3,23,0.09504719078540802
chr3,8,4,23,0.10473234951496124
chr3,8,5,23,0.08116888999938965
chr3,8,6,23,0.03446822613477707
chr3,8,7,23,0.04094252735376358
chr3,8,8,23,0.003291280474513769
chr3,8,9,23,0.0022130117285996675
chr3,8,10,23,0.08159980922937393
chr3,8,11,23,0.05915241315960884
chr3,9,0,23,0.04634077474474907
chr3,9,1,23,-0.00729576637968421
chr3,9,2,23,-0.0004793846164830029
chr3,9,3,23,0.1183740571141243
chr3,9,4,23,0.064677394926548
chr3,9,5,23,0.05257546529173851
chr3,9,6,23,0.0449470654129982
chr3,9,7,23,0.02248741313815117
chr3,9,8,23,0.0008173015085048974
chr3,9,9,23,0.00048359579523094
chr3,9,10,23,0.007481561973690987
chr3,9,11,23,0.10843484103679657
chr3,10,0,23,0.008768568746745586
chr3,10,1,23,6.043392659194069e-06
chr3,10,2,23,-0.010190517641603947
chr3,10,3,23,0.08099396526813507
chr3,10,4,23,0.05310830846428871
chr3,10,5,23,-0.0028047815430909395
chr3,10,6,23,-0.02880772389471531
chr3,10,7,23,0.04868198558688164
chr3,10,8,23,-0.0013020012993365526
chr3,10,9,23,0.00502994516864419
chr3,10,10,23,-0.025210566818714142
chr3,10,11,23,0.06276767700910568
chr3,11,0,23,-0.0008839705842547119
chr3,11,1,23,0.0241185761988163
chr3,11,2,23,0.007761271204799414
chr3,11,3,23,0.02910199575126171
chr3,11,4,23,0.048613812774419785
chr3,11,5,23,-0.035255204886198044
chr3,11,6,23,0.033699993044137955
chr3,11,7,23,-0.015158518217504025
chr3,11,8,23,-0.007352326065301895
chr3,11,9,23,0.003593882778659463
chr3,11,10,23,-0.04150596261024475
chr3,11,11,23,0.056443650275468826
chr4,0,0,13,-0.002633810043334961
chr4,0,1,13,-0.008656639605760574
chr4,0,2,13,-0.0027648210525512695
chr4,0,3,13,0.0032440857030451298
chr4,0,4,13,0.0006250720471143723
chr4,0,5,13,-0.00500269141048193
chr4,0,6,13,0.006972395349293947
chr4,0,7,13,0.033628519624471664
chr4,0,8,13,-0.002411553403362632
chr4,0,9,13,-0.0028237791266292334
chr4,0,10,13,0.0005279177566990256
chr4,0,11,13,-0.013566636480391026
chr4,1,0,13,0.007109683472663164
chr4,1,1,13,0.005489163566380739
chr4,1,2,13,-0.05800526589155197
chr4,1,3,13,-0.021563438698649406
chr4,1,4,13,0.015187134966254234
chr4,1,5,13,0.018415186554193497
chr4,1,6,13,0.015406420454382896
chr4,1,7,13,-0.027063287794589996
chr4,1,8,13,-0.010318920947611332
chr4,1,9,13,0.032415833324193954
chr4,1,10,13,0.001198264304548502
chr4,1,11,13,0.0590830035507679
chr4,2,0,13,0.012685326859354973
chr4,2,1,13,0.07059827446937561
chr4,2,2,13,0.005024382844567299
chr4,2,3,13,-0.11137235164642334
chr4,2,4,13,-0.011160575784742832
chr4,2,5,13,0.13838249444961548
chr4,2,6,13,-0.07833675295114517
chr4,2,7,13,-0.010212228633463383
chr4,2,8,13,-0.024449976161122322
chr4,2,9,13,-0.028300940990447998
chr4,2,10,13,-0.15683580935001373
chr4,2,11,13,0.14739078283309937
chr4,3,0,13,-0.027471771463751793
chr4,3,1,13,-0.012079601176083088
chr4,3,2,13,0.005028660409152508
chr4,3,3,13,0.06840724498033524
chr4,3,4,13,-0.04663900285959244
chr4,3,5,13,-0.04224860668182373
chr4,3,6,13,-0.03095986321568489
chr4,3,7,13,0.03591395914554596
chr4,3,8,13,0.011160277761518955
chr4,3,9,13,-0.05978387966752052
chr4,3,10,13,-0.10845287144184113
chr4,3,11,13,-0.0058882394805550575
chr4,4,0,13,0.009470568038523197
chr4,4,1,13,0.023606348782777786
chr4,4,2,13,-0.004438930191099644
chr4,4,3,13,-0.009539413265883923
chr4,4,4,13,0.03538721799850464
chr4,4,5,13,-0.04793616384267807
chr4,4,6,13,0.022790826857089996
chr4,4,7,13,0.001386656193062663
chr4,4,8,13,0.024612363427877426
chr4,4,9,13,0.03980366140604019
chr4,4,10,13,-0.01026652380824089
chr4,4,11,13,-0.0236029252409935
chr4,5,0,13,0.026867756620049477
chr4,5,1,13,0.0011063584825024009
chr4,5,2,13,-0.004269500263035297
chr4,5,3,13,-0.004923183936625719
chr4,5,4,13,-0.09395790100097656
chr4,5,5,13,-0.031142689287662506
chr4,5,6,13,-0.010188641026616096
chr4,5,7,13,-0.11612764000892639
chr4,5,8,13,0.0042119803838431835
chr4,5,9,13,0.02115745283663273
chr4,5,10,13,-0.014494155533611774
chr4,5,11,13,-0.042775094509124756
chr4,6,0,13,0.046311698853969574
chr4,6,1,13,0.0024405866861343384
chr4,6,2,13,0.03830808773636818
chr4,6,3,13,0.1784762293100357
chr4,6,4,13,0.026806384325027466
chr4,6,5,13,0.012178728356957436
chr4,6,6,13,0.01381800975650549
chr4,6,7,13,-0.06190607324242592
chr4,6,8,13,0.0022372419480234385
chr4,6,9,13,0.08898907154798508
chr4,6,10,13,0.03010975942015648
chr4,6,11,13,-0.02983642928302288
chr4,7,0,13,-0.02861277014017105
chr4,7,1,13,-0.0587913803756237
chr4,7,2,13,0.005955650471150875
chr4,7,3,13,-0.01834944263100624
chr4,7,4,13,-0.03319898247718811
chr4,7,5,13,-0.03165921941399574
chr4,7,6,13,0.015245139598846436
chr4,7,7,13,0.011712072417140007
chr4,7,8,13,0.03921739012002945
chr4,7,9,13,0.06725091487169266
chr4,7,10,13,-0.09181508421897888
chr4,7,11,13,-0.04994410276412964
chr4,8,0,13,0.07078809291124344
chr4,8,1,13,0.025101978331804276
chr4,8,2,13,-0.06380974501371384
chr4,8,3,13,0.001184112741611898
chr4,8,4,13,-0.02621000073850155
chr4,8,5,13,-0.001996674109250307
chr4,8,6,13,-0.024535059928894043
chr4,8,7,13,0.006849741563200951
chr4,8,8,13,0.04859358072280884
chr4,8,9,13,0.02376347780227661
chr4,8,10,13,0.060621924698352814
chr4,8,11,13,0.00840950757265091
chr4,9,0,13,-0.007634744979441166
chr4,9,1,13,0.07160187512636185
chr4,9,2,13,0.08663161098957062
chr4,9,3,13,-0.10907400399446487
chr4,9,4,13,-0.043883759528398514
chr4,9,5,13,0.0012027123011648655
chr4,9,6,13,-0.03167952597141266
chr4,9,7,13,-0.032660648226737976
chr4,9,8,13,0.024089552462100983
chr4,9,9,13,0.013124282471835613
chr4,9,10,13,0.05366327241063118
chr4,9,11,13,-0.008572433143854141
chr4,10,0,13,0.017925377935171127
chr4,10,1,13,-0.009060974232852459
chr4,10,2,13,0.004109506495296955
chr4,10,3,13,0.007173469290137291
chr4,10,4,13,0.02799435518682003
chr4,10,5,13,-0.019167982041835785
chr4,10,6,13,0.08843374252319336
chr4,10,7,13,0.02804860845208168
chr4,10,8,13,0.004869644530117512
chr4,10,9,13,0.021173495799303055
chr4,10,10,13,-0.02249312400817871
chr4,10,11,13,-0.005093586165457964
chr4,11,0,13,0.00446091266348958
chr4,11,1,13,0.008595209568738937
chr4,11,2,13,-0.02709398791193962
chr4,11,3,13,-0.010581032373011112
chr4,11,4,13,0.06117231398820877
chr4,11,5,13,-0.031361259520053864
chr4,11,6,13,0.02718319371342659
chr4,11,7,13,0.05442727357149124
chr4,11,8,13,-0.004871024750173092
chr4,11,9,13,0.01985534280538559
chr4,11,10,13,0.0008018796215765178
chr4,11,11,13,-0.07017938792705536
chr5,0,0,12,-0.02749025821685791
chr5,0,1,12,-0.0010311504593119025
chr5,0,2,12,-0.0057356953620910645
chr5,0,3,12,-0.0018634801963344216
chr5,0,4,12,-0.0017341850325465202
chr5,0,5,12,-0.04617607966065407
chr5,0,6,12,-0.07379283756017685
chr5,0,7,12,-0.012507696636021137
chr5,0,8,12,0.0001483460218878463
chr5,0,9,12,0.011650919914245605
chr5,0,10,12,0.0028365894686430693
chr5,0,11,12,-0.01690034568309784
chr5,1,0,12,0.04955948889255524
chr5,1,1,12,-0.06663542985916138
chr5,1,2,12,-0.08397188037633896
chr5,1,3,12,-0.06503871828317642
chr5,1,4,12,-0.054586950689554214
chr5,1,5,12,-0.09975362569093704
chr5,1,6,12,-0.04777132347226143
chr5,1,7,12,0.01627708040177822
chr5,1,8,12,-0.006360948085784912
chr5,1,9,12,0.008209710009396076
chr5,1,10,12,0.002207045676186681
chr5,1,11,12,0.04072326421737671
chr5,2,0,12,0.008665680885314941
chr5,2,1,12,0.03847884759306908
chr5,2,2,12,0.042227983474731445
chr5,2,3,12,-0.18708421289920807
chr5,2,4,12,-0.05535031482577324
chr5,2,5,12,-0.21214334666728973
chr5,2,6,12,0.0029028356075286865
chr5,2,7,12,-0.01918371021747589
chr5,2,8,12,0.017109712585806847
chr5,2,9,12,-0.03634512796998024
chr5,2,10,12,-0.048908781260252
chr5,2,11,12,-0.05139579251408577
chr5,3,0,12,0.016215438023209572
chr5,3,1,12,-0.004866868257522583
chr5,3,2,12,0.10571902990341187
chr5,3,3,12,0.09941268712282181
chr5,3,4,12,0.0058580911718308926
chr5,3,5,12,0.06781840324401855
chr5,3,6,12,-0.03523695468902588
chr5,3,7,12,0.08498940616846085
chr5,3,8,12,0.004412064794450998
chr5,3,9,12,0.011599649675190449
chr5,3,10,12,-0.026121413335204124
chr5,3,11,12,0.07170533388853073
chr5,4,0,12,-0.04563596472144127
chr5,4,1,12,0.05787479877471924
chr5,4,2,12,0.011784466914832592
chr5,4,3,12,-0.0012030877405777574
chr5,4,4,12,-0.044506464153528214
chr5,4,5,12,0.04344812035560608
chr5,4,6,12,-0.0028947393875569105
chr5,4,7,12,0.05280764773488045
chr5,4,8,12,-0.05894597992300987
chr5,4,9,12,0.014965251088142395
chr5,4,10,12,0.03224131092429161
chr5,4,11,12,0.07639732211828232
chr5,5,0,12,-0.08433166891336441
chr5,5,1,12,-0.003632480977103114
chr5,5,2,12,0.016275610774755478
chr5,5,3,12,0.0016424857312813401
chr5,5,4,12,0.011898256838321686
chr5,5,5,12,0.014323716051876545
chr5,5,6,12,-0.032088298350572586
chr5,5,7,12,0.06425804644823074
chr5,5,8,12,9.135901927947998e-05
chr5,5,9,12,-0.09605106711387634
chr5,5,10,12,0.017857970669865608
chr5,5,11,12,-0.016059981659054756
chr5,6,0,12,-0.011122435331344604
chr5,6,1,12,0.01115507259964943
chr5,6,2,12,0.0249199066311121
chr5,6,3,12,-0.11532030254602432
chr5,6,4,12,-0.037871863692998886
chr5,6,5,12,-0.03747612237930298
chr5,6,6,12,0.03626624122262001
chr5,6,7,12,-0.007521937135607004
chr5,6,8,12,-0.01697654463350773
chr5,6,9,12,-0.0012015452375635505
chr5,6,10,12,0.026179445907473564
chr5,6,11,12,0.02466709353029728
chr5,7,0,12,-0.02293209172785282
chr5,7,1,12,-0.09331879019737244
chr5,7,2,12,-0.0741027221083641
chr5,7,3,12,-0.016043366864323616
chr5,7,4,12,-0.0033348326105624437
chr5,7,5,12,0.011081625707447529
chr5,7,6,12,0.0015598261961713433
chr5,7,7,12,0.04051045700907707
chr5,7,8,12,-0.011152316816151142
chr5,7,9,12,-0.0392034687101841
chr5,7,10,12,-0.061377305537462234
chr5,7,11,12,0.019129499793052673
chr5,8,0,12,-0.029167205095291138
chr5,8,1,12,-0.03627438470721245
chr5,8,2,12,-0.1094762459397316
chr5,8,3,12,0.013262004591524601
chr5,8,4,12,-0.00595798110589385
chr5,8,5,12,0.004154196474701166
chr5,8,6,12,-0.06510987877845764
chr5,8,7,12,-0.0001341697497991845
chr5,8,8,12,-0.033539798110723495
chr5,8,9,12,0.004911939147859812
chr5,8,10,12,-0.06207532808184624
chr5,8,11,12,0.0002660617756191641
chr5,9,0,12,0.06511672586202621
chr5,9,1,12,-0.06268803030252457
chr5,9,2,12,-0.07016042619943619
chr5,9,3,12,-0.01812821440398693
chr5,9,4,12,0.02944370172917843
chr5,9,5,12,-0.011757235042750835
chr5,9,6,12,0.0762118324637413
chr5,9,7,12,-0.026790453121066093
chr5,9,8,12,-0.001738275052048266
chr5,9,9,12,0.019180292263627052
chr5,9,10,12,-0.03786756098270416
chr5,9,11,12,-0.0067559159360826015
chr5,10,0,12,0.05247652530670166
chr5,10,1,12,0.010703464038670063
chr5,10,2,12,0.021861130371689796
chr5,10,3,12,0.0026519682724028826
chr5,10,4,12,0.033189963549375534
chr5,10,5,12,0.012471402995288372
chr5,10,6,12,0.06293930858373642
chr5,10,7,12,0.010176668874919415
chr5,10,8,12,0.01123020052909851
chr5,10,9,12,0.0038117419462651014
chr5,10,10,12,0.0024686455726623535
chr5,10,11,12,-0.03425303474068642
chr5,11,0,12,0.015585730783641338
chr5,11,1,12,0.016158821061253548
chr5,11,2,12,-0.04793904349207878
chr5,11,3,12,0.018887881189584732
chr5,11,4,12,0.08799103647470474
chr5,11,5,12,-0.028699947521090508
chr5,11,6,12,-3.6527711927192286e-05
chr5,11,7,12,0.04115816578269005
chr5,11,8,12,-0.008890882134437561
chr5,11,9,12,-0.002663443563506007
chr5,11,10,12,-0.011921529658138752
chr5,11,11,12,-0.07487007230520248
chr6,0,0,17,-0.003978041931986809
chr6,0,1,17,0.007200633641332388
chr6,0,2,17,0.012499977834522724
chr6,0,3,17,0.0018797117518261075
chr6,0,4,17,-0.00014127571193967015
chr6,0,5,17,0.00879642553627491
chr6,0,6,17,0.010242577642202377
chr6,0,7,17,0.03750139847397804
chr6,0,8,17,0.00351346586830914
chr6,0,9,17,0.009615800343453884
chr6,0,10,17,0.02331865206360817
chr6,0,11,17,0.0059128194116055965
chr6,1,0,17,0.05459842085838318
chr6,1,1,17,0.026219939813017845
chr6,1,2,17,-0.001439676620066166
chr6,1,3,17,0.0003721258253790438
chr6,1,4,17,0.0429595410823822
chr6,1,5,17,-0.0810398980975151
chr6,1,6,17,0.08982725441455841
chr6,1,7,17,0.06392030417919159
chr6,1,8,17,-0.02930712327361107
chr6,1,9,17,0.0018024970777332783
chr6,1,10,17,-0.0075724758207798
chr6,1,11,17,-0.0028856073040515184
chr6,2,0,17,-0.006310231518000364
chr6,2,1,17,0.06824790686368942
chr6,2,2,17,0.06846296042203903
chr6,2,3,17,0.022257819771766663
chr6,2,4,17,0.0371025986969471
chr6,2,5,17,-0.08763588219881058
chr6,2,6,17,0.030925968661904335
chr6,2,7,17,0.022449839860200882
chr6,2,8,17,0.004404166247695684
chr6,2,9,17,-0.000273567799013108
chr6,2,10,17,-0.16591748595237732
chr6,2,11,17,0.07468745112419128
chr6,3,0,17,0.019032109528779984
chr6,3,1,17,0.054067257791757584
chr6,3,2,17,0.11990238726139069
chr6,3,3,17,0.04894431680440903
chr6,3,4,17,0.005011128261685371
chr6,3,5,17,0.02510376274585724
chr6,3,6,17,-0.005903927609324455
chr6,3,7,17,0.10217491537332535
chr6,3,8,17,0.006339837331324816
chr6,3,9,17,0.046791087836027145
chr6,3,10,17,0.06523353606462479
chr6,3,11,17,-0.013133740052580833
chr6,4,0,17,0.02941027097404003
chr6,4,1,17,0.10953271389007568
chr6,4,2,17,0.04106690362095833
chr6,4,3,17,-0.01165720634162426
chr6,4,4,17,0.05822275951504707
chr6,4,5,17,0.11284279823303223
chr6,4,6,17,-0.01520470343530178
chr6,4,7,17,0.35323968529701233
chr6,4,8,17,0.03485281020402908
chr6,4,9,17,0.08586665242910385
chr6,4,10,17,-0.0011644258629530668
chr6,4,11,17,0.04014204442501068
chr6,5,0,17,0.14721138775348663
chr6,5,1,17,-0.00929248332977295
chr6,5,2,17,0.07032232731580734
chr6,5,3,17,0.003673310624435544
chr6,5,4,17,0.2964743971824646
chr6,5,5,17,-0.03734627366065979
chr6,5,6,17,0.07016624510288239
chr6,5,7,17,0.05121999233961105
chr6,5,8,17,0.02107023075222969
chr6,5,9,17,0.029212141409516335
chr6,5,10,17,0.0796089842915535
chr6,5,11,17,0.07675869017839432
chr6,6,0,17,0.054961975663900375
chr6,6,1,17,0.006088167894631624
chr6,6,2,17,0.07417197525501251
chr6,6,3,17,0.32314106822013855
chr6,6,4,17,-0.007800232619047165
chr6,6,5,17,-0.012732245028018951
chr6,6,6,17,0.12523460388183594
chr6,6,7,17,-0.06425972282886505
chr6,6,8,17,0.012414844706654549
chr6,6,9,17,0.11118134111166
chr6,6,10,17,0.08343777805566788
chr6,6,11,17,0.0680646300315857
chr6,7,0,17,-0.044499561190605164
chr6,7,1,17,-0.08053399622440338
chr6,7,2,17,0.007796522229909897
chr6,7,3,17,-0.021209657192230225
chr6,7,4,17,0.011836235411465168
chr6,7,5,17,-0.007338206749409437
chr6,7,6,17,0.10091131180524826
chr6,7,7,17,0.1220024898648262
chr6,7,8,17,0.01874331571161747
chr6,7,9,17,0.05847109109163284
chr6,7,10,17,-0.023175446316599846
chr6,7,11,17,0.06298389285802841
chr6,8,0,17,-0.01013218518346548
chr6,8,1,17,0.10065899789333344
chr6,8,2,17,0.09375344961881638
chr6,8,3,17,0.08355211466550827
chr6,8,4,17,0.05719988793134689
chr6,8,5,17,0.08607222139835358
chr6,8,6,17,0.09150437265634537
chr6,8,7,17,0.0635942667722702
chr6,8,8,17,0.03768365830183029
chr6,8,9,17,-0.031439390033483505
chr6,8,10,17,0.1018095314502716
chr6,8,11,17,0.06988444924354553
chr6,9,0,17,0.04638956859707832
chr6,9,1,17,-0.017764806747436523
chr6,9,2,17,-0.010255105793476105
chr6,9,3,17,0.08700741082429886
chr6,9,4,17,0.066987544298172
chr6,9,5,17,0.03139186650514603
chr6,9,6,17,0.0633859932422638
chr6,9,7,17,0.047223903238773346
chr6,9,8,17,0.004278484731912613
chr6,9,9,17,0.0016851635882630944
chr6,9,10,17,0.013473836705088615
chr6,9,11,17,0.08620793372392654
chr6,10,0,17,-0.02013011835515499
chr6,10,1,17,0.0007593245827592909
chr6,10,2,17,0.004437712952494621
chr6,10,3,17,-0.0030737966299057007
chr6,10,4,17,0.025476548820734024
chr6,10,5,17,0.04035143926739693
chr6,10,6,17,-0.04328573867678642
chr6,10,7,17,-0.022933010011911392
chr6,10,8,17,0.0073594204150140285
chr6,10,9,17,-0.0014750011032447219
chr6,10,10,17,0.040845949202775955
chr6,10,11,17,0.02373523823916912
chr6,11,0,17,0.00979032926261425
chr6,11,1,17,-0.06558367609977722
chr6,11,2,17,-0.006821278482675552
chr6,11,3,17,0.08786603808403015
chr6,11,4,17,0.009449301287531853
chr6,11,5,17,0.022658687084913254
chr6,11,6,17,0.06019306927919388
chr6,11,7,17,0.015444866381585598
chr6,11,8,17,-0.011344860307872295
chr6,11,9,17,-0.0037324184086173773
chr6,11,10,17,0.01891690492630005
chr6,11,11,17,0.01672731339931488
chr7,0,0,8,-0.010730020701885223
chr7,0,1,8,0.004740230739116669
chr7,0,2,8,-0.01721160113811493
chr7,0,3,8,0.010325007140636444
chr7,0,4,8,0.0007807067013345659
chr7,0,5,8,-0.02655428647994995
chr7,0,6,8,-0.014603175222873688
chr7,0,7,8,-0.10446913540363312
chr7,0,8,8,-0.0022533833980560303
chr7,0,9,8,-0.0021508783102035522
chr7,0,10,8,0.03525535762310028
chr7,0,11,8,-0.014949657022953033
chr7,1,0,8,-0.02354748547077179
chr7,1,1,8,-0.043117456138134
chr7,1,2,8,-0.05238150432705879
chr7,1,3,8,-0.008934840559959412
chr7,1,4,8,0.041345641016960144
chr7,1,5,8,-0.050926897674798965
chr7,1,6,8,-0.07182513177394867
chr7,1,7,8,5.790591239929199e-05
chr7,1,8,8,-0.004465892910957336
chr7,1,9,8,0.013665653765201569
chr7,1,10,8,-0.017070479691028595
chr7,1,11,8,0.04575026035308838
chr7,2,0,8,-0.03196227550506592
chr7,2,1,8,-0.032382138073444366
chr7,2,2,8,0.0023242905735969543
chr7,2,3,8,-0.12606418132781982
chr7,2,4,8,0.0684010311961174
chr7,2,5,8,0.0861050933599472
chr7,2,6,8,-0.021777145564556122
chr7,2,7,8,-0.05055404454469681
chr7,2,8,8,-0.002146884799003601
chr7,2,9,8,0.0012561753392219543
chr7,2,10,8,0.11161047220230103
chr7,2,11,8,-0.0309273861348629
chr7,3,0,8,-0.003704652190208435
chr7,3,1,8,-0.04733408987522125
chr7,3,2,8,0.023911762982606888
chr7,3,3,8,0.012472651898860931
chr7,3,4,8,0.01749672368168831
chr7,3,5,8,-0.05290384963154793
chr7,3,6,8,-0.035715676844120026
chr7,3,7,8,-0.041796863079071045
chr7,3,8,8,-0.036420032382011414
chr7,3,9,8,-0.011697977781295776
chr7,3,10,8,0.0370393842458725
chr7,3,11,8,-0.019941546022892
chr7,4,0,8,-0.0629751905798912
chr7,4,1,8,-0.01192367635667324
chr7,4,2,8,-0.02814250811934471
chr7,4,3,8,0.00022046850062906742
chr7,4,4,8,-0.07917946577072144
chr7,4,5,8,-0.01413758099079132
chr7,4,6,8,0.022746481001377106
chr7,4,7,8,0.07116269320249557
chr7,4,8,8,-0.03685969114303589
chr7,4,9,8,0.03416183590888977
chr7,4,10,8,-0.015029102563858032
chr7,4,11,8,-0.004085851833224297
chr7,5,0,8,-0.01479022204875946
chr7,5,1,8,-0.03276878595352173
chr7,5,2,8,-0.016968362033367157
chr7,5,3,8,0.002016679383814335
chr7,5,4,8,-0.0019495708402246237
chr7,5,5,8,0.015562690794467926
chr7,5,6,8,0.05409174785017967
chr7,5,7,8,-0.013451611623167992
chr7,5,8,8,-0.0022378936409950256
chr7,5,9,8,0.04016938805580139
chr7,5,10,8,0.0019080210477113724
chr7,5,11,8,0.045147716999053955
chr7,6,0,8,0.002742782235145569
chr7,6,1,8,-0.0037664170376956463
chr7,6,2,8,0.0025405660271644592
chr7,6,3,8,-0.11628549546003342
chr7,6,4,8,-0.004636732861399651
chr7,6,5,8,-0.004695311188697815
chr7,6,6,8,0.025542743504047394
chr7,6,7,8,0.11314424872398376
chr7,6,8,8,0.007965102791786194
chr7,6,9,8,0.02708284556865692
chr7,6,10,8,0.021861162036657333
chr7,6,11,8,0.04929424077272415
chr7,7,0,8,-0.03840870410203934
chr7,7,1,8,0.2944316864013672
chr7,7,2,8,-0.03729452192783356
chr7,7,3,8,0.21633802354335785
chr7,7,4,8,0.040128082036972046
chr7,7,5,8,0.04651586711406708
chr7,7,6,8,0.05986151099205017
chr7,7,7,8,0.10877218842506409
chr7,7,8,8,-0.006191432476043701
chr7,7,9,8,0.020853787660598755
chr7,7,10,8,0.1733037531375885
chr7,7,11,8,0.2270355522632599
chr7,8,0,8,-0.05543298274278641
chr7,8,1,8,-0.029203206300735474
chr7,8,2,8,-0.09820955991744995
chr7,8,3,8,0.04071818292140961
chr7,8,4,8,0.027971481904387474
chr7,8,5,8,0.027629893273115158
chr7,8,6,8,0.050689008086919785
chr7,8,7,8,-0.0008551469072699547
chr7,8,8,8,-0.07813555747270584
chr7,8,9,8,-0.010917410254478455
chr7,8,10,8,-0.0011785775423049927
chr7,8,11,8,-0.010632765479385853
chr7,9,0,8,-0.004362545907497406
chr7,9,1,8,-0.047331735491752625
chr7,9,2,8,-0.055426470935344696
chr7,9,3,8,0.036800317466259
chr7,9,4,8,0.0465935543179512
chr7,9,5,8,-0.02442903444170952
chr7,9,6,8,0.13432618975639343
chr7,9,7,8,0.031100384891033173
chr7,9,8,8,-0.05694792419672012
chr7,9,9,8,0.04982586205005646
chr7,9,10,8,-0.0579553097486496
chr7,9,11,8,0.0043821558356285095
chr7,10,0,8,0.014705516397953033
chr7,10,1,8,-0.00118304044008255
chr7,10,2,8,0.03953365236520767
chr7,10,3,8,-0.012182336300611496
chr7,10,4,8,0.03161945194005966
chr7,10,5,8,-0.021488726139068604
chr7,10,6,8,-0.00039777159690856934
chr7,10,7,8,0.019974399358034134
chr7,10,8,8,0.0564437136054039
chr7,10,9,8,-0.051521673798561096
chr7,10,10,8,0.028994053602218628
chr7,10,11,8,0.0003363490104675293
chr7,11,0,8,0.06627826392650604
chr7,11,1,8,0.04377099126577377
chr7,11,2,8,-0.0070835500955581665
chr7,11,3,8,0.0020906776189804077
chr7,11,4,8,0.1414850354194641
chr7,11,5,8,0.041215963661670685
chr7,11,6,8,-0.041322387754917145
chr7,11,7,8,-0.04199325665831566
chr7,11,8,8,0.0605049803853035
chr7,11,9,8,-0.055699460208415985
chr7,11,10,8,0.036896027624607086
chr7,11,11,8,0.0946018397808075
chr8,0,0,13,0.010881703346967697
chr8,0,1,13,-0.00400926498696208
chr8,0,2,13,0.0017548203468322754
chr8,0,3,13,-0.006751323118805885
chr8,0,4,13,-0.0005483045824803412
chr8,0,5,13,-0.020168226212263107
chr8,0,6,13,-0.02097383886575699
chr8,0,7,13,0.02416781336069107
chr8,0,8,13,-0.007893355563282967
chr8,0,9,13,-0.003779521444812417
chr8,0,10,13,-0.0154441362246871
chr8,0,11,13,-0.008798351511359215
chr8,1,0,13,-0.015848232433199883
chr8,1,1,13,0.039817310869693756
chr8,1,2,13,-0.018756018951535225
chr8,1,3,13,-0.039641372859478
chr8,1,4,13,-0.005783881060779095
chr8,1,5,13,-0.03820619732141495
chr8,1,6,13,0.08195681124925613
chr8,1,7,13,-0.009678308852016926
chr8,1,8,13,0.02433076687157154
chr8,1,9,13,-0.015494158491492271
chr8,1,10,13,-0.006655665580183268
chr8,1,11,13,-0.12346138060092926
chr8,2,0,13,0.005689996760338545
chr8,2,1,13,0.0705024003982544
chr8,2,2,13,0.07053924351930618
chr8,2,3,13,-0.056514643132686615
chr8,2,4,13,-0.06051301956176758
chr8,2,5,13,0.02796093560755253
chr8,2,6,13,0.03235303983092308
chr8,2,7,13,-0.032143156975507736
chr8,2,8,13,0.0007243019063025713
chr8,2,9,13,-0.036513812839984894
chr8,2,10,13,-0.18142308294773102
chr8,2,11,13,0.1397329419851303
chr8,3,0,13,-0.03680381551384926
chr8,3,1,13,0.04966713860630989
chr8,3,2,13,0.1516251266002655
chr8,3,3,13,0.00520906550809741
chr8,3,4,13,-0.04593381658196449
chr8,3,5,13,-0.008662962354719639
chr8,3,6,13,-0.04304547607898712
chr8,3,7,13,0.003599556628614664
chr8,3,8,13,0.0019713090732693672
chr8,3,9,13,-0.027271660044789314
chr8,3,10,13,-0.035815026611089706
chr8,3,11,13,-0.042810503393411636
chr8,4,0,13,-0.039215847849845886
chr8,4,1,13,-0.026327716186642647
chr8,4,2,13,-0.018102748319506645
chr8,4,3,13,-0.03718894347548485
chr8,4,4,13,-0.06977926939725876
chr8,4,5,13,0.02733408473432064
chr8,4,6,13,-0.02808486483991146
chr8,4,7,13,-0.025723107159137726
chr8,4,8,13,-0.008407221175730228
chr8,4,9,13,-0.009921298362314701
chr8,4,10,13,-0.08644439280033112
chr8,4,11,13,0.00431718397885561
chr8,5,0,13,-0.08715352416038513
chr8,5,1,13,-0.023898281157016754
chr8,5,2,13,0.00708859134465456
chr8,5,3,13,-0.003794946940615773
chr8,5,4,13,-0.02656262181699276
chr8,5,5,13,-0.0368972048163414
chr8,5,6,13,-0.025086812674999237
chr8,5,7,13,0.013597107492387295
chr8,5,8,13,-0.023996463045477867
chr8,5,9,13,-0.15997235476970673
chr8,5,10,13,-0.03803648799657822
chr8,5,11,13,-0.14161929488182068
chr8,6,0,13,-0.010537344962358475
chr8,6,1,13,-0.033446118235588074
chr8,6,2,13,-0.02355051413178444
chr8,6,3,13,-0.07786349207162857
chr8,6,4,13,-0.033762965351343155
chr8,6,5,13,-0.04634954407811165
chr8,6,6,13,0.009799554012715816
chr8,6,7,13,-0.06649425625801086
chr8,6,8,13,0.016559766605496407
chr8,6,9,13,-0.13293340802192688
chr8,6,10,13,-0.07069846242666245
chr8,6,11,13,-0.07501549273729324
chr8,7,0,13,-0.016372906044125557
chr8,7,1,13,-0.18383535742759705
chr8,7,2,13,-0.01449654158204794
chr8,7,3,13,-0.07627765089273453
chr8,7,4,13,-0.02598942443728447
chr8,7,5,13,-0.05044883117079735
chr8,7,6,13,-0.14385837316513062
chr8,7,7,13,-0.12180061638355255
chr8,7,8,13,-0.006376055534929037
chr8,7,9,13,-0.0345991775393486
chr8,7,10,13,-0.3018204867839813
chr8,7,11,13,-0.043509118258953094
chr8,8,0,13,-0.019539929926395416
chr8,8,1,13,0.03281624987721443
chr8,8,2,13,-0.12601782381534576
chr8,8,3,13,-0.05281132459640503
chr8,8,4,13,-0.07943598181009293
chr8,8,5,13,-0.03469651937484741
chr8,8,6,13,-0.04921448230743408
chr8,8,7,13,0.004650572780519724
chr8,8,8,13,-0.004123848397284746
chr8,8,9,13,-0.01202439796179533
chr8,8,10,13,0.026671286672353745
chr8,8,11,13,-0.02497287653386593
chr8,9,0,13,0.04737563803792
chr8,9,1,13,-0.013847799971699715
chr8,9,2,13,0.013367226347327232
chr8,9,3,13,-0.09254541993141174
chr8,9,4,13,-0.02502300590276718
chr8,9,5,13,-0.023006705567240715
chr8,9,6,13,-0.03553298860788345
chr8,9,7,13,0.0038503247778862715
chr8,9,8,13,0.0005001288373023272
chr8,9,9,13,-0.009149711579084396
chr8,9,10,13,-0.003995528444647789
chr8,9,11,13,-0.08576644957065582
chr8,10,0,13,-0.022382337599992752
chr8,10,1,13,-0.02687736600637436
chr8,10,2,13,-0.013503496535122395
chr8,10,3,13,-0.028210271149873734
chr8,10,4,13,0.008876116946339607
chr8,10,5,13,0.006123577244579792
chr8,10,6,13,0.06062333285808563
chr8,10,7,13,0.042636431753635406
chr8,10,8,13,-0.0016137086786329746
chr8,10,9,13,0.0031419305596500635
chr8,10,10,13,0.0076271845027804375
chr8,10,11,13,-0.047096990048885345
chr8,11,0,13,-0.0004131564637646079
chr8,11,1,13,0.003744336310774088
chr8,11,2,13,-0.07657977938652039
chr8,11,3,13,0.027380608022212982
chr8,11,4,13,0.04625166207551956
chr8,11,5,13,-0.08358889073133469
chr8,11,6,13,-0.03782492130994797
chr8,11,7,13,-0.05672271549701691
chr8,11,8,13,-0.005587431136518717
chr8,11,9,13,-0.0034668399021029472
chr8,11,10,13,-0.09150178730487823
chr8,11,11,13,-0.20333367586135864
chr9,0,0,12,0.0071061900816857815
chr9,0,1,12,0.0010987768182531
chr9,0,2,12,-0.0009432633523829281
chr9,0,3,12,0.004527573008090258
chr9,0,4,12,0.0008239308372139931
chr9,0,5,12,0.009850084781646729
chr9,0,6,12,-0.023214155808091164
chr9,0,7,12,0.046584948897361755
chr9,0,8,12,-0.00032704570912756026
chr9,0,9,12,-0.0015545189380645752
chr9,0,10,12,0.020204486325383186
chr9,0,11,12,0.0014786770334467292
chr9,1,0,12,-0.000548462092410773
chr9,1,1,12,0.0020329803228378296
chr9,1,2,12,-0.019328439608216286
chr9,1,3,12,-0.0009368111495859921
chr9,1,4,12,0.033283691853284836
chr9,1,5,12,-0.017103010788559914
chr9,1,6,12,0.01880454272031784
chr9,1,7,12,0.006612782832235098
chr9,1,8,12,0.01741168461740017
chr9,1,9,12,-0.006854464765638113
chr9,1,10,12,0.007939398288726807
chr9,1,11,12,-0.0016540909418836236
chr9,2,0,12,-0.014256104826927185
chr9,2,1,12,-0.08130913227796555
chr9,2,2,12,0.0206951554864645
chr9,2,3,12,-0.06440063565969467
chr9,2,4,12,0.01992512308061123
chr9,2,5,12,0.0023374955635517836
chr9,2,6,12,0.030139999464154243
chr9,2,7,12,0.012346893548965454
chr9,2,8,12,-0.026137730106711388
chr9,2,9,12,0.004071717616170645
chr9,2,10,12,-0.059023138135671616
chr9,2,11,12,0.014315754175186157
chr9,3,0,12,-0.049290597438812256
chr9,3,1,12,-0.023646807298064232
chr9,3,2,12,0.08274594694375992
chr9,3,3,12,-0.014529171399772167
chr9,3,4,12,-0.009830386377871037
chr9,3,5,12,-0.005953267216682434
chr9,3,6,12,0.05087365582585335
chr9,3,7,12,0.07028821110725403
chr9,3,8,12,0.029868582263588905
chr9,3,9,12,0.04223679378628731
chr9,3,10,12,-0.09778609126806259
chr9,3,11,12,0.006416340824216604
chr9,4,0,12,-0.07557530701160431
chr9,4,1,12,0.06858905404806137
chr9,4,2,12,0.06630844622850418
chr9,4,3,12,0.09967800974845886
chr9,4,4,12,0.08032934367656708
chr9,4,5,12,-0.01185828447341919
chr9,4,6,12,0.07018816471099854
chr9,4,7,12,0.15076828002929688
chr9,4,8,12,-0.007322331424802542
chr9,4,9,12,0.06501536816358566
chr9,4,10,12,-0.0388769656419754
chr9,4,11,12,0.06000479683279991
chr9,5,0,12,-0.10408008098602295
chr9,5,1,12,-0.022044798359274864
chr9,5,2,12,0.0242429468780756
chr9,5,3,12,0.10374511033296585
chr9,5,4,12,0.08219193667173386
chr9,5,5,12,0.04789813235402107
chr9,5,6,12,0.025183556601405144
chr9,5,7,12,0.10972484201192856
chr9,5,8,12,-0.0031913320999592543
chr9,5,9,12,-0.04813027009367943
chr9,5,10,12,0.035866618156433105
chr9,5,11,12,-0.054596949368715286
chr9,6,0,12,-0.04154577478766441
chr9,6,1,12,-0.0014821458607912064
chr9,6,2,12,0.059670764952898026
chr9,6,3,12,0.1464695781469345
chr9,6,4,12,0.013573487289249897
chr9,6,5,12,-0.0009638207848183811
chr9,6,6,12,-0.0005729130352847278
chr9,6,7,12,-0.011606167070567608
chr9,6,8,12,0.013356775045394897
chr9,6,9,12,-0.005857686046510935
chr9,6,10,12,-0.02373899519443512
chr9,6,11,12,0.01454155147075653
chr9,7,0,12,0.053817421197891235
chr9,7,1,12,0.14060811698436737
chr9,7,2,12,0.05410851165652275
chr9,7,3,12,0.06904330104589462
chr9,7,4,12,0.008828786201775074
chr9,7,5,12,0.05314671993255615
chr9,7,6,12,0.05512737110257149
chr9,7,7,12,0.06393596529960632
chr9,7,8,12,0.0057329535484313965
chr9,7,9,12,-0.008315712213516235
chr9,7,10,12,0.1105109378695488
chr9,7,11,12,0.15586581826210022
chr9,8,0,12,0.08508211374282837
chr9,8,1,12,-0.0026010621804744005
chr9,8,2,12,0.25584158301353455
chr9,8,3,12,0.0443965308368206
chr9,8,4,12,0.10436270385980606
chr9,8,5,12,0.025136010721325874
chr9,8,6,12,-0.04581458494067192
chr9,8,7,12,0.014040526933968067
chr9,8,8,12,-0.04782732203602791
chr9,8,9,12,0.10651091486215591
chr9,8,10,12,0.053019773215055466
chr9,8,11,12,0.014523126184940338
chr9,9,0,12,-0.005764707922935486
chr9,9,1,12,0.054424818605184555
chr9,9,2,12,0.056410759687423706
chr9,9,3,12,0.14371947944164276
chr9,9,4,12,0.10359373688697815
chr9,9,5,12,0.022192224860191345
chr9,9,6,12,0.0678512379527092
chr9,9,7,12,0.04763065651059151
chr9,9,8,12,-0.006939694285392761
chr9,9,9,12,0.03917442634701729
chr9,9,10,12,-0.013958538882434368
chr9,9,11,12,0.052093058824539185
chr9,10,0,12,-0.013514240272343159
chr9,10,1,12,-0.04011978581547737
chr9,10,2,12,0.025973215699195862
chr9,10,3,12,0.035834211856126785
chr9,10,4,12,0.08987834304571152
chr9,10,5,12,0.0359700582921505
chr9,10,6,12,0.0387314148247242
chr9,10,7,12,0.008879616856575012
chr9,10,8,12,0.026831308379769325
chr9,10,9,12,0.007222751621156931
chr9,10,10,12,0.013489549048244953
chr9,10,11,12,0.02683318220078945
chr9,11,0,12,0.017409106716513634
chr9,11,1,12,-0.08727362006902695
chr9,11,2,12,-0.013382474891841412
chr9,11,3,12,0.04021032899618149
chr9,11,4,12,0.06823691725730896
chr9,11,5,12,-0.015749236568808556
chr9,11,6,12,0.013510112650692463
chr9,11,7,12,0.027968531474471092
chr9,11,8,12,0.005420734640210867
chr9,11,9,12,-0.006868377327919006
chr9,11,10,12,-0.06689964979887009
chr9,11,11,12,0.05121125653386116
chrX,0,0,7,-0.022873947396874428
chrX,0,1,7,-0.004538800101727247
chrX,0,2,7,0.01920214667916298
chrX,0,3,7,0.004546631593257189
chrX,0,4,7,0.0008523755823262036
chrX,0,5,7,0.06780153512954712
chrX,0,6,7,0.07411624491214752
chrX,0,7,7,0.0723518580198288
chrX,0,8,7,0.0063141412101686
chrX,0,9,7,-0.010801179334521294
chrX,0,10,7,0.008576853200793266
chrX,0,11,7,0.018814299255609512
chrX,1,0,7,0.0396249033510685
chrX,1,1,7,0.06924042850732803
chrX,1,2,7,-0.039206087589263916
chrX,1,3,7,0.1039397343993187
chrX,1,4,7,-0.027553707361221313
chrX,1,5,7,0.017519686371088028
chrX,1,6,7,0.026011815294623375
chrX,1,7,7,0.018050329759716988
chrX,1,8,7,-0.025479478761553764
chrX,1,9,7,-0.030300889164209366
chrX,1,10,7,0.027535991743206978
chrX,1,11,7,0.06766071170568466
chrX,2,0,7,0.032249707728624344
chrX,2,1,7,-0.026798877865076065
chrX,2,2,7,0.0986577495932579
chrX,2,3,7,0.10661965608596802
chrX,2,4,7,0.0062898313626646996
chrX,2,5,7,0.04825639724731445
chrX,2,6,7,0.0494428351521492
chrX,2,7,7,0.044151246547698975
chrX,2,8,7,0.007695402484387159
chrX,2,9,7,0.08236461132764816
chrX,2,10,7,-0.0750206783413887
chrX,2,11,7,0.184160977602005
chrX,3,0,7,0.03650619462132454
chrX,3,1,7,0.06509784609079361
chrX,3,2,7,0.2489335536956787
chrX,3,3,7,0.03191918879747391
chrX,3,4,7,0.012350363656878471
chrX,3,5,7,0.012410925701260567
chrX,3,6,7,-0.026165714487433434
chrX,3,7,7,0.04962534457445145
chrX,3,8,7,0.08703161776065826
chrX,3,9,7,0.12930531799793243
chrX,3,10,7,-0.029406309127807617
chrX,3,11,7,0.08783496916294098
chrX,4,0,7,0.0786132887005806
chrX,4,1,7,0.02625805139541626
chrX,4,2,7,-0.00153642357327044
chrX,4,3,7,-0.0030910042114555836
chrX,4,4,7,0.038682203739881516
chrX,4,5,7,-0.10043977200984955
chrX,4,6,7,-0.008916990831494331
chrX,4,7,7,0.04256129264831543
chrX,4,8,7,-0.03264627233147621
chrX,4,9,7,0.11333288997411728
chrX,4,10,7,-0.08403090387582779
chrX,4,11,7,-0.05892201513051987
chrX,5,0,7,0.12174233049154282
chrX,5,1,7,0.0065068090334534645
chrX,5,2,7,0.017651470378041267
chrX,5,3,7,5.182810127735138e-06
chrX,5,4,7,0.051817603409290314
chrX,5,5,7,0.16332736611366272
chrX,5,6,7,0.025135664269328117
chrX,5,7,7,-0.007845938205718994
chrX,5,8,7,-0.005890250205993652
chrX,5,9,7,0.018745286390185356
chrX,5,10,7,0.05482799559831619
chrX,5,11,7,0.026730690151453018
chrX,6,0,7,0.028136124834418297
chrX,6,1,7,-0.016209209337830544
chrX,6,2,7,-0.0315118245780468
chrX,6,3,7,0.08790846914052963
chrX,6,4,7,0.04303622990846634
chrX,6,5,7,0.07135386019945145
chrX,6,6,7,0.0386543944478035
chrX,6,7,7,-0.022345175966620445
chrX,6,8,7,0.001754036988131702
chrX,6,9,7,-0.024004587903618813
chrX,6,10,7,0.03141479566693306
chrX,6,11,7,0.06108817830681801
chrX,7,0,7,0.010696624405682087
chrX,7,1,7,0.25133031606674194
chrX,7,2,7,0.03557774797081947
chrX,7,3,7,0.15282627940177917
chrX,7,4,7,0.027227146551012993
chrX,7,5,7,0.019326863810420036
chrX,7,6,7,0.13932307064533234
chrX,7,7,7,0.08904894441366196
chrX,7,8,7,-0.018065443262457848
chrX,7,9,7,-0.01721733808517456
chrX,7,10,7,0.3460176885128021
chrX,7,11,7,0.20322023332118988
chrX,8,0,7,0.08633434027433395
chrX,8,1,7,0.03977471590042114
chrX,8,2,7,0.42695173621177673
chrX,8,3,7,0.14126883447170258
chrX,8,4,7,0.1981876641511917
chrX,8,5,7,0.07517844438552856
chrX,8,6,7,-0.07887915521860123
chrX,8,7,7,-0.005323201417922974
chrX,8,8,7,0.008978639729321003
chrX,8,9,7,0.057135216891765594
chrX,8,10,7,0.06448815017938614
chrX,8,11,7,0.040860336273908615
chrX,9,0,7,0.01037678588181734
chrX,9,1,7,0.006896751467138529
chrX,9,2,7,-0.0023180246353149414
chrX,9,3,7,0.2876184582710266
chrX,9,4,7,0.09959672391414642
chrX,9,5,7,0.00039056901005096734
chrX,9,6,7,0.13016942143440247
chrX,9,7,7,-0.02183305099606514
chrX,9,8,7,0.015179659239947796
chrX,9,9,7,0.05453682690858841
chrX,9,10,7,-0.024675888940691948
chrX,9,11,7,0.13151200115680695
chrX,10,0,7,-0.04630137234926224
chrX,10,1,7,0.012858782894909382
chrX,10,2,7,0.03968723490834236
chrX,10,3,7,0.09439682960510254
chrX,10,4,7,0.1183830127120018
chrX,10,5,7,0.016733165830373764
chrX,10,6,7,-0.006199436727911234
chrX,10,7,7,0.09430412203073502
chrX,10,8,7,0.028624985367059708
chrX,10,9,7,0.0021454605739563704
chrX,10,10,7,0.13962072134017944
chrX,10,11,7,0.09365498274564743
chrX,11,0,7,0.017976658418774605
chrX,11,1,7,-0.1848078817129135
chrX,11,2,7,-0.02312544360756874
chrX,11,3,7,0.03233746811747551
chrX,11,4,7,-0.0498872809112072
chrX,11,5,7,-0.03003416396677494
chrX,11,6,7,0.022861825302243233
chrX,11,7,7,0.0476764552295208
chrX,11,8,7,-0.045132339000701904
chrX,11,9,7,-0.0019525204552337527
chrX,11,10,7,0.04065487161278725
chrX,11,11,7,0.035944998264312744
