chromosome,layer,head,pairs,mean
chr1,0,0,27,-0.009857239514500633
chr1,0,1,27,-0.07537362468136823
chr1,0,2,27,-0.037209935875074755
chr1,0,3,27,0.021459176858139008
chr1,0,4,27,0.021502185771565027
chr1,0,5,27,-0.013235048405879126
chr1,0,6,27,0.032409011275713516
chr1,0,7,27,-0.011385207489303948
chr1,0,8,27,-0.08223117273378898
chr1,0,9,27,-0.016101717925956074
chr1,0,10,27,-0.015424640877138397
chr1,0,11,27,-0.006784742607006982
chr1,1,0,27,-0.07771908165634026
chr1,1,1,27,0.03803680555158673
chr1,1,2,27,0.06890281987832837
chr1,1,3,27,-0.016798796322759713
chr1,1,4,27,-0.0004424271954312611
chr1,1,5,27,0.03311496725695298
chr1,1,6,27,-0.021803404951300582
chr1,1,7,27,0.00036441798951687953
chr1,1,8,27,0.11155660846362331
chr1,1,9,27,-0.043535127103894046
chr1,1,10,27,0.06339650044873835
chr1,1,11,27,-0.06668805216039068
chr1,2,0,27,-0.0562154401330769
chr1,2,1,27,0.038942930096584547
chr1,2,2,27,-0.026323234010456224
chr1,2,3,27,-0.013674974359098013
chr1,2,4,27,-0.003155592701405468
chr1,2,5,27,-0.02490299120900649
chr1,2,6,27,-0.07182329883997611
chr1,2,7,27,-0.04979110720207589
chr1,2,8,27,-0.06416843484331175
chr1,2,9,27,-0.13464814813902182
chr1,2,10,27,-0.05629552713085744
chr1,2,11,27,-0.08437640183586302
chr1,3,0,27,-0.006508895072756075
chr1,3,1,27,0.003696430434125079
chr1,3,2,27,0.06703559860845244
chr1,3,3,27,0.10621163151275656
chr1,3,4,27,0.018936815667447985
chr1,3,5,27,-0.00850189222220977
chr1,3,6,27,0.048218427666443416
chr1,3,7,27,0.061684658225086564
chr1,3,8,27,0.03818769029606383
chr1,3,9,27,-0.07826361880429991
chr1,3,10,27,0.017616875100818892
chr1,3,11,27,-0.09340774696156838
chr1,4,0,27,0.06703244090281513
chr1,4,1,27,0.07796043761549436
chr1,4,2,27,0.0896013236337631
chr1,4,3,27,-0.03770256464336871
chr1,4,4,27,-0.01941044310086564
chr1,4,5,27,0.07193508975746928
chr1,4,6,27,0.04704966221974325
chr1,4,7,27,0.028744709188143053
chr1,4,8,27,0.0535538584165837
chr1,4,9,27,-0.008614421406346008
chr1,4,10,27,0.03558882207705678
chr1,4,11,27,0.10983474447701001
chr1,5,0,27,-0.05424961385470681
chr1,5,1,27,-0.05207593591302521
chr1,5,2,27,-0.035553259581143665
chr1,5,3,27,-0.13226201837910934
chr1,5,4,27,-0.0014443251098262915
chr1,5,5,27,0.06198876921171669
chr1,5,6,27,-0.09005005113516866
chr1,5,7,27,-0.08290232292729074
chr1,5,8,27,-0.08483301358210114
chr1,5,9,27,-0.07559673026706755
chr1,5,10,27,-0.09507941600657592
chr1,5,11,27,-0.007359643902702774
chr1,6,0,27,-0.04581021851828731
chr1,6,1,27,-0.06356096658716955
chr1,6,2,27,0.05959806883687659
chr1,6,3,27,0.06777373479826816
chr1,6,4,27,0.018958084863984804
chr1,6,5,27,0.10129531206717732
chr1,6,6,27,0.0934311103541582
chr1,6,7,27,0.07324031885233137
chr1,6,8,27,0.0004003229855255606
chr1,6,9,27,0.06870352279756445
chr1,6,10,27,-0.014829289381955183
chr1,6,11,27,0.018084627221570535
chr1,7,0,27,-0.07050174075599173
chr1,7,1,27,0.0690164590280699
chr1,7,2,27,0.010690778484790456
chr1,7,3,27,0.07365705409240174
chr1,7,4,27,0.02090892829588519
chr1,7,5,27,-0.0030401898028380807
chr1,7,6,27,0.04785455167485964
chr1,7,7,27,0.10184238070197396
chr1,7,8,27,0.07241577505095163
chr1,7,9,27,0.07570762419647616
chr1,7,10,27,-0.049756226370564
chr1,7,11,27,0.034229866933116894
chr1,8,0,27,0.10646785839423924
chr1,8,1,27,-0.045053633297689515
chr1,8,2,27,0.07458899162627214
chr1,8,3,27,0.04058329037688491
chr1,8,4,27,-0.02017039064378845
chr1,8,5,27,0.0744348683357912
chr1,8,6,27,0.0013314073524333084
chr1,8,7,27,0.11107501065633744
chr1,8,8,27,-0.05314778353739137
chr1,8,9,27,0.035525165861192816
chr1,8,10,27,-0.01174647497622695
chr1,8,11,27,-0.02815128711620394
chr1,9,0,27,0.04327930648508419
chr1,9,1,27,0.03369776454172689
chr1,9,2,27,0.05324122818198238
chr1,9,3,27,-0.022096176043745423
chr1,9,4,27,0.1067492232558039
chr1,9,5,27,-0.0012205080642771749
chr1,9,6,27,0.09927665729061284
chr1,9,7,27,0.006145748528800317
chr1,9,8,27,0.02305479651377682
chr1,9,9,27,-0.04697709448649907
chr1,9,10,27,0.019162115514677686
chr1,9,11,27,0.15674097663632822
chr1,10,0,27,0.04557674967291552
chr1,10,1,27,0.0360343300620731
chr1,10,2,27,-0.015926938126504565
chr1,10,3,27,0.052929603967089574
chr1,10,4,27,0.02798949017515008
chr1,10,5,27,0.01360544202045927
chr1,10,6,27,0.011949059114338224
chr1,10,7,27,0.06039185558868487
chr1,10,8,27,-0.009424997151256623
chr1,10,9,27,-0.03434111772091398
chr1,10,10,27,-0.0075557634726685355
chr1,10,11,27,0.07958863178820016
chr1,11,0,27,-0.03608104437965966
chr1,11,1,27,-0.01431144140409251
chr1,11,2,27,-0.03102496119613204
chr1,11,3,27,-0.028396161664338646
chr1,11,4,27,-0.056623556711661756
chr1,11,5,27,0.02081144917202887
chr1,11,6,27,0.04790410623260205
chr1,11,7,27,0.02000986132072196
chr1,11,8,27,-0.12031247741940941
chr1,11,9,27,-0.08020570153732456
chr1,11,10,27,-0.02048370922805716
chr1,11,11,27,-0.02434190941306294
chr10,0,0,9,-0.0663136764766773
chr10,0,1,9,-0.10419196218033958
chr10,0,2,9,0.0022621959461671024
chr10,0,3,9,-0.020032563476241147
chr10,0,4,9,0.02993143641254299
chr10,0,5,9,-0.09772306956841871
chr10,0,6,9,-0.09665413096519265
chr10,0,7,9,-0.004414033525266151
chr10,0,8,9,-0.005293984827682199
chr10,0,9,9,0.04580838608256548
chr10,0,10,9,-0.02323843339665019
chr10,0,11,9,-0.009502864377334282
chr10,1,0,9,0.08239580226995517
chr10,1,1,9,-0.05541410941732506
chr10,1,2,9,-0.08420648794705211
chr10,1,3,9,-0.05607447285973894
chr10,1,4,9,0.015983240892904548
chr10,1,5,9,-0.10577395007898432
chr10,1,6,9,0.012255495316741635
chr10,1,7,9,-0.0009985148531895065
chr10,1,8,9,-0.027066300675136164
chr10,1,9,9,-0.03180695839914961
chr10,1,10,9,0.12445006649441513
chr10,1,11,9,-0.07983631651035002
chr10,2,0,9,-0.08013264653652663
chr10,2,1,9,0.022053474551041913
chr10,2,2,9,0.05664580570862262
chr10,2,3,9,-0.13768895471150217
chr10,2,4,9,0.01007870207282686
chr10,2,5,9,-0.0996588086026222
chr10,2,6,9,-0.1334721530668922
chr10,2,7,9,-0.044956926951351686
chr10,2,8,9,0.03211425101446677
chr10,2,9,9,-0.03969028887792703
chr10,2,10,9,-0.19910334468099047
chr10,2,11,9,-0.0003103592937044296
chr10,3,0,9,0.01785041417471949
chr10,3,1,9,0.13850527490027945
chr10,3,2,9,0.18804873178768386
chr10,3,3,9,0.04585682520820567
chr10,3,4,9,-0.09432096698729434
chr10,3,5,9,-0.05582909590029777
chr10,3,6,9,0.0887181960156769
chr10,3,7,9,0.06503548767774643
chr10,3,8,9,0.1277828815663566
chr10,3,9,9,0.07070311060068397
chr10,3,10,9,-0.0739624680476559
chr10,3,11,9,0.026758890503602292
chr10,4,0,9,-0.07913753138464791
chr10,4,1,9,-0.061147240346288365
chr10,4,2,9,-0.01852284483442101
chr10,4,3,9,0.12750739888255896
chr10,4,4,9,-0.11289932913495315
chr10,4,5,9,0.012353208557199334
chr10,4,6,9,0.05955237932987228
chr10,4,7,9,0.09438509413991858
chr10,4,8,9,0.09467945438434118
chr10,4,9,9,0.1339443989405681
chr10,4,10,9,0.049438276393955455
chr10,4,11,9,0.054746956629220085
chr10,5,0,9,-0.11387172405884624
chr10,5,1,9,-0.14196402660286458
chr10,5,2,9,-0.1247870797188537
chr10,5,3,9,0.08227647744828372
chr10,5,4,9,-0.06623346426627874
chr10,5,5,9,-0.05499551815898085
chr10,5,6,9,-0.02106586016438815
chr10,5,7,9,0.018956212427234664
chr10,5,8,9,-0.1897115965558705
chr10,5,9,9,-0.040292996679404905
chr10,5,10,9,0.023532583779920607
chr10,5,11,9,-0.20750538879929092
chr10,6,0,9,0.0007735370252396777
chr10,6,1,9,0.028893525237371726
chr10,6,2,9,0.06983250420233901
chr10,6,3,9,0.11751619966268878
chr10,6,4,9,0.03552098364889646
chr10,6,5,9,0.13610049425357584
chr10,6,6,9,0.014799055649029565
chr10,6,7,9,0.025921848009670997
chr10,6,8,9,-0.04779948658921486
chr10,6,9,9,0.12102886491988468
chr10,6,10,9,0.01793183223317485
chr10,6,11,9,0.09762238444268455
chr10,7,0,9,0.061702116743896064
chr10,7,1,9,-0.10166639762099547
chr10,7,2,9,0.02387163196754067
chr10,7,3,9,-0.022406160814459578
chr10,7,4,9,-0.009730699604282515
chr10,7,5,9,-0.08198022867941912
chr10,7,6,9,0.0632295899632447
chr10,7,7,9,0.060146751283456173
chr10,7,8,9,-0.07446722827595272
chr10,7,9,9,-0.07334073998378668
chr10,7,10,9,0.08597571356539953
chr10,7,11,9,-0.015644726865624285
chr10,8,0,9,0.17230325688880116
chr10,8,1,9,0.08775991962331708
chr10,8,2,9,0.14426059140779493
chr10,8,3,9,0.006430589314953741
chr10,8,4,9,-0.07641965648751059
chr10,8,5,9,0.010373389185718162
chr10,8,6,9,-0.08703044097982567
chr10,8,7,9,0.004755304863429458
chr10,8,8,9,0.1780519355207919
chr10,8,9,9,0.13147736543265398
chr10,8,10,9,0.07276014454103598
chr10,8,11,9,0.0038401271636799416
chr10,9,0,9,-0.07475399616695144
chr10,9,1,9,0.10959235649690013
chr10,9,2,9,0.1958046066491324
chr10,9,3,9,-0.00711187417476273
chr10,9,4,9,-0.055585471589419705
chr10,9,5,9,-0.056443736227153964
chr10,9,6,9,0.11765304132632834
chr10,9,7,9,-0.1351509803535497
chr10,9,8,9,0.0959024930640889
chr10,9,9,9,0.02637615278772897
chr10,9,10,9,-0.0166966410373879
chr10,9,11,9,-0.08860025159975615
chr10,10,0,9,0.047256392127585596
chr10,10,1,9,-0.011463896250645133
chr10,10,2,9,0.06465909777581642
chr10,10,3,9,0.12293998584015586
chr10,10,4,9,0.06362178590301232
chr10,10,5,9,-0.05123537349897803
chr10,10,6,9,0.022348132301119053
chr10,10,7,9,-0.0043051513359656885
chr10,10,8,9,0.04436558729839276
chr10,10,9,9,0.0627987101658824
chr10,10,10,9,-0.07953551874238313
chr10,10,11,9,-0.039795523606648994
chr10,11,0,9,0.1680263924832682
chr10,11,1,9,-0.00349215034600717
chr10,11,2,9,-0.05681341012700752
chr10,11,3,9,0.08134274162246859
chr10,11,4,9,0.1187647950645606
chr10,11,5,9,-0.06784200231883311
chr10,11,6,9,0.012720471106184468
chr10,11,7,9,0.012121951854614213
chr10,11,8,9,0.06129590941968524
chr10,11,9,9,0.09608520361388401
chr10,11,10,9,-0.13874315539017315
chr10,11,11,9,-0.09933109746769948
chr11,0,0,6,0.23765170091652868
chr11,0,1,6,-0.05898654194048536
chr11,0,2,6,0.0874879044558597
chr11,0,3,6,-0.1626016558361663
chr11,0,4,6,-0.012400961138458738
chr11,0,5,6,0.014415603138314208
chr11,0,6,6,-0.1554248466690962
chr11,0,7,6,0.2117466247221782
chr11,0,8,6,0.13125545991942275
chr11,0,9,6,0.03117273184860182
chr11,0,10,6,-0.27325332320286194
chr11,0,11,6,0.09747909185406002
chr11,1,0,6,0.25660387918411626
chr11,1,1,6,0.08028779208668707
chr11,1,2,6,-0.21775716747862875
chr11,1,3,6,-0.025285720415108525
chr11,1,4,6,-0.005102489799817728
chr11,1,5,6,0.06275780213277675
chr11,1,6,6,-0.005116894423326736
chr11,1,7,6,0.011760066816852148
chr11,1,8,6,-0.14916708825836197
chr11,1,9,6,0.09386156415107998
chr11,1,10,6,0.09824680396564406
chr11,1,11,6,0.28757357596689187
chr11,2,0,6,0.16125364861419778
chr11,2,1,6,0.2050938033049948
chr11,2,2,6,0.20672474169826727
chr11,2,3,6,0.22471650456797262
chr11,2,4,6,0.011787839845372183
chr11,2,5,6,0.1539778850854336
chr11,2,6,6,0.18760503895806327
chr11,2,7,6,0.21310460549431995
chr11,2,8,6,0.029920547580766076
chr11,2,9,6,0.340014549495861
chr11,2,10,6,0.12984411115315034
chr11,2,11,6,0.2991550209632682
chr11,3,0,6,-0.12439764982803077
chr11,3,1,6,0.05735784872733385
chr11,3,2,6,0.22871855828374232
chr11,3,3,6,-0.06645571886534613
chr11,3,4,6,-0.0036443311207794934
chr11,3,5,6,0.24757789756433723
chr11,3,6,6,0.09592626690668345
chr11,3,7,6,-0.014551475746568352
chr11,3,8,6,0.00305426774008305
chr11,3,9,6,0.31027318877568094
chr11,3,10,6,-0.16034937648897185
chr11,3,11,6,0.3196561124835367
chr11,4,0,6,-0.06435337577749499
chr11,4,1,6,-0.2087281044886028
chr11,4,2,6,-0.12872228122209836
chr11,4,3,6,0.2996266583300369
chr11,4,4,6,-0.07993434944664721
chr11,4,5,6,0.0027812194108099383
chr11,4,6,6,0.25956834189824557
chr11,4,7,6,0.03089575399452746
chr11,4,8,6,-0.07685108055029984
chr11,4,9,6,0.11571277765064059
chr11,4,10,6,-0.13522477966827098
chr11,4,11,6,-0.03217910129021646
chr11,5,0,6,-0.06482271423662299
chr11,5,1,6,-0.03375300717341889
chr11,5,2,6,-0.0571653165069693
chr11,5,3,6,0.006519881938673107
chr11,5,4,6,0.130917137604681
chr11,5,5,6,-0.04641796693824499
chr11,5,6,6,0.14543298428446821
chr11,5,7,6,0.2393348263758265
chr11,5,8,6,-0.09208781749494006
chr11,5,9,6,-0.10000560955928706
chr11,5,10,6,0.10009986141836641
chr11,5,11,6,0.06150522055651294
chr11,6,0,6,-0.17573697401311258
chr11,6,1,6,-0.043901521068410894
chr11,6,2,6,0.08254011473394911
chr11,6,3,6,-0.0051865403368023715
chr11,6,4,6,-0.1729005341844101
chr11,6,5,6,-0.08540364368714769
chr11,6,6,6,-0.07650221101871853
chr11,6,7,6,0.028235978404406784
chr11,6,8,6,-0.03771048670933838
chr11,6,9,6,0.06781577280267721
chr11,6,10,6,-0.22191302778475586
chr11,6,11,6,0.1236383281403753
chr11,7,0,6,0.19683449359836325
chr11,7,1,6,-0.24425877281686273
chr11,7,2,6,0.037696014783870864
chr11,7,3,6,-0.16820945595852507
chr11,7,4,6,-0.09648344746274436
chr11,7,5,6,0.24426278391466508
chr11,7,6,6,-0.154579254700949
chr11,7,7,6,-0.20029709696565912
chr11,7,8,6,-0.21473038961992463
chr11,7,9,6,-0.20155441245177683
chr11,7,10,6,0.1691745380781903
chr11,7,11,6,-0.15002784984621784
chr11,8,0,6,-0.20426422045555473
chr11,8,1,6,-0.04920254446592704
chr11,8,2,6,-0.02494368002579227
chr11,8,3,6,-0.006252651309168282
chr11,8,4,6,0.1594436603692984
chr11,8,5,6,-0.03868548745724811
chr11,8,6,6,-0.0966029461156193
chr11,8,7,6,-0.0733383904442972
chr11,8,8,6,-0.22096747883709056
chr11,8,9,6,-0.3864539067042814
chr11,8,10,6,0.03128702270783369
chr11,8,11,6,0.20886074739399485
chr11,9,0,6,-0.01979627729393361
chr11,9,1,6,-0.05572624620614377
chr11,9,2,6,0.001157272274773737
chr11,9,3,6,0.06031786399816277
chr11,9,4,6,0.08055622299617358
chr11,9,5,6,0.08801591809883343
chr11,9,6,6,-0.05308172547124779
chr11,9,7,6,-0.05008363017655965
chr11,9,8,6,-0.26453007675112455
chr11,9,9,6,-0.2784422555997555
chr11,9,10,6,-0.16265418654674849
chr11,9,11,6,-0.03335011181667138
chr11,10,0,6,-0.06712081078146487
chr11,10,1,6,-0.21948087608246677
chr11,10,2,6,-0.3505258673910523
chr11,10,3,6,0.01678170738038187
chr11,10,4,6,-0.14540229140890742
chr11,10,5,6,-0.20475314466974456
chr11,10,6,6,0.039073049506331524
chr11,10,7,6,0.047748897920721955
chr11,10,8,6,-0.20862977612829225
chr11,10,9,6,-0.15726495518770328
chr11,10,10,6,-0.049261823972082626
chr11,10,11,6,0.020725980529001764
chr11,11,0,6,0.05911740515940142
chr11,11,1,6,0.0336051267315737
chr11,11,2,6,-0.12166967614270745
chr11,11,3,6,0.12634853194680487
chr11,11,4,6,-0.13707777809305127
chr11,11,5,6,0.12646782344255356
chr11,11,6,6,-0.07840506950793709
chr11,11,7,6,-0.20795005210369152
chr11,11,8,6,0.24019068836361845
chr11,11,9,6,0.04977656803383388
chr11,11,10,6,-0.08060602065580558
chr11,11,11,6,-0.09169757344678214
chr12,0,0,12,-0.014783258420001458
chr12,0,1,12,0.016143197147082056
chr12,0,2,12,0.06185817343448147
chr12,0,3,12,0.041813874126571775
chr12,0,4,12,0.061773742265656684
chr12,0,5,12,0.07660477376357883
chr12,0,6,12,0.08341729492683118
chr12,0,7,12,0.07032435892984015
chr12,0,8,12,0.08505748180088048
chr12,0,9,12,-0.06304838280137083
chr12,0,10,12,0.02240682359057757
chr12,0,11,12,0.051934240545908866
chr12,1,0,12,-0.03297466682887756
chr12,1,1,12,0.11054965740390761
chr12,1,2,12,0.06438601241041093
chr12,1,3,12,0.043116933450154375
chr12,1,4,12,0.061172566743489816
chr12,1,5,12,0.09880106870748857
chr12,1,6,12,0.01901497438551646
chr12,1,7,12,0.060984600561078385
chr12,1,8,12,0.10245691331562283
chr12,1,9,12,0.10434621731932588
chr12,1,10,12,-0.05788422753482367
chr12,1,11,12,-0.10864188069180764
chr12,2,0,12,0.12074217235530532
chr12,2,1,12,0.11706402314405151
chr12,2,2,12,0.07357839386407038
chr12,2,3,12,0.13062408362029268
chr12,2,4,12,0.02252285823779822
chr12,2,5,12,0.09331053123713633
chr12,2,6,12,0.13085752844370632
chr12,2,7,12,-0.021452814493778696
chr12,2,8,12,0.16428383318763826
chr12,2,9,12,0.14462430773793147
chr12,2,10,12,-0.026116299858715202
chr12,2,11,12,0.053976151171786446
chr12,3,0,12,0.07157546456125032
chr12,3,1,12,0.07802512556083963
chr12,3,2,12,0.14185371347503856
chr12,3,3,12,0.07069778493900712
chr12,3,4,12,0.008539037694811397
chr12,3,5,12,0.11924454318546802
chr12,3,6,12,0.07856044015488259
chr12,3,7,12,0.17979341669605328
chr12,3,8,12,0.11717588099249986
chr12,3,9,12,0.04806593666334077
chr12,3,10,12,0.030245327591856264
chr12,3,11,12,0.07459436686914889
chr12,4,0,12,-0.13861573564609841
chr12,4,1,12,0.029800009093187266
chr12,4,2,12,0.005553330396121696
chr12,4,3,12,0.15843171844286882
chr12,4,4,12,-0.11393658794701898
chr12,4,5,12,0.09469300986871
chr12,4,6,12,-0.04001698686348095
chr12,4,7,12,0.12407342097115659
chr12,4,8,12,0.005327701039731774
chr12,4,9,12,0.21197358866242266
chr12,4,10,12,0.11950514424955445
chr12,4,11,12,0.09760366940063503
chr12,5,0,12,0.04644267126428503
chr12,5,1,12,0.08546920365094483
chr12,5,2,12,0.08201943643215028
chr12,5,3,12,0.17692811578175557
chr12,5,4,12,0.07010075101229549
chr12,5,5,12,-0.0279426779178195
chr12,5,6,12,0.22185770077007394
chr12,5,7,12,0.1563900143537614
chr12,5,8,12,-0.046250303795915104
chr12,5,9,12,0.14797088845967418
chr12,5,10,12,0.04251071482728445
chr12,5,11,12,0.11878764794565357
chr12,6,0,12,-0.07139419449475098
chr12,6,1,12,0.11146696652503708
chr12,6,2,12,0.06875704391462797
chr12,6,3,12,0.0949994414708878
chr12,6,4,12,0.11489334830498799
chr12,6,5,12,-0.055163552534744136
chr12,6,6,12,0.10547230873058755
chr12,6,7,12,0.029153983729947486
chr12,6,8,12,0.10685099520891365
chr12,6,9,12,-0.04866334515674526
chr12,6,10,12,0.08289836666174082
chr12,6,11,12,-0.005096441717971997
chr12,7,0,12,-0.05800029059570951
chr12,7,1,12,0.021191403153934002
chr12,7,2,12,0.004121853213829851
chr12,7,3,12,0.043181107375092696
chr12,7,4,12,0.04822974289766064
chr12,7,5,12,0.03916023676127985
chr12,7,6,12,0.11468320747875616
chr12,7,7,12,-0.06393417187655345
chr12,7,8,12,0.04311510226463922
chr12,7,9,12,0.05790220784019467
chr12,7,10,12,-0.014185656370289243
chr12,7,11,12,0.0962526778611531
chr12,8,0,12,-0.002967318062900709
chr12,8,1,12,-0.08927498625827551
chr12,8,2,12,0.06465809379148263
chr12,8,3,12,0.054202350784817104
chr12,8,4,12,0.16494661541837077
chr12,8,5,12,0.16081814817739937
chr12,8,6,12,0.07935318222214739
chr12,8,7,12,0.1408457165031127
chr12,8,8,12,-0.10932777398488579
chr12,8,9,12,-0.04806418595097225
chr12,8,10,12,-0.007419173620352419
chr12,8,11,12,0.07233447508788811
chr12,9,0,12,0.03953500620161795
chr12,9,1,12,-0.11219166817461686
chr12,9,2,12,0.0072504400794277295
chr12,9,3,12,0.1405983961951532
chr12,9,4,12,0.07401194800757742
chr12,9,5,12,-0.07579706500111351
chr12,9,6,12,0.01832232764087546
chr12,9,7,12,0.054568737493137544
chr12,9,8,12,-0.1518515413908269
chr12,9,9,12,-0.20708195006939298
chr12,9,10,12,-0.17842915004728388
chr12,9,11,12,0.021864017204831138
chr12,10,0,12,-0.20045710065351516
chr12,10,1,12,-0.015517059479690745
chr12,10,2,12,-0.059567774494068394
chr12,10,3,12,-0.011666707836810217
chr12,10,4,12,0.041841748396984006
chr12,10,5,12,-0.04828307387655518
chr12,10,6,12,-0.009659287898148338
chr12,10,7,12,-0.022040328487353614
chr12,10,8,12,-0.15043652989405082
chr12,10,9,12,-0.11191772126239086
chr12,10,10,12,0.2570527481065589
chr12,10,11,12,0.023129945972804034
chr12,11,0,12,-0.02590137868100618
chr12,11,1,12,-0.11387534819911277
chr12,11,2,12,-0.06307386587439281
chr12,11,3,12,0.172306329739181
chr12,11,4,12,-0.02566909176090496
chr12,11,5,12,0.049690471295227585
chr12,11,6,12,0.014424832436441673
chr12,11,7,12,-0.029918136281333847
chr12,11,8,12,-0.02812167159692699
chr12,11,9,12,-0.20536145904759603
chr12,11,10,12,-0.14163938667071818
chr12,11,11,12,-0.1362804328490095
chr13,0,0,6,0.18265821390138595
chr13,0,1,6,0.27825534767506477
chr13,0,2,6,0.0799831639150209
chr13,0,3,6,0.12826133456504882
chr13,0,4,6,0.15391069102648042
chr13,0,5,6,0.02896566494523838
chr13,0,6,6,-0.05455007239078898
chr13,0,7,6,0.14821726934427362
chr13,0,8,6,0.1023900107444496
chr13,0,9,6,0.11051883469806811
chr13,0,10,6,0.09613730192561354
chr13,0,11,6,-0.012425085007632855
chr13,1,0,6,-0.10146999885377424
chr13,1,1,6,0.05595855083729332
chr13,1,2,6,0.13883547852214093
chr13,1,3,6,0.11598443765638718
chr13,1,4,6,-0.2348267669541538
chr13,1,5,6,-0.029197785081128785
chr13,1,6,6,-0.03930137050871629
chr13,1,7,6,0.09956845202548896
chr13,1,8,6,0.1699741198882341
chr13,1,9,6,0.01746060637132291
chr13,1,10,6,0.0533093723423553
chr13,1,11,6,-0.09953864613065738
chr13,2,0,6,-0.004565153959451789
chr13,2,1,6,-0.04431934408467963
chr13,2,2,6,0.0655266489062007
chr13,2,3,6,-0.011497855979282887
chr13,2,4,6,-0.026132891077718462
chr13,2,5,6,0.08346259698566248
chr13,2,6,6,-0.02638211997351388
chr13,2,7,6,-0.002603492010318363
chr13,2,8,6,-0.007739333371066974
chr13,2,9,6,-0.010575783319804447
chr13,2,10,6,0.0714275548012812
chr13,2,11,6,-0.008839574917446842
chr13,3,0,6,0.027419429868718242
chr13,3,1,6,-0.03042731959146031
chr13,3,2,6,0.14095846407556878
chr13,3,3,6,0.12394080443623234
chr13,3,4,6,0.013390443176270042
chr13,3,5,6,-0.015709398592161913
chr13,3,6,6,0.06373213687438668
chr13,3,7,6,-0.02647214763276644
chr13,3,8,6,0.04829096859265294
chr13,3,9,6,-0.18382872003792583
chr13,3,10,6,0.09944653936177489
chr13,3,11,6,-0.16529667425799477
chr13,4,0,6,0.02812676303744226
chr13,4,1,6,-0.02960585324241963
chr13,4,2,6,0.19397864601765366
chr13,4,3,6,-0.09935170185484381
chr13,4,4,6,-0.16841489948468538
chr13,4,5,6,0.002095799377812448
chr13,4,6,6,0.1387302879851568
chr13,4,7,6,0.2170093010182488
chr13,4,8,6,0.07017897761658072
chr13,4,9,6,-0.06992985348578055
chr13,4,10,6,0.13810688511919245
chr13,4,11,6,-0.10152365406307308
chr13,5,0,6,0.09742507429048618
chr13,5,1,6,0.068261417639464
chr13,5,2,6,0.1424859407455182
chr13,5,3,6,0.056619090396933275
chr13,5,4,6,0.15146828221023015
chr13,5,5,6,-0.07029549787011005
chr13,5,6,6,0.2490277380892976
chr13,5,7,6,0.1076110502938233
chr13,5,8,6,0.1706994437994138
chr13,5,9,6,0.2118554904842657
chr13,5,10,6,-0.10581989951344058
chr13,5,11,6,-0.09406282504291262
chr13,6,0,6,0.11120924628259445
chr13,6,1,6,-0.21202194048472067
chr13,6,2,6,0.10561193129153253
chr13,6,3,6,0.127034557141222
chr13,6,4,6,-0.01780860562115194
chr13,6,5,6,0.04689526903888621
chr13,6,6,6,0.18114755006487923
chr13,6,7,6,0.07856734334636228
chr13,6,8,6,0.2504193867705709
chr13,6,9,6,-0.03770005434994408
chr13,6,10,6,-0.00012809304051195994
chr13,6,11,6,-0.07914078912067721
chr13,7,0,6,-0.15333752522285787
chr13,7,1,6,0.19526925650758975
chr13,7,2,6,0.017320943364486627
chr13,7,3,6,0.3309309314986166
chr13,7,4,6,0.23181851301396791
chr13,7,5,6,-0.0746034087808053
chr13,7,6,6,0.35046708513441066
chr13,7,7,6,0.22614496353235788
chr13,7,8,6,0.17640989298801235
chr13,7,9,6,0.19230657450542157
chr13,7,10,6,-0.09884421616143378
chr13,7,11,6,0.2012332645325647
chr13,8,0,6,-0.3501500880359601
chr13,8,1,6,-0.08621069162928069
chr13,8,2,6,-0.286058160861742
chr13,8,3,6,0.27291642332192456
chr13,8,4,6,-0.10738335929061678
chr13,8,5,6,0.16612381756369785
chr13,8,6,6,0.02573394930076031
chr13,8,7,6,0.2884981088806745
chr13,8,8,6,-0.011274563374385668
chr13,8,9,6,-0.09037307277492941
chr13,8,10,6,0.06175877976221524
chr13,8,11,6,-0.1951678120315853
chr13,9,0,6,0.11477580437144308
chr13,9,1,6,-0.015766898245631947
chr13,9,2,6,-0.1560230400827227
chr13,9,3,6,0.030660738881188438
chr13,9,4,6,-0.06061914739090681
chr13,9,5,6,-0.13917670555690873
chr13,9,6,6,0.12648442368446203
chr13,9,7,6,0.16035818263158522
chr13,9,8,6,0.08036010297886138
chr13,9,9,6,-0.05291363625671114
chr13,9,10,6,-0.04007132046092208
chr13,9,11,6,0.06190798170301195
chr13,10,0,6,0.014443919092414046
chr13,10,1,6,0.1284899055582515
chr13,10,2,6,-0.11550922030945825
chr13,10,3,6,-0.04827183399429174
chr13,10,4,6,0.019388783179067615
chr13,10,5,6,-0.141708576115951
chr13,10,6,6,0.03889815449949722
chr13,10,7,6,0.07695915350815644
chr13,10,8,6,-0.02898675062380172
chr13,10,9,6,-0.10305191066945625
chr13,10,10,6,0.043263856663891466
chr13,10,11,6,-0.06286016655239643
chr13,11,0,6,-0.067347216070211
chr13,11,1,6,-0.02768667435302058
chr13,11,2,6,-0.05280585667174384
chr13,11,3,6,0.06084236273017548
chr13,11,4,6,-0.19763170223607474
chr13,11,5,6,-0.04363982687215338
chr13,11,6,6,0.07645694140500922
chr13,11,7,6,0.020216852498272004
chr13,11,8,6,0.040889579637068324
chr13,11,9,6,-0.01762740607530733
chr13,11,10,6,-0.13369820524804046
chr13,11,11,6,0.14563548790653985
chr14,0,0,6,-0.05854606983440541
chr14,0,1,6,0.18797518395853718
chr14,0,2,6,0.01993331917096521
chr14,0,3,6,0.15927723272753141
chr14,0,4,6,0.16272969025665995
chr14,0,5,6,-0.0013738563646907842
chr14,0,6,6,0.09170446636711942
chr14,0,7,6,-0.09410600472729325
chr14,0,8,6,0.12330993678273772
chr14,0,9,6,0.06366858108607251
chr14,0,10,6,0.17541100889988517
chr14,0,11,6,0.046958528046305514
chr14,1,0,6,0.03787383903973006
chr14,1,1,6,0.1304998316450574
chr14,1,2,6,0.07594655923888224
chr14,1,3,6,-0.055997965999669726
chr14,1,4,6,-0.06464429587722677
chr14,1,5,6,0.0050164542436108295
chr14,1,6,6,-0.07936647909838823
chr14,1,7,6,-0.19800400207882143
chr14,1,8,6,0.004324167620333996
chr14,1,9,6,0.04944530535716209
chr14,1,10,6,0.02208027789352453
chr14,1,11,6,-0.053686114408192646
chr14,2,0,6,0.06732781821912827
chr14,2,1,6,-0.006174723957773502
chr14,2,2,6,0.004418951392407573
chr14,2,3,6,0.025429621725969936
chr14,2,4,6,-0.006142895352739782
chr14,2,5,6,-0.12279843644273851
chr14,2,6,6,-0.10846035175286983
chr14,2,7,6,-0.06069135398783513
chr14,2,8,6,0.11701520125207847
chr14,2,9,6,0.04675038163505201
chr14,2,10,6,0.023747173714483514
chr14,2,11,6,-0.050817540416159955
chr14,3,0,6,0.020928008355837597
chr14,3,1,6,0.04973202024928435
chr14,3,2,6,0.25349964702444966
chr14,3,3,6,0.05448023762046866
chr14,3,4,6,-0.00897592223300527
chr14,3,5,6,0.2350300880136238
chr14,3,6,6,0.09035522610380105
chr14,3,7,6,0.22039525995275758
chr14,3,8,6,0.14107766927191365
chr14,3,9,6,0.23133323646776882
chr14,3,10,6,-0.024718439593936468
chr14,3,11,6,0.13672796906693255
chr14,4,0,6,0.110329388068647
chr14,4,1,6,-0.0058833582357518495
chr14,4,2,6,0.007013715472100376
chr14,4,3,6,0.09472553697819719
chr14,4,4,6,-0.05460701840686427
chr14,4,5,6,-0.10693770119460189
chr14,4,6,6,0.12914272242084165
chr14,4,7,6,0.00010039365001566584
chr14,4,8,6,0.05960979630733526
chr14,4,9,6,0.10215648254299126
chr14,4,10,6,0.018994512817749207
chr14,4,11,6,0.03940947468221926
chr14,5,0,6,0.020774438201606644
chr14,5,1,6,-0.0915775469695741
chr14,5,2,6,-0.179102236690619
chr14,5,3,6,0.030082567446003655
chr14,5,4,6,-0.026664988960859393
chr14,5,5,6,0.03488617488297214
chr14,5,6,6,-0.10203838515095913
chr14,5,7,6,-0.04789752882514923
chr14,5,8,6,-0.0693868030382827
chr14,5,9,6,-0.06620065350278377
chr14,5,10,6,0.07317625550522977
chr14,5,11,6,0.021501619133849934
chr14,6,0,6,-0.008529217089348395
chr14,6,1,6,0.02113915443682581
chr14,6,2,6,0.10227717407753052
chr14,6,3,6,-0.055267657023360735
chr14,6,4,6,-0.09471573221928083
chr14,6,5,6,0.16276653353045153
chr14,6,6,6,-0.17664035560441135
chr14,6,7,6,0.2589901054421159
chr14,6,8,6,0.00778081582322987
chr14,6,9,6,0.045171020345473656
chr14,6,10,6,0.11105544268188516
chr14,6,11,6,0.04355974407792899
chr14,7,0,6,0.0756760909640767
chr14,7,1,6,-0.03212347521209292
chr14,7,2,6,0.010605966729140584
chr14,7,3,6,0.02993269623925796
chr14,7,4,6,-0.01008138547446813
chr14,7,5,6,0.05226245652990751
chr14,7,6,6,0.059967080276477076
chr14,7,7,6,0.07477906328767049
chr14,7,8,6,-0.0611062955911463
chr14,7,9,6,-0.06235531830444444
chr14,7,10,6,0.09627686709719295
chr14,7,11,6,-0.10947237618322632
chr14,8,0,6,0.14545342567107092
chr14,8,1,6,-0.030953485679903924
chr14,8,2,6,0.22371748748340306
chr14,8,3,6,-0.024465406340769085
chr14,8,4,6,0.0888497992502321
chr14,8,5,6,-0.07600976788396636
chr14,8,6,6,-0.014879213551887482
chr14,8,7,6,-0.011860453027327945
chr14,8,8,6,-0.006508835973348309
chr14,8,9,6,0.17341755478155974
chr14,8,10,6,0.04918242856142413
chr14,8,11,6,0.08928723647357517
chr14,9,0,6,-0.001296240487303572
chr14,9,1,6,-0.1440254486961187
chr14,9,2,6,-0.12619311127238655
chr14,9,3,6,-0.022820625503195375
chr14,9,4,6,0.2642582086078833
chr14,9,5,6,0.045124497278251886
chr14,9,6,6,0.14483387704109055
chr14,9,7,6,-0.10729406652347173
chr14,9,8,6,0.006793949160769984
chr14,9,9,6,-0.2573427802006328
chr14,9,10,6,-0.08709868594323389
chr14,9,11,6,0.025954973928642582
chr14,10,0,6,0.056753273868454336
chr14,10,1,6,-0.12308177484090266
chr14,10,2,6,0.0219978818725584
chr14,10,3,6,-0.09228607680203937
chr14,10,4,6,-0.012685877399222592
chr14,10,5,6,-0.15884299755164866
chr14,10,6,6,0.10163364072981429
chr14,10,7,6,0.17632849196975062
chr14,10,8,6,-0.11649097107797034
chr14,10,9,6,-0.14904992882257717
chr14,10,10,6,0.0689614648687978
chr14,10,11,6,-0.041493067013911845
chr14,11,0,6,-0.08107687977356166
chr14,11,1,6,-0.12867502390670882
chr14,11,2,6,-0.02597208461735605
chr14,11,3,6,0.08628758758341372
chr14,11,4,6,0.02523693824660757
chr14,11,5,6,-0.2791947165976097
chr14,11,6,6,-0.1074820553674073
chr14,11,7,6,-0.03454480910659397
chr14,11,8,6,0.12759015270943583
chr14,11,9,6,-0.058588153621065016
chr14,11,10,6,-0.049071350724543446
chr14,11,11,6,-0.14932110524035658
chr15,0,0,12,-0.012743975436646113
chr15,0,1,12,0.1151192718316344
chr15,0,2,12,0.015521018300403276
chr15,0,3,12,0.0613444041274005
chr15,0,4,12,0.03850075293040115
chr15,0,5,12,0.0829569019518739
chr15,0,6,12,0.10511989505263852
chr15,0,7,12,-0.07124875469412131
chr15,0,8,12,-0.022071442726186496
chr15,0,9,12,0.07173995968532189
chr15,0,10,12,0.15276236686132513
chr15,0,11,12,0.008849331431831196
chr15,1,0,12,-0.15138284830892737
chr15,1,1,12,0.07647710779966325
chr15,1,2,12,0.20320788451025296
chr15,1,3,12,0.0723227548496012
chr15,1,4,12,0.15096549615068758
chr15,1,5,12,0.05048968974981157
chr15,1,6,12,0.19490651212425392
chr15,1,7,12,-0.12644125037869305
chr15,1,8,12,0.1391546657062233
chr15,1,9,12,0.13989162150099022
chr15,1,10,12,-0.05821084886627855
chr15,1,11,12,-0.0601810254614684
chr15,2,0,12,-0.009628048962533822
chr15,2,1,12,0.09138936654309571
chr15,2,2,12,0.11023412652485944
chr15,2,3,12,0.06723768785712879
chr15,2,4,12,-0.03125845990288834
chr15,2,5,12,0.07814417394688157
chr15,2,6,12,0.023390864259884528
chr15,2,7,12,-0.059124443079807264
chr15,2,8,12,0.10841528522369764
chr15,2,9,12,-0.018965961618980728
chr15,2,10,12,0.00830230597081257
chr15,2,11,12,0.016306830223633214
chr15,3,0,12,0.19758381312711978
chr15,3,1,12,0.2071255463626874
chr15,3,2,12,0.25252993283255504
chr15,3,3,12,0.1830420076193198
chr15,3,4,12,0.17492643220454007
chr15,3,5,12,0.14872319977148327
chr15,3,6,12,-0.011587360534929194
chr15,3,7,12,0.2068522768834208
chr15,3,8,12,0.20264272325391564
chr15,3,9,12,0.036680405702534606
chr15,3,10,12,0.21535476830123854
chr15,3,11,12,-0.0023971606375851884
chr15,4,0,12,0.07300337979976057
chr15,4,1,12,0.09401197468788158
chr15,4,2,12,0.16187467283844514
chr15,4,3,12,0.09203209244618177
chr15,4,4,12,0.02058712928489261
chr15,4,5,12,-0.02146844527884277
chr15,4,6,12,-0.02607548400324064
chr15,4,7,12,0.06316173998371709
chr15,4,8,12,0.03139613911659729
chr15,4,9,12,0.02255311002937484
chr15,4,10,12,0.049745408601959605
chr15,4,11,12,0.06646199781124373
chr15,5,0,12,-0.05993058344336403
chr15,5,1,12,0.0076630272006676615
chr15,5,2,12,0.12846080576950372
chr15,5,3,12,0.013701243742823147
chr15,5,4,12,0.11420275138324831
chr15,5,5,12,-0.04643410640579523
chr15,5,6,12,0.07607663846862102
chr15,5,7,12,0.1071619923074425
chr15,5,8,12,-0.01893356086791714
chr15,5,9,12,0.24266352602646565
chr15,5,10,12,-0.09476550793109727
chr15,5,11,12,-0.06160743773576072
chr15,6,0,12,-0.045223283886552335
chr15,6,1,12,-0.060309852383502914
chr15,6,2,12,0.12444358816956334
chr15,6,3,12,0.07627297162125816
chr15,6,4,12,0.04994956369830108
chr15,6,5,12,0.05999675286253966
chr15,6,6,12,0.14489598585918997
chr15,6,7,12,-0.08500472686456735
chr15,6,8,12,-0.014557718594788355
chr15,6,9,12,-0.11079726767375164
chr15,6,10,12,0.013333187996870282
chr15,6,11,12,-0.05665462042465696
chr15,7,0,12,-0.1758992122626627
chr15,7,1,12,0.12988221421931592
chr15,7,2,12,-0.04517902675409583
chr15,7,3,12,0.11023123706412936
chr15,7,4,12,0.05036609027942771
chr15,7,5,12,-0.001649914476589363
chr15,7,6,12,0.12002111168896812
chr15,7,7,12,-0.014639284176167036
chr15,7,8,12,0.1427550126072814
chr15,7,9,12,0.15629449238224039
chr15,7,10,12,-0.16717763790680176
chr15,7,11,12,-0.07288594859285102
chr15,8,0,12,-0.012589188060707607
chr15,8,1,12,-0.30069064286065833
chr15,8,2,12,0.03433977624967662
chr15,8,3,12,0.181664808447444
chr15,8,4,12,0.0913327040938224
chr15,8,5,12,0.14757768294688556
chr15,8,6,12,-0.06390873904085434
chr15,8,7,12,0.09739733807272326
chr15,8,8,12,-0.2828577823910802
chr15,8,9,12,-0.19211767689214554
chr15,8,10,12,-0.2259682384140376
chr15,8,11,12,0.07920052197511357
chr15,9,0,12,-0.0863750121476672
chr15,9,1,12,-0.11601145446663101
chr15,9,2,12,-0.08038704185696714
chr15,9,3,12,0.043956424767492897
chr15,9,4,12,0.14686999771835793
chr15,9,5,12,-0.054466478979233686
chr15,9,6,12,-0.14579194334879983
chr15,9,7,12,0.09222889785169645
chr15,9,8,12,-0.11631601692600448
chr15,9,9,12,-0.1611101318901159
chr15,9,10,12,-0.2923994669163548
chr15,9,11,12,0.09610597664452096
chr15,10,0,12,-0.16300959132376422
chr15,10,1,12,0.011353995426736175
chr15,10,2,12,-0.012349000918726372
chr15,10,3,12,0.0616340943105936
chr15,10,4,12,-0.00709668481832811
chr15,10,5,12,0.007078157355942099
chr15,10,6,12,-0.1014645635499581
chr15,10,7,12,-0.056708582157085706
chr15,10,8,12,-0.11584432488737217
chr15,10,9,12,-0.1368192847013401
chr15,10,10,12,0.17798935602558863
chr15,10,11,12,0.02049791130283492
chr15,11,0,12,0.04859516255206681
chr15,11,1,12,-0.01416389287381937
chr15,11,2,12,-0.07612214066577355
chr15,11,3,12,0.020541034184587064
chr15,11,4,12,0.10609185954300587
chr15,11,5,12,-0.06314250482404359
chr15,11,6,12,0.09024707331621278
chr15,11,7,12,0.061217835658574395
chr15,11,8,12,0.0019562544635509105
chr15,11,9,12,-0.03380518631029104
chr15,11,10,12,-0.03276425828939044
chr15,11,11,12,-0.09855813677595526
chr16,0,0,12,-0.14326514171539373
chr16,0,1,12,0.06593769361866368
chr16,0,2,12,-0.05615078294482843
chr16,0,3,12,0.1371198076694903
chr16,0,4,12,0.10502897845170461
chr16,0,5,12,-0.025785748106883947
chr16,0,6,12,-0.016570491863980647
chr16,0,7,12,0.04060231035268202
chr16,0,8,12,-0.036193796807973376
chr16,0,9,12,-0.0351682839562737
chr16,0,10,12,0.023938113162930815
chr16,0,11,12,-0.05392264061037405
chr16,1,0,12,0.03750584741035323
chr16,1,1,12,-0.07361507827842044
chr16,1,2,12,0.032706925062585525
chr16,1,3,12,-0.005347268912422177
chr16,1,4,12,-0.03666043233897303
chr16,1,5,12,0.003499469589917014
chr16,1,6,12,0.02675022477102994
chr16,1,7,12,0.037785893293377504
chr16,1,8,12,-0.0019682822578634593
chr16,1,9,12,0.08562836798736907
chr16,1,10,12,0.03213198401156427
chr16,1,11,12,0.0911629256459745
chr16,2,0,12,-0.020260069551098388
chr16,2,1,12,-0.05398090687843513
chr16,2,2,12,-0.05396981411356074
chr16,2,3,12,0.0171118174673751
chr16,2,4,12,0.11874520746512636
chr16,2,5,12,-0.010101336495252756
chr16,2,6,12,0.05288424216171761
chr16,2,7,12,-0.06915979005936185
chr16,2,8,12,0.041267197923234515
chr16,2,9,12,-0.0763365542500024
chr16,2,10,12,0.006644496957621718
chr16,2,11,12,-0.042053581572679376
chr16,3,0,12,0.10810318460809636
chr16,3,1,12,0.025675075540107967
chr16,3,2,12,-0.10657878340858606
chr16,3,3,12,0.0037291384497121403
chr16,3,4,12,0.046943818975128955
chr16,3,5,12,0.10643207629531855
chr16,3,6,12,0.07094104983113268
chr16,3,7,12,-0.011615496818927906
chr16,3,8,12,0.01835701709529039
chr16,3,9,12,-0.04948906003840087
chr16,3,10,12,0.09168647958527819
chr16,3,11,12,0.031141958183907675
chr16,4,0,12,-0.0321195260663279
chr16,4,1,12,0.0461921427394004
chr16,4,2,12,0.05782149101982029
chr16,4,3,12,0.002239851513794281
chr16,4,4,12,0.07559020750501083
chr16,4,5,12,0.040281845467314184
chr16,4,6,12,-0.09065574795788807
chr16,4,7,12,-0.019788702988484622
chr16,4,8,12,-0.02791502679115003
chr16,4,9,12,0.050641939462960445
chr16,4,10,12,-0.003416465705961815
chr16,4,11,12,0.09851524897986112
chr16,5,0,12,0.20076830876789042
chr16,5,1,12,-0.060727641543648105
chr16,5,2,12,0.005726658540980141
chr16,5,3,12,0.0668266244367919
chr16,5,4,12,0.07806746203373344
chr16,5,5,12,-0.1005989470598106
chr16,5,6,12,-0.155698574906994
chr16,5,7,12,-0.1905629197977601
chr16,5,8,12,0.033516836743091194
chr16,5,9,12,0.07341771671302157
chr16,5,10,12,0.03601631493705824
chr16,5,11,12,0.05717375458720062
chr16,6,0,12,-0.07485710131383327
chr16,6,1,12,-0.1036871103413129
chr16,6,2,12,0.05283395158729676
chr16,6,3,12,0.038476693283263884
chr16,6,4,12,-0.04409479814525732
chr16,6,5,12,0.06874185429608402
chr16,6,6,12,0.11474270003806915
chr16,6,7,12,0.026626639182658982
chr16,6,8,12,-0.03500061715096831
chr16,6,9,12,0.03451080607697812
chr16,6,10,12,-0.0641402222653878
chr16,6,11,12,0.11755013848540402
chr16,7,0,12,0.04536702189023197
chr16,7,1,12,-0.024127536092507007
chr16,7,2,12,-0.17006676316084648
chr16,7,3,12,-0.006214354874058206
chr16,7,4,12,-0.02709916604455452
chr16,7,5,12,0.09318548872128417
chr16,7,6,12,-0.18730653241025266
chr16,7,7,12,0.06763310358053064
chr16,7,8,12,-0.042703184484210094
chr16,7,9,12,-0.030058151700413278
chr16,7,10,12,0.08039049315645319
chr16,7,11,12,0.1288666104209323
chr16,8,0,12,0.04791936078822622
chr16,8,1,12,0.03744085581756209
chr16,8,2,12,0.07992406366831702
chr16,8,3,12,-0.11381483942340775
chr16,8,4,12,-0.11121510907742742
chr16,8,5,12,-0.07775355521746458
chr16,8,6,12,-0.09310484746927562
chr16,8,7,12,-0.013568815199719362
chr16,8,8,12,0.061816599136233004
chr16,8,9,12,0.0833247296726802
chr16,8,10,12,0.02915775005391613
chr16,8,11,12,-0.11231000261992896
chr16,9,0,12,-0.062458378795563145
chr16,9,1,12,0.005023258262855165
chr16,9,2,12,-0.07108015187428604
chr16,9,3,12,-0.050215890640507764
chr16,9,4,12,-0.1307209131953456
chr16,9,5,12,-0.07024391411701779
chr16,9,6,12,0.05035994551433629
chr16,9,7,12,-0.1330623000087123
chr16,9,8,12,0.20176877892582498
chr16,9,9,12,0.09660224595487733
chr16,9,10,12,0.09406644509358274
chr16,9,11,12,-0.17744873386805624
chr16,10,0,12,0.11505990803307059
chr16,10,1,12,-0.012158720025200112
chr16,10,2,12,0.039120285368022235
chr16,10,3,12,-0.08752865938068277
chr16,10,4,12,-0.005792203739929026
chr16,10,5,12,0.004452152904201312
chr16,10,6,12,0.05771005043898677
chr16,10,7,12,0.024132389871205473
chr16,10,8,12,0.014783679824077455
chr16,10,9,12,0.014434573606635378
chr16,10,10,12,0.0845609720976603
chr16,10,11,12,0.041870059986789665
chr16,11,0,12,0.0491257455957756
chr16,11,1,12,0.056463892864571874
chr16,11,2,12,-0.010153131642086796
chr16,11,3,12,-0.05882725281602292
chr16,11,4,12,0.007505446193641306
chr16,11,5,12,0.06548832678522322
chr16,11,6,12,0.049114380588391425
chr16,11,7,12,0.08040955812655072
chr16,11,8,12,-0.01994956220039406
chr16,11,9,12,0.03222340354334508
chr16,11,10,12,-0.01608727045614898
chr16,11,11,12,-0.03378197560156553
chr17,0,0,13,-0.11021532742609318
chr17,0,1,13,-0.11823777533932947
chr17,0,2,13,0.045851024527028286
chr17,0,3,13,-0.027688735351476316
chr17,0,4,13,0.005736290816097171
chr17,0,5,13,0.03814428614584867
chr17,0,6,13,-0.01574980892366731
chr17,0,7,13,0.036152425145752676
chr17,0,8,13,0.06401148126744224
chr17,0,9,13,-0.05997006173867078
chr17,0,10,13,-0.025721877220560126
chr17,0,11,13,-0.010984216157094755
chr17,1,0,13,0.08529601801227263
chr17,1,1,13,0.03642305999357573
chr17,1,2,13,-0.028589553459523204
chr17,1,3,13,0.013222518075227504
chr17,1,4,13,0.017272573011496425
chr17,1,5,13,-0.034214984157310384
chr17,1,6,13,-0.014452013494052948
chr17,1,7,13,0.00967247985876326
chr17,1,8,13,-0.05376621273677435
chr17,1,9,13,-0.0419085452455528
chr17,1,10,13,0.15047092476862128
chr17,1,11,13,0.11170920994640068
chr17,2,0,13,0.07421500415915969
chr17,2,1,13,0.0348155838951677
chr17,2,2,13,0.12441172361630233
chr17,2,3,13,-0.04827403048082534
chr17,2,4,13,0.08097520053344567
chr17,2,5,13,0.07967769078726071
chr17,2,6,13,0.05354485113969543
chr17,2,7,13,0.062192205793176566
chr17,2,8,13,0.0981074578266873
chr17,2,9,13,0.09086767251972469
chr17,2,10,13,-0.02133268083661303
chr17,2,11,13,0.12875345538590888
chr17,3,0,13,0.12063066431360991
chr17,3,1,13,0.07767981854497566
chr17,3,2,13,0.058916855470616536
chr17,3,3,13,0.0015563460187152463
chr17,3,4,13,-0.012526998016601548
chr17,3,5,13,0.13846153032836503
chr17,3,6,13,0.14254999071129876
chr17,3,7,13,0.16603280559539008
chr17,3,8,13,0.057691425258015856
chr17,3,9,13,0.19580514130564042
chr17,3,10,13,0.01289670450875979
chr17,3,11,13,0.19524424950491912
chr17,4,0,13,0.05884775332855359
chr17,4,1,13,0.015593228547224173
chr17,4,2,13,0.006604755107265095
chr17,4,3,13,0.11934529333188951
chr17,4,4,13,-0.06115947787215813
chr17,4,5,13,-0.08752662227869877
chr17,4,6,13,0.026279053952615403
chr17,4,7,13,0.06499558702632101
chr17,4,8,13,-0.0057283851714915995
chr17,4,9,13,0.1884176846609393
chr17,4,10,13,-7.466822780964717e-05
chr17,4,11,13,0.008978646116847403
chr17,5,0,13,0.04885711945419003
chr17,5,1,13,-0.08278390067620336
chr17,5,2,13,-0.15359009946151117
chr17,5,3,13,0.005659592304908367
chr17,5,4,13,0.024346750358757226
chr17,5,5,13,0.048716046508538016
chr17,5,6,13,0.04867688999241441
chr17,5,7,13,-0.02175317087625313
chr17,5,8,13,-0.0544913041847119
chr17,5,9,13,-0.03960030107961594
chr17,5,10,13,0.08205507145822274
chr17,5,11,13,0.03993317361223392
chr17,6,0,13,-0.09890580758839693
chr17,6,1,13,0.02103710856770287
chr17,6,2,13,0.060879724799681796
chr17,6,3,13,0.12461045780416888
chr17,6,4,13,0.033591135086135565
chr17,6,5,13,0.15479563554456927
chr17,6,6,13,0.12611694481678024
chr17,6,7,13,0.10621745441444287
chr17,6,8,13,-0.031701547103249836
chr17,6,9,13,0.19177731747148347
chr17,6,10,13,-0.007782582510169686
chr17,6,11,13,0.14493928803190992
chr17,7,0,13,0.18546839185419725
chr17,7,1,13,-0.1784688588071449
chr17,7,2,13,0.11340151921322257
chr17,7,3,13,-0.1359084005245298
chr17,7,4,13,-0.10250877024513379
chr17,7,5,13,0.019118178176891494
chr17,7,6,13,-0.031492992948435355
chr17,7,7,13,0.03953334975296642
chr17,7,8,13,-0.2151113827812221
chr17,7,9,13,-0.19792593340808157
chr17,7,10,13,0.15876402802413853
chr17,7,11,13,-0.0664552793094614
chr17,8,0,13,0.2200356527712085
chr17,8,1,13,-0.038005647834215436
chr17,8,2,13,0.25113179609093395
chr17,8,3,13,-0.12091740720878591
chr17,8,4,13,0.058974048995192735
chr17,8,5,13,0.13942313162296338
chr17,8,6,13,-0.08022369476432231
chr17,8,7,13,0.17729193250247965
chr17,8,8,13,0.021376609018266598
chr17,8,9,13,0.18230564211567718
chr17,8,10,13,-0.07564904785543837
chr17,8,11,13,0.22992178716251355
chr17,9,0,13,-0.08954102848326449
chr17,9,1,13,0.05280140544670654
chr17,9,2,13,0.11458509457629375
chr17,9,3,13,0.028113156531676096
chr17,9,4,13,0.05757706395337877
chr17,9,5,13,0.05300625966324105
chr17,9,6,13,0.16125310579383886
chr17,9,7,13,-0.05049463440331966
chr17,9,8,13,-0.09507736714033652
chr17,9,9,13,0.03714444263068241
chr17,9,10,13,-0.040548022810608875
chr17,9,11,13,-0.11449737807711109
chr17,10,0,13,-0.06470532296911363
chr17,10,1,13,-0.22242484289484005
chr17,10,2,13,-0.01788350471717607
chr17,10,3,13,-0.02346844173231699
chr17,10,4,13,-0.004720365971766547
chr17,10,5,13,-0.12154303422753171
chr17,10,6,13,0.05775388924625196
chr17,10,7,13,0.10787932023518226
chr17,10,8,13,-0.06611655034568487
chr17,10,9,13,0.06950133164046533
chr17,10,10,13,0.055094736522745894
chr17,10,11,13,-0.07582535101072904
chr17,11,0,13,0.06080027883184112
chr17,11,1,13,-0.020584674374951314
chr17,11,2,13,0.03490113095301915
chr17,11,3,13,0.01752069078505429
chr17,11,4,13,0.047133193118392064
chr17,11,5,13,0.01437840575398541
chr17,11,6,13,-0.048190363203730865
chr17,11,7,13,-0.05915235641011128
chr17,11,8,13,0.059763210009493965
chr17,11,9,13,-0.09827289487487557
chr17,11,10,13,-0.03127390677116492
chr17,11,11,13,0.04254854604023095
chr18,0,0,4,0.16440820361791697
chr18,0,1,4,0.19362916018105714
chr18,0,2,4,-0.050999868287663286
chr18,0,3,4,0.31251232270127993
chr18,0,4,4,0.21244871145443806
chr18,0,5,4,-0.027995391912373227
chr18,0,6,4,-0.05394137662199981
chr18,0,7,4,0.0674317253366155
chr18,0,8,4,0.01858032726630581
chr18,0,9,4,0.06339349863487191
chr18,0,10,4,0.36336166969209904
chr18,0,11,4,-0.18403246030381498
chr18,1,0,4,-0.18058883242167886
chr18,1,1,4,-0.10030874200410461
chr18,1,2,4,0.16814006526989544
chr18,1,3,4,-0.0563620683876833
chr18,1,4,4,-0.1394369506814015
chr18,1,5,4,0.0690813044851686
chr18,1,6,4,-0.08827906173981998
chr18,1,7,4,-0.014862499258304032
chr18,1,8,4,0.3135596199383805
chr18,1,9,4,-0.019699546055104086
chr18,1,10,4,-0.038595374864169
chr18,1,11,4,-0.2856587230030393
chr18,2,0,4,-0.08856124348376386
chr18,2,1,4,0.13345389860802762
chr18,2,2,4,-0.11146247943073342
chr18,2,3,4,-0.1597158042001941
chr18,2,4,4,-0.17261879259872975
chr18,2,5,4,-0.03452887944857003
chr18,2,6,4,0.05794881197233566
chr18,2,7,4,-0.07436507593557795
chr18,2,8,4,-0.08948143606777753
chr18,2,9,4,-0.1506091006294791
chr18,2,10,4,0.009817810485288625
chr18,2,11,4,-0.044409216993122995
chr18,3,0,4,-0.0629141471830877
chr18,3,1,4,-0.16537478978853049
chr18,3,2,4,-0.11396890840993519
chr18,3,3,4,0.10038086324456211
chr18,3,4,4,-0.03089240711132836
chr18,3,5,4,-0.07214116046376202
chr18,3,6,4,-0.10354335379994653
chr18,3,7,4,-0.04055046693303647
chr18,3,8,4,-0.09457404015722738
chr18,3,9,4,-0.16114551536537952
chr18,3,10,4,0.015912822258194667
chr18,3,11,4,-0.11246189652103239
chr18,4,0,4,0.14418753096704073
chr18,4,1,4,-0.05817791843047038
chr18,4,2,4,0.08580820904328076
chr18,4,3,4,-0.005462765920230983
chr18,4,4,4,0.09512578051577572
chr18,4,5,4,-0.339152278592958
chr18,4,6,4,0.23651196028083799
chr18,4,7,4,0.23237213287365027
chr18,4,8,4,0.11847020036810262
chr18,4,9,4,0.2116208708666884
chr18,4,10,4,0.05562002603230327
chr18,4,11,4,-0.3569407380883353
chr18,5,0,4,-0.19531923729259856
chr18,5,1,4,-0.17276796913624348
chr18,5,2,4,-0.22815417396481358
chr18,5,3,4,-0.06384457478135486
chr18,5,4,4,-0.20391194676142227
chr18,5,5,4,-0.17783889832082872
chr18,5,6,4,-0.030464655265885487
chr18,5,7,4,-0.06847579666764225
chr18,5,8,4,-0.19439453260491263
chr18,5,9,4,-0.07984184269716083
chr18,5,10,4,-0.28817922214397973
chr18,5,11,4,-0.24731366913298447
chr18,6,0,4,0.01461763181145876
chr18,6,1,4,-0.15960936005683807
chr18,6,2,4,0.11863367087025557
chr18,6,3,4,0.10905124173374578
chr18,6,4,4,-0.11148945885444295
chr18,6,5,4,0.31282416682516695
chr18,6,6,4,-0.05437240861482741
chr18,6,7,4,0.23409031233385863
chr18,6,8,4,-0.043604730231309924
chr18,6,9,4,0.0316414338532354
chr18,6,10,4,-0.013704151923086445
chr18,6,11,4,0.014718274938974096
chr18,7,0,4,-0.16877046017165703
chr18,7,1,4,0.10083127869571565
chr18,7,2,4,0.013218099966542371
chr18,7,3,4,0.12416749319504075
chr18,7,4,4,0.10249646669037599
chr18,7,5,4,0.048494921132383274
chr18,7,6,4,0.13408420854174616
chr18,7,7,4,0.16759739867596785
chr18,7,8,4,0.17192202562993147
chr18,7,9,4,0.1490407712389017
chr18,7,10,4,-0.19716576518074314
chr18,7,11,4,-0.05697645791185392
chr18,8,0,4,-0.1857559381909166
chr18,8,1,4,-0.30222624204092124
chr18,8,2,4,-0.00371701800109811
chr18,8,3,4,0.03871352632933439
chr18,8,4,4,0.10392488670930433
chr18,8,5,4,0.15814804513393943
chr18,8,6,4,-0.19640047283154405
chr18,8,7,4,0.09277294860792665
chr18,8,8,4,-0.253187137680182
chr18,8,9,4,-0.305662239944213
chr18,8,10,4,-0.2737780135693558
chr18,8,11,4,-0.017115942966304615
chr18,9,0,4,-0.019381400479496373
chr18,9,1,4,-0.6652854131575966
chr18,9,2,4,-0.44838806817141785
chr18,9,3,4,-0.24855438198823715
chr18,9,4,4,-0.06762097612030478
chr18,9,5,4,-0.22641771406733768
chr18,9,6,4,-0.2155487461821654
chr18,9,7,4,0.09730604248657276
chr18,9,8,4,-0.17743521185436603
chr18,9,9,4,-0.3733745427957302
chr18,9,10,4,-0.2562986112165705
chr18,9,11,4,0.1435994725540142
chr18,10,0,4,-0.0008331008249263736
chr18,10,1,4,0.05527243724988136
chr18,10,2,4,0.09557965422241246
chr18,10,3,4,0.09734476491580152
chr18,10,4,4,0.007792335194814287
chr18,10,5,4,-0.07547317491072458
chr18,10,6,4,-0.20109918307372734
chr18,10,7,4,-0.03117289947798011
chr18,10,8,4,-0.09092543465414446
chr18,10,9,4,0.31652714994279385
chr18,10,10,4,-0.2273595552894645
chr18,10,11,4,-0.136492015342432
chr18,11,0,4,0.05619559700244661
chr18,11,1,4,0.059039821428368014
chr18,11,2,4,0.07980951585820206
chr18,11,3,4,0.26480167210466243
chr18,11,4,4,0.3172595197919317
chr18,11,5,4,-0.18814886384279
chr18,11,6,4,-0.20236622941958807
chr18,11,7,4,0.0044416342619585936
chr18,11,8,4,0.19818556497990672
chr18,11,9,4,0.1618081058167592
chr18,11,10,4,0.033605907528835424
chr18,11,11,4,-0.08809696094067127
chr19,0,0,10,-0.07007878954807056
chr19,0,1,10,-0.05549670888099003
chr19,0,2,10,-0.024773138891956464
chr19,0,3,10,0.03749245944368854
chr19,0,4,10,0.013272500065734253
chr19,0,5,10,-0.0036342240266405063
chr19,0,6,10,-0.042015516645782604
chr19,0,7,10,0.06114186528566834
chr19,0,8,10,0.0222365217955915
chr19,0,9,10,-0.00010579778598873435
chr19,0,10,10,-0.013159992333105674
chr19,0,11,10,-0.02942516172234793
chr19,1,0,10,-0.04284331836833251
chr19,1,1,10,-0.007233787914244463
chr19,1,2,10,0.061484165769123376
chr19,1,3,10,-0.03268987911106523
chr19,1,4,10,0.08310879849701662
chr19,1,5,10,0.043036325780379615
chr19,1,6,10,0.04614408205436647
chr19,1,7,10,0.01224325307852754
chr19,1,8,10,0.08704926736247132
chr19,1,9,10,0.0051811039346329555
chr19,1,10,10,-0.08713051115793065
chr19,1,11,10,-0.1234038608137018
chr19,2,0,10,-0.08348407362710833
chr19,2,1,10,-0.015434917264955647
chr19,2,2,10,-0.06425969465050703
chr19,2,3,10,-0.06689418516226735
chr19,2,4,10,0.07404413221739876
chr19,2,5,10,-0.1497578904053421
chr19,2,6,10,-0.001481042074326161
chr19,2,7,10,0.06628568440995265
chr19,2,8,10,0.0448616099493954
chr19,2,9,10,0.013721905596600779
chr19,2,10,10,-0.1441674354250488
chr19,2,11,10,-0.033564469229921026
chr19,3,0,10,-0.021277638936607345
chr19,3,1,10,0.04570635698859449
chr19,3,2,10,0.03959901531191705
chr19,3,3,10,0.07397638591055111
chr19,3,4,10,-0.09557069381875469
chr19,3,5,10,-0.09182677375588486
chr19,3,6,10,0.0527860853925618
chr19,3,7,10,-0.021536371167495662
chr19,3,8,10,0.03218959913374714
chr19,3,9,10,-0.1059217394204421
chr19,3,10,10,-0.033703176381622915
chr19,3,11,10,-0.11399483103870403
chr19,4,0,10,0.16972551540253117
chr19,4,1,10,0.09307857283723105
chr19,4,2,10,0.19384642921729356
chr19,4,3,10,-0.017162289783088747
chr19,4,4,10,-0.01202635176017999
chr19,4,5,10,-0.04045758690868861
chr19,4,6,10,-0.016927476967382716
chr19,4,7,10,0.02187464677777773
chr19,4,8,10,-0.06751136093611461
chr19,4,9,10,-0.05063507932382666
chr19,4,10,10,-0.11925221131010773
chr19,4,11,10,-0.13034082867184754
chr19,5,0,10,-0.12294917346201961
chr19,5,1,10,-0.06663124292838553
chr19,5,2,10,0.06469677705283065
chr19,5,3,10,-0.01309025940730151
chr19,5,4,10,0.02674534445846381
chr19,5,5,10,0.0005218788651968634
chr19,5,6,10,0.06621791885231762
chr19,5,7,10,0.1374177418056441
chr19,5,8,10,-0.16441551460081674
chr19,5,9,10,0.057672288169521434
chr19,5,10,10,-0.062492217706603445
chr19,5,11,10,-0.10447576101195159
chr19,6,0,10,0.0146090064313957
chr19,6,1,10,-0.03246546603214532
chr19,6,2,10,0.1024506262061053
chr19,6,3,10,0.1139221596115906
chr19,6,4,10,-0.009269729348407016
chr19,6,5,10,0.09060100041918044
chr19,6,6,10,0.08029003191142707
chr19,6,7,10,0.003166580949733677
chr19,6,8,10,-0.028477430862098287
chr19,6,9,10,-0.016528071565861356
chr19,6,10,10,0.1096149283409797
chr19,6,11,10,-0.02429460001072109
chr19,7,0,10,-0.11989982250359779
chr19,7,1,10,0.10929688324404419
chr19,7,2,10,0.05185051746346307
chr19,7,3,10,0.19288610975652482
chr19,7,4,10,0.06924325773899773
chr19,7,5,10,-0.1289884515430625
chr19,7,6,10,0.1672168287419747
chr19,7,7,10,0.20166012813714101
chr19,7,8,10,0.11870373641574276
chr19,7,9,10,0.10430174436919573
chr19,7,10,10,-0.11059918466517807
chr19,7,11,10,0.06057715900791869
chr19,8,0,10,-0.05365791956383274
chr19,8,1,10,-0.04048266755186354
chr19,8,2,10,-0.09366538620584716
chr19,8,3,10,0.1563014046669381
chr19,8,4,10,0.005854363429751941
chr19,8,5,10,0.09307160137657879
chr19,8,6,10,-0.12443951992215356
chr19,8,7,10,0.12646391122947903
chr19,8,8,10,-0.051145109407926805
chr19,8,9,10,0.045175550941680596
chr19,8,10,10,0.0054747013818040756
chr19,8,11,10,-0.1063616922684475
chr19,9,0,10,0.02132132977521061
chr19,9,1,10,-0.14267221935994934
chr19,9,2,10,-0.17817312834426227
chr19,9,3,10,-0.012266989995798639
chr19,9,4,10,-0.05203052311117749
chr19,9,5,10,-0.1127258490346796
chr19,9,6,10,0.033419420178068655
chr19,9,7,10,-0.020651417698901463
chr19,9,8,10,0.0016163687074602293
chr19,9,9,10,-0.08326684595374981
chr19,9,10,10,-0.08781689997723964
chr19,9,11,10,0.0761524086607446
chr19,10,0,10,-0.05496887680303645
chr19,10,1,10,0.04613297725544715
chr19,10,2,10,-0.09197877779861689
chr19,10,3,10,-0.06686736662501859
chr19,10,4,10,-0.08275575153966853
chr19,10,5,10,-0.022434120363100017
chr19,10,6,10,-0.005921724122797076
chr19,10,7,10,0.09340102464187945
chr19,10,8,10,-0.23924031795042006
chr19,10,9,10,-0.1037725028053352
chr19,10,10,10,0.016050461057432745
chr19,10,11,10,-0.04011141216329191
chr19,11,0,10,-0.017461812381492477
chr19,11,1,10,-0.0256427310920756
chr19,11,2,10,0.08493776578213978
chr19,11,3,10,-0.019638283578809666
chr19,11,4,10,0.13166771532856036
chr19,11,5,10,-0.1938718012752411
chr19,11,6,10,0.03875594308791948
chr19,11,7,10,0.027144007301419897
chr19,11,8,10,-0.055003595382630575
chr19,11,9,10,0.03965300199922857
chr19,11,10,10,-0.1739599313603199
chr19,11,11,10,-0.1196895589722301
chr2,0,0,19,0.02529432960452068
chr2,0,1,19,-0.01923478648306603
chr2,0,2,19,0.07101938800982188
chr2,0,3,19,0.010792796378465202
chr2,0,4,19,0.06757238110502108
chr2,0,5,19,0.0670865596397142
chr2,0,6,19,0.06491412874292611
chr2,0,7,19,-0.03698518181262876
chr2,0,8,19,0.09390080428761585
chr2,0,9,19,0.03352297444662747
chr2,0,10,19,0.007148399654456262
chr2,0,11,19,0.053714778856216276
chr2,1,0,19,-0.16036769193519804
chr2,1,1,19,0.0640563907217631
chr2,1,2,19,0.1648268632442235
chr2,1,3,19,0.0014508562259407285
chr2,1,4,19,0.056375032922521356
chr2,1,5,19,0.03915456604985573
chr2,1,6,19,0.04779635662975153
chr2,1,7,19,-0.07157885643783941
chr2,1,8,19,0.14465412706425318
chr2,1,9,19,0.07437105885459029
chr2,1,10,19,0.0070340448585891864
chr2,1,11,19,-0.05043607531354659
chr2,2,0,19,-0.000820695479719162
chr2,2,1,19,-0.06810150623256518
chr2,2,2,19,0.05007299060916781
chr2,2,3,19,0.08804322156592514
chr2,2,4,19,0.07318087626840428
chr2,2,5,19,0.09955998660242533
chr2,2,6,19,0.06448994436135116
chr2,2,7,19,0.030878784452167116
chr2,2,8,19,0.09642788956357058
chr2,2,9,19,0.07317613478170062
chr2,2,10,19,-0.024016776031626462
chr2,2,11,19,-0.008932706865794551
chr2,3,0,19,0.1180316092643254
chr2,3,1,19,0.017892249691744636
chr2,3,2,19,0.05455228272432604
chr2,3,3,19,0.08566491091225369
chr2,3,4,19,0.09027109473115014
chr2,3,5,19,0.03320695327846937
chr2,3,6,19,0.0698500763411869
chr2,3,7,19,0.14830481255737785
chr2,3,8,19,0.09182688254736392
chr2,3,9,19,-0.05583049275802879
chr2,3,10,19,0.12521825902117031
chr2,3,11,19,-0.04101001132211877
chr2,4,0,19,-0.04509443943712705
chr2,4,1,19,0.009238023204493424
chr2,4,2,19,0.11127689144633837
chr2,4,3,19,0.0003920063446330884
chr2,4,4,19,-0.0512163897541542
chr2,4,5,19,-0.19650494652971565
chr2,4,6,19,0.04939765767063047
chr2,4,7,19,0.04429042156623253
chr2,4,8,19,0.12557189882371617
chr2,4,9,19,0.10799328527279832
chr2,4,10,19,0.02846793333705796
chr2,4,11,19,-0.021927493231734624
chr2,5,0,19,-0.0249001072800157
chr2,5,1,19,-0.025720900045241704
chr2,5,2,19,0.04865977286413053
chr2,5,3,19,-0.012659333035491736
chr2,5,4,19,0.0882590650842961
chr2,5,5,19,-0.04008235660967739
chr2,5,6,19,0.09950628059952397
chr2,5,7,19,0.005330394251912653
chr2,5,8,19,-0.0430016314917232
chr2,5,9,19,0.017346185355333214
chr2,5,10,19,-0.09438374993202776
chr2,5,11,19,-0.03388117782362024
chr2,6,0,19,0.022545917878360352
chr2,6,1,19,-0.07057996203928465
chr2,6,2,19,0.051332565344217554
chr2,6,3,19,0.13749195509681147
chr2,6,4,19,0.011977134062875941
chr2,6,5,19,0.08222512676264206
chr2,6,6,19,0.16088643899941527
chr2,6,7,19,0.09013087929747715
chr2,6,8,19,0.13963993834117597
chr2,6,9,19,0.06589470577758849
chr2,6,10,19,0.18096540162830202
chr2,6,11,19,0.024522400612806826
chr2,7,0,19,-0.11824397192325538
chr2,7,1,19,0.12287719488541017
chr2,7,2,19,0.102645130330578
chr2,7,3,19,0.13783826537990182
chr2,7,4,19,0.1825766846975669
chr2,7,5,19,-0.065636257982279
chr2,7,6,19,0.21082740138117168
chr2,7,7,19,0.13824989290041004
chr2,7,8,19,0.09642975124616175
chr2,7,9,19,0.09933255019330345
chr2,7,10,19,-0.04365777000981955
chr2,7,11,19,0.02343414497221376
chr2,8,0,19,-0.05203440706006544
chr2,8,1,19,-0.06873658861118036
chr2,8,2,19,0.058200230860980175
chr2,8,3,19,0.17863563558091822
chr2,8,4,19,-0.0001438375298064791
chr2,8,5,19,0.21744744783342862
chr2,8,6,19,0.0024396866932580308
chr2,8,7,19,0.0471462943330378
chr2,8,8,19,-0.011315401188827956
chr2,8,9,19,-0.014726005454076851
chr2,8,10,19,-0.05374690085481253
chr2,8,11,19,-0.00012104844225019633
chr2,9,0,19,-0.05921706558302988
chr2,9,1,19,-0.17048072825837557
chr2,9,2,19,-0.21347467248538135
chr2,9,3,19,-0.013551796924347539
chr2,9,4,19,0.06129289427447607
chr2,9,5,19,-0.17541210907380025
chr2,9,6,19,-0.129820672043283
chr2,9,7,19,-0.02157316958367142
chr2,9,8,19,-0.028720613598929055
chr2,9,9,19,-0.09405255185880175
chr2,9,10,19,-0.13959014608291345
chr2,9,11,19,-0.05103309296671985
chr2,10,0,19,-0.04396882418511714
chr2,10,1,19,0.11583648216132977
chr2,10,2,19,-0.040212465914624296
chr2,10,3,19,-0.11627566261440264
chr2,10,4,19,-0.03220897554631315
chr2,10,5,19,-0.08677833894918781
chr2,10,6,19,-0.057568997232482155
chr2,10,7,19,0.02617854373841344
chr2,10,8,19,-0.12930586413659934
chr2,10,9,19,-0.09935708787343385
chr2,10,10,19,0.07520588725516819
chr2,10,11,19,0.0478180456723055
chr2,11,0,19,0.008738435359691854
chr2,11,1,19,0.04709260187331001
chr2,11,2,19,0.007772829159171096
chr2,11,3,19,0.0326267100458319
chr2,11,4,19,0.07489577421255211
chr2,11,5,19,-0.11529516151499879
chr2,11,6,19,-0.01979769179147801
chr2,11,7,19,0.0003483839529768367
chr2,11,8,19,-0.019984513930940122
chr2,11,9,19,0.1028786273877782
chr2,11,10,19,0.007091500364372494
chr2,11,11,19,0.0341676923047103
chr20,0,0,7,0.1478967302743903
chr20,0,1,7,0.2784954908336706
chr20,0,2,7,0.11063762269628752
chr20,0,3,7,0.15914129573689828
chr20,0,4,7,0.18204238215140936
chr20,0,5,7,-0.029967871007328666
chr20,0,6,7,-0.013667098683287466
chr20,0,7,7,0.011763460626520358
chr20,0,8,7,0.35427462023610123
chr20,0,9,7,0.19302954353028598
chr20,0,10,7,0.0707224886777936
chr20,0,11,7,0.07284660109521214
chr20,1,0,7,0.20659916381672955
chr20,1,1,7,-0.1674493536560458
chr20,1,2,7,-0.22472261658995585
chr20,1,3,7,-0.015826037094734242
chr20,1,4,7,-0.06363052220493744
chr20,1,5,7,-0.001220793503087625
chr20,1,6,7,-0.04357048465448945
chr20,1,7,7,-0.14671933012396815
chr20,1,8,7,-0.18233931832176395
chr20,1,9,7,0.1975648210147614
chr20,1,10,7,-0.1033481052741607
chr20,1,11,7,0.14051249330571958
chr20,2,0,7,0.1417254064286391
chr20,2,1,7,-0.18078446846711754
chr20,2,2,7,0.1943333617384811
chr20,2,3,7,0.1711915425539261
chr20,2,4,7,-0.27262171601601254
chr20,2,5,7,0.0775043629559287
chr20,2,6,7,0.01634539814155131
chr20,2,7,7,0.06620682280302459
chr20,2,8,7,0.04515133118160487
chr20,2,9,7,0.05450552376975017
chr20,2,10,7,-0.08869484411462726
chr20,2,11,7,-0.049916718123085665
chr20,3,0,7,0.054731681154939635
chr20,3,1,7,-0.048172659627133574
chr20,3,2,7,-0.1831509973514514
chr20,3,3,7,-0.31207850108573626
chr20,3,4,7,-0.09829238186182986
chr20,3,5,7,0.09496376345580068
chr20,3,6,7,0.061186939370566906
chr20,3,7,7,-0.04677415259534784
chr20,3,8,7,-0.06462325928910566
chr20,3,9,7,0.21751986195318265
chr20,3,10,7,-0.0014860145773257308
chr20,3,11,7,0.235305835670732
chr20,4,0,7,-0.052331600847239486
chr20,4,1,7,-0.14301129015329353
chr20,4,2,7,-0.20980826004561612
chr20,4,3,7,0.24398727229268138
chr20,4,4,7,0.01622487088486921
chr20,4,5,7,-0.07393089844847382
chr20,4,6,7,0.0281419464785627
chr20,4,7,7,-0.10418385600983995
chr20,4,8,7,-0.07516084805758029
chr20,4,9,7,0.17984459884464268
chr20,4,10,7,-0.11420794239231184
chr20,4,11,7,0.2231270491002974
chr20,5,0,7,-0.025666067165049766
chr20,5,1,7,-0.08966458421482523
chr20,5,2,7,-0.2632164470430492
chr20,5,3,7,0.0003101162856473938
chr20,5,4,7,-0.06304029094700624
chr20,5,5,7,-0.10658097354558058
chr20,5,6,7,-0.17505348161042059
chr20,5,7,7,-0.015663504261480322
chr20,5,8,7,-0.12313470544262582
chr20,5,9,7,-0.1283616786703814
chr20,5,10,7,0.21499504414649878
chr20,5,11,7,-0.00737249457785834
chr20,6,0,7,-0.3029227460479407
chr20,6,1,7,0.05539177208800602
chr20,6,2,7,0.06099675412952151
chr20,6,3,7,0.1224614092733211
chr20,6,4,7,-0.013796675417223497
chr20,6,5,7,0.16677571034601033
chr20,6,6,7,0.05367569007727755
chr20,6,7,7,0.2866903998128633
chr20,6,8,7,0.026728282466134432
chr20,6,9,7,0.20710873147853345
chr20,6,10,7,-0.27704317048543803
chr20,6,11,7,0.36293043390500007
chr20,7,0,7,0.3095991730806645
chr20,7,1,7,-0.30160951060154784
chr20,7,2,7,-0.12303849059878212
chr20,7,3,7,-0.22558412878549347
chr20,7,4,7,-0.045553474775690724
chr20,7,5,7,0.35345140927193014
chr20,7,6,7,-0.3085264066343873
chr20,7,7,7,-0.22668234341591367
chr20,7,8,7,-0.3226128481949863
chr20,7,9,7,-0.3177330526250542
chr20,7,10,7,0.3184039902591968
chr20,7,11,7,-0.11535640591292136
chr20,8,0,7,0.1630533772037408
chr20,8,1,7,-0.2903485839546107
chr20,8,2,7,0.1700934922237656
chr20,8,3,7,-0.17696048775847548
chr20,8,4,7,0.08832115290938648
chr20,8,5,7,-0.11260075629687574
chr20,8,6,7,-0.1411023609364718
chr20,8,7,7,-0.027237108137885147
chr20,8,8,7,-0.2603901629604658
chr20,8,9,7,-0.07543768662682113
chr20,8,10,7,-0.3642602660750156
chr20,8,11,7,0.24795979454151837
chr20,9,0,7,-0.20463160927380247
chr20,9,1,7,0.031227508572520688
chr20,9,2,7,0.031133899780985068
chr20,9,3,7,0.014000173574929973
chr20,9,4,7,0.12885761877491625
chr20,9,5,7,-0.14556481851971773
chr20,9,6,7,0.09288683262590915
chr20,9,7,7,-0.0325421736106262
chr20,9,8,7,-0.13696431049824523
chr20,9,9,7,-0.10541757948212913
chr20,9,10,7,-0.11479164822473119
chr20,9,11,7,-0.31698381120585845
chr20,10,0,7,0.022577429949841188
chr20,10,1,7,-0.266191423126941
chr20,10,2,7,-0.06344082450418129
chr20,10,3,7,-0.12551271447082132
chr20,10,4,7,-0.19260163568194022
chr20,10,5,7,-0.053715215239612604
chr20,10,6,7,0.08348940165788697
chr20,10,7,7,0.06656159103866097
chr20,10,8,7,0.09769656662273066
chr20,10,9,7,0.04307079219243174
chr20,10,10,7,0.07480880059028407
chr20,10,11,7,-0.23719557177291956
chr20,11,0,7,-0.015058415062370604
chr20,11,1,7,-0.0005616813349101912
chr20,11,2,7,-0.031534883441704666
chr20,11,3,7,-0.05202681438928954
chr20,11,4,7,-0.2099481345441542
chr20,11,5,7,-0.03464708900898389
chr20,11,6,7,0.04537172989228836
chr20,11,7,7,-0.021390638774006043
chr20,11,8,7,0.16961002144819992
chr20,11,9,7,0.11255257593515593
chr20,11,10,7,-0.024759646617197015
chr20,11,11,7,0.05245835610332167
chr21,0,0,3,-0.3570396153746229
chr21,0,1,3,0.005512511488779358
chr21,0,2,3,0.013790681925882125
chr21,0,3,3,-0.18710574018403517
chr21,0,4,3,-0.1721790833852501
chr21,0,5,3,0.012660607409201668
chr21,0,6,3,0.23430700584955208
chr21,0,7,3,-0.13268508439376334
chr21,0,8,3,-0.3278682420351949
chr21,0,9,3,-0.10415732150055636
chr21,0,10,3,-0.04920345163348777
chr21,0,11,3,0.06777241272076355
chr21,1,0,3,0.1363488057509854
chr21,1,1,3,-0.17372030625718693
chr21,1,2,3,-0.11967568402763791
chr21,1,3,3,-0.06966682643265741
chr21,1,4,3,-0.12107893875620153
chr21,1,5,3,0.17783510719245335
chr21,1,6,3,-0.08898495639064523
chr21,1,7,3,-0.10219243912050535
chr21,1,8,3,-0.15942578755816408
chr21,1,9,3,-0.515001853879163
chr21,1,10,3,0.2204824200862665
chr21,1,11,3,0.006597291700672266
chr21,2,0,3,-0.12848261182165066
chr21,2,1,3,-0.2592261631685063
chr21,2,2,3,0.06994115376119674
chr21,2,3,3,-0.03408195096087996
chr21,2,4,3,-0.14188524450924664
chr21,2,5,3,0.08787811716518941
chr21,2,6,3,-0.04323149091551632
chr21,2,7,3,-0.35303866041184184
chr21,2,8,3,-0.04990018927953443
chr21,2,9,3,-0.003328363786092784
chr21,2,10,3,-0.11175614088967807
chr21,2,11,3,0.08016760499917466
chr21,3,0,3,0.02275284709356769
chr21,3,1,3,0.15110425204686256
chr21,3,2,3,0.1925755313929424
chr21,3,3,3,-0.04708845893057565
chr21,3,4,3,-0.0748545909208223
chr21,3,5,3,0.2212657328790082
chr21,3,6,3,-0.18097659867092583
chr21,3,7,3,0.06899528900333157
chr21,3,8,3,0.17114698175756818
chr21,3,9,3,0.24947624077528788
chr21,3,10,3,-0.11919858993568087
chr21,3,11,3,0.20655923077799768
chr21,4,0,3,0.023946095408786394
chr21,4,1,3,0.17377997717889201
chr21,4,2,3,0.14441132346188684
chr21,4,3,3,0.3789231059745218
chr21,4,4,3,0.12500339551287118
chr21,4,5,3,0.0009483955744730432
chr21,4,6,3,-0.07731195622157612
chr21,4,7,3,0.510137302657065
chr21,4,8,3,0.3641565582282103
chr21,4,9,3,0.37243633376961954
chr21,4,10,3,0.20436392743184095
chr21,4,11,3,0.4014496479992093
chr21,5,0,3,0.3396536470372322
chr21,5,1,3,0.20482717339452639
chr21,5,2,3,0.25515038050354427
chr21,5,3,3,0.11672708906792151
chr21,5,4,3,0.18598673172446853
chr21,5,5,3,0.1205193165878125
chr21,5,6,3,-0.06424941896416185
chr21,5,7,3,0.3300772133611298
chr21,5,8,3,0.2017490681097537
chr21,5,9,3,0.27575897507322894
chr21,5,10,3,0.5463683331663657
chr21,5,11,3,0.24617800890668387
chr21,6,0,3,0.3121546718555848
chr21,6,1,3,0.15943836765865138
chr21,6,2,3,0.4508646988071323
chr21,6,3,3,0.5925891336565327
chr21,6,4,3,0.3235367320112006
chr21,6,5,3,0.25030973897832515
chr21,6,6,3,0.20677898422804764
chr21,6,7,3,0.10708529642440802
chr21,6,8,3,0.17045085312096445
chr21,6,9,3,0.5881169260233454
chr21,6,10,3,0.37677368086735674
chr21,6,11,3,0.5149795482176457
chr21,7,0,3,0.3255598116721857
chr21,7,1,3,-0.2757633856370682
chr21,7,2,3,0.20745375447357928
chr21,7,3,3,-0.2495028174105256
chr21,7,4,3,-0.06997972377731247
chr21,7,5,3,0.10441530871937965
chr21,7,6,3,0.35420928801673
chr21,7,7,3,0.3912119177954077
chr21,7,8,3,-0.30336332566248886
chr21,7,9,3,-0.2972864816641006
chr21,7,10,3,0.34605027502194985
chr21,7,11,3,-0.4782463829326493
chr21,8,0,3,0.23440702601210903
chr21,8,1,3,0.20046155800575585
chr21,8,2,3,0.3505516924268772
chr21,8,3,3,-0.1494847571316957
chr21,8,4,3,-0.000644444494161088
chr21,8,5,3,0.10009748843067647
chr21,8,6,3,-0.2270663478850615
chr21,8,7,3,0.09350874236215471
chr21,8,8,3,0.3500292109413284
chr21,8,9,3,0.3358292599936202
chr21,8,10,3,0.10514241398904589
chr21,8,11,3,0.29645922978213585
chr21,9,0,3,-0.01446241888414949
chr21,9,1,3,0.2649990972515482
chr21,9,2,3,0.5306209479375404
chr21,9,3,3,0.1150112595350384
chr21,9,4,3,-0.30600076555934624
chr21,9,5,3,-0.16931337579561057
chr21,9,6,3,0.09286213030855418
chr21,9,7,3,0.045513215778317274
chr21,9,8,3,0.3523370337099327
chr21,9,9,3,0.22255623366619437
chr21,9,10,3,0.08561401998639796
chr21,9,11,3,0.18177557888725757
chr21,10,0,3,-0.027471175483566774
chr21,10,1,3,0.07628850377952417
chr21,10,2,3,-0.1040005359839566
chr21,10,3,3,0.1613846137872791
chr21,10,4,3,0.1376050103503831
chr21,10,5,3,0.0616045670263167
chr21,10,6,3,-0.11272166783417749
chr21,10,7,3,-0.2572115865904611
chr21,10,8,3,0.0723527178386761
chr21,10,9,3,0.10379522253438546
chr21,10,10,3,0.1113535451214301
chr21,10,11,3,-0.26792212441884566
chr21,11,0,3,0.264965771946534
chr21,11,1,3,-0.15246580615392472
chr21,11,2,3,0.10390962533053165
chr21,11,3,3,0.4046099026752876
chr21,11,4,3,0.5430239685433703
chr21,11,5,3,-0.2280429096059
chr21,11,6,3,-0.09419207504284895
chr21,11,7,3,0.2631697678415506
chr21,11,8,3,-0.14882696048910007
chr21,11,9,3,0.16381193954123974
chr21,11,10,3,0.20441339825198598
chr21,11,11,3,-0.004390165717909326
chr22,0,0,5,0.21476487645814793
chr22,0,1,5,-0.11174236191507961
chr22,0,2,5,0.07472314008109678
chr22,0,3,5,-0.09757322290404502
chr22,0,4,5,0.004348196026273765
chr22,0,5,5,0.16065426822395437
chr22,0,6,5,0.07424560613882764
chr22,0,7,5,-0.06599602821168206
chr22,0,8,5,0.02123034191921559
chr22,0,9,5,-0.014479773748116107
chr22,0,10,5,-0.2104663219474859
chr22,0,11,5,0.10123117856595601
chr22,1,0,5,0.13251924277722513
chr22,1,1,5,0.008944748182485496
chr22,1,2,5,-0.12548050376703918
chr22,1,3,5,0.04101382334486409
chr22,1,4,5,-0.04708800904924103
chr22,1,5,5,-0.0929419076103302
chr22,1,6,5,-0.20737489312255003
chr22,1,7,5,-0.13857174208771877
chr22,1,8,5,-0.1534550908912753
chr22,1,9,5,0.06499799531284804
chr22,1,10,5,-0.08792270871214355
chr22,1,11,5,0.10196770777382977
chr22,2,0,5,0.2139857278708032
chr22,2,1,5,0.123826519664166
chr22,2,2,5,0.014278093212886594
chr22,2,3,5,0.09483630562714104
chr22,2,4,5,0.09766610872405171
chr22,2,5,5,0.09058867881818428
chr22,2,6,5,0.11176387801774568
chr22,2,7,5,0.05754674814286209
chr22,2,8,5,0.243534161197898
chr22,2,9,5,0.19546004810178705
chr22,2,10,5,0.14993567917575612
chr22,2,11,5,0.061520416871278696
chr22,3,0,5,0.23722471089708072
chr22,3,1,5,0.21358497823524383
chr22,3,2,5,0.03323069657980634
chr22,3,3,5,-0.08209946606954871
chr22,3,4,5,0.19073187106725528
chr22,3,5,5,0.21352470468514378
chr22,3,6,5,0.18960804107442628
chr22,3,7,5,0.1511924180412376
chr22,3,8,5,0.14868189019997738
chr22,3,9,5,0.17699430005953415
chr22,3,10,5,0.18852032569329052
chr22,3,11,5,0.22858563415850713
chr22,4,0,5,0.13284356518921964
chr22,4,1,5,0.16372491902015693
chr22,4,2,5,-0.012392203193619378
chr22,4,3,5,0.2179865047054203
chr22,4,4,5,0.06651418958563982
chr22,4,5,5,-0.15405354287559211
chr22,4,6,5,0.1725499165522423
chr22,4,7,5,0.008379813445015965
chr22,4,8,5,0.10854182341840797
chr22,4,9,5,0.021411001113230597
chr22,4,10,5,0.31200417717727696
chr22,4,11,5,0.11014233451987732
chr22,5,0,5,-0.09845608698731642
chr22,5,1,5,0.12766570071761574
chr22,5,2,5,-0.04146107238942296
chr22,5,3,5,0.2781181294466468
chr22,5,4,5,0.21742347008934354
chr22,5,5,5,0.131260923398187
chr22,5,6,5,0.3177418018310341
chr22,5,7,5,0.11349512815543435
chr22,5,8,5,0.08064795357522953
chr22,5,9,5,0.04115688310647691
chr22,5,10,5,0.031912014986683376
chr22,5,11,5,0.09296204228238736
chr22,6,0,5,-0.1913208302301223
chr22,6,1,5,0.11757985669211686
chr22,6,2,5,0.006576792319226987
chr22,6,3,5,-0.020443952875148268
chr22,6,4,5,0.14813183731148533
chr22,6,5,5,0.06346749025760792
chr22,6,6,5,0.025355347682761563
chr22,6,7,5,0.20660388710085983
chr22,6,8,5,0.1340956269449214
chr22,6,9,5,0.014646339827205913
chr22,6,10,5,-0.07793891127341394
chr22,6,11,5,-0.050104021311743054
chr22,7,0,5,0.09527259895272103
chr22,7,1,5,-0.06782214725760709
chr22,7,2,5,-0.13955642063928408
chr22,7,3,5,-0.060701569528775534
chr22,7,4,5,-0.01845388148396684
chr22,7,5,5,-0.013551582218050551
chr22,7,6,5,0.005344224535608488
chr22,7,7,5,-0.02703654495124113
chr22,7,8,5,-0.08080198343499886
chr22,7,9,5,-0.09128776073871597
chr22,7,10,5,0.11932482535224143
chr22,7,11,5,-0.16916353250191735
chr22,8,0,5,-0.15158609708063167
chr22,8,1,5,-0.3346386528732732
chr22,8,2,5,-0.1714456726292362
chr22,8,3,5,0.04646778158734157
chr22,8,4,5,0.18332731096669336
chr22,8,5,5,0.16579825863257658
chr22,8,6,5,0.044290410458141784
chr22,8,7,5,0.009800176329713495
chr22,8,8,5,-0.2989496784828487
chr22,8,9,5,-0.4230847960793242
chr22,8,10,5,-0.21295138588992737
chr22,8,11,5,0.25801781436482163
chr22,9,0,5,-0.11182715892673378
chr22,9,1,5,-0.1620671527523093
chr22,9,2,5,-0.09159031519683689
chr22,9,3,5,0.12395043408141784
chr22,9,4,5,0.22641826304933418
chr22,9,5,5,0.10268214822875917
chr22,9,6,5,0.21421885013399566
chr22,9,7,5,0.1669251760993619
chr22,9,8,5,-0.2377975224135504
chr22,9,9,5,-0.26412196081433176
chr22,9,10,5,-0.28363042904543245
chr22,9,11,5,0.09211529596040147
chr22,10,0,5,-0.00022073124383695242
chr22,10,1,5,-0.23152071131600432
chr22,10,2,5,-0.18176064764719402
chr22,10,3,5,-0.18541989791333996
chr22,10,4,5,-0.02408278438461812
chr22,10,5,5,-0.18746949745360802
chr22,10,6,5,0.17582193953145997
chr22,10,7,5,0.15321098922144458
chr22,10,8,5,-0.055616866206080175
chr22,10,9,5,-0.04541127516779042
chr22,10,10,5,0.057583905628851996
chr22,10,11,5,-0.03386828297057125
chr22,11,0,5,-0.05268236504100103
chr22,11,1,5,-0.07667268197068926
chr22,11,2,5,-0.15170838762182076
chr22,11,3,5,0.01481512412367042
chr22,11,4,5,-0.1063220767569506
chr22,11,5,5,0.21729613075695003
chr22,11,6,5,-0.02135309059262135
chr22,11,7,5,-0.027153719825687928
chr22,11,8,5,0.014673798384302116
chr22,11,9,5,0.005435572464764682
chr22,11,10,5,0.00932096407491378
chr22,11,11,5,-0.044543183334379365
chr3,0,0,23,0.005540603048843354
chr3,0,1,23,0.019967221751418587
chr3,0,2,23,0.025840871482976778
chr3,0,3,23,-0.002653949227483646
chr3,0,4,23,0.013109661286448502
chr3,0,5,23,0.0028478021343827436
chr3,0,6,23,-0.021757477812945573
chr3,0,7,23,-0.01057897928137722
chr3,0,8,23,0.06766160975225916
chr3,0,9,23,0.11258942780773303
chr3,0,10,23,0.00752466901514785
chr3,0,11,23,0.01951341876980714
chr3,1,0,23,0.0780180871519338
chr3,1,1,23,-0.010479362592770962
chr3,1,2,23,-0.020987432147475914
chr3,1,3,23,-0.04595201671874425
chr3,1,4,23,0.04736798632184344
chr3,1,5,23,-0.009654431794468211
chr3,1,6,23,-0.07683270422204994
chr3,1,7,23,-0.08451360600929486
chr3,1,8,23,-0.054701162657737765
chr3,1,9,23,0.021051899945493575
chr3,1,10,23,0.07294493068405179
chr3,1,11,23,0.08022957457922557
chr3,2,0,23,0.02330300276698405
chr3,2,1,23,-0.09765778495084831
chr3,2,2,23,0.06927638260742917
chr3,2,3,23,-0.012358466547362161
chr3,2,4,23,-0.03215961014745003
chr3,2,5,23,0.07163531640834864
chr3,2,6,23,0.08028571639602959
chr3,2,7,23,-0.01496192079752673
chr3,2,8,23,0.04777501048118597
chr3,2,9,23,0.09174693187889398
chr3,2,10,23,0.00905926129528886
chr3,2,11,23,-0.0021980352948666043
chr3,3,0,23,0.010932173682837654
chr3,3,1,23,0.04231409892207822
chr3,3,2,23,0.09058628884330976
chr3,3,3,23,0.000718157950358195
chr3,3,4,23,-0.0009492861930191282
chr3,3,5,23,0.1762523401804609
chr3,3,6,23,0.00010508998272196081
chr3,3,7,23,0.1269797328440284
chr3,3,8,23,0.031074156416912913
chr3,3,9,23,0.1279672334976752
chr3,3,10,23,0.0005805780329785819
chr3,3,11,23,0.14264113822746333
chr3,4,0,23,-0.07942743453324778
chr3,4,1,23,-0.11107977059309067
chr3,4,2,23,-0.08626294956210322
chr3,4,3,23,0.13336705631030138
chr3,4,4,23,-0.08529498170835192
chr3,4,5,23,-0.017074343608802955
chr3,4,6,23,0.0973968970887733
chr3,4,7,23,0.06918161546453531
chr3,4,8,23,0.006136651478363002
chr3,4,9,23,0.10738639100964802
chr3,4,10,23,0.0036477071901152786
chr3,4,11,23,0.0021877481747244586
chr3,5,0,23,-0.01217256500851726
chr3,5,1,23,-0.026684506039478917
chr3,5,2,23,-0.08757721178618501
chr3,5,3,23,0.009749316228634293
chr3,5,4,23,0.049262544100311466
chr3,5,5,23,0.03974646598725444
chr3,5,6,23,0.0634990642409404
chr3,5,7,23,0.040050022801581805
chr3,5,8,23,-0.06439282839547512
chr3,5,9,23,0.16887157890245727
chr3,5,10,23,0.0999834683784302
chr3,5,11,23,0.06185853161488351
chr3,6,0,23,-0.0892736238636322
chr3,6,1,23,-0.001515909391491278
chr3,6,2,23,0.015121681853688628
chr3,6,3,23,-0.04654274204152606
chr3,6,4,23,-0.013908351779218439
chr3,6,5,23,0.023603494490620037
chr3,6,6,23,-0.027222754855683422
chr3,6,7,23,0.02747981582329448
chr3,6,8,23,0.022999163552202793
chr3,6,9,23,0.0445943112027176
chr3,6,10,23,-0.12323011431176553
chr3,6,11,23,0.06485069980838305
chr3,7,0,23,0.1131901648537518
chr3,7,1,23,-0.12321970187344636
chr3,7,2,23,-0.004296922660607665
chr3,7,3,23,-0.1009560188835818
chr3,7,4,23,0.12828701546159665
chr3,7,5,23,-0.03508603836362316
chr3,7,6,23,0.11234079673014379
chr3,7,7,23,-0.014416347372830233
chr3,7,8,23,-0.12678932028489853
chr3,7,9,23,-0.11513318597047906
chr3,7,10,23,0.11411052100770004
chr3,7,11,23,-0.056212850136312636
chr3,8,0,23,0.00787730962321451
chr3,8,1,23,-0.09019219097596251
chr3,8,2,23,0.0935701019012921
chr3,8,3,23,0.037442299694377415
chr3,8,4,23,0.051234287063428814
chr3,8,5,23,0.13024594666750103
chr3,8,6,23,-0.16633839668732922
chr3,8,7,23,0.03317310187219525
chr3,8,8,23,-0.029407870864676677
chr3,8,9,23,0.006964403657507815
chr3,8,10,23,-0.07177072776129986
chr3,8,11,23,0.1793089466639073
chr3,9,0,23,-0.05820489940821772
chr3,9,1,23,-0.06215493392698597
chr3,9,2,23,0.053120431309792646
chr3,9,3,23,0.008923935435192326
chr3,9,4,23,0.13588763525219621
chr3,9,5,23,-0.0361232350649193
chr3,9,6,23,0.08062678154432512
chr3,9,7,23,0.01050973640055096
chr3,9,8,23,0.0005479424025688134
chr3,9,9,23,-0.1646326104967478
chr3,9,10,23,-0.09370670262303177
chr3,9,11,23,-0.04379031831565504
chr3,10,0,23,0.07899980567780603
chr3,10,1,23,-0.050012754485513566
chr3,10,2,23,-9.819981380052747e-05
chr3,10,3,23,0.03722504178927067
chr3,10,4,23,0.01329487832045918
chr3,10,5,23,-0.09933647129843266
chr3,10,6,23,0.050463272648274084
chr3,10,7,23,0.059073911180923
chr3,10,8,23,-0.07987556676696082
chr3,10,9,23,-0.047633517743623024
chr3,10,10,23,0.03822511326206425
chr3,10,11,23,-0.07254661820934931
chr3,11,0,23,-0.04022264791505638
chr3,11,1,23,0.0418923409523062
chr3,11,2,23,-0.060094000049870595
chr3,11,3,23,-0.010494121608956145
chr3,11,4,23,0.04087917056603087
chr3,11,5,23,-0.034983634004849884
chr3,11,6,23,0.03574223271456046
chr3,11,7,23,-0.021304334515384195
chr3,11,8,23,-0.021821500894743294
chr3,11,9,23,0.08140880432883671
chr3,11,10,23,-0.0006728885860886804
chr3,11,11,23,-0.09221594455060203
chr4,0,0,13,0.05373805517671516
chr4,0,1,13,-0.012565270583214713
chr4,0,2,13,0.042401894207153686
chr4,0,3,13,0.06678886740745635
chr4,0,4,13,0.17196527455726437
chr4,0,5,13,0.04829932538059531
chr4,0,6,13,-0.014870253996157701
chr4,0,7,13,0.09963897608519688
chr4,0,8,13,0.12635433244955774
chr4,0,9,13,0.08610399050488557
chr4,0,10,13,0.004405618434582588
chr4,0,11,13,0.09595068263759786
chr4,1,0,13,0.06739380909999225
chr4,1,1,13,0.008448734357988418
chr4,1,2,13,0.012018494333655934
chr4,1,3,13,-0.010262010526123402
chr4,1,4,13,-0.048527778866254465
chr4,1,5,13,0.03801811041731225
chr4,1,6,13,-0.12456059616139578
chr4,1,7,13,-0.15188185398794388
chr4,1,8,13,-0.00501340460659864
chr4,1,9,13,0.129563071582997
chr4,1,10,13,0.056218240414344436
chr4,1,11,13,0.01134735969420615
chr4,2,0,13,0.1709807324828623
chr4,2,1,13,0.043713998933575665
chr4,2,2,13,0.06482930610754288
chr4,2,3,13,-0.04627445214713946
chr4,2,4,13,0.0010110416430868946
chr4,2,5,13,-0.005448188648692018
chr4,2,6,13,0.043302403912886374
chr4,2,7,13,-0.01862747752966791
chr4,2,8,13,-0.045291037957586204
chr4,2,9,13,0.009448226781972333
chr4,2,10,13,-0.01056173815924115
chr4,2,11,13,0.07838784837340312
chr4,3,0,13,0.058482076429914646
chr4,3,1,13,0.06307749752095652
chr4,3,2,13,0.11480943320109273
chr4,3,3,13,0.11586757156462833
chr4,3,4,13,-0.07871359488031857
chr4,3,5,13,0.07591526660315812
chr4,3,6,13,0.18016688994532234
chr4,3,7,13,0.14079335624352782
chr4,3,8,13,0.12105850544219665
chr4,3,9,13,0.11883869970690834
chr4,3,10,13,-0.08267592629463896
chr4,3,11,13,0.14371681571920275
chr4,4,0,13,0.020897110069281768
chr4,4,1,13,-0.013455487444568277
chr4,4,2,13,-0.018737291020305934
chr4,4,3,13,0.06218421926629229
chr4,4,4,13,-0.008410323136845147
chr4,4,5,13,-0.07479645298749375
chr4,4,6,13,0.11081021176624015
chr4,4,7,13,0.07616097798860108
chr4,4,8,13,0.08465364032852718
chr4,4,9,13,0.1502225412443952
chr4,4,10,13,-0.10588613777132183
chr4,4,11,13,-0.07287410058954978
chr4,5,0,13,-0.13126301312207003
chr4,5,1,13,-0.03391637795523559
chr4,5,2,13,-0.11540339715992311
chr4,5,3,13,-0.06095081691428006
chr4,5,4,13,-0.09502077956060634
chr4,5,5,13,-0.144368279603827
chr4,5,6,13,0.025912060432767583
chr4,5,7,13,0.01461084420314669
chr4,5,8,13,-0.13101729779660082
chr4,5,9,13,0.0022802188445704484
chr4,5,10,13,0.02620247256021861
chr4,5,11,13,-0.13675988477744733
chr4,6,0,13,-0.015611488871599834
chr4,6,1,13,-0.17560256888096168
chr4,6,2,13,0.1500451439855103
chr4,6,3,13,0.14673849920237536
chr4,6,4,13,0.020120152248825112
chr4,6,5,13,0.20067601593954068
chr4,6,6,13,0.10545159428768643
chr4,6,7,13,0.09569267202303802
chr4,6,8,13,0.11669102401735189
chr4,6,9,13,0.15054577910841951
chr4,6,10,13,0.007877901221318186
chr4,6,11,13,0.12870164507598433
chr4,7,0,13,0.054721996304937355
chr4,7,1,13,-0.09027255436485647
chr4,7,2,13,0.019681300616968354
chr4,7,3,13,-0.019280252122570254
chr4,7,4,13,-0.0635596094301554
chr4,7,5,13,-0.06878365068581446
chr4,7,6,13,0.011150955196223807
chr4,7,7,13,-0.08303093732299024
chr4,7,8,13,-0.058839741765389864
chr4,7,9,13,-0.057528884153421715
chr4,7,10,13,0.0621590649582281
chr4,7,11,13,-0.0354814704795104
chr4,8,0,13,0.21514152961200453
chr4,8,1,13,-0.13515395595271945
chr4,8,2,13,0.2430582032799572
chr4,8,3,13,-0.05573661154168882
chr4,8,4,13,0.01501589902779394
chr4,8,5,13,0.07351587338573388
chr4,8,6,13,-0.09847073543972452
chr4,8,7,13,0.08771035513960213
chr4,8,8,13,-0.09444926240963857
chr4,8,9,13,0.11758405802907829
chr4,8,10,13,-0.058615538851589204
chr4,8,11,13,0.10384211495579931
chr4,9,0,13,0.11402020146210277
chr4,9,1,13,-0.03125574532571471
chr4,9,2,13,-0.0009504621884969213
chr4,9,3,13,-0.08581520757667119
chr4,9,4,13,0.04450525272783046
chr4,9,5,13,0.05327990980463115
chr4,9,6,13,0.23638208934236532
chr4,9,7,13,-0.02530240919159798
chr4,9,8,13,-0.09830474992686339
chr4,9,9,13,-0.10606453759491222
chr4,9,10,13,-0.06334382643140307
chr4,9,11,13,0.07648534193036524
chr4,10,0,13,0.04253351815549
chr4,10,1,13,-0.11180400217253333
chr4,10,2,13,-0.1277136371272138
chr4,10,3,13,0.03313402843093378
chr4,10,4,13,-0.11838232986360722
chr4,10,5,13,-0.15557341146975956
chr4,10,6,13,0.1050579290568867
chr4,10,7,13,0.14137720866442052
chr4,10,8,13,-0.08599334078250566
chr4,10,9,13,-0.16755617640865386
chr4,10,10,13,0.08551884469309003
chr4,10,11,13,-0.06204906900187782
chr4,11,0,13,-0.08679545396982725
chr4,11,1,13,-0.03984371827362805
chr4,11,2,13,-0.1641283664401632
chr4,11,3,13,0.019844106322607455
chr4,11,4,13,-0.13633117585586166
chr4,11,5,13,-0.03278624205226101
chr4,11,6,13,0.04337142150016364
chr4,11,7,13,0.01274702530073485
chr4,11,8,13,-0.04966923120731337
chr4,11,9,13,-0.04522769323807606
chr4,11,10,13,-0.10053154996798724
chr4,11,11,13,-0.02816453531652586
chr5,0,0,12,-0.13367303862271776
chr5,0,1,12,-0.09839377136412293
chr5,0,2,12,-0.04921008388078461
chr5,0,3,12,-0.08282680389292044
chr5,0,4,12,-0.09195266649474376
chr5,0,5,12,-0.041138068719808914
chr5,0,6,12,0.03184204056180288
chr5,0,7,12,-0.0818403035408556
chr5,0,8,12,-0.13999846523511697
chr5,0,9,12,-0.07156862013715616
chr5,0,10,12,-0.1156830273542067
chr5,0,11,12,-0.03556771567657494
chr5,1,0,12,0.1284524888979517
chr5,1,1,12,-0.1706970017826668
chr5,1,2,12,-0.05761897120495091
chr5,1,3,12,-0.2034911986568225
chr5,1,4,12,-0.0992783886975338
chr5,1,5,12,-0.08847383477795583
chr5,1,6,12,-0.19675052714551913
chr5,1,7,12,-0.06523202601829504
chr5,1,8,12,-0.019925697132404614
chr5,1,9,12,-0.051825636454045115
chr5,1,10,12,0.16401194390822596
chr5,1,11,12,0.056467559495311404
chr5,2,0,12,-0.023701454520331487
chr5,2,1,12,-0.005669499950843944
chr5,2,2,12,0.08084292727025717
chr5,2,3,12,-0.004843229408328713
chr5,2,4,12,-0.05507891579159437
chr5,2,5,12,-0.0034067306318155133
chr5,2,6,12,0.015214222369350688
chr5,2,7,12,0.06503594398772924
chr5,2,8,12,0.012662717003665011
chr5,2,9,12,-0.07450756218264974
chr5,2,10,12,-0.06957807492951061
chr5,2,11,12,-0.047330325741807656
chr5,3,0,12,0.03247898835652862
chr5,3,1,12,0.010405655459063015
chr5,3,2,12,-0.006680923709788973
chr5,3,3,12,0.012129309265261937
chr5,3,4,12,0.0305083727819304
chr5,3,5,12,0.17493057499773945
chr5,3,6,12,-0.023461274576961424
chr5,3,7,12,0.015416375667187196
chr5,3,8,12,-0.021265007689138804
chr5,3,9,12,-0.030617608363633333
chr5,3,10,12,0.08081319660718625
chr5,3,11,12,0.045329719207723405
chr5,4,0,12,-0.08320566196833522
chr5,4,1,12,-0.033372034351333936
chr5,4,2,12,0.023975167454857754
chr5,4,3,12,-0.07016589773696329
chr5,4,4,12,-0.170432742819032
chr5,4,5,12,-0.0053873791303140324
chr5,4,6,12,0.10957267457502656
chr5,4,7,12,0.029273186738522212
chr5,4,8,12,-0.06614713907140421
chr5,4,9,12,0.048519156403749646
chr5,4,10,12,0.06898187176261526
chr5,4,11,12,-0.09200516719294151
chr5,5,0,12,-0.14311033835011502
chr5,5,1,12,0.004820994384975061
chr5,5,2,12,-0.07018279760347051
chr5,5,3,12,-0.0293021574746422
chr5,5,4,12,-0.1610041830744882
chr5,5,5,12,-0.09362792955714948
chr5,5,6,12,-0.14918164594207742
chr5,5,7,12,-0.031906220862113165
chr5,5,8,12,-0.06189027135391841
chr5,5,9,12,-0.03399857187249803
chr5,5,10,12,-0.10271495347456734
chr5,5,11,12,-0.02968887896938192
chr5,6,0,12,-0.07247606720189147
chr5,6,1,12,-0.18088976964323197
chr5,6,2,12,0.03529948087061167
chr5,6,3,12,0.010894475290978867
chr5,6,4,12,-0.14289844968190707
chr5,6,5,12,0.017341153358165075
chr5,6,6,12,0.06434958168640036
chr5,6,7,12,0.08740828382193938
chr5,6,8,12,-0.025739431738359925
chr5,6,9,12,0.02500267762321824
chr5,6,10,12,-0.05808552920612031
chr5,6,11,12,0.040368591182349235
chr5,7,0,12,0.05328416914385606
chr5,7,1,12,-0.04363050749483633
chr5,7,2,12,-0.0732017568822725
chr5,7,3,12,0.08200313583768876
chr5,7,4,12,0.05270911812700152
chr5,7,5,12,0.09470008994466454
chr5,7,6,12,-0.021424250384190154
chr5,7,7,12,0.11347673396723351
chr5,7,8,12,-0.03818267309980716
chr5,7,9,12,-0.022595269881036818
chr5,7,10,12,0.08020910334887893
chr5,7,11,12,0.05566347862220605
chr5,8,0,12,0.1326523495497374
chr5,8,1,12,-0.008109227994825295
chr5,8,2,12,0.17066880029801157
chr5,8,3,12,-0.2200513778020479
chr5,8,4,12,-0.05781983013498627
chr5,8,5,12,-0.05298532701320574
chr5,8,6,12,-0.21341002404446
chr5,8,7,12,0.008048403573446725
chr5,8,8,12,0.016577514485912225
chr5,8,9,12,0.09492202917256966
chr5,8,10,12,-0.0005306985092306526
chr5,8,11,12,-0.1833783624497706
chr5,9,0,12,0.05120097408804747
chr5,9,1,12,0.07649027938095136
chr5,9,2,12,0.07101976797434788
chr5,9,3,12,-0.061052919866278976
chr5,9,4,12,0.055297154642762275
chr5,9,5,12,-0.21479762740580244
chr5,9,6,12,0.011595608062986595
chr5,9,7,12,-0.1461133829904506
chr5,9,8,12,0.10522879925046846
chr5,9,9,12,0.07188402566286341
chr5,9,10,12,0.06448732131920171
chr5,9,11,12,-0.16812411608590053
chr5,10,0,12,-0.005557114122182701
chr5,10,1,12,-0.0016760817448539477
chr5,10,2,12,0.003282553096840788
chr5,10,3,12,-0.10806864046024023
chr5,10,4,12,-0.13159576358137662
chr5,10,5,12,-0.05085542281991407
chr5,10,6,12,-0.052045508085406415
chr5,10,7,12,0.051577413914681854
chr5,10,8,12,0.03283052224044456
chr5,10,9,12,0.0021294129107357063
chr5,10,10,12,-0.015087190851560984
chr5,10,11,12,-0.13526443017924414
chr5,11,0,12,0.062036798886187045
chr5,11,1,12,0.013528479312442518
chr5,11,2,12,-0.06969916784674156
chr5,11,3,12,0.024567796049039595
chr5,11,4,12,0.11713530785895822
chr5,11,5,12,-0.150677304870693
chr5,11,6,12,-0.0020398260862849273
chr5,11,7,12,-0.045271556492669875
chr5,11,8,12,0.04510822740654088
chr5,11,9,12,0.08041243853449169
chr5,11,10,12,0.026093204819635823
chr5,11,11,12,-0.11416813921548608
chr6,0,0,17,-0.08229189180074033
chr6,0,1,17,-0.049972351289484664
chr6,0,2,17,-0.04558145802759778
chr6,0,3,17,-0.0827447883009403
chr6,0,4,17,-0.09703156577524756
chr6,0,5,17,0.005550373874163234
chr6,0,6,17,0.06914338400464048
chr6,0,7,17,-0.03831713031417152
chr6,0,8,17,-0.18473615497162932
chr6,0,9,17,-0.11402278366873786
chr6,0,10,17,-0.09242103675525588
chr6,0,11,17,-0.09435983942909103
chr6,1,0,17,0.10668796395414208
chr6,1,1,17,-0.1529791316873504
chr6,1,2,17,-0.07986723291275996
chr6,1,3,17,-0.12743303450223617
chr6,1,4,17,0.02657539447976165
chr6,1,5,17,-0.0809059501144606
chr6,1,6,17,-0.01131775878311474
chr6,1,7,17,-0.019490554278219
chr6,1,8,17,-0.099319322042041
chr6,1,9,17,-0.07918031781435658
chr6,1,10,17,0.07773570008783225
chr6,1,11,17,-0.0047963441456399325
chr6,2,0,17,-0.002366200450130075
chr6,2,1,17,0.003926060723542727
chr6,2,2,17,-0.052319221488103966
chr6,2,3,17,0.005303650812714761
chr6,2,4,17,-0.09140500409143823
chr6,2,5,17,-0.06178805210990303
chr6,2,6,17,-0.0189467509356587
chr6,2,7,17,-0.046310565330361035
chr6,2,8,17,-0.03437905083622332
chr6,2,9,17,-0.15503483814943697
chr6,2,10,17,-0.030316831790630473
chr6,2,11,17,-0.10701760427767806
chr6,3,0,17,0.033977237372887374
chr6,3,1,17,0.003982860013557619
chr6,3,2,17,-0.012226431374384953
chr6,3,3,17,-0.14281962287004465
chr6,3,4,17,-0.06019345021246236
chr6,3,5,17,0.020804449467684703
chr6,3,6,17,0.05080988099232315
chr6,3,7,17,0.12627829887824685
chr6,3,8,17,-0.006086341842132
chr6,3,9,17,0.17038608380799591
chr6,3,10,17,-0.01818117637076646
chr6,3,11,17,0.10097877482300698
chr6,4,0,17,0.1199748874815995
chr6,4,1,17,0.004698493575290537
chr6,4,2,17,-0.04619589253932929
chr6,4,3,17,0.10085180682986318
chr6,4,4,17,0.11878149148446929
chr6,4,5,17,0.015590590576400557
chr6,4,6,17,0.05591736037730735
chr6,4,7,17,0.03281737658836058
chr6,4,8,17,0.13878929014945415
chr6,4,9,17,0.07357815132453732
chr6,4,10,17,0.10333464415595751
chr6,4,11,17,0.08736538702869452
chr6,5,0,17,-0.0007788422873438841
chr6,5,1,17,-0.04017020377331167
chr6,5,2,17,-0.07491109899044696
chr6,5,3,17,-0.00415586886078993
chr6,5,4,17,0.008364036935643797
chr6,5,5,17,-0.051083189676148215
chr6,5,6,17,-0.0493908765840542
chr6,5,7,17,0.05742462198945693
chr6,5,8,17,0.045015752597350696
chr6,5,9,17,0.01857217462118436
chr6,5,10,17,0.09247880302268949
chr6,5,11,17,-0.10614159204914043
chr6,6,0,17,-0.113816805161728
chr6,6,1,17,0.03811671206134465
chr6,6,2,17,0.0959165418988245
chr6,6,3,17,0.15659401073336393
chr6,6,4,17,-0.04720541286140715
chr6,6,5,17,-0.04268712322452927
chr6,6,6,17,0.07693992784602671
chr6,6,7,17,0.07339857868342102
chr6,6,8,17,-0.05054422405135847
chr6,6,9,17,0.15394990082667
chr6,6,10,17,-0.02982921896764522
chr6,6,11,17,0.17151559608056458
chr6,7,0,17,0.14628364709108083
chr6,7,1,17,-0.11731728990421517
chr6,7,2,17,-0.10036129408310279
chr6,7,3,17,-0.1197112769569391
chr6,7,4,17,-0.11686000050747272
chr6,7,5,17,-0.03146284022096367
chr6,7,6,17,-0.057936536218529344
chr6,7,7,17,0.014992597888033291
chr6,7,8,17,-0.1345805302750117
chr6,7,9,17,-0.12191282077519817
chr6,7,10,17,0.15727588592425504
chr6,7,11,17,0.056951595772950316
chr6,8,0,17,-0.02660107565452529
chr6,8,1,17,-0.01619029959886149
chr6,8,2,17,-0.034434324439644434
chr6,8,3,17,0.055183754196302316
chr6,8,4,17,0.05147561628222361
chr6,8,5,17,-0.020703836960191773
chr6,8,6,17,-0.029786742950851597
chr6,8,7,17,-0.13139867636349387
chr6,8,8,17,-0.07489460668035569
chr6,8,9,17,-0.12785299545700296
chr6,8,10,17,-0.04104877614238116
chr6,8,11,17,0.07443605958638885
chr6,9,0,17,-0.0676682103950574
chr6,9,1,17,0.07271739438359949
chr6,9,2,17,0.023717575454164842
chr6,9,3,17,0.02247721704626057
chr6,9,4,17,-0.057360778776256914
chr6,9,5,17,-0.12240133705852789
chr6,9,6,17,0.002118684723948517
chr6,9,7,17,-0.0981354651631947
chr6,9,8,17,-0.054717261197482894
chr6,9,9,17,0.015597675013391788
chr6,9,10,17,0.03214408513101762
chr6,9,11,17,0.08964120180240141
chr6,10,0,17,0.07395818248949736
chr6,10,1,17,-0.05220368249783434
chr6,10,2,17,0.06734987550411661
chr6,10,3,17,0.022667229497266864
chr6,10,4,17,0.04880345503249721
chr6,10,5,17,0.027015477848739276
chr6,10,6,17,0.05094982772662265
chr6,10,7,17,0.011168106631225791
chr6,10,8,17,0.12006432156631806
chr6,10,9,17,0.12952179873031525
chr6,10,10,17,0.04442493231158342
chr6,10,11,17,-0.07246114566003672
chr6,11,0,17,0.06728472677237995
chr6,11,1,17,-0.04026309294079254
chr6,11,2,17,-0.06559600416965883
chr6,11,3,17,0.05736577947388749
chr6,11,4,17,0.1312825658809946
chr6,11,5,17,0.05574329488572007
chr6,11,6,17,0.05781923586967726
chr6,11,7,17,0.23690360812141023
chr6,11,8,17,0.025337476454562555
chr6,11,9,17,0.06765697463611788
chr6,11,10,17,0.0813411738018876
chr6,11,11,17,-0.015903081039772934
chr7,0,0,8,0.10584172407849216
chr7,0,1,8,0.059988616712646305
chr7,0,2,8,-0.07913120648430041
chr7,0,3,8,0.1491271697478878
chr7,0,4,8,0.11924387624958831
chr7,0,5,8,-0.009550207258977567
chr7,0,6,8,0.05915144979720662
chr7,0,7,8,-0.1378207552943725
chr7,0,8,8,0.034734752689728046
chr7,0,9,8,0.019841967620455456
chr7,0,10,8,0.062179197024001986
chr7,0,11,8,-0.04770023633094762
chr7,1,0,8,0.019747808491883387
chr7,1,1,8,0.035221400304777814
chr7,1,2,8,-0.04778485734807628
chr7,1,3,8,-0.04108402397718064
chr7,1,4,8,0.0196039405777563
chr7,1,5,8,-0.010766410047909722
chr7,1,6,8,-0.09251774093615558
chr7,1,7,8,-0.036698080638671075
chr7,1,8,8,-0.036060074460541755
chr7,1,9,8,0.12806134691793472
chr7,1,10,8,-0.13745954786727485
chr7,1,11,8,0.06175787271410835
chr7,2,0,8,-0.017213458409594803
chr7,2,1,8,-0.11326724198354043
chr7,2,2,8,0.1590711874216117
chr7,2,3,8,-0.16737249908406804
chr7,2,4,8,0.09513596109091671
chr7,2,5,8,0.09072770472332167
chr7,2,6,8,0.027949985035041022
chr7,2,7,8,-0.10534922396030943
chr7,2,8,8,0.10863721969251335
chr7,2,9,8,0.013337273740868866
chr7,2,10,8,0.008505915295694506
chr7,2,11,8,-0.09895604037454317
chr7,3,0,8,0.08651852262941438
chr7,3,1,8,-0.03142903701770333
chr7,3,2,8,-0.05627405996113892
chr7,3,3,8,0.07655979896388988
chr7,3,4,8,0.10402448891821928
chr7,3,5,8,0.011242030204549926
chr7,3,6,8,-0.014678560883432647
chr7,3,7,8,0.004994799820447496
chr7,3,8,8,-0.0576905503718266
chr7,3,9,8,-0.0018246821741994546
chr7,3,10,8,0.12050958627768774
chr7,3,11,8,0.06783381895297988
chr7,4,0,8,-0.1366410043190475
chr7,4,1,8,-0.05524702823788458
chr7,4,2,8,-0.09376540542913893
chr7,4,3,8,0.1233055254946585
chr7,4,4,8,-0.13533850248717097
chr7,4,5,8,0.0020541586874817663
chr7,4,6,8,-0.14640611683974636
chr7,4,7,8,0.03984312033042165
chr7,4,8,8,-0.1859989528825906
chr7,4,9,8,-0.01418228002363171
chr7,4,10,8,0.003127670542828309
chr7,4,11,8,0.14221373254753816
chr7,5,0,8,-0.1797612285582271
chr7,5,1,8,0.011245635820890054
chr7,5,2,8,-0.016935082627951712
chr7,5,3,8,-0.09314938846652096
chr7,5,4,8,-0.10331625973567597
chr7,5,5,8,0.004131143787011224
chr7,5,6,8,0.058894329547780885
chr7,5,7,8,-0.018089615905091116
chr7,5,8,8,0.09744949865122596
chr7,5,9,8,-0.07994984231234392
chr7,5,10,8,0.028368892045028078
chr7,5,11,8,-0.04290760982962842
chr7,6,0,8,-0.2088468683238965
chr7,6,1,8,-0.21703465917327963
chr7,6,2,8,-0.0287040842818291
chr7,6,3,8,-0.10427067928184137
chr7,6,4,8,-0.08467167800352249
chr7,6,5,8,0.025099452864046756
chr7,6,6,8,-0.05301107110930633
chr7,6,7,8,0.014836161539924328
chr7,6,8,8,0.04981249362967645
chr7,6,9,8,-0.04295667399117428
chr7,6,10,8,-0.13833770174112872
chr7,6,11,8,0.02097015239450173
chr7,7,0,8,0.03011581486970561
chr7,7,1,8,0.015630479536349128
chr7,7,2,8,-0.02128373160604742
chr7,7,3,8,-0.041188299128908326
chr7,7,4,8,0.14010934484583598
chr7,7,5,8,-0.018893697234197815
chr7,7,6,8,0.032424470628809425
chr7,7,7,8,0.06710161911740826
chr7,7,8,8,-0.04710273980556535
chr7,7,9,8,-0.0387280238741914
chr7,7,10,8,0.028140399047796152
chr7,7,11,8,-0.04598340971493054
chr7,8,0,8,-0.11787364807575831
chr7,8,1,8,-0.11222513037450554
chr7,8,2,8,-0.07316329098487687
chr7,8,3,8,0.08998157691365989
chr7,8,4,8,-0.07331622906974858
chr7,8,5,8,-0.04871414764344439
chr7,8,6,8,0.011894490001126898
chr7,8,7,8,0.00603743942442958
chr7,8,8,8,-0.13295341602389024
chr7,8,9,8,-0.033068500936636186
chr7,8,10,8,-0.06143216005983039
chr7,8,11,8,-0.005351735602204432
chr7,9,0,8,0.08883677845850008
chr7,9,1,8,-0.01692020174519638
chr7,9,2,8,-0.057222557343793834
chr7,9,3,8,0.028956519351434236
chr7,9,4,8,0.04726781687253394
chr7,9,5,8,0.011188138821440458
chr7,9,6,8,0.20315002410780642
chr7,9,7,8,-0.005306829836912122
chr7,9,8,8,0.016166651917969732
chr7,9,9,8,0.04251243318815992
chr7,9,10,8,-0.03465576153389981
chr7,9,11,8,-0.08315643737322856
chr7,10,0,8,0.0703995454471673
chr7,10,1,8,-0.0069531441125644106
chr7,10,2,8,0.017557166486230284
chr7,10,3,8,-0.03173614669611315
chr7,10,4,8,-0.043977728414214726
chr7,10,5,8,-0.06868019704736968
chr7,10,6,8,-0.012019010674272392
chr7,10,7,8,0.15002773265850583
chr7,10,8,8,0.07601794706219794
chr7,10,9,8,-0.1828371378628342
chr7,10,10,8,-0.05494683814459424
chr7,10,11,8,-0.06269631956163228
chr7,11,0,8,0.13863310979175578
chr7,11,1,8,0.11405739302334895
chr7,11,2,8,-0.10530467643571187
chr7,11,3,8,0.0156944250169933
chr7,11,4,8,-0.0014464743520773773
chr7,11,5,8,0.025710291577620413
chr7,11,6,8,0.09515638367989279
chr7,11,7,8,0.07598304926847192
chr7,11,8,8,0.157233596642666
chr7,11,9,8,0.06119954258345613
chr7,11,10,8,0.04603247882666863
chr7,11,11,8,-0.0019611483762399986
chr8,0,0,13,0.07624759555291366
chr8,0,1,13,-0.026884921621524546
chr8,0,2,13,-0.02514002814088505
chr8,0,3,13,-0.05797689765962777
chr8,0,4,13,-0.05296967294610207
chr8,0,5,13,-0.04367437873639068
chr8,0,6,13,-0.04617575753961503
chr8,0,7,13,-0.04171748323381216
chr8,0,8,13,-0.06710628904786073
chr8,0,9,13,0.02133527017793085
chr8,0,10,13,0.0006812277848617867
chr8,0,11,13,-0.03503014620561026
chr8,1,0,13,-0.14447898111307425
chr8,1,1,13,0.12297675600789618
chr8,1,2,13,0.1777633818127762
chr8,1,3,13,0.06279773504689251
chr8,1,4,13,0.09291556969111282
chr8,1,5,13,0.02022444535621458
chr8,1,6,13,0.008152817557593929
chr8,1,7,13,-0.0777416884325603
chr8,1,8,13,0.151775734403185
chr8,1,9,13,0.02032576965417627
chr8,1,10,13,-0.006089100321209383
chr8,1,11,13,-0.24810777675839718
chr8,2,0,13,-0.013221614213560004
chr8,2,1,13,0.08297099888591661
chr8,2,2,13,0.018931255798137238
chr8,2,3,13,-0.10269033129614967
chr8,2,4,13,-0.03016531856235901
chr8,2,5,13,0.007506076691369575
chr8,2,6,13,0.08810072859893749
chr8,2,7,13,-0.04804040013880224
chr8,2,8,13,0.05417092432355412
chr8,2,9,13,0.017237971648936055
chr8,2,10,13,0.09612782038377711
chr8,2,11,13,-0.002448947059642488
chr8,3,0,13,0.10260972735360453
chr8,3,1,13,0.11404697780838663
chr8,3,2,13,0.2550768385202194
chr8,3,3,13,0.18152546655288387
chr8,3,4,13,0.011254452913667614
chr8,3,5,13,0.00598958951133175
chr8,3,6,13,-0.004028402817455103
chr8,3,7,13,0.03275722733166249
chr8,3,8,13,0.17634910908909013
chr8,3,9,13,-0.14670788978539845
chr8,3,10,13,0.1394966709945648
chr8,3,11,13,-0.16157373260025004
chr8,4,0,13,-0.022165931925186472
chr8,4,1,13,0.04205673846367823
chr8,4,2,13,0.1263066902558822
chr8,4,3,13,-0.23922185875904786
chr8,4,4,13,-0.05787765350605845
chr8,4,5,13,-0.07042268511951924
chr8,4,6,13,0.049660841851806234
chr8,4,7,13,-0.04562438431299434
chr8,4,8,13,-0.19484472359635335
chr8,4,9,13,-0.15603641655159264
chr8,4,10,13,0.05812965975451238
chr8,4,11,13,-0.14599017966699887
chr8,5,0,13,-0.16497344721127405
chr8,5,1,13,0.01947902464650148
chr8,5,2,13,0.16634965805894536
chr8,5,3,13,0.12344560143887472
chr8,5,4,13,0.0788779957298955
chr8,5,5,13,0.012689334404784135
chr8,5,6,13,0.1013664281837286
chr8,5,7,13,0.11182045622631322
chr8,5,8,13,0.001964934197806076
chr8,5,9,13,0.02657474131913442
chr8,5,10,13,-0.23339351261757033
chr8,5,11,13,-0.0625212724177774
chr8,6,0,13,0.05259475970556375
chr8,6,1,13,-0.061260175805161084
chr8,6,2,13,-0.018510554782189773
chr8,6,3,13,-0.023004069977136367
chr8,6,4,13,-0.0999716692492463
chr8,6,5,13,-0.0450836550042308
chr8,6,6,13,0.005576649253185594
chr8,6,7,13,-0.07823031936133681
chr8,6,8,13,0.1653322892008226
chr8,6,9,13,-0.2214972010136863
chr8,6,10,13,0.0812557996123776
chr8,6,11,13,-0.22949807561776664
chr8,7,0,13,-0.2606255294684919
chr8,7,1,13,0.22971442176821694
chr8,7,2,13,0.007966557824072802
chr8,7,3,13,0.3111879468478814
chr8,7,4,13,0.10877996232955481
chr8,7,5,13,0.02451171022633044
chr8,7,6,13,0.04303611170949541
chr8,7,7,13,-0.004636646669314215
chr8,7,8,13,0.25135405423925483
chr8,7,9,13,0.25254944814368
chr8,7,10,13,-0.28617248725046207
chr8,7,11,13,0.17905036903883342
chr8,8,0,13,-0.2480447968096848
chr8,8,1,13,-0.08016746683838082
chr8,8,2,13,-0.14954934705019898
chr8,8,3,13,0.10777074033029713
chr8,8,4,13,-0.12514060083809614
chr8,8,5,13,-0.11192544626431437
chr8,8,6,13,0.08532069457798439
chr8,8,7,13,0.10654786949297337
chr8,8,8,13,-0.03966777573863118
chr8,8,9,13,-0.17350585429641396
chr8,8,10,13,-0.0184922165343062
chr8,8,11,13,-0.2263891760684579
chr8,9,0,13,0.2584508297258096
chr8,9,1,13,-0.26438322427599936
chr8,9,2,13,-0.2849957059447138
chr8,9,3,13,-0.09147362192214659
chr8,9,4,13,0.01824534097748626
chr8,9,5,13,-0.019758083565644118
chr8,9,6,13,0.016231826891738053
chr8,9,7,13,0.12165387036435155
chr8,9,8,13,0.11393465321831377
chr8,9,9,13,-0.09819204813222325
chr8,9,10,13,-0.1236132925927534
chr8,9,11,13,0.1516905897785339
chr8,10,0,13,0.00449431020862455
chr8,10,1,13,0.1628619450573143
chr8,10,2,13,0.02176017445047234
chr8,10,3,13,0.04591091983392885
chr8,10,4,13,0.01744379897034226
chr8,10,5,13,-0.006702239391064888
chr8,10,6,13,-0.01576763834064865
chr8,10,7,13,-0.027186647727565405
chr8,10,8,13,-0.17981791076197112
chr8,10,9,13,-0.0953297037470895
chr8,10,10,13,0.05613677524731861
chr8,10,11,13,0.024501027207775687
chr8,11,0,13,-0.04192709157185713
chr8,11,1,13,0.0992713175176634
chr8,11,2,13,-0.13197149049153253
chr8,11,3,13,0.05175440812669482
chr8,11,4,13,0.11697161379475807
chr8,11,5,13,-0.07646582814739544
chr8,11,6,13,0.05254965190634223
chr8,11,7,13,-0.0425680805627326
chr8,11,8,13,-0.10856253451066254
chr8,11,9,13,0.14693004650550978
chr8,11,10,13,-0.11218823793097779
chr8,11,11,13,-0.2120730427254102
chr9,0,0,12,0.11003574603469198
chr9,0,1,12,0.11854397447828709
chr9,0,2,12,0.16087753038481442
chr9,0,3,12,-0.026610239885441877
chr9,0,4,12,0.09424521312507766
chr9,0,5,12,0.06556886487050807
chr9,0,6,12,-0.013928173760144706
chr9,0,7,12,0.1815830905026444
chr9,0,8,12,0.10692610988310264
chr9,0,9,12,0.06759231942781797
chr9,0,10,12,-0.038735847427806724
chr9,0,11,12,0.15163673879518896
chr9,1,0,12,0.031518746323359985
chr9,1,1,12,0.005626381003222658
chr9,1,2,12,-0.017908484774901645
chr9,1,3,12,0.14440666945976585
chr9,1,4,12,0.10462241187073602
chr9,1,5,12,0.092000343447526
chr9,1,6,12,0.046075825930142374
chr9,1,7,12,0.006232086508230206
chr9,1,8,12,0.054606215987819624
chr9,1,9,12,0.11443443981048539
chr9,1,10,12,0.1621983502113404
chr9,1,11,12,0.05098967522751208
chr9,2,0,12,0.09986214211837487
chr9,2,1,12,0.0427228916974182
chr9,2,2,12,0.15656793739195926
chr9,2,3,12,0.11806680687123078
chr9,2,4,12,0.017232751700911403
chr9,2,5,12,0.055752610568805226
chr9,2,6,12,0.07504901678777515
chr9,2,7,12,0.095556383527872
chr9,2,8,12,0.11880962271973261
chr9,2,9,12,0.0888508775751598
chr9,2,10,12,-0.005228102170275885
chr9,2,11,12,0.007659438293888811
chr9,3,0,12,0.0811582638516172
chr9,3,1,12,0.16239409384071346
chr9,3,2,12,0.03593465153613131
chr9,3,3,12,0.10855138444180819
chr9,3,4,12,0.05887726519828416
chr9,3,5,12,0.02586587028104152
chr9,3,6,12,0.17508787499825398
chr9,3,7,12,0.245628049914515
chr9,3,8,12,0.12389806998116752
chr9,3,9,12,-0.00519527298998373
chr9,3,10,12,0.1446753723101314
chr9,3,11,12,-0.013013743380317999
chr9,4,0,12,-0.017660886796270616
chr9,4,1,12,-0.0018888797296394422
chr9,4,2,12,0.05731723891777643
chr9,4,3,12,0.0015223140695239344
chr9,4,4,12,-0.06782808953600718
chr9,4,5,12,0.031993935797400494
chr9,4,6,12,0.031589905256429233
chr9,4,7,12,0.17398749705761388
chr9,4,8,12,0.108318012187872
chr9,4,9,12,-0.021901193739295385
chr9,4,10,12,0.17408773057439042
chr9,4,11,12,0.022675902458267613
chr9,5,0,12,0.10583386800239565
chr9,5,1,12,0.19196339111932662
chr9,5,2,12,0.26280064852145785
chr9,5,3,12,0.2292790107343329
chr9,5,4,12,0.18628581795922802
chr9,5,5,12,-0.009697134616665895
chr9,5,6,12,0.17869288348050585
chr9,5,7,12,0.17600316554708165
chr9,5,8,12,0.04445333377805866
chr9,5,9,12,0.06462910539093215
chr9,5,10,12,0.001441491032768652
chr9,5,11,12,0.10583135488248414
chr9,6,0,12,-0.050558690058379846
chr9,6,1,12,-0.037180387752060985
chr9,6,2,12,0.36022114522813703
chr9,6,3,12,0.1375175198521262
chr9,6,4,12,0.11682762062392482
chr9,6,5,12,0.08722064944527848
chr9,6,6,12,0.16757486578441275
chr9,6,7,12,0.1380071362534379
chr9,6,8,12,0.24389245182322475
chr9,6,9,12,-0.12443806532949502
chr9,6,10,12,0.08251220282806082
chr9,6,11,12,-0.03319959780911267
chr9,7,0,12,-0.0326896084654081
chr9,7,1,12,0.03801573249115357
chr9,7,2,12,0.1379438733673017
chr9,7,3,12,0.06094336952569864
chr9,7,4,12,0.1102198068580722
chr9,7,5,12,0.22059421926410427
chr9,7,6,12,0.0041140961977527936
chr9,7,7,12,0.09995924061083893
chr9,7,8,12,0.021424655878737018
chr9,7,9,12,0.05144206030934725
chr9,7,10,12,0.030804716064583088
chr9,7,11,12,0.20087394866127986
chr9,8,0,12,-0.008830968739048458
chr9,8,1,12,0.01774471758346169
chr9,8,2,12,0.1407815411064048
chr9,8,3,12,0.10077069433373803
chr9,8,4,12,0.12587849146023034
chr9,8,5,12,0.024929793202633183
chr9,8,6,12,0.09460615329556886
chr9,8,7,12,0.10624564311789693
chr9,8,8,12,0.03576091752485875
chr9,8,9,12,0.0745124473390981
chr9,8,10,12,0.07705212202770985
chr9,8,11,12,-0.10309352077808198
chr9,9,0,12,0.1538423096904194
chr9,9,1,12,0.08472067845452526
chr9,9,2,12,0.11013174437456859
chr9,9,3,12,0.21598528055103036
chr9,9,4,12,0.1891650681909027
chr9,9,5,12,0.07159229325515286
chr9,9,6,12,0.24121867406937902
chr9,9,7,12,0.23046085225522694
chr9,9,8,12,0.017767921348918355
chr9,9,9,12,-0.03302555949899646
chr9,9,10,12,-0.155669243711265
chr9,9,11,12,0.10379023340837663
chr9,10,0,12,-0.06700179118492029
chr9,10,1,12,-0.02907888141318406
chr9,10,2,12,-0.0742766482199236
chr9,10,3,12,0.08362839785627348
chr9,10,4,12,0.08685825328102799
chr9,10,5,12,0.08888790837850992
chr9,10,6,12,0.05915603025848649
chr9,10,7,12,0.08109697501781693
chr9,10,8,12,-0.10460614696577612
chr9,10,9,12,-0.10816315804473275
chr9,10,10,12,0.34816894403220217
chr9,10,11,12,-0.01624833796322207
chr9,11,0,12,0.06794988906321774
chr9,11,1,12,-0.10097896121620743
chr9,11,2,12,-0.08658093232507931
chr9,11,3,12,0.21419047973805827
chr9,11,4,12,0.04752750279405946
chr9,11,5,12,0.06472880639741298
chr9,11,6,12,0.049750538651445964
chr9,11,7,12,0.0344337494745838
chr9,11,8,12,-0.011992152786190332
chr9,11,9,12,-0.07134342810049481
chr9,11,10,12,-0.04949657612121186
chr9,11,11,12,0.0875663120921056
chrX,0,0,7,-0.004581035371575686
chrX,0,1,7,0.21226050456373718
chrX,0,2,7,0.14643703505299802
chrX,0,3,7,0.12793682244342858
chrX,0,4,7,0.16051985348031605
chrX,0,5,7,0.0848977236215025
chrX,0,6,7,-0.030175093775012596
chrX,0,7,7,0.09720824259589841
chrX,0,8,7,0.2367923502834202
chrX,0,9,7,0.1466859655030223
chrX,0,10,7,0.14296206672590175
chrX,0,11,7,0.09715597655459703
chrX,1,0,7,0.015471986560890537
chrX,1,1,7,-0.09738768997172607
chrX,1,2,7,-0.08598867254357004
chrX,1,3,7,0.030321149975646076
chrX,1,4,7,-0.10729065693282747
chrX,1,5,7,0.031201248204719773
chrX,1,6,7,-0.014540055413306148
chrX,1,7,7,-0.09093169194478791
chrX,1,8,7,-0.0514865183945265
chrX,1,9,7,0.023558713559956954
chrX,1,10,7,-0.0214923760132637
chrX,1,11,7,0.0011325916427541755
chrX,2,0,7,0.07933525888631435
chrX,2,1,7,0.03294403391884931
chrX,2,2,7,0.12092176405355182
chrX,2,3,7,0.007800288084266481
chrX,2,4,7,0.014572066043344505
chrX,2,5,7,-0.0033323465167881816
chrX,2,6,7,-0.0436807148577339
chrX,2,7,7,0.09933286834140834
chrX,2,8,7,-0.03736787106870528
chrX,2,9,7,0.029871405554696202
chrX,2,10,7,-0.12286938172761389
chrX,2,11,7,-0.0573212783119789
chrX,3,0,7,-0.027585337953158876
chrX,3,1,7,0.01264288616590464
chrX,3,2,7,0.004299238576061923
chrX,3,3,7,-0.02185664397198348
chrX,3,4,7,-0.06488840652458365
chrX,3,5,7,-0.03205050026557314
chrX,3,6,7,0.04094083519279603
chrX,3,7,7,-0.050259185466972105
chrX,3,8,7,0.032772848477780774
chrX,3,9,7,0.05400815848344303
chrX,3,10,7,-0.029682882237420927
chrX,3,11,7,0.0528366641759502
chrX,4,0,7,-0.08841912829053301
chrX,4,1,7,-0.08089256707689915
chrX,4,2,7,-0.009120806036832015
chrX,4,3,7,0.15959539636545622
chrX,4,4,7,-0.0963234525803082
chrX,4,5,7,-0.2930875587309509
chrX,4,6,7,0.01670836654875734
chrX,4,7,7,0.19947805751804748
chrX,4,8,7,-0.021123704189942527
chrX,4,9,7,0.20018438939857278
chrX,4,10,7,-0.16165607962811673
chrX,4,11,7,0.1694513654583988
chrX,5,0,7,-0.028449497619123736
chrX,5,1,7,-0.007295654139054253
chrX,5,2,7,-0.08652317899661312
chrX,5,3,7,-0.07152953764905419
chrX,5,4,7,0.10826196150441492
chrX,5,5,7,-0.0020844812697925646
chrX,5,6,7,0.06451246833216061
chrX,5,7,7,0.0996829086633463
chrX,5,8,7,-0.05954661013250247
chrX,5,9,7,0.10267366916390164
chrX,5,10,7,0.09365705994888227
chrX,5,11,7,0.001841725018146802
chrX,6,0,7,-0.21285478322244558
chrX,6,1,7,-0.025662732530387092
chrX,6,2,7,0.09199587051545124
chrX,6,3,7,-0.0006898782911207316
chrX,6,4,7,0.02862993102412355
chrX,6,5,7,0.05059246752614408
chrX,6,6,7,0.010553770680909196
chrX,6,7,7,0.1482216905930577
chrX,6,8,7,0.07107821949113965
chrX,6,9,7,0.03875224897264091
chrX,6,10,7,-0.30090512338022835
chrX,6,11,7,0.08350279269851857
chrX,7,0,7,0.11517393569031606
chrX,7,1,7,-0.12465697628907521
chrX,7,2,7,0.03309211629238114
chrX,7,3,7,-0.1427402966534477
chrX,7,4,7,0.0668200188005503
chrX,7,5,7,0.13645872438385936
chrX,7,6,7,-0.10125918178981673
chrX,7,7,7,-0.03899113874069964
chrX,7,8,7,-0.11880434666990358
chrX,7,9,7,-0.11433721213720775
chrX,7,10,7,0.13258028343516856
chrX,7,11,7,0.015577184791065481
chrX,8,0,7,0.07856320718136699
chrX,8,1,7,-0.1550295144806068
chrX,8,2,7,0.1603571486379992
chrX,8,3,7,0.06786510095794217
chrX,8,4,7,0.1496723904791276
chrX,8,5,7,0.15953697470827954
chrX,8,6,7,-0.05112178792404038
chrX,8,7,7,0.004122669029308509
chrX,8,8,7,-0.16488701847958967
chrX,8,9,7,-0.09372933965935837
chrX,8,10,7,-0.1392541784265604
chrX,8,11,7,0.1409156043862263
chrX,9,0,7,-0.13851006868707041
chrX,9,1,7,-0.17347814466128422
chrX,9,2,7,-0.03162106125127829
chrX,9,3,7,0.10832557390043011
chrX,9,4,7,0.23861174595230583
chrX,9,5,7,-0.24554893905140027
chrX,9,6,7,0.050707251294343614
chrX,9,7,7,-0.03126931322063348
chrX,9,8,7,-0.0648901128281475
chrX,9,9,7,-0.16112261513607345
chrX,9,10,7,-0.13691833324323832
chrX,9,11,7,-0.0863062583581911
chrX,10,0,7,-0.015466027317568378
chrX,10,1,7,-0.10935764373371303
chrX,10,2,7,-0.026844331409824167
chrX,10,3,7,0.12011026240395939
chrX,10,4,7,0.037972473497002605
chrX,10,5,7,-0.05908291594483006
chrX,10,6,7,0.1753433870276441
chrX,10,7,7,0.14466242124848477
chrX,10,8,7,0.008091497315638716
chrX,10,9,7,0.025259509428151996
chrX,10,10,7,0.12499844667565042
chrX,10,11,7,-0.08419374203006193
chrX,11,0,7,-0.023241468368770463
chrX,11,1,7,-0.050355720993678785
chrX,11,2,7,-0.09094910338753803
chrX,11,3,7,-0.00039974894657919736
chrX,11,4,7,-0.06811705533735962
chrX,11,5,7,0.12039046221179915
chrX,11,6,7,0.02796328447514931
chrX,11,7,7,-0.0009610849092560444
chrX,11,8,7,-0.05199958805296036
chrX,11,9,7,-0.03821916516359224
chrX,11,10,7,-0.03588834335711623
chrX,11,11,7,0.02904966545156566
