chromosome,layer,head,pairs,mean
chr1,0,0,27,-0.016828131995831427
chr1,0,1,27,-0.20136678203834305
chr1,0,2,27,-0.004203802775297332
chr1,0,3,27,-0.11179492598183191
chr1,0,4,27,-0.09690047787195757
chr1,0,5,27,-0.048257452111064664
chr1,0,6,27,-0.0064805114243788745
chr1,0,7,27,-0.03521239035094958
chr1,0,8,27,-0.09465424290171673
chr1,0,9,27,0.010921792266028818
chr1,0,10,27,-0.12494977246169323
chr1,0,11,27,0.014589168678983026
chr1,1,0,27,-0.11547276943146693
chr1,1,1,27,0.1286194091224169
chr1,1,2,27,0.10190016181409496
chr1,1,3,27,0.10425437523811601
chr1,1,4,27,0.016117992057240148
chr1,1,5,27,-0.10626517820851028
chr1,1,6,27,-0.008205316794658638
chr1,1,7,27,0.060491897801545624
chr1,1,8,27,0.07170645886644209
chr1,1,9,27,0.10452236610846057
chr1,1,10,27,-0.040635379677060136
chr1,1,11,27,-0.046390893721605826
chr1,2,0,27,0.10163327952152351
chr1,2,1,27,0.10186624318194183
chr1,2,2,27,0.0563896952769014
chr1,2,3,27,-0.0398082337844501
chr1,2,4,27,0.14853437654859156
chr1,2,5,27,0.05002570457662096
chr1,2,6,27,0.011659718461407289
chr1,2,7,27,0.020530732690515203
chr1,2,8,27,0.09298545372012204
chr1,2,9,27,0.0863340220799479
chr1,2,10,27,0.023166197431257602
chr1,2,11,27,0.10042316729677188
chr1,3,0,27,0.11872152277872461
chr1,3,1,27,0.0908547761337931
chr1,3,2,27,0.09655168548219979
chr1,3,3,27,0.1573401045324045
chr1,3,4,27,0.07958298947106114
chr1,3,5,27,-0.04274982073620386
chr1,3,6,27,0.16988708089296478
chr1,3,7,27,0.020798725347658045
chr1,3,8,27,0.12822176600492308
chr1,3,9,27,-0.018650146802900114
chr1,3,10,27,0.10260680885050694
chr1,3,11,27,-0.057869852216278155
chr1,4,0,27,0.1580700345124567
chr1,4,1,27,0.14529127085813676
chr1,4,2,27,0.1803017773167008
chr1,4,3,27,-0.0036736782048539768
chr1,4,4,27,0.14357374822181249
chr1,4,5,27,-0.027142580919593755
chr1,4,6,27,0.08162080407248215
chr1,4,7,27,0.033144888259383165
chr1,4,8,27,0.08822944717111784
chr1,4,9,27,0.00986671085769357
chr1,4,10,27,0.008942846684438286
chr1,4,11,27,0.07005391056255313
chr1,5,0,27,0.00440063384003518
chr1,5,1,27,0.06836167653307035
chr1,5,2,27,0.095031638936303
chr1,5,3,27,-0.0008657294903069877
chr1,5,4,27,0.02480345847375742
chr1,5,5,27,0.11788683718323993
chr1,5,6,27,-0.0017330196311080139
chr1,5,7,27,-0.06500104356788293
chr1,5,8,27,0.029830594431971225
chr1,5,9,27,-0.03249500747939725
chr1,5,10,27,-0.07273714092820636
chr1,5,11,27,-0.08614687292642856
chr1,6,0,27,-0.016923496328824332
chr1,6,1,27,-0.015089985362056224
chr1,6,2,27,-0.0191868030747166
chr1,6,3,27,0.036685814579924425
chr1,6,4,27,0.021259743941403886
chr1,6,5,27,0.19232907395112747
chr1,6,6,27,0.05678213339203636
chr1,6,7,27,0.12374132916149548
chr1,6,8,27,-0.006624385479514862
chr1,6,9,27,-0.01198093842142277
chr1,6,10,27,0.03749881689330353
chr1,6,11,27,-0.054526962002545316
chr1,7,0,27,-0.11583820719886789
chr1,7,1,27,0.11063370702760948
chr1,7,2,27,-0.01628779815752816
chr1,7,3,27,0.05966465458487501
chr1,7,4,27,0.03351477441524195
chr1,7,5,27,0.013064222643181252
chr1,7,6,27,-0.00663477613667288
chr1,7,7,27,0.006844840765188727
chr1,7,8,27,0.10470752228117143
chr1,7,9,27,0.11088457403420228
chr1,7,10,27,-0.1009267027061675
chr1,7,11,27,-0.06187010473925936
chr1,8,0,27,0.05658233846516142
chr1,8,1,27,-0.038400195763512196
chr1,8,2,27,0.028464734276070065
chr1,8,3,27,0.009012575090800995
chr1,8,4,27,-0.040480789462517194
chr1,8,5,27,-0.06862294117687967
chr1,8,6,27,0.021540802253106298
chr1,8,7,27,0.030515929390799505
chr1,8,8,27,-0.05226836181051711
chr1,8,9,27,0.03868316300635409
chr1,8,10,27,-0.011132278848743273
chr1,8,11,27,-0.0799699924500201
chr1,9,0,27,0.11278547834631174
chr1,9,1,27,-0.041852211821689383
chr1,9,2,27,-0.05711289868956104
chr1,9,3,27,0.018943857543778166
chr1,9,4,27,0.011056874834032664
chr1,9,5,27,0.004798058515755093
chr1,9,6,27,0.22591969243171445
chr1,9,7,27,-0.03186123930760385
chr1,9,8,27,0.035136838646516955
chr1,9,9,27,-0.05145442838846083
chr1,9,10,27,0.0022387871720307264
chr1,9,11,27,0.0786502309788905
chr1,10,0,27,0.03125545510585577
chr1,10,1,27,0.03315009032732969
chr1,10,2,27,-0.06246319944155992
chr1,10,3,27,0.025819875277984097
chr1,10,4,27,0.004468826684149209
chr1,10,5,27,-0.07190797947266177
chr1,10,6,27,0.1265111424260942
chr1,10,7,27,0.18454947910353
chr1,10,8,27,-0.05636934570382652
chr1,10,9,27,-0.07840819394823564
chr1,10,10,27,0.0751670429218091
chr1,10,11,27,0.03733993720087834
chr1,11,0,27,-0.014701320909932505
chr1,11,1,27,0.036210888995837825
chr1,11,2,27,-0.0420972834789247
chr1,11,3,27,-0.05273964335181615
chr1,11,4,27,-0.12344635828771792
chr1,11,5,27,0.07402208541615767
chr1,11,6,27,0.08289736136769951
chr1,11,7,27,0.007803176162599457
chr1,11,8,27,-0.08280650533903203
chr1,11,9,27,-0.05992212310066342
chr1,11,10,27,-0.003531811752172677
chr1,11,11,27,-0.042107348871240055
chr10,0,0,9,-0.14957878771447317
chr10,0,1,9,0.01547122857438511
chr10,0,2,9,-0.008727498527989049
chr10,0,3,9,-0.05987895779404087
chr10,0,4,9,-0.06922231844369481
chr10,0,5,9,0.003342002908797529
chr10,0,6,9,0.02487997354375611
chr10,0,7,9,-0.09324236173474718
chr10,0,8,9,-0.020458400582632125
chr10,0,9,9,0.05589257695338163
chr10,0,10,9,0.0433098476453225
chr10,0,11,9,-0.015050467302903306
chr10,1,0,9,0.11497332114471161
chr10,1,1,9,-0.2160745308132073
chr10,1,2,9,-0.08620246206891935
chr10,1,3,9,-0.22277381495981052
chr10,1,4,9,-0.06323473902075637
chr10,1,5,9,0.06016672426039279
chr10,1,6,9,-0.054746897892237675
chr10,1,7,9,-0.06195932375843275
chr10,1,8,9,0.012390240649186765
chr10,1,9,9,-0.17815884069704124
chr10,1,10,9,0.02574677994813935
chr10,1,11,9,0.011351553453378085
chr10,2,0,9,-0.19127681816775494
chr10,2,1,9,-0.09915400638238656
chr10,2,2,9,-0.06611058108868491
chr10,2,3,9,-0.15251510978173397
chr10,2,4,9,0.06147025409810062
chr10,2,5,9,-0.055433442940095
chr10,2,6,9,-0.07024995124957872
chr10,2,7,9,-0.07137306875771793
chr10,2,8,9,-0.12228403029780874
chr10,2,9,9,-0.07740065434730675
chr10,2,10,9,-0.11323243256416841
chr10,2,11,9,-0.047669939989644736
chr10,3,0,9,-0.19829711710859743
chr10,3,1,9,-0.1213444512940088
chr10,3,2,9,-0.08411503974585995
chr10,3,3,9,-0.14729416799522346
chr10,3,4,9,-0.18102070366100714
chr10,3,5,9,0.000632634230789649
chr10,3,6,9,-0.10061203466030394
chr10,3,7,9,0.003979286309920961
chr10,3,8,9,-0.2542171054859604
chr10,3,9,9,0.032665494109399555
chr10,3,10,9,-0.23568968136242166
chr10,3,11,9,0.13057997086381856
chr10,4,0,9,-0.06328364356156564
chr10,4,1,9,-0.09497146850720084
chr10,4,2,9,-0.16861225376863762
chr10,4,3,9,0.159172408496847
chr10,4,4,9,0.047626361494073816
chr10,4,5,9,0.10390339459213407
chr10,4,6,9,-0.19318967657997238
chr10,4,7,9,-0.051148096044390044
chr10,4,8,9,0.08166211658066322
chr10,4,9,9,0.26087796725599954
chr10,4,10,9,-0.14172129519154564
chr10,4,11,9,-0.0332537373204499
chr10,5,0,9,0.0536495001586338
chr10,5,1,9,-0.20006788512447415
chr10,5,2,9,-0.2522821973580925
chr10,5,3,9,-0.14480887419604221
chr10,5,4,9,-0.19002161493136616
chr10,5,5,9,-0.019614348703769977
chr10,5,6,9,-0.07483671108726976
chr10,5,7,9,-0.26635414663000373
chr10,5,8,9,-0.12741909766786755
chr10,5,9,9,-0.19148490429969126
chr10,5,10,9,0.10207855960841283
chr10,5,11,9,-0.20908025185802626
chr10,6,0,9,0.050114494487556255
chr10,6,1,9,-0.2122226895187529
chr10,6,2,9,-0.016111008806909397
chr10,6,3,9,0.04829374010668081
chr10,6,4,9,-0.026978054324985457
chr10,6,5,9,-0.07433115813929102
chr10,6,6,9,0.014751928106329033
chr10,6,7,9,-0.15459712009508467
chr10,6,8,9,-0.3032887020486108
chr10,6,9,9,0.15608079709189748
chr10,6,10,9,-0.11355817240823124
chr10,6,11,9,0.14627693626715946
chr10,7,0,9,0.19731391044246185
chr10,7,1,9,-0.22751867164441286
chr10,7,2,9,0.1334273854554782
chr10,7,3,9,-0.10948677509035096
chr10,7,4,9,-0.05998034407451645
chr10,7,5,9,-0.0011497919479327911
chr10,7,6,9,-0.08807037169088403
chr10,7,7,9,-0.024382644442433123
chr10,7,8,9,-0.1877276993903181
chr10,7,9,9,-0.18843501424510498
chr10,7,10,9,0.23403616834611418
chr10,7,11,9,-0.04831112312392535
chr10,8,0,9,0.23303344185956196
chr10,8,1,9,0.14748105177846316
chr10,8,2,9,0.1349892690409739
chr10,8,3,9,-0.24901665843339205
chr10,8,4,9,0.06931218882870287
chr10,8,5,9,-0.0921119595711585
chr10,8,6,9,-0.0812000494387331
chr10,8,7,9,-0.08050194939381042
chr10,8,8,9,0.09167306752473117
chr10,8,9,9,0.05791997008046487
chr10,8,10,9,0.038732487149577555
chr10,8,11,9,0.08806998488432277
chr10,9,0,9,-0.30102622488439984
chr10,9,1,9,0.1913154463872252
chr10,9,2,9,0.24885275477145927
chr10,9,3,9,0.04755623180013018
chr10,9,4,9,-0.16969547024091314
chr10,9,5,9,0.06927527231176472
chr10,9,6,9,-0.192320936715256
chr10,9,7,9,-0.05348997004148705
chr10,9,8,9,-0.005021167807048988
chr10,9,9,9,0.12249311423802824
chr10,9,10,9,0.15443712347374328
chr10,9,11,9,-0.12359712483554579
chr10,10,0,9,-0.11753062040557187
chr10,10,1,9,-0.23570839025306403
chr10,10,2,9,0.15912401829516298
chr10,10,3,9,0.04219353403953821
chr10,10,4,9,-0.035837605746247156
chr10,10,5,9,-0.034981536252603494
chr10,10,6,9,-0.09688401831344723
chr10,10,7,9,-0.22576709901690994
chr10,10,8,9,0.13214074601716666
chr10,10,9,9,0.13329075874573112
chr10,10,10,9,-0.21971071775299217
chr10,10,11,9,0.013473719772904217
chr10,11,0,9,0.2703826997721224
chr10,11,1,9,-0.05785250450097712
chr10,11,2,9,0.039021121639950404
chr10,11,3,9,-0.04735485570091028
chr10,11,4,9,0.20279941674125512
chr10,11,5,9,-0.07085548051756609
chr10,11,6,9,-0.1528820473626765
chr10,11,7,9,-0.10153908386756141
chr10,11,8,9,0.17582283497800444
chr10,11,9,9,0.08311747421835469
chr10,11,10,9,0.06021745224432921
chr10,11,11,9,0.03277795896213466
chr11,0,0,6,0.16226059643584612
chr11,0,1,6,-0.24822652475708115
chr11,0,2,6,0.14444059473025483
chr11,0,3,6,-0.17707437398706563
chr11,0,4,6,-0.07532636918290508
chr11,0,5,6,0.01930998483175535
chr11,0,6,6,-0.10066924132783757
chr11,0,7,6,0.09712515868235345
chr11,0,8,6,0.09093016005039234
chr11,0,9,6,-0.07271529094444386
chr11,0,10,6,-0.32497509201510727
chr11,0,11,6,0.17556863407455434
chr11,1,0,6,0.10932432346700867
chr11,1,1,6,0.22836713171877407
chr11,1,2,6,-0.11449061194441379
chr11,1,3,6,-0.016431585652580082
chr11,1,4,6,0.14661295508220318
chr11,1,5,6,0.04729970667151867
chr11,1,6,6,0.0035502507468419126
chr11,1,7,6,0.1351354556416117
chr11,1,8,6,-0.058447128086126364
chr11,1,9,6,0.02819847663883414
chr11,1,10,6,-0.09119603852475194
chr11,1,11,6,0.08962621833969146
chr11,2,0,6,0.1584013816890387
chr11,2,1,6,0.1707701499404908
chr11,2,2,6,0.3495235266213084
chr11,2,3,6,0.09560899086544379
chr11,2,4,6,0.033732659705016765
chr11,2,5,6,0.19281978871748898
chr11,2,6,6,0.18161469897138457
chr11,2,7,6,0.33831869382105717
chr11,2,8,6,0.2346333812470116
chr11,2,9,6,0.4060676208872775
chr11,2,10,6,0.035089836217519065
chr11,2,11,6,0.3798932502998807
chr11,3,0,6,-0.1312580191440622
chr11,3,1,6,0.0389845468699504
chr11,3,2,6,0.25941513342158745
chr11,3,3,6,0.09271863253869544
chr11,3,4,6,-0.02401025828937429
chr11,3,5,6,0.0444674107620232
chr11,3,6,6,0.15357842532637897
chr11,3,7,6,-0.14036428901906783
chr11,3,8,6,0.021698272988276885
chr11,3,9,6,0.07972380995598283
chr11,3,10,6,-0.15174499928346735
chr11,3,11,6,0.04350904669636511
chr11,4,0,6,0.0793553887687069
chr11,4,1,6,-0.005531078359624085
chr11,4,2,6,0.1125301655484895
chr11,4,3,6,0.07448693998847288
chr11,4,4,6,-0.026497074589541342
chr11,4,5,6,-0.026844647585349254
chr11,4,6,6,0.29254571720203154
chr11,4,7,6,0.0141382205780989
chr11,4,8,6,-0.20533976637651277
chr11,4,9,6,0.011973257131745138
chr11,4,10,6,-0.1942403968033686
chr11,4,11,6,-0.23296124494673298
chr11,5,0,6,-0.1801158571204917
chr11,5,1,6,0.004446205447180718
chr11,5,2,6,0.11568505978451331
chr11,5,3,6,0.006360853336424693
chr11,5,4,6,0.046366721362856265
chr11,5,5,6,0.09107863812528927
chr11,5,6,6,0.1515719349379627
chr11,5,7,6,0.20395530551950217
chr11,5,8,6,-0.15270751122293794
chr11,5,9,6,-0.19471473705801612
chr11,5,10,6,-0.1659578163303437
chr11,5,11,6,-0.16884814098247306
chr11,6,0,6,0.002222917848057846
chr11,6,1,6,-0.04772823252008851
chr11,6,2,6,-0.013854481473785159
chr11,6,3,6,0.050003929957887695
chr11,6,4,6,-0.12204194250591294
chr11,6,5,6,-0.036705030755222086
chr11,6,6,6,0.013557356867540763
chr11,6,7,6,0.011461969315768511
chr11,6,8,6,-0.14817770566761154
chr11,6,9,6,-0.0423050825613162
chr11,6,10,6,0.012695554918534163
chr11,6,11,6,-0.0005845542801293883
chr11,7,0,6,-0.021055821275146037
chr11,7,1,6,-0.015949489373596793
chr11,7,2,6,0.11480929818187967
chr11,7,3,6,0.03611903845558437
chr11,7,4,6,-0.02606205187573729
chr11,7,5,6,0.12997989488845862
chr11,7,6,6,-0.049974472232576
chr11,7,7,6,-0.013224995028927605
chr11,7,8,6,-0.0005428339986236671
chr11,7,9,6,0.015089550074268035
chr11,7,10,6,-0.01815793865761503
chr11,7,11,6,-0.061427421673160565
chr11,8,0,6,-0.1414691867103299
chr11,8,1,6,0.22009370832555888
chr11,8,2,6,-0.007219173701674371
chr11,8,3,6,-0.03626714888465632
chr11,8,4,6,-0.0466586346851117
chr11,8,5,6,0.11565858148592613
chr11,8,6,6,0.019007146887791038
chr11,8,7,6,-0.06811156178771009
chr11,8,8,6,0.06523556524245895
chr11,8,9,6,-0.12881714881690123
chr11,8,10,6,0.2703375773978098
chr11,8,11,6,-0.016882421133626226
chr11,9,0,6,0.21839914715392342
chr11,9,1,6,0.00485295918310108
chr11,9,2,6,-0.15080331171978312
chr11,9,3,6,0.013241587664950186
chr11,9,4,6,0.08699220730015766
chr11,9,5,6,-0.02712392794228326
chr11,9,6,6,0.03649713456176823
chr11,9,7,6,-0.009196237536604313
chr11,9,8,6,-0.0371094983535393
chr11,9,9,6,-0.10921340246424593
chr11,9,10,6,0.1751085245893037
chr11,9,11,6,-0.01118592407975221
chr11,10,0,6,-0.04733402596619444
chr11,10,1,6,0.046553378505635755
chr11,10,2,6,-0.23788500655747244
chr11,10,3,6,0.15982038515910382
chr11,10,4,6,-0.16516171085861445
chr11,10,5,6,-0.23605874440809504
chr11,10,6,6,-0.07513146969381902
chr11,10,7,6,0.036177607157092756
chr11,10,8,6,-0.2738508818696069
chr11,10,9,6,-0.05944571353615823
chr11,10,10,6,0.059739556907962156
chr11,10,11,6,0.019184321561566436
chr11,11,0,6,0.047920278819663396
chr11,11,1,6,0.13610586757415918
chr11,11,2,6,0.05581431849424665
chr11,11,3,6,0.01834609793916604
chr11,11,4,6,-0.22766486161076435
chr11,11,5,6,0.015416049827849387
chr11,11,6,6,-0.1850299143250108
chr11,11,7,6,-0.3131607676533419
chr11,11,8,6,0.14697101021830175
chr11,11,9,6,0.24381912906988937
chr11,11,10,6,0.03824420308204388
chr11,11,11,6,0.13766620806869576
chr12,0,0,12,-0.021340435362645276
chr12,0,1,12,0.12002395989543464
chr12,0,2,12,0.037471092727853476
chr12,0,3,12,0.1519813473689185
chr12,0,4,12,0.04969725551741556
chr12,0,5,12,0.07889695025490966
chr12,0,6,12,0.08169439351646522
chr12,0,7,12,0.04683727159655981
chr12,0,8,12,0.05863282152591476
chr12,0,9,12,-0.04538309581405894
chr12,0,10,12,0.1569207163788697
chr12,0,11,12,0.015924226360335733
chr12,1,0,12,-0.10348669674056503
chr12,1,1,12,-0.06101731687358227
chr12,1,2,12,0.1458748706668099
chr12,1,3,12,-0.053367766501177645
chr12,1,4,12,0.016577831914115004
chr12,1,5,12,0.03924492467280961
chr12,1,6,12,-0.054440998191172575
chr12,1,7,12,0.03343419560789357
chr12,1,8,12,0.14599981594893605
chr12,1,9,12,0.053054735270052666
chr12,1,10,12,-0.07504449091650202
chr12,1,11,12,-0.18573319778425237
chr12,2,0,12,0.012145947645683372
chr12,2,1,12,-0.06300292415050353
chr12,2,2,12,0.06809907150276982
chr12,2,3,12,-0.007801304065481467
chr12,2,4,12,0.00798884922447961
chr12,2,5,12,0.023626126092508127
chr12,2,6,12,-0.06155816531533548
chr12,2,7,12,-0.005402919229172238
chr12,2,8,12,0.06266778023909456
chr12,2,9,12,0.032929650278067775
chr12,2,10,12,-0.1914223686168973
chr12,2,11,12,-0.01134884591064108
chr12,3,0,12,-0.0064420716698138465
chr12,3,1,12,-0.02378619171508195
chr12,3,2,12,0.018167528756691337
chr12,3,3,12,0.00862395124043843
chr12,3,4,12,-0.046324181488517885
chr12,3,5,12,0.08639008504514328
chr12,3,6,12,-0.01997540349302013
chr12,3,7,12,0.029513728525892416
chr12,3,8,12,0.018517429440664868
chr12,3,9,12,-0.09093340996560806
chr12,3,10,12,0.0713432746377059
chr12,3,11,12,-0.0324476016165268
chr12,4,0,12,-0.11202277261248476
chr12,4,1,12,-0.0368879603704358
chr12,4,2,12,0.023462648272055558
chr12,4,3,12,0.14456510632345268
chr12,4,4,12,-0.1677498478821979
chr12,4,5,12,-0.01633034649084952
chr12,4,6,12,-0.051676677971941
chr12,4,7,12,0.004015845249848185
chr12,4,8,12,0.0501923470461463
chr12,4,9,12,0.21634533270975467
chr12,4,10,12,0.12794122751524403
chr12,4,11,12,-0.027179238456284338
chr12,5,0,12,0.07508677785839678
chr12,5,1,12,0.004131256610245174
chr12,5,2,12,0.0419441489289493
chr12,5,3,12,0.10106287412585536
chr12,5,4,12,-0.031129776966321243
chr12,5,5,12,-0.06182726403718212
chr12,5,6,12,0.09304389011938545
chr12,5,7,12,0.11495808860611871
chr12,5,8,12,-0.07959811744246131
chr12,5,9,12,0.12936890301244902
chr12,5,10,12,-0.02399471860836333
chr12,5,11,12,0.07318535062137545
chr12,6,0,12,-0.015002037965245602
chr12,6,1,12,-0.1067232401676697
chr12,6,2,12,0.1750608750683658
chr12,6,3,12,0.1520392368379617
chr12,6,4,12,0.06131443467066755
chr12,6,5,12,-0.017259806518751846
chr12,6,6,12,0.13617278254371432
chr12,6,7,12,0.07749664356109813
chr12,6,8,12,0.12144364300231286
chr12,6,9,12,-0.013080815124169207
chr12,6,10,12,0.001230046964532124
chr12,6,11,12,-2.0690743797032358e-05
chr12,7,0,12,-0.0583296828286913
chr12,7,1,12,0.039252797938683436
chr12,7,2,12,0.0989906947583048
chr12,7,3,12,0.07877601388417094
chr12,7,4,12,-0.1165269903346774
chr12,7,5,12,0.06822091002488344
chr12,7,6,12,0.005061193908707647
chr12,7,7,12,-0.028908814170369102
chr12,7,8,12,0.044274244486457504
chr12,7,9,12,0.05438596298492443
chr12,7,10,12,-0.07634365212845717
chr12,7,11,12,0.02898605865668136
chr12,8,0,12,0.07165713475623227
chr12,8,1,12,-0.07112416699359446
chr12,8,2,12,0.03749613294521948
chr12,8,3,12,-0.025189522508016135
chr12,8,4,12,0.10571360011854093
chr12,8,5,12,0.12103327038275935
chr12,8,6,12,-0.05433892513701553
chr12,8,7,12,0.0400427941095998
chr12,8,8,12,-0.049450410898280395
chr12,8,9,12,0.04200465206682599
chr12,8,10,12,-0.060038192261559174
chr12,8,11,12,-0.04089155673920386
chr12,9,0,12,0.014052541725537882
chr12,9,1,12,-0.14266400009125788
chr12,9,2,12,-0.0556332214132236
chr12,9,3,12,0.07781309898973975
chr12,9,4,12,-0.09026938392523089
chr12,9,5,12,-0.14046331482615113
chr12,9,6,12,0.016650007463036253
chr12,9,7,12,-0.0834011686892271
chr12,9,8,12,-0.03950012950390944
chr12,9,9,12,-0.0892533658237325
chr12,9,10,12,-0.0230874859215406
chr12,9,11,12,-0.06403748612015649
chr12,10,0,12,-0.1262366182074538
chr12,10,1,12,-0.04073408882039967
chr12,10,2,12,-0.10590670872119272
chr12,10,3,12,0.03237261350073553
chr12,10,4,12,0.0010800088081649682
chr12,10,5,12,-0.04451624106374367
chr12,10,6,12,-0.023549235931106315
chr12,10,7,12,0.034298040847258286
chr12,10,8,12,-0.08801960739543117
chr12,10,9,12,0.08032187282518168
chr12,10,10,12,0.1598592132508618
chr12,10,11,12,-0.05529183870958202
chr12,11,0,12,0.04823492230810828
chr12,11,1,12,-0.161032412072693
chr12,11,2,12,0.12281710019886254
chr12,11,3,12,0.06144700372514067
chr12,11,4,12,0.14864756979905122
chr12,11,5,12,-0.07248650012053057
chr12,11,6,12,0.020293947906075884
chr12,11,7,12,0.009921439620776268
chr12,11,8,12,-0.013685313072326075
chr12,11,9,12,-0.14153876155828105
chr12,11,10,12,-0.16050777870276234
chr12,11,11,12,0.060225383663596
chr13,0,0,6,0.13742908603387963
chr13,0,1,6,0.2041264462174804
chr13,0,2,6,0.05099706992444183
chr13,0,3,6,0.13776882018968187
chr13,0,4,6,0.1114542250778308
chr13,0,5,6,0.060513807974506256
chr13,0,6,6,0.08525049202386276
chr13,0,7,6,0.07979393696359015
chr13,0,8,6,0.017601378149386792
chr13,0,9,6,0.04690882741781669
chr13,0,10,6,0.22581303422592214
chr13,0,11,6,0.037730035249780455
chr13,1,0,6,0.17044158368941886
chr13,1,1,6,-0.004413245759755592
chr13,1,2,6,-0.08475092941219127
chr13,1,3,6,-0.051964608657283994
chr13,1,4,6,-0.22125486984045992
chr13,1,5,6,-0.057195943180988744
chr13,1,6,6,-0.18995222152167726
chr13,1,7,6,-0.21675392593919587
chr13,1,8,6,-0.1265647433793583
chr13,1,9,6,-0.13309147053161108
chr13,1,10,6,0.10025774052008363
chr13,1,11,6,0.09299785644489082
chr13,2,0,6,0.08251424592635599
chr13,2,1,6,-0.12271028573151822
chr13,2,2,6,0.004113405925400844
chr13,2,3,6,-0.021944573797175324
chr13,2,4,6,0.04523619790982295
chr13,2,5,6,0.08288819524169401
chr13,2,6,6,-0.05591575525485707
chr13,2,7,6,-0.006985909957443609
chr13,2,8,6,-0.08723470793210676
chr13,2,9,6,0.003234462530813701
chr13,2,10,6,0.023967274108344132
chr13,2,11,6,0.03180038988495836
chr13,3,0,6,-0.011707668939615426
chr13,3,1,6,-0.014675615582085874
chr13,3,2,6,0.14637023763678766
chr13,3,3,6,-0.04903865252652425
chr13,3,4,6,-0.03162351460421988
chr13,3,5,6,0.12057988085370662
chr13,3,6,6,0.11302649589747867
chr13,3,7,6,0.021672556337078513
chr13,3,8,6,0.06812088885375621
chr13,3,9,6,0.2265592947683069
chr13,3,10,6,-0.12145446325705878
chr13,3,11,6,0.20091719811255812
chr13,4,0,6,-0.25537902221868153
chr13,4,1,6,-0.23162453691508889
chr13,4,2,6,-0.1943134502028585
chr13,4,3,6,-0.03775577851556119
chr13,4,4,6,-0.11599972055544494
chr13,4,5,6,0.03541730850235342
chr13,4,6,6,-0.04611594309898289
chr13,4,7,6,0.26083596123101765
chr13,4,8,6,0.03021009996020954
chr13,4,9,6,-0.061540314160820724
chr13,4,10,6,0.04905636890827706
chr13,4,11,6,0.1855324899477958
chr13,5,0,6,0.006430385095660578
chr13,5,1,6,0.10288482675976462
chr13,5,2,6,-0.008074480759735084
chr13,5,3,6,0.1940699753350613
chr13,5,4,6,0.16813564493872124
chr13,5,5,6,-0.08408704472783611
chr13,5,6,6,0.34975367082373604
chr13,5,7,6,0.10864991692219104
chr13,5,8,6,0.1302580688156183
chr13,5,9,6,0.14566906501540422
chr13,5,10,6,0.33917656897962756
chr13,5,11,6,0.0849801081013062
chr13,6,0,6,-0.045831551606485055
chr13,6,1,6,-0.01716589753484349
chr13,6,2,6,-0.09659380895725511
chr13,6,3,6,-0.12427658525729605
chr13,6,4,6,0.1371308072054552
chr13,6,5,6,-0.11778740269161962
chr13,6,6,6,-0.15714069090610816
chr13,6,7,6,0.019589483288526246
chr13,6,8,6,0.1259258462322105
chr13,6,9,6,0.22447037103478595
chr13,6,10,6,-0.30834119976144403
chr13,6,11,6,0.19315894967792388
chr13,7,0,6,0.2456121994242403
chr13,7,1,6,-0.2148904234140344
chr13,7,2,6,-0.136864772689077
chr13,7,3,6,-0.1785154848083047
chr13,7,4,6,0.014528270542007199
chr13,7,5,6,-0.15130891000397462
chr13,7,6,6,0.10462452089522073
chr13,7,7,6,-0.07636223939994123
chr13,7,8,6,-0.2353456355187041
chr13,7,9,6,-0.23083140536276567
chr13,7,10,6,0.23829938548166482
chr13,7,11,6,0.04603869693718373
chr13,8,0,6,-0.07945717066120941
chr13,8,1,6,-0.23115690868817418
chr13,8,2,6,-0.1267202235156006
chr13,8,3,6,-0.026437260436658977
chr13,8,4,6,0.15230307392847095
chr13,8,5,6,0.18551917358125214
chr13,8,6,6,0.04102522332178423
chr13,8,7,6,0.11436367091785639
chr13,8,8,6,-0.14234728504760222
chr13,8,9,6,-0.11239910597085111
chr13,8,10,6,-0.3116218935369
chr13,8,11,6,0.12533616542539802
chr13,9,0,6,-0.11037975219860639
chr13,9,1,6,0.13246286312960526
chr13,9,2,6,0.17588525328287216
chr13,9,3,6,0.10493409868798165
chr13,9,4,6,0.058059520495690804
chr13,9,5,6,0.04082912405894217
chr13,9,6,6,0.1059174117513777
chr13,9,7,6,0.18350175577763986
chr13,9,8,6,-0.15637253671070606
chr13,9,9,6,-0.08617367775836692
chr13,9,10,6,-0.18573181703987585
chr13,9,11,6,0.11465780571801103
chr13,10,0,6,0.07626259029570473
chr13,10,1,6,-0.15981618498159042
chr13,10,2,6,0.03187214101218918
chr13,10,3,6,-0.01753339417267343
chr13,10,4,6,0.1549880079890004
chr13,10,5,6,0.026117971917640842
chr13,10,6,6,0.12157400274061853
chr13,10,7,6,-0.02349109951857145
chr13,10,8,6,0.09230693370101796
chr13,10,9,6,-0.06302326441832219
chr13,10,10,6,-0.04904153202163778
chr13,10,11,6,-0.029105361450218067
chr13,11,0,6,-0.13949203783461722
chr13,11,1,6,-0.19365074905520283
chr13,11,2,6,-0.1453580943870922
chr13,11,3,6,0.02532713893271753
chr13,11,4,6,-0.24737445447390452
chr13,11,5,6,0.11006847027762201
chr13,11,6,6,0.0020919312387403244
chr13,11,7,6,0.0994888947831642
chr13,11,8,6,0.030180657574480782
chr13,11,9,6,-0.21556554980826503
chr13,11,10,6,-0.07337694088158063
chr13,11,11,6,0.021822220282651083
chr14,0,0,6,-0.010723821149665849
chr14,0,1,6,-0.012446856366615494
chr14,0,2,6,0.022435077194714614
chr14,0,3,6,0.06544584193716035
chr14,0,4,6,0.13051381233664577
chr14,0,5,6,0.04501203349367577
chr14,0,6,6,0.06583561359142459
chr14,0,7,6,-0.007035174853818498
chr14,0,8,6,0.08415792335216336
chr14,0,9,6,0.031023796812990657
chr14,0,10,6,-0.02147085705929513
chr14,0,11,6,0.0687567933125674
chr14,1,0,6,-0.0641959621263652
chr14,1,1,6,0.12602730162642248
chr14,1,2,6,0.0764691218862525
chr14,1,3,6,0.0008622271591266079
chr14,1,4,6,-0.021308477916703938
chr14,1,5,6,-0.04996419521800844
chr14,1,6,6,-0.06944454218227787
chr14,1,7,6,-0.17556404288728603
chr14,1,8,6,0.02861841425136322
chr14,1,9,6,0.0469196427099641
chr14,1,10,6,-0.21071421413179378
chr14,1,11,6,-0.06028228647439155
chr14,2,0,6,-0.005929226601015358
chr14,2,1,6,-0.0750987097939083
chr14,2,2,6,0.034107113725888226
chr14,2,3,6,0.0032761168128556395
chr14,2,4,6,0.06848390098704742
chr14,2,5,6,-0.036450964305985455
chr14,2,6,6,0.03485656299165094
chr14,2,7,6,-0.03997226086896467
chr14,2,8,6,-0.02478932872915135
chr14,2,9,6,0.08487273988214099
chr14,2,10,6,0.07017741116420399
chr14,2,11,6,-0.039686370865066274
chr14,3,0,6,-0.13430706430110337
chr14,3,1,6,-0.016949063474920395
chr14,3,2,6,0.16019374881019402
chr14,3,3,6,-0.05121306192461778
chr14,3,4,6,-0.03716061741874832
chr14,3,5,6,0.08594746457733847
chr14,3,6,6,-0.011493190281910953
chr14,3,7,6,0.031215000182719763
chr14,3,8,6,0.0281341926755108
chr14,3,9,6,0.1225866242610603
chr14,3,10,6,-0.09686551162845743
chr14,3,11,6,0.05866603953970854
chr14,4,0,6,0.03430118538972545
chr14,4,1,6,0.056902944076877966
chr14,4,2,6,0.009291428125869694
chr14,4,3,6,0.13460501714173997
chr14,4,4,6,0.011493592706302708
chr14,4,5,6,-0.11294953639483911
chr14,4,6,6,0.1760659784872417
chr14,4,7,6,0.018247526012078658
chr14,4,8,6,0.11973062757350723
chr14,4,9,6,0.06996580366441191
chr14,4,10,6,0.05062543296957025
chr14,4,11,6,0.04628557197308438
chr14,5,0,6,-0.0026466633176117174
chr14,5,1,6,-0.15948791226040193
chr14,5,2,6,-0.11190070456255503
chr14,5,3,6,0.02343171050687139
chr14,5,4,6,0.17214615587113336
chr14,5,5,6,0.0759256018239376
chr14,5,6,6,0.02446513778936282
chr14,5,7,6,0.004982648020391265
chr14,5,8,6,-0.021157714194455373
chr14,5,9,6,-0.0012284838682028686
chr14,5,10,6,0.1267096844828047
chr14,5,11,6,0.12092438751826691
chr14,6,0,6,0.1408444693648986
chr14,6,1,6,0.12103307291299246
chr14,6,2,6,-0.007424178521189835
chr14,6,3,6,-0.035141930891294006
chr14,6,4,6,-0.03169955983226883
chr14,6,5,6,-0.03644027718443212
chr14,6,6,6,-0.18244080933291085
chr14,6,7,6,-0.05444215216783849
chr14,6,8,6,-0.028074174140389204
chr14,6,9,6,0.11414079415640528
chr14,6,10,6,0.06929456894275263
chr14,6,11,6,0.048685544502575916
chr14,7,0,6,0.07169044280210474
chr14,7,1,6,-0.02441665213095943
chr14,7,2,6,-0.0810111292681635
chr14,7,3,6,-0.013097996195284423
chr14,7,4,6,0.06429189533705133
chr14,7,5,6,-0.03354978007410107
chr14,7,6,6,0.24325745027601195
chr14,7,7,6,0.12396146579624429
chr14,7,8,6,-0.061378603304894676
chr14,7,9,6,-0.056444208920102525
chr14,7,10,6,0.07529260443916211
chr14,7,11,6,-0.05637361704342384
chr14,8,0,6,0.10748831342150313
chr14,8,1,6,0.06394155587513256
chr14,8,2,6,0.10761700304757539
chr14,8,3,6,-0.01255149834267458
chr14,8,4,6,0.10342968678444432
chr14,8,5,6,0.07653564639010345
chr14,8,6,6,-0.08092450437810118
chr14,8,7,6,-0.10941770614501793
chr14,8,8,6,0.08835142840004662
chr14,8,9,6,0.2570472525192416
chr14,8,10,6,0.029304123315693698
chr14,8,11,6,0.08078999688731112
chr14,9,0,6,0.03328807018621127
chr14,9,1,6,-0.039267504226161376
chr14,9,2,6,-0.12820966687829377
chr14,9,3,6,-0.07953536668291286
chr14,9,4,6,0.20270746287554697
chr14,9,5,6,0.049551239825398226
chr14,9,6,6,0.05534140907085979
chr14,9,7,6,-0.03115559253848914
chr14,9,8,6,-0.010494828925655675
chr14,9,9,6,-0.13151763079655007
chr14,9,10,6,-0.15637148816443636
chr14,9,11,6,0.180080429884058
chr14,10,0,6,-0.010402586119995672
chr14,10,1,6,-0.05336582741457955
chr14,10,2,6,-0.025327405762111968
chr14,10,3,6,-0.06139342217844237
chr14,10,4,6,0.054242093310294344
chr14,10,5,6,-0.005243476242345881
chr14,10,6,6,0.06469196048218874
chr14,10,7,6,0.09051076167826168
chr14,10,8,6,-0.04020687436803347
chr14,10,9,6,-0.05146084342065163
chr14,10,10,6,-0.03824957510078539
chr14,10,11,6,0.01932031757990299
chr14,11,0,6,0.06846193514628933
chr14,11,1,6,0.008616685534060106
chr14,11,2,6,0.12115751402425136
chr14,11,3,6,0.17754772540818797
chr14,11,4,6,-0.16312007479784463
chr14,11,5,6,-0.1065113884901218
chr14,11,6,6,-0.09064417820878497
chr14,11,7,6,-0.054963283066092876
chr14,11,8,6,0.18136344263996437
chr14,11,9,6,0.08362248786035903
chr14,11,10,6,0.13523612198121313
chr14,11,11,6,-0.01440504439842021
chr15,0,0,12,-0.010936806074385269
chr15,0,1,12,0.03528958880884298
chr15,0,2,12,0.011000865930712355
chr15,0,3,12,-0.0970101712381465
chr15,0,4,12,-0.06836745073214856
chr15,0,5,12,-0.045868670867763944
chr15,0,6,12,-0.07820452641059185
chr15,0,7,12,0.011442016908787154
chr15,0,8,12,-0.15799241391514404
chr15,0,9,12,-0.0394696948628976
chr15,0,10,12,-0.010292874840776511
chr15,0,11,12,0.010540155104591038
chr15,1,0,12,-0.13148271092762553
chr15,1,1,12,0.06823745382538238
chr15,1,2,12,0.052188136254295296
chr15,1,3,12,0.024593236291531994
chr15,1,4,12,0.1476275261443513
chr15,1,5,12,0.03057299149793197
chr15,1,6,12,0.13822439516335103
chr15,1,7,12,0.015161112902103577
chr15,1,8,12,0.07278296018736437
chr15,1,9,12,0.0836309912518507
chr15,1,10,12,-0.11345440237339115
chr15,1,11,12,-0.12820185264220038
chr15,2,0,12,-0.012318926780781567
chr15,2,1,12,0.12080344865772802
chr15,2,2,12,0.04304576797122536
chr15,2,3,12,0.05842891961254923
chr15,2,4,12,-0.1699827483707165
chr15,2,5,12,-0.027757875029251578
chr15,2,6,12,-0.017574510036212857
chr15,2,7,12,-0.0116418630217283
chr15,2,8,12,0.08165187129603045
chr15,2,9,12,-0.11479842129347062
chr15,2,10,12,-0.02112956525986227
chr15,2,11,12,0.0013449548317408487
chr15,3,0,12,0.10638382852233474
chr15,3,1,12,0.16035331181813425
chr15,3,2,12,0.22652713721271503
chr15,3,3,12,0.21844988733514437
chr15,3,4,12,-0.0009343646296983745
chr15,3,5,12,0.09453608195395513
chr15,3,6,12,0.057843386881695075
chr15,3,7,12,0.22136397388831888
chr15,3,8,12,0.16995033670386514
chr15,3,9,12,0.02800563730553783
chr15,3,10,12,0.05445086876340791
chr15,3,11,12,-0.037137420404699625
chr15,4,0,12,0.06208592331907472
chr15,4,1,12,0.07595461316790683
chr15,4,2,12,0.12536549620367207
chr15,4,3,12,-0.05209685662733652
chr15,4,4,12,0.11030129345917901
chr15,4,5,12,0.16200578660710876
chr15,4,6,12,0.12398607625304085
chr15,4,7,12,-0.02121498702113996
chr15,4,8,12,-0.012999603398355139
chr15,4,9,12,-0.12294419338046096
chr15,4,10,12,0.0638477386962724
chr15,4,11,12,-0.05434794048718988
chr15,5,0,12,-0.044447770801966664
chr15,5,1,12,0.045882194504920905
chr15,5,2,12,0.12611036136905882
chr15,5,3,12,0.11205379648500735
chr15,5,4,12,0.1024555476469754
chr15,5,5,12,-0.04914288352476504
chr15,5,6,12,0.10184146319366488
chr15,5,7,12,0.16003556043435666
chr15,5,8,12,0.026379243586046167
chr15,5,9,12,0.20050581384770835
chr15,5,10,12,-0.13512688018616473
chr15,5,11,12,-0.0198483089216623
chr15,6,0,12,0.014310665817626111
chr15,6,1,12,0.05216999406960015
chr15,6,2,12,-0.03713814896284448
chr15,6,3,12,0.05896726654211023
chr15,6,4,12,-0.025366772326852777
chr15,6,5,12,-0.03935734278617564
chr15,6,6,12,0.010683931412097614
chr15,6,7,12,-0.03899921620170187
chr15,6,8,12,-0.04850393564882871
chr15,6,9,12,-0.16918237921040705
chr15,6,10,12,0.05777092513253684
chr15,6,11,12,-0.17325316320372278
chr15,7,0,12,-0.14993922320770542
chr15,7,1,12,0.15705173977081233
chr15,7,2,12,-0.07698313819951257
chr15,7,3,12,0.08007367341145046
chr15,7,4,12,-0.06697267681716171
chr15,7,5,12,-0.013622296509575006
chr15,7,6,12,0.05378042992162829
chr15,7,7,12,0.012750309946668181
chr15,7,8,12,0.1396249507536891
chr15,7,9,12,0.1416480028029972
chr15,7,10,12,-0.13756131636524307
chr15,7,11,12,-0.02332068680331276
chr15,8,0,12,-0.02650433035261469
chr15,8,1,12,-0.17369470957971853
chr15,8,2,12,-0.047783255744139275
chr15,8,3,12,0.14567439181952757
chr15,8,4,12,0.03068216881802924
chr15,8,5,12,0.12641802931527804
chr15,8,6,12,-0.00816622876679953
chr15,8,7,12,0.03917248135307196
chr15,8,8,12,-0.2894910316864153
chr15,8,9,12,-0.20425622088583914
chr15,8,10,12,-0.09686305970519304
chr15,8,11,12,0.05826137353772287
chr15,9,0,12,-0.035034075596627634
chr15,9,1,12,-0.09455153363491255
chr15,9,2,12,-0.1019335974165464
chr15,9,3,12,-0.030675627784930413
chr15,9,4,12,0.12258865108991757
chr15,9,5,12,-0.14883341413000709
chr15,9,6,12,-0.037910679977192
chr15,9,7,12,0.06167199146327897
chr15,9,8,12,-0.030748313472841887
chr15,9,9,12,-0.05366616391215085
chr15,9,10,12,-0.19382182567780856
chr15,9,11,12,0.17010110648091845
chr15,10,0,12,-0.04602879951336811
chr15,10,1,12,0.05304856223466282
chr15,10,2,12,0.03075748886172081
chr15,10,3,12,0.14812904159281767
chr15,10,4,12,0.10883319295133848
chr15,10,5,12,0.10832155526214748
chr15,10,6,12,0.07194370006351727
chr15,10,7,12,0.019976800177632235
chr15,10,8,12,-0.08233057425407823
chr15,10,9,12,-0.020710273095160946
chr15,10,10,12,0.06621948647486625
chr15,10,11,12,-0.01862121115810377
chr15,11,0,12,0.16167736665360402
chr15,11,1,12,0.09757414771394403
chr15,11,2,12,-0.08521604524115843
chr15,11,3,12,0.13848013944322188
chr15,11,4,12,0.19174333315010042
chr15,11,5,12,0.06619274476328903
chr15,11,6,12,0.07568326957510452
chr15,11,7,12,0.09845189178099624
chr15,11,8,12,0.04126546962931927
chr15,11,9,12,0.10209027355686508
chr15,11,10,12,-0.0107991731828613
chr15,11,11,12,-0.1486552007661008
chr16,0,0,12,-0.06736198922208288
chr16,0,1,12,-0.15526268915343197
chr16,0,2,12,0.028849920433907616
chr16,0,3,12,-0.028677700988453986
chr16,0,4,12,0.02032423471020356
chr16,0,5,12,0.06743701184160007
chr16,0,6,12,0.06466923872530435
chr16,0,7,12,-0.10698035534688051
chr16,0,8,12,-0.050361441042303
chr16,0,9,12,-0.10604035576464756
chr16,0,10,12,-0.1865624084756892
chr16,0,11,12,0.08084290957721918
chr16,1,0,12,-0.1826802829317805
chr16,1,1,12,0.19547376653082127
chr16,1,2,12,0.17572125875348008
chr16,1,3,12,0.028388063036856
chr16,1,4,12,0.17432768032296045
chr16,1,5,12,-0.0039682330331487796
chr16,1,6,12,0.028632173819931942
chr16,1,7,12,0.13306098955490311
chr16,1,8,12,0.12890658794251142
chr16,1,9,12,0.17201229602087145
chr16,1,10,12,-0.24223551011504738
chr16,1,11,12,-0.04095759376148164
chr16,2,0,12,0.06707310931442934
chr16,2,1,12,-0.025724316653466927
chr16,2,2,12,-0.03584349662526434
chr16,2,3,12,-0.0479473042674696
chr16,2,4,12,0.17602778244447914
chr16,2,5,12,0.1573871766097145
chr16,2,6,12,0.0642716962874646
chr16,2,7,12,-0.04630826723738423
chr16,2,8,12,0.10008049440504467
chr16,2,9,12,0.1612150231744651
chr16,2,10,12,0.20680717679533234
chr16,2,11,12,0.028685422987508924
chr16,3,0,12,0.10735014324587804
chr16,3,1,12,-0.03903596239801199
chr16,3,2,12,-0.03578885190187197
chr16,3,3,12,0.08753210171743375
chr16,3,4,12,0.14738366875138434
chr16,3,5,12,-0.09889876752171871
chr16,3,6,12,0.10329126081112382
chr16,3,7,12,-0.05425146631082195
chr16,3,8,12,0.030784179687873895
chr16,3,9,12,-0.1641937530251652
chr16,3,10,12,0.14168470615303486
chr16,3,11,12,-0.08680276511088125
chr16,4,0,12,0.19208407087734666
chr16,4,1,12,0.24809668627335224
chr16,4,2,12,0.2418761205960357
chr16,4,3,12,-0.012270051732430202
chr16,4,4,12,0.11717845425283833
chr16,4,5,12,-0.036398608556685176
chr16,4,6,12,0.07369438703718316
chr16,4,7,12,0.017148817898824147
chr16,4,8,12,-0.01084485387341362
chr16,4,9,12,0.06480996825142828
chr16,4,10,12,-0.0021528631641362463
chr16,4,11,12,-0.037996994580115975
chr16,5,0,12,0.2669314535700326
chr16,5,1,12,0.04051236666843964
chr16,5,2,12,0.2235642637926122
chr16,5,3,12,0.15376868918535636
chr16,5,4,12,0.03914655007364379
chr16,5,5,12,-0.028833212908400598
chr16,5,6,12,-0.02965051914664413
chr16,5,7,12,-0.07683537100839476
chr16,5,8,12,0.17942662141310714
chr16,5,9,12,0.12929796586448575
chr16,5,10,12,-0.13137655352322633
chr16,5,11,12,-0.050261557539968964
chr16,6,0,12,0.1594673753649008
chr16,6,1,12,-0.11178701462059638
chr16,6,2,12,-0.05162188742153891
chr16,6,3,12,0.03075228259486072
chr16,6,4,12,-0.09094433630867972
chr16,6,5,12,0.04986346033153658
chr16,6,6,12,0.04414495258210249
chr16,6,7,12,-0.029265432253552423
chr16,6,8,12,0.0023270684150121248
chr16,6,9,12,-0.14783562973972064
chr16,6,10,12,0.13952361151299178
chr16,6,11,12,-0.16217457033279256
chr16,7,0,12,-0.1477420302766713
chr16,7,1,12,0.16714803651153354
chr16,7,2,12,0.03261558937349657
chr16,7,3,12,0.08955077133836847
chr16,7,4,12,0.18660085011076857
chr16,7,5,12,-0.05338490390869625
chr16,7,6,12,0.014581620186837006
chr16,7,7,12,-0.007557131785806771
chr16,7,8,12,0.1463982044874876
chr16,7,9,12,0.15246552262488136
chr16,7,10,12,-0.13217557634250568
chr16,7,11,12,-0.04776843614330808
chr16,8,0,12,-0.04972155871276526
chr16,8,1,12,0.09436454406533286
chr16,8,2,12,-0.027348726592527878
chr16,8,3,12,-0.019697066181620794
chr16,8,4,12,-0.15268780259777442
chr16,8,5,12,-0.10143620350340819
chr16,8,6,12,-0.11748616076459535
chr16,8,7,12,-0.03568513701995918
chr16,8,8,12,0.11388423250884645
chr16,8,9,12,0.09679778556726286
chr16,8,10,12,0.05363374020201581
chr16,8,11,12,-0.11402246074631382
chr16,9,0,12,0.09818979856910097
chr16,9,1,12,-0.004159722045081055
chr16,9,2,12,-0.16092981237022277
chr16,9,3,12,-0.05609051826752409
chr16,9,4,12,-0.11393551092424337
chr16,9,5,12,-0.06368721427729908
chr16,9,6,12,0.0167349220776028
chr16,9,7,12,-0.09772527083139997
chr16,9,8,12,0.14408028178276086
chr16,9,9,12,0.08209737908416082
chr16,9,10,12,0.11608983300777957
chr16,9,11,12,-0.06995025040719935
chr16,10,0,12,0.06444004751480771
chr16,10,1,12,0.10635067332403125
chr16,10,2,12,-0.03131126729937561
chr16,10,3,12,-0.11950187733307116
chr16,10,4,12,-0.11456339351629186
chr16,10,5,12,-0.13480899352204964
chr16,10,6,12,-0.03665239647526553
chr16,10,7,12,0.03997394380692096
chr16,10,8,12,-0.014671372656135141
chr16,10,9,12,-0.025312028774579
chr16,10,10,12,0.06750785475049792
chr16,10,11,12,-0.0074977861035005105
chr16,11,0,12,0.11088281005922558
chr16,11,1,12,0.13679374249383783
chr16,11,2,12,0.04861905434992936
chr16,11,3,12,-0.10450492252951427
chr16,11,4,12,-0.13335575565379962
chr16,11,5,12,-0.07452735693489045
chr16,11,6,12,-0.057771369250724486
chr16,11,7,12,-0.12832352857704624
chr16,11,8,12,0.1688836300465213
chr16,11,9,12,0.15774503683276267
chr16,11,10,12,0.13344001496959948
chr16,11,11,12,0.001393964072624234
chr17,0,0,13,-0.07239827388519456
chr17,0,1,13,-0.27260587385256835
chr17,0,2,13,0.01968757540130979
chr17,0,3,13,-0.13805355051089385
chr17,0,4,13,-0.09847339507432272
chr17,0,5,13,0.07930756866125092
chr17,0,6,13,0.05895725111473646
chr17,0,7,13,-0.02899666830304052
chr17,0,8,13,-0.08017643560291562
chr17,0,9,13,-0.17663418140680195
chr17,0,10,13,-0.14662167668625806
chr17,0,11,13,0.10516442156801896
chr17,1,0,13,-0.04390315580461573
chr17,1,1,13,0.02263875634346176
chr17,1,2,13,-0.0021921650497159686
chr17,1,3,13,-0.1081908995790551
chr17,1,4,13,-0.0488256454145429
chr17,1,5,13,0.029589849164938974
chr17,1,6,13,-0.020939450914737846
chr17,1,7,13,0.2109343134575002
chr17,1,8,13,0.10777510989085257
chr17,1,9,13,-0.10536231276317914
chr17,1,10,13,0.0860815485912236
chr17,1,11,13,-0.04707268154224593
chr17,2,0,13,-0.02554966461527249
chr17,2,1,13,0.11596739689187767
chr17,2,2,13,0.06406406476383415
chr17,2,3,13,0.015637543677447643
chr17,2,4,13,0.14081323657278863
chr17,2,5,13,0.10349196542539553
chr17,2,6,13,-0.018994710251868115
chr17,2,7,13,0.25252682675911603
chr17,2,8,13,0.013332921645101841
chr17,2,9,13,0.07547007491785475
chr17,2,10,13,0.04000991725840432
chr17,2,11,13,0.11595654823911089
chr17,3,0,13,-0.10898816433079526
chr17,3,1,13,-0.09559468731896045
chr17,3,2,13,-0.014493307889042704
chr17,3,3,13,-0.0022537502175769423
chr17,3,4,13,0.007846648576673982
chr17,3,5,13,0.0857039241884148
chr17,3,6,13,-0.03147835261422115
chr17,3,7,13,0.009348143389306188
chr17,3,8,13,-0.11971952003776504
chr17,3,9,13,0.027260465810928336
chr17,3,10,13,-0.056897185595009454
chr17,3,11,13,0.10991046799756303
chr17,4,0,13,0.15987590016813868
chr17,4,1,13,0.07580005627887153
chr17,4,2,13,0.03142067207836523
chr17,4,3,13,0.038745321683122676
chr17,4,4,13,0.01971218858232434
chr17,4,5,13,-0.06854265123283876
chr17,4,6,13,-0.0298651295217044
chr17,4,7,13,0.0022933540056847045
chr17,4,8,13,-0.046350890931575565
chr17,4,9,13,0.15645589469424548
chr17,4,10,13,-0.09909282363768646
chr17,4,11,13,-0.23984722477859183
chr17,5,0,13,-0.016774686305362947
chr17,5,1,13,-0.10687655057326756
chr17,5,2,13,-0.07369064629570218
chr17,5,3,13,-0.10405178934035547
chr17,5,4,13,-0.00398419878010936
chr17,5,5,13,0.0725414219919027
chr17,5,6,13,-0.05019624477148553
chr17,5,7,13,-0.0599704925924855
chr17,5,8,13,-0.12003768826821185
chr17,5,9,13,-0.10512873399721814
chr17,5,10,13,-0.00222531915054202
chr17,5,11,13,-0.03518112401042813
chr17,6,0,13,0.07307813678450911
chr17,6,1,13,-0.08657309709979846
chr17,6,2,13,-0.04716600059313723
chr17,6,3,13,0.14651907252520535
chr17,6,4,13,0.00911111270889135
chr17,6,5,13,0.11046091418566391
chr17,6,6,13,0.04682626516776266
chr17,6,7,13,0.05037450217056563
chr17,6,8,13,-0.13020383761295978
chr17,6,9,13,0.14498767049096056
chr17,6,10,13,0.10781524066021198
chr17,6,11,13,0.07670118822813753
chr17,7,0,13,0.08447240203138857
chr17,7,1,13,-0.07110284762045668
chr17,7,2,13,0.18275330694245906
chr17,7,3,13,-0.058273134039026446
chr17,7,4,13,-0.05075061423847334
chr17,7,5,13,-0.14680200002957025
chr17,7,6,13,-0.02220244506086734
chr17,7,7,13,0.11860905075232288
chr17,7,8,13,-0.08230347314140703
chr17,7,9,13,-0.08658148849881142
chr17,7,10,13,0.04598414706352497
chr17,7,11,13,-0.17277933677879026
chr17,8,0,13,0.15900471673378716
chr17,8,1,13,0.15717039028552848
chr17,8,2,13,0.12344389765154985
chr17,8,3,13,-0.12473470022652332
chr17,8,4,13,-0.013031339957450004
chr17,8,5,13,0.05656793176227443
chr17,8,6,13,0.14983267554753468
chr17,8,7,13,0.061809538611785814
chr17,8,8,13,0.17646751379252912
chr17,8,9,13,0.19624424679458363
chr17,8,10,13,0.11048873534819145
chr17,8,11,13,0.027151992737466404
chr17,9,0,13,0.03956897862508976
chr17,9,1,13,0.2170444671847162
chr17,9,2,13,0.18871189401879315
chr17,9,3,13,0.020540566349029062
chr17,9,4,13,-0.04929703076073523
chr17,9,5,13,0.018579265796611608
chr17,9,6,13,0.1511386972337632
chr17,9,7,13,0.011958058835894894
chr17,9,8,13,0.04052191417077589
chr17,9,9,13,0.18793202697421635
chr17,9,10,13,0.17108568371695013
chr17,9,11,13,0.014298211059064942
chr17,10,0,13,-0.06438774157313701
chr17,10,1,13,-0.1138931855387795
chr17,10,2,13,-0.07828582554929134
chr17,10,3,13,-0.0058243119505568645
chr17,10,4,13,-0.05461950293296018
chr17,10,5,13,-0.08365640216347235
chr17,10,6,13,-0.005139725330352887
chr17,10,7,13,0.036037602238499576
chr17,10,8,13,0.1364649822798632
chr17,10,9,13,0.18213341332396957
chr17,10,10,13,-0.09263448777896287
chr17,10,11,13,0.03416675871775722
chr17,11,0,13,0.22637961655862454
chr17,11,1,13,-0.08544660684416261
chr17,11,2,13,0.08720252651160529
chr17,11,3,13,-0.02863744294374533
chr17,11,4,13,-0.022002483134252297
chr17,11,5,13,-0.012106413429581912
chr17,11,6,13,-0.13341642193915537
chr17,11,7,13,-0.1156171284682969
chr17,11,8,13,0.15540599019942059
chr17,11,9,13,-0.05020662407560462
chr17,11,10,13,-0.07718626383535908
chr17,11,11,13,0.10093215202351113
chr18,0,0,4,0.14894840204578913
chr18,0,1,4,0.1670276689253777
chr18,0,2,4,-0.0324384759401379
chr18,0,3,4,0.1083876846763312
chr18,0,4,4,0.0709679462767932
chr18,0,5,4,0.10540302847978826
chr18,0,6,4,0.04103873440386091
chr18,0,7,4,-0.03248097976592883
chr18,0,8,4,0.17211981751267924
chr18,0,9,4,0.15171410277651928
chr18,0,10,4,0.34543416701185214
chr18,0,11,4,-0.11837983196914206
chr18,1,0,4,-0.08261286120070499
chr18,1,1,4,-0.11718172460243505
chr18,1,2,4,0.14224624092802773
chr18,1,3,4,0.04421527900320075
chr18,1,4,4,-0.1311854093487391
chr18,1,5,4,0.06870590712138187
chr18,1,6,4,-0.0012066386740855022
chr18,1,7,4,-0.07914520685014084
chr18,1,8,4,0.21347760519615305
chr18,1,9,4,-0.12554334460161304
chr18,1,10,4,0.06517164348350402
chr18,1,11,4,-0.08556361462155751
chr18,2,0,4,-0.23187869567633168
chr18,2,1,4,-0.07125832165469034
chr18,2,2,4,0.003827681970054231
chr18,2,3,4,-0.23884477668463053
chr18,2,4,4,0.16435351714799384
chr18,2,5,4,0.04818246031775082
chr18,2,6,4,0.15692807060681668
chr18,2,7,4,0.02037978526829297
chr18,2,8,4,0.015120305050038585
chr18,2,9,4,0.015930142085096605
chr18,2,10,4,-0.09589908666239377
chr18,2,11,4,0.1297669273685242
chr18,3,0,4,-0.057029155434890344
chr18,3,1,4,-0.13983699515305076
chr18,3,2,4,-0.10821271939489412
chr18,3,3,4,0.013523582851417306
chr18,3,4,4,-0.008421398524825485
chr18,3,5,4,0.060150921741298616
chr18,3,6,4,-0.13387256630241848
chr18,3,7,4,-0.02060991766176927
chr18,3,8,4,-0.19768687598113338
chr18,3,9,4,-0.04075258249585906
chr18,3,10,4,-0.017427333647356213
chr18,3,11,4,0.20245979248076068
chr18,4,0,4,0.02841409086242555
chr18,4,1,4,-0.1771658033133883
chr18,4,2,4,-0.1504282766386612
chr18,4,3,4,0.08284349636501345
chr18,4,4,4,-0.02042280278994789
chr18,4,5,4,-0.2631187722084154
chr18,4,6,4,0.020193934153456376
chr18,4,7,4,0.048605860963902875
chr18,4,8,4,0.07519632138832574
chr18,4,9,4,0.16160481763635393
chr18,4,10,4,-0.12069236542016033
chr18,4,11,4,-0.297412293888058
chr18,5,0,4,-0.1602513988465602
chr18,5,1,4,-0.3019773367890587
chr18,5,2,4,-0.4833472389427761
chr18,5,3,4,-0.23952555777837187
chr18,5,4,4,-0.14601095581905102
chr18,5,5,4,-0.19228799942968794
chr18,5,6,4,-0.15388449557110642
chr18,5,7,4,-0.08676937335727919
chr18,5,8,4,-0.29518621072160806
chr18,5,9,4,-0.16650155515491447
chr18,5,10,4,-0.0145066099221977
chr18,5,11,4,-0.24455536758022656
chr18,6,0,4,-0.14520282054843892
chr18,6,1,4,-0.3522704288214498
chr18,6,2,4,0.10181686630566303
chr18,6,3,4,0.09959423715540967
chr18,6,4,4,0.1008840167496991
chr18,6,5,4,0.16872413252815507
chr18,6,6,4,-0.02367063198541833
chr18,6,7,4,0.1808388191132598
chr18,6,8,4,-0.31309923448609267
chr18,6,9,4,0.23906912931464652
chr18,6,10,4,-0.2487600774578181
chr18,6,11,4,0.2614153874875304
chr18,7,0,4,0.1214988735147129
chr18,7,1,4,-0.23272438181077904
chr18,7,2,4,0.031118202810309796
chr18,7,3,4,-0.22861093090711854
chr18,7,4,4,-0.18579767212799625
chr18,7,5,4,-0.0810322113552395
chr18,7,6,4,0.010590022998596994
chr18,7,7,4,-0.0057948402777359825
chr18,7,8,4,-0.141110437682909
chr18,7,9,4,-0.1584985378183366
chr18,7,10,4,0.08595978506286579
chr18,7,11,4,-0.2034468384954944
chr18,8,0,4,0.15048357014903282
chr18,8,1,4,-0.3150421471445985
chr18,8,2,4,0.18258373515396398
chr18,8,3,4,-0.09043964000316723
chr18,8,4,4,0.2643596530470473
chr18,8,5,4,0.19656655909051424
chr18,8,6,4,-0.2062784428446375
chr18,8,7,4,0.13707432632217964
chr18,8,8,4,-0.2760265715622621
chr18,8,9,4,-0.01656348165097063
chr18,8,10,4,-0.3696051868861332
chr18,8,11,4,0.2571106988885278
chr18,9,0,4,-0.26941471825585217
chr18,9,1,4,-0.36441804823663465
chr18,9,2,4,-0.18498041516742475
chr18,9,3,4,-0.03737565802408383
chr18,9,4,4,-0.05534702238571061
chr18,9,5,4,-0.09809723634748344
chr18,9,6,4,-0.14944455111689686
chr18,9,7,4,0.031245800998528195
chr18,9,8,4,-0.1755451786494146
chr18,9,9,4,-0.18420330697131754
chr18,9,10,4,-0.2513695641277834
chr18,9,11,4,0.07424827588587535
chr18,10,0,4,-0.13591259038027648
chr18,10,1,4,-0.10522321613508989
chr18,10,2,4,0.11860429508362064
chr18,10,3,4,-0.009423668163650631
chr18,10,4,4,0.049870492478032574
chr18,10,5,4,-0.07624574957413673
chr18,10,6,4,-0.1398566686776467
chr18,10,7,4,-0.1452657506270146
chr18,10,8,4,0.0928321980427714
chr18,10,9,4,0.2548870939328402
chr18,10,10,4,-0.12338871968759613
chr18,10,11,4,-0.12033252042161366
chr18,11,0,4,0.13262357073104128
chr18,11,1,4,-0.14105399473357833
chr18,11,2,4,0.08201705693864841
chr18,11,3,4,0.1423214283784174
chr18,11,4,4,0.3115740699372176
chr18,11,5,4,-0.2405291596363834
chr18,11,6,4,-0.28755159927816604
chr18,11,7,4,0.004592931705371048
chr18,11,8,4,0.12228525882015862
chr18,11,9,4,0.12373544610692147
chr18,11,10,4,-0.1419952150426645
chr18,11,11,4,-0.14766608028447845
chr19,0,0,10,-0.04755199462074906
chr19,0,1,10,0.012808825629397188
chr19,0,2,10,0.014781120389813282
chr19,0,3,10,0.06488138769468385
chr19,0,4,10,0.016611292762023798
chr19,0,5,10,0.0384910643588178
chr19,0,6,10,0.007620863163871563
chr19,0,7,10,0.04286860227162189
chr19,0,8,10,-0.017782549836892668
chr19,0,9,10,0.024782259606523978
chr19,0,10,10,0.0280428155831443
chr19,0,11,10,0.008122755849679518
chr19,1,0,10,-0.049377053672438984
chr19,1,1,10,0.06501414507952315
chr19,1,2,10,0.04723096167073471
chr19,1,3,10,0.12234756176678241
chr19,1,4,10,-0.032965262671120696
chr19,1,5,10,-0.055761635071921965
chr19,1,6,10,-0.005091332266100654
chr19,1,7,10,0.004473652897277048
chr19,1,8,10,0.015708393217317054
chr19,1,9,10,0.15920008438346545
chr19,1,10,10,-0.026537331907881666
chr19,1,11,10,-0.05638285584724571
chr19,2,0,10,0.09275202274596805
chr19,2,1,10,0.037830753528390104
chr19,2,2,10,0.09734542573740172
chr19,2,3,10,0.06724194184803974
chr19,2,4,10,-0.042615603932222294
chr19,2,5,10,0.05525571644915709
chr19,2,6,10,0.06980775071552879
chr19,2,7,10,0.03223129804542446
chr19,2,8,10,0.16616201564267952
chr19,2,9,10,0.09921271991515496
chr19,2,10,10,-0.06277224738981889
chr19,2,11,10,-0.01282185805422712
chr19,3,0,10,0.2247539775447637
chr19,3,1,10,0.15147414160625322
chr19,3,2,10,0.003115596765147424
chr19,3,3,10,0.18058637622414003
chr19,3,4,10,0.12530045548815583
chr19,3,5,10,-0.023403867235103647
chr19,3,6,10,0.1454578590237962
chr19,3,7,10,0.06435222585135261
chr19,3,8,10,0.13964344508838786
chr19,3,9,10,-0.09999729812842
chr19,3,10,10,0.1967929883118355
chr19,3,11,10,-0.13947531998951854
chr19,4,0,10,0.12795883606359112
chr19,4,1,10,0.18114712356727963
chr19,4,2,10,0.22044304392403063
chr19,4,3,10,-0.1009190165493163
chr19,4,4,10,0.07896592363674462
chr19,4,5,10,0.040861175867217124
chr19,4,6,10,-0.024306513898138638
chr19,4,7,10,0.020066108438955677
chr19,4,8,10,-0.11355718061998812
chr19,4,9,10,-0.11781430104365605
chr19,4,10,10,0.13209124200939673
chr19,4,11,10,0.020685780870598088
chr19,5,0,10,-0.0305186531535011
chr19,5,1,10,0.13758537568047177
chr19,5,2,10,0.2427269760875089
chr19,5,3,10,0.09715571650555338
chr19,5,4,10,0.059731550522152774
chr19,5,5,10,-0.07218894694256223
chr19,5,6,10,0.0442467362454151
chr19,5,7,10,0.019218741662826215
chr19,5,8,10,0.017348797970331353
chr19,5,9,10,0.06229460124912933
chr19,5,10,10,-0.11785201197578539
chr19,5,11,10,-0.010274619030071142
chr19,6,0,10,-0.058733043417879195
chr19,6,1,10,-0.007035139689216397
chr19,6,2,10,0.037294995183464505
chr19,6,3,10,0.035609885483651
chr19,6,4,10,-0.023175643268025375
chr19,6,5,10,0.05642739490034654
chr19,6,6,10,0.04573369988900666
chr19,6,7,10,0.06650561431908888
chr19,6,8,10,-0.018298565456890216
chr19,6,9,10,-0.18810495898499258
chr19,6,10,10,0.03936788560359324
chr19,6,11,10,-0.15429383337041414
chr19,7,0,10,-0.16570012558009115
chr19,7,1,10,0.1762329297325783
chr19,7,2,10,-0.003804454813236202
chr19,7,3,10,0.16080606130103275
chr19,7,4,10,0.025439038019036665
chr19,7,5,10,0.11558591684045912
chr19,7,6,10,0.02359662089142258
chr19,7,7,10,-0.03796671508159467
chr19,7,8,10,0.1676659367942479
chr19,7,9,10,0.16751430940642603
chr19,7,10,10,-0.14780064427941447
chr19,7,11,10,0.030866803131967768
chr19,8,0,10,-0.07199361181289377
chr19,8,1,10,0.02699723723094518
chr19,8,2,10,-0.11913037090393219
chr19,8,3,10,0.0921993986120325
chr19,8,4,10,0.015904977527497567
chr19,8,5,10,-0.039013181299324476
chr19,8,6,10,-0.09195327249425833
chr19,8,7,10,0.01097492616980212
chr19,8,8,10,0.07117296889016592
chr19,8,9,10,0.0922920931652856
chr19,8,10,10,0.06083271782228521
chr19,8,11,10,-0.15744415949888274
chr19,9,0,10,0.05686799433995874
chr19,9,1,10,0.058160661368977476
chr19,9,2,10,0.016660024100210252
chr19,9,3,10,0.03978170094485343
chr19,9,4,10,-0.08702534235653611
chr19,9,5,10,-0.14681845737357063
chr19,9,6,10,0.15528385283802035
chr19,9,7,10,-0.0168366800835687
chr19,9,8,10,0.14097847485231105
chr19,9,9,10,0.07727870274915423
chr19,9,10,10,0.03365137856209009
chr19,9,11,10,-0.064151145135186
chr19,10,0,10,0.12812046413617623
chr19,10,1,10,0.16082704491298133
chr19,10,2,10,-0.10410209189799853
chr19,10,3,10,-0.021272123101605186
chr19,10,4,10,-0.0027919401318622973
chr19,10,5,10,-0.04757124549525472
chr19,10,6,10,0.0656551846331628
chr19,10,7,10,0.11078137152916905
chr19,10,8,10,-0.14411355531827183
chr19,10,9,10,-0.027531434686708302
chr19,10,10,10,0.03147196978752048
chr19,10,11,10,-0.04965950979438908
chr19,11,0,10,0.00262819329392861
chr19,11,1,10,0.07381264975524873
chr19,11,2,10,0.06198450219475034
chr19,11,3,10,0.02354647971504452
chr19,11,4,10,-0.035087938110072006
chr19,11,5,10,0.10102318051484387
chr19,11,6,10,0.1444223203424338
chr19,11,7,10,0.06217676833246013
chr19,11,8,10,-0.021647833959425083
chr19,11,9,10,0.0640060167212922
chr19,11,10,10,0.052824694629750216
chr19,11,11,10,0.044881141869551056
chr2,0,0,19,0.03522221259180675
chr2,0,1,19,0.01887702040066529
chr2,0,2,19,0.04350306550700041
chr2,0,3,19,0.08154850824130691
chr2,0,4,19,0.09129859610989181
chr2,0,5,19,0.0007455289101374666
chr2,0,6,19,-0.008986041365052391
chr2,0,7,19,0.01154825154252862
chr2,0,8,19,0.07913677937608839
chr2,0,9,19,0.02834016730330309
chr2,0,10,19,0.05733642048755158
chr2,0,11,19,0.0017688199348892557
chr2,1,0,19,-0.12382079630502273
chr2,1,1,19,0.09632604006306694
chr2,1,2,19,0.1269802879826695
chr2,1,3,19,0.0340955679069971
chr2,1,4,19,0.026405355220746017
chr2,1,5,19,-0.010658094161356213
chr2,1,6,19,0.0016403174400116054
chr2,1,7,19,-0.017542971549136914
chr2,1,8,19,0.0922284481543821
chr2,1,9,19,0.0414043157334611
chr2,1,10,19,-0.005995766610172627
chr2,1,11,19,-0.06076576700382959
chr2,2,0,19,0.02913542556620061
chr2,2,1,19,-0.08792224408724536
chr2,2,2,19,0.030093859501855526
chr2,2,3,19,0.018837144375567095
chr2,2,4,19,0.023165624597006745
chr2,2,5,19,0.015013686133845456
chr2,2,6,19,0.06856727369134767
chr2,2,7,19,0.055313717971407585
chr2,2,8,19,0.04372822821686937
chr2,2,9,19,0.07525496635593557
chr2,2,10,19,-0.014312712788305358
chr2,2,11,19,0.057122309736420206
chr2,3,0,19,0.0809172257063115
chr2,3,1,19,0.03414761780169657
chr2,3,2,19,0.04737983877047228
chr2,3,3,19,0.04807232992092932
chr2,3,4,19,0.0584416526228821
chr2,3,5,19,-0.0010724816372945192
chr2,3,6,19,0.04590850423577678
chr2,3,7,19,0.11020350834567727
chr2,3,8,19,0.07358884983555705
chr2,3,9,19,0.014796965592323049
chr2,3,10,19,0.049174094260396276
chr2,3,11,19,-0.015325597330314591
chr2,4,0,19,-0.039843315618506174
chr2,4,1,19,-0.01338710742764864
chr2,4,2,19,0.0894265732463492
chr2,4,3,19,-0.018540906737537666
chr2,4,4,19,-0.003476341067011516
chr2,4,5,19,-0.10864778741785326
chr2,4,6,19,-0.05217571741790378
chr2,4,7,19,0.02526779924290583
chr2,4,8,19,0.01869394132261106
chr2,4,9,19,0.07496615560478793
chr2,4,10,19,0.0360136028712232
chr2,4,11,19,-0.0010484831585619858
chr2,5,0,19,-0.08456325549989363
chr2,5,1,19,-0.07372979727651058
chr2,5,2,19,0.010381355094033812
chr2,5,3,19,-0.010747742229950855
chr2,5,4,19,0.020655450655198453
chr2,5,5,19,-0.10123819489474165
chr2,5,6,19,-0.03578797908850684
chr2,5,7,19,0.0015984051468264093
chr2,5,8,19,-0.12147512025933963
chr2,5,9,19,-0.04551529017138098
chr2,5,10,19,-0.06475835101947465
chr2,5,11,19,-0.07595466559974447
chr2,6,0,19,-0.04131095412142699
chr2,6,1,19,-0.03372889621483242
chr2,6,2,19,-0.022966072179174096
chr2,6,3,19,0.09360935700826042
chr2,6,4,19,0.02929789761103066
chr2,6,5,19,0.033988333525452843
chr2,6,6,19,0.07291616904075773
chr2,6,7,19,0.048838684982229
chr2,6,8,19,0.041354867597811186
chr2,6,9,19,0.014249911898132192
chr2,6,10,19,0.11170316428096479
chr2,6,11,19,0.020027842145216062
chr2,7,0,19,-0.12021478687360612
chr2,7,1,19,0.07930870963379073
chr2,7,2,19,0.06615305079127773
chr2,7,3,19,0.041368898272996196
chr2,7,4,19,0.11012537055793781
chr2,7,5,19,-0.02020834289344886
chr2,7,6,19,0.1228704529800038
chr2,7,7,19,0.03905487917394944
chr2,7,8,19,0.07536754862956742
chr2,7,9,19,0.06914203310510272
chr2,7,10,19,-0.0920970577804884
chr2,7,11,19,-0.03013346214556528
chr2,8,0,19,-0.0753198710431227
chr2,8,1,19,-1.4193474388877659e-05
chr2,8,2,19,-0.1013816277084591
chr2,8,3,19,0.10828845422025035
chr2,8,4,19,0.04593516720697229
chr2,8,5,19,0.17006231682268935
chr2,8,6,19,-0.08445448081826136
chr2,8,7,19,-0.05160599900163426
chr2,8,8,19,0.007665686269632634
chr2,8,9,19,-0.044592019833182936
chr2,8,10,19,-0.008738249090604283
chr2,8,11,19,-0.03557549070867757
chr2,9,0,19,-0.05362291845555035
chr2,9,1,19,-0.14299827808393364
chr2,9,2,19,-0.24308410686965642
chr2,9,3,19,-0.02987689635220555
chr2,9,4,19,0.04094768514485216
chr2,9,5,19,-0.1805703019771589
chr2,9,6,19,-0.1013311986328592
chr2,9,7,19,-0.06650107637938314
chr2,9,8,19,-0.06983766637645508
chr2,9,9,19,-0.08675193298884336
chr2,9,10,19,-0.10150678811510597
chr2,9,11,19,-0.04734905634531994
chr2,10,0,19,-0.012489932091012953
chr2,10,1,19,0.044997360010707324
chr2,10,2,19,0.015198774258854238
chr2,10,3,19,-0.007204740549625473
chr2,10,4,19,-0.002261294794574999
chr2,10,5,19,0.002306809389130178
chr2,10,6,19,0.013242063668639822
chr2,10,7,19,0.008614256458739297
chr2,10,8,19,-0.07539302945059773
chr2,10,9,19,-0.006251369981413536
chr2,10,10,19,-0.006466808459470922
chr2,10,11,19,-0.012541561452778583
chr2,11,0,19,0.037054077737760385
chr2,11,1,19,0.02515174134573525
chr2,11,2,19,0.020402243944415203
chr2,11,3,19,-0.011102172195229248
chr2,11,4,19,-0.03682904367558759
chr2,11,5,19,-0.06256123167646768
chr2,11,6,19,-0.0399044871514641
chr2,11,7,19,-0.05836795008118889
chr2,11,8,19,0.012580519803236784
chr2,11,9,19,0.07338237155923037
chr2,11,10,19,-0.02493367113143968
chr2,11,11,19,-0.004740880318138294
chr20,0,0,7,0.0408089784099098
chr20,0,1,7,0.1686713366630173
chr20,0,2,7,0.03568367923859207
chr20,0,3,7,0.09479785865273568
chr20,0,4,7,0.07668378836326302
chr20,0,5,7,0.010875812809222948
chr20,0,6,7,0.09037507670478238
chr20,0,7,7,-0.043693179552482045
chr20,0,8,7,0.17271135466988202
chr20,0,9,7,0.022817032392361956
chr20,0,10,7,0.023619303120033155
chr20,0,11,7,0.01752487903933395
chr20,1,0,7,0.20848569399386843
chr20,1,1,7,-0.20442007882883442
chr20,1,2,7,-0.19758458484157884
chr20,1,3,7,-0.09237335364024189
chr20,1,4,7,-0.05041746252358159
chr20,1,5,7,0.030177148072720407
chr20,1,6,7,0.03398945871415109
chr20,1,7,7,-0.15472906191378932
chr20,1,8,7,-0.22465762596543787
chr20,1,9,7,0.14583033673449233
chr20,1,10,7,-0.10793941582582489
chr20,1,11,7,0.0978897718095756
chr20,2,0,7,0.08498386706157164
chr20,2,1,7,-0.18750031747928977
chr20,2,2,7,0.05102832771466526
chr20,2,3,7,0.22797404424647055
chr20,2,4,7,-0.23661997271282495
chr20,2,5,7,0.07297231501325029
chr20,2,6,7,0.02995501139988663
chr20,2,7,7,0.004593370285019057
chr20,2,8,7,-0.01761957399088451
chr20,2,9,7,0.04345518905735037
chr20,2,10,7,0.021260508432338208
chr20,2,11,7,-0.05013842059324826
chr20,3,0,7,-0.09995295698444144
chr20,3,1,7,-0.12715854433312374
chr20,3,2,7,-0.1947726228569959
chr20,3,3,7,-0.40132920921521953
chr20,3,4,7,-0.0670121445176631
chr20,3,5,7,-0.021202917473261893
chr20,3,6,7,-0.04698144617521343
chr20,3,7,7,-0.06763328315346398
chr20,3,8,7,-0.18234829087415613
chr20,3,9,7,0.25705332335793896
chr20,3,10,7,-0.1814932810185075
chr20,3,11,7,0.23488854488052288
chr20,4,0,7,-0.12192502267088486
chr20,4,1,7,-0.1810760548818518
chr20,4,2,7,-0.27378331133330847
chr20,4,3,7,0.19417645498067482
chr20,4,4,7,0.1179995091247829
chr20,4,5,7,-0.05118454141731522
chr20,4,6,7,-0.14272058408673155
chr20,4,7,7,-0.014927943570775917
chr20,4,8,7,-0.03952180268722668
chr20,4,9,7,0.08496472168211953
chr20,4,10,7,-0.0905055018175889
chr20,4,11,7,0.24987336723433515
chr20,5,0,7,0.18060427423253275
chr20,5,1,7,-0.01595347067417329
chr20,5,2,7,-0.12153975770182131
chr20,5,3,7,-0.0634800224111057
chr20,5,4,7,0.08043873478619377
chr20,5,5,7,-0.04369958094171495
chr20,5,6,7,-0.1421983790273278
chr20,5,7,7,0.01786566708230447
chr20,5,8,7,0.04167070801487226
chr20,5,9,7,-0.005117382620754529
chr20,5,10,7,0.39474394334392443
chr20,5,11,7,0.06437590401609909
chr20,6,0,7,-0.060909022490986654
chr20,6,1,7,0.057189656858352596
chr20,6,2,7,-0.06190631507470263
chr20,6,3,7,0.10061725019065716
chr20,6,4,7,-0.0693479221244717
chr20,6,5,7,-0.06907859213672563
chr20,6,6,7,0.0959240237133097
chr20,6,7,7,0.0747910701002803
chr20,6,8,7,-0.014485203389332886
chr20,6,9,7,0.30669459042790026
chr20,6,10,7,-0.17238246179645741
chr20,6,11,7,0.29095892851315774
chr20,7,0,7,0.3523926685851531
chr20,7,1,7,-0.3076077699972439
chr20,7,2,7,-0.11897165231325477
chr20,7,3,7,-0.16762650844107158
chr20,7,4,7,-0.08485713117450706
chr20,7,5,7,0.21903902771420652
chr20,7,6,7,-0.19828750148717264
chr20,7,7,7,-0.12590241566149854
chr20,7,8,7,-0.34071954561758844
chr20,7,9,7,-0.3387876368134101
chr20,7,10,7,0.363974354216176
chr20,7,11,7,-0.023921691072907512
chr20,8,0,7,0.11376832786089437
chr20,8,1,7,-0.1849181659938805
chr20,8,2,7,0.088794697970523
chr20,8,3,7,-0.2437781085953095
chr20,8,4,7,0.17380966428606093
chr20,8,5,7,-0.055099860296304884
chr20,8,6,7,-0.08365636428784311
chr20,8,7,7,-0.1410871943336009
chr20,8,8,7,-0.23850608575088666
chr20,8,9,7,-0.14976301499292402
chr20,8,10,7,-0.1842558623642562
chr20,8,11,7,0.21970431646171468
chr20,9,0,7,-0.3045886154258005
chr20,9,1,7,0.08738602948097994
chr20,9,2,7,0.09222422293352121
chr20,9,3,7,0.11689378594077642
chr20,9,4,7,0.13090527430778598
chr20,9,5,7,-0.1629047766085852
chr20,9,6,7,-0.0320193258453872
chr20,9,7,7,0.0029234809116900906
chr20,9,8,7,-0.15810420540995537
chr20,9,9,7,-0.019645279160086355
chr20,9,10,7,-0.08426912424274616
chr20,9,11,7,-0.22832531787136182
chr20,10,0,7,-0.02493439530024107
chr20,10,1,7,-0.2611604962172402
chr20,10,2,7,0.05492073565316436
chr20,10,3,7,-0.148315111481502
chr20,10,4,7,-0.10065904568856
chr20,10,5,7,-0.008957219225510519
chr20,10,6,7,-0.06266283932177283
chr20,10,7,7,-0.11204623266078076
chr20,10,8,7,0.15376413986766233
chr20,10,9,7,0.11648569928773332
chr20,10,10,7,-0.014026770754117226
chr20,10,11,7,-0.16064929592582056
chr20,11,0,7,0.06736169124266138
chr20,11,1,7,-0.0471076477305008
chr20,11,2,7,0.028274402824814922
chr20,11,3,7,-0.02224283116493746
chr20,11,4,7,-0.07541196169132139
chr20,11,5,7,-0.06354215315873094
chr20,11,6,7,-0.11529094427685542
chr20,11,7,7,-0.0457099481049389
chr20,11,8,7,0.24752527213016834
chr20,11,9,7,-0.05941104786900574
chr20,11,10,7,0.014310061984229202
chr20,11,11,7,0.1497646126902832
chr21,0,0,3,-0.21925014415289448
chr21,0,1,3,0.3592301365242802
chr21,0,2,3,0.005042593004986394
chr21,0,3,3,0.11014421075366371
chr21,0,4,3,-0.12262845187069721
chr21,0,5,3,0.01245041871380849
chr21,0,6,3,0.1303471880093686
chr21,0,7,3,-0.0909615653705486
chr21,0,8,3,-0.17235483810666188
chr21,0,9,3,0.12323062733657326
chr21,0,10,3,0.41937983925116024
chr21,0,11,3,-0.019929510966302345
chr21,1,0,3,0.366779492865603
chr21,1,1,3,-0.5832402868658704
chr21,1,2,3,-0.3408949796415497
chr21,1,3,3,-0.2651599762276465
chr21,1,4,3,-0.06902459207279518
chr21,1,5,3,0.23689064817470082
chr21,1,6,3,-0.09053860712767191
chr21,1,7,3,-0.1655355120361309
chr21,1,8,3,-0.3826885204899903
chr21,1,9,3,-0.6779041672906588
chr21,1,10,3,0.28881457372906866
chr21,1,11,3,0.22748541357112284
chr21,2,0,3,-0.3753231957344961
chr21,2,1,3,-0.39733293286520044
chr21,2,2,3,-0.1985564053954242
chr21,2,3,3,-0.050509332295101426
chr21,2,4,3,-0.32142859796483103
chr21,2,5,3,-0.14876179693864455
chr21,2,6,3,-0.1675965933803174
chr21,2,7,3,-0.5189443271000814
chr21,2,8,3,-0.2955743333156115
chr21,2,9,3,-0.3683198660379127
chr21,2,10,3,-0.2452705854359861
chr21,2,11,3,-0.10197921347331974
chr21,3,0,3,-0.11345934601338736
chr21,3,1,3,0.04639492581433494
chr21,3,2,3,-0.025655283588965034
chr21,3,3,3,-0.3357299051650456
chr21,3,4,3,-0.2278288519298294
chr21,3,5,3,0.20170710605063236
chr21,3,6,3,-0.2880446944055898
chr21,3,7,3,0.020943365521611496
chr21,3,8,3,0.018058965120714105
chr21,3,9,3,0.4115504866344179
chr21,3,10,3,-0.23761067560297944
chr21,3,11,3,0.4338310149668481
chr21,4,0,3,-0.34884733076410285
chr21,4,1,3,-0.3199529491784678
chr21,4,2,3,-0.303765677944749
chr21,4,3,3,0.28798601220610853
chr21,4,4,3,-0.052399388290129106
chr21,4,5,3,-0.02511877898414422
chr21,4,6,3,-0.12608897141717496
chr21,4,7,3,0.2948316783000733
chr21,4,8,3,0.13568683910339327
chr21,4,9,3,0.15177403865116576
chr21,4,10,3,0.22909614960143668
chr21,4,11,3,0.3474793062662713
chr21,5,0,3,0.2559157170035981
chr21,5,1,3,-0.0004152215751447678
chr21,5,2,3,-0.18385999131627365
chr21,5,3,3,0.05209275293542185
chr21,5,4,3,0.1805100890734459
chr21,5,5,3,0.16852135490043585
chr21,5,6,3,-0.17154240117268113
chr21,5,7,3,0.18033339969268194
chr21,5,8,3,0.09211048552638594
chr21,5,9,3,0.06329692790312462
chr21,5,10,3,0.6268440074264784
chr21,5,11,3,0.07100218711520129
chr21,6,0,3,0.15272158758966178
chr21,6,1,3,0.09634378113008557
chr21,6,2,3,0.44471712969918015
chr21,6,3,3,0.2941206481374021
chr21,6,4,3,0.3015391161926817
chr21,6,5,3,0.168382099579216
chr21,6,6,3,-0.03127324579499696
chr21,6,7,3,0.025969643274321202
chr21,6,8,3,0.15808169628655402
chr21,6,9,3,0.6657098333034694
chr21,6,10,3,0.05881079636483074
chr21,6,11,3,0.7088930153763013
chr21,7,0,3,0.559917790756752
chr21,7,1,3,-0.5312525036159789
chr21,7,2,3,-0.034700388251104684
chr21,7,3,3,-0.5871506526292408
chr21,7,4,3,-0.16710915895916392
chr21,7,5,3,0.09623775090642733
chr21,7,6,3,0.23415331429057162
chr21,7,7,3,0.1714745802390442
chr21,7,8,3,-0.5391234927041667
chr21,7,9,3,-0.5419695679998507
chr21,7,10,3,0.5250716058753323
chr21,7,11,3,-0.47796931389336766
chr21,8,0,3,0.19944212511043694
chr21,8,1,3,-0.00763211455420119
chr21,8,2,3,0.18595214089120402
chr21,8,3,3,0.025929870186225074
chr21,8,4,3,0.2554599669166398
chr21,8,5,3,0.33238286425531766
chr21,8,6,3,-0.26893714753376713
chr21,8,7,3,0.01454463848204939
chr21,8,8,3,0.11596884037033812
chr21,8,9,3,0.11072738054771729
chr21,8,10,3,-0.15586169113648027
chr21,8,11,3,0.49324479925069026
chr21,9,0,3,-0.3479123500000731
chr21,9,1,3,0.0833303574163186
chr21,9,2,3,0.49876267899982235
chr21,9,3,3,0.26467103570808925
chr21,9,4,3,-0.2725237966188174
chr21,9,5,3,-0.12122140590775883
chr21,9,6,3,-0.14702933162311627
chr21,9,7,3,0.1089754662471251
chr21,9,8,3,0.11749144044203204
chr21,9,9,3,0.22379662561703925
chr21,9,10,3,-0.1280935269094566
chr21,9,11,3,0.09626427605846131
chr21,10,0,3,-0.027105778399498865
chr21,10,1,3,-0.0898306819058941
chr21,10,2,3,0.41590216579645983
chr21,10,3,3,0.31460817409634423
chr21,10,4,3,0.36279787598554813
chr21,10,5,3,0.37463999612003657
chr21,10,6,3,-0.03943506219392301
chr21,10,7,3,-0.2546306315355624
chr21,10,8,3,0.33220921779631807
chr21,10,9,3,0.3194371118034009
chr21,10,10,3,-0.05284884786273706
chr21,10,11,3,-0.10723857380995583
chr21,11,0,3,0.13434482665393607
chr21,11,1,3,-0.16471346749223328
chr21,11,2,3,0.2104540948411634
chr21,11,3,3,0.3137900170851237
chr21,11,4,3,0.6484703638548321
chr21,11,5,3,0.02556721637149778
chr21,11,6,3,0.029920879637889992
chr21,11,7,3,0.4739148549415764
chr21,11,8,3,-0.17238224644470238
chr21,11,9,3,0.050489455583746956
chr21,11,10,3,0.11618474848553799
chr21,11,11,3,0.21424543854974587
chr22,0,0,5,0.0557607901002539
chr22,0,1,5,-0.16501199328908403
chr22,0,2,5,-0.019236223273268516
chr22,0,3,5,-0.10033827144733092
chr22,0,4,5,-0.13288458427356287
chr22,0,5,5,0.008844290227407306
chr22,0,6,5,-0.010379851311842792
chr22,0,7,5,-0.09798083592556164
chr22,0,8,5,-0.023041689441560813
chr22,0,9,5,-0.005885017134587023
chr22,0,10,5,-0.10146704731866947
chr22,0,11,5,0.04375424895530526
chr22,1,0,5,0.03656607828018012
chr22,1,1,5,-0.10141512598026689
chr22,1,2,5,-0.09151089960431757
chr22,1,3,5,-0.09599914426889183
chr22,1,4,5,-0.16295627745259714
chr22,1,5,5,-0.017195541773496005
chr22,1,6,5,-0.31407936586567303
chr22,1,7,5,-0.2869096670557757
chr22,1,8,5,-0.09094975395459948
chr22,1,9,5,-0.11096879412608054
chr22,1,10,5,-0.17152523197385988
chr22,1,11,5,0.05887311617875266
chr22,2,0,5,0.14785649061408832
chr22,2,1,5,0.06167973046371696
chr22,2,2,5,-0.059662052390673605
chr22,2,3,5,-0.000452379979400358
chr22,2,4,5,0.07647745970116367
chr22,2,5,5,-0.019813331502563047
chr22,2,6,5,0.16711950639623216
chr22,2,7,5,-0.09454516125646326
chr22,2,8,5,-0.03321099153535523
chr22,2,9,5,0.10180250962525839
chr22,2,10,5,0.12105261478256468
chr22,2,11,5,0.03764951471035567
chr22,3,0,5,0.13211608349625284
chr22,3,1,5,0.18449599594481084
chr22,3,2,5,0.015220313173059885
chr22,3,3,5,-0.12547966525308968
chr22,3,4,5,0.021024972538158583
chr22,3,5,5,0.1662414525697939
chr22,3,6,5,0.09183299440934448
chr22,3,7,5,0.05694312456342674
chr22,3,8,5,0.06939552393880047
chr22,3,9,5,0.17122011690878344
chr22,3,10,5,0.0531520087092124
chr22,3,11,5,0.19893191142007352
chr22,4,0,5,-0.034188294320634846
chr22,4,1,5,0.08421820961542173
chr22,4,2,5,-0.037729091682011516
chr22,4,3,5,0.16236776812163378
chr22,4,4,5,-0.048929685961518074
chr22,4,5,5,-0.06515053964899256
chr22,4,6,5,0.011119047841824492
chr22,4,7,5,0.12084006410914436
chr22,4,8,5,-0.03809903558644842
chr22,4,9,5,0.023842134436017726
chr22,4,10,5,0.24181464741174952
chr22,4,11,5,0.14731451264309853
chr22,5,0,5,-0.015252050486068569
chr22,5,1,5,0.1269940508188596
chr22,5,2,5,0.01268041331553178
chr22,5,3,5,0.21936249815075676
chr22,5,4,5,0.2953622907246614
chr22,5,5,5,0.11342662730447688
chr22,5,6,5,0.35105444913337375
chr22,5,7,5,0.21404931916185924
chr22,5,8,5,0.1187092846910804
chr22,5,9,5,0.09222998038283509
chr22,5,10,5,0.07595466790380145
chr22,5,11,5,0.13531850593632871
chr22,6,0,5,-0.09059629698998725
chr22,6,1,5,0.10451936019850565
chr22,6,2,5,-0.08468842566259879
chr22,6,3,5,-0.03911779200698954
chr22,6,4,5,0.1358684790663839
chr22,6,5,5,-0.050434740990141044
chr22,6,6,5,-0.03335618134101166
chr22,6,7,5,-0.04888645636084525
chr22,6,8,5,-0.06514101677680859
chr22,6,9,5,-0.03284592854553833
chr22,6,10,5,-0.016326604918706696
chr22,6,11,5,-0.08408828997140647
chr22,7,0,5,0.07992341778199674
chr22,7,1,5,-0.09527563138664073
chr22,7,2,5,-0.19689433824040395
chr22,7,3,5,-0.12328789099485724
chr22,7,4,5,-0.10944686064571958
chr22,7,5,5,-0.06848929668361871
chr22,7,6,5,-0.20448154522753956
chr22,7,7,5,-0.1037130945092432
chr22,7,8,5,-0.08541087220131757
chr22,7,9,5,-0.11040625960790167
chr22,7,10,5,0.037806146781772854
chr22,7,11,5,-0.12276542749543813
chr22,8,0,5,-0.14896474430392045
chr22,8,1,5,-0.2203739279758527
chr22,8,2,5,-0.20130646840704064
chr22,8,3,5,-0.04267381208316259
chr22,8,4,5,0.07487305437643006
chr22,8,5,5,-0.15266981846798905
chr22,8,6,5,-0.03659089976147093
chr22,8,7,5,-0.14424932436262997
chr22,8,8,5,-0.3594660608803347
chr22,8,9,5,-0.3278039340816667
chr22,8,10,5,-0.1336511351741989
chr22,8,11,5,0.017710613888409443
chr22,9,0,5,-0.17551137272659756
chr22,9,1,5,-0.08480314345579391
chr22,9,2,5,-0.12077709842849327
chr22,9,3,5,0.12727787036217073
chr22,9,4,5,0.06430404570554578
chr22,9,5,5,0.06752600903784674
chr22,9,6,5,0.026322717010967465
chr22,9,7,5,0.1157042168659286
chr22,9,8,5,-0.42040321528688623
chr22,9,9,5,-0.20668047357288102
chr22,9,10,5,-0.43498048784906984
chr22,9,11,5,-0.06964453837831544
chr22,10,0,5,-0.06192889881107849
chr22,10,1,5,-0.3154433104708817
chr22,10,2,5,-0.14655315610985511
chr22,10,3,5,-0.20174582392497803
chr22,10,4,5,-0.11381860899870713
chr22,10,5,5,-0.04802958777238635
chr22,10,6,5,0.052257805513037825
chr22,10,7,5,-0.08470328472469194
chr22,10,8,5,-0.008417619440730117
chr22,10,9,5,-0.08612797989936376
chr22,10,10,5,-0.05400322657099125
chr22,10,11,5,-0.08693843754237275
chr22,11,0,5,0.15911978763831386
chr22,11,1,5,-0.011518736673871922
chr22,11,2,5,-0.09164816623420265
chr22,11,3,5,0.07502928457606142
chr22,11,4,5,0.12333291821233523
chr22,11,5,5,0.05904329815828824
chr22,11,6,5,-0.1211103157839705
chr22,11,7,5,-0.1472719178437481
chr22,11,8,5,0.18094960658386885
chr22,11,9,5,0.05176684576173507
chr22,11,10,5,-0.07690686776255043
chr22,11,11,5,-0.16456887068218531
chr3,0,0,23,-0.009832231304101435
chr3,0,1,23,0.034155233853081404
chr3,0,2,23,0.02717801745108081
chr3,0,3,23,0.029983612348326534
chr3,0,4,23,0.05347372321930102
chr3,0,5,23,-0.08691815000668944
chr3,0,6,23,-0.13277135595400757
chr3,0,7,23,0.05897918244907811
chr3,0,8,23,0.059060104515229965
chr3,0,9,23,0.16318612381589465
chr3,0,10,23,0.014707370481022362
chr3,0,11,23,-0.059284938705470046
chr3,1,0,23,0.06487882426904852
chr3,1,1,23,-0.09806946110958457
chr3,1,2,23,-0.10257601779156278
chr3,1,3,23,-0.07978391814320114
chr3,1,4,23,-0.023282365327861126
chr3,1,5,23,-0.08140793183257283
chr3,1,6,23,-0.09596972230803348
chr3,1,7,23,-0.08321935927975964
chr3,1,8,23,-0.07227918716889797
chr3,1,9,23,0.04981780353225847
chr3,1,10,23,0.05366249086736589
chr3,1,11,23,0.05066440121353964
chr3,2,0,23,0.0006247229718223765
chr3,2,1,23,-0.03246012814996802
chr3,2,2,23,0.0541591870553057
chr3,2,3,23,-0.05555144380156519
chr3,2,4,23,-0.04537703905097216
chr3,2,5,23,-0.06285016556952333
chr3,2,6,23,0.07231774276037373
chr3,2,7,23,-0.10970942557447103
chr3,2,8,23,-0.027263546851836677
chr3,2,9,23,-0.06625658537112523
chr3,2,10,23,0.03280936193921755
chr3,2,11,23,-0.03320479823332692
chr3,3,0,23,-0.011861154555106487
chr3,3,1,23,0.0011643308143110868
chr3,3,2,23,0.05125902286165493
chr3,3,3,23,-0.041381418343202504
chr3,3,4,23,-0.07147083962082154
chr3,3,5,23,0.13448721339733916
chr3,3,6,23,0.03864684782232255
chr3,3,7,23,0.1006667749855587
chr3,3,8,23,0.004315499242140188
chr3,3,9,23,0.12660367982498907
chr3,3,10,23,-0.029063611209792076
chr3,3,11,23,0.18036853078755644
chr3,4,0,23,-0.13307929256775983
chr3,4,1,23,-0.17204167822439734
chr3,4,2,23,-0.14371554232455172
chr3,4,3,23,0.0987321284860365
chr3,4,4,23,-0.04795948569003306
chr3,4,5,23,-0.040017261020283704
chr3,4,6,23,0.056568546820070925
chr3,4,7,23,0.06066770756517741
chr3,4,8,23,0.04653115249259967
chr3,4,9,23,0.10439888452404301
chr3,4,10,23,-0.01135355162646553
chr3,4,11,23,0.06597868057031986
chr3,5,0,23,-0.041027050513366504
chr3,5,1,23,-0.08148685343488232
chr3,5,2,23,-0.1396592664171953
chr3,5,3,23,-0.032005046441270994
chr3,5,4,23,-0.01880426723708431
chr3,5,5,23,0.01611196406933401
chr3,5,6,23,0.043040814504074466
chr3,5,7,23,-0.01024607123767789
chr3,5,8,23,-0.14012309404891574
chr3,5,9,23,0.026915144405284187
chr3,5,10,23,0.0935704393872719
chr3,5,11,23,0.032095566759494355
chr3,6,0,23,-0.1442203068738
chr3,6,1,23,-0.032630858838336774
chr3,6,2,23,-0.050341804677188955
chr3,6,3,23,0.020556629935350873
chr3,6,4,23,0.00241635906764211
chr3,6,5,23,0.03014614171089833
chr3,6,6,23,-0.042171545892313714
chr3,6,7,23,0.0550594274495313
chr3,6,8,23,-0.036701314380609355
chr3,6,9,23,0.13604562946775495
chr3,6,10,23,-0.12920203905749336
chr3,6,11,23,0.1755706653411137
chr3,7,0,23,0.13998932133298772
chr3,7,1,23,-0.16833331579973523
chr3,7,2,23,-0.057804613405613645
chr3,7,3,23,-0.148856446648218
chr3,7,4,23,0.07688375618350295
chr3,7,5,23,-0.08736443146532355
chr3,7,6,23,0.09198593459308195
chr3,7,7,23,-0.055644485478543566
chr3,7,8,23,-0.15098878677656594
chr3,7,9,23,-0.15219158933009297
chr3,7,10,23,0.12049870663335355
chr3,7,11,23,-0.07058511225665001
chr3,8,0,23,0.019168352871765205
chr3,8,1,23,-0.12269552642754682
chr3,8,2,23,0.08296640525388108
chr3,8,3,23,0.04877180727293575
chr3,8,4,23,0.02467892560464707
chr3,8,5,23,0.02326942058269956
chr3,8,6,23,-0.10434949423990796
chr3,8,7,23,-2.0587576468283185e-05
chr3,8,8,23,-0.05649706723968483
chr3,8,9,23,0.008041184191974348
chr3,8,10,23,-0.052116338192285984
chr3,8,11,23,0.14725448951575396
chr3,9,0,23,-0.08876719725159798
chr3,9,1,23,-0.0693575790497569
chr3,9,2,23,0.03375803452495305
chr3,9,3,23,-0.02065943721197389
chr3,9,4,23,0.055842584697958324
chr3,9,5,23,-0.06879460548166859
chr3,9,6,23,0.10379205411623794
chr3,9,7,23,-0.014364429944478537
chr3,9,8,23,-0.09084872729824321
chr3,9,9,23,-0.14613252597995477
chr3,9,10,23,-0.0882436046632297
chr3,9,11,23,-0.053282551916258025
chr3,10,0,23,0.13490946390807143
chr3,10,1,23,-0.10922220192901794
chr3,10,2,23,0.07055860573777929
chr3,10,3,23,0.07063255737530173
chr3,10,4,23,0.0365000652466593
chr3,10,5,23,-0.09902854959165515
chr3,10,6,23,0.11965753274123736
chr3,10,7,23,0.07133633911388372
chr3,10,8,23,-0.0587968755368544
chr3,10,9,23,-0.059943240582127875
chr3,10,10,23,-0.035565948429628215
chr3,10,11,23,-0.08294006989168067
chr3,11,0,23,0.0611934034531842
chr3,11,1,23,0.06191223579528716
chr3,11,2,23,-0.026965687045931445
chr3,11,3,23,-0.007481248776002293
chr3,11,4,23,0.08711390049032561
chr3,11,5,23,-0.024595286283811024
chr3,11,6,23,-0.0027697539247318664
chr3,11,7,23,-0.01182182318992703
chr3,11,8,23,0.02664528419287703
chr3,11,9,23,0.03190292817390405
chr3,11,10,23,-0.07336350882129498
chr3,11,11,23,-0.013255280661110121
chr4,0,0,13,-0.016820512889842095
chr4,0,1,13,0.10688756719797084
chr4,0,2,13,0.0971107552479677
chr4,0,3,13,0.3248426707899273
chr4,0,4,13,0.3855808619182912
chr4,0,5,13,0.11868545037103077
chr4,0,6,13,0.04966436091542524
chr4,0,7,13,0.06853512290174432
chr4,0,8,13,0.2840873248452608
chr4,0,9,13,0.09745360610645538
chr4,0,10,13,0.20506764894968
chr4,0,11,13,0.15735721692727808
chr4,1,0,13,0.04743087285289926
chr4,1,1,13,0.1529767927754828
chr4,1,2,13,-0.0014669221219361292
chr4,1,3,13,0.08864944419703853
chr4,1,4,13,0.0459695786991045
chr4,1,5,13,0.010268482730539912
chr4,1,6,13,-0.059710489526216604
chr4,1,7,13,-0.14709658834286155
chr4,1,8,13,-0.06280704715244553
chr4,1,9,13,0.16496662480960092
chr4,1,10,13,0.0034928598923655335
chr4,1,11,13,0.11217983693223338
chr4,2,0,13,0.22697319800700835
chr4,2,1,13,0.05282759327249787
chr4,2,2,13,0.039920744432443395
chr4,2,3,13,-0.07336254890271691
chr4,2,4,13,-0.02735137719966855
chr4,2,5,13,-0.03386171616495877
chr4,2,6,13,0.01695268067828876
chr4,2,7,13,-0.009659291436098517
chr4,2,8,13,0.12298947632355343
chr4,2,9,13,0.024311566965517
chr4,2,10,13,0.04028833551324086
chr4,2,11,13,0.07085635904583518
chr4,3,0,13,0.16589346417522377
chr4,3,1,13,0.27997252136829426
chr4,3,2,13,0.11889714798501795
chr4,3,3,13,-0.040604976109492395
chr4,3,4,13,-0.056562007641115415
chr4,3,5,13,0.19550987453143442
chr4,3,6,13,0.18611148654666343
chr4,3,7,13,0.1104644186573702
chr4,3,8,13,0.1772913246012694
chr4,3,9,13,0.1871270285183734
chr4,3,10,13,-0.020072861923462595
chr4,3,11,13,0.18121904001729747
chr4,4,0,13,-0.030265388896533067
chr4,4,1,13,-0.08320835586394602
chr4,4,2,13,-0.052534851716165905
chr4,4,3,13,0.05715100401715013
chr4,4,4,13,-0.05678119608457983
chr4,4,5,13,0.035920752213523095
chr4,4,6,13,0.2506225457514485
chr4,4,7,13,0.06596387468142248
chr4,4,8,13,0.030166518981840085
chr4,4,9,13,0.04558239747536033
chr4,4,10,13,0.10976297474185463
chr4,4,11,13,0.11049346030197037
chr4,5,0,13,-0.14143753336585557
chr4,5,1,13,0.10029542580265613
chr4,5,2,13,-0.10064619967037736
chr4,5,3,13,0.1734386809285567
chr4,5,4,13,0.11616287095614412
chr4,5,5,13,-0.08990067093928542
chr4,5,6,13,0.21231619824875636
chr4,5,7,13,0.14074261337200228
chr4,5,8,13,-0.000728575990504508
chr4,5,9,13,0.16136979457521994
chr4,5,10,13,0.18965680207764518
chr4,5,11,13,0.011890864486335704
chr4,6,0,13,-0.04342677642929748
chr4,6,1,13,0.10507169813547959
chr4,6,2,13,0.2873018477282877
chr4,6,3,13,0.19715327366489607
chr4,6,4,13,0.10568817832600878
chr4,6,5,13,0.16501791155730697
chr4,6,6,13,-0.025037346614872166
chr4,6,7,13,0.19068724866246597
chr4,6,8,13,0.2665801009305104
chr4,6,9,13,0.1424877510011872
chr4,6,10,13,0.09882050474817036
chr4,6,11,13,0.1703303500982722
chr4,7,0,13,0.12554740980890974
chr4,7,1,13,-0.09635498212048385
chr4,7,2,13,-0.0201300658696415
chr4,7,3,13,0.021802657170111574
chr4,7,4,13,0.0732237404408206
chr4,7,5,13,0.09420657563402127
chr4,7,6,13,0.12084249765212202
chr4,7,7,13,0.14106020317185103
chr4,7,8,13,-0.09551376626116845
chr4,7,9,13,-0.0973043880376267
chr4,7,10,13,0.14891254850284577
chr4,7,11,13,0.10755404298439174
chr4,8,0,13,0.2629931502862945
chr4,8,1,13,-0.18509468360434506
chr4,8,2,13,0.3010339941026295
chr4,8,3,13,0.10403733121623215
chr4,8,4,13,0.12673214538643263
chr4,8,5,13,0.2584397177943601
chr4,8,6,13,-0.14953133673053218
chr4,8,7,13,0.1635732200044896
chr4,8,8,13,-0.1362837323370628
chr4,8,9,13,0.189832014220397
chr4,8,10,13,-0.1939563316573869
chr4,8,11,13,0.2540352774996991
chr4,9,0,13,-0.018360909544491707
chr4,9,1,13,-0.1117901308290014
chr4,9,2,13,-0.009558277569584503
chr4,9,3,13,0.05309595480289402
chr4,9,4,13,0.2504356933115773
chr4,9,5,13,0.04222741986184516
chr4,9,6,13,0.33077168321884537
chr4,9,7,13,0.06674322463831547
chr4,9,8,13,-0.09544880628799426
chr4,9,9,13,-0.2873101833407962
chr4,9,10,13,-0.24322840206349927
chr4,9,11,13,0.131365397205934
chr4,10,0,13,0.013336737984158166
chr4,10,1,13,-0.081308485007834
chr4,10,2,13,-0.07120290652331143
chr4,10,3,13,0.027637193136801828
chr4,10,4,13,0.15135018374735185
chr4,10,5,13,-0.04265225355666344
chr4,10,6,13,0.27440513341918016
chr4,10,7,13,0.21321105243444063
chr4,10,8,13,-0.19863688582076774
chr4,10,9,13,-0.2168272247478566
chr4,10,10,13,0.3137881005193902
chr4,10,11,13,-0.05840349969784091
chr4,11,0,13,-0.07518117323981875
chr4,11,1,13,-0.16126917944598967
chr4,11,2,13,-0.26270881385916645
chr4,11,3,13,0.09622321353189947
chr4,11,4,13,-0.10158891153137158
chr4,11,5,13,0.028463153730903835
chr4,11,6,13,0.12601868224542437
chr4,11,7,13,0.10652316028770738
chr4,11,8,13,0.08136290407831098
chr4,11,9,13,-0.032761304635161144
chr4,11,10,13,-0.05880375653291333
chr4,11,11,13,-0.11044010571066012
chr5,0,0,12,0.009514966832437263
chr5,0,1,12,-0.045814424309383504
chr5,0,2,12,0.0002425881495436502
chr5,0,3,12,-0.1293353783087263
chr5,0,4,12,-0.0981729820565093
chr5,0,5,12,0.09189868817434603
chr5,0,6,12,0.07488024404312878
chr5,0,7,12,-0.09401142065976738
chr5,0,8,12,-0.12138233112675197
chr5,0,9,12,-0.0471186370049367
chr5,0,10,12,-0.14016120354507947
chr5,0,11,12,0.04523796015623879
chr5,1,0,12,0.0786060606926352
chr5,1,1,12,-0.03639248256365455
chr5,1,2,12,-0.04279891762499821
chr5,1,3,12,0.0062663195015565665
chr5,1,4,12,-0.07150580976385822
chr5,1,5,12,-0.04464548791301781
chr5,1,6,12,-0.14083425640624583
chr5,1,7,12,0.02817844433890626
chr5,1,8,12,-0.04642230246833299
chr5,1,9,12,0.091874120148052
chr5,1,10,12,0.06452663286866774
chr5,1,11,12,0.08672716785629268
chr5,2,0,12,0.0075620256265073365
chr5,2,1,12,-0.0010725344868711035
chr5,2,2,12,0.0745026826311384
chr5,2,3,12,0.008427164795302372
chr5,2,4,12,0.004879038859675506
chr5,2,5,12,0.08483704313845138
chr5,2,6,12,0.0021458074610766604
chr5,2,7,12,0.019315355049899226
chr5,2,8,12,-0.006040090712825907
chr5,2,9,12,0.002026111980126123
chr5,2,10,12,0.01920259011032698
chr5,2,11,12,0.17041648939479084
chr5,3,0,12,0.06762570019280278
chr5,3,1,12,-0.014082288420660977
chr5,3,2,12,-0.17797876304786872
chr5,3,3,12,-0.008982093090297988
chr5,3,4,12,0.030936630328991178
chr5,3,5,12,0.07015827015245543
chr5,3,6,12,-0.04454847764295378
chr5,3,7,12,-0.0826896977245265
chr5,3,8,12,-0.06704622715477704
chr5,3,9,12,-0.12721079271675684
chr5,3,10,12,0.14864989318035374
chr5,3,11,12,-0.03100059272349982
chr5,4,0,12,0.12004194250383494
chr5,4,1,12,0.1388908629028526
chr5,4,2,12,0.17180301757361896
chr5,4,3,12,-0.01557304214393108
chr5,4,4,12,-0.006006999082215784
chr5,4,5,12,-0.02877297823762712
chr5,4,6,12,0.04933224388364796
chr5,4,7,12,0.12204091434833057
chr5,4,8,12,-0.023239874126942922
chr5,4,9,12,0.06161847842630167
chr5,4,10,12,0.09663045341193921
chr5,4,11,12,-0.06188111958948204
chr5,5,0,12,0.018607049105541576
chr5,5,1,12,-0.00680933527326906
chr5,5,2,12,0.06882916183499467
chr5,5,3,12,-0.007690939300604475
chr5,5,4,12,0.012727173969111818
chr5,5,5,12,-0.05377954988474407
chr5,5,6,12,0.005645399429533099
chr5,5,7,12,-0.13054680219149176
chr5,5,8,12,-0.016188964279417618
chr5,5,9,12,0.11663078113788065
chr5,5,10,12,-0.09500859870397908
chr5,5,11,12,-0.0025071235275211518
chr5,6,0,12,-0.04057993802992266
chr5,6,1,12,-0.1855160180249288
chr5,6,2,12,-0.02656229463517899
chr5,6,3,12,0.0016558222518226289
chr5,6,4,12,-0.07067832580545795
chr5,6,5,12,0.001710955409654269
chr5,6,6,12,0.11499798007116495
chr5,6,7,12,0.06584305933524524
chr5,6,8,12,-0.03538874861875583
chr5,6,9,12,-0.02369911861530964
chr5,6,10,12,-0.059248310372920075
chr5,6,11,12,-0.03303931978933872
chr5,7,0,12,-0.012207696475287957
chr5,7,1,12,0.040089238754174826
chr5,7,2,12,0.009090973290830423
chr5,7,3,12,0.09434906123781706
chr5,7,4,12,0.04935696180077188
chr5,7,5,12,0.17835268482019603
chr5,7,6,12,-0.14337842633702436
chr5,7,7,12,0.06312306292075932
chr5,7,8,12,0.021907258629276078
chr5,7,9,12,0.030925454331999724
chr5,7,10,12,-0.00233233606160226
chr5,7,11,12,0.0557579547851243
chr5,8,0,12,0.14799328759524366
chr5,8,1,12,0.01981097731234357
chr5,8,2,12,0.1628506607484542
chr5,8,3,12,-0.30303727163107214
chr5,8,4,12,-0.04486023280055234
chr5,8,5,12,-0.021991944044656625
chr5,8,6,12,-0.1835380855150434
chr5,8,7,12,0.01003243163764742
chr5,8,8,12,0.051348537012792024
chr5,8,9,12,0.15136746214784827
chr5,8,10,12,0.059219124225656276
chr5,8,11,12,-0.1184339208607253
chr5,9,0,12,0.02588326180238462
chr5,9,1,12,0.13873933548060982
chr5,9,2,12,0.1166560202196848
chr5,9,3,12,0.0018210884508232013
chr5,9,4,12,-0.04380422448372278
chr5,9,5,12,-0.17307973284708558
chr5,9,6,12,-0.08782647516986115
chr5,9,7,12,-0.10419528244720454
chr5,9,8,12,0.10411977349873143
chr5,9,9,12,0.1311045962913315
chr5,9,10,12,0.1300776080092124
chr5,9,11,12,-0.14440475228967606
chr5,10,0,12,0.0014945929191908236
chr5,10,1,12,-0.029969565187361102
chr5,10,2,12,-0.14809518004409666
chr5,10,3,12,-0.1070205433463522
chr5,10,4,12,-0.12372612586452418
chr5,10,5,12,-0.036676800495602534
chr5,10,6,12,-0.12266217370559844
chr5,10,7,12,0.015020194698784739
chr5,10,8,12,0.07359564853987464
chr5,10,9,12,-0.04143709014057965
chr5,10,10,12,0.0046741964987855045
chr5,10,11,12,-0.06699209349566886
chr5,11,0,12,0.09216245441555071
chr5,11,1,12,-0.010472806164619005
chr5,11,2,12,0.030190168453928842
chr5,11,3,12,-0.04986064223963758
chr5,11,4,12,-0.06677038619019193
chr5,11,5,12,-0.16543623206492247
chr5,11,6,12,-0.06946642729808704
chr5,11,7,12,-0.1595192455183899
chr5,11,8,12,0.0013554945974023948
chr5,11,9,12,-0.06492986722764627
chr5,11,10,12,-0.039961400247119166
chr5,11,11,12,0.02582684607340702
chr6,0,0,17,-0.06295416137798371
chr6,0,1,17,-0.044575610912551106
chr6,0,2,17,-0.028331517102231963
chr6,0,3,17,-0.05936332615832673
chr6,0,4,17,-0.08223861557913965
chr6,0,5,17,0.032757479659943516
chr6,0,6,17,0.05868301591204092
chr6,0,7,17,-0.04650207775798344
chr6,0,8,17,-0.15135959954521733
chr6,0,9,17,-0.11637724986589593
chr6,0,10,17,-0.025912649097356185
chr6,0,11,17,0.020103188622978604
chr6,1,0,17,0.22904849716844064
chr6,1,1,17,-0.1622475340785333
chr6,1,2,17,-0.1923778703507383
chr6,1,3,17,-0.12846248394776766
chr6,1,4,17,-0.08379343666383639
chr6,1,5,17,-0.01589593137350743
chr6,1,6,17,-0.07293577382115375
chr6,1,7,17,-0.03487361022814081
chr6,1,8,17,-0.2798545814459671
chr6,1,9,17,-0.07267759769350916
chr6,1,10,17,0.16731344301815534
chr6,1,11,17,0.1936970866935654
chr6,2,0,17,0.07843898902954198
chr6,2,1,17,0.10358543595098249
chr6,2,2,17,-0.061064420190755815
chr6,2,3,17,0.14392302298404225
chr6,2,4,17,-0.07891660970206402
chr6,2,5,17,0.00957716193713422
chr6,2,6,17,0.08625225608216573
chr6,2,7,17,0.034156609739363096
chr6,2,8,17,-0.009345901409804335
chr6,2,9,17,0.006098062182494727
chr6,2,10,17,0.08194176688319407
chr6,2,11,17,-0.09041033997737859
chr6,3,0,17,0.05902893443209765
chr6,3,1,17,0.10093192361970085
chr6,3,2,17,-0.04938194037408399
chr6,3,3,17,-0.24968683786088283
chr6,3,4,17,-0.1546708882939838
chr6,3,5,17,0.08650121896288496
chr6,3,6,17,0.10382914965616495
chr6,3,7,17,0.1680158401532733
chr6,3,8,17,0.06012716403427974
chr6,3,9,17,0.4165575474393042
chr6,3,10,17,-0.1501163301118828
chr6,3,11,17,0.33236448505022526
chr6,4,0,17,-0.07094686030307795
chr6,4,1,17,-0.12620131768911036
chr6,4,2,17,-0.1984162635875444
chr6,4,3,17,0.2738592071751608
chr6,4,4,17,0.05941034183510072
chr6,4,5,17,-0.036572787130237726
chr6,4,6,17,0.07838102719970344
chr6,4,7,17,0.12866419746822846
chr6,4,8,17,0.18104839208266063
chr6,4,9,17,0.15768382211281776
chr6,4,10,17,0.12200246114935519
chr6,4,11,17,0.33832459345788973
chr6,5,0,17,-0.09543766942551003
chr6,5,1,17,0.12389243372986325
chr6,5,2,17,-0.2374167262374429
chr6,5,3,17,0.11620867664220623
chr6,5,4,17,0.05801811495303336
chr6,5,5,17,0.06207422469179648
chr6,5,6,17,0.1308438014260539
chr6,5,7,17,0.2311470868108407
chr6,5,8,17,0.04102287863284026
chr6,5,9,17,0.052517215510656794
chr6,5,10,17,0.28373198828085217
chr6,5,11,17,0.058706315045818414
chr6,6,0,17,-0.23281469487659487
chr6,6,1,17,0.23728236566885408
chr6,6,2,17,0.11228042183118399
chr6,6,3,17,0.0737871214351666
chr6,6,4,17,0.019799841090107136
chr6,6,5,17,0.007980062230988082
chr6,6,6,17,-0.1386675686453619
chr6,6,7,17,0.12412468469041231
chr6,6,8,17,0.04451017836680776
chr6,6,9,17,0.25826250150259006
chr6,6,10,17,-0.21393060265970934
chr6,6,11,17,0.3261859938322146
chr6,7,0,17,0.3448047827364353
chr6,7,1,17,-0.302609837584382
chr6,7,2,17,-0.15210860077031785
chr6,7,3,17,-0.27812850632585073
chr6,7,4,17,-0.12328291137683065
chr6,7,5,17,0.1375128754498894
chr6,7,6,17,-0.17633359001157325
chr6,7,7,17,-0.09629838029267923
chr6,7,8,17,-0.3338258824099545
chr6,7,9,17,-0.3279153395464132
chr6,7,10,17,0.3309437885719671
chr6,7,11,17,0.02333175965584292
chr6,8,0,17,-0.05299120594616104
chr6,8,1,17,-0.27217400519163654
chr6,8,2,17,-0.1444729526035488
chr6,8,3,17,0.03954930064025278
chr6,8,4,17,0.17584449468466418
chr6,8,5,17,0.11873212211765197
chr6,8,6,17,0.04703289893745142
chr6,8,7,17,0.024668971890960328
chr6,8,8,17,-0.3363195628119608
chr6,8,9,17,-0.3725460661708585
chr6,8,10,17,-0.2874605329991277
chr6,8,11,17,0.27571026770873486
chr6,9,0,17,-0.2817074518687434
chr6,9,1,17,-0.04716027992331918
chr6,9,2,17,0.047234166332025054
chr6,9,3,17,0.22609051360665877
chr6,9,4,17,0.12472607560468421
chr6,9,5,17,0.05258034278812346
chr6,9,6,17,-0.020676442985187837
chr6,9,7,17,-0.029153413952854673
chr6,9,8,17,-0.24923622866072115
chr6,9,9,17,-0.19117449034697084
chr6,9,10,17,-0.19728620876532302
chr6,9,11,17,-0.012507902739309906
chr6,10,0,17,0.0065640100656965475
chr6,10,1,17,-0.3038722196918836
chr6,10,2,17,0.04060130568084482
chr6,10,3,17,-0.07077162238354619
chr6,10,4,17,0.14948088594498873
chr6,10,5,17,0.026372582450322844
chr6,10,6,17,0.20268264540349065
chr6,10,7,17,0.03000917786566129
chr6,10,8,17,0.15062419540817928
chr6,10,9,17,0.042317248765720454
chr6,10,10,17,0.1039965262437219
chr6,10,11,17,-0.016256382793097223
chr6,11,0,17,-0.04826506878619169
chr6,11,1,17,-0.12264526849688645
chr6,11,2,17,-0.13841843983792865
chr6,11,3,17,0.003227442945625139
chr6,11,4,17,0.041820743990024604
chr6,11,5,17,0.15967601034701195
chr6,11,6,17,0.15706189677134844
chr6,11,7,17,0.31423756923895824
chr6,11,8,17,-0.002051312206640184
chr6,11,9,17,-0.09777132850496173
chr6,11,10,17,0.00041630584328425206
chr6,11,11,17,-0.04017426635508237
chr7,0,0,8,-0.05119046809830745
chr7,0,1,8,-0.08577814493984398
chr7,0,2,8,0.005564679998640295
chr7,0,3,8,0.023808278113022018
chr7,0,4,8,0.24499188782641906
chr7,0,5,8,0.0420288729738472
chr7,0,6,8,-0.018707874900812296
chr7,0,7,8,-0.09992056120141245
chr7,0,8,8,0.15381568768693407
chr7,0,9,8,-0.0368487317325865
chr7,0,10,8,-0.2525152465077857
chr7,0,11,8,-0.032277706066069174
chr7,1,0,8,0.08151838673239273
chr7,1,1,8,0.03705624627804409
chr7,1,2,8,-0.08881850259395005
chr7,1,3,8,0.04472620391646711
chr7,1,4,8,-0.010371923796044763
chr7,1,5,8,-0.08468975098544972
chr7,1,6,8,-0.05887303189979763
chr7,1,7,8,-0.13315207252207234
chr7,1,8,8,-0.1207226579435133
chr7,1,9,8,0.13529786958478912
chr7,1,10,8,-0.21988067780439152
chr7,1,11,8,0.08787374129570083
chr7,2,0,8,0.11878824966793979
chr7,2,1,8,0.10066861807542268
chr7,2,2,8,0.12375405337471507
chr7,2,3,8,-0.13413409021127562
chr7,2,4,8,0.05814708527977221
chr7,2,5,8,0.17660930141777503
chr7,2,6,8,0.15615337456306683
chr7,2,7,8,-0.15943245981189869
chr7,2,8,8,0.15435144766176484
chr7,2,9,8,0.1177064916764044
chr7,2,10,8,0.08320191697443836
chr7,2,11,8,0.020077999143224244
chr7,3,0,8,0.21469878645823298
chr7,3,1,8,0.08113146873239692
chr7,3,2,8,-0.08087044201483275
chr7,3,3,8,-0.02484433768357021
chr7,3,4,8,0.08027489123277004
chr7,3,5,8,0.060518502062056063
chr7,3,6,8,0.21520191879126704
chr7,3,7,8,-0.05784042602711738
chr7,3,8,8,0.006046640529533354
chr7,3,9,8,0.13724952886482106
chr7,3,10,8,0.05536891673258572
chr7,3,11,8,0.2199557912594131
chr7,4,0,8,-0.05400765776665174
chr7,4,1,8,-0.04066852925462998
chr7,4,2,8,-0.022060744317497383
chr7,4,3,8,0.21647881161201427
chr7,4,4,8,0.013710999130936947
chr7,4,5,8,-0.10744971874598647
chr7,4,6,8,-0.1762209686279127
chr7,4,7,8,-0.06949116044771356
chr7,4,8,8,-0.030398141984671022
chr7,4,9,8,0.1187825226121629
chr7,4,10,8,0.040792605237550586
chr7,4,11,8,0.11976488853714093
chr7,5,0,8,-0.16184661658174604
chr7,5,1,8,0.09558666551972689
chr7,5,2,8,0.001889765442128738
chr7,5,3,8,0.06056894663477784
chr7,5,4,8,0.09683568567107716
chr7,5,5,8,0.07692441315609791
chr7,5,6,8,0.0668676491782742
chr7,5,7,8,0.06667346502042752
chr7,5,8,8,0.03556282541793141
chr7,5,9,8,0.049424877290086766
chr7,5,10,8,0.05006038307765564
chr7,5,11,8,-0.021684698240428138
chr7,6,0,8,-0.08415229563084667
chr7,6,1,8,0.10826160925413766
chr7,6,2,8,0.17898411756898985
chr7,6,3,8,0.12345374727436306
chr7,6,4,8,-0.035852438495255524
chr7,6,5,8,0.015281931846649721
chr7,6,6,8,0.11210013067254816
chr7,6,7,8,0.1554451991226199
chr7,6,8,8,0.18275088113034804
chr7,6,9,8,-0.011955982601312358
chr7,6,10,8,0.028125938873182127
chr7,6,11,8,-0.0035317962795890084
chr7,7,0,8,0.09988918685533857
chr7,7,1,8,-0.02131237257569624
chr7,7,2,8,-0.06481678845778589
chr7,7,3,8,0.01163110856458597
chr7,7,4,8,0.03858327255497859
chr7,7,5,8,0.055715237912097496
chr7,7,6,8,0.02681571811007191
chr7,7,7,8,0.06924871695170354
chr7,7,8,8,-0.04425153555975163
chr7,7,9,8,-0.044378354433453754
chr7,7,10,8,0.14421651740141794
chr7,7,11,8,0.02361069699234466
chr7,8,0,8,-0.07578279400157226
chr7,8,1,8,-0.05742042907661625
chr7,8,2,8,-0.04706433492258051
chr7,8,3,8,-0.023259868047675797
chr7,8,4,8,-0.012505679697597763
chr7,8,5,8,-0.016641919133108717
chr7,8,6,8,-0.04217930090650593
chr7,8,7,8,-0.04836758349623727
chr7,8,8,8,-0.1447420756669504
chr7,8,9,8,-0.07856868845158785
chr7,8,10,8,-0.07479770628350649
chr7,8,11,8,0.1113654199276841
chr7,9,0,8,0.10184300396431399
chr7,9,1,8,-0.12707515737969033
chr7,9,2,8,-0.054846712559522
chr7,9,3,8,0.023224892972421918
chr7,9,4,8,0.18367992162372992
chr7,9,5,8,-0.08148728787875302
chr7,9,6,8,0.33678982073352554
chr7,9,7,8,-0.04418647916034209
chr7,9,8,8,-0.11173026055724739
chr7,9,9,8,-0.21114088903177722
chr7,9,10,8,-0.05437622776230711
chr7,9,11,8,-0.11514374982386077
chr7,10,0,8,0.057328167237142895
chr7,10,1,8,-0.10281304082481747
chr7,10,2,8,-0.19822586235785783
chr7,10,3,8,-0.1160773191131704
chr7,10,4,8,-0.10957244594341588
chr7,10,5,8,-0.23467868799436503
chr7,10,6,8,0.05936898657657655
chr7,10,7,8,0.15015436518052383
chr7,10,8,8,-0.09177342828438244
chr7,10,9,8,-0.2179543497609162
chr7,10,10,8,0.02799929301433328
chr7,10,11,8,-0.16302037152639176
chr7,11,0,8,-0.029068484067843854
chr7,11,1,8,0.055435673854371904
chr7,11,2,8,-0.2549002807566869
chr7,11,3,8,-0.03583683487304373
chr7,11,4,8,-0.10074228458802979
chr7,11,5,8,-0.007306664174654823
chr7,11,6,8,0.13801717107638184
chr7,11,7,8,-0.03602566741729394
chr7,11,8,8,0.07522689855781367
chr7,11,9,8,0.026436166779508427
chr7,11,10,8,0.09454711035710123
chr7,11,11,8,-0.15421871526637826
chr8,0,0,13,0.15263960445278382
chr8,0,1,13,-0.0276167153138107
chr8,0,2,13,-0.015827927136978757
chr8,0,3,13,-0.06475693999073276
chr8,0,4,13,-0.04226546367894313
chr8,0,5,13,0.025824318578566947
chr8,0,6,13,-0.005184775685383536
chr8,0,7,13,-0.022512923975877577
chr8,0,8,13,-0.11873961465340388
chr8,0,9,13,0.04568032560303244
chr8,0,10,13,-0.015968677742909408
chr8,0,11,13,-0.02675150792565717
chr8,1,0,13,-0.09261440694879752
chr8,1,1,13,0.07255802630613727
chr8,1,2,13,0.08232304454911482
chr8,1,3,13,-0.0028683174133876796
chr8,1,4,13,0.007669201087776929
chr8,1,5,13,0.10112235017131706
chr8,1,6,13,-0.03856404632219487
chr8,1,7,13,-0.032535396164527455
chr8,1,8,13,0.09173950922307271
chr8,1,9,13,0.056535004499551504
chr8,1,10,13,-0.10300947937222739
chr8,1,11,13,-0.20754083967927833
chr8,2,0,13,-0.018541525560456722
chr8,2,1,13,0.03564987794175409
chr8,2,2,13,0.007468689914756594
chr8,2,3,13,0.057542977348024604
chr8,2,4,13,-0.02975298111725351
chr8,2,5,13,0.09038119948313071
chr8,2,6,13,0.054012430929215406
chr8,2,7,13,0.07255516044053739
chr8,2,8,13,0.007493895673239373
chr8,2,9,13,0.042218119925888635
chr8,2,10,13,0.11843869819485556
chr8,2,11,13,-0.024324525232575337
chr8,3,0,13,0.04978069041458408
chr8,3,1,13,-0.0076923800686526
chr8,3,2,13,0.06878386227288559
chr8,3,3,13,0.15064634623923864
chr8,3,4,13,0.05171271804175786
chr8,3,5,13,0.0032376894875654613
chr8,3,6,13,0.011626585742049859
chr8,3,7,13,0.012022007998259417
chr8,3,8,13,0.029392518847194554
chr8,3,9,13,-0.17323251032790293
chr8,3,10,13,0.11361007705084163
chr8,3,11,13,-0.14065772532486237
chr8,4,0,13,0.06442059952670647
chr8,4,1,13,0.11109940909320247
chr8,4,2,13,0.17645571846535063
chr8,4,3,13,-0.08635490713406066
chr8,4,4,13,0.01032184753012044
chr8,4,5,13,-0.1210941007531375
chr8,4,6,13,0.09699599337367658
chr8,4,7,13,-0.017326108079838698
chr8,4,8,13,-0.0257425463514192
chr8,4,9,13,0.02802199469746347
chr8,4,10,13,0.10390374278204348
chr8,4,11,13,-0.18428525840877824
chr8,5,0,13,-0.03493690146075945
chr8,5,1,13,0.0027008163393575637
chr8,5,2,13,0.08501562130778834
chr8,5,3,13,0.080026818156763
chr8,5,4,13,-0.033697589249578074
chr8,5,5,13,-0.03162911150981755
chr8,5,6,13,0.03971771299895462
chr8,5,7,13,-0.005209548375319681
chr8,5,8,13,0.029166026365808704
chr8,5,9,13,0.0008218518930143179
chr8,5,10,13,-0.1972818981477274
chr8,5,11,13,-0.04198860340221882
chr8,6,0,13,0.11015891778242945
chr8,6,1,13,-0.11072854071402413
chr8,6,2,13,0.12361503267212114
chr8,6,3,13,-0.054315095393510426
chr8,6,4,13,-0.06111936442010065
chr8,6,5,13,-0.0847511270503045
chr8,6,6,13,0.05275514808043845
chr8,6,7,13,-0.04940547583624698
chr8,6,8,13,0.05577485927717149
chr8,6,9,13,-0.2196197232747154
chr8,6,10,13,0.0035052192986409834
chr8,6,11,13,-0.15785277448752028
chr8,7,0,13,-0.17103522817810096
chr8,7,1,13,0.1816150515139077
chr8,7,2,13,0.11681415380999723
chr8,7,3,13,0.2726755158867919
chr8,7,4,13,0.13749442916917737
chr8,7,5,13,0.11422255949836635
chr8,7,6,13,0.028857034013211765
chr8,7,7,13,0.039060610269128736
chr8,7,8,13,0.17117523816416777
chr8,7,9,13,0.17845089120749974
chr8,7,10,13,-0.1829956397400524
chr8,7,11,13,0.1382540831794014
chr8,8,0,13,-0.13629387834791354
chr8,8,1,13,0.07109367168254688
chr8,8,2,13,-0.07846311803171943
chr8,8,3,13,-0.003584688633097626
chr8,8,4,13,-0.09635929101520807
chr8,8,5,13,-0.10009569721443132
chr8,8,6,13,-0.016861878177242464
chr8,8,7,13,0.029512381058665767
chr8,8,8,13,0.05979760605495473
chr8,8,9,13,-0.010252264357732986
chr8,8,10,13,0.027662236288135758
chr8,8,11,13,-0.16577527055029945
chr8,9,0,13,0.12885143010867922
chr8,9,1,13,-0.137591042668081
chr8,9,2,13,-0.23369497460944524
chr8,9,3,13,-0.0678894089511367
chr8,9,4,13,-0.011388638156213372
chr8,9,5,13,-0.08766269133300673
chr8,9,6,13,-0.06414390377676707
chr8,9,7,13,0.07053742565196029
chr8,9,8,13,0.24696102829511968
chr8,9,9,13,0.05795447512490497
chr8,9,10,13,-0.002099339892247254
chr8,9,11,13,0.096896529124024
chr8,10,0,13,-0.0050299853206768625
chr8,10,1,13,0.18227827225624915
chr8,10,2,13,-0.020484626581995426
chr8,10,3,13,0.06870703858503185
chr8,10,4,13,0.004020263939999148
chr8,10,5,13,0.01844931386610307
chr8,10,6,13,-0.07910080350046776
chr8,10,7,13,-0.012957501475726881
chr8,10,8,13,-0.06810375689896911
chr8,10,9,13,-0.027658411893469466
chr8,10,10,13,-0.04292783887603198
chr8,10,11,13,0.019797364832693197
chr8,11,0,13,-0.014796988289403968
chr8,11,1,13,0.07766028818181905
chr8,11,2,13,-0.10351772049822293
chr8,11,3,13,0.013620816926833514
chr8,11,4,13,0.10653569593765949
chr8,11,5,13,-0.04443136272047706
chr8,11,6,13,0.002102621213968451
chr8,11,7,13,-0.12950209062996407
chr8,11,8,13,0.027052514774209342
chr8,11,9,13,0.16997803187104754
chr8,11,10,13,-0.10356884505118855
chr8,11,11,13,-0.10638839518478199
chr9,0,0,12,0.18020820368480536
chr9,0,1,12,0.006898139879106581
chr9,0,2,12,0.20198616391468419
chr9,0,3,12,-0.01980009172715554
chr9,0,4,12,0.13202846927328615
chr9,0,5,12,0.16618340675335427
chr9,0,6,12,0.004130863408042917
chr9,0,7,12,0.1695417094673771
chr9,0,8,12,0.07175370187255792
chr9,0,9,12,0.07961867265709538
chr9,0,10,12,-0.12049720197263719
chr9,0,11,12,0.16214059911656528
chr9,1,0,12,0.008997620530918451
chr9,1,1,12,0.1469590466876767
chr9,1,2,12,0.011398202446937969
chr9,1,3,12,0.14561483982733237
chr9,1,4,12,0.055201716987257336
chr9,1,5,12,0.11958580151059754
chr9,1,6,12,-0.014854216115542404
chr9,1,7,12,0.15500811495675718
chr9,1,8,12,0.006870300366155664
chr9,1,9,12,0.15685100326199686
chr9,1,10,12,-0.006418593549361029
chr9,1,11,12,-0.048076210523235956
chr9,2,0,12,0.19975940553659519
chr9,2,1,12,0.2242625489594392
chr9,2,2,12,0.07718948575571458
chr9,2,3,12,0.19781720375179287
chr9,2,4,12,0.018969612239056705
chr9,2,5,12,0.05912676989423705
chr9,2,6,12,0.024015468866100537
chr9,2,7,12,0.12960452241205367
chr9,2,8,12,0.20436971071092977
chr9,2,9,12,0.15592577712721334
chr9,2,10,12,0.19430092121504727
chr9,2,11,12,0.037209381954701984
chr9,3,0,12,0.12830558295866687
chr9,3,1,12,0.15068309178069061
chr9,3,2,12,0.05382867733713307
chr9,3,3,12,0.1775600840550541
chr9,3,4,12,0.1690376218450722
chr9,3,5,12,0.005508685701835769
chr9,3,6,12,0.10926155541939046
chr9,3,7,12,0.1199386005654549
chr9,3,8,12,0.08912894305912866
chr9,3,9,12,0.037435677235651214
chr9,3,10,12,0.1344665731637962
chr9,3,11,12,0.003739709354739676
chr9,4,0,12,-0.03624298229014412
chr9,4,1,12,0.021869563656051163
chr9,4,2,12,0.07663323878818651
chr9,4,3,12,-0.032431797174989944
chr9,4,4,12,-0.12359867883482085
chr9,4,5,12,0.0509725147930272
chr9,4,6,12,0.02256236232254943
chr9,4,7,12,0.0674256467451992
chr9,4,8,12,0.01307236653125097
chr9,4,9,12,-0.1376749310530107
chr9,4,10,12,0.07822353675197041
chr9,4,11,12,-0.03085968318997036
chr9,5,0,12,0.1248831161659582
chr9,5,1,12,0.20563999026925442
chr9,5,2,12,0.2186115362728224
chr9,5,3,12,0.2029792071168862
chr9,5,4,12,0.13886499021562224
chr9,5,5,12,-0.10067248240824829
chr9,5,6,12,0.2156579591400504
chr9,5,7,12,0.15839822310483248
chr9,5,8,12,0.07164444246862763
chr9,5,9,12,0.17985766801715822
chr9,5,10,12,0.04152912365873398
chr9,5,11,12,0.07760257964438903
chr9,6,0,12,0.03929215256233193
chr9,6,1,12,0.05515049190764479
chr9,6,2,12,0.1645798448107768
chr9,6,3,12,-0.021017942489296438
chr9,6,4,12,-0.0048353233899179615
chr9,6,5,12,0.03658318774693457
chr9,6,6,12,-0.04027335868773079
chr9,6,7,12,0.07227873418581456
chr9,6,8,12,0.28874146802092254
chr9,6,9,12,-0.14732684964019868
chr9,6,10,12,0.05479365316258419
chr9,6,11,12,-0.10877319973511257
chr9,7,0,12,-0.11450727893573616
chr9,7,1,12,0.11324912422668713
chr9,7,2,12,0.037315302435140515
chr9,7,3,12,0.041747152689876554
chr9,7,4,12,0.05487267536998041
chr9,7,5,12,-0.03164856261963123
chr9,7,6,12,-0.10331599116113072
chr9,7,7,12,-0.05093003215455275
chr9,7,8,12,0.05537129139147203
chr9,7,9,12,0.08154792528400431
chr9,7,10,12,-0.10716466246875476
chr9,7,11,12,-0.0023295806417637835
chr9,8,0,12,-0.059196453012032614
chr9,8,1,12,0.019951756686273563
chr9,8,2,12,0.009206834493703681
chr9,8,3,12,0.08061061055605162
chr9,8,4,12,0.18202787699075365
chr9,8,5,12,0.0030773132273957857
chr9,8,6,12,-0.02681090076435826
chr9,8,7,12,0.024779913125677722
chr9,8,8,12,0.006208385920945944
chr9,8,9,12,0.1062650135051683
chr9,8,10,12,0.043207099140496495
chr9,8,11,12,-0.08439539713414745
chr9,9,0,12,0.15109297939673696
chr9,9,1,12,0.011210612889715555
chr9,9,2,12,0.02184888089460471
chr9,9,3,12,0.17391939015560395
chr9,9,4,12,0.11737682594304327
chr9,9,5,12,-0.052854370864616675
chr9,9,6,12,0.08316106664296045
chr9,9,7,12,0.11502584669569425
chr9,9,8,12,0.02355357768923073
chr9,9,9,12,-0.1299732891423806
chr9,9,10,12,-0.18968916420264745
chr9,9,11,12,0.0648156465275605
chr9,10,0,12,-0.12052730136694301
chr9,10,1,12,-0.030748395533750732
chr9,10,2,12,-0.23494439088253238
chr9,10,3,12,-0.03192202976961911
chr9,10,4,12,-0.08045324767285868
chr9,10,5,12,-0.09531011156579787
chr9,10,6,12,0.014346840157274601
chr9,10,7,12,0.1487667913246987
chr9,10,8,12,-0.09961907382925606
chr9,10,9,12,-0.16422056349454806
chr9,10,10,12,0.20377485076483215
chr9,10,11,12,0.023134009761931782
chr9,11,0,12,0.07499130867970771
chr9,11,1,12,-0.01240684623179232
chr9,11,2,12,-0.12219437727177623
chr9,11,3,12,0.0877754282292482
chr9,11,4,12,-0.043430011514866994
chr9,11,5,12,0.02986792405146771
chr9,11,6,12,-0.018011929477675825
chr9,11,7,12,-0.11050764812930965
chr9,11,8,12,0.04836094223261498
chr9,11,9,12,0.04496768439227986
chr9,11,10,12,0.04131689480384501
chr9,11,11,12,-0.03603631810651633
chrX,0,0,7,0.10164495061490238
chrX,0,1,7,0.07081937284358303
chrX,0,2,7,0.06967235586875492
chrX,0,3,7,-0.02010734714776538
chrX,0,4,7,-0.004009371992389781
chrX,0,5,7,0.07105636355755256
chrX,0,6,7,0.005946529857241307
chrX,0,7,7,0.017641978562156494
chrX,0,8,7,0.23861655102681187
chrX,0,9,7,0.194225244022807
chrX,0,10,7,-0.014627703278485693
chrX,0,11,7,0.02729448931486925
chrX,1,0,7,-0.3667127292921974
chrX,1,1,7,0.00717036060447009
chrX,1,2,7,0.23149958206341373
chrX,1,3,7,0.1431552774044671
chrX,1,4,7,-0.032721595799388034
chrX,1,5,7,-0.0814360968305379
chrX,1,6,7,0.15571449327821432
chrX,1,7,7,0.01708016337113476
chrX,1,8,7,0.24583022948398806
chrX,1,9,7,0.14380936445696854
chrX,1,10,7,-0.265654655584333
chrX,1,11,7,-0.1765666382940789
chrX,2,0,7,0.08396801428122376
chrX,2,1,7,-0.1989387573056651
chrX,2,2,7,0.15939691442754908
chrX,2,3,7,-0.2141202240084783
chrX,2,4,7,0.1650710429466827
chrX,2,5,7,-0.027701458982184266
chrX,2,6,7,-0.06159705823124057
chrX,2,7,7,-0.025184108255383166
chrX,2,8,7,0.04064398356199035
chrX,2,9,7,0.15614711072129633
chrX,2,10,7,0.018974281822192875
chrX,2,11,7,0.032216427124101596
chrX,3,0,7,0.10686624206031924
chrX,3,1,7,-0.034410194800505105
chrX,3,2,7,-0.09026099720478485
chrX,3,3,7,0.1407084162198847
chrX,3,4,7,0.19146811842936776
chrX,3,5,7,-0.09357250011585756
chrX,3,6,7,-0.013926405858954577
chrX,3,7,7,-0.06013045105957845
chrX,3,8,7,0.04842575216909915
chrX,3,9,7,-0.24792889043111974
chrX,3,10,7,0.21526709072524247
chrX,3,11,7,-0.15714314471399718
chrX,4,0,7,-0.03415455678068021
chrX,4,1,7,0.16264941664414514
chrX,4,2,7,0.17372202594650724
chrX,4,3,7,-0.07189331338541649
chrX,4,4,7,-0.007330031335701529
chrX,4,5,7,-0.27328989091415495
chrX,4,6,7,-0.15070507739956787
chrX,4,7,7,0.013376656689048163
chrX,4,8,7,0.0009029237372975008
chrX,4,9,7,0.050638369252036984
chrX,4,10,7,-0.06939736927058988
chrX,4,11,7,0.040137348672847684
chrX,5,0,7,0.1051631078123031
chrX,5,1,7,-0.03753338292142877
chrX,5,2,7,0.09177411345577827
chrX,5,3,7,-0.05677405068972101
chrX,5,4,7,0.04036996420294201
chrX,5,5,7,-0.004654596462395244
chrX,5,6,7,-0.09460340991223458
chrX,5,7,7,-0.07777173094623886
chrX,5,8,7,-0.014244695128847042
chrX,5,9,7,0.05820702175608426
chrX,5,10,7,-0.19099791228869303
chrX,5,11,7,0.036898898545459434
chrX,6,0,7,-0.04372363624581971
chrX,6,1,7,-0.07848493016736066
chrX,6,2,7,-0.14403625237547704
chrX,6,3,7,-0.06265793119204678
chrX,6,4,7,0.03886920917264417
chrX,6,5,7,-0.04026919076181161
chrX,6,6,7,0.11370525204166992
chrX,6,7,7,-0.1045730604483535
chrX,6,8,7,-0.03362729626185896
chrX,6,9,7,-0.23556346533570569
chrX,6,10,7,-0.057771107555686166
chrX,6,11,7,-0.204940140204482
chrX,7,0,7,-0.20791990091652615
chrX,7,1,7,0.20319643275814483
chrX,7,2,7,0.1409473739250029
chrX,7,3,7,0.0575400970432756
chrX,7,4,7,0.10251025946844336
chrX,7,5,7,0.027806320594011415
chrX,7,6,7,-0.10326473158617853
chrX,7,7,7,-0.04613329778416963
chrX,7,8,7,0.2111969241280057
chrX,7,9,7,0.2034069431697656
chrX,7,10,7,-0.21410976708634338
chrX,7,11,7,0.025164741191976394
chrX,8,0,7,0.03259130107690714
chrX,8,1,7,-0.1205087648263126
chrX,8,2,7,0.04691529464945489
chrX,8,3,7,0.15449809104093318
chrX,8,4,7,0.05898631229423237
chrX,8,5,7,0.1515295202047668
chrX,8,6,7,0.05854160932878828
chrX,8,7,7,-0.033710336192873676
chrX,8,8,7,-0.19158936484460165
chrX,8,9,7,-0.09541123618298877
chrX,8,10,7,-0.10684542128137076
chrX,8,11,7,0.025820346918241303
chrX,9,0,7,-0.04668527317484889
chrX,9,1,7,-0.20237610490020325
chrX,9,2,7,-0.1538412950382367
chrX,9,3,7,0.06868585369266088
chrX,9,4,7,0.15212516493844158
chrX,9,5,7,-0.18464732105536402
chrX,9,6,7,-0.11398973946916403
chrX,9,7,7,0.06109713081483758
chrX,9,8,7,-0.24759364684302262
chrX,9,9,7,-0.06802762807573154
chrX,9,10,7,-0.262934680241447
chrX,9,11,7,-0.052352015345447804
chrX,10,0,7,-0.05251196404865751
chrX,10,1,7,0.052868906319914484
chrX,10,2,7,0.07425987607784292
chrX,10,3,7,0.10701152965166015
chrX,10,4,7,0.007074253741640438
chrX,10,5,7,0.22776203203091996
chrX,10,6,7,-0.023870862974112957
chrX,10,7,7,0.01431691559756194
chrX,10,8,7,0.037555377469662754
chrX,10,9,7,-0.06462564741316523
chrX,10,10,7,0.08891046182106502
chrX,10,11,7,0.06512740688520284
chrX,11,0,7,0.054676920417571065
chrX,11,1,7,-0.08824003926925274
chrX,11,2,7,0.10966508169677124
chrX,11,3,7,-0.027053654820991948
chrX,11,4,7,-0.0382752695568381
chrX,11,5,7,0.016937706464310347
chrX,11,6,7,0.006431831847086075
chrX,11,7,7,0.005633408337066762
chrX,11,8,7,0.014454156121425532
chrX,11,9,7,-0.20546851725379817
chrX,11,10,7,-0.11061621084658153
chrX,11,11,7,0.03278927473504225
