chromosome,layer,head,pairs,mean
chr1,0,0,29,-0.06347911620717647
chr1,0,1,29,-0.004474973840287421
chr1,0,2,29,-0.00990501716744827
chr1,0,3,29,0.03427769844132426
chr1,0,4,29,0.008254953776383776
chr1,0,5,29,0.03270907015258481
chr1,0,6,29,0.06249157795168955
chr1,0,7,29,-0.02049101878691082
chr1,0,8,29,-0.04477438754231527
chr1,0,9,29,-0.020287203241814124
chr1,0,10,29,0.08613212881273302
chr1,0,11,29,-0.008665571687063783
chr1,1,0,29,0.0004446184446948519
chr1,1,1,29,-0.02283528332079996
chr1,1,2,29,0.004638883909538438
chr1,1,3,29,-0.08075663934090561
chr1,1,4,29,-0.02636552738835459
chr1,1,5,29,0.04942219068065972
chr1,1,6,29,-0.01251768720781295
chr1,1,7,29,-0.0469150684977015
chr1,1,8,29,0.053706615064666466
chr1,1,9,29,-0.0819122491338821
chr1,1,10,29,0.032581411021925716
chr1,1,11,29,0.00358631253446836
chr1,2,0,29,-0.14712105470467135
chr1,2,1,29,-0.013062819513745872
chr1,2,2,29,-0.0805851348955989
chr1,2,3,29,-0.04770867109959035
chr1,2,4,29,-0.053401484544806824
chr1,2,5,29,-0.02942849851298142
chr1,2,6,29,-0.027868576044076623
chr1,2,7,29,0.000435965200991748
chr1,2,8,29,-0.1418551879895228
chr1,2,9,29,-0.12316605319471177
chr1,2,10,29,-0.0559726492967934
chr1,2,11,29,-0.11351029111891096
chr1,3,0,29,-0.05804754822475437
chr1,3,1,29,-0.11587045079050586
chr1,3,2,29,-0.061944516422494794
chr1,3,3,29,-0.030008706447763447
chr1,3,4,29,-0.07672852762695721
chr1,3,5,29,-0.11002724640528412
chr1,3,6,29,0.014644031511430393
chr1,3,7,29,-0.023700713570061958
chr1,3,8,29,-0.08798805136973457
chr1,3,9,29,-0.008129144533846729
chr1,3,10,29,-0.0730548508170915
chr1,3,11,29,-0.020065261658781447
chr1,4,0,29,0.06169106899656748
chr1,4,1,29,0.024130118738573254
chr1,4,2,29,0.06870017562931696
chr1,4,3,29,0.0500318500605341
chr1,4,4,29,0.0771059697678318
chr1,4,5,29,-0.040762750836332705
chr1,4,6,29,0.05304938055182951
chr1,4,7,29,0.03186351752705557
chr1,4,8,29,0.08233550238591307
chr1,4,9,29,0.09294338469525967
chr1,4,10,29,0.020232373840518823
chr1,4,11,29,-0.060778113808443564
chr1,5,0,29,0.04216173739961107
chr1,5,1,29,0.008711126202781855
chr1,5,2,29,-0.017920799776847608
chr1,5,3,29,-0.0879354077358088
chr1,5,4,29,-0.1035799916849475
chr1,5,5,29,-0.04061869437042157
chr1,5,6,29,-0.07301690627813276
chr1,5,7,29,-0.012143564368926416
chr1,5,8,29,0.08038211018148704
chr1,5,9,29,-0.05177260028056247
chr1,5,10,29,0.0669184360528575
chr1,5,11,29,-0.039816652702988814
chr1,6,0,29,0.012073238162558671
chr1,6,1,29,-0.07445682783652056
chr1,6,2,29,-0.019501520571267025
chr1,6,3,29,-0.022200299013829698
chr1,6,4,29,-0.007949251627683823
chr1,6,5,29,-0.036417680860283366
chr1,6,6,29,0.03375065451919305
chr1,6,7,29,-0.043911479206118584
chr1,6,8,29,-0.017286335978730482
chr1,6,9,29,0.03256191662171236
chr1,6,10,29,-0.004425979311350355
chr1,6,11,29,0.014102962298947471
chr1,7,0,29,0.006737102304659013
chr1,7,1,29,-0.015109590845372483
chr1,7,2,29,0.04568334559637021
chr1,7,3,29,0.002400631801551264
chr1,7,4,29,0.06100743515824786
chr1,7,5,29,-0.0630141170552945
chr1,7,6,29,0.0993206785681631
chr1,7,7,29,0.07894484704415555
chr1,7,8,29,-0.01593240182191919
chr1,7,9,29,-0.012700671669180067
chr1,7,10,29,0.008898248077050442
chr1,7,11,29,0.02026956606146351
chr1,8,0,29,-0.050708948121758204
chr1,8,1,29,0.06878332210512726
chr1,8,2,29,0.008620152027387085
chr1,8,3,29,0.12594861754091757
chr1,8,4,29,0.030785909035388106
chr1,8,5,29,0.08621073928538175
chr1,8,6,29,0.045318152883584754
chr1,8,7,29,0.10112641267350837
chr1,8,8,29,0.08167496111711914
chr1,8,9,29,-0.008910347541333675
chr1,8,10,29,0.047226657883667554
chr1,8,11,29,0.04184148339422009
chr1,9,0,29,-0.029494533225739857
chr1,9,1,29,-0.041290271979252474
chr1,9,2,29,-0.04003708597978505
chr1,9,3,29,0.00409213955265986
chr1,9,4,29,-0.0669129162291551
chr1,9,5,29,-0.05732799856718206
chr1,9,6,29,-0.15597212088619028
chr1,9,7,29,-0.004945960923974881
chr1,9,8,29,0.03044321649793196
chr1,9,9,29,0.02834492247756747
chr1,9,10,29,-0.025017387877794926
chr1,9,11,29,0.11737274463579617
chr1,10,0,29,-0.034626883837034515
chr1,10,1,29,0.032549767073181954
chr1,10,2,29,0.11524556187235185
chr1,10,3,29,-0.021599811839827655
chr1,10,4,29,-0.006945229014868107
chr1,10,5,29,0.08244167345162443
chr1,10,6,29,-0.14071259404918224
chr1,10,7,29,-0.11114785404941306
chr1,10,8,29,0.0049699764961597896
chr1,10,9,29,0.06690644269754092
chr1,10,10,29,-0.0981016144615175
chr1,10,11,29,0.041474527603978094
chr1,11,0,29,0.013248466531208293
chr1,11,1,29,0.024838708886161954
chr1,11,2,29,0.011124153306925733
chr1,11,3,29,-0.02336960684255358
chr1,11,4,29,0.038716065637329725
chr1,11,5,29,-0.07639489651018158
chr1,11,6,29,-0.03563826883779233
chr1,11,7,29,-0.028509054220267126
chr1,11,8,29,0.04560955760950533
chr1,11,9,29,0.00894403847430597
chr1,11,10,29,0.02500301923928801
chr1,11,11,29,-0.021147394085486042
chr10,0,0,10,0.05215948289710243
chr10,0,1,10,-0.004135035899268424
chr10,0,2,10,0.013428257704437582
chr10,0,3,10,0.057631174911737616
chr10,0,4,10,0.11497667845180744
chr10,0,5,10,0.07935633691131784
chr10,0,6,10,0.02470586023518072
chr10,0,7,10,0.04849438421385223
chr10,0,8,10,0.09590537358684928
chr10,0,9,10,0.07310086802929662
chr10,0,10,10,0.02592222497201857
chr10,0,11,10,0.041576157776672486
chr10,1,0,10,0.17692850001029575
chr10,1,1,10,0.081517877780097
chr10,1,2,10,-0.11977480399610944
chr10,1,3,10,0.0779510716234901
chr10,1,4,10,0.07731927751612844
chr10,1,5,10,0.013180099559918532
chr10,1,6,10,0.04348206968389602
chr10,1,7,10,-0.004291029186703871
chr10,1,8,10,-0.20398452330128042
chr10,1,9,10,0.048647253288395274
chr10,1,10,10,0.10523926297730272
chr10,1,11,10,0.060005878548973365
chr10,2,0,10,0.05360558486845439
chr10,2,1,10,0.053528627472416525
chr10,2,2,10,0.02660540430613507
chr10,2,3,10,0.07973606453783134
chr10,2,4,10,-0.10729347390617201
chr10,2,5,10,0.07663223460510402
chr10,2,6,10,0.08956686258519483
chr10,2,7,10,0.0012455704135350826
chr10,2,8,10,0.08798634083785228
chr10,2,9,10,0.10967279742664318
chr10,2,10,10,0.09135907317463134
chr10,2,11,10,-0.015488331522747265
chr10,3,0,10,0.10684780568494959
chr10,3,1,10,-0.02136939597018662
chr10,3,2,10,0.04360428234745438
chr10,3,3,10,-0.024325040377332727
chr10,3,4,10,-0.047024349134685325
chr10,3,5,10,0.025295042737244207
chr10,3,6,10,0.1437335028563629
chr10,3,7,10,0.1170783850920725
chr10,3,8,10,0.10363627320708853
chr10,3,9,10,0.15099746016370086
chr10,3,10,10,-0.06325628239260792
chr10,3,11,10,0.12119825577251364
chr10,4,0,10,0.08707389705995165
chr10,4,1,10,-0.032284325463857136
chr10,4,2,10,0.06596917383750046
chr10,4,3,10,0.11160796244403556
chr10,4,4,10,0.031231782341955328
chr10,4,5,10,0.0637996894970995
chr10,4,6,10,0.0882245699962255
chr10,4,7,10,0.1522033801046445
chr10,4,8,10,0.154406089879212
chr10,4,9,10,0.0647036641892066
chr10,4,10,10,-0.07947707637727544
chr10,4,11,10,0.06369368862151556
chr10,5,0,10,0.03396633942606036
chr10,5,1,10,0.11192199939741294
chr10,5,2,10,0.04515815280126453
chr10,5,3,10,0.1963431355773378
chr10,5,4,10,0.14493167296570603
chr10,5,5,10,-0.11360705251467777
chr10,5,6,10,0.19485932944453926
chr10,5,7,10,0.09893576454258395
chr10,5,8,10,0.1443751623404534
chr10,5,9,10,0.17253520512251952
chr10,5,10,10,0.10067307406476364
chr10,5,11,10,0.1459974039834068
chr10,6,0,10,0.06649249618254072
chr10,6,1,10,0.238080309676897
chr10,6,2,10,0.1731905938136657
chr10,6,3,10,0.10373660002491532
chr10,6,4,10,0.05501898321195677
chr10,6,5,10,0.053395020307916916
chr10,6,6,10,0.0078285880461822
chr10,6,7,10,0.026732300707432988
chr10,6,8,10,0.16362564767261684
chr10,6,9,10,0.13708531341323954
chr10,6,10,10,0.1349942985992001
chr10,6,11,10,0.1537452526479013
chr10,7,0,10,0.1299947527616327
chr10,7,1,10,-0.11583666195323801
chr10,7,2,10,-0.029439152671823676
chr10,7,3,10,-0.09225379012493243
chr10,7,4,10,0.08388721635298305
chr10,7,5,10,-0.03685629272835199
chr10,7,6,10,0.1258254448220257
chr10,7,7,10,0.007222220628344314
chr10,7,8,10,-0.13428365800951264
chr10,7,9,10,-0.1324265215571017
chr10,7,10,10,0.11436662695454922
chr10,7,11,10,0.04424939164270755
chr10,8,0,10,0.03815865644961745
chr10,8,1,10,0.13710721269682474
chr10,8,2,10,0.0472455086981534
chr10,8,3,10,0.07918602666756461
chr10,8,4,10,0.029568409999333835
chr10,8,5,10,0.009606531690130473
chr10,8,6,10,0.0255471322778796
chr10,8,7,10,0.16077810055387862
chr10,8,8,10,0.11252124075654275
chr10,8,9,10,0.1387200328205803
chr10,8,10,10,0.10740899998282169
chr10,8,11,10,0.08662840864494656
chr10,9,0,10,0.026075674324168813
chr10,9,1,10,-0.026027674808592537
chr10,9,2,10,-0.037550238339381106
chr10,9,3,10,0.0565317678928829
chr10,9,4,10,0.003757029407583218
chr10,9,5,10,0.04836587540253214
chr10,9,6,10,0.021958005104041906
chr10,9,7,10,0.044881119675925465
chr10,9,8,10,0.040435411733631
chr10,9,9,10,-0.008270310312463747
chr10,9,10,10,0.0533259439733614
chr10,9,11,10,0.0375259321569522
chr10,10,0,10,-0.03431738069007682
chr10,10,1,10,-0.12740359900391013
chr10,10,2,10,0.04217254447180505
chr10,10,3,10,0.049498300960438946
chr10,10,4,10,0.03000055337768274
chr10,10,5,10,-0.01717816539457733
chr10,10,6,10,0.0032523329855549286
chr10,10,7,10,-0.039956598014022536
chr10,10,8,10,0.006220155176081199
chr10,10,9,10,-0.038797039313730436
chr10,10,10,10,0.10169898112952871
chr10,10,11,10,0.12176365432444274
chr10,11,0,10,-0.14495063201740338
chr10,11,1,10,-0.01893435190483721
chr10,11,2,10,-0.19563845060265347
chr10,11,3,10,-0.023269250098962684
chr10,11,4,10,-0.09249485240544546
chr10,11,5,10,0.005849971221609596
chr10,11,6,10,0.1159754782076805
chr10,11,7,10,0.0698489887172794
chr10,11,8,10,-0.059019117892436725
chr10,11,9,10,-0.05131106846996347
chr10,11,10,10,-0.026904007272470942
chr10,11,11,10,0.04767608292690419
chr11,0,0,19,-0.04587678741571222
chr11,0,1,19,-0.08483010258248502
chr11,0,2,19,-0.001031863271368678
chr11,0,3,19,-0.084569823080713
chr11,0,4,19,-0.01839815680221911
chr11,0,5,19,0.047423905153303636
chr11,0,6,19,0.07455136173866223
chr11,0,7,19,-0.020556810143359094
chr11,0,8,19,-0.026882113809125974
chr11,0,9,19,-0.0895537405982311
chr11,0,10,19,-0.10668201674456505
chr11,0,11,19,0.06538232242240345
chr11,1,0,19,0.16032262352787924
chr11,1,1,19,0.0026707308678974276
chr11,1,2,19,-0.08218934453397614
chr11,1,3,19,-0.04887428947369572
chr11,1,4,19,0.07439328094590303
chr11,1,5,19,0.08399859764364376
chr11,1,6,19,-0.014952360558996342
chr11,1,7,19,0.039888364407951106
chr11,1,8,19,-0.12055184932416729
chr11,1,9,19,0.00718046481798946
chr11,1,10,19,-0.014447510682641973
chr11,1,11,19,0.05425451097934708
chr11,2,0,19,-0.051294269173328993
chr11,2,1,19,0.02363157602653596
chr11,2,2,19,-0.0402291728369166
chr11,2,3,19,0.23137312632477727
chr11,2,4,19,0.01505992156823739
chr11,2,5,19,0.1210488451952569
chr11,2,6,19,0.06792599581768805
chr11,2,7,19,-0.05898517758958224
chr11,2,8,19,-0.06174591130897383
chr11,2,9,19,0.10502812435372526
chr11,2,10,19,0.14257859958547503
chr11,2,11,19,0.047282843399270275
chr11,3,0,19,-0.09394514333456111
chr11,3,1,19,-0.0962860655906204
chr11,3,2,19,-0.07029877507004341
chr11,3,3,19,-0.08171867234951416
chr11,3,4,19,0.003191776769775252
chr11,3,5,19,-0.01721583938647646
chr11,3,6,19,-0.09971918404203421
chr11,3,7,19,-0.06863615333167779
chr11,3,8,19,-0.1610528870472663
chr11,3,9,19,0.013690764613249858
chr11,3,10,19,-0.06657477299116663
chr11,3,11,19,0.09531516100072196
chr11,4,0,19,0.048325592018909895
chr11,4,1,19,0.0824368176725833
chr11,4,2,19,0.01771682505003194
chr11,4,3,19,0.04353741732356294
chr11,4,4,19,0.04206170590248451
chr11,4,5,19,0.007045667208853933
chr11,4,6,19,-0.10127543935853683
chr11,4,7,19,-0.003591109945553875
chr11,4,8,19,0.004357694130616654
chr11,4,9,19,0.0013361390811740318
chr11,4,10,19,-0.09130185900921484
chr11,4,11,19,-0.12433436555823814
chr11,5,0,19,0.019028326541231058
chr11,5,1,19,-0.013912202179663675
chr11,5,2,19,0.0830976692016593
chr11,5,3,19,-0.004039719051973141
chr11,5,4,19,-0.07416535217044544
chr11,5,5,19,-0.037231130759998746
chr11,5,6,19,-0.17537432355130314
chr11,5,7,19,-0.03645598718890192
chr11,5,8,19,0.07752726986650264
chr11,5,9,19,0.09070965424189457
chr11,5,10,19,0.025652988175226692
chr11,5,11,19,0.011362049111422006
chr11,6,0,19,0.04427407194409657
chr11,6,1,19,-0.05491771407707153
chr11,6,2,19,-0.013363210995664995
chr11,6,3,19,0.04329058955039291
chr11,6,4,19,-0.1248401522409221
chr11,6,5,19,-0.14255256211776898
chr11,6,6,19,0.08342589763763494
chr11,6,7,19,-0.03737592565227154
chr11,6,8,19,-0.056555938548872774
chr11,6,9,19,-0.015179810019868246
chr11,6,10,19,0.09783163022331676
chr11,6,11,19,-0.014958074628356001
chr11,7,0,19,0.07055913728136841
chr11,7,1,19,-0.0669677280563933
chr11,7,2,19,-0.13069026133077166
chr11,7,3,19,-0.014624736719184192
chr11,7,4,19,0.09127747492050399
chr11,7,5,19,-0.07751306043319993
chr11,7,6,19,-0.008356605685228604
chr11,7,7,19,0.02482806615034356
chr11,7,8,19,-0.07572065045097617
chr11,7,9,19,-0.07192037793591081
chr11,7,10,19,0.0654212402851637
chr11,7,11,19,0.009371419736616163
chr11,8,0,19,-0.0673603852782082
chr11,8,1,19,0.03768342919301624
chr11,8,2,19,-0.011627582804619391
chr11,8,3,19,-0.07398774125530538
chr11,8,4,19,-0.05672925974552594
chr11,8,5,19,-0.0020475309245778332
chr11,8,6,19,-0.0021137787708753798
chr11,8,7,19,-0.11328820025292184
chr11,8,8,19,-0.010347280827672294
chr11,8,9,19,0.03810986457809514
chr11,8,10,19,0.010358511508732009
chr11,8,11,19,-0.013203625683346222
chr11,9,0,19,-0.09473860371995746
chr11,9,1,19,0.014774288510728971
chr11,9,2,19,0.028946631300103432
chr11,9,3,19,-0.017963186763871763
chr11,9,4,19,-0.024714004044210182
chr11,9,5,19,-0.012475906239229315
chr11,9,6,19,-0.06876885966785179
chr11,9,7,19,-0.00728553313498499
chr11,9,8,19,-0.012683859080291971
chr11,9,9,19,0.0710112251635164
chr11,9,10,19,-0.04592727431578986
chr11,9,11,19,-0.0745762294926447
chr11,10,0,19,-0.11431204866203502
chr11,10,1,19,-0.010898501307653912
chr11,10,2,19,-0.20355188127410365
chr11,10,3,19,-0.05395447378234251
chr11,10,4,19,-0.1405665538932333
chr11,10,5,19,0.013272068678528598
chr11,10,6,19,-0.1094381339399061
chr11,10,7,19,-0.025937200906370767
chr11,10,8,19,-0.0751454142883296
chr11,10,9,19,-0.016725699713115928
chr11,10,10,19,-0.11480498736388878
chr11,10,11,19,0.01788614998135372
chr11,11,0,19,-0.007467580985445972
chr11,11,1,19,0.08143455730804196
chr11,11,2,19,-0.07126354025040002
chr11,11,3,19,-0.029232308217059483
chr11,11,4,19,-0.07086648529648226
chr11,11,5,19,0.02947056376552724
chr11,11,6,19,-0.07997818175004903
chr11,11,7,19,-0.17329911268581594
chr11,11,8,19,-0.01182572053759478
chr11,11,9,19,0.13069013618964262
chr11,11,10,19,0.09448945603661152
chr11,11,11,19,-0.07101387738503002
chr12,0,0,11,-0.03688918251511435
chr12,0,1,11,0.14172323983120083
chr12,0,2,11,0.14736180726914902
chr12,0,3,11,-0.05418945391921514
chr12,0,4,11,-0.0442417440878331
chr12,0,5,11,0.12450137849347134
chr12,0,6,11,0.07078429414344112
chr12,0,7,11,0.06026517354735594
chr12,0,8,11,-0.0459854176406363
chr12,0,9,11,0.15932830807991472
chr12,0,10,11,0.19620076154783908
chr12,0,11,11,0.028853798850007738
chr12,1,0,11,-0.0741744264339128
chr12,1,1,11,0.11968338072589445
chr12,1,2,11,0.08697845078321206
chr12,1,3,11,0.0822352173817412
chr12,1,4,11,0.021544704796921384
chr12,1,5,11,-0.04673742128869874
chr12,1,6,11,0.17651069492599
chr12,1,7,11,-0.16282711823307763
chr12,1,8,11,0.02296145564160706
chr12,1,9,11,0.00234118210387097
chr12,1,10,11,0.049185864488475665
chr12,1,11,11,-0.029506843730268958
chr12,2,0,11,-0.0038955245299106597
chr12,2,1,11,0.07689744693041257
chr12,2,2,11,0.11552075597368537
chr12,2,3,11,-0.21247130884630872
chr12,2,4,11,0.15722720574576995
chr12,2,5,11,0.09313709605387516
chr12,2,6,11,0.04362459890213776
chr12,2,7,11,-0.07238966502106195
chr12,2,8,11,0.04669343908353143
chr12,2,9,11,0.014468866927891703
chr12,2,10,11,-0.06837721355165433
chr12,2,11,11,-0.018148196731169488
chr12,3,0,11,0.13774357281181612
chr12,3,1,11,0.0855192133176394
chr12,3,2,11,0.056019111262008335
chr12,3,3,11,0.10272494788819109
chr12,3,4,11,0.018339350758621226
chr12,3,5,11,-0.16523453800842436
chr12,3,6,11,0.07823827189070215
chr12,3,7,11,0.15852510212541263
chr12,3,8,11,0.19114611942184362
chr12,3,9,11,-0.009749842702164259
chr12,3,10,11,0.00620523500741626
chr12,3,11,11,-0.046360356257667344
chr12,4,0,11,-0.0013058731259905794
chr12,4,1,11,0.15949089449524276
chr12,4,2,11,0.19277357096163492
chr12,4,3,11,0.07058312924320788
chr12,4,4,11,0.23406835458759134
chr12,4,5,11,0.04048626968599803
chr12,4,6,11,0.014581879136753123
chr12,4,7,11,0.046955932729488746
chr12,4,8,11,0.12973916706572886
chr12,4,9,11,0.03966844750153249
chr12,4,10,11,0.15312047735490672
chr12,4,11,11,0.19673885572209737
chr12,5,0,11,0.09022662298445522
chr12,5,1,11,0.18332181992598046
chr12,5,2,11,0.10937900487156028
chr12,5,3,11,0.06334877522024307
chr12,5,4,11,-0.11622246167540749
chr12,5,5,11,0.18018879407981328
chr12,5,6,11,0.05078687838619374
chr12,5,7,11,-0.020886577087914526
chr12,5,8,11,0.19873528560719797
chr12,5,9,11,0.09801704767192283
chr12,5,10,11,-0.0425722768661645
chr12,5,11,11,-0.037469721961690586
chr12,6,0,11,-0.014841953652601214
chr12,6,1,11,0.05244470830424022
chr12,6,2,11,-0.04047685096327349
chr12,6,3,11,0.056058798752059436
chr12,6,4,11,0.190770973898729
chr12,6,5,11,0.04717156625444265
chr12,6,6,11,-0.0970155725053115
chr12,6,7,11,-0.07176753865499047
chr12,6,8,11,-0.013511339882241936
chr12,6,9,11,-0.07046190979188437
chr12,6,10,11,-0.00018224831064238406
chr12,6,11,11,-0.05858047184457165
chr12,7,0,11,-0.08741500416503144
chr12,7,1,11,0.15540875421274158
chr12,7,2,11,-0.0007651706845412539
chr12,7,3,11,0.12226590016657041
chr12,7,4,11,-0.07909725122077475
chr12,7,5,11,0.006690737710353243
chr12,7,6,11,-0.050005372767321137
chr12,7,7,11,-0.05256920639204748
chr12,7,8,11,0.10462868497691451
chr12,7,9,11,0.10772254911382136
chr12,7,10,11,-0.07293969025300394
chr12,7,11,11,0.1015732475764529
chr12,8,0,11,-0.05428153006185263
chr12,8,1,11,-0.019429515175257237
chr12,8,2,11,-0.07335069227134677
chr12,8,3,11,0.08047264169866039
chr12,8,4,11,0.020802051795207596
chr12,8,5,11,0.010134975946363901
chr12,8,6,11,0.12991069544415962
chr12,8,7,11,0.02493486985600014
chr12,8,8,11,-0.056229635070532046
chr12,8,9,11,-0.07847086460065546
chr12,8,10,11,-0.05421898150662372
chr12,8,11,11,-0.05919546773286824
chr12,9,0,11,-0.08068267595089301
chr12,9,1,11,-0.11176383961237435
chr12,9,2,11,-0.10722006304851708
chr12,9,3,11,0.057898686494069235
chr12,9,4,11,-0.015038683606329912
chr12,9,5,11,-0.16482108660714231
chr12,9,6,11,0.025242848697116196
chr12,9,7,11,0.019560001789377876
chr12,9,8,11,-0.0027480023771855526
chr12,9,9,11,-0.038605363672643
chr12,9,10,11,-0.2936818849032763
chr12,9,11,11,-0.06671543394512525
chr12,10,0,11,-0.09916619913422574
chr12,10,1,11,-0.02006577171021039
chr12,10,2,11,0.08385148073773364
chr12,10,3,11,0.12992104551591857
chr12,10,4,11,0.16308185541338308
chr12,10,5,11,0.10836429214748454
chr12,10,6,11,0.009466161237104097
chr12,10,7,11,0.04703863907602582
chr12,10,8,11,0.042352370660280775
chr12,10,9,11,-0.01473476949260677
chr12,10,10,11,0.05535606172099579
chr12,10,11,11,0.026492232210346797
chr12,11,0,11,0.07737949184684856
chr12,11,1,11,0.021600015215609936
chr12,11,2,11,0.0932164283961185
chr12,11,3,11,0.022510359581716724
chr12,11,4,11,0.2382639707866008
chr12,11,5,11,0.08144125491402722
chr12,11,6,11,0.12676336906940402
chr12,11,7,11,0.11816520558722855
chr12,11,8,11,-0.04722406970679465
chr12,11,9,11,0.017241025683472296
chr12,11,10,11,0.04781584490831319
chr12,11,11,11,0.045052285501459816
chr13,0,0,3,0.14744843180790146
chr13,0,1,3,-0.00023788454989879157
chr13,0,2,3,-0.009852159853557215
chr13,0,3,3,-0.10484270701760882
chr13,0,4,3,-0.11627181175937545
chr13,0,5,3,0.06339644438874353
chr13,0,6,3,0.08748280845514013
chr13,0,7,3,-0.07196443615688318
chr13,0,8,3,-0.1258733183315108
chr13,0,9,3,-0.12509554199873973
chr13,0,10,3,0.013447920087776047
chr13,0,11,3,0.027096965125409073
chr13,1,0,3,0.19463836327562498
chr13,1,1,3,-0.1164954316224064
chr13,1,2,3,-0.13168102663780648
chr13,1,3,3,-0.16883759810574583
chr13,1,4,3,-0.1769441733423791
chr13,1,5,3,-0.17956226868336347
chr13,1,6,3,-0.12729852323104274
chr13,1,7,3,-0.15872959541281928
chr13,1,8,3,-0.1239966183617119
chr13,1,9,3,-0.023948527045531038
chr13,1,10,3,0.06317775581459892
chr13,1,11,3,-0.03753831039163108
chr13,2,0,3,-0.2007758421889356
chr13,2,1,3,0.03621482179441349
chr13,2,2,3,-0.033043077352194285
chr13,2,3,3,0.11618908800080559
chr13,2,4,3,-0.015615860038843113
chr13,2,5,3,0.16663021298903483
chr13,2,6,3,0.10964698460132166
chr13,2,7,3,-0.0742558638643938
chr13,2,8,3,-0.2025777956487512
chr13,2,9,3,0.10463673476952827
chr13,2,10,3,0.06158057754806793
chr13,2,11,3,0.00679933432503967
chr13,3,0,3,0.020930575366630916
chr13,3,1,3,-0.1405831878407466
chr13,3,2,3,0.10071600287609876
chr13,3,3,3,0.0801498872178656
chr13,3,4,3,-0.08188375135792596
chr13,3,5,3,0.18831864553822797
chr13,3,6,3,-0.02512423229823672
chr13,3,7,3,-0.052737291582087086
chr13,3,8,3,-0.10409419128831034
chr13,3,9,3,-0.029358902328076548
chr13,3,10,3,0.021707433546986288
chr13,3,11,3,0.034693599215852605
chr13,4,0,3,-0.14271573976242494
chr13,4,1,3,-0.09156101548951089
chr13,4,2,3,0.004895295795679415
chr13,4,3,3,-0.07453044407876515
chr13,4,4,3,-0.2673646110081796
chr13,4,5,3,-0.11291103305847061
chr13,4,6,3,-0.08411041436919518
chr13,4,7,3,-0.01901606515830297
chr13,4,8,3,-0.18041431044436096
chr13,4,9,3,-0.19955872312108883
chr13,4,10,3,-0.04905506938829637
chr13,4,11,3,-0.15833817399016029
chr13,5,0,3,0.03356010830149695
chr13,5,1,3,-0.11268668184129489
chr13,5,2,3,-0.05017902855580277
chr13,5,3,3,-0.11741548358940807
chr13,5,4,3,-0.11302826460985256
chr13,5,5,3,-0.2130068127181192
chr13,5,6,3,-0.1687621712111138
chr13,5,7,3,-0.04687736366408187
chr13,5,8,3,-0.12389524786739625
chr13,5,9,3,0.1527171003048921
chr13,5,10,3,-0.04266424626873997
chr13,5,11,3,0.0012589217629394949
chr13,6,0,3,0.0292872155918197
chr13,6,1,3,-0.01553291232693954
chr13,6,2,3,-0.06011976043356978
chr13,6,3,3,0.020028117837422255
chr13,6,4,3,-0.09430264859433185
chr13,6,5,3,-0.06009612161435263
chr13,6,6,3,0.02723647441806522
chr13,6,7,3,0.21234435568595
chr13,6,8,3,0.04248348617230167
chr13,6,9,3,0.049348711573108744
chr13,6,10,3,0.029436210962278348
chr13,6,11,3,0.022376512407580897
chr13,7,0,3,0.07229577324932784
chr13,7,1,3,-0.040426956295643544
chr13,7,2,3,-0.1613232596475812
chr13,7,3,3,0.13514577978798453
chr13,7,4,3,0.0742907284214775
chr13,7,5,3,0.23396931771884125
chr13,7,6,3,-0.0724400181661434
chr13,7,7,3,0.18921946921503974
chr13,7,8,3,-0.08983490863862982
chr13,7,9,3,-0.060627671309109586
chr13,7,10,3,0.14299772344409611
chr13,7,11,3,0.08221881438275602
chr13,8,0,3,0.11495047100343829
chr13,8,1,3,-0.073577533333948
chr13,8,2,3,0.3617334573807116
chr13,8,3,3,-0.17470272264934084
chr13,8,4,3,0.0921973486524205
chr13,8,5,3,0.01063781755976817
chr13,8,6,3,0.0642906022991142
chr13,8,7,3,0.12849799578188262
chr13,8,8,3,-0.01088431427592231
chr13,8,9,3,0.27741036612254805
chr13,8,10,3,-0.015239833482485102
chr13,8,11,3,-0.022794530423952287
chr13,9,0,3,-0.15366328942347732
chr13,9,1,3,0.20526804482455674
chr13,9,2,3,0.06841748807010677
chr13,9,3,3,-0.015509684885960245
chr13,9,4,3,0.0012110519827143729
chr13,9,5,3,0.2392818473858435
chr13,9,6,3,-0.0997741498116424
chr13,9,7,3,0.06980488488506645
chr13,9,8,3,0.2100490811839404
chr13,9,9,3,0.2141684604869735
chr13,9,10,3,-0.060193259684906186
chr13,9,11,3,0.04663810272377004
chr13,10,0,3,-0.13343102778111401
chr13,10,1,3,-0.06474799039420655
chr13,10,2,3,-0.055844894979835545
chr13,10,3,3,0.010017158174804447
chr13,10,4,3,-0.07563625967608718
chr13,10,5,3,-0.12506217818241797
chr13,10,6,3,-0.0798520101834945
chr13,10,7,3,0.03149888222246831
chr13,10,8,3,0.058510300684281646
chr13,10,9,3,-0.013894471976390344
chr13,10,10,3,-0.21661376010141195
chr13,10,11,3,0.2112148785881839
chr13,11,0,3,-0.009436535040896568
chr13,11,1,3,0.11075407841979124
chr13,11,2,3,-0.15677971182586797
chr13,11,3,3,-0.10679340787854426
chr13,11,4,3,-0.049250116892193475
chr13,11,5,3,-0.07048041952236044
chr13,11,6,3,0.0002431643704620956
chr13,11,7,3,0.16857670386040866
chr13,11,8,3,0.06860638078431298
chr13,11,9,3,-0.20343133739040442
chr13,11,10,3,-0.2995153328883315
chr13,11,11,3,0.010673864115552064
chr14,0,0,7,-0.10157756414929522
chr14,0,1,7,0.013179644981422474
chr14,0,2,7,0.020954200794873663
chr14,0,3,7,0.1653831985915372
chr14,0,4,7,0.19311367200745644
chr14,0,5,7,-0.04762667015068754
chr14,0,6,7,-0.1262229765699549
chr14,0,7,7,0.08833189874411694
chr14,0,8,7,0.11312432051065373
chr14,0,9,7,-0.009802335288640555
chr14,0,10,7,0.13605567905632585
chr14,0,11,7,0.01560999313792671
chr14,1,0,7,0.09690939254711568
chr14,1,1,7,-0.023094628197713813
chr14,1,2,7,-0.09783083256940626
chr14,1,3,7,-0.05249078114788291
chr14,1,4,7,0.04608292502280737
chr14,1,5,7,-0.14602510036707658
chr14,1,6,7,-0.00488225397544421
chr14,1,7,7,-0.11420949956527977
chr14,1,8,7,-0.11118465930263643
chr14,1,9,7,0.10930557053094284
chr14,1,10,7,-0.10494895583943416
chr14,1,11,7,0.04201770033472777
chr14,2,0,7,0.07564955856602874
chr14,2,1,7,0.14014010436583382
chr14,2,2,7,-0.01287692845260536
chr14,2,3,7,-0.01598337705975901
chr14,2,4,7,-0.10540298247073368
chr14,2,5,7,-0.18557580250579384
chr14,2,6,7,0.049639326092614434
chr14,2,7,7,-0.08555775948128484
chr14,2,8,7,0.058163120531107074
chr14,2,9,7,-0.138830961711552
chr14,2,10,7,-0.09908464963040499
chr14,2,11,7,-0.06885064001329422
chr14,3,0,7,-0.025343149886348032
chr14,3,1,7,0.08885301870101492
chr14,3,2,7,0.1915920857607609
chr14,3,3,7,-0.035871643839498736
chr14,3,4,7,-0.19110879341917336
chr14,3,5,7,0.011972195630437202
chr14,3,6,7,0.07717727890831584
chr14,3,7,7,-0.035385424212255184
chr14,3,8,7,0.08509090445221622
chr14,3,9,7,0.15686930848489114
chr14,3,10,7,-0.15059469799413755
chr14,3,11,7,0.11611038697496434
chr14,4,0,7,-0.0395028153332594
chr14,4,1,7,-0.1404034362594183
chr14,4,2,7,-0.059721750014685084
chr14,4,3,7,0.1597673258496389
chr14,4,4,7,-0.14912751241542782
chr14,4,5,7,-0.16284262743951597
chr14,4,6,7,0.053159259365016795
chr14,4,7,7,-0.03914537446405927
chr14,4,8,7,-0.04382188412648237
chr14,4,9,7,0.04664156963244522
chr14,4,10,7,-0.030785143101044517
chr14,4,11,7,-0.05424610913922678
chr14,5,0,7,-0.0407638509412309
chr14,5,1,7,0.008256531203626303
chr14,5,2,7,-0.1342215923210656
chr14,5,3,7,0.04071614263086053
chr14,5,4,7,0.05753091518249694
chr14,5,5,7,-0.05877408578977163
chr14,5,6,7,0.06297768585280943
chr14,5,7,7,0.12953791386172578
chr14,5,8,7,0.014614256853679437
chr14,5,9,7,0.11957054929767204
chr14,5,10,7,0.10541945118034898
chr14,5,11,7,-0.0950648544610542
chr14,6,0,7,0.12539356036025012
chr14,6,1,7,0.10473817258413898
chr14,6,2,7,0.0984672957720325
chr14,6,3,7,0.07784165340079581
chr14,6,4,7,0.006541843409310054
chr14,6,5,7,0.15446350337051878
chr14,6,6,7,-0.03492375281369812
chr14,6,7,7,0.12907350339131485
chr14,6,8,7,0.06062886215135873
chr14,6,9,7,0.12218889286365008
chr14,6,10,7,0.03681489647965649
chr14,6,11,7,0.06074669653943654
chr14,7,0,7,0.12505210402877306
chr14,7,1,7,-0.10298600188248942
chr14,7,2,7,-0.08564350723404153
chr14,7,3,7,0.05667538525514434
chr14,7,4,7,0.05493687554382026
chr14,7,5,7,0.11242192507757132
chr14,7,6,7,0.03407058948598828
chr14,7,7,7,0.08762910307795872
chr14,7,8,7,-0.10185863297956377
chr14,7,9,7,-0.11125593856749481
chr14,7,10,7,0.1467037384056833
chr14,7,11,7,0.11867566086190108
chr14,8,0,7,-0.03424314494607111
chr14,8,1,7,-0.15807854225975396
chr14,8,2,7,0.03214115606607863
chr14,8,3,7,0.3144616965929355
chr14,8,4,7,0.04914899109907047
chr14,8,5,7,0.06984006980605599
chr14,8,6,7,-0.16445773648017895
chr14,8,7,7,0.17262973093186224
chr14,8,8,7,-0.22019032626030313
chr14,8,9,7,-0.15323590050468341
chr14,8,10,7,-0.025743690330532396
chr14,8,11,7,-0.0951385850337432
chr14,9,0,7,-0.056018212208616004
chr14,9,1,7,-0.19303749966005196
chr14,9,2,7,-0.105649043573052
chr14,9,3,7,0.00524580825564636
chr14,9,4,7,0.30470910795729284
chr14,9,5,7,-0.15168845336093498
chr14,9,6,7,0.09460573099116296
chr14,9,7,7,0.027472829724501567
chr14,9,8,7,-0.13965684064997802
chr14,9,9,7,-0.36725390895179943
chr14,9,10,7,-0.10559731168059537
chr14,9,11,7,0.17795891559926674
chr14,10,0,7,-0.14983257753026433
chr14,10,1,7,-0.111888354097104
chr14,10,2,7,-0.027662730656101087
chr14,10,3,7,-0.07990742839927016
chr14,10,4,7,-0.15409875921655708
chr14,10,5,7,-0.2158834293026555
chr14,10,6,7,0.04373686450665966
chr14,10,7,7,0.07510452170496251
chr14,10,8,7,-0.1794088809728583
chr14,10,9,7,-0.18680690649237147
chr14,10,10,7,-0.01939705605713523
chr14,10,11,7,-0.12178931839357961
chr14,11,0,7,-0.04095000219546584
chr14,11,1,7,-0.05721891578900965
chr14,11,2,7,0.019965926173633214
chr14,11,3,7,-0.08756798461220898
chr14,11,4,7,0.022635587419587686
chr14,11,5,7,-0.12485730762302609
chr14,11,6,7,-0.05765387544618165
chr14,11,7,7,-0.0026945666059688005
chr14,11,8,7,-0.0883029993507927
chr14,11,9,7,-0.06629955102376923
chr14,11,10,7,-0.3176504933782668
chr14,11,11,7,0.002454485996626704
chr15,0,0,4,0.14550039206972912
chr15,0,1,4,-0.15547824775866995
chr15,0,2,4,-0.242604790848146
chr15,0,3,4,-0.3187521742795528
chr15,0,4,4,-0.2564820196038419
chr15,0,5,4,-0.12050269910913311
chr15,0,6,4,-0.05607840147270313
chr15,0,7,4,-0.33148847459578734
chr15,0,8,4,-0.27746016130530093
chr15,0,9,4,0.038876487151223285
chr15,0,10,4,-0.18593376556330762
chr15,0,11,4,-0.13633558786347888
chr15,1,0,4,-0.27189562043828885
chr15,1,1,4,0.05871341060447602
chr15,1,2,4,0.24610258985940905
chr15,1,3,4,0.09045593785754885
chr15,1,4,4,-0.10143604716901836
chr15,1,5,4,0.10386686772506853
chr15,1,6,4,-0.023786722726533538
chr15,1,7,4,-0.11119299816162784
chr15,1,8,4,0.14626543462219826
chr15,1,9,4,-0.03899390128258495
chr15,1,10,4,-0.07903876276195922
chr15,1,11,4,0.029295866746920425
chr15,2,0,4,0.14111008215075369
chr15,2,1,4,-0.050391971531372926
chr15,2,2,4,-0.17531284510896109
chr15,2,3,4,-0.001260453397917291
chr15,2,4,4,0.03956618539406529
chr15,2,5,4,-0.14080178110229755
chr15,2,6,4,-0.023752995884384176
chr15,2,7,4,0.02187867456413604
chr15,2,8,4,0.03911040969576988
chr15,2,9,4,0.17570824443211353
chr15,2,10,4,0.25596139108691496
chr15,2,11,4,-0.1133857552400098
chr15,3,0,4,0.09908861980403072
chr15,3,1,4,0.08406798689435033
chr15,3,2,4,0.001323307285114296
chr15,3,3,4,-0.12669712344345302
chr15,3,4,4,0.12897195085045954
chr15,3,5,4,-0.09157251917905207
chr15,3,6,4,-0.05443587710211585
chr15,3,7,4,-0.03502753967141038
chr15,3,8,4,0.09808569209244605
chr15,3,9,4,0.044070070652688954
chr15,3,10,4,-0.04454123988380937
chr15,3,11,4,0.018189152333822484
chr15,4,0,4,0.02605015385505155
chr15,4,1,4,0.08193926837052572
chr15,4,2,4,0.07000087399736073
chr15,4,3,4,-0.068157445127948
chr15,4,4,4,-0.13094654246051912
chr15,4,5,4,-0.049848639425110176
chr15,4,6,4,-0.2973128681856582
chr15,4,7,4,-0.14898172589053052
chr15,4,8,4,0.05852925117872769
chr15,4,9,4,0.1214409315684593
chr15,4,10,4,-0.10878379870231343
chr15,4,11,4,-0.06750248688381491
chr15,5,0,4,-0.025467139493176923
chr15,5,1,4,-0.1529245919057208
chr15,5,2,4,0.12400331533868894
chr15,5,3,4,-0.1422315223661249
chr15,5,4,4,0.03526141490026902
chr15,5,5,4,-0.2852062351932864
chr15,5,6,4,0.00047621802224433185
chr15,5,7,4,-0.27137450531457574
chr15,5,8,4,-0.19237190409043953
chr15,5,9,4,0.16434950804768045
chr15,5,10,4,-0.036664948398113434
chr15,5,11,4,0.009167202148480012
chr15,6,0,4,-0.015929767938833585
chr15,6,1,4,-0.019595729728474186
chr15,6,2,4,-0.3082202467169334
chr15,6,3,4,-0.12943984665621516
chr15,6,4,4,-0.010203199917618994
chr15,6,5,4,-0.14224865800585695
chr15,6,6,4,-0.006155421531941397
chr15,6,7,4,-0.14468545467696575
chr15,6,8,4,-0.0738887360917914
chr15,6,9,4,-0.03236430151750935
chr15,6,10,4,0.03690916339000405
chr15,6,11,4,-0.17529095353130314
chr15,7,0,4,-0.04223415104308957
chr15,7,1,4,0.13286896953643104
chr15,7,2,4,-0.12895048224366573
chr15,7,3,4,0.15864448410353807
chr15,7,4,4,0.2743466057374083
chr15,7,5,4,-0.4539352986830152
chr15,7,6,4,0.21324569721864917
chr15,7,7,4,0.3264888416942917
chr15,7,8,4,0.028300591652790873
chr15,7,9,4,0.08356372414451352
chr15,7,10,4,0.0894981052937579
chr15,7,11,4,-0.10085120284377824
chr15,8,0,4,0.09834933664592156
chr15,8,1,4,-0.22754314583408256
chr15,8,2,4,0.2149980693565874
chr15,8,3,4,0.041125590538334617
chr15,8,4,4,-0.02502916408516854
chr15,8,5,4,0.3461546140154687
chr15,8,6,4,-0.02311580930158995
chr15,8,7,4,0.04778476826748592
chr15,8,8,4,-0.06486590269751709
chr15,8,9,4,0.3770779480904904
chr15,8,10,4,-0.3398334054113936
chr15,8,11,4,-0.009159323179094708
chr15,9,0,4,0.03268048425878828
chr15,9,1,4,-0.05701931689873925
chr15,9,2,4,0.11223703375609703
chr15,9,3,4,-0.18258802157828294
chr15,9,4,4,0.016420974809639763
chr15,9,5,4,-0.09837576444205084
chr15,9,6,4,-0.12313342890475923
chr15,9,7,4,-0.12642020769011023
chr15,9,8,4,0.14740912659776229
chr15,9,9,4,-0.061892429632810594
chr15,9,10,4,-0.17688336696762846
chr15,9,11,4,-0.16501623555359712
chr15,10,0,4,0.1541659638133043
chr15,10,1,4,0.07814543781223798
chr15,10,2,4,0.08012193630216984
chr15,10,3,4,-0.3237979890307022
chr15,10,4,4,-0.12120912822916008
chr15,10,5,4,-0.040520687875142444
chr15,10,6,4,-0.036447712554269415
chr15,10,7,4,0.06943336994230215
chr15,10,8,4,-0.047912108682124324
chr15,10,9,4,-0.18265050353842008
chr15,10,10,4,-0.06246374213583969
chr15,10,11,4,-0.05752676247356906
chr15,11,0,4,-0.26097116906993756
chr15,11,1,4,-0.003996158933354033
chr15,11,2,4,0.2001882145537651
chr15,11,3,4,-0.18198700111597327
chr15,11,4,4,0.0462834578515638
chr15,11,5,4,-0.1826025944806044
chr15,11,6,4,-0.08572408533567671
chr15,11,7,4,-0.1062453596302777
chr15,11,8,4,0.0445701483087422
chr15,11,9,4,-0.08065739609933292
chr15,11,10,4,-0.24155671089155153
chr15,11,11,4,-0.09105514082288668
chr16,0,0,8,0.09938999966750864
chr16,0,1,8,0.0005270490813069698
chr16,0,2,8,0.06674895179608574
chr16,0,3,8,-0.14391653419445952
chr16,0,4,8,-0.10635009032943413
chr16,0,5,8,0.031318165575126074
chr16,0,6,8,0.03211535969495524
chr16,0,7,8,-0.05032720571658137
chr16,0,8,8,0.022344992386624185
chr16,0,9,8,-0.07797535015713652
chr16,0,10,8,-0.08458183989309181
chr16,0,11,8,0.0785457225479971
chr16,1,0,8,-0.1499197050219119
chr16,1,1,8,0.18019721032769975
chr16,1,2,8,0.20771939784211585
chr16,1,3,8,0.038002186111293426
chr16,1,4,8,-0.029235892237980815
chr16,1,5,8,0.1131410155865434
chr16,1,6,8,0.11578570234373106
chr16,1,7,8,0.23360158400721684
chr16,1,8,8,0.19735833998183278
chr16,1,9,8,0.04952075553154982
chr16,1,10,8,-0.14755723676139096
chr16,1,11,8,-0.11318751685663482
chr16,2,0,8,0.10512206875199506
chr16,2,1,8,0.13746249621650283
chr16,2,2,8,0.010753733656241622
chr16,2,3,8,0.07051126568978251
chr16,2,4,8,0.013458185042773102
chr16,2,5,8,0.02731637509772719
chr16,2,6,8,0.010124991176043166
chr16,2,7,8,0.1930185406995978
chr16,2,8,8,0.11595659670007219
chr16,2,9,8,0.06785390039010859
chr16,2,10,8,0.18017428864691698
chr16,2,11,8,0.0769832471092542
chr16,3,0,8,-0.12193035408610836
chr16,3,1,8,-0.01149667057261769
chr16,3,2,8,0.1675173657325285
chr16,3,3,8,0.1744203200189958
chr16,3,4,8,-0.000597467109783964
chr16,3,5,8,-0.02435558615422942
chr16,3,6,8,0.0787015493763161
chr16,3,7,8,-0.08972824187125367
chr16,3,8,8,0.05506597898511731
chr16,3,9,8,-0.0644252647226319
chr16,3,10,8,0.0016849614251354256
chr16,3,11,8,-0.09888548122161037
chr16,4,0,8,0.25033400713445964
chr16,4,1,8,0.20428421807277894
chr16,4,2,8,0.2751752713021084
chr16,4,3,8,0.1368733058955055
chr16,4,4,8,0.04618863787550341
chr16,4,5,8,0.009278502784999523
chr16,4,6,8,0.28569753708230267
chr16,4,7,8,0.20264418484861443
chr16,4,8,8,0.08180322701182743
chr16,4,9,8,-0.06968539838659368
chr16,4,10,8,-0.01731871516419705
chr16,4,11,8,-0.06074606115613356
chr16,5,0,8,-0.038373903566530164
chr16,5,1,8,0.090608532198027
chr16,5,2,8,0.13535602338300784
chr16,5,3,8,0.026785928953064517
chr16,5,4,8,-0.06942234199009115
chr16,5,5,8,0.05378511764525031
chr16,5,6,8,0.02176139731214627
chr16,5,7,8,0.05338496288431291
chr16,5,8,8,0.009713341081062837
chr16,5,9,8,0.027861951264968612
chr16,5,10,8,-0.18374564052384543
chr16,5,11,8,-0.039404241200706513
chr16,6,0,8,0.03715943430888466
chr16,6,1,8,-0.18965877709233947
chr16,6,2,8,-0.04902665231574529
chr16,6,3,8,-0.010214053186033377
chr16,6,4,8,-0.015243412659477103
chr16,6,5,8,0.12595685981964494
chr16,6,6,8,-0.023874213773883032
chr16,6,7,8,0.07227978804261484
chr16,6,8,8,0.02034413159969778
chr16,6,9,8,-0.17078805644209233
chr16,6,10,8,0.1467442471895523
chr16,6,11,8,-0.15975299621700123
chr16,7,0,8,-0.170427350324237
chr16,7,1,8,0.1501032449479096
chr16,7,2,8,0.054744753841727445
chr16,7,3,8,0.21668630465864328
chr16,7,4,8,0.28275013294633405
chr16,7,5,8,-0.005589046005907847
chr16,7,6,8,0.08392237051689033
chr16,7,7,8,0.1397807379911608
chr16,7,8,8,0.14768087172507605
chr16,7,9,8,0.14794153218243689
chr16,7,10,8,-0.16272569707114087
chr16,7,11,8,-0.05471622478114331
chr16,8,0,8,-0.07275848404064228
chr16,8,1,8,0.08151597895318752
chr16,8,2,8,-0.10180575877966316
chr16,8,3,8,0.05537049410392708
chr16,8,4,8,-0.0928410216285426
chr16,8,5,8,0.06108958664416282
chr16,8,6,8,-0.054227945900146304
chr16,8,7,8,0.14474944746548243
chr16,8,8,8,0.09956336265572585
chr16,8,9,8,-0.027890139737256923
chr16,8,10,8,0.15519710502045092
chr16,8,11,8,-0.1793039545115584
chr16,9,0,8,0.20824066824200568
chr16,9,1,8,-0.14122621044672368
chr16,9,2,8,-0.12841695944393025
chr16,9,3,8,0.018756934433549304
chr16,9,4,8,0.022573052769289878
chr16,9,5,8,-0.10399674603606394
chr16,9,6,8,0.19093149409547197
chr16,9,7,8,-0.10810561806609947
chr16,9,8,8,0.21750598065329402
chr16,9,9,8,-0.06536389733748105
chr16,9,10,8,0.09417577278220282
chr16,9,11,8,-0.0047310122835573405
chr16,10,0,8,0.06501664972360813
chr16,10,1,8,0.1163735640494269
chr16,10,2,8,-0.006516066364648073
chr16,10,3,8,0.026187789832890596
chr16,10,4,8,-0.0357465224441433
chr16,10,5,8,-0.196896082502791
chr16,10,6,8,0.08444190109109335
chr16,10,7,8,0.16893705733678271
chr16,10,8,8,-0.05005829593862879
chr16,10,9,8,0.02076213809426837
chr16,10,10,8,0.09903269831278388
chr16,10,11,8,0.06225310076694185
chr16,11,0,8,0.056459050505399996
chr16,11,1,8,0.06932477018792912
chr16,11,2,8,-0.11772348847036682
chr16,11,3,8,0.023718953523637336
chr16,11,4,8,0.008275353976358021
chr16,11,5,8,-0.0367101258519883
chr16,11,6,8,-0.05342243019983328
chr16,11,7,8,-0.15288097380953705
chr16,11,8,8,0.08001632227221386
chr16,11,9,8,0.11367000686392943
chr16,11,10,8,-0.01005651084054543
chr16,11,11,8,-0.08812574186581107
chr17,0,0,15,-0.05735030032567189
chr17,0,1,15,0.04301852656044078
chr17,0,2,15,-0.04562744731088944
chr17,0,3,15,0.031008478591006455
chr17,0,4,15,-0.006993669539453289
chr17,0,5,15,-0.05066402020084172
chr17,0,6,15,-0.07683147429541708
chr17,0,7,15,0.06133901899384956
chr17,0,8,15,-0.03346974775075979
chr17,0,9,15,-0.017921899475998884
chr17,0,10,15,0.09918413007590461
chr17,0,11,15,-0.05176838004220309
chr17,1,0,15,0.09270379808371366
chr17,1,1,15,-0.04527313199616646
chr17,1,2,15,-0.020878512153563598
chr17,1,3,15,-0.06715986329331788
chr17,1,4,15,0.0841297620645632
chr17,1,5,15,-0.08450565483792903
chr17,1,6,15,0.04120018075599717
chr17,1,7,15,-0.12961393764334592
chr17,1,8,15,-0.1248704920580682
chr17,1,9,15,-0.053207461477164784
chr17,1,10,15,0.08800912711397167
chr17,1,11,15,0.11030556665948045
chr17,2,0,15,0.03154288755152316
chr17,2,1,15,0.09716605432074991
chr17,2,2,15,0.013672073701431857
chr17,2,3,15,0.04230641343925837
chr17,2,4,15,0.028264390497964496
chr17,2,5,15,-0.12311121806413289
chr17,2,6,15,0.061492475721003956
chr17,2,7,15,0.024424973014656803
chr17,2,8,15,0.04848172073784009
chr17,2,9,15,-0.01381259634698017
chr17,2,10,15,0.10896702481332857
chr17,2,11,15,-0.035886624954265686
chr17,3,0,15,0.06158238711649262
chr17,3,1,15,0.11036824246779771
chr17,3,2,15,0.08431248080926237
chr17,3,3,15,-0.052398998554147355
chr17,3,4,15,-0.029194552008387782
chr17,3,5,15,0.040768989650203515
chr17,3,6,15,-0.01751282431687089
chr17,3,7,15,-0.0011698086541445127
chr17,3,8,15,0.057317612632795584
chr17,3,9,15,0.07189512960561452
chr17,3,10,15,-0.028501862136770917
chr17,3,11,15,0.06128016599148515
chr17,4,0,15,-0.09937502303574723
chr17,4,1,15,-0.1122698241320508
chr17,4,2,15,-0.0681489427636598
chr17,4,3,15,-0.0905313294066286
chr17,4,4,15,-0.12139982885337677
chr17,4,5,15,-0.01572586107604653
chr17,4,6,15,0.042094122255061595
chr17,4,7,15,-0.01100178719080939
chr17,4,8,15,-0.07536952155178063
chr17,4,9,15,-0.0871904145054384
chr17,4,10,15,0.07984600639076822
chr17,4,11,15,0.05154638426296269
chr17,5,0,15,-0.06591804511866298
chr17,5,1,15,-0.010492721186063201
chr17,5,2,15,-0.06700310100234307
chr17,5,3,15,0.1008714197519073
chr17,5,4,15,-0.024032513918866436
chr17,5,5,15,-0.011121124394946055
chr17,5,6,15,-0.058873163750244234
chr17,5,7,15,0.057199075593620405
chr17,5,8,15,-0.008910695999480502
chr17,5,9,15,-0.038660204736788
chr17,5,10,15,0.09156248592901493
chr17,5,11,15,0.020852400931195288
chr17,6,0,15,0.0121588866166163
chr17,6,1,15,0.11665913464141156
chr17,6,2,15,0.021396913948226196
chr17,6,3,15,-0.11639242786944151
chr17,6,4,15,-0.03303370611982628
chr17,6,5,15,0.017511333294272576
chr17,6,6,15,-0.08563981587718716
chr17,6,7,15,0.04372306635856565
chr17,6,8,15,0.08184465365281014
chr17,6,9,15,0.028376111792184747
chr17,6,10,15,-0.042046727109029416
chr17,6,11,15,0.019415531913653323
chr17,7,0,15,0.08389082577592209
chr17,7,1,15,-0.06275953373132613
chr17,7,2,15,-0.12209801423874125
chr17,7,3,15,-0.08911947127385418
chr17,7,4,15,-0.009271533488055565
chr17,7,5,15,0.07335621327120419
chr17,7,6,15,-0.07651705475211694
chr17,7,7,15,0.017512130521031385
chr17,7,8,15,-0.07253185293801169
chr17,7,9,15,-0.07276715278784604
chr17,7,10,15,0.08193425086420077
chr17,7,11,15,0.06302875978560012
chr17,8,0,15,0.03342661251384718
chr17,8,1,15,0.014598816925923049
chr17,8,2,15,-0.020484625344425928
chr17,8,3,15,-0.04925594966831193
chr17,8,4,15,-0.08050530423291721
chr17,8,5,15,-0.007058837263261223
chr17,8,6,15,0.039881216117396784
chr17,8,7,15,-0.0660648662995528
chr17,8,8,15,0.11597342271702855
chr17,8,9,15,0.039010031746690536
chr17,8,10,15,0.029796969903060008
chr17,8,11,15,0.003022108962950957
chr17,9,0,15,0.06647716098789659
chr17,9,1,15,-0.015621932098084787
chr17,9,2,15,0.022124234639545586
chr17,9,3,15,0.01060435783625351
chr17,9,4,15,0.07038843035680523
chr17,9,5,15,0.027251271402348266
chr17,9,6,15,-0.01029615296595848
chr17,9,7,15,0.05528315207517862
chr17,9,8,15,-0.03255985332292826
chr17,9,9,15,0.02937987758138078
chr17,9,10,15,0.07173772044898487
chr17,9,11,15,-0.08737728502227991
chr17,10,0,15,0.14660598702433822
chr17,10,1,15,0.0666520823827777
chr17,10,2,15,0.19596611712383602
chr17,10,3,15,0.01290022172152212
chr17,10,4,15,0.05701895596364077
chr17,10,5,15,0.07155724798684175
chr17,10,6,15,0.1118038547397124
chr17,10,7,15,0.09371901942961883
chr17,10,8,15,0.011687796959398223
chr17,10,9,15,0.03785597424276744
chr17,10,10,15,0.04820730096985522
chr17,10,11,15,0.06830106645964186
chr17,11,0,15,-0.09081725353792439
chr17,11,1,15,0.0964713881523397
chr17,11,2,15,0.00707749688796175
chr17,11,3,15,0.019912976147496254
chr17,11,4,15,0.033712088034585946
chr17,11,5,15,0.04478934548840783
chr17,11,6,15,0.1178677103424641
chr17,11,7,15,0.11784843223216025
chr17,11,8,15,-0.0863962150418714
chr17,11,9,15,-0.04505019060586569
chr17,11,10,15,-0.04012418143927971
chr17,11,11,15,-0.03249801575232771
chr18,0,0,3,-0.12897760989355492
chr18,0,1,3,-0.13541695693331607
chr18,0,2,3,0.021936914317249617
chr18,0,3,3,-0.017735209419241116
chr18,0,4,3,0.030222959193180705
chr18,0,5,3,0.12280604698475893
chr18,0,6,3,0.03738616321985236
chr18,0,7,3,-0.04674890973408157
chr18,0,8,3,0.08428563545115797
chr18,0,9,3,0.04368951791893908
chr18,0,10,3,0.0752601056931113
chr18,0,11,3,0.09278195848651234
chr18,1,0,3,-0.23233218491807692
chr18,1,1,3,-0.25846296799961654
chr18,1,2,3,0.034292545880587444
chr18,1,3,3,0.11640599087915865
chr18,1,4,3,-0.05012546570960727
chr18,1,5,3,0.09841666976395397
chr18,1,6,3,0.1126699640497637
chr18,1,7,3,0.09481162392449799
chr18,1,8,3,0.10817313975815368
chr18,1,9,3,0.038401638392440235
chr18,1,10,3,0.11650030927712514
chr18,1,11,3,-0.07601095659349515
chr18,2,0,3,0.0438357876959898
chr18,2,1,3,-0.13868462114195992
chr18,2,2,3,0.1898934437642917
chr18,2,3,3,-0.4186860725591656
chr18,2,4,3,0.07349087084476151
chr18,2,5,3,0.07792339523135848
chr18,2,6,3,-0.2687944188756974
chr18,2,7,3,0.021411663697048982
chr18,2,8,3,0.06172934381463832
chr18,2,9,3,-0.057089095881769865
chr18,2,10,3,-0.173547062519012
chr18,2,11,3,0.12384259562466686
chr18,3,0,3,-0.10559202585871612
chr18,3,1,3,-0.001232855193005311
chr18,3,2,3,-0.02680614410891301
chr18,3,3,3,0.08417037195992332
chr18,3,4,3,-0.10994746643293057
chr18,3,5,3,-0.12570571696627242
chr18,3,6,3,0.18121647156382634
chr18,3,7,3,0.13231948669988494
chr18,3,8,3,-0.014269916717515596
chr18,3,9,3,0.18354223106273246
chr18,3,10,3,-0.21324703885578788
chr18,3,11,3,0.1331427763840526
chr18,4,0,3,-0.17524478315956135
chr18,4,1,3,-0.18812818426030686
chr18,4,2,3,-0.1833837124382315
chr18,4,3,3,0.23888563194871845
chr18,4,4,3,-0.005546834670680428
chr18,4,5,3,0.34844724464076254
chr18,4,6,3,-0.08844013016097697
chr18,4,7,3,-0.14764436431504613
chr18,4,8,3,-0.10460696534245423
chr18,4,9,3,0.13243959261851843
chr18,4,10,3,-0.24746974563635918
chr18,4,11,3,0.31837278074435105
chr18,5,0,3,-0.12898969493777282
chr18,5,1,3,-0.08211011193440375
chr18,5,2,3,-0.1835653543312273
chr18,5,3,3,-0.2994517540382238
chr18,5,4,3,-0.15314495009905096
chr18,5,5,3,0.2914206468937474
chr18,5,6,3,-0.11025625940304619
chr18,5,7,3,-0.2545924460734207
chr18,5,8,3,-0.13625305621212905
chr18,5,9,3,-0.34306490349497026
chr18,5,10,3,0.0749855093278578
chr18,5,11,3,-0.29736135712565614
chr18,6,0,3,-0.22759223806836684
chr18,6,1,3,-0.20780122791305564
chr18,6,2,3,0.1630879548863619
chr18,6,3,3,0.08834444633509862
chr18,6,4,3,0.12191709486665059
chr18,6,5,3,0.07176557548722887
chr18,6,6,3,0.1532629268910705
chr18,6,7,3,0.050490127543492004
chr18,6,8,3,-0.3253739640292892
chr18,6,9,3,0.23368342375095366
chr18,6,10,3,0.05892807296194416
chr18,6,11,3,0.28986555992280344
chr18,7,0,3,0.1679943133445487
chr18,7,1,3,-0.26079967359908424
chr18,7,2,3,0.41528362857627954
chr18,7,3,3,-0.36200881991247913
chr18,7,4,3,-0.3480618252739201
chr18,7,5,3,-0.11800366842978083
chr18,7,6,3,-0.2630298785510381
chr18,7,7,3,-0.12110138693073152
chr18,7,8,3,-0.1647495273998815
chr18,7,9,3,-0.20532477303578256
chr18,7,10,3,0.08743829923315545
chr18,7,11,3,-0.3882155206197351
chr18,8,0,3,0.2610636338507692
chr18,8,1,3,-0.08882471056846353
chr18,8,2,3,-0.06057932229166783
chr18,8,3,3,0.03216484746331847
chr18,8,4,3,0.2297019429871706
chr18,8,5,3,0.27064425317261726
chr18,8,6,3,-0.3041014703078544
chr18,8,7,3,-0.021237541546476113
chr18,8,8,3,0.03806153628866701
chr18,8,9,3,0.2432330494345644
chr18,8,10,3,-0.31458852451703834
chr18,8,11,3,0.30286735483040256
chr18,9,0,3,-0.3465950721759475
chr18,9,1,3,0.15494483145726815
chr18,9,2,3,0.409942358123514
chr18,9,3,3,0.3227232724487183
chr18,9,4,3,-0.27663521353292525
chr18,9,5,3,-0.0861344781420814
chr18,9,6,3,0.0034529754607929286
chr18,9,7,3,-0.2747742389628685
chr18,9,8,3,0.011760446140216188
chr18,9,9,3,0.29064328332612943
chr18,9,10,3,0.039820478554590664
chr18,9,11,3,0.01390581548039399
chr18,10,0,3,-0.1580976538845805
chr18,10,1,3,-0.3593911007456456
chr18,10,2,3,-0.3134793733042898
chr18,10,3,3,0.2099343736939323
chr18,10,4,3,0.04497415857431255
chr18,10,5,3,-0.08493596686728838
chr18,10,6,3,0.12030906761520338
chr18,10,7,3,-0.1078591755344901
chr18,10,8,3,0.2754105249122513
chr18,10,9,3,0.4406830013250127
chr18,10,10,3,-0.125449672623654
chr18,10,11,3,-0.045627364684032806
chr18,11,0,3,0.23643937889706945
chr18,11,1,3,-0.1385529494923309
chr18,11,2,3,0.09874996622639771
chr18,11,3,3,-0.27827297956059255
chr18,11,4,3,-0.0670493698601402
chr18,11,5,3,-0.001806129433923535
chr18,11,6,3,-0.20878645823408104
chr18,11,7,3,0.018255703350821828
chr18,11,8,3,0.009893252503556863
chr18,11,9,3,-0.37658597323480847
chr18,11,10,3,0.08428688708339428
chr18,11,11,3,-0.038901714896151664
chr19,0,0,13,-0.03693174819561059
chr19,0,1,13,-0.07100539887061971
chr19,0,2,13,-0.09040033210338329
chr19,0,3,13,-0.0017428084877685378
chr19,0,4,13,-0.05562146859411185
chr19,0,5,13,-0.1100021203953186
chr19,0,6,13,-0.035882585772617576
chr19,0,7,13,-0.07540447428900586
chr19,0,8,13,-0.10780427049544977
chr19,0,9,13,-0.15456534031600927
chr19,0,10,13,-0.0036244954404821604
chr19,0,11,13,-0.08996826887857426
chr19,1,0,13,-0.00751061957239017
chr19,1,1,13,0.018074497038972816
chr19,1,2,13,-0.004337044464848582
chr19,1,3,13,-0.04167558219898019
chr19,1,4,13,0.03608667039393638
chr19,1,5,13,-0.04774557072716146
chr19,1,6,13,-0.05359880040550524
chr19,1,7,13,-0.039846989001889065
chr19,1,8,13,0.044787608662921814
chr19,1,9,13,-0.13450283873556948
chr19,1,10,13,0.052299669274871764
chr19,1,11,13,-0.00494840641414324
chr19,2,0,13,-0.009994893013377483
chr19,2,1,13,-0.08813136906180687
chr19,2,2,13,-0.09809250681277307
chr19,2,3,13,0.011705993402788521
chr19,2,4,13,-0.07538946677208622
chr19,2,5,13,-0.05215264646595382
chr19,2,6,13,-0.14943102697412625
chr19,2,7,13,0.026030674596467334
chr19,2,8,13,-0.05564074522417983
chr19,2,9,13,0.012964773488918462
chr19,2,10,13,-0.01748152140945922
chr19,2,11,13,0.05383777868819899
chr19,3,0,13,-0.09935232020563559
chr19,3,1,13,-0.060321149920771006
chr19,3,2,13,0.044459227631271976
chr19,3,3,13,-0.03860732362333653
chr19,3,4,13,0.001478959267834295
chr19,3,5,13,0.03487208615015012
chr19,3,6,13,-0.1175934370293576
chr19,3,7,13,-0.10333263933561694
chr19,3,8,13,-0.0380490914904778
chr19,3,9,13,0.025090566384626093
chr19,3,10,13,-0.04527922096000937
chr19,3,11,13,0.03211605417204096
chr19,4,0,13,0.03522271095187128
chr19,4,1,13,0.06219763991095547
chr19,4,2,13,0.006494636796463922
chr19,4,3,13,-0.024839100616009628
chr19,4,4,13,-0.15503205532760556
chr19,4,5,13,0.020200495437883027
chr19,4,6,13,-0.09870393238481898
chr19,4,7,13,0.0626299317078334
chr19,4,8,13,-0.1342700381187682
chr19,4,9,13,0.06590218088350491
chr19,4,10,13,0.028619802305853956
chr19,4,11,13,-0.04090339127294522
chr19,5,0,13,-0.12779226885426898
chr19,5,1,13,-0.14545287599510204
chr19,5,2,13,-0.0348439255899972
chr19,5,3,13,-0.10592815266326658
chr19,5,4,13,-0.007343220130341115
chr19,5,5,13,0.008775303288974062
chr19,5,6,13,-0.09993945804800775
chr19,5,7,13,-0.025771929714790136
chr19,5,8,13,-0.14439300869882615
chr19,5,9,13,0.006227675298648974
chr19,5,10,13,-0.06885741040666875
chr19,5,11,13,-0.050678687103483805
chr19,6,0,13,-0.07086084124829559
chr19,6,1,13,-0.038878978088874076
chr19,6,2,13,-0.18198803196953367
chr19,6,3,13,0.03683984544533628
chr19,6,4,13,-0.021418463290119268
chr19,6,5,13,0.02305954513184821
chr19,6,6,13,0.02644859738343044
chr19,6,7,13,-0.004345894703251553
chr19,6,8,13,-0.13040981917011524
chr19,6,9,13,0.0033613649489158295
chr19,6,10,13,-0.05246931656483395
chr19,6,11,13,0.005476438971951902
chr19,7,0,13,-0.013422591938648604
chr19,7,1,13,-0.03168070788388444
chr19,7,2,13,0.051884801580072595
chr19,7,3,13,-0.036645026465398675
chr19,7,4,13,0.13311412783134574
chr19,7,5,13,-0.14576421158664213
chr19,7,6,13,0.13316115243977716
chr19,7,7,13,0.16839010576189958
chr19,7,8,13,-0.0023827820267806866
chr19,7,9,13,-0.006796954614990396
chr19,7,10,13,-0.03478181900337398
chr19,7,11,13,-0.0031589843336288395
chr19,8,0,13,0.14536787251742955
chr19,8,1,13,0.03387951693122903
chr19,8,2,13,0.20068425510724647
chr19,8,3,13,0.011572479182972124
chr19,8,4,13,-0.004083460754482873
chr19,8,5,13,0.10828248209931217
chr19,8,6,13,0.03957963455808286
chr19,8,7,13,-0.0014365464616857752
chr19,8,8,13,0.08781072093228401
chr19,8,9,13,0.06928618580580805
chr19,8,10,13,0.00848419312227034
chr19,8,11,13,0.03883162181265117
chr19,9,0,13,0.06298993219797347
chr19,9,1,13,0.0007986177608236107
chr19,9,2,13,0.01535236130951989
chr19,9,3,13,-0.1664117046742089
chr19,9,4,13,-0.011351017107499669
chr19,9,5,13,-0.02978999551654345
chr19,9,6,13,-0.0802953694648766
chr19,9,7,13,-0.04748809051766462
chr19,9,8,13,0.010002484958790718
chr19,9,9,13,-0.07112242860223074
chr19,9,10,13,-0.13430654603459793
chr19,9,11,13,-0.007538315270802975
chr19,10,0,13,-0.005968539541266778
chr19,10,1,13,0.024573465870872006
chr19,10,2,13,2.0709467047182078e-05
chr19,10,3,13,-0.04094963323511265
chr19,10,4,13,-0.10307618531652517
chr19,10,5,13,0.06264846573195802
chr19,10,6,13,-0.10371451214833657
chr19,10,7,13,-0.061277989339296395
chr19,10,8,13,-0.04791264442658397
chr19,10,9,13,-0.008577326133895795
chr19,10,10,13,-0.07305433848652824
chr19,10,11,13,-0.01767668663617126
chr19,11,0,13,-0.0625313291152106
chr19,11,1,13,0.04146300663160565
chr19,11,2,13,0.14970569864579403
chr19,11,3,13,-0.08186368979378061
chr19,11,4,13,0.0850752550772482
chr19,11,5,13,-0.06786046403730002
chr19,11,6,13,-0.02895629085507839
chr19,11,7,13,-0.1507819245158913
chr19,11,8,13,0.018896793875123493
chr19,11,9,13,0.0031289118480956656
chr19,11,10,13,0.1434768282688711
chr19,11,11,13,0.05701825778707577
chr2,0,0,28,0.008011591999682504
chr2,0,1,28,0.09784063959849541
chr2,0,2,28,0.01382867712682286
chr2,0,3,28,0.0213276419249919
chr2,0,4,28,0.03365139494503449
chr2,0,5,28,-0.0009732421141036651
chr2,0,6,28,0.010692797003504477
chr2,0,7,28,-0.009985923016980675
chr2,0,8,28,0.04638006069768953
chr2,0,9,28,0.052781981210692205
chr2,0,10,28,0.07348967419444849
chr2,0,11,28,-0.0007504762143128908
chr2,1,0,28,-0.06484717734583091
chr2,1,1,28,0.01746652847809837
chr2,1,2,28,0.07306277207796029
chr2,1,3,28,0.034539519160022895
chr2,1,4,28,0.010648256856161989
chr2,1,5,28,-0.008261563050103747
chr2,1,6,28,-0.01753723358653198
chr2,1,7,28,-0.08350694799256084
chr2,1,8,28,0.04151244025438301
chr2,1,9,28,0.0640734920307232
chr2,1,10,28,-0.017740028951685107
chr2,1,11,28,-0.07447572099051522
chr2,2,0,28,0.026760004525040883
chr2,2,1,28,0.015959115473162637
chr2,2,2,28,-0.10166687238390955
chr2,2,3,28,0.02474824295117184
chr2,2,4,28,-0.032591443919875715
chr2,2,5,28,-0.09360828452141913
chr2,2,6,28,0.010214872517597876
chr2,2,7,28,-0.048615090371115166
chr2,2,8,28,0.00614695001929113
chr2,2,9,28,-0.06941278173989951
chr2,2,10,28,0.014191662451691442
chr2,2,11,28,-0.07248406382777203
chr2,3,0,28,0.05179059105599839
chr2,3,1,28,0.026825140128592696
chr2,3,2,28,0.013268284646145554
chr2,3,3,28,0.028362684966362545
chr2,3,4,28,0.04979431114297516
chr2,3,5,28,-0.07341832360759928
chr2,3,6,28,0.016446066558454615
chr2,3,7,28,0.02815661857252616
chr2,3,8,28,0.09968307819292342
chr2,3,9,28,-0.011752290584507743
chr2,3,10,28,0.029577784560909013
chr2,3,11,28,-0.04668202762372124
chr2,4,0,28,0.05360878226643483
chr2,4,1,28,0.06827494964356062
chr2,4,2,28,0.0997234538813244
chr2,4,3,28,-0.03745074696968782
chr2,4,4,28,-0.04587349272279948
chr2,4,5,28,-0.011532207251621419
chr2,4,6,28,0.10671668177297657
chr2,4,7,28,0.07607526882267215
chr2,4,8,28,0.11025013359422677
chr2,4,9,28,-0.05846526650119062
chr2,4,10,28,0.13365227192036283
chr2,4,11,28,0.09178670393641951
chr2,5,0,28,0.02765458002345287
chr2,5,1,28,0.08251897432652702
chr2,5,2,28,0.07778210084839222
chr2,5,3,28,0.10549944474713331
chr2,5,4,28,0.11514815834749367
chr2,5,5,28,0.014728376018416176
chr2,5,6,28,0.020632495760537117
chr2,5,7,28,0.0548732062576216
chr2,5,8,28,0.04646889368610381
chr2,5,9,28,0.10757487297921187
chr2,5,10,28,0.031200199189905537
chr2,5,11,28,0.0447076009672163
chr2,6,0,28,-0.0646625314145081
chr2,6,1,28,0.047557327485425016
chr2,6,2,28,0.0018018259810805124
chr2,6,3,28,0.030911382214984795
chr2,6,4,28,0.005234691172109897
chr2,6,5,28,-0.007637253173428879
chr2,6,6,28,-0.02360852143156855
chr2,6,7,28,0.02024067301705534
chr2,6,8,28,0.04252967103193065
chr2,6,9,28,0.057162815794427835
chr2,6,10,28,0.008286221847511332
chr2,6,11,28,0.02813022693487006
chr2,7,0,28,-0.05666526283661618
chr2,7,1,28,0.05236491680567283
chr2,7,2,28,-0.08393048055835295
chr2,7,3,28,0.019029146244636908
chr2,7,4,28,0.016387510332067267
chr2,7,5,28,-0.03080144139735248
chr2,7,6,28,0.07283116793788494
chr2,7,7,28,0.05577205372503857
chr2,7,8,28,0.05458945189393515
chr2,7,9,28,0.051764676713132673
chr2,7,10,28,-0.05979013490722222
chr2,7,11,28,0.03496183986028426
chr2,8,0,28,-0.06990398398431495
chr2,8,1,28,-0.01362871982985041
chr2,8,2,28,-0.045820415246789765
chr2,8,3,28,0.09492809033309334
chr2,8,4,28,0.01775233839958061
chr2,8,5,28,0.05127462772254253
chr2,8,6,28,0.00782392476878674
chr2,8,7,28,0.04543316156114558
chr2,8,8,28,0.03401667849949596
chr2,8,9,28,0.009654277247423178
chr2,8,10,28,-0.03009669449921239
chr2,8,11,28,-0.005016436069087146
chr2,9,0,28,0.024757146904992967
chr2,9,1,28,-0.15758102000222154
chr2,9,2,28,-0.12742285664300818
chr2,9,3,28,-0.028463177845836785
chr2,9,4,28,0.10834747737630637
chr2,9,5,28,-0.054646147009300795
chr2,9,6,28,0.010203376747248975
chr2,9,7,28,0.04346386376871907
chr2,9,8,28,0.008128847316148474
chr2,9,9,28,-0.06962264108722215
chr2,9,10,28,-0.1245578402225598
chr2,9,11,28,0.036490988278575456
chr2,10,0,28,0.09052608297312388
chr2,10,1,28,0.04787077832701552
chr2,10,2,28,0.013516287324632198
chr2,10,3,28,0.017282064199021258
chr2,10,4,28,0.03970342711895975
chr2,10,5,28,-1.8943601266031445e-05
chr2,10,6,28,0.029641067484926353
chr2,10,7,28,0.07809488033862164
chr2,10,8,28,-0.10793484870324702
chr2,10,9,28,-0.016059733142550374
chr2,10,10,28,0.02244649283778146
chr2,10,11,28,0.0495593089723275
chr2,11,0,28,0.05950852733462068
chr2,11,1,28,0.03705324265429055
chr2,11,2,28,-0.04872606965514581
chr2,11,3,28,0.023326750823302583
chr2,11,4,28,0.09512658335443284
chr2,11,5,28,0.0324356994362638
chr2,11,6,28,0.09097162883323866
chr2,11,7,28,0.06515125311387955
chr2,11,8,28,-0.01818671594659127
chr2,11,9,28,0.07166303302155838
chr2,11,10,28,-0.024830563528926552
chr2,11,11,28,0.010247636747332617
chr20,0,0,3,-0.26327967065413
chr20,0,1,3,-0.047069993690010546
chr20,0,2,3,0.016294453026576974
chr20,0,3,3,-0.24696010718450778
chr20,0,4,3,-0.10615947464252952
chr20,0,5,3,-0.10357947222659958
chr20,0,6,3,0.013162747421646082
chr20,0,7,3,0.10085548359110846
chr20,0,8,3,-0.14931611649627077
chr20,0,9,3,-0.17968057125379108
chr20,0,10,3,-0.09161632453291475
chr20,0,11,3,0.07516039621393085
chr20,1,0,3,-0.15080874744988246
chr20,1,1,3,-0.34191523579999344
chr20,1,2,3,-0.1848414957610899
chr20,1,3,3,-0.422799757668405
chr20,1,4,3,-0.11840794635434647
chr20,1,5,3,-0.004245626444009387
chr20,1,6,3,-0.1456742733363852
chr20,1,7,3,0.144979233065184
chr20,1,8,3,0.1904874306861533
chr20,1,9,3,-0.3452964675093326
chr20,1,10,3,-0.10820059984751466
chr20,1,11,3,-0.38658051648605435
chr20,2,0,3,-0.4166229642677339
chr20,2,1,3,-0.17896980013348954
chr20,2,2,3,0.13330523904665006
chr20,2,3,3,0.04339504301775893
chr20,2,4,3,-0.4152209254446333
chr20,2,5,3,0.078919790689279
chr20,2,6,3,-0.1023509542426459
chr20,2,7,3,0.058258053299240574
chr20,2,8,3,-0.32675982083808264
chr20,2,9,3,-0.1541120056403004
chr20,2,10,3,-0.3432556385702692
chr20,2,11,3,0.08794425876753938
chr20,3,0,3,-0.6174175054383936
chr20,3,1,3,-0.20654902610234438
chr20,3,2,3,0.23344902093409248
chr20,3,3,3,-0.05598244415508833
chr20,3,4,3,-0.29450159623114447
chr20,3,5,3,0.2863512175260445
chr20,3,6,3,-0.44525956777218845
chr20,3,7,3,0.1934675682642525
chr20,3,8,3,-0.4241251648377277
chr20,3,9,3,0.062165190611973536
chr20,3,10,3,-0.4753776623998638
chr20,3,11,3,-0.04789282812501141
chr20,4,0,3,-0.1353910758221358
chr20,4,1,3,-0.3910462926352593
chr20,4,2,3,-0.42376823855588136
chr20,4,3,3,0.19258542968037626
chr20,4,4,3,0.05164150681732815
chr20,4,5,3,-0.0870621541150582
chr20,4,6,3,0.16255697896547255
chr20,4,7,3,0.021924326517860804
chr20,4,8,3,0.22859051064333533
chr20,4,9,3,0.21131054815165673
chr20,4,10,3,0.06457995046698638
chr20,4,11,3,-0.06240472124477986
chr20,5,0,3,0.29563646667369464
chr20,5,1,3,-0.15145049037705624
chr20,5,2,3,-0.048949356873051346
chr20,5,3,3,-0.0900947763780162
chr20,5,4,3,-0.09992976895135175
chr20,5,5,3,0.3923108639857176
chr20,5,6,3,-0.048062340624173104
chr20,5,7,3,0.18173948365448886
chr20,5,8,3,0.1721963439557339
chr20,5,9,3,0.05751610050769488
chr20,5,10,3,0.37389591635536074
chr20,5,11,3,-0.18747181420483194
chr20,6,0,3,0.6172964423264321
chr20,6,1,3,0.1517989124994953
chr20,6,2,3,0.060181988052815084
chr20,6,3,3,0.2201339431980113
chr20,6,4,3,0.03261230701987659
chr20,6,5,3,-0.21425407656527895
chr20,6,6,3,0.285433557475758
chr20,6,7,3,-0.05620681055199898
chr20,6,8,3,-0.3116511139028392
chr20,6,9,3,0.4259635361309926
chr20,6,10,3,0.1089975282521637
chr20,6,11,3,0.39513350665791935
chr20,7,0,3,0.20196925985533756
chr20,7,1,3,-0.25066907668123456
chr20,7,2,3,0.1664462738914858
chr20,7,3,3,-0.17505012520470423
chr20,7,4,3,-0.41778926492543556
chr20,7,5,3,0.00954465194063081
chr20,7,6,3,-0.1457524563205905
chr20,7,7,3,-0.08421465953774994
chr20,7,8,3,-0.16052442726675079
chr20,7,9,3,-0.19226199209610598
chr20,7,10,3,0.125733070259813
chr20,7,11,3,0.04537716328765318
chr20,8,0,3,0.054291670703017936
chr20,8,1,3,0.17947726294915467
chr20,8,2,3,0.19361730781392147
chr20,8,3,3,-0.12203809631537856
chr20,8,4,3,-0.0307369556316953
chr20,8,5,3,0.26025614167522315
chr20,8,6,3,-0.14614638499088073
chr20,8,7,3,0.061313101930852924
chr20,8,8,3,0.21472632261764024
chr20,8,9,3,0.06976183421142645
chr20,8,10,3,0.11720629256017283
chr20,8,11,3,0.6339797293660996
chr20,9,0,3,-0.351566560659967
chr20,9,1,3,0.1589828148816936
chr20,9,2,3,0.3281807383314868
chr20,9,3,3,0.1294937179070688
chr20,9,4,3,-0.2676563285309318
chr20,9,5,3,-0.046986955951549725
chr20,9,6,3,-0.09617345296246133
chr20,9,7,3,-0.10068272288074875
chr20,9,8,3,0.1828896331552372
chr20,9,9,3,0.40979341955648785
chr20,9,10,3,0.20323679181979792
chr20,9,11,3,-0.0055314101449061015
chr20,10,0,3,0.09656435789111284
chr20,10,1,3,-0.24477793154619942
chr20,10,2,3,0.0787366584354841
chr20,10,3,3,0.11141978259210594
chr20,10,4,3,0.12260516333864985
chr20,10,5,3,0.1234120889199332
chr20,10,6,3,0.12763866757810152
chr20,10,7,3,-0.2315111802341442
chr20,10,8,3,0.23469796282739064
chr20,10,9,3,0.38873765898788876
chr20,10,10,3,-0.32944832907317434
chr20,10,11,3,0.02040297446832991
chr20,11,0,3,0.3747630016670234
chr20,11,1,3,-0.0210075333054635
chr20,11,2,3,0.15320445738905172
chr20,11,3,3,0.3395157116487611
chr20,11,4,3,0.08634706669534899
chr20,11,5,3,0.32252658090514014
chr20,11,6,3,-0.06456683825090932
chr20,11,7,3,0.05339007826280425
chr20,11,8,3,0.2653819744602958
chr20,11,9,3,0.11028297020639212
chr20,11,10,3,0.10327994765408217
chr20,11,11,3,0.23612926341744087
chr21,0,0,1,0.2782354932771745
chr21,0,1,1,0.5674722764056065
chr21,0,2,1,0.13435502384606654
chr21,0,3,1,0.6164415124440112
chr21,0,4,1,0.4050357457699867
chr21,0,5,1,-0.07080470264705752
chr21,0,6,1,0.07016115135585752
chr21,0,7,1,0.45581811313315634
chr21,0,8,1,0.0065332954308892355
chr21,0,9,1,0.31393892124068357
chr21,0,10,1,0.720424802145285
chr21,0,11,1,-0.11228695108379774
chr21,1,0,1,-0.19560157312253854
chr21,1,1,1,-0.4819821543387923
chr21,1,2,1,-0.023563978058944668
chr21,1,3,1,-0.21985179721494646
chr21,1,4,1,-0.3141917602945801
chr21,1,5,1,0.2974383222123938
chr21,1,6,1,-0.3750247393919765
chr21,1,7,1,0.0880212828811831
chr21,1,8,1,0.5118407575851038
chr21,1,9,1,-0.7493058150210304
chr21,1,10,1,0.43319990666207786
chr21,1,11,1,-0.5198556248874467
chr21,2,0,1,-0.9324892930148727
chr21,2,1,1,-0.4231433847407534
chr21,2,2,1,-0.18975095979800838
chr21,2,3,1,-0.23619809486695814
chr21,2,4,1,0.06762261770983982
chr21,2,5,1,-0.35315231749655596
chr21,2,6,1,-0.5035711488876281
chr21,2,7,1,0.12445745272310862
chr21,2,8,1,-0.6572226338202043
chr21,2,9,1,-0.4128769935232004
chr21,2,10,1,-0.8255305242030526
chr21,2,11,1,-0.08120552522893607
chr21,3,0,1,-1.1181947269808714
chr21,3,1,1,-1.123674872568465
chr21,3,2,1,-0.3432370352486218
chr21,3,3,1,-0.07883974396640503
chr21,3,4,1,-0.5961252861662979
chr21,3,5,1,-0.4725723107991683
chr21,3,6,1,-0.8414714108722265
chr21,3,7,1,-0.7664531256947745
chr21,3,8,1,-1.2297174117953344
chr21,3,9,1,-1.017692827144831
chr21,3,10,1,-0.5256665763520265
chr21,3,11,1,-0.5421072326827507
chr21,4,0,1,-0.07075889195902275
chr21,4,1,1,-0.2576181986761723
chr21,4,2,1,-0.015948083194234353
chr21,4,3,1,-0.1963776653503722
chr21,4,4,1,0.6631475927157667
chr21,4,5,1,-0.1567048320722149
chr21,4,6,1,-0.6776804945457521
chr21,4,7,1,-0.5111295892478748
chr21,4,8,1,-0.19576226732774743
chr21,4,9,1,0.2680269007989774
chr21,4,10,1,-0.8269312791209058
chr21,4,11,1,-0.6177928440948213
chr21,5,0,1,0.23389241965848906
chr21,5,1,1,-0.6265404276034622
chr21,5,2,1,-0.03094534908484542
chr21,5,3,1,-0.9259048498719196
chr21,5,4,1,-0.7307573659126887
chr21,5,5,1,0.5388938265542207
chr21,5,6,1,-0.7320477604616764
chr21,5,7,1,-0.525939808442579
chr21,5,8,1,-0.46250076301564036
chr21,5,9,1,-1.0695731522690366
chr21,5,10,1,0.11876216452486454
chr21,5,11,1,-0.3431439487569729
chr21,6,0,1,0.6129855700277003
chr21,6,1,1,-0.6185794525049167
chr21,6,2,1,-0.5747154240173022
chr21,6,3,1,0.2064436349661975
chr21,6,4,1,-0.04509094488250752
chr21,6,5,1,-0.33289936032235684
chr21,6,6,1,0.5259773572539522
chr21,6,7,1,-1.0015415770064116
chr21,6,8,1,-1.1414147047372079
chr21,6,9,1,0.19260905913888937
chr21,6,10,1,0.10094256479077696
chr21,6,11,1,-0.04281578833071348
chr21,7,0,1,-0.11199509402328395
chr21,7,1,1,-0.017231923109284564
chr21,7,2,1,0.3380984454029342
chr21,7,3,1,-0.2581405320039788
chr21,7,4,1,-0.8979962840518598
chr21,7,5,1,-0.40551475499249834
chr21,7,6,1,-0.30993709637692807
chr21,7,7,1,-0.15957821301302205
chr21,7,8,1,0.10660549031735078
chr21,7,9,1,0.07806477916552496
chr21,7,10,1,-0.13634318931023381
chr21,7,11,1,-0.2271612078004368
chr21,8,0,1,0.034480297130228876
chr21,8,1,1,0.5763445811047005
chr21,8,2,1,-0.2220237601584779
chr21,8,3,1,-0.3647971859520192
chr21,8,4,1,-0.3483293368265217
chr21,8,5,1,-0.3385720180071079
chr21,8,6,1,-0.7220707765209895
chr21,8,7,1,-0.41069516652438526
chr21,8,8,1,0.8484261382569318
chr21,8,9,1,0.549182493878027
chr21,8,10,1,0.509586444292516
chr21,8,11,1,-0.5248893680140967
chr21,9,0,1,-0.2649102062618424
chr21,9,1,1,0.30466596559377246
chr21,9,2,1,0.33657477677688596
chr21,9,3,1,-0.19223436748312395
chr21,9,4,1,-1.099499942537846
chr21,9,5,1,-0.4542871797466425
chr21,9,6,1,-0.7993603168730279
chr21,9,7,1,-0.4416379357382052
chr21,9,8,1,0.6611688022316325
chr21,9,9,1,1.1999882615167823
chr21,9,10,1,0.9728932358737488
chr21,9,11,1,-0.2736932121452123
chr21,10,0,1,-0.3102068702661823
chr21,10,1,1,0.6680009178934151
chr21,10,2,1,0.20576635758054151
chr21,10,3,1,0.13858929795412842
chr21,10,4,1,-0.3079915058744801
chr21,10,5,1,0.1995335834583976
chr21,10,6,1,-0.4730377523915481
chr21,10,7,1,-0.5236280918702314
chr21,10,8,1,0.35378263909584995
chr21,10,9,1,0.5507946438874741
chr21,10,10,1,-0.9430766898552319
chr21,10,11,1,-0.22543072683450405
chr21,11,0,1,0.3238151422258617
chr21,11,1,1,0.11966771288486784
chr21,11,2,1,0.4770046222336505
chr21,11,3,1,-0.34256789532808474
chr21,11,4,1,0.1586549018826735
chr21,11,5,1,-0.44649200709319725
chr21,11,6,1,-0.7651576044599633
chr21,11,7,1,-0.5501196381502989
chr21,11,8,1,-0.07412407512049872
chr21,11,9,1,0.2613698202013331
chr21,11,10,1,0.3342323705343128
chr21,11,11,1,0.3857381641369829
chr22,0,0,1,-0.3741913854104263
chr22,0,1,1,0.2177494841211644
chr22,0,2,1,0.045001766154800865
chr22,0,3,1,0.318197134238615
chr22,0,4,1,0.5586626777351492
chr22,0,5,1,-0.11235131114923483
chr22,0,6,1,-0.12321242284953043
chr22,0,7,1,0.3737254399684973
chr22,0,8,1,0.36594983475000165
chr22,0,9,1,-0.009625863378445149
chr22,0,10,1,-0.2221228803675095
chr22,0,11,1,0.0054317759607828975
chr22,1,0,1,0.9107536079220735
chr22,1,1,1,-0.4528071921558061
chr22,1,2,1,-0.7357795582280107
chr22,1,3,1,-0.11560776341993345
chr22,1,4,1,-0.23729127602312503
chr22,1,5,1,-0.37352582225394315
chr22,1,6,1,-0.49910089144603553
chr22,1,7,1,-0.297442784417768
chr22,1,8,1,-0.8625293350719749
chr22,1,9,1,-0.030620270707823603
chr22,1,10,1,0.3157642435148257
chr22,1,11,1,0.7815264190341293
chr22,2,0,1,0.26911611443812317
chr22,2,1,1,-0.03261551102172232
chr22,2,2,1,0.045403268781899694
chr22,2,3,1,0.2430752023670802
chr22,2,4,1,-0.008257464490332739
chr22,2,5,1,0.012736959742098902
chr22,2,6,1,0.37785438610976874
chr22,2,7,1,0.2083973032121667
chr22,2,8,1,0.08739256319948971
chr22,2,9,1,0.463866557859405
chr22,2,10,1,0.24728082801057116
chr22,2,11,1,0.38496888454841605
chr22,3,0,1,0.09559825271320116
chr22,3,1,1,-0.11789030357674402
chr22,3,2,1,-0.16135975771399155
chr22,3,3,1,-0.5817035812622808
chr22,3,4,1,-0.020079641094272294
chr22,3,5,1,0.36927225403704644
chr22,3,6,1,0.39881606497120536
chr22,3,7,1,0.8747615705317736
chr22,3,8,1,0.116408949860812
chr22,3,9,1,1.0896077795570145
chr22,3,10,1,-0.34850275679850207
chr22,3,11,1,1.1655045051008512
chr22,4,0,1,-0.13122838880143717
chr22,4,1,1,-0.3382828437927412
chr22,4,2,1,-0.352517695722231
chr22,4,3,1,0.904189506460416
chr22,4,4,1,0.20112819545843041
chr22,4,5,1,-0.06299791800597022
chr22,4,6,1,0.34371823187227035
chr22,4,7,1,0.2673008735299829
chr22,4,8,1,0.4648973791973655
chr22,4,9,1,0.9155894117969368
chr22,4,10,1,0.006212939574690435
chr22,4,11,1,0.4660539427998221
chr22,5,0,1,-0.7223799958230592
chr22,5,1,1,0.030907295243611715
chr22,5,2,1,-1.0652129397663652
chr22,5,3,1,0.037298546505598426
chr22,5,4,1,0.03887675140766322
chr22,5,5,1,-0.3057696737447403
chr22,5,6,1,-0.14151991890230323
chr22,5,7,1,0.21857750361409528
chr22,5,8,1,-0.31978866567165176
chr22,5,9,1,-0.15097251639525677
chr22,5,10,1,0.587812385587554
chr22,5,11,1,-0.31445505204932234
chr22,6,0,1,-0.792311600512363
chr22,6,1,1,0.11696138652964717
chr22,6,2,1,0.06088223246187424
chr22,6,3,1,-0.0689837642709229
chr22,6,4,1,-0.07302501912820866
chr22,6,5,1,0.10151264358178846
chr22,6,6,1,-0.5769095969469955
chr22,6,7,1,0.594069356241784
chr22,6,8,1,0.27993263176105027
chr22,6,9,1,1.0432238904537998
chr22,6,10,1,-0.7100453804451904
chr22,6,11,1,1.0601464388583879
chr22,7,0,1,1.0927024565769208
chr22,7,1,1,-1.0640175156872853
chr22,7,2,1,-0.13410330019257014
chr22,7,3,1,-1.09730154812251
chr22,7,4,1,-0.4867940154486548
chr22,7,5,1,0.08621001348483227
chr22,7,6,1,-0.30854948987094727
chr22,7,7,1,-0.34803629385569057
chr22,7,8,1,-1.105950843155075
chr22,7,9,1,-1.1311323247532388
chr22,7,10,1,0.9715929658480205
chr22,7,11,1,-0.5129024081149594
chr22,8,0,1,0.5983826144121971
chr22,8,1,1,0.24485449876625104
chr22,8,2,1,0.7747184145067811
chr22,8,3,1,-0.5516310563888077
chr22,8,4,1,0.2046739313592157
chr22,8,5,1,-0.541408360931236
chr22,8,6,1,-0.44361614202959915
chr22,8,7,1,-0.22171061172576217
chr22,8,8,1,0.016398408366041048
chr22,8,9,1,0.255007668826754
chr22,8,10,1,-0.07272216806734849
chr22,8,11,1,0.7437004079891427
chr22,9,0,1,-0.0881283337647506
chr22,9,1,1,0.4017547523766881
chr22,9,2,1,0.548095812185248
chr22,9,3,1,-0.026496321732196793
chr22,9,4,1,-0.14364799433957853
chr22,9,5,1,0.09393487797479826
chr22,9,6,1,0.43628787186382867
chr22,9,7,1,-0.17882196468848183
chr22,9,8,1,0.3882108755177014
chr22,9,9,1,0.028165957345666473
chr22,9,10,1,0.013511078668650298
chr22,9,11,1,-0.3472984293774894
chr22,10,0,1,0.3899221374683927
chr22,10,1,1,-0.6706239163751928
chr22,10,2,1,-0.3103111335397976
chr22,10,3,1,0.03158695276612339
chr22,10,4,1,0.15998867080522894
chr22,10,5,1,-0.20273283750034396
chr22,10,6,1,0.8331017950037014
chr22,10,7,1,0.36592424768555526
chr22,10,8,1,0.44163774854305415
chr22,10,9,1,0.30952242820181886
chr22,10,10,1,0.23748437416905704
chr22,10,11,1,0.06892230495047064
chr22,11,0,1,-0.2086689210343665
chr22,11,1,1,-0.4308342275524167
chr22,11,2,1,-0.42740894655858014
chr22,11,3,1,0.17574847980328032
chr22,11,4,1,-0.003061382566282668
chr22,11,5,1,0.17393001840379468
chr22,11,6,1,0.12231685137635973
chr22,11,7,1,0.5347297890778284
chr22,11,8,1,0.12976975442670532
chr22,11,9,1,-0.4726412561488335
chr22,11,10,1,-0.26231679944678693
chr22,11,11,1,-0.3546755859043729
chr3,0,0,16,-0.08160013679958777
chr3,0,1,16,0.12019015434305791
chr3,0,2,16,-0.06282096002305976
chr3,0,3,16,0.11078660123692577
chr3,0,4,16,0.006117327707402934
chr3,0,5,16,-0.11387307463704346
chr3,0,6,16,-0.07267704699343788
chr3,0,7,16,-0.04613195995393515
chr3,0,8,16,0.07264937099566132
chr3,0,9,16,0.05702570873510126
chr3,0,10,16,0.1958829018997594
chr3,0,11,16,-0.05468806947710042
chr3,1,0,16,0.2500546562216084
chr3,1,1,16,-0.021554343824912073
chr3,1,2,16,-0.15985266438227538
chr3,1,3,16,-0.0666217233795052
chr3,1,4,16,-0.002075594129579701
chr3,1,5,16,-0.06325403801623408
chr3,1,6,16,-0.062063252900159724
chr3,1,7,16,-0.017392931821037315
chr3,1,8,16,-0.22638647905140014
chr3,1,9,16,0.03507899558587035
chr3,1,10,16,0.06384700367187354
chr3,1,11,16,0.2069425798270411
chr3,2,0,16,-0.038625263227918934
chr3,2,1,16,-0.09287605935901735
chr3,2,2,16,0.02976354591404415
chr3,2,3,16,0.059899887400484714
chr3,2,4,16,-0.05469477033087489
chr3,2,5,16,0.01073989964360092
chr3,2,6,16,-0.07901213967610932
chr3,2,7,16,0.01981277975510828
chr3,2,8,16,-0.02980173041162666
chr3,2,9,16,-0.036732376784876244
chr3,2,10,16,-0.034658271101664445
chr3,2,11,16,0.06337771436903075
chr3,3,0,16,-0.025984724475229995
chr3,3,1,16,-0.011967061632838408
chr3,3,2,16,0.02097040300338446
chr3,3,3,16,-0.1158372524443555
chr3,3,4,16,-0.09694753603591148
chr3,3,5,16,0.12185331282058756
chr3,3,6,16,0.01457832321965822
chr3,3,7,16,0.012434558665743098
chr3,3,8,16,-0.03466761734894343
chr3,3,9,16,0.10309305668478118
chr3,3,10,16,-0.08216980812625932
chr3,3,11,16,0.0991612827364386
chr3,4,0,16,-0.04918025475393177
chr3,4,1,16,-0.05446910254260515
chr3,4,2,16,-0.12386104341654547
chr3,4,3,16,-0.009072588107588209
chr3,4,4,16,-0.15428711146166688
chr3,4,5,16,0.06624453970961605
chr3,4,6,16,0.03988257797463069
chr3,4,7,16,0.0920816175932684
chr3,4,8,16,-0.10403479020329846
chr3,4,9,16,-0.008934402790631752
chr3,4,10,16,-0.02034090134503423
chr3,4,11,16,0.025796205580140938
chr3,5,0,16,0.11520478660232368
chr3,5,1,16,-0.034553833352823846
chr3,5,2,16,-0.02970189166516097
chr3,5,3,16,0.07105733385987165
chr3,5,4,16,-0.05767911724260162
chr3,5,5,16,0.0001228899776040543
chr3,5,6,16,0.041625749112331606
chr3,5,7,16,0.11748674889342645
chr3,5,8,16,0.07841482824246182
chr3,5,9,16,0.09784704287795766
chr3,5,10,16,0.14440840194606508
chr3,5,11,16,0.11546219694611429
chr3,6,0,16,-0.06498623513356372
chr3,6,1,16,0.14382496798733602
chr3,6,2,16,0.05076247452562697
chr3,6,3,16,0.05270065737431779
chr3,6,4,16,-0.05436971866780893
chr3,6,5,16,-0.11804964838268653
chr3,6,6,16,0.041867455198978894
chr3,6,7,16,0.04516571017124815
chr3,6,8,16,-0.04275241283976464
chr3,6,9,16,0.04029826491201221
chr3,6,10,16,-0.1805085904735167
chr3,6,11,16,0.09204053968222216
chr3,7,0,16,0.17041854566797487
chr3,7,1,16,-0.16983608683891016
chr3,7,2,16,-0.06778850105007013
chr3,7,3,16,-0.10554327363645111
chr3,7,4,16,0.022267110887040118
chr3,7,5,16,0.16032270374287835
chr3,7,6,16,-0.05775432379380278
chr3,7,7,16,0.009717179796864164
chr3,7,8,16,-0.14897785187195708
chr3,7,9,16,-0.16702297066740796
chr3,7,10,16,0.10802733475851056
chr3,7,11,16,0.18407545608752857
chr3,8,0,16,0.02869316888806632
chr3,8,1,16,-0.03654501779812443
chr3,8,2,16,-0.001384557673049236
chr3,8,3,16,-0.09875698484531786
chr3,8,4,16,0.04383487040499815
chr3,8,5,16,0.046612474174081646
chr3,8,6,16,-0.008919944121379447
chr3,8,7,16,-0.002744184100870326
chr3,8,8,16,-0.03495581563734663
chr3,8,9,16,-0.0200965242582193
chr3,8,10,16,-0.04250697311810023
chr3,8,11,16,0.004077807017141333
chr3,9,0,16,-0.07941509951477052
chr3,9,1,16,0.05128015765539316
chr3,9,2,16,0.04421322547753691
chr3,9,3,16,-0.057691637125395254
chr3,9,4,16,-0.011358970371940696
chr3,9,5,16,-0.02727949072216178
chr3,9,6,16,-0.057585792791111534
chr3,9,7,16,0.06765440968179072
chr3,9,8,16,-0.15302278404939437
chr3,9,9,16,-0.029819409130068454
chr3,9,10,16,-0.13706431833707167
chr3,9,11,16,0.007638013485771176
chr3,10,0,16,0.07298102906380488
chr3,10,1,16,-0.061658721409268084
chr3,10,2,16,-0.018720312078623527
chr3,10,3,16,-0.0036905080742872937
chr3,10,4,16,-0.08822110343793918
chr3,10,5,16,0.1360722802474953
chr3,10,6,16,-0.0915621192512625
chr3,10,7,16,-0.06827151817025184
chr3,10,8,16,0.09531506767650674
chr3,10,9,16,0.0025122747700214304
chr3,10,10,16,-0.05023439896749532
chr3,10,11,16,0.007155885974345688
chr3,11,0,16,-0.041229864369449656
chr3,11,1,16,0.058404039462054455
chr3,11,2,16,0.07089328660457667
chr3,11,3,16,0.0438495613548112
chr3,11,4,16,-0.003263704970445404
chr3,11,5,16,-0.03452296044465773
chr3,11,6,16,0.012571117816534656
chr3,11,7,16,-0.03244171455869911
chr3,11,8,16,0.04754063833802024
chr3,11,9,16,0.0609130610334931
chr3,11,10,16,-0.018452017098405535
chr3,11,11,16,-0.05660769642180295
chr4,0,0,10,-0.1667186826040641
chr4,0,1,10,-0.005264919019174558
chr4,0,2,10,-0.06202083285653681
chr4,0,3,10,0.028756208671133765
chr4,0,4,10,-0.04131147287200383
chr4,0,5,10,0.006773829005055694
chr4,0,6,10,-0.05187245476657261
chr4,0,7,10,0.05298743929833248
chr4,0,8,10,-0.025607398525937887
chr4,0,9,10,0.12101842875156188
chr4,0,10,10,0.1264045891929752
chr4,0,11,10,-0.06841983940697344
chr4,1,0,10,-0.10981487479374281
chr4,1,1,10,-0.1309607068096582
chr4,1,2,10,-0.0340676252851479
chr4,1,3,10,-0.10293329076679274
chr4,1,4,10,-0.1247272785933746
chr4,1,5,10,-0.03513468593384226
chr4,1,6,10,0.04618610304927119
chr4,1,7,10,0.14479914037275177
chr4,1,8,10,0.10648349954464556
chr4,1,9,10,-0.07329820102218321
chr4,1,10,10,-0.08536915843606988
chr4,1,11,10,-0.1467698607860259
chr4,2,0,10,-0.11341491741032406
chr4,2,1,10,-0.0351689401538974
chr4,2,2,10,-0.008201879285536826
chr4,2,3,10,-0.10165869384893549
chr4,2,4,10,-0.12254958528929234
chr4,2,5,10,0.01678348070630191
chr4,2,6,10,-0.13519993825728888
chr4,2,7,10,-0.016282820033443245
chr4,2,8,10,-0.13901991688019735
chr4,2,9,10,-0.28139679048828575
chr4,2,10,10,-0.28309394079408445
chr4,2,11,10,-0.21508513771204693
chr4,3,0,10,-0.0777003304214339
chr4,3,1,10,-0.19345517325934297
chr4,3,2,10,-0.22790390761394713
chr4,3,3,10,0.04821025130586175
chr4,3,4,10,-0.31552215978944126
chr4,3,5,10,-0.17570548344472336
chr4,3,6,10,-0.0853436677860154
chr4,3,7,10,-0.16400379936734094
chr4,3,8,10,-0.08952484280594748
chr4,3,9,10,-0.11118892847658941
chr4,3,10,10,-0.19912715276244422
chr4,3,11,10,-0.08257931829820797
chr4,4,0,10,-0.1471531541755957
chr4,4,1,10,-0.008210707135983509
chr4,4,2,10,-0.023405149506909983
chr4,4,3,10,0.04479008082123994
chr4,4,4,10,-0.0743759842455831
chr4,4,5,10,0.10659254623609064
chr4,4,6,10,-0.15334223790253368
chr4,4,7,10,0.055426505871959894
chr4,4,8,10,0.11309518493819914
chr4,4,9,10,0.14401154470589533
chr4,4,10,10,-0.010121481049148695
chr4,4,11,10,0.13062916252157283
chr4,5,0,10,0.16809520067232778
chr4,5,1,10,-0.05841898795172283
chr4,5,2,10,-0.1120381116613817
chr4,5,3,10,-0.16680923543816734
chr4,5,4,10,-0.05201422590690914
chr4,5,5,10,-0.04841570652117319
chr4,5,6,10,-0.02906217639430476
chr4,5,7,10,-0.011853558708604616
chr4,5,8,10,0.005578411168882652
chr4,5,9,10,-0.07279648111480772
chr4,5,10,10,0.07406668471750473
chr4,5,11,10,-0.21588135236014563
chr4,6,0,10,0.0853597620500957
chr4,6,1,10,-0.043802972904013956
chr4,6,2,10,0.1836902618389008
chr4,6,3,10,0.03836910318855328
chr4,6,4,10,-0.038815004089213664
chr4,6,5,10,-0.10793138317999347
chr4,6,6,10,0.049542373636220785
chr4,6,7,10,-0.146808049554812
chr4,6,8,10,-0.16136120775249832
chr4,6,9,10,0.04346098467375555
chr4,6,10,10,-0.10779288434957249
chr4,6,11,10,0.03232401576164371
chr4,7,0,10,-0.022392794529937237
chr4,7,1,10,-0.054730673755755466
chr4,7,2,10,0.050755299653195675
chr4,7,3,10,-0.06007723545647119
chr4,7,4,10,-0.22951148373947844
chr4,7,5,10,-0.03270091975207707
chr4,7,6,10,0.08984643646276516
chr4,7,7,10,0.11511379625667095
chr4,7,8,10,-0.026060550437090123
chr4,7,9,10,-0.017848901743965407
chr4,7,10,10,0.0567703288293977
chr4,7,11,10,-0.003487912915525726
chr4,8,0,10,-0.061265277105633766
chr4,8,1,10,0.20349041422508804
chr4,8,2,10,-0.014886262918840109
chr4,8,3,10,0.19981411968537896
chr4,8,4,10,0.013400428217383109
chr4,8,5,10,-0.034883275359398946
chr4,8,6,10,0.07985453012697409
chr4,8,7,10,-0.11964928794077405
chr4,8,8,10,0.20961056245060578
chr4,8,9,10,0.06731419294380334
chr4,8,10,10,0.1053747261875246
chr4,8,11,10,-0.08129941495885265
chr4,9,0,10,0.00856845411113808
chr4,9,1,10,0.18212969673425827
chr4,9,2,10,0.15779235182299384
chr4,9,3,10,0.031223585161235502
chr4,9,4,10,-0.1853521942376518
chr4,9,5,10,-0.0055200390968449115
chr4,9,6,10,-0.08316206275258167
chr4,9,7,10,-0.050512452416319895
chr4,9,8,10,0.20796109341822672
chr4,9,9,10,0.28484012842107503
chr4,9,10,10,0.2291473451774318
chr4,9,11,10,0.04757803542834776
chr4,10,0,10,0.05587648327483745
chr4,10,1,10,0.03488797344969171
chr4,10,2,10,0.06448363883983957
chr4,10,3,10,0.19531326601760246
chr4,10,4,10,0.014556184663878114
chr4,10,5,10,0.06681027942823552
chr4,10,6,10,-0.031895905867791785
chr4,10,7,10,-0.05237077783132318
chr4,10,8,10,0.1868401120053148
chr4,10,9,10,0.34575755062612423
chr4,10,10,10,-0.09008905557459965
chr4,10,11,10,-0.0036849733232882874
chr4,11,0,10,0.08223200375182352
chr4,11,1,10,0.021311895997276648
chr4,11,2,10,-0.009125686188721279
chr4,11,3,10,-0.010882124231865431
chr4,11,4,10,-0.016787480167552774
chr4,11,5,10,-0.014200444273868035
chr4,11,6,10,-0.10841498236443217
chr4,11,7,10,-0.011518896301419146
chr4,11,8,10,-0.0476768667451688
chr4,11,9,10,0.011073805504448865
chr4,11,10,10,0.101357061382585
chr4,11,11,10,0.006724195851295656
chr5,0,0,15,-0.030721799954035435
chr5,0,1,15,-0.05856317825351745
chr5,0,2,15,0.007555422265166704
chr5,0,3,15,-0.1545018283853063
chr5,0,4,15,-0.12966515372500378
chr5,0,5,15,0.026476982026898275
chr5,0,6,15,0.06754936880642999
chr5,0,7,15,-0.07465584401518015
chr5,0,8,15,-0.055984141772176775
chr5,0,9,15,-0.07251229116286882
chr5,0,10,15,-0.10842130806304716
chr5,0,11,15,-0.004267478027885685
chr5,1,0,15,0.28815926791719054
chr5,1,1,15,-0.09396638309037897
chr5,1,2,15,-0.24436992628183862
chr5,1,3,15,-0.1272394849415212
chr5,1,4,15,-0.07021340462319035
chr5,1,5,15,0.04000269015651441
chr5,1,6,15,0.05600979585945924
chr5,1,7,15,-0.04634025222870734
chr5,1,8,15,-0.28137085786776406
chr5,1,9,15,-0.042150618831031814
chr5,1,10,15,0.05610458651611457
chr5,1,11,15,0.21477566441252563
chr5,2,0,15,-0.08893980313062837
chr5,2,1,15,0.11655641519479792
chr5,2,2,15,-0.08315117886614343
chr5,2,3,15,0.2896386580375239
chr5,2,4,15,0.005753081113250987
chr5,2,5,15,0.07905287014522473
chr5,2,6,15,0.06185204045160577
chr5,2,7,15,0.019240703178145697
chr5,2,8,15,-0.11286575253052529
chr5,2,9,15,0.038381591445842536
chr5,2,10,15,0.005308107828723435
chr5,2,11,15,0.008744054224182736
chr5,3,0,15,-0.09236439472981782
chr5,3,1,15,-0.09560138541231146
chr5,3,2,15,-0.016887658797509593
chr5,3,3,15,-0.23647331333545563
chr5,3,4,15,-0.18429618202549666
chr5,3,5,15,0.15166420276690118
chr5,3,6,15,-0.057185127785525314
chr5,3,7,15,0.05754641735356265
chr5,3,8,15,-0.11941708999240461
chr5,3,9,15,0.19936606105755353
chr5,3,10,15,-0.21239399727926375
chr5,3,11,15,0.2530159309283737
chr5,4,0,15,0.028729735092649592
chr5,4,1,15,0.032198810063808835
chr5,4,2,15,-0.036956781736443726
chr5,4,3,15,0.22365062282866968
chr5,4,4,15,0.12844315483816152
chr5,4,5,15,-0.01956769969630657
chr5,4,6,15,-0.10323718222969752
chr5,4,7,15,-0.004273814492770855
chr5,4,8,15,0.07259667625572575
chr5,4,9,15,0.12373859239305435
chr5,4,10,15,-0.04414781537573853
chr5,4,11,15,0.06602526277219996
chr5,5,0,15,0.07518617851057842
chr5,5,1,15,0.04604184352818488
chr5,5,2,15,-0.04904002078023808
chr5,5,3,15,0.012244724081194706
chr5,5,4,15,0.041511803673195846
chr5,5,5,15,0.11851309044567529
chr5,5,6,15,0.05938111055408443
chr5,5,7,15,0.023039480975615714
chr5,5,8,15,0.11279446547362708
chr5,5,9,15,0.035439110745172586
chr5,5,10,15,0.22134056879968433
chr5,5,11,15,0.018430929125283452
chr5,6,0,15,0.007450368597134227
chr5,6,1,15,0.0026719676184484213
chr5,6,2,15,-0.01188341333560967
chr5,6,3,15,0.052055005355091125
chr5,6,4,15,0.038097968146669214
chr5,6,5,15,-0.07551264318937792
chr5,6,6,15,-0.003806939910049928
chr5,6,7,15,0.00574359861992584
chr5,6,8,15,-0.04474369996125094
chr5,6,9,15,0.16164545727648985
chr5,6,10,15,-0.050861162870567994
chr5,6,11,15,0.18736557937387338
chr5,7,0,15,0.2798294502561975
chr5,7,1,15,-0.2557859173378609
chr5,7,2,15,-0.009312159233631954
chr5,7,3,15,-0.20549066014674988
chr5,7,4,15,-0.05033113283728442
chr5,7,5,15,-0.00876613384162958
chr5,7,6,15,-0.13531799332121566
chr5,7,7,15,-0.1484010954908684
chr5,7,8,15,-0.27441954208946845
chr5,7,9,15,-0.26632696807651884
chr5,7,10,15,0.24439959704894015
chr5,7,11,15,-0.0644231657873521
chr5,8,0,15,0.09489989705996574
chr5,8,1,15,0.029656405782237584
chr5,8,2,15,0.06351629072195746
chr5,8,3,15,-0.14678019887796429
chr5,8,4,15,0.10110961607445917
chr5,8,5,15,-0.04814620290646075
chr5,8,6,15,0.018017029672628814
chr5,8,7,15,0.08571941241083933
chr5,8,8,15,-0.01785157345054172
chr5,8,9,15,-0.014619427597134218
chr5,8,10,15,-0.003598862568378551
chr5,8,11,15,0.2339577373018527
chr5,9,0,15,-0.20495012271208754
chr5,9,1,15,0.05904061172722006
chr5,9,2,15,0.17493330982342606
chr5,9,3,15,0.07874771781410411
chr5,9,4,15,0.05738731667557882
chr5,9,5,15,0.08760761568777552
chr5,9,6,15,0.015740765200626394
chr5,9,7,15,0.029696842036939113
chr5,9,8,15,-0.10107346093900799
chr5,9,9,15,0.012400504805719503
chr5,9,10,15,0.018814905477455575
chr5,9,11,15,-0.09668318042802627
chr5,10,0,15,-0.20532005052318425
chr5,10,1,15,-0.263598523878039
chr5,10,2,15,-0.13498292287320277
chr5,10,3,15,-0.15652170854449574
chr5,10,4,15,0.06230364066586449
chr5,10,5,15,0.129738989011699
chr5,10,6,15,-0.03753522218841776
chr5,10,7,15,-0.02527020638355223
chr5,10,8,15,0.045621272052106865
chr5,10,9,15,0.07990192959697633
chr5,10,10,15,-0.12883361550839684
chr5,10,11,15,-0.0580082541561031
chr5,11,0,15,-0.0016829048554751701
chr5,11,1,15,-0.07277300883439222
chr5,11,2,15,-0.04876149827638759
chr5,11,3,15,-0.0353675758613272
chr5,11,4,15,-0.13540116873955116
chr5,11,5,15,0.05422123228163788
chr5,11,6,15,-0.025525733370181887
chr5,11,7,15,0.01049662094343693
chr5,11,8,15,0.049485329553509066
chr5,11,9,15,-0.04735938524363313
chr5,11,10,15,-0.04384609793005819
chr5,11,11,15,0.03213341975160191
chr6,0,0,10,0.13812500191434074
chr6,0,1,10,0.0624298261055494
chr6,0,2,10,-0.062186746182185206
chr6,0,3,10,0.15204354141404017
chr6,0,4,10,0.04427045819170825
chr6,0,5,10,-0.12808350617774383
chr6,0,6,10,0.0007201728451484146
chr6,0,7,10,-0.18827233050374365
chr6,0,8,10,-0.007200525064655672
chr6,0,9,10,-0.0362452473622701
chr6,0,10,10,0.1160513360363871
chr6,0,11,10,-0.1263152451029082
chr6,1,0,10,-0.17932628514932733
chr6,1,1,10,0.14456748953144555
chr6,1,2,10,0.31018569899757986
chr6,1,3,10,0.08879875072786794
chr6,1,4,10,0.19248141837244934
chr6,1,5,10,0.02372329513494911
chr6,1,6,10,0.13874208686961104
chr6,1,7,10,0.0763340467484526
chr6,1,8,10,0.17544483444151387
chr6,1,9,10,0.1600008128954043
chr6,1,10,10,-0.022392170399772243
chr6,1,11,10,-0.17938594407677316
chr6,2,0,10,-0.05718427801546762
chr6,2,1,10,-0.07026615540439014
chr6,2,2,10,-0.12214767887879244
chr6,2,3,10,-0.05389187901710233
chr6,2,4,10,-0.07403584345740047
chr6,2,5,10,-0.20014126999647175
chr6,2,6,10,-0.11231645821573996
chr6,2,7,10,0.022328171109553256
chr6,2,8,10,-0.09722323169324973
chr6,2,9,10,-0.06195421617605153
chr6,2,10,10,0.05411993757846121
chr6,2,11,10,-0.25335520431916214
chr6,3,0,10,0.05511297086513134
chr6,3,1,10,-0.018410191073871318
chr6,3,2,10,-0.07511651077227294
chr6,3,3,10,0.040342610924921384
chr6,3,4,10,0.11059747016686469
chr6,3,5,10,-0.26095608924895763
chr6,3,6,10,0.04461181800185262
chr6,3,7,10,-0.17282355065445984
chr6,3,8,10,-0.011976492074457635
chr6,3,9,10,-0.2550969696252382
chr6,3,10,10,0.08630971005054368
chr6,3,11,10,-0.29880826298433055
chr6,4,0,10,0.13180028067841917
chr6,4,1,10,0.12682129669137648
chr6,4,2,10,0.1049399571383641
chr6,4,3,10,-0.15626339762001137
chr6,4,4,10,-0.11646311929591255
chr6,4,5,10,-0.040477340426740505
chr6,4,6,10,-0.046372887839731994
chr6,4,7,10,0.10562961100091983
chr6,4,8,10,-0.16422059308104686
chr6,4,9,10,-0.1328221411529395
chr6,4,10,10,0.04202493876958356
chr6,4,11,10,-0.096747667220979
chr6,5,0,10,-0.0839513125871457
chr6,5,1,10,-0.04549071774316186
chr6,5,2,10,0.14321195818400076
chr6,5,3,10,-0.06669083677684007
chr6,5,4,10,-0.08968065906696225
chr6,5,5,10,-0.1529723412671043
chr6,5,6,10,-0.14799232031396076
chr6,5,7,10,-0.09874047257653458
chr6,5,8,10,0.05492176338830516
chr6,5,9,10,0.08449169221747656
chr6,5,10,10,-0.2710982428642737
chr6,5,11,10,-0.07831854743864794
chr6,6,0,10,-0.08194483014120033
chr6,6,1,10,-0.07206988130335061
chr6,6,2,10,-0.17968766943709807
chr6,6,3,10,-0.16531149636674453
chr6,6,4,10,-0.13233238196637004
chr6,6,5,10,0.02706976429073618
chr6,6,6,10,-0.08904894303151092
chr6,6,7,10,0.023258241324772232
chr6,6,8,10,-0.003980994692447892
chr6,6,9,10,-0.19020641474700534
chr6,6,10,10,-0.020398548310736196
chr6,6,11,10,-0.23631366449168062
chr6,7,0,10,-0.2361979386672004
chr6,7,1,10,0.2268486006208143
chr6,7,2,10,-0.03997969311149825
chr6,7,3,10,0.14097007343361245
chr6,7,4,10,0.23847242959877257
chr6,7,5,10,-0.18701678936620225
chr6,7,6,10,0.018985021932850964
chr6,7,7,10,0.024461621894751272
chr6,7,8,10,0.21941305551866436
chr6,7,9,10,0.2323706985395182
chr6,7,10,10,-0.21296326847415475
chr6,7,11,10,0.0035394810489623673
chr6,8,0,10,-0.007634619356810151
chr6,8,1,10,-0.1434284225349131
chr6,8,2,10,-0.05245824295268291
chr6,8,3,10,0.05342648546095872
chr6,8,4,10,-0.15855539131016283
chr6,8,5,10,-0.0709302383693147
chr6,8,6,10,0.09160525098306804
chr6,8,7,10,0.010880602882789248
chr6,8,8,10,-0.0014443541279693564
chr6,8,9,10,0.06126827848147963
chr6,8,10,10,-0.08990622993330125
chr6,8,11,10,-0.18619960318406456
chr6,9,0,10,0.23544853631878673
chr6,9,1,10,-0.01393966367353205
chr6,9,2,10,-0.01718635657008568
chr6,9,3,10,-0.14535901681727767
chr6,9,4,10,0.006188593758223037
chr6,9,5,10,0.05330150755960429
chr6,9,6,10,0.11243495943560233
chr6,9,7,10,-0.0016962145740268997
chr6,9,8,10,0.14587428826833743
chr6,9,9,10,-0.06938955996384007
chr6,9,10,10,0.05835018855154979
chr6,9,11,10,-0.05030029499397097
chr6,10,0,10,0.24930230623243613
chr6,10,1,10,0.25556165888562676
chr6,10,2,10,0.037495952001115794
chr6,10,3,10,-0.11912947238832414
chr6,10,4,10,-0.11079820027267673
chr6,10,5,10,-0.14038035052116477
chr6,10,6,10,0.05319031781207524
chr6,10,7,10,0.10935929999586624
chr6,10,8,10,-0.13604587983231023
chr6,10,9,10,-0.16339806094340123
chr6,10,10,10,-0.10257147852904744
chr6,10,11,10,-0.034166524574589414
chr6,11,0,10,0.01541859055270968
chr6,11,1,10,0.18261460215052913
chr6,11,2,10,-0.06272270399500476
chr6,11,3,10,-0.05949347937570463
chr6,11,4,10,-0.013929813647393851
chr6,11,5,10,-0.06029512972121266
chr6,11,6,10,0.09777568473697064
chr6,11,7,10,-0.027105399527662256
chr6,11,8,10,0.029596284724871712
chr6,11,9,10,0.04031000772689004
chr6,11,10,10,0.03960527553005693
chr6,11,11,10,-0.037229426055084766
chr7,0,0,18,0.021547515509233017
chr7,0,1,18,-0.07764191694642295
chr7,0,2,18,-0.10371862786672126
chr7,0,3,18,-0.06752362555620117
chr7,0,4,18,-0.025061490906554906
chr7,0,5,18,-0.06234587552284879
chr7,0,6,18,-0.04771278812983834
chr7,0,7,18,-0.06160474883331378
chr7,0,8,18,0.013899268623898267
chr7,0,9,18,-0.03466579710276174
chr7,0,10,18,-0.09123123313585486
chr7,0,11,18,-0.04195901839943636
chr7,1,0,18,-0.07159553469992325
chr7,1,1,18,-0.01057587228585349
chr7,1,2,18,0.0551950432730902
chr7,1,3,18,0.11666279006377112
chr7,1,4,18,-0.026154768913613104
chr7,1,5,18,-0.0660555742037069
chr7,1,6,18,-0.004516418280330041
chr7,1,7,18,-0.052849241910382906
chr7,1,8,18,0.06766000716579858
chr7,1,9,18,0.014970613058900524
chr7,1,10,18,-0.003111107532286871
chr7,1,11,18,-0.09991254647606126
chr7,2,0,18,0.03265794891585332
chr7,2,1,18,0.05988791762011249
chr7,2,2,18,0.014795699794998455
chr7,2,3,18,0.033531035687997854
chr7,2,4,18,-0.000523068619423733
chr7,2,5,18,-0.1213822470756133
chr7,2,6,18,0.09816811040605676
chr7,2,7,18,-0.009184981075262437
chr7,2,8,18,0.021302333380725895
chr7,2,9,18,0.06319896914924417
chr7,2,10,18,0.026336255642802956
chr7,2,11,18,-0.018468833321383202
chr7,3,0,18,0.0574948795316585
chr7,3,1,18,0.05218408288207015
chr7,3,2,18,0.06305421357975034
chr7,3,3,18,0.01413954848570129
chr7,3,4,18,0.05180249091481778
chr7,3,5,18,-0.0059517123650344415
chr7,3,6,18,0.03636908138569599
chr7,3,7,18,0.058348056382873846
chr7,3,8,18,0.10212175249861494
chr7,3,9,18,0.02261804650502808
chr7,3,10,18,0.07558956402537506
chr7,3,11,18,-0.047339461406122565
chr7,4,0,18,0.11943902510070961
chr7,4,1,18,0.0896289728460893
chr7,4,2,18,0.034861761035055255
chr7,4,3,18,0.034225461991982474
chr7,4,4,18,0.08884234722855909
chr7,4,5,18,0.03950283623352703
chr7,4,6,18,0.0969644330851594
chr7,4,7,18,0.08734907881344356
chr7,4,8,18,0.057584031948933086
chr7,4,9,18,-0.04314281419258002
chr7,4,10,18,0.07992966238512646
chr7,4,11,18,0.01624566898893847
chr7,5,0,18,0.03528003748528083
chr7,5,1,18,0.06652307025253074
chr7,5,2,18,0.09421323501261353
chr7,5,3,18,0.05090256714456695
chr7,5,4,18,0.04070090122319217
chr7,5,5,18,0.0330075964982252
chr7,5,6,18,-0.024239302182749518
chr7,5,7,18,0.0942184295432965
chr7,5,8,18,0.06513999238030327
chr7,5,9,18,0.08592129590193062
chr7,5,10,18,-0.04988715914446282
chr7,5,11,18,0.031024046855140375
chr7,6,0,18,0.019443465297001247
chr7,6,1,18,-0.03282774389985341
chr7,6,2,18,-0.03555949294484754
chr7,6,3,18,0.0385410998369945
chr7,6,4,18,0.014126102625324473
chr7,6,5,18,0.03838875234339464
chr7,6,6,18,-0.01192930029330578
chr7,6,7,18,0.04264633598740528
chr7,6,8,18,0.03737849788374908
chr7,6,9,18,-0.05433253308630845
chr7,6,10,18,0.0925743050280171
chr7,6,11,18,-0.05381894982647049
chr7,7,0,18,-0.0785141904222838
chr7,7,1,18,0.06343078399427647
chr7,7,2,18,-0.04297143295987793
chr7,7,3,18,0.10591317672910124
chr7,7,4,18,0.029748630722206768
chr7,7,5,18,0.09296696050121972
chr7,7,6,18,0.03280130000382267
chr7,7,7,18,-0.07153057737957098
chr7,7,8,18,0.07846356349803602
chr7,7,9,18,0.0772060609285647
chr7,7,10,18,-0.07554629249927272
chr7,7,11,18,0.03698030998896784
chr7,8,0,18,-0.08303647711678909
chr7,8,1,18,-0.041825477802152775
chr7,8,2,18,-0.04574615023065816
chr7,8,3,18,-0.013819461003521232
chr7,8,4,18,0.0030796569663442807
chr7,8,5,18,-0.10829186009649992
chr7,8,6,18,0.02896061488563974
chr7,8,7,18,0.08336434396159818
chr7,8,8,18,-0.024147283416193346
chr7,8,9,18,0.017697058291828646
chr7,8,10,18,-0.017174031225281848
chr7,8,11,18,-0.10119746854371776
chr7,9,0,18,0.06335219790350363
chr7,9,1,18,0.0077485960839270805
chr7,9,2,18,-0.05162168693122728
chr7,9,3,18,-0.07284348749455397
chr7,9,4,18,0.0865458112326825
chr7,9,5,18,0.10384198779906147
chr7,9,6,18,0.04140997550400546
chr7,9,7,18,0.022231167666366417
chr7,9,8,18,0.012552130030349475
chr7,9,9,18,-0.011968644435102713
chr7,9,10,18,-0.055877408625763056
chr7,9,11,18,-0.04649891649364171
chr7,10,0,18,0.025311270568765858
chr7,10,1,18,-0.003348245779154338
chr7,10,2,18,-0.01958437031927757
chr7,10,3,18,-0.0565351306711958
chr7,10,4,18,-0.040927910701607846
chr7,10,5,18,-0.030930711772298544
chr7,10,6,18,0.0687102392190864
chr7,10,7,18,0.042640932873322594
chr7,10,8,18,-0.08952307818509413
chr7,10,9,18,-0.08028465288991818
chr7,10,10,18,0.013803158795696133
chr7,10,11,18,0.07222933228633004
chr7,11,0,18,-0.16762755080538239
chr7,11,1,18,0.000968030292232284
chr7,11,2,18,-0.13554525562009523
chr7,11,3,18,-0.022541269450792902
chr7,11,4,18,-0.12151306902922226
chr7,11,5,18,0.0015629238910436294
chr7,11,6,18,0.04103089286166975
chr7,11,7,18,0.03433630925327918
chr7,11,8,18,-0.024180406324926233
chr7,11,9,18,-0.13924123141868236
chr7,11,10,18,-0.13566441182936484
chr7,11,11,18,-0.06522428224327553
chr8,0,0,13,-0.1215666976982806
chr8,0,1,13,0.039211538470340764
chr8,0,2,13,-0.023775286195882706
chr8,0,3,13,0.027509683325750486
chr8,0,4,13,-0.026467681587219474
chr8,0,5,13,-0.06654800499031589
chr8,0,6,13,-0.07519306745212533
chr8,0,7,13,-0.0652540695621432
chr8,0,8,13,0.048131232894715985
chr8,0,9,13,-0.006338686562132938
chr8,0,10,13,0.030694643563656452
chr8,0,11,13,-0.022042688448892563
chr8,1,0,13,0.27287027612164033
chr8,1,1,13,-0.22983034419683224
chr8,1,2,13,-0.2678935402984948
chr8,1,3,13,-0.27182048066272196
chr8,1,4,13,-0.16507624069523194
chr8,1,5,13,-0.07224110155603979
chr8,1,6,13,-0.07241880496992058
chr8,1,7,13,-0.0642992429822418
chr8,1,8,13,-0.1922618982436899
chr8,1,9,13,-0.16292947458154927
chr8,1,10,13,0.10156436008579522
chr8,1,11,13,0.16854998732304177
chr8,2,0,13,-0.23693883880530775
chr8,2,1,13,-0.010711494112666715
chr8,2,2,13,-0.10987892822967919
chr8,2,3,13,-0.11541711604114636
chr8,2,4,13,0.004835675946053506
chr8,2,5,13,-0.0500742072599458
chr8,2,6,13,0.056490001389920066
chr8,2,7,13,-0.060021036652320316
chr8,2,8,13,-0.19331227675977825
chr8,2,9,13,-0.14819009348460485
chr8,2,10,13,-0.07273578387148685
chr8,2,11,13,-0.009896301172910084
chr8,3,0,13,-0.2582592735998971
chr8,3,1,13,-0.17266912815093857
chr8,3,2,13,-0.15562843020147707
chr8,3,3,13,-0.22094602718974835
chr8,3,4,13,-0.20919340745950696
chr8,3,5,13,0.031683720681492014
chr8,3,6,13,-0.12197913990853058
chr8,3,7,13,-0.03425572305131968
chr8,3,8,13,-0.2784347493831218
chr8,3,9,13,0.13651753166657132
chr8,3,10,13,-0.2872696882417251
chr8,3,11,13,0.2149740416526599
chr8,4,0,13,-0.10723938946111919
chr8,4,1,13,-0.18116050243435983
chr8,4,2,13,-0.2546507578671612
chr8,4,3,13,0.09247950890547707
chr8,4,4,13,0.10302932975526527
chr8,4,5,13,-0.022408299770016297
chr8,4,6,13,-0.13362962050296862
chr8,4,7,13,-0.1155762236193292
chr8,4,8,13,0.006969877837602306
chr8,4,9,13,0.15939437263302797
chr8,4,10,13,-0.22422208729083629
chr8,4,11,13,0.03367584455642944
chr8,5,0,13,-0.0013605878750087414
chr8,5,1,13,-0.19389366283790174
chr8,5,2,13,-0.30047234009070595
chr8,5,3,13,-0.10497814980826713
chr8,5,4,13,-0.21597576401997712
chr8,5,5,13,0.03347900121598636
chr8,5,6,13,-0.22781689208740682
chr8,5,7,13,-0.15367119731215803
chr8,5,8,13,-0.0961008899440928
chr8,5,9,13,-0.10272482820657158
chr8,5,10,13,0.1455002392563032
chr8,5,11,13,-0.18891379226277022
chr8,6,0,13,-0.06337872976620924
chr8,6,1,13,-0.04275400359735139
chr8,6,2,13,-0.1586604028238294
chr8,6,3,13,-0.07419580309370591
chr8,6,4,13,-0.062155455577887424
chr8,6,5,13,-0.05517957368475772
chr8,6,6,13,-0.05200002032871997
chr8,6,7,13,-0.18747473359940192
chr8,6,8,13,-0.2824082887910961
chr8,6,9,13,0.21239511035139075
chr8,6,10,13,-0.3163619479363939
chr8,6,11,13,0.2131006878470448
chr8,7,0,13,0.34908929306589864
chr8,7,1,13,-0.37216547208059986
chr8,7,2,13,-0.09581794732930647
chr8,7,3,13,-0.3135334610564136
chr8,7,4,13,-0.1995481259823757
chr8,7,5,13,-0.08856350127914661
chr8,7,6,13,-0.1506739734722459
chr8,7,7,13,-0.16525322878677778
chr8,7,8,13,-0.3606647550284282
chr8,7,9,13,-0.36656832815079
chr8,7,10,13,0.3393648483330756
chr8,7,11,13,-0.17117579553322157
chr8,8,0,13,0.08003952910321277
chr8,8,1,13,-0.04665597067999712
chr8,8,2,13,-0.0372765694171124
chr8,8,3,13,-0.20567372388816724
chr8,8,4,13,-0.09978493419115898
chr8,8,5,13,-0.17076715499925343
chr8,8,6,13,-0.18264477528767964
chr8,8,7,13,-0.13586193331181268
chr8,8,8,13,-0.04796673222230633
chr8,8,9,13,0.03127337965248149
chr8,8,10,13,-0.16162061240296174
chr8,8,11,13,0.045035985342409386
chr8,9,0,13,-0.2103723494587443
chr8,9,1,13,-0.05227098202066456
chr8,9,2,13,-0.018189943785161866
chr8,9,3,13,-0.08289414765611627
chr8,9,4,13,-0.1585529383450339
chr8,9,5,13,-0.05199991936850648
chr8,9,6,13,-0.19092809301353375
chr8,9,7,13,-0.13826655236143906
chr8,9,8,13,-0.05904187760509394
chr8,9,9,13,-0.02226939085245846
chr8,9,10,13,0.004631494977942976
chr8,9,11,13,-0.129263579407783
chr8,10,0,13,0.04603851180529405
chr8,10,1,13,-0.2056221365627189
chr8,10,2,13,0.006042190513761314
chr8,10,3,13,-0.09124412576618024
chr8,10,4,13,-0.10114891227651704
chr8,10,5,13,-0.05951253707576297
chr8,10,6,13,-0.0558970000028829
chr8,10,7,13,-0.18654353067373786
chr8,10,8,13,0.03574507176310048
chr8,10,9,13,0.1802580843337724
chr8,10,10,13,-0.30681148930906216
chr8,10,11,13,-0.19253587010339576
chr8,11,0,13,0.11527524857810469
chr8,11,1,13,-0.07117476746560614
chr8,11,2,13,-0.06978519901638014
chr8,11,3,13,-0.08970416455254478
chr8,11,4,13,0.0326776834673118
chr8,11,5,13,-0.19149891391322485
chr8,11,6,13,-0.22149930141695595
chr8,11,7,13,-0.1355437978157032
chr8,11,8,13,0.13259801895113263
chr8,11,9,13,0.03306838777957007
chr8,11,10,13,0.06673637691566155
chr8,11,11,13,-0.10689347154559202
chr9,0,0,7,-0.004582506147442935
chr9,0,1,7,0.02037697507374583
chr9,0,2,7,-0.0275155212919801
chr9,0,3,7,0.16449655885824294
chr9,0,4,7,0.1447032465794939
chr9,0,5,7,-0.1255683222657051
chr9,0,6,7,-0.16079817991054796
chr9,0,7,7,0.11729517598830384
chr9,0,8,7,0.03505824259977303
chr9,0,9,7,0.02699434625731458
chr9,0,10,7,0.005725850038996251
chr9,0,11,7,-0.09184302496854387
chr9,1,0,7,0.06030792193853317
chr9,1,1,7,-0.19253368243217062
chr9,1,2,7,-0.027815377685330562
chr9,1,3,7,-0.07282252778961236
chr9,1,4,7,-0.0896126680514596
chr9,1,5,7,-0.18576563728354598
chr9,1,6,7,-0.08293988687833095
chr9,1,7,7,0.0007728020943149379
chr9,1,8,7,0.0292844079204511
chr9,1,9,7,-0.20633213979060577
chr9,1,10,7,-0.04104273257026477
chr9,1,11,7,-0.0695858519406671
chr9,2,0,7,-0.040916637358709144
chr9,2,1,7,-0.03349626904347218
chr9,2,2,7,0.005337960291602772
chr9,2,3,7,0.07396060032182425
chr9,2,4,7,-0.1307148336337617
chr9,2,5,7,-0.11784770440916778
chr9,2,6,7,-0.045658878090965006
chr9,2,7,7,-0.06785337435331203
chr9,2,8,7,-0.1678202781810904
chr9,2,9,7,-0.1555237526758487
chr9,2,10,7,-0.14732015480093472
chr9,2,11,7,-0.26440034768715664
chr9,3,0,7,-0.14265724927060702
chr9,3,1,7,-0.14965162901638587
chr9,3,2,7,0.044451109535713525
chr9,3,3,7,-0.06033453865613868
chr9,3,4,7,-0.049839151366396876
chr9,3,5,7,-0.07596424108589048
chr9,3,6,7,-0.015077751698081954
chr9,3,7,7,-0.031404691852970214
chr9,3,8,7,-0.1194759222754669
chr9,3,9,7,0.003428264681572218
chr9,3,10,7,-0.09103211497988221
chr9,3,11,7,0.07669871229814883
chr9,4,0,7,-0.0889095813819527
chr9,4,1,7,-0.3204993396593822
chr9,4,2,7,-0.13951779113892582
chr9,4,3,7,-0.046128481226622005
chr9,4,4,7,-0.08944459905929235
chr9,4,5,7,-0.1308175268617147
chr9,4,6,7,0.029465243491474245
chr9,4,7,7,0.05404723710805071
chr9,4,8,7,-0.2172627167863996
chr9,4,9,7,-0.04874337883073908
chr9,4,10,7,-0.05689276215637252
chr9,4,11,7,-0.02123600088992362
chr9,5,0,7,-0.027571188266398466
chr9,5,1,7,0.030525917577661283
chr9,5,2,7,-0.04338411728819953
chr9,5,3,7,0.05465782586983468
chr9,5,4,7,-0.010681460191014616
chr9,5,5,7,0.07412491259401348
chr9,5,6,7,0.17929317050029228
chr9,5,7,7,0.29446727017758295
chr9,5,8,7,0.11274511912476501
chr9,5,9,7,-0.050107645749723054
chr9,5,10,7,0.18817404658303277
chr9,5,11,7,0.06874006209327173
chr9,6,0,7,0.03515187479189346
chr9,6,1,7,0.13940246702282405
chr9,6,2,7,0.04296114201746094
chr9,6,3,7,-0.010538219963113413
chr9,6,4,7,-0.12313314791349063
chr9,6,5,7,-0.11655482713001618
chr9,6,6,7,-0.042820281792957195
chr9,6,7,7,0.07017479827087306
chr9,6,8,7,0.12044221600027612
chr9,6,9,7,-0.02453852660681569
chr9,6,10,7,0.0650383469571152
chr9,6,11,7,0.044809103561099066
chr9,7,0,7,0.07742023372467084
chr9,7,1,7,-0.08644669666436429
chr9,7,2,7,-0.04938132405618887
chr9,7,3,7,-0.0038095498511045434
chr9,7,4,7,0.028584486947698582
chr9,7,5,7,-0.0005048231173625438
chr9,7,6,7,0.2152612051759423
chr9,7,7,7,0.11617105760793507
chr9,7,8,7,-0.08351396156396261
chr9,7,9,7,-0.08049292435529001
chr9,7,10,7,0.07348949199993429
chr9,7,11,7,0.15594859900417005
chr9,8,0,7,-0.21882349288157085
chr9,8,1,7,-0.020171333941957532
chr9,8,2,7,0.03486662395559508
chr9,8,3,7,0.10181487828990712
chr9,8,4,7,0.08870240628810581
chr9,8,5,7,0.07030785076697584
chr9,8,6,7,0.10271466920178453
chr9,8,7,7,0.10500785162557578
chr9,8,8,7,-0.15151042274617832
chr9,8,9,7,-0.18567368257813094
chr9,8,10,7,0.043172971282110784
chr9,8,11,7,0.01689513984750159
chr9,9,0,7,0.055276147863692685
chr9,9,1,7,0.08767512456541941
chr9,9,2,7,0.06844232784908791
chr9,9,3,7,-0.04690243809449105
chr9,9,4,7,0.14103626327669244
chr9,9,5,7,0.0698457048287467
chr9,9,6,7,0.03295879044450969
chr9,9,7,7,0.10208657751390868
chr9,9,8,7,-0.04841839533673389
chr9,9,9,7,0.030853083145936745
chr9,9,10,7,0.002868747971020951
chr9,9,11,7,0.15868460785659133
chr9,10,0,7,-0.002216348265938118
chr9,10,1,7,-0.10467347186773547
chr9,10,2,7,-0.004814506385839261
chr9,10,3,7,0.0034125316953944685
chr9,10,4,7,-0.04807945645982561
chr9,10,5,7,-0.0030034211839575498
chr9,10,6,7,0.002452713118641592
chr9,10,7,7,0.07819843811675124
chr9,10,8,7,-0.036907439415831536
chr9,10,9,7,-0.007499581551030968
chr9,10,10,7,-0.10834995509705116
chr9,10,11,7,-0.04367438328333702
chr9,11,0,7,-0.04734303996929918
chr9,11,1,7,0.06347215230558176
chr9,11,2,7,-0.05666254027988769
chr9,11,3,7,0.22564314417206907
chr9,11,4,7,0.06578070436597053
chr9,11,5,7,0.016356445102914792
chr9,11,6,7,-0.007614799932245259
chr9,11,7,7,-0.07210151545919612
chr9,11,8,7,0.12216822066831477
chr9,11,9,7,0.014845378530405597
chr9,11,10,7,-0.04308500057745073
chr9,11,11,7,0.15194313021715758
chrX,0,0,12,0.005504699023935101
chrX,0,1,12,-0.008879974329503543
chrX,0,2,12,0.0368041929157861
chrX,0,3,12,0.011473666897231843
chrX,0,4,12,0.10079814450869788
chrX,0,5,12,0.03789019441555497
chrX,0,6,12,-0.009254605535632144
chrX,0,7,12,0.028964127964104792
chrX,0,8,12,-0.05934747988912117
chrX,0,9,12,0.006683107569237809
chrX,0,10,12,0.02541562633779106
chrX,0,11,12,0.10102263616173195
chrX,1,0,12,-0.026418736938878844
chrX,1,1,12,0.07227977072509216
chrX,1,2,12,0.05845464545402786
chrX,1,3,12,0.028468962712409937
chrX,1,4,12,-0.09125655946480199
chrX,1,5,12,0.08252223560141085
chrX,1,6,12,-0.008291475340468884
chrX,1,7,12,-0.022964406407689417
chrX,1,8,12,0.04247560436957234
chrX,1,9,12,-0.05345495287507709
chrX,1,10,12,-0.05339155687687621
chrX,1,11,12,-0.0078529476376089
chrX,2,0,12,0.12866271660763232
chrX,2,1,12,0.13605058034491588
chrX,2,2,12,0.030239697967452458
chrX,2,3,12,0.1479957339183359
chrX,2,4,12,-0.05725505199091275
chrX,2,5,12,-0.03139768641269311
chrX,2,6,12,-0.0677155675872354
chrX,2,7,12,0.0038076005734061107
chrX,2,8,12,0.16350247267612394
chrX,2,9,12,-0.05480460206854417
chrX,2,10,12,0.07119046391123268
chrX,2,11,12,-0.04673905466336573
chrX,3,0,12,0.08147257386014019
chrX,3,1,12,0.09274095856231042
chrX,3,2,12,0.04817571111163559
chrX,3,3,12,0.07052098013329339
chrX,3,4,12,0.024909763517805023
chrX,3,5,12,0.011112561762563658
chrX,3,6,12,0.08452347875897352
chrX,3,7,12,0.08814744271792618
chrX,3,8,12,0.19362021910026525
chrX,3,9,12,-0.05678789612924909
chrX,3,10,12,0.10551622789652126
chrX,3,11,12,-0.13019963148288718
chrX,4,0,12,0.026717872844843536
chrX,4,1,12,0.04681391815604252
chrX,4,2,12,0.046522893742265446
chrX,4,3,12,0.01119266858509379
chrX,4,4,12,-0.08228083333926219
chrX,4,5,12,0.031125279020619064
chrX,4,6,12,0.03525730276345915
chrX,4,7,12,0.10522408186208648
chrX,4,8,12,0.10425967381990599
chrX,4,9,12,-0.11619058774320168
chrX,4,10,12,0.16943435620254513
chrX,4,11,12,0.1485000327905115
chrX,5,0,12,0.02379343152805798
chrX,5,1,12,0.1862135456241251
chrX,5,2,12,0.15125010537054065
chrX,5,3,12,0.16079840543536691
chrX,5,4,12,0.1139415261720782
chrX,5,5,12,-0.11977099187600015
chrX,5,6,12,0.11292832211012378
chrX,5,7,12,0.09682622765020282
chrX,5,8,12,0.13334248685563668
chrX,5,9,12,0.16037325068019523
chrX,5,10,12,0.08448739641793918
chrX,5,11,12,0.02508005987953091
chrX,6,0,12,0.025712172841888314
chrX,6,1,12,0.18650457011631708
chrX,6,2,12,-0.002038561307018294
chrX,6,3,12,0.03530636929992292
chrX,6,4,12,0.027285879747086666
chrX,6,5,12,-0.02545964485593281
chrX,6,6,12,-0.004999067842227006
chrX,6,7,12,0.060799723056353096
chrX,6,8,12,0.06847290396234648
chrX,6,9,12,-0.010716303914313052
chrX,6,10,12,0.1109491786011777
chrX,6,11,12,-0.07218152157030956
chrX,7,0,12,-0.17939912036151384
chrX,7,1,12,0.20500311354572134
chrX,7,2,12,-0.013384321583611991
chrX,7,3,12,0.16475725232266245
chrX,7,4,12,0.15871588291621444
chrX,7,5,12,0.09696162339008048
chrX,7,6,12,0.05921673531218317
chrX,7,7,12,0.0711537356399545
chrX,7,8,12,0.19678419107960465
chrX,7,9,12,0.18266808920293498
chrX,7,10,12,-0.10233394622287025
chrX,7,11,12,0.13424575232149197
chrX,8,0,12,-0.05385894258439803
chrX,8,1,12,0.041046915764284445
chrX,8,2,12,-0.07996146461296647
chrX,8,3,12,0.06549951414132421
chrX,8,4,12,0.004271928343199856
chrX,8,5,12,-0.054334660955177826
chrX,8,6,12,-0.055202037718615406
chrX,8,7,12,0.05304394620827152
chrX,8,8,12,0.024375182285580128
chrX,8,9,12,-0.10089075399456095
chrX,8,10,12,0.06456166860352647
chrX,8,11,12,-0.15647578730999498
chrX,9,0,12,-0.012889147037039445
chrX,9,1,12,-0.015428298080690175
chrX,9,2,12,-0.07400616166142869
chrX,9,3,12,0.013114459632053979
chrX,9,4,12,-0.0598408464795895
chrX,9,5,12,0.08756918070604928
chrX,9,6,12,-0.09990355566946718
chrX,9,7,12,0.0023448714992960243
chrX,9,8,12,-0.10208714127992106
chrX,9,9,12,-0.0009736049206863032
chrX,9,10,12,-0.10973043955562657
chrX,9,11,12,-0.10287022971386044
chrX,10,0,12,-0.10659572470466931
chrX,10,1,12,0.10856656746682175
chrX,10,2,12,0.07862786615124495
chrX,10,3,12,0.03311708687999072
chrX,10,4,12,0.11394828268570711
chrX,10,5,12,-0.04678587999948769
chrX,10,6,12,0.11643734217665956
chrX,10,7,12,0.15677615816445648
chrX,10,8,12,-0.0846459358878426
chrX,10,9,12,-0.11070017412786054
chrX,10,10,12,0.11441853061814716
chrX,10,11,12,0.038890904240763774
chrX,11,0,12,-0.02864608141008181
chrX,11,1,12,0.05013149411561335
chrX,11,2,12,-0.13744835202090352
chrX,11,3,12,-0.006395569873280838
chrX,11,4,12,0.06000573065094728
chrX,11,5,12,0.14434610698892056
chrX,11,6,12,0.2792641993202664
chrX,11,7,12,0.11336348477811414
chrX,11,8,12,-0.026281970109715252
chrX,11,9,12,0.14093130633397072
chrX,11,10,12,0.12914315514083538
chrX,11,11,12,5.5619217130070675e-05
