chromosome,layer,head,pairs,mean
chr1,0,0,27,-0.0307000492142188
chr1,0,1,27,0.02841126895750046
chr1,0,2,27,-0.00046004512877275994
chr1,0,3,27,-0.029545307094613497
chr1,0,4,27,0.05364002320458946
chr1,0,5,27,-0.018739728562428087
chr1,0,6,27,0.03859826553307163
chr1,0,7,27,-0.0013362441656634154
chr1,0,8,27,0.0600991323523989
chr1,0,9,27,0.0218560133573003
chr1,0,10,27,0.004019840741996821
chr1,0,11,27,0.05286376400802394
chr1,1,0,27,0.03040137688788132
chr1,1,1,27,0.021945786787143078
chr1,1,2,27,0.03960583811393844
chr1,1,3,27,0.03236416579793156
chr1,1,4,27,0.09169285494054788
chr1,1,5,27,0.042344497615395875
chr1,1,6,27,0.015203214043812611
chr1,1,7,27,0.0009327052273227776
chr1,1,8,27,-0.00869681314131305
chr1,1,9,27,-0.016599349200639244
chr1,1,10,27,0.04006802426650488
chr1,1,11,27,-0.09382547114965635
chr1,2,0,27,-0.0044235613378110035
chr1,2,1,27,0.08362084813412247
chr1,2,2,27,0.0719175186847959
chr1,2,3,27,0.02905756973806103
chr1,2,4,27,0.020636304836499548
chr1,2,5,27,0.09587341147716193
chr1,2,6,27,0.05723254777519881
chr1,2,7,27,0.07572383501201137
chr1,2,8,27,-0.024458572344296367
chr1,2,9,27,0.09500389481956216
chr1,2,10,27,0.023984246430761483
chr1,2,11,27,-0.01898752125597558
chr1,3,0,27,-0.03930624272587306
chr1,3,1,27,0.01848155704514714
chr1,3,2,27,0.09795587316964112
chr1,3,3,27,0.024513260162112104
chr1,3,4,27,-0.012630582420780167
chr1,3,5,27,0.06193660284160366
chr1,3,6,27,0.041388753044017804
chr1,3,7,27,-0.005514829956476701
chr1,3,8,27,0.011220463003304017
chr1,3,9,27,0.04055691899876435
chr1,3,10,27,-0.07181706947568431
chr1,3,11,27,0.04657302501531719
chr1,4,0,27,-0.0474587678201244
chr1,4,1,27,-0.031611587221947894
chr1,4,2,27,-0.007111186505959597
chr1,4,3,27,0.06332631286626576
chr1,4,4,27,-0.028314001483572118
chr1,4,5,27,0.039167800585750694
chr1,4,6,27,0.06440185562432472
chr1,4,7,27,0.08331309084734649
chr1,4,8,27,0.12081004182044106
chr1,4,9,27,0.04632450162279781
chr1,4,10,27,8.255866752789105e-07
chr1,4,11,27,-0.014515113959753623
chr1,5,0,27,0.10917622253270902
chr1,5,1,27,0.0432176425465258
chr1,5,2,27,0.00421998567818867
chr1,5,3,27,0.058132232628247835
chr1,5,4,27,0.02154064085382186
chr1,5,5,27,0.0034227280797530174
chr1,5,6,27,0.053092236368767004
chr1,5,7,27,0.12396594126282887
chr1,5,8,27,0.12756000008504037
chr1,5,9,27,0.061530672274235795
chr1,5,10,27,0.13597936816465303
chr1,5,11,27,0.1196776871284669
chr1,6,0,27,0.09466936722592718
chr1,6,1,27,0.06195926913715087
chr1,6,2,27,0.02982484334873525
chr1,6,3,27,0.06822909561093951
chr1,6,4,27,0.04001421487226659
chr1,6,5,27,-0.03422462943344612
chr1,6,6,27,0.04692943489132255
chr1,6,7,27,-0.037086478161037106
chr1,6,8,27,0.06651745032713265
chr1,6,9,27,0.05809795780139266
chr1,6,10,27,0.18691991940949923
chr1,6,11,27,-0.010011842627904473
chr1,7,0,27,0.018426277792800105
chr1,7,1,27,0.010163687892298611
chr1,7,2,27,-0.00018354813347644229
chr1,7,3,27,0.09650712408880856
chr1,7,4,27,0.021290476487777193
chr1,7,5,27,-0.09664880963509746
chr1,7,6,27,0.13136068057449557
chr1,7,7,27,0.14785380055116923
chr1,7,8,27,0.01009648612740898
chr1,7,9,27,0.013861587348580513
chr1,7,10,27,0.02429530437189798
chr1,7,11,27,0.09552542518590083
chr1,8,0,27,0.05691812457291484
chr1,8,1,27,0.0036607262613084493
chr1,8,2,27,0.08434428083291087
chr1,8,3,27,0.1411141158355991
chr1,8,4,27,0.10608001595799979
chr1,8,5,27,0.20171879688328764
chr1,8,6,27,0.018122621456995527
chr1,8,7,27,0.1636471135811168
chr1,8,8,27,-0.015163775126932368
chr1,8,9,27,-0.11435759943559091
chr1,8,10,27,0.011717839777221743
chr1,8,11,27,0.17339879257884933
chr1,9,0,27,-0.012217912438275393
chr1,9,1,27,-0.003264341277275653
chr1,9,2,27,0.07190151180377279
chr1,9,3,27,0.002519613875707197
chr1,9,4,27,0.11005078443627439
chr1,9,5,27,0.018133948402428924
chr1,9,6,27,-0.05606560137898459
chr1,9,7,27,0.13515842366967343
chr1,9,8,27,-0.15672629968819585
chr1,9,9,27,-0.09847852166124303
chr1,9,10,27,-0.13206389709798244
chr1,9,11,27,0.07597304066356075
chr1,10,0,27,-0.046180767391341054
chr1,10,1,27,-0.013429840901762326
chr1,10,2,27,-0.05726414168001805
chr1,10,3,27,0.028750101125743874
chr1,10,4,27,0.03703483260428713
chr1,10,5,27,-0.08962046040423326
chr1,10,6,27,-0.003954054359848662
chr1,10,7,27,0.00031803755923888303
chr1,10,8,27,-0.025594493841747765
chr1,10,9,27,-0.04371128655307097
chr1,10,10,27,-0.02086858295637455
chr1,10,11,27,0.056249953204364954
chr1,11,0,27,0.003042842427920325
chr1,11,1,27,-0.12487031498205797
chr1,11,2,27,-0.1191249666565481
chr1,11,3,27,0.016038292273152753
chr1,11,4,27,-0.026831611484988357
chr1,11,5,27,-0.040103044883567786
chr1,11,6,27,-0.036825424921404844
chr1,11,7,27,1.469909645881492e-05
chr1,11,8,27,-0.0017315226802706687
chr1,11,9,27,-0.09164256993343958
chr1,11,10,27,-0.04156940491663637
chr1,11,11,27,-0.032585323043046434
chr10,0,0,10,-0.07857804359962423
chr10,0,1,10,0.11356532643360744
chr10,0,2,10,0.07621672486316913
chr10,0,3,10,0.006623752662509636
chr10,0,4,10,0.012057754745213228
chr10,0,5,10,0.07118786491521453
chr10,0,6,10,0.07005433728071948
chr10,0,7,10,0.016801694722247115
chr10,0,8,10,0.0023946135954710734
chr10,0,9,10,-0.03527521253437853
chr10,0,10,10,0.023185852003680875
chr10,0,11,10,0.04231058687401359
chr10,1,0,10,0.27196726230558615
chr10,1,1,10,-0.07833057482085667
chr10,1,2,10,-0.19375528221084584
chr10,1,3,10,-0.030245216898242555
chr10,1,4,10,-0.011225634498998726
chr10,1,5,10,-0.10969209577348327
chr10,1,6,10,0.11291598382546882
chr10,1,7,10,-0.05668383026862789
chr10,1,8,10,-0.21276975508629653
chr10,1,9,10,-0.1376288043882541
chr10,1,10,10,0.15647142836726402
chr10,1,11,10,0.16258446906138016
chr10,2,0,10,0.01911418160918582
chr10,2,1,10,-0.1881002389415714
chr10,2,2,10,0.032571875861608354
chr10,2,3,10,-0.0457456675459685
chr10,2,4,10,-0.09967180509021387
chr10,2,5,10,0.04672901892292745
chr10,2,6,10,0.02871086969976335
chr10,2,7,10,-0.09996871492293091
chr10,2,8,10,0.003129775791272127
chr10,2,9,10,-0.0016239362711147841
chr10,2,10,10,-0.01948317000089945
chr10,2,11,10,0.08801103557362114
chr10,3,0,10,-0.015551834499008632
chr10,3,1,10,-0.03912818507885811
chr10,3,2,10,-0.008794245098854302
chr10,3,3,10,-0.11426688085282924
chr10,3,4,10,-0.09413633990977674
chr10,3,5,10,0.08847334346776282
chr10,3,6,10,-0.004575843902323668
chr10,3,7,10,0.040699116418067637
chr10,3,8,10,-0.03485620216829033
chr10,3,9,10,0.11182097154309392
chr10,3,10,10,-0.026852224381327137
chr10,3,11,10,0.09464410659699575
chr10,4,0,10,-0.06291298989311792
chr10,4,1,10,-0.02057660849184111
chr10,4,2,10,0.09860453529637776
chr10,4,3,10,0.027211526064943557
chr10,4,4,10,0.034596737403910574
chr10,4,5,10,-0.14566050577869297
chr10,4,6,10,0.056394227445951794
chr10,4,7,10,0.13139048009262394
chr10,4,8,10,0.012670448484271856
chr10,4,9,10,0.0588125580186909
chr10,4,10,10,0.05976821685143217
chr10,4,11,10,-0.04965432573966919
chr10,5,0,10,-0.02175559289782894
chr10,5,1,10,0.08390017498450467
chr10,5,2,10,0.0748035980008223
chr10,5,3,10,0.1456553385793476
chr10,5,4,10,0.05208083206469769
chr10,5,5,10,0.017070561508188628
chr10,5,6,10,0.15399561830447125
chr10,5,7,10,0.09140370721792686
chr10,5,8,10,-0.01784904503660112
chr10,5,9,10,0.004879295894524077
chr10,5,10,10,0.025655320142472304
chr10,5,11,10,0.020798864182383223
chr10,6,0,10,-0.04268678982705795
chr10,6,1,10,-0.004731539085772393
chr10,6,2,10,0.19693797835565094
chr10,6,3,10,0.11760439238688651
chr10,6,4,10,0.11895122226008388
chr10,6,5,10,0.028418464071034634
chr10,6,6,10,0.1962918252464928
chr10,6,7,10,-0.0070034038564325
chr10,6,8,10,0.01119890564724858
chr10,6,9,10,0.13087533535518653
chr10,6,10,10,-0.0884781640950854
chr10,6,11,10,0.08116897672216414
chr10,7,0,10,0.11181632648769327
chr10,7,1,10,-0.052174696475048465
chr10,7,2,10,-0.07814216163928193
chr10,7,3,10,0.028335342116841154
chr10,7,4,10,-0.009194679586971986
chr10,7,5,10,0.2071618954536972
chr10,7,6,10,-0.04653089116602832
chr10,7,7,10,0.039103978736674386
chr10,7,8,10,-0.07165331176476594
chr10,7,9,10,-0.07369238911658359
chr10,7,10,10,0.14360920533687824
chr10,7,11,10,0.1814976321992931
chr10,8,0,10,0.12459304903378791
chr10,8,1,10,0.17697153123907358
chr10,8,2,10,0.15511356252695108
chr10,8,3,10,-0.12441939604910353
chr10,8,4,10,0.06002682790953282
chr10,8,5,10,0.07401883328503948
chr10,8,6,10,0.21476964912356586
chr10,8,7,10,0.04922783185518441
chr10,8,8,10,0.07263489520288366
chr10,8,9,10,0.13813892295316185
chr10,8,10,10,0.22352242521945667
chr10,8,11,10,-0.026127448172430966
chr10,9,0,10,-0.025360243680818212
chr10,9,1,10,-0.008413719167405498
chr10,9,2,10,-0.04417256786631573
chr10,9,3,10,0.11658538715341212
chr10,9,4,10,0.05312235944300223
chr10,9,5,10,-0.09319097935056171
chr10,9,6,10,-0.039421634636928174
chr10,9,7,10,0.19549866679341693
chr10,9,8,10,0.02480980352852382
chr10,9,9,10,-0.09107883370216203
chr10,9,10,10,0.1147851705032645
chr10,9,11,10,0.0036097501209316207
chr10,10,0,10,-0.035245956316643325
chr10,10,1,10,-0.013140654268877389
chr10,10,2,10,0.23994994977936054
chr10,10,3,10,0.05942351783568271
chr10,10,4,10,0.14388764523199302
chr10,10,5,10,0.15387698358205412
chr10,10,6,10,-0.011552803268279599
chr10,10,7,10,-0.020233721801569494
chr10,10,8,10,-0.06361088079200766
chr10,10,9,10,0.05960868095862717
chr10,10,10,10,0.15177034454035035
chr10,10,11,10,0.020135661871259508
chr10,11,0,10,-0.01741734597321352
chr10,11,1,10,0.005111958097197433
chr10,11,2,10,0.012405450559454856
chr10,11,3,10,-0.06713710868000125
chr10,11,4,10,0.031847125571717406
chr10,11,5,10,0.15174744978352409
chr10,11,6,10,0.12529006885869687
chr10,11,7,10,0.07639649813158121
chr10,11,8,10,-0.004080039436670542
chr10,11,9,10,-0.0432188116531686
chr10,11,10,10,0.00950572188954187
chr10,11,11,10,0.029729751110369785
chr11,0,0,8,0.1003456702275757
chr11,0,1,8,-0.06671166513651289
chr11,0,2,8,0.0764399577772655
chr11,0,3,8,0.16368224669871292
chr11,0,4,8,0.1444827534858378
chr11,0,5,8,0.02635166118951368
chr11,0,6,8,0.034097698843909785
chr11,0,7,8,-0.17583429415979046
chr11,0,8,8,0.11734603957459493
chr11,0,9,8,0.06544815106124749
chr11,0,10,8,0.09092337954779886
chr11,0,11,8,-0.0015620163948549537
chr11,1,0,8,0.17891305729207901
chr11,1,1,8,-0.05193661308209558
chr11,1,2,8,-0.14045568479413958
chr11,1,3,8,-0.13519713001906153
chr11,1,4,8,-0.0788028198399516
chr11,1,5,8,-0.11754539423357593
chr11,1,6,8,-0.14616171767917102
chr11,1,7,8,-0.18617945491444582
chr11,1,8,8,-0.1771021925783374
chr11,1,9,8,0.04893072169036357
chr11,1,10,8,-0.04934263607508535
chr11,1,11,8,0.20037129698038164
chr11,2,0,8,0.13074915172005058
chr11,2,1,8,-0.015908862188370478
chr11,2,2,8,0.18176543265620593
chr11,2,3,8,-0.05672985162774574
chr11,2,4,8,0.17328700884765813
chr11,2,5,8,0.11599756528220495
chr11,2,6,8,0.04960629367164693
chr11,2,7,8,0.01540208408703269
chr11,2,8,8,0.15920710928182202
chr11,2,9,8,0.1746655174300064
chr11,2,10,8,0.08463300293869112
chr11,2,11,8,0.0121124931059516
chr11,3,0,8,0.18176864110308052
chr11,3,1,8,0.10508576073454823
chr11,3,2,8,0.023283788919138047
chr11,3,3,8,-0.04429005938709732
chr11,3,4,8,-0.022291324653673224
chr11,3,5,8,0.13503723393350858
chr11,3,6,8,0.11427489695213028
chr11,3,7,8,-0.015509078901748213
chr11,3,8,8,0.13284260979046492
chr11,3,9,8,0.21936659394425745
chr11,3,10,8,0.07818955004017261
chr11,3,11,8,0.22929544756336312
chr11,4,0,8,0.04459673399957799
chr11,4,1,8,0.10866360584147634
chr11,4,2,8,0.00751065893846941
chr11,4,3,8,0.32808852082301193
chr11,4,4,8,-0.10508824020924368
chr11,4,5,8,-0.06785808620751566
chr11,4,6,8,-0.011013923489248956
chr11,4,7,8,0.1564804097551864
chr11,4,8,8,-0.0711104862571995
chr11,4,9,8,0.3928249418699712
chr11,4,10,8,-0.07246791178378999
chr11,4,11,8,0.08896566835913275
chr11,5,0,8,0.027914808217710578
chr11,5,1,8,-0.08614621590231758
chr11,5,2,8,-0.14503750920964112
chr11,5,3,8,0.029749926078967176
chr11,5,4,8,0.04810962127026572
chr11,5,5,8,-0.03184059738892797
chr11,5,6,8,0.05160189921041392
chr11,5,7,8,-0.051170434505851285
chr11,5,8,8,-0.03427759944514416
chr11,5,9,8,0.061937598424430244
chr11,5,10,8,0.07102502329730676
chr11,5,11,8,-0.023727059873028145
chr11,6,0,8,-0.22071652490715135
chr11,6,1,8,-0.036292006267985503
chr11,6,2,8,0.15228442336298698
chr11,6,3,8,0.0930642905896982
chr11,6,4,8,0.09417447697002165
chr11,6,5,8,0.2262574306976481
chr11,6,6,8,0.14982474941342386
chr11,6,7,8,0.17747808548494423
chr11,6,8,8,0.06398193439172359
chr11,6,9,8,0.12498467864427222
chr11,6,10,8,-0.10384290510948437
chr11,6,11,8,0.29568545442309047
chr11,7,0,8,0.21138448662847323
chr11,7,1,8,-0.18944226269889053
chr11,7,2,8,-0.26497587905587194
chr11,7,3,8,-0.03903077940174306
chr11,7,4,8,-0.015767296052464165
chr11,7,5,8,0.017166147087701852
chr11,7,6,8,-0.01480254064805915
chr11,7,7,8,-0.017534969841027537
chr11,7,8,8,-0.19690605773854689
chr11,7,9,8,-0.19007358858444168
chr11,7,10,8,0.2624050746230036
chr11,7,11,8,0.0531212137580452
chr11,8,0,8,0.0025866015820354624
chr11,8,1,8,-0.26385352900385306
chr11,8,2,8,0.08906137336135798
chr11,8,3,8,-0.08309005826130901
chr11,8,4,8,-0.12091564565727513
chr11,8,5,8,-0.07814834021204112
chr11,8,6,8,-0.13308411628638983
chr11,8,7,8,0.026050237457801405
chr11,8,8,8,-0.29584679698792515
chr11,8,9,8,-0.2197864465836525
chr11,8,10,8,-0.1985935992432153
chr11,8,11,8,0.10272447806712248
chr11,9,0,8,-0.04449406770462119
chr11,9,1,8,-0.05679247381112176
chr11,9,2,8,0.04462034586117618
chr11,9,3,8,-0.04859764060386058
chr11,9,4,8,0.07689077341559891
chr11,9,5,8,0.08919186899856432
chr11,9,6,8,-0.023251588460834267
chr11,9,7,8,-0.12058840166282167
chr11,9,8,8,-0.15802097033473295
chr11,9,9,8,-0.20797255422332017
chr11,9,10,8,-0.10006332339415436
chr11,9,11,8,-0.02741740129983771
chr11,10,0,8,0.070942864070147
chr11,10,1,8,-0.2601601493414673
chr11,10,2,8,-0.2094750502752473
chr11,10,3,8,-0.1756565792414812
chr11,10,4,8,-0.16892510933022334
chr11,10,5,8,-0.21865542354688103
chr11,10,6,8,0.044340222640037376
chr11,10,7,8,0.1622549255051635
chr11,10,8,8,-0.032866079371580426
chr11,10,9,8,-0.08632838292505449
chr11,10,10,8,0.008895366614967676
chr11,10,11,8,-0.14711857382934201
chr11,11,0,8,-0.079521729825406
chr11,11,1,8,-0.0878525319658804
chr11,11,2,8,0.020767622187813098
chr11,11,3,8,-0.03822050336353622
chr11,11,4,8,0.010919086664982779
chr11,11,5,8,-0.15415486554028873
chr11,11,6,8,-0.022778030980776534
chr11,11,7,8,-0.05306489315058614
chr11,11,8,8,-0.03317163750693406
chr11,11,9,8,-0.09369680795557486
chr11,11,10,8,-0.20162338333383237
chr11,11,11,8,-0.02213851751948117
chr12,0,0,8,-0.024952961005969332
chr12,0,1,8,-0.15314758552926505
chr12,0,2,8,0.0527403996158016
chr12,0,3,8,0.0679006587572877
chr12,0,4,8,0.16847050792437895
chr12,0,5,8,0.08143882184855267
chr12,0,6,8,0.055317262245222126
chr12,0,7,8,-0.051261758619818736
chr12,0,8,8,0.06881254927755309
chr12,0,9,8,-0.069062227311155
chr12,0,10,8,-0.08671882977782507
chr12,0,11,8,0.08866508768188268
chr12,1,0,8,0.16369124800672355
chr12,1,1,8,0.07801230881908142
chr12,1,2,8,-0.1241043587675967
chr12,1,3,8,0.009881282180127099
chr12,1,4,8,-0.14098540033582704
chr12,1,5,8,-0.06630019306317028
chr12,1,6,8,-0.18112077977016527
chr12,1,7,8,-0.10759687702188597
chr12,1,8,8,-0.1094552739054901
chr12,1,9,8,0.08973537681191988
chr12,1,10,8,0.04989709081316189
chr12,1,11,8,0.11783892526673567
chr12,2,0,8,0.20313565514458343
chr12,2,1,8,0.07132323308585346
chr12,2,2,8,0.03151122450472341
chr12,2,3,8,0.006709344482940598
chr12,2,4,8,0.11525650584534214
chr12,2,5,8,0.048600189019253406
chr12,2,6,8,0.03749166051572734
chr12,2,7,8,0.16845072896314778
chr12,2,8,8,0.16931698284622268
chr12,2,9,8,0.21744194024246638
chr12,2,10,8,0.09658969906121274
chr12,2,11,8,-0.021854113560468846
chr12,3,0,8,0.10700134908703954
chr12,3,1,8,0.017427563334045194
chr12,3,2,8,0.04538214768951506
chr12,3,3,8,0.03976898603812905
chr12,3,4,8,0.03665914280732416
chr12,3,5,8,0.15525081339013042
chr12,3,6,8,0.2661795329004498
chr12,3,7,8,0.1361195492022128
chr12,3,8,8,0.06829338742183737
chr12,3,9,8,0.10928954214402556
chr12,3,10,8,0.07345048243771204
chr12,3,11,8,0.1129162493655884
chr12,4,0,8,0.031468478283861255
chr12,4,1,8,0.12461374038009551
chr12,4,2,8,0.07909628794768343
chr12,4,3,8,0.14862443561816352
chr12,4,4,8,-0.06656105836553328
chr12,4,5,8,-0.049581884387801735
chr12,4,6,8,0.1390124978565103
chr12,4,7,8,0.23837927639543954
chr12,4,8,8,0.20513703830848068
chr12,4,9,8,0.11598557381973845
chr12,4,10,8,0.21160424553985438
chr12,4,11,8,0.18820362868996351
chr12,5,0,8,0.12139550802548943
chr12,5,1,8,0.08329342450262933
chr12,5,2,8,0.09830571710060605
chr12,5,3,8,0.185288078612081
chr12,5,4,8,0.27422525057921215
chr12,5,5,8,-0.041684838548885564
chr12,5,6,8,0.08852824727235341
chr12,5,7,8,0.3176533884097184
chr12,5,8,8,0.1223330946854953
chr12,5,9,8,0.18852422794302592
chr12,5,10,8,0.22297799961310114
chr12,5,11,8,0.11090541335148935
chr12,6,0,8,-0.10417280674126578
chr12,6,1,8,0.16732677674874216
chr12,6,2,8,0.009641119630496991
chr12,6,3,8,0.0911322340864008
chr12,6,4,8,-0.027674383432808827
chr12,6,5,8,0.027901516989363044
chr12,6,6,8,-0.021348809077002324
chr12,6,7,8,0.17239387916516635
chr12,6,8,8,0.12163766936581266
chr12,6,9,8,0.12454581837412959
chr12,6,10,8,-0.01709655922244408
chr12,6,11,8,0.0317028168708443
chr12,7,0,8,0.12693103015932447
chr12,7,1,8,-0.05206005900992444
chr12,7,2,8,-0.08023285335987165
chr12,7,3,8,-0.0024962793364431864
chr12,7,4,8,0.045836713539682925
chr12,7,5,8,-0.035288291915880635
chr12,7,6,8,0.215906603821108
chr12,7,7,8,0.08240433307312585
chr12,7,8,8,-0.13120659402357293
chr12,7,9,8,-0.11974056953049371
chr12,7,10,8,0.15340393707844865
chr12,7,11,8,0.023554973515778586
chr12,8,0,8,0.14674062438744045
chr12,8,1,8,-0.07811654602793394
chr12,8,2,8,0.2276869330052505
chr12,8,3,8,0.04844451611022968
chr12,8,4,8,-0.012752464109348192
chr12,8,5,8,0.03300664648675746
chr12,8,6,8,-0.16383926087377063
chr12,8,7,8,-0.015214356894157385
chr12,8,8,8,-0.07052456336487567
chr12,8,9,8,0.12450702487986023
chr12,8,10,8,-0.11180172180940538
chr12,8,11,8,0.24497778748634189
chr12,9,0,8,0.007135772665523954
chr12,9,1,8,-0.09167833553507701
chr12,9,2,8,0.060463678046403416
chr12,9,3,8,-0.011288230342466593
chr12,9,4,8,0.21635580878536315
chr12,9,5,8,0.09788828625605717
chr12,9,6,8,0.2583389270211631
chr12,9,7,8,0.0724109749797443
chr12,9,8,8,-0.07802382698862184
chr12,9,9,8,-0.17175844833565837
chr12,9,10,8,-0.11904737641929962
chr12,9,11,8,-0.0352068558554281
chr12,10,0,8,0.03037749442406995
chr12,10,1,8,-0.010683621754045185
chr12,10,2,8,-0.17425903364305406
chr12,10,3,8,-0.10468064592557172
chr12,10,4,8,-0.006782187417919349
chr12,10,5,8,-0.2004851307387489
chr12,10,6,8,0.06355290770090788
chr12,10,7,8,0.22796204236758724
chr12,10,8,8,-0.03685677889020451
chr12,10,9,8,-0.1441446511530202
chr12,10,10,8,0.13720913023413775
chr12,10,11,8,-0.12159046584326841
chr12,11,0,8,0.10982445941382382
chr12,11,1,8,-0.11797613457778286
chr12,11,2,8,-0.015657995100691338
chr12,11,3,8,0.12352389855739107
chr12,11,4,8,0.06217713079725382
chr12,11,5,8,-0.09915567712888151
chr12,11,6,8,0.04206872715267207
chr12,11,7,8,0.10456293990911061
chr12,11,8,8,0.20378871226617792
chr12,11,9,8,-0.03684938337036394
chr12,11,10,8,-0.023247477139453507
chr12,11,11,8,-0.042730046906646356
chr13,0,0,10,0.043727992843592536
chr13,0,1,10,0.0261185746428572
chr13,0,2,10,0.02455999711104203
chr13,0,3,10,-0.07456458705111038
chr13,0,4,10,0.0013743771878335503
chr13,0,5,10,0.04587443609461919
chr13,0,6,10,0.030723297649844168
chr13,0,7,10,0.14085539699187816
chr13,0,8,10,-0.03438385175305578
chr13,0,9,10,-0.03183987508218637
chr13,0,10,10,-0.01658761875058762
chr13,0,11,10,0.07994280017587807
chr13,1,0,10,-0.06446907403612322
chr13,1,1,10,0.09285528091916022
chr13,1,2,10,0.02412242767981416
chr13,1,3,10,0.11908402131011908
chr13,1,4,10,0.10006933980920285
chr13,1,5,10,-0.00018781411769933505
chr13,1,6,10,0.19371491724820344
chr13,1,7,10,0.11364534454436423
chr13,1,8,10,-0.015439212200788583
chr13,1,9,10,0.05161586479134221
chr13,1,10,10,-0.03147375039385179
chr13,1,11,10,-0.004713606518774583
chr13,2,0,10,0.042717935942108695
chr13,2,1,10,0.09919917505501824
chr13,2,2,10,0.07251973439956763
chr13,2,3,10,0.05449528341879284
chr13,2,4,10,0.006760832562040936
chr13,2,5,10,-0.03879084100933207
chr13,2,6,10,0.0277921444935899
chr13,2,7,10,0.09328727501789717
chr13,2,8,10,0.004882719024410065
chr13,2,9,10,0.02635964753864891
chr13,2,10,10,-0.10744718321320379
chr13,2,11,10,0.03444791002454965
chr13,3,0,10,0.01879585278351991
chr13,3,1,10,0.019985258731591724
chr13,3,2,10,0.14853218982924324
chr13,3,3,10,0.005377682692428482
chr13,3,4,10,-0.07181070119297925
chr13,3,5,10,0.07601438598195912
chr13,3,6,10,0.07651317281732663
chr13,3,7,10,0.015165189167372537
chr13,3,8,10,0.10794197749694853
chr13,3,9,10,0.06676528077576678
chr13,3,10,10,-0.012411153276550017
chr13,3,11,10,0.04840580237669816
chr13,4,0,10,0.07708673275664298
chr13,4,1,10,0.00015828205872021433
chr13,4,2,10,0.09609978583473526
chr13,4,3,10,0.04163428013483592
chr13,4,4,10,0.06570832795000998
chr13,4,5,10,0.12909754113469427
chr13,4,6,10,-0.04001832626669735
chr13,4,7,10,0.12614884098826792
chr13,4,8,10,0.10045228985292516
chr13,4,9,10,0.14029708275573535
chr13,4,10,10,-0.008680631941979091
chr13,4,11,10,0.04549098791615856
chr13,5,0,10,-0.018973361927277436
chr13,5,1,10,0.07871910178591172
chr13,5,2,10,-0.00608289477822212
chr13,5,3,10,0.03767374351024169
chr13,5,4,10,0.09403579608601206
chr13,5,5,10,-0.04451523106583163
chr13,5,6,10,-0.002098451536577764
chr13,5,7,10,0.055181602976988486
chr13,5,8,10,-0.05811575680408967
chr13,5,9,10,0.002463438045245603
chr13,5,10,10,0.17448039571644489
chr13,5,11,10,-0.0027230348513692217
chr13,6,0,10,0.05230013830268134
chr13,6,1,10,0.13760804191545037
chr13,6,2,10,-0.042181492799104436
chr13,6,3,10,0.06734762026137374
chr13,6,4,10,-0.03255914679010844
chr13,6,5,10,-0.06079661995880579
chr13,6,6,10,0.02198319813592009
chr13,6,7,10,0.036687885675290806
chr13,6,8,10,-0.0126196930253892
chr13,6,9,10,0.04499274241742866
chr13,6,10,10,0.2036537019713096
chr13,6,11,10,-0.035842678186534256
chr13,7,0,10,0.011326839447330072
chr13,7,1,10,-0.014801791575963235
chr13,7,2,10,0.1914590830659938
chr13,7,3,10,0.054613887596433416
chr13,7,4,10,0.10025101635608698
chr13,7,5,10,-0.00419637892479012
chr13,7,6,10,0.10325292297696735
chr13,7,7,10,0.07723879469543085
chr13,7,8,10,-0.0004712549302527735
chr13,7,9,10,-0.017381295984218514
chr13,7,10,10,-0.026156070467901454
chr13,7,11,10,0.0514052263672838
chr13,8,0,10,0.09587391470401924
chr13,8,1,10,-0.007717218717841551
chr13,8,2,10,0.13997136252059197
chr13,8,3,10,0.16354858227337515
chr13,8,4,10,0.11713906737675175
chr13,8,5,10,0.06896486964595305
chr13,8,6,10,-0.07636176980594526
chr13,8,7,10,0.014817018077712175
chr13,8,8,10,-0.07582846099859261
chr13,8,9,10,-0.029547385606232407
chr13,8,10,10,0.01354658683135095
chr13,8,11,10,0.04811076168755516
chr13,9,0,10,-0.07951566680614698
chr13,9,1,10,0.012099609020639706
chr13,9,2,10,0.08669180395469334
chr13,9,3,10,0.0922886132481138
chr13,9,4,10,0.13063057469795808
chr13,9,5,10,0.13487172656496643
chr13,9,6,10,0.15790094627741597
chr13,9,7,10,-0.06440247640492291
chr13,9,8,10,0.12434788282341853
chr13,9,9,10,0.0813483687331763
chr13,9,10,10,-0.032216935773561516
chr13,9,11,10,0.0867570572672612
chr13,10,0,10,-0.08329854480357428
chr13,10,1,10,-0.178449229324591
chr13,10,2,10,0.009540657503642067
chr13,10,3,10,0.0758797887600315
chr13,10,4,10,0.08208531517286832
chr13,10,5,10,-0.06874288847880362
chr13,10,6,10,0.07350148603393467
chr13,10,7,10,0.049215338765399
chr13,10,8,10,0.09993505793852198
chr13,10,9,10,0.05616498292856675
chr13,10,10,10,0.11084225632175737
chr13,10,11,10,0.10483163656248147
chr13,11,0,10,-0.01622555688466971
chr13,11,1,10,-0.1467571196151089
chr13,11,2,10,-0.08891831561179522
chr13,11,3,10,-0.009575421222499462
chr13,11,4,10,-0.055254551739934696
chr13,11,5,10,0.0652146324724962
chr13,11,6,10,-0.05956527734586368
chr13,11,7,10,-0.04774608009925667
chr13,11,8,10,-0.008422748584142407
chr13,11,9,10,-0.07655289640667735
chr13,11,10,10,0.02408668112122932
chr13,11,11,10,-0.016880294797916497
chr14,0,0,11,0.031200676396880903
chr14,0,1,11,0.041237260973636065
chr14,0,2,11,0.1278810461791676
chr14,0,3,11,0.13451784202607162
chr14,0,4,11,0.21480276042086482
chr14,0,5,11,0.19179288268520064
chr14,0,6,11,0.12915662848847584
chr14,0,7,11,0.11264525083974714
chr14,0,8,11,0.058940803022644504
chr14,0,9,11,-0.04989719831895108
chr14,0,10,11,-0.03532060784296542
chr14,0,11,11,0.09546403455806818
chr14,1,0,11,0.013822031708733085
chr14,1,1,11,0.13602260881234368
chr14,1,2,11,0.0770306644839658
chr14,1,3,11,0.23250287422342353
chr14,1,4,11,0.08802548539971018
chr14,1,5,11,0.12714062165980586
chr14,1,6,11,0.0442627201254212
chr14,1,7,11,0.1865500580573731
chr14,1,8,11,0.01994937139482557
chr14,1,9,11,0.1529155882808374
chr14,1,10,11,0.24410398137252598
chr14,1,11,11,0.06502601401547364
chr14,2,0,11,0.12717805935530255
chr14,2,1,11,0.049986298126500135
chr14,2,2,11,0.2552206980569664
chr14,2,3,11,0.22761315359849518
chr14,2,4,11,0.011020562500065332
chr14,2,5,11,0.3086016016853676
chr14,2,6,11,0.029073402802823334
chr14,2,7,11,0.058884030801689045
chr14,2,8,11,0.0784002733697048
chr14,2,9,11,0.19208711175046211
chr14,2,10,11,0.055622137059710315
chr14,2,11,11,0.10000866067368057
chr14,3,0,11,0.18469956943767588
chr14,3,1,11,0.19715278392029603
chr14,3,2,11,0.2752645716287732
chr14,3,3,11,0.06355159353890824
chr14,3,4,11,0.2574825410666799
chr14,3,5,11,0.15254055263341615
chr14,3,6,11,0.045958144118169765
chr14,3,7,11,0.20485089081911953
chr14,3,8,11,0.08306451796624276
chr14,3,9,11,0.015244357036481587
chr14,3,10,11,0.3296663525864808
chr14,3,11,11,0.032287722495651525
chr14,4,0,11,-0.022326222804793835
chr14,4,1,11,0.3247633873275053
chr14,4,2,11,0.3418833306224861
chr14,4,3,11,0.06736475217653007
chr14,4,4,11,0.16232661406368828
chr14,4,5,11,0.13561470658346636
chr14,4,6,11,-0.007631243030251276
chr14,4,7,11,0.2784384690544242
chr14,4,8,11,0.16369136728057535
chr14,4,9,11,0.21666951321623634
chr14,4,10,11,0.1345199718214095
chr14,4,11,11,0.13038194434105074
chr14,5,0,11,0.040090693510029314
chr14,5,1,11,0.22951355414782457
chr14,5,2,11,0.3262144443398197
chr14,5,3,11,0.2866604482001249
chr14,5,4,11,0.22164049892875196
chr14,5,5,11,-0.013385883798906153
chr14,5,6,11,0.29815470677183153
chr14,5,7,11,0.27940932635697924
chr14,5,8,11,0.21818694092849802
chr14,5,9,11,0.3580135049510069
chr14,5,10,11,0.06683519965650843
chr14,5,11,11,0.21637405164128773
chr14,6,0,11,-0.051787869984509634
chr14,6,1,11,0.14755720520564378
chr14,6,2,11,0.18855480533293176
chr14,6,3,11,0.1674630426803019
chr14,6,4,11,0.12419018602304499
chr14,6,5,11,-0.014843228068610437
chr14,6,6,11,0.14142244995560527
chr14,6,7,11,0.05563241640114507
chr14,6,8,11,0.23846449121737787
chr14,6,9,11,-0.07426917563357555
chr14,6,10,11,0.18187604393277315
chr14,6,11,11,0.009089521254036427
chr14,7,0,11,-0.099555192727179
chr14,7,1,11,0.1697056193986062
chr14,7,2,11,0.06526266731259443
chr14,7,3,11,0.17371770490588728
chr14,7,4,11,0.2525866636863132
chr14,7,5,11,0.12970738876381327
chr14,7,6,11,0.3018403270293319
chr14,7,7,11,0.2752888237895493
chr14,7,8,11,0.16020341317513678
chr14,7,9,11,0.18702860661874932
chr14,7,10,11,-0.0604878626801502
chr14,7,11,11,0.11106293577353567
chr14,8,0,11,-0.20250911284189455
chr14,8,1,11,0.14084420001251885
chr14,8,2,11,-0.13795079042293726
chr14,8,3,11,0.20560959055635578
chr14,8,4,11,0.15757489645084613
chr14,8,5,11,0.08943474079280428
chr14,8,6,11,-0.08137518484773429
chr14,8,7,11,0.17883930589253838
chr14,8,8,11,-0.022312671487230658
chr14,8,9,11,-0.019738544829076114
chr14,8,10,11,0.11079004545450094
chr14,8,11,11,-0.011459787586765096
chr14,9,0,11,0.18092951757020795
chr14,9,1,11,-0.16267254439853093
chr14,9,2,11,-0.24860934964631956
chr14,9,3,11,0.23484836764643632
chr14,9,4,11,0.264855886650114
chr14,9,5,11,0.10802544621133979
chr14,9,6,11,0.11036642793223717
chr14,9,7,11,0.24762982568712255
chr14,9,8,11,0.1319749959058227
chr14,9,9,11,-0.10520938865894885
chr14,9,10,11,0.023374429774022286
chr14,9,11,11,0.15828670639198703
chr14,10,0,11,-0.05185170949246732
chr14,10,1,11,-0.01866481893395462
chr14,10,2,11,-0.18478562014186964
chr14,10,3,11,0.11369288793708172
chr14,10,4,11,-0.01926328185088488
chr14,10,5,11,-0.016442080135118685
chr14,10,6,11,-0.040082305268461016
chr14,10,7,11,0.08892007312162711
chr14,10,8,11,-0.02138787040634141
chr14,10,9,11,-0.087130237835168
chr14,10,10,11,0.3629819894335375
chr14,10,11,11,0.16700778010794307
chr14,11,0,11,-0.0595311179838955
chr14,11,1,11,-0.09163053948240923
chr14,11,2,11,-0.12996021722665996
chr14,11,3,11,0.025319659829811467
chr14,11,4,11,-0.10677899479919631
chr14,11,5,11,-0.04089626023402618
chr14,11,6,11,0.019477053970879506
chr14,11,7,11,-0.12237596704598164
chr14,11,8,11,0.09635865934384746
chr14,11,9,11,-0.13020046635448923
chr14,11,10,11,0.0860498704902587
chr14,11,11,11,-0.024039661965492957
chr15,0,0,6,0.3228592934204131
chr15,0,1,6,0.030924372154439606
chr15,0,2,6,0.13487087809103068
chr15,0,3,6,-0.019258202130982338
chr15,0,4,6,0.011485536104399091
chr15,0,5,6,0.15626237781603222
chr15,0,6,6,0.14151901940865377
chr15,0,7,6,-0.04293655234013962
chr15,0,8,6,0.07088993661661774
chr15,0,9,6,-0.051657526550250084
chr15,0,10,6,-0.05502424359894165
chr15,0,11,6,0.07307313994680045
chr15,1,0,6,-0.29848380402053015
chr15,1,1,6,0.20629282182062578
chr15,1,2,6,0.2736096798981423
chr15,1,3,6,0.19928850309470567
chr15,1,4,6,-0.006505227805779733
chr15,1,5,6,0.27500076204967316
chr15,1,6,6,0.12636591577726788
chr15,1,7,6,0.08481262757362477
chr15,1,8,6,0.2753577093860345
chr15,1,9,6,0.3688645430944078
chr15,1,10,6,-0.15939465728552402
chr15,1,11,6,-0.12297950001375534
chr15,2,0,6,0.018803992306146187
chr15,2,1,6,-0.05295235218015514
chr15,2,2,6,0.10440703779029072
chr15,2,3,6,0.2593848924642372
chr15,2,4,6,0.041249310349546625
chr15,2,5,6,0.2027390683106781
chr15,2,6,6,-0.07655316375245502
chr15,2,7,6,-0.030132013203974795
chr15,2,8,6,0.06839244907012439
chr15,2,9,6,0.17475090501511584
chr15,2,10,6,0.12158645659943118
chr15,2,11,6,-0.15093583916208728
chr15,3,0,6,0.13109094113476943
chr15,3,1,6,-0.047015164006483735
chr15,3,2,6,-0.011030573903181148
chr15,3,3,6,0.1913543618732223
chr15,3,4,6,0.14261153220314296
chr15,3,5,6,0.18108998449962202
chr15,3,6,6,-0.13652556754025583
chr15,3,7,6,0.12261759447968097
chr15,3,8,6,0.06597548721372748
chr15,3,9,6,-0.2024034293339226
chr15,3,10,6,0.34067885420448335
chr15,3,11,6,-0.14114719816034849
chr15,4,0,6,-0.0009976226087181073
chr15,4,1,6,0.13540806545094122
chr15,4,2,6,0.09207445552041495
chr15,4,3,6,0.10540056237457658
chr15,4,4,6,-0.11742131707118757
chr15,4,5,6,0.08156825142754903
chr15,4,6,6,-0.007852003178572584
chr15,4,7,6,-0.008728552436754411
chr15,4,8,6,-0.049243713482639534
chr15,4,9,6,0.1258341208615105
chr15,4,10,6,-0.08253570944058529
chr15,4,11,6,0.2763937474873262
chr15,5,0,6,0.2308800329726718
chr15,5,1,6,-0.1093795290975148
chr15,5,2,6,0.1065798703287686
chr15,5,3,6,0.08435334026070322
chr15,5,4,6,0.10315667311610731
chr15,5,5,6,-0.17391298576031664
chr15,5,6,6,-0.07547286859642557
chr15,5,7,6,0.07064087384358213
chr15,5,8,6,-0.019657876174857317
chr15,5,9,6,0.3222528681521431
chr15,5,10,6,-0.07981460055370773
chr15,5,11,6,0.12580130166049888
chr15,6,0,6,-0.02026962208545441
chr15,6,1,6,-0.01635448918046251
chr15,6,2,6,-0.007391325801495939
chr15,6,3,6,-0.0122811810141253
chr15,6,4,6,-0.023662642252084698
chr15,6,5,6,-0.097620345053954
chr15,6,6,6,-0.03166542952010192
chr15,6,7,6,-0.06602297182141297
chr15,6,8,6,0.11822922721181638
chr15,6,9,6,-0.2749095503958379
chr15,6,10,6,0.005966300866331283
chr15,6,11,6,-0.12087289615939989
chr15,7,0,6,-0.2652171672115467
chr15,7,1,6,0.24532157862478302
chr15,7,2,6,0.16566569934269298
chr15,7,3,6,0.132350947102419
chr15,7,4,6,0.21613330921827534
chr15,7,5,6,0.04025459831394137
chr15,7,6,6,0.09528563362926785
chr15,7,7,6,0.029736412287000264
chr15,7,8,6,0.2371986025004917
chr15,7,9,6,0.24248888060067997
chr15,7,10,6,-0.24701846286915466
chr15,7,11,6,-0.05140990632516904
chr15,8,0,6,0.280371406541901
chr15,8,1,6,0.04208315196695058
chr15,8,2,6,0.31985473213983456
chr15,8,3,6,0.0016050447871295375
chr15,8,4,6,0.03576710782495735
chr15,8,5,6,0.0013099703352589473
chr15,8,6,6,0.09773145359408138
chr15,8,7,6,-0.050560202299303324
chr15,8,8,6,0.1403551228274965
chr15,8,9,6,0.39513522299037634
chr15,8,10,6,0.016694631612859483
chr15,8,11,6,0.05394224732860379
chr15,9,0,6,0.3210425234471305
chr15,9,1,6,0.19194818587932638
chr15,9,2,6,0.03248590698536217
chr15,9,3,6,0.06966269508946675
chr15,9,4,6,0.025314526327138997
chr15,9,5,6,-0.044225786748939656
chr15,9,6,6,0.025854602121060926
chr15,9,7,6,0.1353159702878465
chr15,9,8,6,0.01584886473839599
chr15,9,9,6,0.15150457990933217
chr15,9,10,6,0.029015245828253006
chr15,9,11,6,0.016154345997932733
chr15,10,0,6,0.042602445758492515
chr15,10,1,6,0.18727359071494845
chr15,10,2,6,-0.12648133320722904
chr15,10,3,6,-0.11416590038003578
chr15,10,4,6,-0.03241669626908703
chr15,10,5,6,0.12402181254899085
chr15,10,6,6,-0.17607095913467943
chr15,10,7,6,-0.11822214188438551
chr15,10,8,6,-0.09007844854164733
chr15,10,9,6,-0.275888579339476
chr15,10,10,6,0.19913369925960686
chr15,10,11,6,0.10115554948417631
chr15,11,0,6,-0.058933898483506685
chr15,11,1,6,-0.017348430460538394
chr15,11,2,6,0.017235805945315874
chr15,11,3,6,-0.043232969580016184
chr15,11,4,6,-0.09133220835414933
chr15,11,5,6,-0.1527593751972548
chr15,11,6,6,-0.15376647463460202
chr15,11,7,6,-0.11264036280554872
chr15,11,8,6,0.16232712109991865
chr15,11,9,6,-0.0981697925198111
chr15,11,10,6,-0.07315901670438081
chr15,11,11,6,-0.09644236369124504
chr16,0,0,8,0.016984335773732123
chr16,0,1,8,-0.12285034736386456
chr16,0,2,8,-0.004188338568281866
chr16,0,3,8,-0.04007327410220364
chr16,0,4,8,0.0008445857519655958
chr16,0,5,8,0.11890470509217244
chr16,0,6,8,-0.07283482883453543
chr16,0,7,8,0.15631345173986108
chr16,0,8,8,-0.04129645784316223
chr16,0,9,8,-0.10507289253918807
chr16,0,10,8,-0.15059773319492475
chr16,0,11,8,0.05655460737545774
chr16,1,0,8,0.06605626577312937
chr16,1,1,8,-0.13615662500358056
chr16,1,2,8,-0.11988842736260778
chr16,1,3,8,0.0036841706151726217
chr16,1,4,8,0.08341679017806793
chr16,1,5,8,0.19759956815403412
chr16,1,6,8,-0.006598538440157106
chr16,1,7,8,0.015109062279574885
chr16,1,8,8,0.026839569210637834
chr16,1,9,8,-0.039132553298212525
chr16,1,10,8,0.0014141332247585015
chr16,1,11,8,-0.045550621934159576
chr16,2,0,8,0.04977681417628846
chr16,2,1,8,0.15901714976847603
chr16,2,2,8,0.06326669947356596
chr16,2,3,8,0.18479350399057898
chr16,2,4,8,-0.03788960242892663
chr16,2,5,8,0.17190001152365347
chr16,2,6,8,0.04512568072794265
chr16,2,7,8,0.19193379099098212
chr16,2,8,8,0.024368894211653114
chr16,2,9,8,0.08989132101871666
chr16,2,10,8,-0.009831525634257196
chr16,2,11,8,0.11945040281760007
chr16,3,0,8,0.06883205463136426
chr16,3,1,8,0.06180652304960773
chr16,3,2,8,0.016417860428818945
chr16,3,3,8,0.1735210351057238
chr16,3,4,8,0.04303379297992869
chr16,3,5,8,0.1324842454690322
chr16,3,6,8,0.009014559128787077
chr16,3,7,8,0.0684571071222262
chr16,3,8,8,0.10264522831692491
chr16,3,9,8,0.00190553077822464
chr16,3,10,8,0.13095086254792673
chr16,3,11,8,0.023192067621797152
chr16,4,0,8,0.12577225121532534
chr16,4,1,8,0.19666658698234357
chr16,4,2,8,0.12813373509436826
chr16,4,3,8,0.0488501901335935
chr16,4,4,8,-0.0501178923872754
chr16,4,5,8,0.20276298279136395
chr16,4,6,8,0.07609330429203545
chr16,4,7,8,0.13902810460636178
chr16,4,8,8,0.0640855474496363
chr16,4,9,8,0.12355499887310312
chr16,4,10,8,0.11082051634339596
chr16,4,11,8,0.075720245558616
chr16,5,0,8,-0.012539978426576032
chr16,5,1,8,0.03955488837913861
chr16,5,2,8,0.047523857384481866
chr16,5,3,8,-0.005274236606995081
chr16,5,4,8,-0.03792376588300282
chr16,5,5,8,-0.0750498411878058
chr16,5,6,8,0.03757900790932987
chr16,5,7,8,0.19687353235411678
chr16,5,8,8,-0.020319864989208222
chr16,5,9,8,0.14867580318226697
chr16,5,10,8,-0.053339576312366646
chr16,5,11,8,-0.00405525651963614
chr16,6,0,8,0.063100226015278
chr16,6,1,8,-0.02460903796190391
chr16,6,2,8,0.3869915888409431
chr16,6,3,8,0.12367325783842176
chr16,6,4,8,-0.030903319679804912
chr16,6,5,8,0.011956538934519395
chr16,6,6,8,0.025409229707910444
chr16,6,7,8,0.3003771679570725
chr16,6,8,8,0.05744442858995454
chr16,6,9,8,-0.013200825914039878
chr16,6,10,8,0.10261964396686447
chr16,6,11,8,0.005238979482672469
chr16,7,0,8,-0.0005181312196096827
chr16,7,1,8,-0.016053453154641864
chr16,7,2,8,0.06568905230276603
chr16,7,3,8,0.117427104796929
chr16,7,4,8,-0.017056765329349216
chr16,7,5,8,0.3230253296784765
chr16,7,6,8,0.06271266730893016
chr16,7,7,8,-0.012222292529470921
chr16,7,8,8,0.0019281146248221054
chr16,7,9,8,0.0054316653400231785
chr16,7,10,8,0.007263704555080103
chr16,7,11,8,-0.05256884511193899
chr16,8,0,8,0.05226042678747486
chr16,8,1,8,0.004624587317366841
chr16,8,2,8,0.08594239731589663
chr16,8,3,8,0.10320260632553281
chr16,8,4,8,0.14443796329174113
chr16,8,5,8,0.15275254290482915
chr16,8,6,8,0.20391133906578737
chr16,8,7,8,0.1385076202508071
chr16,8,8,8,-0.1670127700529564
chr16,8,9,8,-0.11495639893956092
chr16,8,10,8,0.04053377925476562
chr16,8,11,8,-0.12132729068802102
chr16,9,0,8,-0.039397013189591296
chr16,9,1,8,0.14327517154767228
chr16,9,2,8,0.12554679275292108
chr16,9,3,8,0.19801917951876846
chr16,9,4,8,0.04277251932537237
chr16,9,5,8,-0.07475700337824634
chr16,9,6,8,0.004074682451547754
chr16,9,7,8,-0.06898242549028831
chr16,9,8,8,0.03775945931804207
chr16,9,9,8,-0.029161539425358856
chr16,9,10,8,0.05347156020962973
chr16,9,11,8,-0.10302923555922204
chr16,10,0,8,-0.07537298758020294
chr16,10,1,8,-0.048993138151550944
chr16,10,2,8,-0.13885329792949286
chr16,10,3,8,0.09999527766553179
chr16,10,4,8,-0.032446895922590986
chr16,10,5,8,0.015878387566458253
chr16,10,6,8,0.05688771060973193
chr16,10,7,8,0.11022737513525885
chr16,10,8,8,0.1670940271597955
chr16,10,9,8,0.13063056790784147
chr16,10,10,8,0.18544243143857858
chr16,10,11,8,0.005120032070055569
chr16,11,0,8,0.07950902492560769
chr16,11,1,8,-0.06701391295615108
chr16,11,2,8,-0.031386542715952315
chr16,11,3,8,0.14751467328616114
chr16,11,4,8,-0.08141456005605158
chr16,11,5,8,0.08123479513759127
chr16,11,6,8,0.025013099997917843
chr16,11,7,8,0.15578633538133557
chr16,11,8,8,-0.029646196813275155
chr16,11,9,8,0.011561487836456767
chr16,11,10,8,-0.13030271889244766
chr16,11,11,8,0.05037237502769133
chr17,0,0,9,0.05738994173042691
chr17,0,1,9,-0.010972006993351158
chr17,0,2,9,-0.043196876903152444
chr17,0,3,9,0.039412754000778434
chr17,0,4,9,-0.04052459285161324
chr17,0,5,9,-0.016952093874224496
chr17,0,6,9,0.04365685854856681
chr17,0,7,9,-0.08295214357425079
chr17,0,8,9,-0.0115659370499376
chr17,0,9,9,-8.439652429332141e-05
chr17,0,10,9,-0.05792960284314755
chr17,0,11,9,0.015780591301593243
chr17,1,0,9,0.1564862304194146
chr17,1,1,9,-0.026031176328183574
chr17,1,2,9,-0.11652461405063787
chr17,1,3,9,-0.03016668169669756
chr17,1,4,9,0.09888686213383344
chr17,1,5,9,-0.1894862440775329
chr17,1,6,9,-0.12845069059977365
chr17,1,7,9,-0.04259839794996729
chr17,1,8,9,-0.14495044038295066
chr17,1,9,9,0.07848296110174785
chr17,1,10,9,0.1258472577183863
chr17,1,11,9,0.1202949774199661
chr17,2,0,9,0.035902221970015476
chr17,2,1,9,-0.09351913166467392
chr17,2,2,9,0.06354356277003272
chr17,2,3,9,0.036170287487606645
chr17,2,4,9,-0.05024936366412097
chr17,2,5,9,0.01654023805234249
chr17,2,6,9,0.11110159882077326
chr17,2,7,9,-0.08945731184064162
chr17,2,8,9,0.08670065343241491
chr17,2,9,9,0.08938447065816316
chr17,2,10,9,-0.10625341070865903
chr17,2,11,9,-0.08693817953186983
chr17,3,0,9,0.035136213311218106
chr17,3,1,9,0.07457210687127841
chr17,3,2,9,-0.08723510088056889
chr17,3,3,9,-0.0768189375033943
chr17,3,4,9,0.06297639691869816
chr17,3,5,9,0.039616042494755935
chr17,3,6,9,-0.06918047795928745
chr17,3,7,9,0.08709015016850635
chr17,3,8,9,0.012557146254426388
chr17,3,9,9,0.09120531566212066
chr17,3,10,9,0.018336312180392573
chr17,3,11,9,0.035186508772086615
chr17,4,0,9,-0.11621743514332625
chr17,4,1,9,-0.03766565378881269
chr17,4,2,9,-0.0023506507071560266
chr17,4,3,9,-0.11606067623013157
chr17,4,4,9,-0.16161472858416837
chr17,4,5,9,-0.06413513821549373
chr17,4,6,9,-0.06472499012305023
chr17,4,7,9,0.05639613350444449
chr17,4,8,9,-0.22558337518221863
chr17,4,9,9,-0.02966535777969646
chr17,4,10,9,0.02518295605699427
chr17,4,11,9,-0.058428603074728046
chr17,5,0,9,0.15846985432517233
chr17,5,1,9,-0.04314358938747028
chr17,5,2,9,-0.0319596719864175
chr17,5,3,9,0.16431628263733872
chr17,5,4,9,0.17441829022967792
chr17,5,5,9,-0.2680846064497777
chr17,5,6,9,0.08760717530958281
chr17,5,7,9,0.048975278590885934
chr17,5,8,9,-0.007854584389850884
chr17,5,9,9,0.1691523758429316
chr17,5,10,9,0.07916555433507362
chr17,5,11,9,-0.01781031034925238
chr17,6,0,9,-0.005397935711823241
chr17,6,1,9,0.10737362101571901
chr17,6,2,9,-0.028837649074380498
chr17,6,3,9,-0.04324426298824756
chr17,6,4,9,-0.06130885025434496
chr17,6,5,9,-0.025998670730597806
chr17,6,6,9,-0.08398344404689666
chr17,6,7,9,0.009720331951250605
chr17,6,8,9,-0.031697394219131675
chr17,6,9,9,-0.04367042030830875
chr17,6,10,9,0.0013526513304457951
chr17,6,11,9,-0.04122627547895855
chr17,7,0,9,0.11827184386353358
chr17,7,1,9,-0.06037259679900856
chr17,7,2,9,-0.13776801502311853
chr17,7,3,9,-0.006518485488514404
chr17,7,4,9,-0.0035676291841517473
chr17,7,5,9,0.012240942731194748
chr17,7,6,9,-0.015183778950365092
chr17,7,7,9,-0.018559887654946913
chr17,7,8,9,-0.08496871254895237
chr17,7,9,9,-0.07766137871824849
chr17,7,10,9,0.13043743583695588
chr17,7,11,9,0.043329107987717067
chr17,8,0,9,0.012557610836753127
chr17,8,1,9,-0.07393723781136251
chr17,8,2,9,-0.02522285801826983
chr17,8,3,9,-0.037759353352948236
chr17,8,4,9,0.07943187401409865
chr17,8,5,9,-0.0575526896883992
chr17,8,6,9,0.07310372203265297
chr17,8,7,9,0.017595898658029355
chr17,8,8,9,-0.0763120882730939
chr17,8,9,9,0.03848762432303165
chr17,8,10,9,-0.09178501125816778
chr17,8,11,9,-0.025267195089087827
chr17,9,0,9,-0.05888844488909606
chr17,9,1,9,0.15805958328429418
chr17,9,2,9,0.0338872025894214
chr17,9,3,9,-0.006010174079602557
chr17,9,4,9,0.037466918125300466
chr17,9,5,9,-0.025652915920273398
chr17,9,6,9,-0.06429760999015266
chr17,9,7,9,0.04155749184253866
chr17,9,8,9,-0.1368963224463823
chr17,9,9,9,0.01409040140720348
chr17,9,10,9,-0.02041978652336462
chr17,9,11,9,-0.10010233863292566
chr17,10,0,9,0.03914456149192555
chr17,10,1,9,-0.06507716384762713
chr17,10,2,9,-0.01828625914236093
chr17,10,3,9,-0.08593683139617866
chr17,10,4,9,-0.04423973057821524
chr17,10,5,9,0.053748661075780704
chr17,10,6,9,-0.09935667082796337
chr17,10,7,9,0.029670990249195988
chr17,10,8,9,-0.09004635841531795
chr17,10,9,9,-0.020288779914774513
chr17,10,10,9,0.07806478152049719
chr17,10,11,9,-0.06998936354621055
chr17,11,0,9,-0.01618649355858614
chr17,11,1,9,0.13750621023784987
chr17,11,2,9,-0.029873437929650526
chr17,11,3,9,0.06777062860002431
chr17,11,4,9,0.14399564670230264
chr17,11,5,9,-0.0989785014367892
chr17,11,6,9,0.024719841433666574
chr17,11,7,9,0.003715434466630107
chr17,11,8,9,-0.016804998523318737
chr17,11,9,9,0.039703978980993475
chr17,11,10,9,-0.08188543584370812
chr17,11,11,9,-0.08837599370929942
chr18,0,0,7,-0.11208065540495817
chr18,0,1,7,-0.2782829328001533
chr18,0,2,7,-0.19529776552474562
chr18,0,3,7,-0.134686358582442
chr18,0,4,7,-0.1809539391953179
chr18,0,5,7,-0.017402056109562896
chr18,0,6,7,-0.01832733858525276
chr18,0,7,7,-0.15307168091351073
chr18,0,8,7,-0.18659724037021677
chr18,0,9,7,-0.10513092123191049
chr18,0,10,7,-0.18199123906247314
chr18,0,11,7,-0.08117010111227096
chr18,1,0,7,-0.1346745299420425
chr18,1,1,7,0.043743597746657314
chr18,1,2,7,0.1691371189937296
chr18,1,3,7,-0.05512782082065385
chr18,1,4,7,0.009297305510236744
chr18,1,5,7,-0.05770420037837498
chr18,1,6,7,-0.08739418829600774
chr18,1,7,7,-0.02769034121487254
chr18,1,8,7,0.1723542806138632
chr18,1,9,7,-0.039715697383420116
chr18,1,10,7,0.027916021653799077
chr18,1,11,7,-0.14606215370067718
chr18,2,0,7,0.04620552701961529
chr18,2,1,7,0.0359096217100644
chr18,2,2,7,0.09425956604871559
chr18,2,3,7,-0.0024459739518143003
chr18,2,4,7,0.06648253547836906
chr18,2,5,7,-0.08309550381668816
chr18,2,6,7,-0.03226541424376367
chr18,2,7,7,0.0323291662753688
chr18,2,8,7,0.0813637470976363
chr18,2,9,7,-0.008675477150973323
chr18,2,10,7,-0.01298641091297095
chr18,2,11,7,-0.07712616739681269
chr18,3,0,7,0.017482379666969635
chr18,3,1,7,0.1927763653772263
chr18,3,2,7,0.15359960294359715
chr18,3,3,7,0.30134141624838706
chr18,3,4,7,0.20082326936494924
chr18,3,5,7,0.1927544181026974
chr18,3,6,7,0.048389991883705415
chr18,3,7,7,0.08697985331803423
chr18,3,8,7,0.11585770606902941
chr18,3,9,7,-0.07395699082100173
chr18,3,10,7,0.08900900554686686
chr18,3,11,7,-0.0482985460371041
chr18,4,0,7,0.1925644432908084
chr18,4,1,7,0.2101404358304642
chr18,4,2,7,0.31605186744844005
chr18,4,3,7,0.03435378931802694
chr18,4,4,7,-0.21036258732877447
chr18,4,5,7,0.04415967505507552
chr18,4,6,7,0.24887170054581964
chr18,4,7,7,0.07899124419269139
chr18,4,8,7,0.2515061925803381
chr18,4,9,7,0.044304051798655805
chr18,4,10,7,0.06003478220738787
chr18,4,11,7,-0.16081817865937567
chr18,5,0,7,0.08164610739830373
chr18,5,1,7,-0.10007576590689848
chr18,5,2,7,0.0913358090458606
chr18,5,3,7,0.06893313730239359
chr18,5,4,7,0.10089406921192481
chr18,5,5,7,-0.12662181667092268
chr18,5,6,7,0.04644183940697212
chr18,5,7,7,0.09582610221813752
chr18,5,8,7,-0.10447885631359044
chr18,5,9,7,0.10394403644867234
chr18,5,10,7,-0.02647980555127907
chr18,5,11,7,0.0430116425234186
chr18,6,0,7,0.08841312228397379
chr18,6,1,7,0.017655969951783472
chr18,6,2,7,0.006958598348757775
chr18,6,3,7,0.01912143154834903
chr18,6,4,7,-0.07023205026400658
chr18,6,5,7,-0.0397713480049257
chr18,6,6,7,0.17015338243832812
chr18,6,7,7,-0.18332376309048679
chr18,6,8,7,-0.060984312349292684
chr18,6,9,7,-0.1508676519153613
chr18,6,10,7,0.13941016898702224
chr18,6,11,7,-0.1724180368950479
chr18,7,0,7,-0.1478226702302447
chr18,7,1,7,0.18944486917886097
chr18,7,2,7,-0.047394008163273715
chr18,7,3,7,0.14328404461521504
chr18,7,4,7,0.1869265316473602
chr18,7,5,7,-0.40894103361762923
chr18,7,6,7,0.23493055934763302
chr18,7,7,7,0.32104598934179146
chr18,7,8,7,0.1533886723719458
chr18,7,9,7,0.16595173085895576
chr18,7,10,7,-0.1033008040978589
chr18,7,11,7,0.043153433854493814
chr18,8,0,7,-0.15079473189406148
chr18,8,1,7,-0.058110902452285715
chr18,8,2,7,0.1361860028441924
chr18,8,3,7,0.21374571141114404
chr18,8,4,7,-0.14326048688530507
chr18,8,5,7,0.3081690345125268
chr18,8,6,7,0.06330258846751334
chr18,8,7,7,0.05898391725699317
chr18,8,8,7,-0.12398850899798942
chr18,8,9,7,-0.04593687693493449
chr18,8,10,7,0.04702743049956564
chr18,8,11,7,0.026980370194005825
chr18,9,0,7,0.28745235152191656
chr18,9,1,7,-0.06684249231401317
chr18,9,2,7,-0.07234484633486137
chr18,9,3,7,-0.1675215175209154
chr18,9,4,7,0.16496832970793837
chr18,9,5,7,-0.19939945448327873
chr18,9,6,7,0.052976912264848505
chr18,9,7,7,-0.05674902170052289
chr18,9,8,7,-0.06067980461997501
chr18,9,9,7,-0.03180587821949683
chr18,9,10,7,0.06981490552418353
chr18,9,11,7,0.2823375944342457
chr18,10,0,7,0.11608380636315786
chr18,10,1,7,0.1622243723031122
chr18,10,2,7,0.10130377423955109
chr18,10,3,7,0.0006600950010618485
chr18,10,4,7,0.005229107137323825
chr18,10,5,7,-0.04775228504028243
chr18,10,6,7,-0.07670724028205896
chr18,10,7,7,0.11266960763109242
chr18,10,8,7,-0.09684603728464854
chr18,10,9,7,-0.05142732236479048
chr18,10,10,7,-0.05184648093832178
chr18,10,11,7,-0.042218217170525464
chr18,11,0,7,0.15826391113360502
chr18,11,1,7,0.07333048609188121
chr18,11,2,7,0.18096186292005625
chr18,11,3,7,0.09592183457827254
chr18,11,4,7,0.1527306502697301
chr18,11,5,7,-0.03972341333482676
chr18,11,6,7,-0.07794977746817133
chr18,11,7,7,-0.1824896485741365
chr18,11,8,7,0.09547014587647172
chr18,11,9,7,0.024122850894335766
chr18,11,10,7,0.03901411923218344
chr18,11,11,7,-0.0249605663037497
chr19,0,0,9,-0.14255187992448368
chr19,0,1,9,-0.17424715012580555
chr19,0,2,9,0.11509901562127649
chr19,0,3,9,-0.026762810477065146
chr19,0,4,9,0.0873392973698919
chr19,0,5,9,0.04093964409517624
chr19,0,6,9,0.042975315871314694
chr19,0,7,9,-0.04344830625135287
chr19,0,8,9,0.12382944804936395
chr19,0,9,9,-0.09147359323895086
chr19,0,10,9,-0.12980406720176438
chr19,0,11,9,0.07296912795293166
chr19,1,0,9,0.03592377635735466
chr19,1,1,9,0.08284090328261019
chr19,1,2,9,0.08593432201696431
chr19,1,3,9,-0.02709494882790744
chr19,1,4,9,-0.017956595961274496
chr19,1,5,9,0.02495997683908954
chr19,1,6,9,-0.06130782965486319
chr19,1,7,9,0.1576198223753311
chr19,1,8,9,0.0386779814438784
chr19,1,9,9,0.04957752915299699
chr19,1,10,9,-0.002782415692038113
chr19,1,11,9,0.022807998356414866
chr19,2,0,9,0.0917464347867325
chr19,2,1,9,0.09958918823284042
chr19,2,2,9,0.011176736780699378
chr19,2,3,9,0.1596939004046235
chr19,2,4,9,0.08196679629553918
chr19,2,5,9,-0.00048823296357094727
chr19,2,6,9,0.06885078238458413
chr19,2,7,9,0.1798269716895369
chr19,2,8,9,0.02562624212949764
chr19,2,9,9,0.10527744393998699
chr19,2,10,9,0.17627226780716643
chr19,2,11,9,-0.06906736238587359
chr19,3,0,9,-0.07274153105486394
chr19,3,1,9,-0.047794218201862554
chr19,3,2,9,0.12358075733350381
chr19,3,3,9,0.05604502120702385
chr19,3,4,9,0.04647790109180486
chr19,3,5,9,0.052593709359797486
chr19,3,6,9,0.09366243420098513
chr19,3,7,9,0.23235835851561543
chr19,3,8,9,-0.027247505819609275
chr19,3,9,9,0.00645209231089781
chr19,3,10,9,-0.06004668421263431
chr19,3,11,9,0.06669827664159501
chr19,4,0,9,0.1009252121415613
chr19,4,1,9,0.09707749600209849
chr19,4,2,9,0.06611979154372506
chr19,4,3,9,0.09363940030703945
chr19,4,4,9,-0.14259530843801152
chr19,4,5,9,0.0328892856482556
chr19,4,6,9,0.057736981094525595
chr19,4,7,9,0.046165236778166495
chr19,4,8,9,0.17039273224008164
chr19,4,9,9,0.07462535465527217
chr19,4,10,9,0.03956873868609023
chr19,4,11,9,-0.04666646435940365
chr19,5,0,9,-0.06248405078699851
chr19,5,1,9,0.00377250640122517
chr19,5,2,9,0.08038317432101093
chr19,5,3,9,0.007187243420397961
chr19,5,4,9,0.1912170351798328
chr19,5,5,9,-0.024048565193155274
chr19,5,6,9,0.24912400992303485
chr19,5,7,9,0.11492482455210529
chr19,5,8,9,0.035461942065398336
chr19,5,9,9,0.14413371776678266
chr19,5,10,9,0.027311410956217072
chr19,5,11,9,0.02083110723862165
chr19,6,0,9,0.015077371208941759
chr19,6,1,9,0.058760434259881165
chr19,6,2,9,0.1557778971531083
chr19,6,3,9,0.05481192275802699
chr19,6,4,9,0.042406113735963126
chr19,6,5,9,0.008722127935579947
chr19,6,6,9,0.000667329631787709
chr19,6,7,9,0.050213880448943544
chr19,6,8,9,0.11218010538411084
chr19,6,9,9,0.11607242156737746
chr19,6,10,9,0.07123658497764192
chr19,6,11,9,0.10181574350668253
chr19,7,0,9,0.0034908789496958404
chr19,7,1,9,0.00915640262703563
chr19,7,2,9,0.06727755486368789
chr19,7,3,9,0.11249522126724429
chr19,7,4,9,0.273739836667882
chr19,7,5,9,-0.07739899795874203
chr19,7,6,9,0.15370722014723587
chr19,7,7,9,0.16257232828077725
chr19,7,8,9,-0.012044657559006015
chr19,7,9,9,-0.009981959610013802
chr19,7,10,9,0.0009356962107142344
chr19,7,11,9,0.0668503324354417
chr19,8,0,9,0.20059615093609123
chr19,8,1,9,0.0709953537652836
chr19,8,2,9,0.14055223479983048
chr19,8,3,9,0.01443756642261592
chr19,8,4,9,0.10176786647877428
chr19,8,5,9,0.0989960513869945
chr19,8,6,9,-0.04215249475517986
chr19,8,7,9,-0.03506939052948526
chr19,8,8,9,0.061322367441638215
chr19,8,9,9,0.22939244235864809
chr19,8,10,9,0.060919418133276
chr19,8,11,9,-0.007543571316026208
chr19,9,0,9,0.11587988984102059
chr19,9,1,9,0.03354910954357211
chr19,9,2,9,0.034460701172421955
chr19,9,3,9,-0.02182438189468246
chr19,9,4,9,0.04057790180882243
chr19,9,5,9,0.10670620029680283
chr19,9,6,9,0.19983697174428075
chr19,9,7,9,0.0500112420087311
chr19,9,8,9,0.02633554126919289
chr19,9,9,9,0.035381127742937085
chr19,9,10,9,0.02095080383716105
chr19,9,11,9,-0.008247058922128452
chr19,10,0,9,0.07259711721504794
chr19,10,1,9,-0.15636742913709378
chr19,10,2,9,0.01346447054343703
chr19,10,3,9,0.05000292279923165
chr19,10,4,9,-0.05139219446901652
chr19,10,5,9,-0.0814266541819415
chr19,10,6,9,0.06449364535873202
chr19,10,7,9,0.09930127280398723
chr19,10,8,9,-0.01680658523794658
chr19,10,9,9,-0.018622289723424425
chr19,10,10,9,-0.05619167180087154
chr19,10,11,9,0.0121851041481179
chr19,11,0,9,0.05049504793293716
chr19,11,1,9,0.04205164043644041
chr19,11,2,9,-0.14108192896742974
chr19,11,3,9,0.010992086826623025
chr19,11,4,9,-0.03989559385895712
chr19,11,5,9,0.03772660097123268
chr19,11,6,9,0.003673886136825401
chr19,11,7,9,-0.06053912848290418
chr19,11,8,9,0.11186226939045969
chr19,11,9,9,0.09238182100990805
chr19,11,10,9,0.10645945302679002
chr19,11,11,9,0.13631165668666292
chr2,0,0,22,-0.11176343679544692
chr2,0,1,22,-0.005832133225151546
chr2,0,2,22,-0.0879084355315163
chr2,0,3,22,-0.02585346599243193
chr2,0,4,22,-0.041214762813644654
chr2,0,5,22,-0.0831699148593381
chr2,0,6,22,0.004777074355292784
chr2,0,7,22,-0.13821760879105927
chr2,0,8,22,-0.12157159216070106
chr2,0,9,22,-0.039711846501004205
chr2,0,10,22,-0.02315253380446727
chr2,0,11,22,-0.05986837977727846
chr2,1,0,22,0.15414916006587276
chr2,1,1,22,-0.17235383574115562
chr2,1,2,22,-0.16219122591573396
chr2,1,3,22,-0.09833810973621528
chr2,1,4,22,-0.13080566471497906
chr2,1,5,22,-0.10376205430304136
chr2,1,6,22,-0.12870565867352912
chr2,1,7,22,-0.041365766503856746
chr2,1,8,22,-0.13416797902109348
chr2,1,9,22,-0.012248968465261013
chr2,1,10,22,0.11239595994017872
chr2,1,11,22,0.03760426251483363
chr2,2,0,22,0.01966031369817295
chr2,2,1,22,0.02688657343885169
chr2,2,2,22,-0.03052031890917666
chr2,2,3,22,0.009520806411333104
chr2,2,4,22,-0.14222178997132803
chr2,2,5,22,-0.14857089260606132
chr2,2,6,22,-0.031041424736443602
chr2,2,7,22,-0.1738923416902491
chr2,2,8,22,-0.012892210876524101
chr2,2,9,22,-0.16074855333926408
chr2,2,10,22,-0.09664097584012564
chr2,2,11,22,-0.1731537050507319
chr2,3,0,22,0.002389524915381247
chr2,3,1,22,0.019632075006028947
chr2,3,2,22,-0.05802465232238319
chr2,3,3,22,-0.11236085010937401
chr2,3,4,22,-0.01446951665365227
chr2,3,5,22,0.04208261445469266
chr2,3,6,22,-0.0744875314808887
chr2,3,7,22,-0.005168051169964817
chr2,3,8,22,-0.05375577104973235
chr2,3,9,22,0.058659313137013225
chr2,3,10,22,-0.0068447883331436725
chr2,3,11,22,0.07401368096775793
chr2,4,0,22,-0.020727653821475164
chr2,4,1,22,-0.05961478090241181
chr2,4,2,22,-0.02171548085781304
chr2,4,3,22,0.07957729384949186
chr2,4,4,22,-0.08452086413860364
chr2,4,5,22,0.012943406393262307
chr2,4,6,22,0.010673889197338858
chr2,4,7,22,-0.0029242726793906504
chr2,4,8,22,0.07595521633527212
chr2,4,9,22,0.044729919708749566
chr2,4,10,22,0.04094035170055415
chr2,4,11,22,-0.029439675220439
chr2,5,0,22,0.02826471090925012
chr2,5,1,22,-0.015937319749721755
chr2,5,2,22,-0.0689226283007352
chr2,5,3,22,0.07579550326155048
chr2,5,4,22,0.09326264024445767
chr2,5,5,22,-0.04100269427072474
chr2,5,6,22,0.015330002289788048
chr2,5,7,22,0.06504401036550744
chr2,5,8,22,-0.008016670620168581
chr2,5,9,22,-0.0136142004432719
chr2,5,10,22,0.10065015201766271
chr2,5,11,22,0.03872102458495094
chr2,6,0,22,0.018611430472342563
chr2,6,1,22,0.06088846531470567
chr2,6,2,22,0.08488185029899138
chr2,6,3,22,0.01634490941576763
chr2,6,4,22,-0.033733124424095866
chr2,6,5,22,0.012064444831922571
chr2,6,6,22,0.04949044102133717
chr2,6,7,22,0.0488488714768791
chr2,6,8,22,-0.08637319330420225
chr2,6,9,22,0.09637250523674715
chr2,6,10,22,0.008358500824854054
chr2,6,11,22,0.05452841087305615
chr2,7,0,22,0.1211700093529115
chr2,7,1,22,-0.05596391261858483
chr2,7,2,22,-0.09102741446363236
chr2,7,3,22,0.05608884936525251
chr2,7,4,22,-0.013717304015700298
chr2,7,5,22,0.19356768387798498
chr2,7,6,22,0.006563615888750701
chr2,7,7,22,0.10250914652933418
chr2,7,8,22,-0.09534035330413757
chr2,7,9,22,-0.09489700151943864
chr2,7,10,22,0.16148426856834253
chr2,7,11,22,0.02951571924931101
chr2,8,0,22,-0.04273086925531484
chr2,8,1,22,-0.0518811908189502
chr2,8,2,22,-0.12848637303928823
chr2,8,3,22,-0.03675997387094943
chr2,8,4,22,0.06419317784999813
chr2,8,5,22,-0.0037227752497335466
chr2,8,6,22,-0.08539117012835716
chr2,8,7,22,-0.05327444373906623
chr2,8,8,22,0.007523914498204548
chr2,8,9,22,0.03596981863510966
chr2,8,10,22,-0.12546053236236354
chr2,8,11,22,0.012769704120071496
chr2,9,0,22,0.007451274672559864
chr2,9,1,22,-0.06713880682280032
chr2,9,2,22,-0.07673694563351119
chr2,9,3,22,0.056735203673227715
chr2,9,4,22,0.029278698825192195
chr2,9,5,22,-0.07071308674022822
chr2,9,6,22,0.07943033801328675
chr2,9,7,22,0.07511946211135477
chr2,9,8,22,0.05200489212140544
chr2,9,9,22,0.006849106956570314
chr2,9,10,22,0.004951675258610841
chr2,9,11,22,0.024705874401374662
chr2,10,0,22,0.1501469541452982
chr2,10,1,22,0.04947950576314262
chr2,10,2,22,0.15038409755569457
chr2,10,3,22,0.031312336251207135
chr2,10,4,22,0.07623611791823154
chr2,10,5,22,0.05142821414927448
chr2,10,6,22,0.04480168960382411
chr2,10,7,22,0.057117332957220185
chr2,10,8,22,0.04985656664111698
chr2,10,9,22,0.1619202282006366
chr2,10,10,22,0.05309889974106891
chr2,10,11,22,-0.020543700585184736
chr2,11,0,22,0.038288450320802636
chr2,11,1,22,0.06567331362332164
chr2,11,2,22,0.055835711519931365
chr2,11,3,22,0.05786117233585093
chr2,11,4,22,-0.044425349405486474
chr2,11,5,22,0.008959475209526002
chr2,11,6,22,0.03528239052381863
chr2,11,7,22,0.08356611882180541
chr2,11,8,22,-0.04737442271566177
chr2,11,9,22,0.06483430221080554
chr2,11,10,22,0.08254350153456257
chr2,11,11,22,-0.0265435273005986
chr20,0,0,10,0.04157162888390432
chr20,0,1,10,-0.043098461473922135
chr20,0,2,10,0.055892294407935805
chr20,0,3,10,-0.03583381125732034
chr20,0,4,10,0.016657849760553883
chr20,0,5,10,0.07619892377440537
chr20,0,6,10,0.08711209309925882
chr20,0,7,10,-0.015180885582342813
chr20,0,8,10,0.004561629410161009
chr20,0,9,10,0.08983385491570031
chr20,0,10,10,-0.057223712599261775
chr20,0,11,10,0.07088134670449735
chr20,1,0,10,0.046807556643392444
chr20,1,1,10,0.04952329456818766
chr20,1,2,10,-0.035222407145775035
chr20,1,3,10,0.09496046851415785
chr20,1,4,10,0.06289613997655283
chr20,1,5,10,0.1526839997407843
chr20,1,6,10,0.1440132820038506
chr20,1,7,10,0.08380888137722407
chr20,1,8,10,-0.07126575934990038
chr20,1,9,10,0.17075307446354718
chr20,1,10,10,-0.009907622430381836
chr20,1,11,10,0.03393065075925266
chr20,2,0,10,0.17093477488020853
chr20,2,1,10,0.08515837245033243
chr20,2,2,10,0.16585097521597988
chr20,2,3,10,0.07204850656925135
chr20,2,4,10,0.03098954009624567
chr20,2,5,10,0.19414101947265022
chr20,2,6,10,-0.10310682573347747
chr20,2,7,10,0.14901687634025915
chr20,2,8,10,0.18314215152957908
chr20,2,9,10,0.05105143952895756
chr20,2,10,10,0.04578786975079445
chr20,2,11,10,-0.041956883716619646
chr20,3,0,10,0.15504134507122191
chr20,3,1,10,0.15626806992313585
chr20,3,2,10,0.08725847686062212
chr20,3,3,10,0.08594901141468694
chr20,3,4,10,0.07488857548826858
chr20,3,5,10,0.20449582911240832
chr20,3,6,10,-0.021689677349584748
chr20,3,7,10,0.18459295633145795
chr20,3,8,10,0.10855147537186327
chr20,3,9,10,0.07050414183172313
chr20,3,10,10,0.12337992143681238
chr20,3,11,10,0.02915510881583603
chr20,4,0,10,0.04324447304382575
chr20,4,1,10,0.0588353571665783
chr20,4,2,10,0.07994643768864519
chr20,4,3,10,0.062237933962613325
chr20,4,4,10,-0.04845468585138081
chr20,4,5,10,-0.020914170959922106
chr20,4,6,10,-0.013930916581621489
chr20,4,7,10,0.11883628271673057
chr20,4,8,10,0.2978999092827587
chr20,4,9,10,0.010368713417778525
chr20,4,10,10,0.0027909225463300493
chr20,4,11,10,0.11282898341071015
chr20,5,0,10,0.177604908350013
chr20,5,1,10,0.12938196386692233
chr20,5,2,10,0.20267141008301404
chr20,5,3,10,0.03568089086587306
chr20,5,4,10,0.010413002515539371
chr20,5,5,10,0.06885021226366177
chr20,5,6,10,0.13573959114622244
chr20,5,7,10,0.08742712830418853
chr20,5,8,10,0.09721952186905114
chr20,5,9,10,0.07213422344939066
chr20,5,10,10,0.011892546371669793
chr20,5,11,10,0.03385032049170744
chr20,6,0,10,0.09594250128409391
chr20,6,1,10,0.052347409277255744
chr20,6,2,10,0.1590818300835656
chr20,6,3,10,0.09620624768969271
chr20,6,4,10,0.07027416124735815
chr20,6,5,10,-0.044024028902173315
chr20,6,6,10,0.11314466622389822
chr20,6,7,10,0.13681498997513747
chr20,6,8,10,0.1194619625346465
chr20,6,9,10,0.11592094857348104
chr20,6,10,10,0.11084059885552584
chr20,6,11,10,-0.014410429937175673
chr20,7,0,10,0.0412669963230745
chr20,7,1,10,-0.0008143886350939683
chr20,7,2,10,0.03660909689900564
chr20,7,3,10,-0.04419136840262144
chr20,7,4,10,0.04831214883134408
chr20,7,5,10,-0.025856799024118204
chr20,7,6,10,0.04095025133950798
chr20,7,7,10,-0.01684025504380483
chr20,7,8,10,-0.028636299964436
chr20,7,9,10,-0.008123451484616875
chr20,7,10,10,0.09723968430369281
chr20,7,11,10,-0.08380915159665235
chr20,8,0,10,0.12885592013318328
chr20,8,1,10,0.16977967680928369
chr20,8,2,10,0.2680317460349806
chr20,8,3,10,0.013483995481779514
chr20,8,4,10,0.07871910192261941
chr20,8,5,10,-0.0754294745738483
chr20,8,6,10,-0.00033705839349675303
chr20,8,7,10,0.03298539760507062
chr20,8,8,10,0.1551691811056981
chr20,8,9,10,0.22525435043451109
chr20,8,10,10,0.06507883181237648
chr20,8,11,10,0.028029756148978784
chr20,9,0,10,0.05223761495126994
chr20,9,1,10,0.11463876497879111
chr20,9,2,10,0.15271080767259487
chr20,9,3,10,0.10047129234783161
chr20,9,4,10,0.09122705197653688
chr20,9,5,10,-0.00777141652967378
chr20,9,6,10,0.1641242811213671
chr20,9,7,10,-0.03820773342036967
chr20,9,8,10,0.20981298358404085
chr20,9,9,10,0.020471601814271517
chr20,9,10,10,0.14697895751865378
chr20,9,11,10,-0.09799334822455505
chr20,10,0,10,-0.039020282127836335
chr20,10,1,10,-0.012729784219947974
chr20,10,2,10,-0.08476200535981489
chr20,10,3,10,0.05400109231813155
chr20,10,4,10,-0.02525243430237723
chr20,10,5,10,0.002753249748835869
chr20,10,6,10,0.01578583624404111
chr20,10,7,10,0.06208537218310115
chr20,10,8,10,0.024430165974138433
chr20,10,9,10,0.03989674387832085
chr20,10,10,10,0.038685843349194816
chr20,10,11,10,-0.03114828785888803
chr20,11,0,10,0.13388603037063898
chr20,11,1,10,-0.0700325510300372
chr20,11,2,10,0.13112478620028867
chr20,11,3,10,0.03153562195797493
chr20,11,4,10,0.05664082076901435
chr20,11,5,10,-0.028483384551321423
chr20,11,6,10,0.019797304574259163
chr20,11,7,10,-0.04521075106648004
chr20,11,8,10,0.024828553807415277
chr20,11,9,10,-0.021024055398838594
chr20,11,10,10,-0.05477792144587943
chr20,11,11,10,0.10260184586956614
chr21,0,0,2,-0.16421406638320998
chr21,0,1,2,-0.11306151791231993
chr21,0,2,2,0.1835401543588169
chr21,0,3,2,-0.037301397927444316
chr21,0,4,2,-0.003046881025176612
chr21,0,5,2,0.13746048714468267
chr21,0,6,2,0.09680035331956142
chr21,0,7,2,0.06735930034572617
chr21,0,8,2,0.05003078113539594
chr21,0,9,2,0.042853784473032334
chr21,0,10,2,-0.2039685439257723
chr21,0,11,2,0.13174056058606426
chr21,1,0,2,0.11409801350288286
chr21,1,1,2,-0.04904427589787083
chr21,1,2,2,-0.09494362830658098
chr21,1,3,2,0.18770050031587449
chr21,1,4,2,0.247767161449161
chr21,1,5,2,0.02393432907938453
chr21,1,6,2,0.13160666413681288
chr21,1,7,2,0.1302717124928982
chr21,1,8,2,-0.15317074782787948
chr21,1,9,2,0.30622258607276265
chr21,1,10,2,0.10087576049827972
chr21,1,11,2,0.1632069742196551
chr21,2,0,2,0.12183289245844908
chr21,2,1,2,0.4220652918694102
chr21,2,2,2,0.2143028844429185
chr21,2,3,2,0.379821378892538
chr21,2,4,2,-0.17379968834749787
chr21,2,5,2,0.10278194984471367
chr21,2,6,2,-0.11827422490181917
chr21,2,7,2,0.2046786332010456
chr21,2,8,2,0.2964698910394807
chr21,2,9,2,-0.08521266931060457
chr21,2,10,2,-0.09816250839356781
chr21,2,11,2,-0.13935505496525122
chr21,3,0,2,0.19006361433610863
chr21,3,1,2,0.21726168128419526
chr21,3,2,2,0.13148501754273928
chr21,3,3,2,0.080318465644788
chr21,3,4,2,-0.20884974124868988
chr21,3,5,2,0.1486930702484466
chr21,3,6,2,0.1927504502180638
chr21,3,7,2,0.0742796367472418
chr21,3,8,2,0.3486666624730015
chr21,3,9,2,0.05580272766888403
chr21,3,10,2,0.02232861967206537
chr21,3,11,2,-0.033701622574007495
chr21,4,0,2,-0.2658219787300647
chr21,4,1,2,-0.41311375556512486
chr21,4,2,2,-0.2902843692383054
chr21,4,3,2,-0.011606670256541982
chr21,4,4,2,-0.32669576596715133
chr21,4,5,2,-0.30963671569070145
chr21,4,6,2,-0.12111096936025262
chr21,4,7,2,0.3025786204086828
chr21,4,8,2,-0.1596673832440979
chr21,4,9,2,-0.5579514616567969
chr21,4,10,2,0.36625035143713824
chr21,4,11,2,0.3572569951253925
chr21,5,0,2,0.6141438776932356
chr21,5,1,2,0.5408028628875667
chr21,5,2,2,0.6020326249390646
chr21,5,3,2,0.4553716913682253
chr21,5,4,2,0.22111549085141677
chr21,5,5,2,0.1251760316539671
chr21,5,6,2,0.1535509303425186
chr21,5,7,2,0.298389654240236
chr21,5,8,2,0.18335217419404506
chr21,5,9,2,0.2537420149383013
chr21,5,10,2,0.479557440858092
chr21,5,11,2,0.5010404268605751
chr21,6,0,2,0.030283021005424786
chr21,6,1,2,0.46567593770273985
chr21,6,2,2,0.7019232569051967
chr21,6,3,2,-0.12439630610631894
chr21,6,4,2,0.18001408187839996
chr21,6,5,2,-0.14423585043012405
chr21,6,6,2,-0.10469213137457532
chr21,6,7,2,0.23462674288519347
chr21,6,8,2,0.1966963999823162
chr21,6,9,2,-0.24958007225269924
chr21,6,10,2,0.17335480022137806
chr21,6,11,2,0.03464763661355597
chr21,7,0,2,-0.004142908366652098
chr21,7,1,2,-0.015127304249856477
chr21,7,2,2,0.2765045992765709
chr21,7,3,2,-0.02638540776092807
chr21,7,4,2,-0.1644256998039926
chr21,7,5,2,0.43637998982189297
chr21,7,6,2,-0.17026962836796805
chr21,7,7,2,-0.13977075640275394
chr21,7,8,2,0.0363840545255172
chr21,7,9,2,0.04452535097498812
chr21,7,10,2,0.07163479022278149
chr21,7,11,2,0.15648715759542367
chr21,8,0,2,-0.11664496133132549
chr21,8,1,2,0.17461386112634875
chr21,8,2,2,-0.023015586881871872
chr21,8,3,2,0.24999457495179916
chr21,8,4,2,0.42517481930257506
chr21,8,5,2,-0.01934747441493853
chr21,8,6,2,0.45916880439032537
chr21,8,7,2,-0.24309637816325796
chr21,8,8,2,-0.16121027952304076
chr21,8,9,2,-0.30535344410768267
chr21,8,10,2,0.19210509468376066
chr21,8,11,2,0.0558948742833769
chr21,9,0,2,0.024243445416370343
chr21,9,1,2,0.1449027833979069
chr21,9,2,2,0.34354501832853573
chr21,9,3,2,0.49551115830229175
chr21,9,4,2,0.4182831723757072
chr21,9,5,2,0.21603155427075404
chr21,9,6,2,-0.0005180270759219813
chr21,9,7,2,0.18796460460544065
chr21,9,8,2,-0.4582987601160447
chr21,9,9,2,-0.16596545924935002
chr21,9,10,2,-0.27889655326592394
chr21,9,11,2,0.05443335682258883
chr21,10,0,2,-0.12070610224624341
chr21,10,1,2,-0.35650620582539844
chr21,10,2,2,-0.32343299339553255
chr21,10,3,2,0.08855732497413046
chr21,10,4,2,0.25618594419264
chr21,10,5,2,0.25261923844144574
chr21,10,6,2,0.03119263137947421
chr21,10,7,2,-0.02110001700993707
chr21,10,8,2,-0.15183665631014215
chr21,10,9,2,-0.37913770855157913
chr21,10,10,2,0.47036727346091023
chr21,10,11,2,0.32819932661406553
chr21,11,0,2,0.07384318161941791
chr21,11,1,2,-0.15589516508394868
chr21,11,2,2,-0.2465109334138943
chr21,11,3,2,0.19409403410950313
chr21,11,4,2,0.0870755951235084
chr21,11,5,2,0.3798209984280605
chr21,11,6,2,0.07457465877479252
chr21,11,7,2,0.35030960268268674
chr21,11,8,2,-0.10889551926562034
chr21,11,9,2,-0.2343001758946422
chr21,11,10,2,-0.08170274780638132
chr21,11,11,2,-0.1037325336577914
chr22,0,0,1,0.005496285935084111
chr22,0,1,1,0.5527856819097782
chr22,0,2,1,0.31225443427665955
chr22,0,3,1,0.5003052720933303
chr22,0,4,1,0.6914122623402967
chr22,0,5,1,0.33927388085479254
chr22,0,6,1,0.1375331035207672
chr22,0,7,1,0.3248203116104411
chr22,0,8,1,0.3658350423733273
chr22,0,9,1,0.34051906549409705
chr22,0,10,1,0.40228384561808606
chr22,0,11,1,0.11608684782152509
chr22,1,0,1,-0.43434519492916907
chr22,1,1,1,0.20936943361404864
chr22,1,2,1,0.5791011473224628
chr22,1,3,1,0.5349514438294705
chr22,1,4,1,0.6726712327130984
chr22,1,5,1,0.17110561386059697
chr22,1,6,1,0.26261285975549487
chr22,1,7,1,0.11758519334179768
chr22,1,8,1,0.44491450130208055
chr22,1,9,1,-0.08240639703725072
chr22,1,10,1,-0.36396577398571694
chr22,1,11,1,-0.27949458230059
chr22,2,0,1,0.2388374916301379
chr22,2,1,1,0.45927953643455266
chr22,2,2,1,-0.6215778161807455
chr22,2,3,1,-0.1287585974289696
chr22,2,4,1,0.08536986118334541
chr22,2,5,1,0.07604164895708077
chr22,2,6,1,0.26323907301003013
chr22,2,7,1,0.2742350817438327
chr22,2,8,1,-0.08605618979171231
chr22,2,9,1,-0.12227971895269957
chr22,2,10,1,0.39087554223943954
chr22,2,11,1,-0.30355246095175187
chr22,3,0,1,0.2936945475209037
chr22,3,1,1,-0.29178959871955584
chr22,3,2,1,0.01802618542685311
chr22,3,3,1,0.48214524767257605
chr22,3,4,1,0.15420462242885646
chr22,3,5,1,-0.5011146292514177
chr22,3,6,1,0.30879266011920165
chr22,3,7,1,0.5101957509080566
chr22,3,8,1,0.4478756274226184
chr22,3,9,1,0.021020131933029262
chr22,3,10,1,-0.2885298141314394
chr22,3,11,1,-0.14238453632787557
chr22,4,0,1,0.39421187107266153
chr22,4,1,1,0.14406724463192153
chr22,4,2,1,0.44214217429551494
chr22,4,3,1,0.6168082837136563
chr22,4,4,1,0.3498478398248447
chr22,4,5,1,0.07553108173898268
chr22,4,6,1,0.2913009497435951
chr22,4,7,1,0.3228120194740302
chr22,4,8,1,0.7885709497408879
chr22,4,9,1,0.08372218953006466
chr22,4,10,1,0.07608007754625018
chr22,4,11,1,0.4990712164611622
chr22,5,0,1,0.1188202136701631
chr22,5,1,1,0.2005909516377523
chr22,5,2,1,0.07686702165807363
chr22,5,3,1,0.2488590912076838
chr22,5,4,1,0.04980134051602686
chr22,5,5,1,0.44380246089503905
chr22,5,6,1,-0.0877602551885599
chr22,5,7,1,0.2899021407473441
chr22,5,8,1,0.08265464670653028
chr22,5,9,1,0.1327047191344018
chr22,5,10,1,-0.4577147243927986
chr22,5,11,1,-0.36002272566077625
chr22,6,0,1,0.5020991815628157
chr22,6,1,1,0.08613401006011384
chr22,6,2,1,0.4038882012743686
chr22,6,3,1,0.3892067429328307
chr22,6,4,1,0.48822268420480747
chr22,6,5,1,-0.09006552575762702
chr22,6,6,1,0.1945480426919387
chr22,6,7,1,-0.6264676259209095
chr22,6,8,1,0.24323322052252
chr22,6,9,1,0.4859778136409101
chr22,6,10,1,0.5946080579880442
chr22,6,11,1,0.2014940030584142
chr22,7,0,1,-0.23705549357505157
chr22,7,1,1,0.14014803578775073
chr22,7,2,1,-0.17184478246161333
chr22,7,3,1,0.3180098241563307
chr22,7,4,1,0.04115242617564596
chr22,7,5,1,-0.659761394298287
chr22,7,6,1,0.4926788332141064
chr22,7,7,1,-0.05775775608167194
chr22,7,8,1,0.2710235006853142
chr22,7,9,1,0.19554511965361843
chr22,7,10,1,-0.18797753316628268
chr22,7,11,1,-0.04613611321873873
chr22,8,0,1,0.36688152523801265
chr22,8,1,1,-0.4203046795913215
chr22,8,2,1,0.315386380939977
chr22,8,3,1,0.030570911289605762
chr22,8,4,1,0.06582497172365537
chr22,8,5,1,-0.3081936299904866
chr22,8,6,1,-0.027165831206997337
chr22,8,7,1,0.4111209927471082
chr22,8,8,1,-0.44500714138501346
chr22,8,9,1,0.26781281207307395
chr22,8,10,1,-0.2645042263235398
chr22,8,11,1,0.5051396244112074
chr22,9,0,1,-0.21005127091118794
chr22,9,1,1,-0.054681432374260874
chr22,9,2,1,0.016497657502236474
chr22,9,3,1,0.11410467838922073
chr22,9,4,1,0.15774072809268702
chr22,9,5,1,0.5461517133777068
chr22,9,6,1,0.3080358452760141
chr22,9,7,1,-0.10806172637973008
chr22,9,8,1,0.10050604257552032
chr22,9,9,1,0.2279101424317383
chr22,9,10,1,-0.6520514551325024
chr22,9,11,1,0.29592040897121386
chr22,10,0,1,-0.29056811055998855
chr22,10,1,1,0.046828245474998476
chr22,10,2,1,-0.2855829052922116
chr22,10,3,1,-0.41172848287839975
chr22,10,4,1,0.3446545920552426
chr22,10,5,1,-0.4673241183396512
chr22,10,6,1,0.34566573212208157
chr22,10,7,1,0.726079281299657
chr22,10,8,1,-0.31824305464763536
chr22,10,9,1,-0.17185334430042798
chr22,10,10,1,0.2653166505020617
chr22,10,11,1,0.29462393462316105
chr22,11,0,1,-0.0894194340115407
chr22,11,1,1,-0.15538699877925893
chr22,11,2,1,-0.28215442053425943
chr22,11,3,1,-0.02202654650008943
chr22,11,4,1,0.2573405925725632
chr22,11,5,1,0.06489298083066375
chr22,11,6,1,0.31947914717621817
chr22,11,7,1,0.3783457138200086
chr22,11,8,1,-0.0815564091325098
chr22,11,9,1,-0.45607793440249444
chr22,11,10,1,0.21018429524416588
chr22,11,11,1,0.2321785439730723
chr3,0,0,17,-0.020216210468206777
chr3,0,1,17,-0.025570528673286096
chr3,0,2,17,-0.06222783957157961
chr3,0,3,17,-0.09213023897063177
chr3,0,4,17,-0.08246463151895925
chr3,0,5,17,0.013853147916726604
chr3,0,6,17,0.02604737951411867
chr3,0,7,17,-0.06971818889979875
chr3,0,8,17,-0.04586611167891435
chr3,0,9,17,-0.08189107118000942
chr3,0,10,17,-0.09936609624141743
chr3,0,11,17,-0.03384219706450855
chr3,1,0,17,0.0718055197023739
chr3,1,1,17,-0.05381807820402266
chr3,1,2,17,-0.09452010066150807
chr3,1,3,17,-0.0719442604191115
chr3,1,4,17,0.009944334413175493
chr3,1,5,17,-0.01671158359669912
chr3,1,6,17,-0.053800800032557
chr3,1,7,17,-0.09567798297024724
chr3,1,8,17,-0.08341568478480721
chr3,1,9,17,-0.012879902546296984
chr3,1,10,17,0.18670188537071067
chr3,1,11,17,0.06037526710490132
chr3,2,0,17,0.05322892477565567
chr3,2,1,17,0.041129317280072575
chr3,2,2,17,0.09872406593828212
chr3,2,3,17,-0.022873490791586126
chr3,2,4,17,-0.015749644966137184
chr3,2,5,17,0.05640783121928975
chr3,2,6,17,0.01646329700696593
chr3,2,7,17,0.0393884395122321
chr3,2,8,17,0.06126211104004246
chr3,2,9,17,-0.018923347264172136
chr3,2,10,17,-0.0861300920079963
chr3,2,11,17,-0.1235802307461405
chr3,3,0,17,0.12206493514129883
chr3,3,1,17,0.037946638753101274
chr3,3,2,17,-0.06996833398397101
chr3,3,3,17,-0.03264959946468807
chr3,3,4,17,-0.031120763108847496
chr3,3,5,17,-0.044355271022306755
chr3,3,6,17,0.029136165410019628
chr3,3,7,17,0.033930217988306165
chr3,3,8,17,0.08652678101213149
chr3,3,9,17,0.037174507188524
chr3,3,10,17,0.05513800734469272
chr3,3,11,17,0.030744844552440226
chr3,4,0,17,-0.08775517959303186
chr3,4,1,17,-0.12839339569723732
chr3,4,2,17,-0.033662916273195544
chr3,4,3,17,0.022883129222147136
chr3,4,4,17,-0.034453519323472584
chr3,4,5,17,-0.07061901638473575
chr3,4,6,17,-0.07880479123759875
chr3,4,7,17,0.03195074130240896
chr3,4,8,17,0.06157714462244706
chr3,4,9,17,0.10373865958686465
chr3,4,10,17,0.05931006719075603
chr3,4,11,17,0.04606300457963369
chr3,5,0,17,0.07699946816128748
chr3,5,1,17,0.07523772262679808
chr3,5,2,17,0.0730561133694848
chr3,5,3,17,0.03332311827129974
chr3,5,4,17,0.086564129667404
chr3,5,5,17,0.04459640717242173
chr3,5,6,17,0.14789284092844324
chr3,5,7,17,0.09578389332448556
chr3,5,8,17,-0.02705835516498142
chr3,5,9,17,0.06423834642601894
chr3,5,10,17,0.07493881049763865
chr3,5,11,17,0.05218230536785732
chr3,6,0,17,-0.05746591459767305
chr3,6,1,17,-0.011101409342411427
chr3,6,2,17,0.16624513643858282
chr3,6,3,17,0.09585342550725465
chr3,6,4,17,0.05057161337758961
chr3,6,5,17,0.07096764769561895
chr3,6,6,17,0.1001682220379377
chr3,6,7,17,0.09427653134567052
chr3,6,8,17,0.07462839275403456
chr3,6,9,17,0.060401094126545686
chr3,6,10,17,0.004561062398209591
chr3,6,11,17,0.10079666756688627
chr3,7,0,17,0.02422332005134332
chr3,7,1,17,-0.010581700896257637
chr3,7,2,17,-0.1867022791980242
chr3,7,3,17,0.08235975596874935
chr3,7,4,17,0.09895090825790748
chr3,7,5,17,0.1037252957225022
chr3,7,6,17,0.07275862656155693
chr3,7,7,17,0.09217437695156051
chr3,7,8,17,-0.026126482992858736
chr3,7,9,17,-0.022292386334414264
chr3,7,10,17,0.03882170710441969
chr3,7,11,17,0.09536871898449202
chr3,8,0,17,-0.016093841250570222
chr3,8,1,17,-0.21225741137039705
chr3,8,2,17,-0.03186170672262759
chr3,8,3,17,0.06071399598755036
chr3,8,4,17,0.14914342595875715
chr3,8,5,17,0.0644464121318439
chr3,8,6,17,-0.05616222156636504
chr3,8,7,17,0.06162369470272182
chr3,8,8,17,-0.20696465843359213
chr3,8,9,17,-0.0008556764097785718
chr3,8,10,17,-0.18401487306187692
chr3,8,11,17,0.0693877028544027
chr3,9,0,17,-0.0768585251743007
chr3,9,1,17,-0.15858353997408542
chr3,9,2,17,-0.12235032615336676
chr3,9,3,17,0.05460182699333716
chr3,9,4,17,0.028293397017516077
chr3,9,5,17,-0.03971004980706158
chr3,9,6,17,-0.09388129667186448
chr3,9,7,17,0.09470133490106322
chr3,9,8,17,-0.04024395827450271
chr3,9,9,17,-0.026894520163693637
chr3,9,10,17,-0.23878089868545582
chr3,9,11,17,-0.015672570098590213
chr3,10,0,17,-0.015354180770709828
chr3,10,1,17,-0.03844031098474973
chr3,10,2,17,0.05377673246415891
chr3,10,3,17,-0.037461345916672065
chr3,10,4,17,0.009648162119668754
chr3,10,5,17,0.06398943270786102
chr3,10,6,17,0.027363265598384583
chr3,10,7,17,0.03981718958180235
chr3,10,8,17,0.026336393026389845
chr3,10,9,17,0.029680887452273715
chr3,10,10,17,0.08547617226353196
chr3,10,11,17,0.05970138301989511
chr3,11,0,17,0.003828939139257782
chr3,11,1,17,0.07265740748845495
chr3,11,2,17,-0.08154814297028229
chr3,11,3,17,-0.0855011387210354
chr3,11,4,17,-0.0383095030071386
chr3,11,5,17,0.023313513208139146
chr3,11,6,17,0.1076014243080705
chr3,11,7,17,0.06782457096849409
chr3,11,8,17,-0.016437329666264926
chr3,11,9,17,-0.04828099158457011
chr3,11,10,17,-0.02232223418153021
chr3,11,11,17,0.0179452720809023
chr4,0,0,8,-0.03245571318768482
chr4,0,1,8,0.06219582244961165
chr4,0,2,8,-0.0997622685501264
chr4,0,3,8,0.09281998019200131
chr4,0,4,8,0.04079887651678867
chr4,0,5,8,-0.09301030008543482
chr4,0,6,8,-0.09538980950257851
chr4,0,7,8,-0.0019753061912370293
chr4,0,8,8,-0.08628982587143508
chr4,0,9,8,-0.07381811811291165
chr4,0,10,8,0.06566923526713203
chr4,0,11,8,-0.10302989807634169
chr4,1,0,8,-0.27294234618684277
chr4,1,1,8,0.15839649705739656
chr4,1,2,8,0.19312307109279137
chr4,1,3,8,0.08290968283703093
chr4,1,4,8,0.1630455644373034
chr4,1,5,8,-0.02031767562327627
chr4,1,6,8,0.022305553888971992
chr4,1,7,8,0.05272983017671111
chr4,1,8,8,0.2745887450242964
chr4,1,9,8,0.08731352259809809
chr4,1,10,8,-0.1572804345789011
chr4,1,11,8,-0.17536004882449288
chr4,2,0,8,-0.05963951476605574
chr4,2,1,8,-0.15910603295269735
chr4,2,2,8,0.05935890079929278
chr4,2,3,8,-0.08121335489227749
chr4,2,4,8,-0.22984181639299373
chr4,2,5,8,-0.06476186379623723
chr4,2,6,8,-0.21931901788191172
chr4,2,7,8,-0.07051615887350093
chr4,2,8,8,-0.06545255595612022
chr4,2,9,8,-0.06551412372448377
chr4,2,10,8,-0.0084303147354165
chr4,2,11,8,-0.0445180256121758
chr4,3,0,8,-0.049830222320940774
chr4,3,1,8,-0.13190765657768638
chr4,3,2,8,-0.04819168927279009
chr4,3,3,8,0.00505746511519279
chr4,3,4,8,-0.14472198817330206
chr4,3,5,8,-0.22437715781077142
chr4,3,6,8,-0.056985003573110836
chr4,3,7,8,-0.14547048443528432
chr4,3,8,8,0.0019270017323681499
chr4,3,9,8,-0.26334303488423705
chr4,3,10,8,0.06446161312912788
chr4,3,11,8,-0.36495009698025827
chr4,4,0,8,-0.01742165403793859
chr4,4,1,8,0.0032224403299211807
chr4,4,2,8,0.07360229856939732
chr4,4,3,8,-0.07380043807405862
chr4,4,4,8,-0.22035619381987814
chr4,4,5,8,-0.088470374273594
chr4,4,6,8,0.12243925262297348
chr4,4,7,8,0.12145322964657743
chr4,4,8,8,-0.08931139986639136
chr4,4,9,8,-0.04965621753529226
chr4,4,10,8,0.007834875402629074
chr4,4,11,8,-0.06456849665140552
chr4,5,0,8,-0.06888568807806622
chr4,5,1,8,0.003829175605469415
chr4,5,2,8,0.09860152459909788
chr4,5,3,8,-0.02185324208857989
chr4,5,4,8,-0.0944159617494745
chr4,5,5,8,-0.14968780070745058
chr4,5,6,8,0.12353571759923804
chr4,5,7,8,0.057361242163980426
chr4,5,8,8,-0.062328233629023386
chr4,5,9,8,0.06716559661346636
chr4,5,10,8,-0.10795912374082531
chr4,5,11,8,-0.10191549312217449
chr4,6,0,8,0.1857675705634808
chr4,6,1,8,-0.046654427863954274
chr4,6,2,8,-0.046846183966201424
chr4,6,3,8,0.11462778056906514
chr4,6,4,8,-0.1414901346696183
chr4,6,5,8,0.01783950825555802
chr4,6,6,8,-0.006557087626118126
chr4,6,7,8,0.020579454826663842
chr4,6,8,8,0.04379191921922216
chr4,6,9,8,-0.07315767094223774
chr4,6,10,8,0.12122748682136246
chr4,6,11,8,-0.09894830063309326
chr4,7,0,8,-0.26465574491891264
chr4,7,1,8,0.22848747024653754
chr4,7,2,8,0.02536512737231581
chr4,7,3,8,0.22594324568917581
chr4,7,4,8,0.18810090164893092
chr4,7,5,8,-0.05567014166095352
chr4,7,6,8,0.27837510356229545
chr4,7,7,8,0.31264616793006084
chr4,7,8,8,0.2539726332724232
chr4,7,9,8,0.2682099400879122
chr4,7,10,8,-0.1661467478281285
chr4,7,11,8,0.05113997075134911
chr4,8,0,8,-0.2629171078960072
chr4,8,1,8,0.043682666052412424
chr4,8,2,8,-0.07327694880681473
chr4,8,3,8,0.22986332548941582
chr4,8,4,8,-0.1618151517381746
chr4,8,5,8,-0.002918029470445553
chr4,8,6,8,0.09224256556228258
chr4,8,7,8,0.24150055727010145
chr4,8,8,8,0.05132381460141868
chr4,8,9,8,-0.07158382254966894
chr4,8,10,8,0.13658395733977025
chr4,8,11,8,-0.13906278220583923
chr4,9,0,8,0.09211050446149789
chr4,9,1,8,-0.03492413642575347
chr4,9,2,8,-0.033096916205408874
chr4,9,3,8,-0.25480965933346705
chr4,9,4,8,-0.021616508154233355
chr4,9,5,8,-0.031038694715693718
chr4,9,6,8,-0.04569075061795594
chr4,9,7,8,-0.05750746647769679
chr4,9,8,8,-0.033147630121053054
chr4,9,9,8,-0.031703001816963124
chr4,9,10,8,-0.09015257931672663
chr4,9,11,8,0.05748793716561908
chr4,10,0,8,0.037693136958254
chr4,10,1,8,0.10395495919543772
chr4,10,2,8,-0.007892372525984626
chr4,10,3,8,-0.0493951565007081
chr4,10,4,8,-0.13897078345364566
chr4,10,5,8,-0.09200216240011375
chr4,10,6,8,-0.21304512855033245
chr4,10,7,8,-0.12714870064245404
chr4,10,8,8,-0.08095194789243416
chr4,10,9,8,-0.14227806240958124
chr4,10,10,8,-0.09547722070045206
chr4,10,11,8,-0.1114645729133001
chr4,11,0,8,-0.040470070639113204
chr4,11,1,8,0.07038292443420294
chr4,11,2,8,0.032968520241584975
chr4,11,3,8,-0.13079898477563254
chr4,11,4,8,-0.037880875256735565
chr4,11,5,8,-0.22872320746777602
chr4,11,6,8,-0.15485736306338477
chr4,11,7,8,-0.11752964043349559
chr4,11,8,8,-0.031937780183197775
chr4,11,9,8,0.042977337597440185
chr4,11,10,8,-0.16300894140852296
chr4,11,11,8,-0.10449150148567235
chr5,0,0,15,-0.02834084505122581
chr5,0,1,15,-0.037868472105262625
chr5,0,2,15,-0.0060147696501482275
chr5,0,3,15,-0.10987986212922472
chr5,0,4,15,-0.01807126303515593
chr5,0,5,15,0.1786051955105338
chr5,0,6,15,0.13566491973412448
chr5,0,7,15,-0.0015453128287236883
chr5,0,8,15,-0.012210490781472842
chr5,0,9,15,-0.010565909197202608
chr5,0,10,15,-0.055688399455480035
chr5,0,11,15,-0.002421310954392608
chr5,1,0,15,-0.20717978157219627
chr5,1,1,15,0.05588643162837896
chr5,1,2,15,0.11243983865282065
chr5,1,3,15,0.06594695280347966
chr5,1,4,15,0.033347645701095274
chr5,1,5,15,0.11352139823536507
chr5,1,6,15,0.11549881920818099
chr5,1,7,15,0.012289736219367837
chr5,1,8,15,0.1323221762565743
chr5,1,9,15,0.005121364590024383
chr5,1,10,15,-0.08515464467530402
chr5,1,11,15,-0.02986854543448179
chr5,2,0,15,-0.030609550844056914
chr5,2,1,15,0.03652632242626988
chr5,2,2,15,0.0453325922400871
chr5,2,3,15,0.08031031574862253
chr5,2,4,15,0.11976352636950362
chr5,2,5,15,0.12230127131995788
chr5,2,6,15,0.07661680615722916
chr5,2,7,15,0.05596306269744658
chr5,2,8,15,0.00791887006125664
chr5,2,9,15,0.09696861713813418
chr5,2,10,15,-0.009318524993861115
chr5,2,11,15,0.09720730805266659
chr5,3,0,15,0.07423481794924121
chr5,3,1,15,0.10895623294439578
chr5,3,2,15,0.24402665755655603
chr5,3,3,15,0.25896140033271753
chr5,3,4,15,0.0544200101174376
chr5,3,5,15,0.17956343092413846
chr5,3,6,15,0.0660707997093448
chr5,3,7,15,0.23610788739011804
chr5,3,8,15,0.11148300790301165
chr5,3,9,15,0.006778899358272464
chr5,3,10,15,-0.0016869917911972899
chr5,3,11,15,0.04069050892862792
chr5,4,0,15,0.05302180142506182
chr5,4,1,15,0.12086461881857641
chr5,4,2,15,0.10704602444955777
chr5,4,3,15,0.17796042938238016
chr5,4,4,15,-0.06305557896418881
chr5,4,5,15,0.10754874283405223
chr5,4,6,15,0.028676948932823583
chr5,4,7,15,0.20435748195659229
chr5,4,8,15,0.05610257409578113
chr5,4,9,15,0.10922628897442778
chr5,4,10,15,-0.031560211580236454
chr5,4,11,15,0.11975189331054946
chr5,5,0,15,0.001963738808038351
chr5,5,1,15,-0.006612041950166867
chr5,5,2,15,0.024628947513080354
chr5,5,3,15,0.006854691585262981
chr5,5,4,15,0.03483576762319548
chr5,5,5,15,-0.06435516049083981
chr5,5,6,15,0.11072753194395513
chr5,5,7,15,0.1422618595811244
chr5,5,8,15,0.055067467430449005
chr5,5,9,15,0.09514709935751021
chr5,5,10,15,0.13830393697773147
chr5,5,11,15,0.0698805690500027
chr5,6,0,15,-0.05002894230452732
chr5,6,1,15,0.02311020233868028
chr5,6,2,15,0.09298261424434456
chr5,6,3,15,0.15884378467285376
chr5,6,4,15,0.17189320137572034
chr5,6,5,15,0.0016495608600078408
chr5,6,6,15,0.0393574071790085
chr5,6,7,15,0.014153699737821879
chr5,6,8,15,0.028016685005155785
chr5,6,9,15,-0.010754103263904902
chr5,6,10,15,0.12173414512799725
chr5,6,11,15,0.0004713850704069193
chr5,7,0,15,-0.06800075508831789
chr5,7,1,15,0.07365978337588103
chr5,7,2,15,0.06131924242754611
chr5,7,3,15,0.0857263434886599
chr5,7,4,15,0.05453506642188222
chr5,7,5,15,0.0331611374631281
chr5,7,6,15,0.11532283285579105
chr5,7,7,15,0.08084777418835311
chr5,7,8,15,0.09190019739348271
chr5,7,9,15,0.07217390931761584
chr5,7,10,15,-0.041631699845412685
chr5,7,11,15,0.03197832310216413
chr5,8,0,15,0.10804816057874275
chr5,8,1,15,0.060676145558395955
chr5,8,2,15,0.08511215661292924
chr5,8,3,15,0.09909678330056947
chr5,8,4,15,0.15892226706361764
chr5,8,5,15,0.24987893276033074
chr5,8,6,15,0.10699907811856126
chr5,8,7,15,0.11298641272162015
chr5,8,8,15,0.03805239273476782
chr5,8,9,15,0.11842129410956288
chr5,8,10,15,0.10963407871075398
chr5,8,11,15,0.04461657814944034
chr5,9,0,15,0.031086628098420634
chr5,9,1,15,-0.009229076290722534
chr5,9,2,15,0.012847129634220378
chr5,9,3,15,0.11324105267617164
chr5,9,4,15,0.12628265257787238
chr5,9,5,15,0.16287738477444416
chr5,9,6,15,0.04134501544937808
chr5,9,7,15,0.10446347346720204
chr5,9,8,15,-0.04307413780405094
chr5,9,9,15,0.07049385562265646
chr5,9,10,15,-0.030875268327793522
chr5,9,11,15,0.06279949425881258
chr5,10,0,15,-0.05581955067971699
chr5,10,1,15,-0.038278991064469726
chr5,10,2,15,-0.11925715436926936
chr5,10,3,15,0.049667575870641516
chr5,10,4,15,-0.02694667038018063
chr5,10,5,15,-0.011417905646470222
chr5,10,6,15,-0.08326996717709208
chr5,10,7,15,-0.03984794068431916
chr5,10,8,15,-0.028718417386836434
chr5,10,9,15,-0.03166644870546702
chr5,10,10,15,0.03082668490329017
chr5,10,11,15,0.11529365630440803
chr5,11,0,15,-0.0019031195671800837
chr5,11,1,15,-0.07153015050041284
chr5,11,2,15,-0.01687933808060064
chr5,11,3,15,0.041647003352456184
chr5,11,4,15,0.04478117651802136
chr5,11,5,15,0.0353242832651969
chr5,11,6,15,0.01752176721193876
chr5,11,7,15,-0.015746550509943634
chr5,11,8,15,-0.13260849111098633
chr5,11,9,15,-0.08741399801225706
chr5,11,10,15,-0.0002840626375301469
chr5,11,11,15,0.014299774478599684
chr6,0,0,24,-0.03693152113874454
chr6,0,1,24,-0.015784826945893556
chr6,0,2,24,-0.02537652519909196
chr6,0,3,24,0.01940108368599726
chr6,0,4,24,0.0008667903206330032
chr6,0,5,24,0.035616376806962086
chr6,0,6,24,0.041287834083307
chr6,0,7,24,-0.02276284235882835
chr6,0,8,24,0.009759798093227509
chr6,0,9,24,-0.11728724105508026
chr6,0,10,24,0.01644958715665459
chr6,0,11,24,0.046462232698354644
chr6,1,0,24,-0.022601207133427142
chr6,1,1,24,0.05813429790815739
chr6,1,2,24,0.0027184701324796806
chr6,1,3,24,-0.041541545219715745
chr6,1,4,24,0.1235586244654658
chr6,1,5,24,-0.026071376434340682
chr6,1,6,24,0.012596029779097748
chr6,1,7,24,0.019288033281262707
chr6,1,8,24,0.04548326259570665
chr6,1,9,24,-0.0007400426339138182
chr6,1,10,24,0.04231156874508477
chr6,1,11,24,-0.05346532648935304
chr6,2,0,24,0.01857554115868496
chr6,2,1,24,-0.04466921338592363
chr6,2,2,24,-0.007483375093047806
chr6,2,3,24,0.07569728330402854
chr6,2,4,24,-0.12947692628193846
chr6,2,5,24,-0.005779553547141163
chr6,2,6,24,-0.013025156270679636
chr6,2,7,24,0.01040566521592167
chr6,2,8,24,-0.05030262629300661
chr6,2,9,24,-0.008580667167976385
chr6,2,10,24,0.08674020192419885
chr6,2,11,24,-0.08466580066021236
chr6,3,0,24,-0.03852280103281164
chr6,3,1,24,-0.08282494837853525
chr6,3,2,24,-0.0083516601605923
chr6,3,3,24,0.026285642084563476
chr6,3,4,24,-0.0023204103550244523
chr6,3,5,24,-0.0552252438014799
chr6,3,6,24,0.053793630671073844
chr6,3,7,24,-0.003918842023482139
chr6,3,8,24,-0.034938934194869715
chr6,3,9,24,0.005054076019538889
chr6,3,10,24,-0.02247008220415285
chr6,3,11,24,-0.026963202180985673
chr6,4,0,24,-0.1452343810014328
chr6,4,1,24,0.033705621659987896
chr6,4,2,24,0.07380732533533814
chr6,4,3,24,0.08273206448577043
chr6,4,4,24,-0.004352970333021279
chr6,4,5,24,0.06504149228635907
chr6,4,6,24,0.03402907273681448
chr6,4,7,24,0.11324937616428961
chr6,4,8,24,0.03682122603730934
chr6,4,9,24,-0.0426501131648086
chr6,4,10,24,-0.014689417373027723
chr6,4,11,24,0.04217039957717869
chr6,5,0,24,-0.10990322291671173
chr6,5,1,24,0.02597484673813663
chr6,5,2,24,-0.007999288519688333
chr6,5,3,24,-0.07222671401096048
chr6,5,4,24,-0.03917444800205671
chr6,5,5,24,0.011729126966290226
chr6,5,6,24,-0.015227074853640698
chr6,5,7,24,-0.03908492043427528
chr6,5,8,24,0.014371997232442613
chr6,5,9,24,-0.007997979122643169
chr6,5,10,24,-0.04258386765412498
chr6,5,11,24,-0.12146486075408665
chr6,6,0,24,-0.08131319400821614
chr6,6,1,24,-0.10048395691952489
chr6,6,2,24,0.018158456663859665
chr6,6,3,24,0.0470500386089878
chr6,6,4,24,-0.07147981859873896
chr6,6,5,24,0.026521611546334325
chr6,6,6,24,0.03878585561669649
chr6,6,7,24,0.09809450694912641
chr6,6,8,24,-0.0007646947536210832
chr6,6,9,24,0.023673448403366913
chr6,6,10,24,0.0150908876779799
chr6,6,11,24,0.04754374067099152
chr6,7,0,24,-0.02448150071685395
chr6,7,1,24,-0.027996130741382214
chr6,7,2,24,-0.00754814044963147
chr6,7,3,24,-0.018038447280417088
chr6,7,4,24,-0.08121531283178131
chr6,7,5,24,-0.08673191933681844
chr6,7,6,24,-0.0003803871949003233
chr6,7,7,24,-0.11111816006487063
chr6,7,8,24,0.043355219122143185
chr6,7,9,24,0.04589856674118387
chr6,7,10,24,-0.025025575787298665
chr6,7,11,24,-0.09811928256884783
chr6,8,0,24,0.013512991472764904
chr6,8,1,24,0.0697689542368654
chr6,8,2,24,0.0288379516753843
chr6,8,3,24,-0.026789756704533253
chr6,8,4,24,0.020182465471560773
chr6,8,5,24,0.0009406338483426054
chr6,8,6,24,-0.007382577655804939
chr6,8,7,24,-0.026989351601117113
chr6,8,8,24,0.12983060379074138
chr6,8,9,24,-0.045919837029736975
chr6,8,10,24,0.11033736859419019
chr6,8,11,24,-0.025234948351020147
chr6,9,0,24,0.008830300413572393
chr6,9,1,24,0.16746756542221042
chr6,9,2,24,0.09610891504107222
chr6,9,3,24,-0.03321923872283213
chr6,9,4,24,0.04952100300229071
chr6,9,5,24,0.04589190588232289
chr6,9,6,24,-0.007612057615446662
chr6,9,7,24,0.03888021396011306
chr6,9,8,24,-0.026837605471369427
chr6,9,9,24,0.06863408504947294
chr6,9,10,24,0.018578982326209165
chr6,9,11,24,0.07176921300618495
chr6,10,0,24,0.132826340816403
chr6,10,1,24,0.04973320257532385
chr6,10,2,24,0.05586209006426579
chr6,10,3,24,-0.010303833746529026
chr6,10,4,24,-0.06441030864097225
chr6,10,5,24,-0.09038357024127093
chr6,10,6,24,0.00140953165459456
chr6,10,7,24,0.014123351185112458
chr6,10,8,24,0.03043610338227813
chr6,10,9,24,-0.030320402931176767
chr6,10,10,24,-0.08195660694701501
chr6,10,11,24,0.04527143717070251
chr6,11,0,24,-0.045727594297723474
chr6,11,1,24,0.046105172189486766
chr6,11,2,24,-0.13404036589742624
chr6,11,3,24,0.0435339946790608
chr6,11,4,24,-0.0872445255029463
chr6,11,5,24,0.029944060627123886
chr6,11,6,24,-0.07672128686069753
chr6,11,7,24,-0.05482957991304962
chr6,11,8,24,0.023026033963099362
chr6,11,9,24,-0.0011528214886043521
chr6,11,10,24,0.040829464199864815
chr6,11,11,24,-0.044340644066228764
chr7,0,0,11,0.030976526349486756
chr7,0,1,11,-0.03916116989718679
chr7,0,2,11,-0.06380972963146657
chr7,0,3,11,-0.012652139141250997
chr7,0,4,11,-0.0023007938671426686
chr7,0,5,11,0.045345197963418196
chr7,0,6,11,0.11213959588644684
chr7,0,7,11,-0.03931050845837644
chr7,0,8,11,-0.007189171153439023
chr7,0,9,11,-0.1256545944961748
chr7,0,10,11,0.06096753420688985
chr7,0,11,11,-0.01116506611276803
chr7,1,0,11,-0.043341723031355146
chr7,1,1,11,-0.08441278302335496
chr7,1,2,11,0.0044032258815517415
chr7,1,3,11,-0.01627789311852167
chr7,1,4,11,-0.09834905905858991
chr7,1,5,11,0.0031953930112835257
chr7,1,6,11,-0.04790217189976065
chr7,1,7,11,0.03134363992229476
chr7,1,8,11,0.03738028520285641
chr7,1,9,11,-0.08635966306920183
chr7,1,10,11,-0.04214857401907027
chr7,1,11,11,0.006822663533952253
chr7,2,0,11,-0.018583281085931408
chr7,2,1,11,-0.00970128979284841
chr7,2,2,11,-0.056245996385977895
chr7,2,3,11,-0.1869757944110284
chr7,2,4,11,0.11443560223737802
chr7,2,5,11,-0.1522814689043963
chr7,2,6,11,-0.10296094726570111
chr7,2,7,11,0.05097320543682126
chr7,2,8,11,0.10672121936075989
chr7,2,9,11,-0.02794443243507773
chr7,2,10,11,-0.06066303409978407
chr7,2,11,11,-0.19367019669892194
chr7,3,0,11,0.05285228534810393
chr7,3,1,11,-0.04205978913201858
chr7,3,2,11,0.024132665580407785
chr7,3,3,11,0.02501290874326092
chr7,3,4,11,0.0007112980888085581
chr7,3,5,11,-0.062002215062823905
chr7,3,6,11,-0.03191375701746469
chr7,3,7,11,0.0841330922659527
chr7,3,8,11,0.013081998000101626
chr7,3,9,11,0.07391656268037897
chr7,3,10,11,0.004302370524326264
chr7,3,11,11,0.0395285875748081
chr7,4,0,11,0.09876060056466075
chr7,4,1,11,0.09533390379104906
chr7,4,2,11,0.039562829721100895
chr7,4,3,11,0.13713626946063093
chr7,4,4,11,0.005332108822683549
chr7,4,5,11,-0.060451056818650546
chr7,4,6,11,-0.022746788795255712
chr7,4,7,11,0.04542647980849481
chr7,4,8,11,0.11286970859826569
chr7,4,9,11,0.12010853972513194
chr7,4,10,11,-0.05813515767096351
chr7,4,11,11,0.03941516719845754
chr7,5,0,11,-0.008562146753363253
chr7,5,1,11,0.013503727750357403
chr7,5,2,11,-0.05643319491625914
chr7,5,3,11,-0.10826978545591856
chr7,5,4,11,-0.1333387228450721
chr7,5,5,11,0.15229960060778513
chr7,5,6,11,-0.14122270213771707
chr7,5,7,11,-0.09097347947962192
chr7,5,8,11,-0.038032692272504276
chr7,5,9,11,-0.08692869903646598
chr7,5,10,11,-0.015201062780146747
chr7,5,11,11,0.0076409418927861905
chr7,6,0,11,0.02475908336119115
chr7,6,1,11,0.07343089660236371
chr7,6,2,11,0.03190847213759502
chr7,6,3,11,0.12834720168312475
chr7,6,4,11,-0.023511398612618514
chr7,6,5,11,0.023703149121299116
chr7,6,6,11,-0.04340698299677352
chr7,6,7,11,0.04774548388869173
chr7,6,8,11,0.17793442226752593
chr7,6,9,11,0.10382318650740485
chr7,6,10,11,0.07664963357781888
chr7,6,11,11,0.05693979842315366
chr7,7,0,11,0.041179994537667255
chr7,7,1,11,0.07780309036874904
chr7,7,2,11,-0.15340600306808466
chr7,7,3,11,0.09600732871944331
chr7,7,4,11,0.1287318488256842
chr7,7,5,11,-0.1144866774635651
chr7,7,6,11,0.17804687711488115
chr7,7,7,11,0.03905969192937411
chr7,7,8,11,0.0013990181138828293
chr7,7,9,11,0.022422845523441315
chr7,7,10,11,0.13290827974746697
chr7,7,11,11,0.2085717777719793
chr7,8,0,11,-0.10428011951747548
chr7,8,1,11,0.06526782613843927
chr7,8,2,11,0.0055270630118628575
chr7,8,3,11,0.08880903369496752
chr7,8,4,11,0.026766064434581783
chr7,8,5,11,0.006331551782291869
chr7,8,6,11,-0.08413475800861127
chr7,8,7,11,0.06026836828104161
chr7,8,8,11,0.1479693339057311
chr7,8,9,11,0.1838883924596261
chr7,8,10,11,-0.061746906816538605
chr7,8,11,11,0.10642843405407122
chr7,9,0,11,0.016393571220695163
chr7,9,1,11,0.06992152232940846
chr7,9,2,11,0.03221111482299377
chr7,9,3,11,-0.052904735333116945
chr7,9,4,11,-0.012803082711152896
chr7,9,5,11,-0.11613767031805017
chr7,9,6,11,0.03778904122774627
chr7,9,7,11,-0.020650079329128768
chr7,9,8,11,0.060294612008119544
chr7,9,9,11,0.022974534837803175
chr7,9,10,11,-0.0941067016474583
chr7,9,11,11,0.052256714457011806
chr7,10,0,11,-0.10574214248748631
chr7,10,1,11,0.04462091641684567
chr7,10,2,11,0.017055282312697536
chr7,10,3,11,-0.06005208420464498
chr7,10,4,11,0.10130114374869047
chr7,10,5,11,0.13010151593777028
chr7,10,6,11,-0.08083033160739315
chr7,10,7,11,-0.07329180917732082
chr7,10,8,11,0.10850661417257616
chr7,10,9,11,0.01854510336109556
chr7,10,10,11,0.08621001729264735
chr7,10,11,11,0.046028493881289156
chr7,11,0,11,0.03174656479758749
chr7,11,1,11,-0.04657345509014182
chr7,11,2,11,0.04059339273176013
chr7,11,3,11,0.015491301268863156
chr7,11,4,11,0.18400435380123478
chr7,11,5,11,0.0202437629288688
chr7,11,6,11,-0.013121538708671892
chr7,11,7,11,0.0846178309141568
chr7,11,8,11,-0.04693236502818658
chr7,11,9,11,0.003194401366938599
chr7,11,10,11,0.11085142337370266
chr7,11,11,11,-0.14508046561082502
chr8,0,0,13,0.06185299956004134
chr8,0,1,13,0.01610982366565345
chr8,0,2,13,0.1321279924563737
chr8,0,3,13,0.04621047288472727
chr8,0,4,13,0.14037622104276723
chr8,0,5,13,-0.011977781548721207
chr8,0,6,13,-0.08218939529376462
chr8,0,7,13,0.133535166847424
chr8,0,8,13,0.1263565213229313
chr8,0,9,13,0.10201705462988152
chr8,0,10,13,0.011606636853840828
chr8,0,11,13,0.0004857473952277064
chr8,1,0,13,0.06621147099417336
chr8,1,1,13,-0.02558430791675422
chr8,1,2,13,-0.08185829384910688
chr8,1,3,13,0.01620437011591449
chr8,1,4,13,-0.014408807635373845
chr8,1,5,13,-0.06718751639914897
chr8,1,6,13,-0.07963287613694174
chr8,1,7,13,0.014562507332290475
chr8,1,8,13,-0.061909761179534534
chr8,1,9,13,0.018010705244587442
chr8,1,10,13,-0.05240017648022412
chr8,1,11,13,0.05204440578456859
chr8,2,0,13,-0.010449251430306731
chr8,2,1,13,0.09808868885855068
chr8,2,2,13,0.12285638862168081
chr8,2,3,13,0.014916779129572816
chr8,2,4,13,-0.06148279234832392
chr8,2,5,13,-0.014828890757446107
chr8,2,6,13,0.026355950308681056
chr8,2,7,13,0.00984772882409413
chr8,2,8,13,0.034592262614367715
chr8,2,9,13,-0.005921080480113272
chr8,2,10,13,-0.14680482473355616
chr8,2,11,13,0.020466124944722778
chr8,3,0,13,0.02447182409641295
chr8,3,1,13,0.04613403748818755
chr8,3,2,13,0.042304204996743394
chr8,3,3,13,0.004021078554027108
chr8,3,4,13,-0.07473241767411423
chr8,3,5,13,0.00996712058410704
chr8,3,6,13,-0.004248194655469523
chr8,3,7,13,0.07170871236318982
chr8,3,8,13,0.06726910845702826
chr8,3,9,13,0.009221971393149658
chr8,3,10,13,-0.029327054691168128
chr8,3,11,13,0.07905462646308091
chr8,4,0,13,-0.09520167734673263
chr8,4,1,13,-0.0694648568662699
chr8,4,2,13,-0.04711311837603516
chr8,4,3,13,0.02522776108186053
chr8,4,4,13,-0.06181298298770837
chr8,4,5,13,0.07190835224930416
chr8,4,6,13,-0.02597825422564864
chr8,4,7,13,0.08537527346939955
chr8,4,8,13,0.13607308836371737
chr8,4,9,13,-0.03915860924213907
chr8,4,10,13,0.06412687818805464
chr8,4,11,13,0.03438925067677761
chr8,5,0,13,0.1365837039385573
chr8,5,1,13,-0.030687120781936843
chr8,5,2,13,0.09672889408938586
chr8,5,3,13,0.13768269847485
chr8,5,4,13,0.06679969991621519
chr8,5,5,13,-0.18634096332416836
chr8,5,6,13,0.11681433867680893
chr8,5,7,13,0.15383066496975303
chr8,5,8,13,0.026169289571603194
chr8,5,9,13,0.11889215441473461
chr8,5,10,13,0.12448128315520884
chr8,5,11,13,0.11481965106057272
chr8,6,0,13,0.06889315880669945
chr8,6,1,13,0.15475273005398668
chr8,6,2,13,0.20013684630261935
chr8,6,3,13,0.15562192443070416
chr8,6,4,13,0.015227373989669831
chr8,6,5,13,0.0289745252645929
chr8,6,6,13,-0.0011247735234414407
chr8,6,7,13,-0.010409471925014136
chr8,6,8,13,0.08918658445905571
chr8,6,9,13,0.1284609870396203
chr8,6,10,13,0.21747670350582846
chr8,6,11,13,0.11449027546509424
chr8,7,0,13,0.06638851071819969
chr8,7,1,13,-0.011197448824416591
chr8,7,2,13,-0.11763702387031993
chr8,7,3,13,0.10017126597109666
chr8,7,4,13,0.03355462927122254
chr8,7,5,13,0.18044637894789947
chr8,7,6,13,0.0439930130154907
chr8,7,7,13,0.0276957241542071
chr8,7,8,13,-0.03824333235746335
chr8,7,9,13,-0.03803218199265276
chr8,7,10,13,0.07680997975198818
chr8,7,11,13,0.17202157376962127
chr8,8,0,13,0.12070342590357565
chr8,8,1,13,-0.08309428696324891
chr8,8,2,13,0.2112421667282545
chr8,8,3,13,0.07695821761829141
chr8,8,4,13,0.2180720846896344
chr8,8,5,13,0.10966846662851955
chr8,8,6,13,0.07314109641479884
chr8,8,7,13,0.12962119981541795
chr8,8,8,13,-0.13180620711879804
chr8,8,9,13,0.003204590613203286
chr8,8,10,13,0.0016186618766032513
chr8,8,11,13,0.0652104451872284
chr8,9,0,13,-0.10174185148373138
chr8,9,1,13,-0.07646725513356424
chr8,9,2,13,-0.03685518091251514
chr8,9,3,13,0.10696724871299919
chr8,9,4,13,0.10500452471295779
chr8,9,5,13,-0.113841607466994
chr8,9,6,13,-0.021844221788182565
chr8,9,7,13,0.15541970848064962
chr8,9,8,13,-0.1332053736548751
chr8,9,9,13,-0.13192170049163962
chr8,9,10,13,-0.14360758964186976
chr8,9,11,13,0.07671120858134703
chr8,10,0,13,-0.00403564906636087
chr8,10,1,13,-0.06016736977023226
chr8,10,2,13,-0.03726360663741403
chr8,10,3,13,0.06575506438342468
chr8,10,4,13,-0.03971975028336483
chr8,10,5,13,0.07659453066908828
chr8,10,6,13,-0.022839669208496054
chr8,10,7,13,-0.07019481872032128
chr8,10,8,13,0.06480250963344794
chr8,10,9,13,-0.11440095330351827
chr8,10,10,13,0.1544443793094887
chr8,10,11,13,-0.07638225976251022
chr8,11,0,13,0.018327906392442937
chr8,11,1,13,-0.005260683625972066
chr8,11,2,13,0.001449326328198625
chr8,11,3,13,0.055556316759605366
chr8,11,4,13,-0.20311970986054398
chr8,11,5,13,-0.09804584916218967
chr8,11,6,13,-0.05831391480339935
chr8,11,7,13,-0.05119912099184382
chr8,11,8,13,0.07141270999274775
chr8,11,9,13,-0.027424442343048697
chr8,11,10,13,-0.09434989227909321
chr8,11,11,13,-0.03649822814870659
chr9,0,0,8,0.04383067188925686
chr9,0,1,8,0.1228508073912056
chr9,0,2,8,0.037008623724197914
chr9,0,3,8,0.11129674269377779
chr9,0,4,8,-0.03968100264384569
chr9,0,5,8,-0.06703291580625831
chr9,0,6,8,0.05299569795667802
chr9,0,7,8,-0.05566947674417565
chr9,0,8,8,0.030447426921213307
chr9,0,9,8,0.0151327906289759
chr9,0,10,8,0.07832368901152398
chr9,0,11,8,-0.047994095992274215
chr9,1,0,8,-0.0028058214315277823
chr9,1,1,8,-0.031725558813704646
chr9,1,2,8,-0.09683827830837172
chr9,1,3,8,0.10861408835320963
chr9,1,4,8,0.11935726948882815
chr9,1,5,8,-0.011974637168189209
chr9,1,6,8,0.07372232967652666
chr9,1,7,8,0.18564738897186028
chr9,1,8,8,0.08830190114691022
chr9,1,9,8,0.08442102052979847
chr9,1,10,8,-0.029163056945495057
chr9,1,11,8,-0.03828334161186816
chr9,2,0,8,-0.023028618280839422
chr9,2,1,8,-0.013335341359067387
chr9,2,2,8,0.23826580417954366
chr9,2,3,8,-0.0018013993440501447
chr9,2,4,8,0.05318601627233803
chr9,2,5,8,0.06489102730120296
chr9,2,6,8,-0.2406433895212946
chr9,2,7,8,0.09153738962424882
chr9,2,8,8,0.04788401438087211
chr9,2,9,8,-0.10039542579210967
chr9,2,10,8,-0.20399236528626677
chr9,2,11,8,-0.1138160526908888
chr9,3,0,8,0.08717752217121572
chr9,3,1,8,0.01865178144740707
chr9,3,2,8,-0.0665156142660605
chr9,3,3,8,0.10338283781951679
chr9,3,4,8,-0.18477005032931546
chr9,3,5,8,-0.15302576116967545
chr9,3,6,8,0.07696123157836267
chr9,3,7,8,-0.06525593009902131
chr9,3,8,8,-0.022394264698742943
chr9,3,9,8,-0.11248599607952806
chr9,3,10,8,0.11925637313450416
chr9,3,11,8,-0.15923903222902577
chr9,4,0,8,-0.0321900465367731
chr9,4,1,8,-0.04132508682995851
chr9,4,2,8,0.04720220640295739
chr9,4,3,8,0.04475761394726354
chr9,4,4,8,-0.024130926815533648
chr9,4,5,8,0.009418539978487961
chr9,4,6,8,-0.08702919958695289
chr9,4,7,8,0.17363245149117112
chr9,4,8,8,-0.06750240191931875
chr9,4,9,8,-0.05286782083774266
chr9,4,10,8,-0.04565174524294028
chr9,4,11,8,0.03789170411189147
chr9,5,0,8,0.09423561817120286
chr9,5,1,8,-0.058633092864261535
chr9,5,2,8,-0.09574593561620673
chr9,5,3,8,-0.18873052350250907
chr9,5,4,8,-0.02504620950819622
chr9,5,5,8,0.16072524603842342
chr9,5,6,8,-0.10617081012230284
chr9,5,7,8,0.16518108532400805
chr9,5,8,8,-0.07641405803952787
chr9,5,9,8,-0.10490364755372683
chr9,5,10,8,-0.21260436469352964
chr9,5,11,8,-0.15290258218595382
chr9,6,0,8,-0.1124557463850352
chr9,6,1,8,-0.3396267928524789
chr9,6,2,8,0.22257170932103226
chr9,6,3,8,0.09799272167732281
chr9,6,4,8,-0.06857807075879138
chr9,6,5,8,0.10888185106317902
chr9,6,6,8,0.04649346113327273
chr9,6,7,8,-0.08065826421385491
chr9,6,8,8,-0.048411757299428294
chr9,6,9,8,0.11184180436120449
chr9,6,10,8,-0.21184758764280578
chr9,6,11,8,0.1252449694471467
chr9,7,0,8,-0.06327387402186435
chr9,7,1,8,-0.018346637377792237
chr9,7,2,8,0.052675323537951596
chr9,7,3,8,-0.03064305766443965
chr9,7,4,8,-0.1643690157309769
chr9,7,5,8,0.04385753526928812
chr9,7,6,8,-0.002330272055312173
chr9,7,7,8,-0.15277129781501905
chr9,7,8,8,0.039827765285610224
chr9,7,9,8,0.03459051189151917
chr9,7,10,8,0.0027808634506617178
chr9,7,11,8,-0.3599746317908219
chr9,8,0,8,0.033287011829622466
chr9,8,1,8,-0.11395526256756373
chr9,8,2,8,0.06677000653551357
chr9,8,3,8,0.05052159342594198
chr9,8,4,8,-0.2548945819110638
chr9,8,5,8,-0.2554814877831177
chr9,8,6,8,-0.060988061113693814
chr9,8,7,8,-0.10072906955041303
chr9,8,8,8,-0.1296062692481336
chr9,8,9,8,-0.05720314828270901
chr9,8,10,8,0.00668446667043119
chr9,8,11,8,-0.16315300811821867
chr9,9,0,8,0.07318631910492948
chr9,9,1,8,0.19674779028082456
chr9,9,2,8,0.2064828402894851
chr9,9,3,8,-0.00014025287862577673
chr9,9,4,8,-0.026529561261574602
chr9,9,5,8,-0.036010873511372526
chr9,9,6,8,0.06511136531451646
chr9,9,7,8,-0.049844284449497844
chr9,9,8,8,0.12147871683585754
chr9,9,9,8,0.05262511863170449
chr9,9,10,8,0.11457207707177625
chr9,9,11,8,0.007585399762121487
chr9,10,0,8,0.008322353501521967
chr9,10,1,8,0.1310136518798133
chr9,10,2,8,-0.018002146960240203
chr9,10,3,8,0.11962372481586281
chr9,10,4,8,-0.09559815649479848
chr9,10,5,8,-0.08428652668764794
chr9,10,6,8,-0.027487104433229166
chr9,10,7,8,-0.015438584687308687
chr9,10,8,8,0.07958938861801824
chr9,10,9,8,0.049536714269664786
chr9,10,10,8,-0.048680008417053576
chr9,10,11,8,-0.20024954523901473
chr9,11,0,8,0.1431030106676168
chr9,11,1,8,0.15429193492105472
chr9,11,2,8,0.12056566743950346
chr9,11,3,8,0.11881618254088891
chr9,11,4,8,0.1551868066058228
chr9,11,5,8,-0.08614894400972722
chr9,11,6,8,-0.1353072716539216
chr9,11,7,8,-0.058058061533592
chr9,11,8,8,-0.03490834638174688
chr9,11,9,8,-0.00272341064024699
chr9,11,10,8,0.08207877869860475
chr9,11,11,8,0.07418352962825389
chrX,0,0,12,-0.08182317831615438
chrX,0,1,12,-0.11840290529548732
chrX,0,2,12,0.04281647806893924
chrX,0,3,12,-0.09483917486404832
chrX,0,4,12,-0.0148999517761967
chrX,0,5,12,0.04293045936720641
chrX,0,6,12,0.053703192486536384
chrX,0,7,12,-0.009097367959387495
chrX,0,8,12,-0.10374986519623246
chrX,0,9,12,-0.06287964520656701
chrX,0,10,12,-0.20813208837428088
chrX,0,11,12,-0.02446796449640853
chrX,1,0,12,0.19455950449384196
chrX,1,1,12,-0.1074133310438276
chrX,1,2,12,-0.13251913347270203
chrX,1,3,12,-0.18760192635298734
chrX,1,4,12,-0.0613979708483138
chrX,1,5,12,-0.0648385894610351
chrX,1,6,12,-0.028996540166821256
chrX,1,7,12,-0.08147955529012052
chrX,1,8,12,-0.11355620575787877
chrX,1,9,12,-0.11555876464261172
chrX,1,10,12,-0.10393874954198117
chrX,1,11,12,0.046997381668668986
chrX,2,0,12,0.015600835838730768
chrX,2,1,12,-0.13494557992778913
chrX,2,2,12,0.016948529373461942
chrX,2,3,12,0.0720722749443285
chrX,2,4,12,-0.054508836189216044
chrX,2,5,12,-0.010126118036416056
chrX,2,6,12,-0.04916043577743018
chrX,2,7,12,0.029429301981907966
chrX,2,8,12,-0.06217799404372271
chrX,2,9,12,-0.03656219263028776
chrX,2,10,12,0.07901441067743158
chrX,2,11,12,-0.027152968795306324
chrX,3,0,12,-0.05955073014485829
chrX,3,1,12,-0.009984537887034557
chrX,3,2,12,-0.16128325644200162
chrX,3,3,12,-0.04345357482280026
chrX,3,4,12,-0.02387770428716866
chrX,3,5,12,-0.028677957276412914
chrX,3,6,12,0.034524272961315786
chrX,3,7,12,-0.007997328194696425
chrX,3,8,12,-0.053724385710933
chrX,3,9,12,0.0880101409336448
chrX,3,10,12,-0.053543853578708785
chrX,3,11,12,0.010561133839342684
chrX,4,0,12,0.11130304580889055
chrX,4,1,12,0.14123628694067827
chrX,4,2,12,0.09323710305468406
chrX,4,3,12,0.2523618122305553
chrX,4,4,12,0.04878725440157008
chrX,4,5,12,-0.0007779215079500162
chrX,4,6,12,0.09544869643563013
chrX,4,7,12,0.29869856222920593
chrX,4,8,12,0.23305224324605464
chrX,4,9,12,0.23918759621198107
chrX,4,10,12,0.1482395222510238
chrX,4,11,12,0.20874339951212376
chrX,5,0,12,0.19122698489875375
chrX,5,1,12,0.1253109215157149
chrX,5,2,12,0.08108426441693171
chrX,5,3,12,0.14365041226329325
chrX,5,4,12,0.20657330912807292
chrX,5,5,12,0.17701549390795213
chrX,5,6,12,0.0801094367342198
chrX,5,7,12,-0.054493500048756194
chrX,5,8,12,0.04635512885032439
chrX,5,9,12,0.16337226400690993
chrX,5,10,12,0.16969830209841605
chrX,5,11,12,-0.015426440288604801
chrX,6,0,12,0.02983853737071988
chrX,6,1,12,0.06187109230007518
chrX,6,2,12,0.10747606216271859
chrX,6,3,12,0.06486307860627795
chrX,6,4,12,-0.03379293572942809
chrX,6,5,12,-0.08834265304282037
chrX,6,6,12,0.14427668962462006
chrX,6,7,12,0.15368945902041145
chrX,6,8,12,0.014332547865363443
chrX,6,9,12,-0.011388507025424247
chrX,6,10,12,0.13127003841585683
chrX,6,11,12,-0.010268650429004739
chrX,7,0,12,0.03243763450445656
chrX,7,1,12,0.030461785915433404
chrX,7,2,12,-0.08331287336038341
chrX,7,3,12,0.012062533776700891
chrX,7,4,12,-0.01459741416665028
chrX,7,5,12,0.12103951912984827
chrX,7,6,12,-0.1214015107175133
chrX,7,7,12,0.023786943080639115
chrX,7,8,12,-0.13493750478368746
chrX,7,9,12,-0.07909494637277177
chrX,7,10,12,0.18725616726820515
chrX,7,11,12,0.15137953087877076
chrX,8,0,12,0.0648051321941996
chrX,8,1,12,0.019571333840276126
chrX,8,2,12,0.06234179201382959
chrX,8,3,12,-0.007681206837496153
chrX,8,4,12,-0.06653361045597914
chrX,8,5,12,-0.04554611840085307
chrX,8,6,12,-0.06569297879430439
chrX,8,7,12,-0.04856195358642731
chrX,8,8,12,0.024915654842691107
chrX,8,9,12,-0.02910498993153952
chrX,8,10,12,0.017680089670439922
chrX,8,11,12,0.14044968807572442
chrX,9,0,12,0.13959040860008706
chrX,9,1,12,0.01744254086547274
chrX,9,2,12,-0.15971829530587126
chrX,9,3,12,0.0016661833044415836
chrX,9,4,12,0.03326415553218084
chrX,9,5,12,0.021923965045831644
chrX,9,6,12,-0.14450581853905767
chrX,9,7,12,-0.0440783258171722
chrX,9,8,12,-0.013622343233316542
chrX,9,9,12,-0.06685141831352377
chrX,9,10,12,0.13560012661099866
chrX,9,11,12,-0.005357668105562374
chrX,10,0,12,-0.025801930950612322
chrX,10,1,12,-0.16643223235619684
chrX,10,2,12,0.09104052484304677
chrX,10,3,12,-0.09487723953003147
chrX,10,4,12,-0.009488234805018574
chrX,10,5,12,-0.00021350593124486866
chrX,10,6,12,-0.015490170942330633
chrX,10,7,12,0.025480642719826807
chrX,10,8,12,0.06519177220370996
chrX,10,9,12,-0.03955685428497107
chrX,10,10,12,0.12358875560329403
chrX,10,11,12,-0.07783000524746965
chrX,11,0,12,0.00644799944514195
chrX,11,1,12,0.003966594634173902
chrX,11,2,12,-0.06117941421322498
chrX,11,3,12,0.08139023712023287
chrX,11,4,12,-0.01609325198240753
chrX,11,5,12,0.07833985656833677
chrX,11,6,12,0.07891024252031091
chrX,11,7,12,0.09437720217555938
chrX,11,8,12,0.10482875458840794
chrX,11,9,12,-0.026534198364186228
chrX,11,10,12,-0.0014687254856803542
chrX,11,11,12,0.05851099916668826
