chromosome,layer,head,pairs,mean
chr1,0,0,27,-0.026755336272262883
chr1,0,1,27,0.13538567581150518
chr1,0,2,27,-0.04865982553970143
chr1,0,3,27,0.011081172515881211
chr1,0,4,27,-0.04185243074684857
chr1,0,5,27,-0.07040766059536711
chr1,0,6,27,0.03874959695294321
chr1,0,7,27,-0.056763188620794304
chr1,0,8,27,-0.019877360088489945
chr1,0,9,27,-0.01863327292752904
chr1,0,10,27,0.11917724716539316
chr1,0,11,27,-0.042197128758032394
chr1,1,0,27,-0.03489816746111455
chr1,1,1,27,-0.09097380972272685
chr1,1,2,27,0.00826134986150383
chr1,1,3,27,-0.027336729980721584
chr1,1,4,27,-0.012624947590016948
chr1,1,5,27,-0.014047322497992908
chr1,1,6,27,-0.005080060081808775
chr1,1,7,27,-0.0011359876786512205
chr1,1,8,27,0.012593067672807575
chr1,1,9,27,-0.1068467711977502
chr1,1,10,27,-0.04555535175820908
chr1,1,11,27,-0.07598870953989509
chr1,2,0,27,-0.05821754988501556
chr1,2,1,27,-0.022210643590145247
chr1,2,2,27,-0.04009228248600932
chr1,2,3,27,0.02364866793239449
chr1,2,4,27,-0.08199616544495042
chr1,2,5,27,0.025285643372641525
chr1,2,6,27,0.026833290872963763
chr1,2,7,27,-0.06557065815018664
chr1,2,8,27,-0.019909919077741665
chr1,2,9,27,-0.028745774692002575
chr1,2,10,27,-0.0630340196390644
chr1,2,11,27,-0.08714886936569355
chr1,3,0,27,-0.044117900373817326
chr1,3,1,27,-0.06021054771291768
chr1,3,2,27,-0.09375685401352911
chr1,3,3,27,-0.10716886349145166
chr1,3,4,27,-0.10690308432902318
chr1,3,5,27,-0.05873650885636752
chr1,3,6,27,-0.05997853940986504
chr1,3,7,27,-0.04214026976279233
chr1,3,8,27,-0.06826605077312359
chr1,3,9,27,0.01555603851054095
chr1,3,10,27,-0.07778220303074647
chr1,3,11,27,-0.015609863587498163
chr1,4,0,27,0.022150356730074965
chr1,4,1,27,-0.051121632504341194
chr1,4,2,27,-0.05566513241734718
chr1,4,3,27,-0.082508297824486
chr1,4,4,27,0.03664323420010883
chr1,4,5,27,-0.05584945408465253
chr1,4,6,27,-0.07755722821331769
chr1,4,7,27,-0.00333323570695313
chr1,4,8,27,0.052136937227465124
chr1,4,9,27,-0.03328965868840899
chr1,4,10,27,0.02961829827890274
chr1,4,11,27,-0.047224518002907175
chr1,5,0,27,0.06822805659226178
chr1,5,1,27,-0.047880619560402335
chr1,5,2,27,-0.1046463256120841
chr1,5,3,27,-0.03798863606411786
chr1,5,4,27,-0.0793017712550541
chr1,5,5,27,-0.1065791654047439
chr1,5,6,27,-0.06000554198134834
chr1,5,7,27,0.019258317657609398
chr1,5,8,27,0.022592285034422205
chr1,5,9,27,-0.00533944059628131
chr1,5,10,27,-0.022454743522352886
chr1,5,11,27,-0.036835072381291745
chr1,6,0,27,0.06015723173963747
chr1,6,1,27,0.0618986944266191
chr1,6,2,27,-0.09700425661393543
chr1,6,3,27,-0.06872708499543968
chr1,6,4,27,0.03255406182002165
chr1,6,5,27,-0.09032565720900763
chr1,6,6,27,-0.05223555167084751
chr1,6,7,27,-0.13134394449702924
chr1,6,8,27,-0.02446660935098856
chr1,6,9,27,0.10846717015481368
chr1,6,10,27,0.0022026563383842584
chr1,6,11,27,0.00903045394078853
chr1,7,0,27,0.08493995772640464
chr1,7,1,27,-0.07234126650688902
chr1,7,2,27,-0.1093440750387059
chr1,7,3,27,-0.04713190044993534
chr1,7,4,27,-0.042898838513286006
chr1,7,5,27,-0.17005946041365141
chr1,7,6,27,-0.03168694207947874
chr1,7,7,27,-0.017008614848882785
chr1,7,8,27,-0.06924125205641148
chr1,7,9,27,-0.0705980168422519
chr1,7,10,27,0.08112675886944304
chr1,7,11,27,0.012123958974582462
chr1,8,0,27,0.15519525502592924
chr1,8,1,27,-0.005347386298855598
chr1,8,2,27,0.09625472365006875
chr1,8,3,27,-0.021835318848076473
chr1,8,4,27,0.018067571318941326
chr1,8,5,27,0.0032024066186160734
chr1,8,6,27,-0.011848568125876157
chr1,8,7,27,-0.07896967219914383
chr1,8,8,27,0.05454097441090057
chr1,8,9,27,0.1220379596849528
chr1,8,10,27,-0.08305040514245564
chr1,8,11,27,0.03306849075423378
chr1,9,0,27,-0.020851543136463965
chr1,9,1,27,0.085851782150972
chr1,9,2,27,0.13652983586167075
chr1,9,3,27,-0.03820302908297192
chr1,9,4,27,-0.060739603702023366
chr1,9,5,27,-0.04170575018007016
chr1,9,6,27,-0.10447465038785061
chr1,9,7,27,-0.019160028299258086
chr1,9,8,27,-0.08107281333428634
chr1,9,9,27,0.08424692548554846
chr1,9,10,27,-0.025109790308620965
chr1,9,11,27,-0.053561284943021384
chr1,10,0,27,0.05364265686293151
chr1,10,1,27,-0.03427837532710392
chr1,10,2,27,0.10243085949064376
chr1,10,3,27,-0.04390299555929506
chr1,10,4,27,0.07223774059506022
chr1,10,5,27,-0.06195916544814558
chr1,10,6,27,0.0037635445165704277
chr1,10,7,27,-0.1485085233452051
chr1,10,8,27,0.03257306575343701
chr1,10,9,27,0.10311178270665146
chr1,10,10,27,-0.03710160920792922
chr1,10,11,27,0.0010026987903142969
chr1,11,0,27,0.1181689988404549
chr1,11,1,27,-0.09804505221412636
chr1,11,2,27,0.009877442588007577
chr1,11,3,27,-0.01849538649706324
chr1,11,4,27,0.03309802412595638
chr1,11,5,27,-0.04267401639227093
chr1,11,6,27,-0.12256615519375809
chr1,11,7,27,0.02323813982159721
chr1,11,8,27,0.04223824990948431
chr1,11,9,27,-0.11727978405720901
chr1,11,10,27,-0.014125301975609359
chr1,11,11,27,-0.015952252077314863
chr10,0,0,10,-0.05068380963546441
chr10,0,1,10,0.04715868068667199
chr10,0,2,10,0.11677447891679489
chr10,0,3,10,0.03802737254349597
chr10,0,4,10,-0.013860969698242192
chr10,0,5,10,0.06925949991039602
chr10,0,6,10,0.044856753422945025
chr10,0,7,10,0.02405557127440035
chr10,0,8,10,-0.04366452147690656
chr10,0,9,10,0.034750644233235865
chr10,0,10,10,0.10995658727575466
chr10,0,11,10,-0.009355433067661078
chr10,1,0,10,0.25838681822809495
chr10,1,1,10,-0.05650089624102976
chr10,1,2,10,-0.22576252455125245
chr10,1,3,10,-0.00846485421713335
chr10,1,4,10,-0.14031197017249217
chr10,1,5,10,-0.020762699030829165
chr10,1,6,10,0.16933404976185035
chr10,1,7,10,-0.13280000983011536
chr10,1,8,10,-0.29295402496610956
chr10,1,9,10,-0.120655368740786
chr10,1,10,10,0.15936485681936272
chr10,1,11,10,0.2295058738552421
chr10,2,0,10,0.020805440883947195
chr10,2,1,10,-0.06864568703281887
chr10,2,2,10,-0.004858855955710775
chr10,2,3,10,-0.044973426468468206
chr10,2,4,10,-0.16796021459136878
chr10,2,5,10,0.10930110762463141
chr10,2,6,10,0.12435973938777253
chr10,2,7,10,-0.14707567454863738
chr10,2,8,10,0.01707911108268374
chr10,2,9,10,0.08949668576966313
chr10,2,10,10,-0.07396720039452716
chr10,2,11,10,0.12320467168239994
chr10,3,0,10,-0.051318641292341316
chr10,3,1,10,-0.10656810884011514
chr10,3,2,10,0.03171131573287227
chr10,3,3,10,-0.2223473968600921
chr10,3,4,10,-0.11891076107230396
chr10,3,5,10,0.03304961458152933
chr10,3,6,10,-0.10558552018057357
chr10,3,7,10,-0.005559616081083729
chr10,3,8,10,-0.061175567837656306
chr10,3,9,10,0.25691870054943705
chr10,3,10,10,-0.16982459386837168
chr10,3,11,10,0.21930661393682013
chr10,4,0,10,-0.09659644728190972
chr10,4,1,10,0.0004116531318249628
chr10,4,2,10,-0.026710179754891105
chr10,4,3,10,0.07212996073439325
chr10,4,4,10,0.23573950227030444
chr10,4,5,10,-0.07291309097177576
chr10,4,6,10,0.08332438098975106
chr10,4,7,10,0.06824651523451152
chr10,4,8,10,0.05611259779219566
chr10,4,9,10,0.20330261109033237
chr10,4,10,10,0.0018024361867893302
chr10,4,11,10,0.036347851508754865
chr10,5,0,10,0.058115371958212855
chr10,5,1,10,0.09860332597230091
chr10,5,2,10,-0.013664577357807314
chr10,5,3,10,0.18209725065510568
chr10,5,4,10,-0.06627441757285849
chr10,5,5,10,0.037292325205900326
chr10,5,6,10,0.11381678191949196
chr10,5,7,10,0.04433216425818533
chr10,5,8,10,0.04124645851748236
chr10,5,9,10,-0.011033239464195798
chr10,5,10,10,0.17587435788996783
chr10,5,11,10,0.04045903475714674
chr10,6,0,10,0.08275205984481346
chr10,6,1,10,0.09451272747334563
chr10,6,2,10,0.12783581831313084
chr10,6,3,10,0.04966017362779636
chr10,6,4,10,0.158813569300803
chr10,6,5,10,-0.16448039477461535
chr10,6,6,10,0.05620010305488694
chr10,6,7,10,-0.14677855683078836
chr10,6,8,10,0.09267844276129826
chr10,6,9,10,0.11939108648476833
chr10,6,10,10,-0.09843299880306516
chr10,6,11,10,0.15049682688518526
chr10,7,0,10,0.24342262433404133
chr10,7,1,10,-0.19134793544027665
chr10,7,2,10,-0.008310523840055345
chr10,7,3,10,-0.020879915033756087
chr10,7,4,10,-0.0557165609692706
chr10,7,5,10,0.035208717084577415
chr10,7,6,10,0.022267041247049077
chr10,7,7,10,0.03178665022783798
chr10,7,8,10,-0.19236774674389676
chr10,7,9,10,-0.2016440815388866
chr10,7,10,10,0.2167828469084367
chr10,7,11,10,0.16647086401903718
chr10,8,0,10,0.0010127170518502426
chr10,8,1,10,0.05139427917191686
chr10,8,2,10,-0.009990550286817246
chr10,8,3,10,-0.1569880185157187
chr10,8,4,10,0.15107199338039537
chr10,8,5,10,0.12984631462692986
chr10,8,6,10,0.04804213222945142
chr10,8,7,10,0.08498589835271726
chr10,8,8,10,-0.08936706668996841
chr10,8,9,10,-0.1479580655311782
chr10,8,10,10,0.047272213422723766
chr10,8,11,10,0.18773863635228055
chr10,9,0,10,-0.2505091352295754
chr10,9,1,10,-0.10865700617999419
chr10,9,2,10,-0.1651502022223189
chr10,9,3,10,0.12687086763822134
chr10,9,4,10,-0.007674207002204647
chr10,9,5,10,-0.15982723071370503
chr10,9,6,10,-0.11843202272799605
chr10,9,7,10,0.16698749081366793
chr10,9,8,10,-0.12638996462245547
chr10,9,9,10,-0.010520661576383306
chr10,9,10,10,-0.12673430692643517
chr10,9,11,10,0.045141862047968176
chr10,10,0,10,-0.17119853601122953
chr10,10,1,10,-0.09280821202170635
chr10,10,2,10,0.13307983594150274
chr10,10,3,10,0.11768715783368622
chr10,10,4,10,0.2376780602596884
chr10,10,5,10,0.2145390764965427
chr10,10,6,10,0.023130922685883515
chr10,10,7,10,0.011439279011183412
chr10,10,8,10,0.1736627451603501
chr10,10,9,10,0.2221288087975693
chr10,10,10,10,-0.025187649140925816
chr10,10,11,10,0.03531333972915378
chr10,11,0,10,0.02983566221966974
chr10,11,1,10,-0.05260903502924765
chr10,11,2,10,-0.019858314058327286
chr10,11,3,10,0.009170088565481332
chr10,11,4,10,0.14143367544542265
chr10,11,5,10,0.14204574162412759
chr10,11,6,10,0.1072346831078036
chr10,11,7,10,0.12357782798305916
chr10,11,8,10,0.01845456588373296
chr10,11,9,10,0.0093629434118178
chr10,11,10,10,0.014374416482802332
chr10,11,11,10,-0.014846416819155866
chr11,0,0,8,0.035140667264444085
chr11,0,1,8,-0.05857558846290994
chr11,0,2,8,-0.05133388343067518
chr11,0,3,8,0.30168540526032656
chr11,0,4,8,0.2667998684157461
chr11,0,5,8,-0.05226127480509751
chr11,0,6,8,-0.0823741914038934
chr11,0,7,8,-0.049610624620181634
chr11,0,8,8,0.03125841890476757
chr11,0,9,8,0.056913873475478986
chr11,0,10,8,0.17392854579423994
chr11,0,11,8,-0.07548257517234908
chr11,1,0,8,-0.05512355321459986
chr11,1,1,8,0.1374776350607284
chr11,1,2,8,0.07238345943510412
chr11,1,3,8,0.007972260115518763
chr11,1,4,8,0.039730367211326986
chr11,1,5,8,-0.1428151288589372
chr11,1,6,8,-0.07509302502526183
chr11,1,7,8,-0.1417678929819288
chr11,1,8,8,0.07302933962790084
chr11,1,9,8,0.15494358780959022
chr11,1,10,8,-0.02834652255555591
chr11,1,11,8,0.025876816587846026
chr11,2,0,8,0.18165037946455662
chr11,2,1,8,0.04810052007752062
chr11,2,2,8,0.08454022247094817
chr11,2,3,8,-0.17831421362830954
chr11,2,4,8,-0.02247350665974989
chr11,2,5,8,-0.04199745245443317
chr11,2,6,8,0.022043062986470574
chr11,2,7,8,-0.09165310049481545
chr11,2,8,8,0.2426401368051147
chr11,2,9,8,0.07583624325454234
chr11,2,10,8,0.1306043024386008
chr11,2,11,8,-0.04263304212770458
chr11,3,0,8,0.14151929075599828
chr11,3,1,8,0.13237225680465373
chr11,3,2,8,0.16976513264344728
chr11,3,3,8,0.06434985892429064
chr11,3,4,8,0.04062147756178345
chr11,3,5,8,0.03772627807859145
chr11,3,6,8,0.06358714313050899
chr11,3,7,8,0.03772974275487438
chr11,3,8,8,0.23353098143428505
chr11,3,9,8,-0.06618581227297379
chr11,3,10,8,0.23596801087865377
chr11,3,11,8,-0.09859163045886452
chr11,4,0,8,0.07717756931131978
chr11,4,1,8,0.13981404857521101
chr11,4,2,8,0.1146729146200212
chr11,4,3,8,-0.004037251933722653
chr11,4,4,8,-0.20662090830055785
chr11,4,5,8,-0.1377376651301226
chr11,4,6,8,0.1929838627442933
chr11,4,7,8,0.11614459719887985
chr11,4,8,8,0.06125343791074564
chr11,4,9,8,0.03624453616554872
chr11,4,10,8,0.09843508559596492
chr11,4,11,8,0.057731343203805734
chr11,5,0,8,-0.031843330426262584
chr11,5,1,8,-0.023414648770028343
chr11,5,2,8,0.08299513532765293
chr11,5,3,8,0.1448275926908301
chr11,5,4,8,0.1260691640014047
chr11,5,5,8,-0.18718876413988453
chr11,5,6,8,0.09307517919305673
chr11,5,7,8,0.06850480631825166
chr11,5,8,8,0.010827520632073533
chr11,5,9,8,0.10609264143241397
chr11,5,10,8,-0.06131468280217732
chr11,5,11,8,0.022620686641807698
chr11,6,0,8,-0.06736436000243985
chr11,6,1,8,-0.026847992942097207
chr11,6,2,8,0.08593329769642497
chr11,6,3,8,-0.014096910260670448
chr11,6,4,8,0.09249699540886241
chr11,6,5,8,0.05948928882091644
chr11,6,6,8,0.002212320502493745
chr11,6,7,8,0.1066656584542359
chr11,6,8,8,0.159331726214122
chr11,6,9,8,-0.03673303823051924
chr11,6,10,8,-0.10002255130118887
chr11,6,11,8,0.05399882868031487
chr11,7,0,8,-0.1120212051699081
chr11,7,1,8,0.14274588106235203
chr11,7,2,8,-0.17138938355726197
chr11,7,3,8,0.16811918857701857
chr11,7,4,8,0.06720771658004707
chr11,7,5,8,0.022244999945568833
chr11,7,6,8,0.039567273289319575
chr11,7,7,8,0.09814037454505206
chr11,7,8,8,0.11911214466469645
chr11,7,9,8,0.12432939238796029
chr11,7,10,8,-0.04840133138555164
chr11,7,11,8,0.05886825578112794
chr11,8,0,8,-0.16937909560059905
chr11,8,1,8,-0.132517599506296
chr11,8,2,8,-0.051553038238034116
chr11,8,3,8,0.09905740894059675
chr11,8,4,8,-0.07802869431726578
chr11,8,5,8,-0.08983504595524369
chr11,8,6,8,0.08114307812489822
chr11,8,7,8,0.0898566242821655
chr11,8,8,8,-0.07185815691635047
chr11,8,9,8,-0.05675455467733867
chr11,8,10,8,-0.023501473122999966
chr11,8,11,8,-0.08494294099280364
chr11,9,0,8,0.15914352719776056
chr11,9,1,8,-0.21290417866903136
chr11,9,2,8,-0.14425438765181986
chr11,9,3,8,-0.06488984245059964
chr11,9,4,8,0.08535279828009282
chr11,9,5,8,0.11812960282900493
chr11,9,6,8,0.08948611735317769
chr11,9,7,8,0.0067170870582053815
chr11,9,8,8,-0.03041536512143695
chr11,9,9,8,-0.20719527968472445
chr11,9,10,8,-0.04594167877109229
chr11,9,11,8,-0.0390307044265265
chr11,10,0,8,0.16922776957405816
chr11,10,1,8,0.11420009092348168
chr11,10,2,8,-0.04497422569300641
chr11,10,3,8,-0.005375173170913794
chr11,10,4,8,-0.050062200645734856
chr11,10,5,8,-0.19623271953882965
chr11,10,6,8,0.18340239614569032
chr11,10,7,8,0.2873233246047833
chr11,10,8,8,-0.18839526762635478
chr11,10,9,8,-0.24867657238655533
chr11,10,10,8,0.07415559617462386
chr11,10,11,8,-0.054995500395128884
chr11,11,0,8,-0.1778512241723164
chr11,11,1,8,0.012537271609692202
chr11,11,2,8,-0.02626918650912466
chr11,11,3,8,0.03260349105360301
chr11,11,4,8,-0.09158679303185141
chr11,11,5,8,0.0519194527857538
chr11,11,6,8,0.056539208119810364
chr11,11,7,8,0.05866478393041927
chr11,11,8,8,-0.15481145667214025
chr11,11,9,8,-0.030109958738575485
chr11,11,10,8,-0.21036308195493453
chr11,11,11,8,-0.09754530925811736
chr12,0,0,8,0.29053907047580474
chr12,0,1,8,-0.20471777636158245
chr12,0,2,8,0.03697746638034645
chr12,0,3,8,-0.19088079473841704
chr12,0,4,8,-0.025386874046260978
chr12,0,5,8,0.13601353051179554
chr12,0,6,8,0.16733847639375168
chr12,0,7,8,-0.050780947499525456
chr12,0,8,8,0.24833255570393814
chr12,0,9,8,0.010065612382844435
chr12,0,10,8,-0.15633334997841608
chr12,0,11,8,0.11030154407449591
chr12,1,0,8,0.1058313849168114
chr12,1,1,8,0.30494688832354355
chr12,1,2,8,0.13100617763768213
chr12,1,3,8,0.22091299972656975
chr12,1,4,8,-0.12465730902432069
chr12,1,5,8,0.0971657964367185
chr12,1,6,8,0.014862624074940718
chr12,1,7,8,-0.08447712477109495
chr12,1,8,8,-0.11167238365045276
chr12,1,9,8,0.2627504153098326
chr12,1,10,8,-0.05568961267390875
chr12,1,11,8,0.20490839762593194
chr12,2,0,8,0.40328383400402523
chr12,2,1,8,0.05829331280940067
chr12,2,2,8,0.04474502768477834
chr12,2,3,8,0.12967258575795898
chr12,2,4,8,0.24841761445045904
chr12,2,5,8,0.10566477700143302
chr12,2,6,8,0.26744470361711004
chr12,2,7,8,0.16861452396157173
chr12,2,8,8,0.2881655430437858
chr12,2,9,8,0.3628480752699407
chr12,2,10,8,0.28160308388770156
chr12,2,11,8,0.07532272330860156
chr12,3,0,8,0.14249809790316087
chr12,3,1,8,0.17213716724088413
chr12,3,2,8,0.07450506899138983
chr12,3,3,8,0.1007848779107463
chr12,3,4,8,0.24603524473680335
chr12,3,5,8,0.08177800072672028
chr12,3,6,8,0.31226896007476207
chr12,3,7,8,0.08844066174532617
chr12,3,8,8,0.21330834963376194
chr12,3,9,8,0.168675710179146
chr12,3,10,8,0.06724866491657944
chr12,3,11,8,0.10415716128491488
chr12,4,0,8,0.2866036984534519
chr12,4,1,8,0.3208384410550553
chr12,4,2,8,0.2890693282516589
chr12,4,3,8,0.20491226742862995
chr12,4,4,8,-0.02095496759137483
chr12,4,5,8,-0.025984369486649492
chr12,4,6,8,0.0063744739714204635
chr12,4,7,8,0.0856536510271549
chr12,4,8,8,0.2082315986571473
chr12,4,9,8,0.1340027659587919
chr12,4,10,8,0.10927694520744048
chr12,4,11,8,0.06214621948496293
chr12,5,0,8,-0.00511544834761081
chr12,5,1,8,0.15487500432785273
chr12,5,2,8,0.1279338092092761
chr12,5,3,8,0.19220640673046197
chr12,5,4,8,0.2092525037704878
chr12,5,5,8,0.09942360156642754
chr12,5,6,8,0.0887978578508725
chr12,5,7,8,0.090506576648245
chr12,5,8,8,0.04255816629853887
chr12,5,9,8,0.24624332791990486
chr12,5,10,8,-0.10053761980420005
chr12,5,11,8,-0.031783458621111704
chr12,6,0,8,-0.06936938888562046
chr12,6,1,8,-0.011642959663426045
chr12,6,2,8,0.020468778088165926
chr12,6,3,8,-0.007996955676922358
chr12,6,4,8,0.05645622417055413
chr12,6,5,8,0.2231638036900992
chr12,6,6,8,-0.02561227415663154
chr12,6,7,8,0.2261025923771249
chr12,6,8,8,0.17813954680857885
chr12,6,9,8,-0.07339209058020592
chr12,6,10,8,0.1424552298729642
chr12,6,11,8,-0.17100540644935827
chr12,7,0,8,0.057030758130649985
chr12,7,1,8,0.02803140924821943
chr12,7,2,8,0.11547742757079368
chr12,7,3,8,0.07612146362462335
chr12,7,4,8,0.07981945017776829
chr12,7,5,8,0.1913876033146917
chr12,7,6,8,-0.035958993273676576
chr12,7,7,8,-0.05863715715492142
chr12,7,8,8,-0.05434748168833903
chr12,7,9,8,-0.04517156569378593
chr12,7,10,8,0.0715230556686752
chr12,7,11,8,-0.01275019796121725
chr12,8,0,8,0.06934824639348593
chr12,8,1,8,-0.05374267534596641
chr12,8,2,8,0.0674961723436186
chr12,8,3,8,0.022215843837768298
chr12,8,4,8,0.11435726174892566
chr12,8,5,8,-0.10760788694866205
chr12,8,6,8,-0.0022405812738577613
chr12,8,7,8,0.011311618555331276
chr12,8,8,8,-0.05586239540616034
chr12,8,9,8,0.10285609485436217
chr12,8,10,8,-0.07280711268611699
chr12,8,11,8,0.14147971435002954
chr12,9,0,8,-0.016543265044977107
chr12,9,1,8,-0.13039851060361574
chr12,9,2,8,-0.09575286076720388
chr12,9,3,8,0.09750794059837403
chr12,9,4,8,0.20108232573952323
chr12,9,5,8,0.1383484243174955
chr12,9,6,8,0.196739170535564
chr12,9,7,8,0.04449870359012735
chr12,9,8,8,-0.1588830739345417
chr12,9,9,8,-0.29075168642595217
chr12,9,10,8,-0.1272006001314064
chr12,9,11,8,-0.14254203567363966
chr12,10,0,8,-0.13509594069122313
chr12,10,1,8,-0.16245963936463087
chr12,10,2,8,-0.13465974651243112
chr12,10,3,8,-0.1835961296736706
chr12,10,4,8,-0.04945767235110303
chr12,10,5,8,-0.29574704086068127
chr12,10,6,8,0.016049685823547793
chr12,10,7,8,0.06666153727580279
chr12,10,8,8,-0.12246675476796773
chr12,10,9,8,-0.10999927953841358
chr12,10,10,8,0.12238178116319762
chr12,10,11,8,-0.10338734771917898
chr12,11,0,8,0.027600784508992837
chr12,11,1,8,-0.13516844264399444
chr12,11,2,8,-0.08686210059942587
chr12,11,3,8,-0.052764690467277525
chr12,11,4,8,0.0073003238376851895
chr12,11,5,8,-0.11117520041217412
chr12,11,6,8,-0.05950912461621801
chr12,11,7,8,0.049448263989522234
chr12,11,8,8,0.1421420863004921
chr12,11,9,8,-0.1986208873688966
chr12,11,10,8,-0.14375564741538704
chr12,11,11,8,0.07206538857938073
chr13,0,0,10,-0.02795393222671926
chr13,0,1,10,0.08521070191504826
chr13,0,2,10,0.021117532284153494
chr13,0,3,10,-0.025560453182012964
chr13,0,4,10,-0.03082590674190725
chr13,0,5,10,0.06336241694276702
chr13,0,6,10,0.08234451538971095
chr13,0,7,10,0.10966962411765305
chr13,0,8,10,-0.011622846497086513
chr13,0,9,10,-0.0038687344302891667
chr13,0,10,10,0.1250231501227424
chr13,0,11,10,0.13256461883107246
chr13,1,0,10,0.016104048141740507
chr13,1,1,10,0.11804739271670854
chr13,1,2,10,-0.04128691208018602
chr13,1,3,10,0.08362182624644054
chr13,1,4,10,0.12147399021022383
chr13,1,5,10,0.09333420855875095
chr13,1,6,10,0.2276339929398184
chr13,1,7,10,-0.02535421796046471
chr13,1,8,10,-0.06012625944264697
chr13,1,9,10,0.09457726428351446
chr13,1,10,10,0.08862626965058278
chr13,1,11,10,0.017889697169754932
chr13,2,0,10,-0.06337477582448311
chr13,2,1,10,0.0683419116641401
chr13,2,2,10,0.04221625355631491
chr13,2,3,10,-0.030967279846001654
chr13,2,4,10,0.0873522879593974
chr13,2,5,10,-0.07149934920913116
chr13,2,6,10,0.022711415580536704
chr13,2,7,10,0.08054655804869752
chr13,2,8,10,-0.09133740774080895
chr13,2,9,10,0.02220946804437115
chr13,2,10,10,-0.15887531311360498
chr13,2,11,10,0.017805700025995817
chr13,3,0,10,-0.1710111265675856
chr13,3,1,10,-0.1931367134691448
chr13,3,2,10,0.013315549315395941
chr13,3,3,10,-0.030460747700816904
chr13,3,4,10,-0.11662761186547396
chr13,3,5,10,-0.08449319025157168
chr13,3,6,10,-0.05048679179629839
chr13,3,7,10,0.007354170675759042
chr13,3,8,10,-0.04029905559376592
chr13,3,9,10,0.007224041985274515
chr13,3,10,10,-0.13696741771611737
chr13,3,11,10,-0.02531123040696568
chr13,4,0,10,0.07006248948925438
chr13,4,1,10,0.055813357715841394
chr13,4,2,10,0.11374424212303177
chr13,4,3,10,-0.05253421067200685
chr13,4,4,10,0.13923363813738585
chr13,4,5,10,-0.008439180777575292
chr13,4,6,10,-0.04609214065353345
chr13,4,7,10,0.05969148270690906
chr13,4,8,10,0.1007678826849483
chr13,4,9,10,0.22598130788735235
chr13,4,10,10,-0.07000455079155923
chr13,4,11,10,-0.12490095351327717
chr13,5,0,10,0.12448296366622782
chr13,5,1,10,0.036456826726996135
chr13,5,2,10,0.028886326534864816
chr13,5,3,10,-0.02937363584479844
chr13,5,4,10,-0.07161759013310072
chr13,5,5,10,0.09156739090773913
chr13,5,6,10,-0.10701243101407734
chr13,5,7,10,-0.023267715737320088
chr13,5,8,10,0.008734432590711782
chr13,5,9,10,0.0023878164027956563
chr13,5,10,10,0.08524915118791158
chr13,5,11,10,-0.11254110830411337
chr13,6,0,10,0.15998351304867278
chr13,6,1,10,0.029702464236318206
chr13,6,2,10,-0.003354389034971317
chr13,6,3,10,0.02792834985648922
chr13,6,4,10,0.020910120645973453
chr13,6,5,10,-0.10743631144650886
chr13,6,6,10,0.0668671784879508
chr13,6,7,10,-0.0668615067760973
chr13,6,8,10,-0.1278346654814097
chr13,6,9,10,0.12032287885844288
chr13,6,10,10,0.11739284407561854
chr13,6,11,10,-0.008105574073148391
chr13,7,0,10,0.09968694821767102
chr13,7,1,10,-0.0759560813807585
chr13,7,2,10,0.10577064132689754
chr13,7,3,10,0.002317569445960249
chr13,7,4,10,-0.07277242661880112
chr13,7,5,10,-0.026137335042977862
chr13,7,6,10,-0.0010713042366070375
chr13,7,7,10,0.042106508013643476
chr13,7,8,10,-0.05510461941032878
chr13,7,9,10,-0.06823362045454688
chr13,7,10,10,0.07204195092434046
chr13,7,11,10,0.12956605067849056
chr13,8,0,10,-0.022207311896277823
chr13,8,1,10,0.13739139761585314
chr13,8,2,10,-0.05357925815097196
chr13,8,3,10,0.048995835269734125
chr13,8,4,10,-0.10924220242044702
chr13,8,5,10,-0.042479529867960844
chr13,8,6,10,0.08650043048543218
chr13,8,7,10,0.03364374288249554
chr13,8,8,10,-0.03642103439753443
chr13,8,9,10,-0.14965955850859652
chr13,8,10,10,0.11244277092778383
chr13,8,11,10,-0.01801937953062428
chr13,9,0,10,-0.042692228297218346
chr13,9,1,10,-0.0421398813065191
chr13,9,2,10,-0.06046673040230728
chr13,9,3,10,0.087068613734963
chr13,9,4,10,0.02923838077805193
chr13,9,5,10,0.0727273967823535
chr13,9,6,10,0.06148929997727639
chr13,9,7,10,-0.1693358198010711
chr13,9,8,10,0.19935760169634958
chr13,9,9,10,0.16806495280430295
chr13,9,10,10,0.1504249250475131
chr13,9,11,10,0.13116674776883475
chr13,10,0,10,-0.15096225237168182
chr13,10,1,10,-0.168428083324263
chr13,10,2,10,0.005603626524084593
chr13,10,3,10,0.07683245352619787
chr13,10,4,10,0.04387585401915583
chr13,10,5,10,0.027801574658707695
chr13,10,6,10,-0.09669958023527192
chr13,10,7,10,-0.038256600393530384
chr13,10,8,10,0.11668839776133696
chr13,10,9,10,0.24722968470961298
chr13,10,10,10,-0.053558937357294334
chr13,10,11,10,0.004729545511234484
chr13,11,0,10,0.07284659248023262
chr13,11,1,10,-0.11075391290749381
chr13,11,2,10,-0.03535386916388779
chr13,11,3,10,-0.07946440015042891
chr13,11,4,10,-0.02312425719503386
chr13,11,5,10,0.028723379224578897
chr13,11,6,10,-0.0839190882139234
chr13,11,7,10,-0.03165385745547871
chr13,11,8,10,-0.07397799843087327
chr13,11,9,10,-0.11489691106590923
chr13,11,10,10,-0.01415583434440556
chr13,11,11,10,-0.038428977724059316
chr14,0,0,11,-0.08145515535075037
chr14,0,1,11,-0.20197424993952193
chr14,0,2,11,0.013179342791529864
chr14,0,3,11,-0.07637750990211724
chr14,0,4,11,0.052983294529280946
chr14,0,5,11,0.07579893716852314
chr14,0,6,11,0.0031255183431871596
chr14,0,7,11,0.060204240626008286
chr14,0,8,11,-0.10506265042431559
chr14,0,9,11,-0.1478900999855819
chr14,0,10,11,-0.24936485174796194
chr14,0,11,11,-0.03417340753635557
chr14,1,0,11,-0.06005734451987283
chr14,1,1,11,0.01445806036061848
chr14,1,2,11,0.07075862154471389
chr14,1,3,11,0.09352578234096791
chr14,1,4,11,-0.0010230828245887088
chr14,1,5,11,-0.06716108704843388
chr14,1,6,11,-0.0075542302324845415
chr14,1,7,11,0.10574013387184909
chr14,1,8,11,-0.06618105594555547
chr14,1,9,11,0.04591818187379179
chr14,1,10,11,0.12683669134618758
chr14,1,11,11,-0.09795799945202406
chr14,2,0,11,0.08710266211866387
chr14,2,1,11,0.05490109459905819
chr14,2,2,11,0.19355614947507307
chr14,2,3,11,0.1312181243055684
chr14,2,4,11,-0.19315390141195152
chr14,2,5,11,0.189731099474099
chr14,2,6,11,-0.05899651021168799
chr14,2,7,11,0.014479941314261181
chr14,2,8,11,0.04571989051275818
chr14,2,9,11,0.017470487765163637
chr14,2,10,11,0.019332910371349946
chr14,2,11,11,0.05419071913273647
chr14,3,0,11,0.11980727675802673
chr14,3,1,11,0.12228827542911137
chr14,3,2,11,0.19968611590000365
chr14,3,3,11,0.049906728913621266
chr14,3,4,11,0.09795521880956382
chr14,3,5,11,0.05948352196097151
chr14,3,6,11,0.027342819249822778
chr14,3,7,11,0.03805802919479209
chr14,3,8,11,0.07161817028258072
chr14,3,9,11,-0.0015250721815084052
chr14,3,10,11,0.1213217651376859
chr14,3,11,11,-0.059972270371802014
chr14,4,0,11,-0.15269588680821944
chr14,4,1,11,0.16237004927846438
chr14,4,2,11,0.04536977054472368
chr14,4,3,11,-0.03651150820769233
chr14,4,4,11,0.06917894089471059
chr14,4,5,11,0.1901114887668931
chr14,4,6,11,0.214509274924605
chr14,4,7,11,0.10871428241263277
chr14,4,8,11,-0.04061333178215664
chr14,4,9,11,-0.09074304924018778
chr14,4,10,11,-0.0035357443611421287
chr14,4,11,11,-0.07599865905502817
chr14,5,0,11,-0.06230193358736253
chr14,5,1,11,0.22004921629317353
chr14,5,2,11,0.17896025794380296
chr14,5,3,11,0.1030704048192027
chr14,5,4,11,0.060951759906117904
chr14,5,5,11,0.08078839481413565
chr14,5,6,11,0.23286678343314177
chr14,5,7,11,0.23993913605597264
chr14,5,8,11,0.04904671178109175
chr14,5,9,11,0.1723451656884968
chr14,5,10,11,-0.0187188668182369
chr14,5,11,11,0.18171674729716955
chr14,6,0,11,0.04589207544976437
chr14,6,1,11,0.1221864662890575
chr14,6,2,11,-0.0038217909202990256
chr14,6,3,11,-0.05713100609028199
chr14,6,4,11,-0.022022808783540546
chr14,6,5,11,-0.04860964324294242
chr14,6,6,11,-0.12099686523729637
chr14,6,7,11,0.15040535295066748
chr14,6,8,11,0.12706733860614494
chr14,6,9,11,-0.16028548769315987
chr14,6,10,11,0.12274849949266949
chr14,6,11,11,-0.1765742409732547
chr14,7,0,11,-0.1764598200302841
chr14,7,1,11,0.15840466552596863
chr14,7,2,11,0.01691909840026847
chr14,7,3,11,0.187193278173077
chr14,7,4,11,0.1607514080318784
chr14,7,5,11,0.10717929385869139
chr14,7,6,11,0.11649896665857735
chr14,7,7,11,0.10908794736447938
chr14,7,8,11,0.1344308650058232
chr14,7,9,11,0.1713973199220403
chr14,7,10,11,0.009507442442600404
chr14,7,11,11,0.08700863062749335
chr14,8,0,11,-0.2585891555892737
chr14,8,1,11,0.07627919137479806
chr14,8,2,11,-0.21864536760493192
chr14,8,3,11,0.13010059703929316
chr14,8,4,11,0.06856874132306343
chr14,8,5,11,-0.02130551437580531
chr14,8,6,11,0.0516760119034348
chr14,8,7,11,-0.004428432816654726
chr14,8,8,11,0.016950599989222912
chr14,8,9,11,-0.03729460071217014
chr14,8,10,11,0.12401249142731251
chr14,8,11,11,-0.1310183798922153
chr14,9,0,11,0.15348150416281367
chr14,9,1,11,-0.11776944597715054
chr14,9,2,11,-0.16716765567055197
chr14,9,3,11,0.06536507881430746
chr14,9,4,11,0.19518406921922885
chr14,9,5,11,0.012706294078828255
chr14,9,6,11,0.12358239075208455
chr14,9,7,11,0.17474627015709343
chr14,9,8,11,0.13863272677481553
chr14,9,9,11,-0.024773051835626433
chr14,9,10,11,0.19742840066013348
chr14,9,11,11,0.22447029652328768
chr14,10,0,11,0.02327771418844756
chr14,10,1,11,0.015973126701926722
chr14,10,2,11,-0.12144217431592991
chr14,10,3,11,0.03193245974461651
chr14,10,4,11,-0.0042146285875224706
chr14,10,5,11,0.010095776749951985
chr14,10,6,11,-0.07240166927478639
chr14,10,7,11,0.10869320067451048
chr14,10,8,11,-0.08777100370709877
chr14,10,9,11,-0.0544656484792413
chr14,10,10,11,0.19491511664696806
chr14,10,11,11,0.09407508085556325
chr14,11,0,11,-0.07155515826111261
chr14,11,1,11,0.08322687765675767
chr14,11,2,11,0.07599241891693097
chr14,11,3,11,-0.012449588943164407
chr14,11,4,11,-0.005797639730513237
chr14,11,5,11,0.03771341853191312
chr14,11,6,11,0.0974562542227714
chr14,11,7,11,-0.06707358268244033
chr14,11,8,11,-0.13428640770178588
chr14,11,9,11,0.07480259554808288
chr14,11,10,11,0.059828248745150914
chr14,11,11,11,-0.1051128783426391
chr15,0,0,6,0.33299975334116
chr15,0,1,6,0.010579266441090173
chr15,0,2,6,0.08875080350452563
chr15,0,3,6,-0.1748158860116634
chr15,0,4,6,-0.12162487902748832
chr15,0,5,6,0.13114413354336912
chr15,0,6,6,0.0976049567341964
chr15,0,7,6,0.05245801986739399
chr15,0,8,6,0.020417826175056986
chr15,0,9,6,0.05425769719143273
chr15,0,10,6,-0.07526111987991514
chr15,0,11,6,0.18549181257811453
chr15,1,0,6,-0.30244362726440405
chr15,1,1,6,0.13626581475463176
chr15,1,2,6,0.2134867506320158
chr15,1,3,6,0.12153936228272927
chr15,1,4,6,0.015353023295589316
chr15,1,5,6,0.433932162897763
chr15,1,6,6,0.08430918358834383
chr15,1,7,6,0.13176527429366344
chr15,1,8,6,0.2934486119747641
chr15,1,9,6,0.17203134220766128
chr15,1,10,6,-0.006799522673359519
chr15,1,11,6,-0.16504474499779362
chr15,2,0,6,-0.11845162187894337
chr15,2,1,6,-0.15715365183586052
chr15,2,2,6,0.07150989430659696
chr15,2,3,6,0.1868878857643884
chr15,2,4,6,0.11428747568554269
chr15,2,5,6,0.10475057133568257
chr15,2,6,6,-0.04530086588644022
chr15,2,7,6,0.13444424770161797
chr15,2,8,6,0.01257030638722495
chr15,2,9,6,0.07420285112819147
chr15,2,10,6,-0.057477505201578044
chr15,2,11,6,0.018404598563261498
chr15,3,0,6,-0.17895614888877653
chr15,3,1,6,-0.11601566743662169
chr15,3,2,6,0.03870555135850865
chr15,3,3,6,0.18253261107293425
chr15,3,4,6,0.07769987294990693
chr15,3,5,6,0.027084432783036388
chr15,3,6,6,-0.1309383638947044
chr15,3,7,6,0.14706723787149897
chr15,3,8,6,-0.09008966392748108
chr15,3,9,6,-0.2819499486235859
chr15,3,10,6,0.11111204490272225
chr15,3,11,6,-0.2030530392557889
chr15,4,0,6,0.0030851526666773785
chr15,4,1,6,0.1338806139491605
chr15,4,2,6,0.1268757286619997
chr15,4,3,6,0.16819439966055824
chr15,4,4,6,-0.12037669975645832
chr15,4,5,6,0.03591648089164063
chr15,4,6,6,0.034114631402316735
chr15,4,7,6,0.1212255034813
chr15,4,8,6,0.11089617876747172
chr15,4,9,6,0.19764214566842708
chr15,4,10,6,-0.021182673262260174
chr15,4,11,6,0.18901545514248952
chr15,5,0,6,0.21031956643807334
chr15,5,1,6,-0.0770197893426273
chr15,5,2,6,0.13696372847154423
chr15,5,3,6,-0.04162196980120042
chr15,5,4,6,0.14004581642251182
chr15,5,5,6,-0.09460925481135746
chr15,5,6,6,-0.0789295138635663
chr15,5,7,6,0.1517750705624938
chr15,5,8,6,0.0041065213891199924
chr15,5,9,6,0.2211038333623684
chr15,5,10,6,-0.09485777212376935
chr15,5,11,6,-0.013972479423367342
chr15,6,0,6,0.12696112519155123
chr15,6,1,6,-0.03303708101758234
chr15,6,2,6,0.06412416778189414
chr15,6,3,6,0.1420126930829244
chr15,6,4,6,0.04113162377915575
chr15,6,5,6,-0.2563644651679017
chr15,6,6,6,0.13577835245479694
chr15,6,7,6,-0.20583681536862
chr15,6,8,6,0.0076648038738477515
chr15,6,9,6,-0.12787314930107604
chr15,6,10,6,0.13257557153500008
chr15,6,11,6,-0.05146523632092916
chr15,7,0,6,-0.24178138960325368
chr15,7,1,6,0.20239801539220023
chr15,7,2,6,0.25864429937437866
chr15,7,3,6,0.2101225377078421
chr15,7,4,6,0.10995867301900215
chr15,7,5,6,-0.08969312970015923
chr15,7,6,6,0.19401534116947716
chr15,7,7,6,0.25906158643546623
chr15,7,8,6,0.21425756228006856
chr15,7,9,6,0.23414567247257514
chr15,7,10,6,-0.19344434058531954
chr15,7,11,6,-0.07522648852749843
chr15,8,0,6,0.09971161107974963
chr15,8,1,6,0.2049223701097277
chr15,8,2,6,0.34416418135253685
chr15,8,3,6,0.10839030671079763
chr15,8,4,6,0.0435660091706731
chr15,8,5,6,-0.02266637777320898
chr15,8,6,6,0.18030149557823458
chr15,8,7,6,0.15264209160015965
chr15,8,8,6,0.220775112340983
chr15,8,9,6,0.1475145059272895
chr15,8,10,6,0.2122410344972829
chr15,8,11,6,-0.09307080173680071
chr15,9,0,6,0.25100022172019737
chr15,9,1,6,0.1805128444765504
chr15,9,2,6,0.07479365210212903
chr15,9,3,6,0.03501402248268859
chr15,9,4,6,-0.014727619625295896
chr15,9,5,6,-0.08576104100521927
chr15,9,6,6,-0.04415019902886117
chr15,9,7,6,0.088872260199738
chr15,9,8,6,0.12058310579965663
chr15,9,9,6,0.2857949634890639
chr15,9,10,6,0.1570095117411416
chr15,9,11,6,0.053634695925091014
chr15,10,0,6,-0.06519758227199268
chr15,10,1,6,0.26417138853704225
chr15,10,2,6,-0.06797905556792244
chr15,10,3,6,0.05333420559765944
chr15,10,4,6,-0.03592294165965473
chr15,10,5,6,0.0054336081150558975
chr15,10,6,6,-0.23036432465485093
chr15,10,7,6,-0.1150790280870737
chr15,10,8,6,0.034423857166920535
chr15,10,9,6,0.008301228386025853
chr15,10,10,6,-0.039917160343798434
chr15,10,11,6,0.10543230005131128
chr15,11,0,6,0.09950753971675479
chr15,11,1,6,-0.02813197300516639
chr15,11,2,6,0.09927097107371426
chr15,11,3,6,0.005997311921571079
chr15,11,4,6,0.04190606087073284
chr15,11,5,6,-0.19319520430139436
chr15,11,6,6,-0.22566988918339223
chr15,11,7,6,-0.17517317012640654
chr15,11,8,6,0.13055631112423557
chr15,11,9,6,0.03228395389757275
chr15,11,10,6,-0.11150457173685656
chr15,11,11,6,-0.0035232689497161906
chr16,0,0,8,-0.06280219729743644
chr16,0,1,8,-0.15768988904339717
chr16,0,2,8,-0.14076452860586527
chr16,0,3,8,-0.060243761506211746
chr16,0,4,8,-0.023770079046344678
chr16,0,5,8,-0.010765652002479986
chr16,0,6,8,-0.15019087817379057
chr16,0,7,8,0.10115916350034451
chr16,0,8,8,-0.020225838317534592
chr16,0,9,8,-0.17065831530034292
chr16,0,10,8,-0.20993587541414999
chr16,0,11,8,-0.1592027839174589
chr16,1,0,8,0.020489207376299917
chr16,1,1,8,0.012923591660920004
chr16,1,2,8,-0.07277196369626857
chr16,1,3,8,0.05067914882485354
chr16,1,4,8,0.12559903553229076
chr16,1,5,8,0.153487643386266
chr16,1,6,8,0.1247298028634168
chr16,1,7,8,0.051865077769992496
chr16,1,8,8,0.055440276389728024
chr16,1,9,8,0.07975711661129775
chr16,1,10,8,-0.06516497562410789
chr16,1,11,8,0.09895764030844977
chr16,2,0,8,-0.02286501569805481
chr16,2,1,8,0.09173074758874372
chr16,2,2,8,0.023699531652530068
chr16,2,3,8,0.08218419356337694
chr16,2,4,8,0.036994468417032744
chr16,2,5,8,0.01691288634361097
chr16,2,6,8,-0.04550064673599172
chr16,2,7,8,0.0544523375544152
chr16,2,8,8,-0.0658802484184551
chr16,2,9,8,0.01198018690859165
chr16,2,10,8,0.03258299803178538
chr16,2,11,8,0.19744051319385686
chr16,3,0,8,0.005362074774807837
chr16,3,1,8,0.05576723964880148
chr16,3,2,8,-0.03852845823233595
chr16,3,3,8,0.20644854013706343
chr16,3,4,8,-0.02804443728886138
chr16,3,5,8,0.10918558162150638
chr16,3,6,8,-0.116366652618206
chr16,3,7,8,-0.06036455430567121
chr16,3,8,8,0.005433589699108038
chr16,3,9,8,-0.1173489628575646
chr16,3,10,8,0.10194871611707765
chr16,3,11,8,-0.08272104850846067
chr16,4,0,8,0.06120388306890895
chr16,4,1,8,0.1239284021415794
chr16,4,2,8,0.1330616590354108
chr16,4,3,8,-0.06791099239211087
chr16,4,4,8,-0.13761895774930827
chr16,4,5,8,0.15286110720848745
chr16,4,6,8,-0.07569308092449308
chr16,4,7,8,0.07734671456550449
chr16,4,8,8,-0.09114959366821346
chr16,4,9,8,0.057459800246658754
chr16,4,10,8,-0.06690317911096204
chr16,4,11,8,0.02429701944784381
chr16,5,0,8,0.002703518512279039
chr16,5,1,8,-0.07194974924501263
chr16,5,2,8,0.02057812596213421
chr16,5,3,8,-0.1292796286550945
chr16,5,4,8,0.017288527245661323
chr16,5,5,8,0.0014729676715020644
chr16,5,6,8,-0.030335112711452755
chr16,5,7,8,0.1450603695173629
chr16,5,8,8,-0.07070764470676143
chr16,5,9,8,0.03249146266546431
chr16,5,10,8,-0.11850697086706957
chr16,5,11,8,0.01892138133623581
chr16,6,0,8,0.005201606933113875
chr16,6,1,8,-0.08173421803473678
chr16,6,2,8,0.05817148369631046
chr16,6,3,8,0.1597351948293168
chr16,6,4,8,-0.19768026252294169
chr16,6,5,8,0.004848245740963375
chr16,6,6,8,0.15444253429243243
chr16,6,7,8,0.25082067990610524
chr16,6,8,8,-0.11371665553834395
chr16,6,9,8,-0.08474328979617243
chr16,6,10,8,0.09407925795848149
chr16,6,11,8,-0.008230559558481676
chr16,7,0,8,-0.08084914612951054
chr16,7,1,8,-0.0021185398511047726
chr16,7,2,8,-0.0359841367497044
chr16,7,3,8,0.07091164765632652
chr16,7,4,8,-0.025132501773558066
chr16,7,5,8,0.09861981233305284
chr16,7,6,8,-0.015822120320557603
chr16,7,7,8,0.003989112999514419
chr16,7,8,8,0.05920033382195723
chr16,7,9,8,0.053485368440179676
chr16,7,10,8,-0.10437272082921004
chr16,7,11,8,-0.12383492723511427
chr16,8,0,8,0.0019865115451802237
chr16,8,1,8,0.05878756873536851
chr16,8,2,8,0.16137528458382133
chr16,8,3,8,0.010930826061935378
chr16,8,4,8,-0.09364512163766875
chr16,8,5,8,0.12558724891256395
chr16,8,6,8,0.08021884000166091
chr16,8,7,8,0.05820303589991879
chr16,8,8,8,-0.0038926917738854178
chr16,8,9,8,-0.021917264881476734
chr16,8,10,8,0.07965059218341225
chr16,8,11,8,-0.04004908658225739
chr16,9,0,8,-0.025239569095948766
chr16,9,1,8,0.15792837931619397
chr16,9,2,8,0.17841293269882108
chr16,9,3,8,-0.06283228540003413
chr16,9,4,8,-0.049247352112761225
chr16,9,5,8,-0.0031914330252659634
chr16,9,6,8,-0.1651173034266982
chr16,9,7,8,-0.017178433248316298
chr16,9,8,8,0.06263539281984326
chr16,9,9,8,0.049138501207441704
chr16,9,10,8,0.022072008324121806
chr16,9,11,8,-0.153607504096954
chr16,10,0,8,0.008299181648056597
chr16,10,1,8,0.02398696714679016
chr16,10,2,8,-0.11625192660937263
chr16,10,3,8,0.09046086032854149
chr16,10,4,8,-0.12436456740346921
chr16,10,5,8,-0.009881847328228145
chr16,10,6,8,-0.14065139595405438
chr16,10,7,8,0.11528358349489803
chr16,10,8,8,0.027057632087339224
chr16,10,9,8,0.05813614124083505
chr16,10,10,8,-0.06750209575261248
chr16,10,11,8,0.05968671946596449
chr16,11,0,8,0.06765499572928299
chr16,11,1,8,0.06780420105641707
chr16,11,2,8,0.043284973986823606
chr16,11,3,8,0.12070635663502008
chr16,11,4,8,-0.018088789868520555
chr16,11,5,8,-0.13644422562975617
chr16,11,6,8,-0.08254538323903549
chr16,11,7,8,-0.14098315283481638
chr16,11,8,8,0.0982493097661826
chr16,11,9,8,0.08430653900581986
chr16,11,10,8,-0.09016551184146507
chr16,11,11,8,-0.08956392830443968
chr17,0,0,9,-0.04745755531416359
chr17,0,1,9,-0.0972415707386094
chr17,0,2,9,-0.05334352197864592
chr17,0,3,9,-0.029320891115240628
chr17,0,4,9,-0.13226081843370005
chr17,0,5,9,0.0139427973347255
chr17,0,6,9,0.07159209583581415
chr17,0,7,9,-0.10394991404097677
chr17,0,8,9,-0.0709033085852106
chr17,0,9,9,-0.10158825290719914
chr17,0,10,9,-0.052257858947882437
chr17,0,11,9,-0.023136188806464272
chr17,1,0,9,0.16403398065245633
chr17,1,1,9,-0.07073324605894458
chr17,1,2,9,-0.10283739937296493
chr17,1,3,9,-0.020749667228877645
chr17,1,4,9,0.07546303295618945
chr17,1,5,9,-0.10618472819166619
chr17,1,6,9,0.014503585577585666
chr17,1,7,9,-0.015863234113318622
chr17,1,8,9,-0.1528226762846433
chr17,1,9,9,-0.10824352588521044
chr17,1,10,9,0.18688041128653976
chr17,1,11,9,0.1360114893467656
chr17,2,0,9,-0.05059228743518665
chr17,2,1,9,-0.03984153583778258
chr17,2,2,9,-0.12632587890807123
chr17,2,3,9,-0.10193169809939857
chr17,2,4,9,0.08803676681387902
chr17,2,5,9,-0.011546145433544918
chr17,2,6,9,-0.025788931813560328
chr17,2,7,9,-0.0878214204960976
chr17,2,8,9,0.06648744679805764
chr17,2,9,9,0.011327921937375134
chr17,2,10,9,0.00412472257580454
chr17,2,11,9,-0.041606834349416116
chr17,3,0,9,-0.090825105903989
chr17,3,1,9,0.017853617925974976
chr17,3,2,9,-0.11989203352733153
chr17,3,3,9,-0.1980915842955581
chr17,3,4,9,-0.026505384257571984
chr17,3,5,9,-0.048423757187606005
chr17,3,6,9,-0.09104572611369577
chr17,3,7,9,-0.013416694435513046
chr17,3,8,9,-0.052179568268598264
chr17,3,9,9,0.0765592130668214
chr17,3,10,9,-0.14876375105452005
chr17,3,11,9,0.026045017883136363
chr17,4,0,9,-0.03731944057121222
chr17,4,1,9,0.01934879606340947
chr17,4,2,9,-0.010057325512048212
chr17,4,3,9,-0.06137689240395672
chr17,4,4,9,-0.015041793360940612
chr17,4,5,9,-0.03654285022490683
chr17,4,6,9,-0.07281564681403063
chr17,4,7,9,-0.010998615831247845
chr17,4,8,9,0.07161112027602581
chr17,4,9,9,0.08252783703554376
chr17,4,10,9,0.16812566045388652
chr17,4,11,9,0.02885006613214221
chr17,5,0,9,0.08479005752224929
chr17,5,1,9,-0.011763109249702143
chr17,5,2,9,-0.04958986557594853
chr17,5,3,9,0.051296527465433374
chr17,5,4,9,-0.011194557416475607
chr17,5,5,9,-0.03406151530897664
chr17,5,6,9,-0.05697510988989632
chr17,5,7,9,0.0058621720418682455
chr17,5,8,9,0.04232170211085228
chr17,5,9,9,0.06267742148555476
chr17,5,10,9,0.07227759012963794
chr17,5,11,9,0.03697918928857513
chr17,6,0,9,0.05721106137205504
chr17,6,1,9,0.12057806567173324
chr17,6,2,9,-0.10885728244997481
chr17,6,3,9,-0.14736932237618763
chr17,6,4,9,0.046731614299647
chr17,6,5,9,-0.1916270243628473
chr17,6,6,9,-0.1598844192782271
chr17,6,7,9,-0.0622877980960073
chr17,6,8,9,-0.07120501458404171
chr17,6,9,9,-0.0978838928622429
chr17,6,10,9,-0.005777564829395355
chr17,6,11,9,-0.15930883317793895
chr17,7,0,9,0.12326783429702444
chr17,7,1,9,-0.08849425996689149
chr17,7,2,9,-0.016301424676229408
chr17,7,3,9,-0.1460674027170138
chr17,7,4,9,-0.10674292893380502
chr17,7,5,9,0.15762401854305108
chr17,7,6,9,-0.15727889439267217
chr17,7,7,9,-0.18810508202681608
chr17,7,8,9,-0.10717141091096587
chr17,7,9,9,-0.11588158193657806
chr17,7,10,9,0.09828580683276845
chr17,7,11,9,0.03148063631084982
chr17,8,0,9,0.0797230076255711
chr17,8,1,9,0.08615894041222066
chr17,8,2,9,-0.009468172493790216
chr17,8,3,9,-0.1511077742445014
chr17,8,4,9,0.04973039326298607
chr17,8,5,9,-0.1953078972144244
chr17,8,6,9,0.07118429912980748
chr17,8,7,9,-0.25779566832180856
chr17,8,8,9,0.05779579627355577
chr17,8,9,9,-0.04139949579947536
chr17,8,10,9,-0.007985656139075141
chr17,8,11,9,-0.014511464141155192
chr17,9,0,9,-0.07670841768501295
chr17,9,1,9,0.05931029695463039
chr17,9,2,9,-0.04207734856365101
chr17,9,3,9,0.035298880631894645
chr17,9,4,9,-0.0896300857664384
chr17,9,5,9,0.016436036084342354
chr17,9,6,9,-0.1283788058770487
chr17,9,7,9,-0.015343397370764277
chr17,9,8,9,-0.03657051134962382
chr17,9,9,9,0.08921499521362114
chr17,9,10,9,0.07430309321979177
chr17,9,11,9,-0.019157915221029793
chr17,10,0,9,-0.07409419141761614
chr17,10,1,9,0.04987035750194127
chr17,10,2,9,0.1734112537369138
chr17,10,3,9,-0.05467819532500592
chr17,10,4,9,0.09172595900679005
chr17,10,5,9,0.20625608582492233
chr17,10,6,9,-0.11237692896253756
chr17,10,7,9,-0.14037822818522064
chr17,10,8,9,-0.08320916416870178
chr17,10,9,9,0.057901456113415475
chr17,10,10,9,0.020892353257536214
chr17,10,11,9,0.029924225850041834
chr17,11,0,9,-0.0322993206616833
chr17,11,1,9,0.05040219896133554
chr17,11,2,9,0.030416200889726457
chr17,11,3,9,0.05343543205201553
chr17,11,4,9,0.2189565482622446
chr17,11,5,9,0.07123215625492087
chr17,11,6,9,0.03041459770822866
chr17,11,7,9,0.08796415249220375
chr17,11,8,9,-0.11604849373774198
chr17,11,9,9,0.004576443734670395
chr17,11,10,9,0.018864161966982033
chr17,11,11,9,-0.08380233154773883
chr18,0,0,7,-0.04345619628548349
chr18,0,1,7,-0.23305367009449368
chr18,0,2,7,-0.07911409352458201
chr18,0,3,7,-0.18672656264971374
chr18,0,4,7,-0.2425543753126347
chr18,0,5,7,-0.042213618600010695
chr18,0,6,7,-0.006741512365054149
chr18,0,7,7,-0.057746050566283715
chr18,0,8,7,-0.06886870014331205
chr18,0,9,7,-0.07138830723229408
chr18,0,10,7,-0.16023280001204698
chr18,0,11,7,0.06000254681385336
chr18,1,0,7,-0.0820449147062342
chr18,1,1,7,-0.07322664051191692
chr18,1,2,7,0.04358094860748214
chr18,1,3,7,-0.07515770871512314
chr18,1,4,7,-0.04691965992149132
chr18,1,5,7,-0.09244055482193216
chr18,1,6,7,-0.14153430726933985
chr18,1,7,7,0.05538167915845021
chr18,1,8,7,0.12576524418101206
chr18,1,9,7,-0.22089340889210463
chr18,1,10,7,-0.04199926181264232
chr18,1,11,7,-0.10309437089852468
chr18,2,0,7,-0.02661581751547642
chr18,2,1,7,-0.08179668974300429
chr18,2,2,7,0.19991669399630635
chr18,2,3,7,-0.043621706960060416
chr18,2,4,7,0.15834305345542612
chr18,2,5,7,0.018884348459373573
chr18,2,6,7,-0.0004883232268735842
chr18,2,7,7,-0.0031761954881071746
chr18,2,8,7,-0.009805112324177209
chr18,2,9,7,0.12205898530324252
chr18,2,10,7,-0.11157318752780851
chr18,2,11,7,0.07709931529790903
chr18,3,0,7,-0.04587706539159086
chr18,3,1,7,0.08712201305531007
chr18,3,2,7,0.10695958419498648
chr18,3,3,7,0.12330745646076972
chr18,3,4,7,0.04906490561674574
chr18,3,5,7,0.228810758318936
chr18,3,6,7,-0.01953517725269696
chr18,3,7,7,0.05213922567088084
chr18,3,8,7,-0.052651340429516594
chr18,3,9,7,-0.0073019759874615175
chr18,3,10,7,-0.02266781089845544
chr18,3,11,7,0.08328123628320426
chr18,4,0,7,0.016345004513629618
chr18,4,1,7,0.077316385420281
chr18,4,2,7,0.10155235529973403
chr18,4,3,7,0.09347160918735743
chr18,4,4,7,-0.07881585904202014
chr18,4,5,7,-0.06886043547490209
chr18,4,6,7,-0.033402932134624475
chr18,4,7,7,-0.032861917361415055
chr18,4,8,7,-0.038792963878651436
chr18,4,9,7,0.16341498579374633
chr18,4,10,7,-0.0735932557478277
chr18,4,11,7,-0.06948124432659834
chr18,5,0,7,-0.03889966450930482
chr18,5,1,7,-0.18608086166759824
chr18,5,2,7,-0.09458219446035254
chr18,5,3,7,-0.06365229349142205
chr18,5,4,7,-0.08996733541349568
chr18,5,5,7,-0.0820933892932246
chr18,5,6,7,-0.09156910806285322
chr18,5,7,7,-0.1258237303743917
chr18,5,8,7,-0.15863363463582394
chr18,5,9,7,-0.11982491162996582
chr18,5,10,7,0.07194416600769486
chr18,5,11,7,-0.14897718422590672
chr18,6,0,7,-0.08832802902610004
chr18,6,1,7,-0.1478963901770935
chr18,6,2,7,-0.004930191242494326
chr18,6,3,7,0.0684174699529099
chr18,6,4,7,-0.06877890301550257
chr18,6,5,7,-0.05278540561653812
chr18,6,6,7,0.06966488785319651
chr18,6,7,7,-0.12812369831370277
chr18,6,8,7,-0.24813609331192524
chr18,6,9,7,-0.06406260506186569
chr18,6,10,7,-0.01595939111709293
chr18,6,11,7,0.039665519189692154
chr18,7,0,7,0.008197247845834513
chr18,7,1,7,-0.009287943494779124
chr18,7,2,7,0.08090543853369477
chr18,7,3,7,-0.05743725182542657
chr18,7,4,7,-0.0370496825453947
chr18,7,5,7,-0.10665377983207117
chr18,7,6,7,0.009145227868070229
chr18,7,7,7,0.030083397402969798
chr18,7,8,7,-0.009040887696168133
chr18,7,9,7,-0.006962985804406486
chr18,7,10,7,-0.0066536525416257385
chr18,7,11,7,-0.07978207586476017
chr18,8,0,7,0.11729415297432959
chr18,8,1,7,0.007593617236403528
chr18,8,2,7,0.21473883393181822
chr18,8,3,7,-0.2269723016963889
chr18,8,4,7,-0.13399164293459134
chr18,8,5,7,0.027992897848474838
chr18,8,6,7,-0.03741377578900384
chr18,8,7,7,-0.06252346341676153
chr18,8,8,7,-0.12008195367500361
chr18,8,9,7,0.01167522838600494
chr18,8,10,7,0.05125312176808051
chr18,8,11,7,-0.022307307403554317
chr18,9,0,7,-0.014687045505111653
chr18,9,1,7,0.06931107091973245
chr18,9,2,7,0.046242144499529195
chr18,9,3,7,-0.11870097218935641
chr18,9,4,7,0.015509622212590632
chr18,9,5,7,-0.11173529236180868
chr18,9,6,7,-0.17079391612951636
chr18,9,7,7,-0.11581947406917473
chr18,9,8,7,-0.18716461293775907
chr18,9,9,7,-0.011194885060478435
chr18,9,10,7,-0.03349089299209377
chr18,9,11,7,-0.0076074610917390584
chr18,10,0,7,-0.18075944084074022
chr18,10,1,7,-0.04212512417962015
chr18,10,2,7,-0.053877435900140415
chr18,10,3,7,-0.010082464526407153
chr18,10,4,7,-0.12934165688479976
chr18,10,5,7,-0.05428299527942571
chr18,10,6,7,-0.19518306138021427
chr18,10,7,7,-0.06320269228842845
chr18,10,8,7,-0.0729467120986691
chr18,10,9,7,0.08443580897907008
chr18,10,10,7,-0.196159069893463
chr18,10,11,7,-0.195233322954561
chr18,11,0,7,0.160539792368225
chr18,11,1,7,0.001930661649740793
chr18,11,2,7,0.15973942925877413
chr18,11,3,7,-0.11526695648581589
chr18,11,4,7,0.06315427294760698
chr18,11,5,7,-0.22186513895987162
chr18,11,6,7,-0.18220520804478388
chr18,11,7,7,-0.22463527096815603
chr18,11,8,7,0.1634419824816602
chr18,11,9,7,0.07931505491473936
chr18,11,10,7,-0.0016122255615137332
chr18,11,11,7,-0.09102948743526078
chr19,0,0,9,-0.07633758133058578
chr19,0,1,9,-0.2765771116097715
chr19,0,2,9,0.0629506394552819
chr19,0,3,9,-0.19910936294849582
chr19,0,4,9,-0.08459897748678206
chr19,0,5,9,0.033868545084457545
chr19,0,6,9,-0.004665339109625222
chr19,0,7,9,-0.035682436033389116
chr19,0,8,9,-0.054928215266347113
chr19,0,9,9,-0.08302187254975127
chr19,0,10,9,-0.3505288472861313
chr19,0,11,9,0.02204015991631628
chr19,1,0,9,-0.034666801751084594
chr19,1,1,9,0.030647445939984537
chr19,1,2,9,0.05454319911766877
chr19,1,3,9,-0.12318785510288516
chr19,1,4,9,-0.06885409976959912
chr19,1,5,9,0.09728813002034513
chr19,1,6,9,-0.1947379416826935
chr19,1,7,9,0.13579272356723704
chr19,1,8,9,0.11524150549957057
chr19,1,9,9,0.054485880638763
chr19,1,10,9,-0.12403118699314547
chr19,1,11,9,-0.11361195585264477
chr19,2,0,9,0.12498352511600183
chr19,2,1,9,0.07218397835201243
chr19,2,2,9,0.19429200709784958
chr19,2,3,9,0.1663007790652825
chr19,2,4,9,0.154894683809644
chr19,2,5,9,0.0980804365203128
chr19,2,6,9,0.06006055489598546
chr19,2,7,9,0.20129762687142583
chr19,2,8,9,0.14004342464016895
chr19,2,9,9,0.13173946793838096
chr19,2,10,9,0.09864507067434689
chr19,2,11,9,-0.07415322026795994
chr19,3,0,9,-0.0027042256392366187
chr19,3,1,9,-0.05285728126761212
chr19,3,2,9,-0.018513616098681223
chr19,3,3,9,0.1256503202452256
chr19,3,4,9,0.15884089397556325
chr19,3,5,9,0.011201715803507404
chr19,3,6,9,0.057248838259081794
chr19,3,7,9,0.07556890138017167
chr19,3,8,9,-0.056977864685116925
chr19,3,9,9,-0.11222254671913195
chr19,3,10,9,0.07982034367359331
chr19,3,11,9,0.013644828185857168
chr19,4,0,9,0.1206942992773819
chr19,4,1,9,0.1264327342298034
chr19,4,2,9,0.0825101101581927
chr19,4,3,9,0.05053333627846343
chr19,4,4,9,-0.17189445288528038
chr19,4,5,9,0.07704025802860946
chr19,4,6,9,-0.010295528119004546
chr19,4,7,9,-0.044468424414061784
chr19,4,8,9,-0.03520758759162759
chr19,4,9,9,0.08733221947617995
chr19,4,10,9,-0.09584810960397958
chr19,4,11,9,-0.20294086140493495
chr19,5,0,9,0.015254868504941855
chr19,5,1,9,-0.020485691960523626
chr19,5,2,9,0.1267882225386119
chr19,5,3,9,-0.08325920148082305
chr19,5,4,9,0.11644334210141111
chr19,5,5,9,-0.027201821502307624
chr19,5,6,9,0.1601045267831457
chr19,5,7,9,-0.08118110195879183
chr19,5,8,9,-0.08448338576443007
chr19,5,9,9,0.13008078037622522
chr19,5,10,9,-0.1392663822291752
chr19,5,11,9,-0.038072012585158806
chr19,6,0,9,0.032186616045970826
chr19,6,1,9,-0.05291044368734658
chr19,6,2,9,0.21493529727503174
chr19,6,3,9,0.14203576391892092
chr19,6,4,9,-0.02263035092997962
chr19,6,5,9,0.1497503507766273
chr19,6,6,9,0.13743113339110088
chr19,6,7,9,0.06243526701306322
chr19,6,8,9,0.06735721511513143
chr19,6,9,9,-0.023719978134899147
chr19,6,10,9,0.21965670632024917
chr19,6,11,9,0.006209441337159776
chr19,7,0,9,-0.05128836953359184
chr19,7,1,9,0.05200599442116912
chr19,7,2,9,0.05165178452538552
chr19,7,3,9,0.07223740947232243
chr19,7,4,9,0.06979471716757078
chr19,7,5,9,-0.051749310448522795
chr19,7,6,9,0.00375137869093084
chr19,7,7,9,0.014948374927723555
chr19,7,8,9,0.04161789492292346
chr19,7,9,9,0.0510384847288011
chr19,7,10,9,-0.003985612851645115
chr19,7,11,9,-0.03345304888495647
chr19,8,0,9,0.19462507725787362
chr19,8,1,9,0.12553969883563504
chr19,8,2,9,0.18736404592139222
chr19,8,3,9,-0.0751682440709423
chr19,8,4,9,-0.08627864598774175
chr19,8,5,9,-0.05559898231738419
chr19,8,6,9,-0.05102835193381308
chr19,8,7,9,-0.14016863367046828
chr19,8,8,9,0.06539053222019718
chr19,8,9,9,0.2593233115131277
chr19,8,10,9,0.1307089454001448
chr19,8,11,9,-0.11687749739610591
chr19,9,0,9,0.15780473992590807
chr19,9,1,9,0.15180539871960508
chr19,9,2,9,0.12759726588649387
chr19,9,3,9,0.014778918792522003
chr19,9,4,9,-0.16824680941292722
chr19,9,5,9,-0.015084630091702208
chr19,9,6,9,0.16962889135485376
chr19,9,7,9,-0.07946625424756999
chr19,9,8,9,0.05673984886022686
chr19,9,9,9,0.06109981857559113
chr19,9,10,9,0.16662005241217287
chr19,9,11,9,-0.15077190172749927
chr19,10,0,9,0.09057082809049
chr19,10,1,9,-0.0755790912225194
chr19,10,2,9,-0.14522781935283022
chr19,10,3,9,-0.012778617878880238
chr19,10,4,9,-0.19827482456932521
chr19,10,5,9,-0.10765197657615716
chr19,10,6,9,-0.05720607796858215
chr19,10,7,9,0.03158980926923799
chr19,10,8,9,0.21277403201369688
chr19,10,9,9,-0.07135772834591766
chr19,10,10,9,-0.05239094872157427
chr19,10,11,9,-0.11101337700238594
chr19,11,0,9,0.24289479060983274
chr19,11,1,9,-0.011957934796335508
chr19,11,2,9,-0.03735431932097038
chr19,11,3,9,-0.03548836235995476
chr19,11,4,9,-0.043136191705479755
chr19,11,5,9,-0.10166488189060462
chr19,11,6,9,-0.11676472519898756
chr19,11,7,9,-0.23001721832904445
chr19,11,8,9,0.1540397993834849
chr19,11,9,9,0.07445486472678953
chr19,11,10,9,-0.07438674365893558
chr19,11,11,9,-0.0044316155560719436
chr2,0,0,22,-0.17048586395547
chr2,0,1,22,-0.0738155974364755
chr2,0,2,22,-0.10915142426665748
chr2,0,3,22,-0.08319350268367275
chr2,0,4,22,-0.1349967692998646
chr2,0,5,22,-0.06944308351469129
chr2,0,6,22,0.04563918604446659
chr2,0,7,22,-0.12906563145399755
chr2,0,8,22,-0.18466615680458134
chr2,0,9,22,-0.1058559164618019
chr2,0,10,22,-0.029293295224627182
chr2,0,11,22,-0.08169255356218998
chr2,1,0,22,0.0894647440299997
chr2,1,1,22,-0.22015386360775704
chr2,1,2,22,-0.1289845701298311
chr2,1,3,22,-0.21086835657711409
chr2,1,4,22,-0.14228247023696017
chr2,1,5,22,-0.06731431030317653
chr2,1,6,22,-0.09106066404993624
chr2,1,7,22,0.048113164513686676
chr2,1,8,22,-0.040941247002649644
chr2,1,9,22,-0.17970032349653914
chr2,1,10,22,0.0042686217037991026
chr2,1,11,22,-0.06884930440985339
chr2,2,0,22,-0.13642366771244763
chr2,2,1,22,0.013193536541772006
chr2,2,2,22,-0.10457262444097028
chr2,2,3,22,-0.0951001311212571
chr2,2,4,22,-0.059106974123408235
chr2,2,5,22,-0.13229932135382874
chr2,2,6,22,-0.14994348203037758
chr2,2,7,22,-0.1727826452684461
chr2,2,8,22,-0.2055997050202472
chr2,2,9,22,-0.23788860797741818
chr2,2,10,22,-0.13848305953822435
chr2,2,11,22,-0.04668517640762115
chr2,3,0,22,-0.21491074724463657
chr2,3,1,22,-0.12313834302334228
chr2,3,2,22,-0.08525496491396602
chr2,3,3,22,-0.15598209692596218
chr2,3,4,22,-0.15853773521571352
chr2,3,5,22,-0.019436227074191945
chr2,3,6,22,-0.22992902868205417
chr2,3,7,22,-0.07682021104667726
chr2,3,8,22,-0.1654883944931581
chr2,3,9,22,0.004520945417082458
chr2,3,10,22,-0.17346734171133663
chr2,3,11,22,0.007307892886091324
chr2,4,0,22,-0.05279871351164022
chr2,4,1,22,-0.09154453436665587
chr2,4,2,22,-0.12264461137865555
chr2,4,3,22,-0.04114572751118022
chr2,4,4,22,0.044132697114052745
chr2,4,5,22,0.036692073636843466
chr2,4,6,22,-0.2188565485655105
chr2,4,7,22,-0.22194007322953643
chr2,4,8,22,-0.042621974503138566
chr2,4,9,22,-0.01181850626378324
chr2,4,10,22,-0.14732977980914852
chr2,4,11,22,0.0006641100470414899
chr2,5,0,22,-0.009435139312782136
chr2,5,1,22,-0.2006445146704303
chr2,5,2,22,-0.15469996156501153
chr2,5,3,22,-0.13032187298430056
chr2,5,4,22,-0.09619927840049075
chr2,5,5,22,-0.034020537020057376
chr2,5,6,22,-0.16948979675426346
chr2,5,7,22,-0.07660334877138095
chr2,5,8,22,-0.14652597648351418
chr2,5,9,22,-0.21490496852854052
chr2,5,10,22,0.030912021765811582
chr2,5,11,22,-0.1194445548653048
chr2,6,0,22,-0.0010539714096245054
chr2,6,1,22,-0.11786836597866414
chr2,6,2,22,-0.11838207792014376
chr2,6,3,22,-0.03804858145647301
chr2,6,4,22,-0.054493562024364395
chr2,6,5,22,-0.044187230125397534
chr2,6,6,22,0.07641548905441718
chr2,6,7,22,-0.11895980439206565
chr2,6,8,22,-0.23235173423603755
chr2,6,9,22,0.11074246927754111
chr2,6,10,22,-0.11186175559610291
chr2,6,11,22,0.0929668312375
chr2,7,0,22,0.10092011336541723
chr2,7,1,22,-0.09937925694307413
chr2,7,2,22,-0.02502721221409905
chr2,7,3,22,-0.061217027379070706
chr2,7,4,22,-0.13186407179662604
chr2,7,5,22,-0.004069083267175069
chr2,7,6,22,-0.06210652107401673
chr2,7,7,22,0.017770030660927874
chr2,7,8,22,-0.09381745816808117
chr2,7,9,22,-0.11702089319763477
chr2,7,10,22,0.13538879468389187
chr2,7,11,22,-0.07077180462902338
chr2,8,0,22,0.15639416289945682
chr2,8,1,22,0.012966864109483197
chr2,8,2,22,0.014840900858250879
chr2,8,3,22,-0.08481385684420276
chr2,8,4,22,-0.07201427663952037
chr2,8,5,22,-0.06302245451761392
chr2,8,6,22,-0.10802163112604236
chr2,8,7,22,-0.09907964115722269
chr2,8,8,22,0.11230996639908705
chr2,8,9,22,0.1804197012007042
chr2,8,10,22,-0.1059362652115726
chr2,8,11,22,-0.028994196888410147
chr2,9,0,22,-0.13538012830981264
chr2,9,1,22,0.08450421370721078
chr2,9,2,22,0.04254415514500382
chr2,9,3,22,-0.05076912378578094
chr2,9,4,22,-0.1457083062927274
chr2,9,5,22,-0.11325438800973332
chr2,9,6,22,-0.0949150204311247
chr2,9,7,22,-0.054052534472924726
chr2,9,8,22,0.08043085941801216
chr2,9,9,22,0.18914892141267245
chr2,9,10,22,0.08183401315508813
chr2,9,11,22,-0.01761098865453843
chr2,10,0,22,0.08682881299285004
chr2,10,1,22,-0.057288784394115104
chr2,10,2,22,0.12982459073760497
chr2,10,3,22,0.04517422054257502
chr2,10,4,22,0.03425349380607714
chr2,10,5,22,0.04331941381983128
chr2,10,6,22,-0.10550028524126387
chr2,10,7,22,-0.13091651973890367
chr2,10,8,22,0.09672787733734513
chr2,10,9,22,0.21530281340683805
chr2,10,10,22,-0.14190968948423485
chr2,10,11,22,0.06546639929435931
chr2,11,0,22,0.14401169976875192
chr2,11,1,22,-0.05108656323699965
chr2,11,2,22,0.11678491582227934
chr2,11,3,22,-0.06362203415383288
chr2,11,4,22,0.00024423052438275625
chr2,11,5,22,-0.08844622875521567
chr2,11,6,22,-0.1022073527638037
chr2,11,7,22,-0.02889689611690731
chr2,11,8,22,0.04391688744947805
chr2,11,9,22,-0.050426001932137116
chr2,11,10,22,0.1008602659907373
chr2,11,11,22,0.002689436333797222
chr20,0,0,10,-0.03729174518647207
chr20,0,1,10,-0.0528037944403839
chr20,0,2,10,-0.037970059879902346
chr20,0,3,10,-0.09325253776186156
chr20,0,4,10,-0.18738147227550367
chr20,0,5,10,0.04561494088299427
chr20,0,6,10,0.09705590910386505
chr20,0,7,10,-0.117677742409551
chr20,0,8,10,-0.20182017324054016
chr20,0,9,10,-0.028987919582087185
chr20,0,10,10,-0.0824385005243105
chr20,0,11,10,-0.032458725082625574
chr20,1,0,10,0.01873334377339681
chr20,1,1,10,0.00636566663288356
chr20,1,2,10,0.0100694214771458
chr20,1,3,10,0.03649437501721179
chr20,1,4,10,0.006221617133291757
chr20,1,5,10,0.05609497124375529
chr20,1,6,10,0.23722968385891727
chr20,1,7,10,0.09890427758609795
chr20,1,8,10,-0.03726143442750676
chr20,1,9,10,0.027852164621210474
chr20,1,10,10,0.10703500904327026
chr20,1,11,10,0.02188265664462568
chr20,2,0,10,0.08327151506721134
chr20,2,1,10,0.06197828318548546
chr20,2,2,10,0.023542551512033338
chr20,2,3,10,0.024622018883922635
chr20,2,4,10,0.07166416882999127
chr20,2,5,10,0.09056511772083657
chr20,2,6,10,-0.14359701969174873
chr20,2,7,10,0.08531159569410338
chr20,2,8,10,0.07287318740186984
chr20,2,9,10,-0.10851727520398755
chr20,2,10,10,0.01987541171554904
chr20,2,11,10,0.015721824105974815
chr20,3,0,10,0.07333189556247344
chr20,3,1,10,0.15867002669857855
chr20,3,2,10,0.016757350798305336
chr20,3,3,10,0.051135611494768515
chr20,3,4,10,0.003143383798161245
chr20,3,5,10,0.15424321267599522
chr20,3,6,10,0.0008463436391346557
chr20,3,7,10,1.1773307029286361e-05
chr20,3,8,10,0.001522507281072294
chr20,3,9,10,-0.08341880307512949
chr20,3,10,10,0.0478509809064407
chr20,3,11,10,-0.12638496285912776
chr20,4,0,10,0.15086058685955905
chr20,4,1,10,0.1371324318323634
chr20,4,2,10,0.0911946481897008
chr20,4,3,10,-0.15369398201000092
chr20,4,4,10,0.15678080013597054
chr20,4,5,10,0.05646834675622904
chr20,4,6,10,-0.06277122931029848
chr20,4,7,10,0.04365079436482107
chr20,4,8,10,0.18229837081201639
chr20,4,9,10,-0.0830341189156018
chr20,4,10,10,0.013854466353974738
chr20,4,11,10,0.009033919205307595
chr20,5,0,10,0.25175946377853875
chr20,5,1,10,0.15615938131929077
chr20,5,2,10,0.28733877498620386
chr20,5,3,10,0.16204229528177297
chr20,5,4,10,0.0035124952998101698
chr20,5,5,10,0.12063548252702846
chr20,5,6,10,0.04039669913757584
chr20,5,7,10,0.01298615020677411
chr20,5,8,10,0.1746894855700397
chr20,5,9,10,0.011176324936700711
chr20,5,10,10,-0.02024008744755878
chr20,5,11,10,0.0238993882130617
chr20,6,0,10,0.22624117359033075
chr20,6,1,10,0.0726105816493742
chr20,6,2,10,0.01400253653632513
chr20,6,3,10,0.005219139776197368
chr20,6,4,10,0.060011941574454455
chr20,6,5,10,-0.12450963442649976
chr20,6,6,10,0.0757534112805113
chr20,6,7,10,-0.1100701729000344
chr20,6,8,10,-0.03651843789272038
chr20,6,9,10,-0.04357922172128302
chr20,6,10,10,0.1627070870630632
chr20,6,11,10,-0.21110131946959637
chr20,7,0,10,-0.051871586538188484
chr20,7,1,10,0.08246845990026767
chr20,7,2,10,-0.017892746441995365
chr20,7,3,10,-0.0694623983480328
chr20,7,4,10,-0.0710218271958021
chr20,7,5,10,-0.06955361913951383
chr20,7,6,10,-0.21315656851514458
chr20,7,7,10,-0.07236860785051259
chr20,7,8,10,0.07780006772111778
chr20,7,9,10,0.0933478784739871
chr20,7,10,10,-0.05240977689766069
chr20,7,11,10,-0.08504387364286761
chr20,8,0,10,0.0052716470793319845
chr20,8,1,10,0.19796093410056262
chr20,8,2,10,0.08400717138263206
chr20,8,3,10,-0.04643431898125248
chr20,8,4,10,0.06142923803349352
chr20,8,5,10,-0.14087458971678263
chr20,8,6,10,0.04344302556666019
chr20,8,7,10,-0.006136558751486635
chr20,8,8,10,0.24380532711843758
chr20,8,9,10,0.20717735164831336
chr20,8,10,10,0.06524142572911032
chr20,8,11,10,-0.0632744835092934
chr20,9,0,10,0.127674673544247
chr20,9,1,10,0.22049559377643538
chr20,9,2,10,0.15209329839487798
chr20,9,3,10,0.10410333982913411
chr20,9,4,10,-0.11804287296101383
chr20,9,5,10,0.03459882934236212
chr20,9,6,10,0.018556612722825352
chr20,9,7,10,0.05057505317607556
chr20,9,8,10,0.22572421302875473
chr20,9,9,10,0.21999607626622203
chr20,9,10,10,0.34676652951709414
chr20,9,11,10,0.012326415817776392
chr20,10,0,10,0.17857744566802308
chr20,10,1,10,0.09648304056869265
chr20,10,2,10,0.1700999483808923
chr20,10,3,10,0.09553664624308053
chr20,10,4,10,0.21052277197975808
chr20,10,5,10,0.2229770786337871
chr20,10,6,10,0.10677090057763013
chr20,10,7,10,0.007431059763535799
chr20,10,8,10,0.14452688090868815
chr20,10,9,10,0.10055083814800561
chr20,10,10,10,0.06631711034180146
chr20,10,11,10,0.25908519243082484
chr20,11,0,10,0.18023201145721263
chr20,11,1,10,-0.0002228785475843431
chr20,11,2,10,0.16877665883653428
chr20,11,3,10,0.11482786140229344
chr20,11,4,10,0.000725048890948507
chr20,11,5,10,0.12504722483966144
chr20,11,6,10,0.05553176727437541
chr20,11,7,10,-0.07770530872565218
chr20,11,8,10,-0.02497641234206364
chr20,11,9,10,-0.02049711042050643
chr20,11,10,10,0.021984900638297864
chr20,11,11,10,0.057174096494682705
chr21,0,0,2,-0.13049038890490633
chr21,0,1,2,0.07305578386981948
chr21,0,2,2,0.058976610029650725
chr21,0,3,2,-0.17205758728022658
chr21,0,4,2,-0.21957285515566194
chr21,0,5,2,0.03357554534043191
chr21,0,6,2,0.08767600937876852
chr21,0,7,2,0.21894706104472036
chr21,0,8,2,-0.32452573494084774
chr21,0,9,2,-0.12027298018024046
chr21,0,10,2,-0.009427698479113303
chr21,0,11,2,0.0403873164978112
chr21,1,0,2,-0.3497348521661613
chr21,1,1,2,0.010545631964028763
chr21,1,2,2,0.25845509749963175
chr21,1,3,2,0.17053543464423485
chr21,1,4,2,-0.05181537224199087
chr21,1,5,2,0.08664309897783028
chr21,1,6,2,0.39301213403717516
chr21,1,7,2,0.4213001855383234
chr21,1,8,2,0.39557801494078987
chr21,1,9,2,0.22170993670244826
chr21,1,10,2,0.16452967140977026
chr21,1,11,2,-0.3414073097922299
chr21,2,0,2,-0.11511529281198622
chr21,2,1,2,0.38301436494671554
chr21,2,2,2,0.330767609616003
chr21,2,3,2,0.21697408291817172
chr21,2,4,2,-0.19868237373972164
chr21,2,5,2,0.30354862072521777
chr21,2,6,2,-0.23137948289893023
chr21,2,7,2,0.19816360665503568
chr21,2,8,2,0.29349250697536916
chr21,2,9,2,-0.3186601361238663
chr21,2,10,2,-0.515879349216211
chr21,2,11,2,0.03688376295165721
chr21,3,0,2,-0.08469692789636206
chr21,3,1,2,0.34207045314931916
chr21,3,2,2,0.5836152270418018
chr21,3,3,2,0.2282219322067065
chr21,3,4,2,-0.26013154188277465
chr21,3,5,2,0.449273074295452
chr21,3,6,2,-0.13369991313083762
chr21,3,7,2,0.07498562674598666
chr21,3,8,2,0.34964109211748945
chr21,3,9,2,-0.21839410911093632
chr21,3,10,2,0.027009727749845037
chr21,3,11,2,-0.41943995924737454
chr21,4,0,2,-0.04725024421243845
chr21,4,1,2,-0.1839253392402275
chr21,4,2,2,-0.17841571460542188
chr21,4,3,2,-0.350254194324195
chr21,4,4,2,-0.2637438144363826
chr21,4,5,2,0.3486286267305506
chr21,4,6,2,-0.07122547104065677
chr21,4,7,2,0.05084236340907938
chr21,4,8,2,-0.23685365920657653
chr21,4,9,2,-0.408443118664292
chr21,4,10,2,0.36949826385600687
chr21,4,11,2,0.04625594589891033
chr21,5,0,2,0.2088969917684087
chr21,5,1,2,0.09242846041284711
chr21,5,2,2,0.404598043433012
chr21,5,3,2,-0.0267546394891941
chr21,5,4,2,-0.16995449600282297
chr21,5,5,2,0.20229415116636384
chr21,5,6,2,-0.07317274241763438
chr21,5,7,2,0.23224122005698605
chr21,5,8,2,-0.122506008286365
chr21,5,9,2,-0.22228692068350972
chr21,5,10,2,-0.19453999736373379
chr21,5,11,2,0.018293038249408533
chr21,6,0,2,0.4139266854091204
chr21,6,1,2,0.3368235868468833
chr21,6,2,2,0.5849679826171907
chr21,6,3,2,0.12578758899647083
chr21,6,4,2,0.20759423243812525
chr21,6,5,2,-0.17017808219132963
chr21,6,6,2,0.30965769828194833
chr21,6,7,2,0.05325649526258064
chr21,6,8,2,-0.06229849036384927
chr21,6,9,2,-0.25792786003233814
chr21,6,10,2,0.43874227770617213
chr21,6,11,2,-0.11752387643506704
chr21,7,0,2,-0.4308655959633091
chr21,7,1,2,0.3236581730273437
chr21,7,2,2,0.21910637549618986
chr21,7,3,2,0.3177800329380005
chr21,7,4,2,-0.30281834317622924
chr21,7,5,2,0.10358936569090485
chr21,7,6,2,0.054374622951829266
chr21,7,7,2,0.26188212671282435
chr21,7,8,2,0.4291649982038389
chr21,7,9,2,0.44254943668299984
chr21,7,10,2,-0.4267098471928495
chr21,7,11,2,0.3694416123806798
chr21,8,0,2,-0.15005565692182252
chr21,8,1,2,0.19772128658487903
chr21,8,2,2,-0.04229484328676085
chr21,8,3,2,0.2131373027409739
chr21,8,4,2,0.29523672184977157
chr21,8,5,2,0.11027019959673892
chr21,8,6,2,0.43756472139165803
chr21,8,7,2,0.07826757596338649
chr21,8,8,2,-0.1784584018962372
chr21,8,9,2,-0.3315357206740294
chr21,8,10,2,0.3634065447540862
chr21,8,11,2,-0.1571163504517165
chr21,9,0,2,0.08390639173700101
chr21,9,1,2,0.018606606567014794
chr21,9,2,2,0.22908891644526863
chr21,9,3,2,0.32654854092031627
chr21,9,4,2,0.10879935557841199
chr21,9,5,2,0.09505579541191433
chr21,9,6,2,-0.1232025352319019
chr21,9,7,2,0.18338276781905044
chr21,9,8,2,-0.23075175602191736
chr21,9,9,2,-0.14316995542164163
chr21,9,10,2,-0.17028144278378227
chr21,9,11,2,0.21793361741367678
chr21,10,0,2,-0.25588374289167504
chr21,10,1,2,0.15400685023388272
chr21,10,2,2,-0.024658852046804222
chr21,10,3,2,0.4966834057072293
chr21,10,4,2,0.3634487727520527
chr21,10,5,2,0.43344670299184973
chr21,10,6,2,0.04849561037572833
chr21,10,7,2,-0.11372558039746775
chr21,10,8,2,-0.22696981402968114
chr21,10,9,2,0.055453781932359225
chr21,10,10,2,0.1756239712781394
chr21,10,11,2,0.43750372417254774
chr21,11,0,2,-0.03451573205273438
chr21,11,1,2,-0.09480073975524048
chr21,11,2,2,0.08541914801975012
chr21,11,3,2,0.1849997409050932
chr21,11,4,2,0.39790294862656045
chr21,11,5,2,0.4363987121563573
chr21,11,6,2,-0.15769056983217222
chr21,11,7,2,0.256104123901
chr21,11,8,2,-0.45728799455170754
chr21,11,9,2,-0.23688844609008014
chr21,11,10,2,0.09452503728846778
chr21,11,11,2,-0.08107638302720449
chr22,0,0,1,0.17889579618321094
chr22,0,1,1,0.7076376428448589
chr22,0,2,1,0.01667564758501867
chr22,0,3,1,0.18538898698723588
chr22,0,4,1,0.3084468541350736
chr22,0,5,1,0.5766562634009834
chr22,0,6,1,0.30943729725965574
chr22,0,7,1,0.34421263718184403
chr22,0,8,1,0.1992139832135546
chr22,0,9,1,0.497375101609493
chr22,0,10,1,0.10136763996290032
chr22,0,11,1,0.45291810649860076
chr22,1,0,1,-0.5975605518727896
chr22,1,1,1,0.0882921808200981
chr22,1,2,1,0.532930955662869
chr22,1,3,1,0.34998981288260855
chr22,1,4,1,0.45332961122484233
chr22,1,5,1,0.49740824979603027
chr22,1,6,1,0.20224130810880292
chr22,1,7,1,-0.31130473851036117
chr22,1,8,1,0.6061946978366208
chr22,1,9,1,0.36670447471309675
chr22,1,10,1,-0.7612886308268659
chr22,1,11,1,-0.5067810999360757
chr22,2,0,1,0.17015510282279694
chr22,2,1,1,0.14325874440860026
chr22,2,2,1,0.05160305132922638
chr22,2,3,1,0.5410619216141493
chr22,2,4,1,-0.16507617907294575
chr22,2,5,1,0.3245257944698643
chr22,2,6,1,0.590196907891205
chr22,2,7,1,0.6946633203699157
chr22,2,8,1,-0.1476154655492422
chr22,2,9,1,0.0806460717938017
chr22,2,10,1,0.4356127876163964
chr22,2,11,1,-0.5066996285580456
chr22,3,0,1,0.33683293576139506
chr22,3,1,1,-0.2857511988951543
chr22,3,2,1,-0.03741912874501399
chr22,3,3,1,0.9479004166115461
chr22,3,4,1,0.19971082758578995
chr22,3,5,1,-0.5439472564820762
chr22,3,6,1,0.15664947519328784
chr22,3,7,1,0.2604980639274571
chr22,3,8,1,0.17547403058008731
chr22,3,9,1,-0.26888388084071885
chr22,3,10,1,0.058605773851530596
chr22,3,11,1,-0.3743088887853507
chr22,4,0,1,0.09063924809050222
chr22,4,1,1,0.1627897325194333
chr22,4,2,1,0.43466082734768285
chr22,4,3,1,0.06715681022303194
chr22,4,4,1,0.22360670302947178
chr22,4,5,1,-0.421150652513969
chr22,4,6,1,-0.15657922520986603
chr22,4,7,1,0.7728953375081802
chr22,4,8,1,0.891862205220944
chr22,4,9,1,0.15080377180271692
chr22,4,10,1,0.21630898842141255
chr22,4,11,1,0.5414931987224324
chr22,5,0,1,0.5414798442559713
chr22,5,1,1,0.39169677359022165
chr22,5,2,1,0.416961688648561
chr22,5,3,1,0.4506020651985641
chr22,5,4,1,-0.002158992889149558
chr22,5,5,1,0.4459531331590447
chr22,5,6,1,-0.343284143037026
chr22,5,7,1,0.19939496475650767
chr22,5,8,1,0.3204742515555799
chr22,5,9,1,0.4030853960724352
chr22,5,10,1,-0.3936854072869268
chr22,5,11,1,0.07497134150737264
chr22,6,0,1,0.670927589073341
chr22,6,1,1,-0.2610413628799807
chr22,6,2,1,0.306046419360195
chr22,6,3,1,0.12147684163253047
chr22,6,4,1,0.3779192550644003
chr22,6,5,1,-0.4174023935122847
chr22,6,6,1,0.22870904791412988
chr22,6,7,1,-0.6138249813920549
chr22,6,8,1,0.07962404695027446
chr22,6,9,1,-0.1314075873466239
chr22,6,10,1,0.18131492243033143
chr22,6,11,1,-0.1949871348390398
chr22,7,0,1,-0.4282725061545023
chr22,7,1,1,0.38787927024104074
chr22,7,2,1,-0.10763362656966441
chr22,7,3,1,0.25638199515527893
chr22,7,4,1,-0.02203810517219318
chr22,7,5,1,-0.2715104745175346
chr22,7,6,1,0.24793049542722195
chr22,7,7,1,0.16897892192382452
chr22,7,8,1,0.4417580950762857
chr22,7,9,1,0.4209769739652979
chr22,7,10,1,-0.545073138615665
chr22,7,11,1,0.182809388799202
chr22,8,0,1,0.055801895711923954
chr22,8,1,1,-0.030545971860406806
chr22,8,2,1,0.17452983983713133
chr22,8,3,1,-0.005957472333101177
chr22,8,4,1,0.2384888445142282
chr22,8,5,1,0.03746036415667309
chr22,8,6,1,-0.09588122977704261
chr22,8,7,1,0.3520560372910842
chr22,8,8,1,0.10548852870993677
chr22,8,9,1,0.3308301779975763
chr22,8,10,1,0.08076052765859637
chr22,8,11,1,0.12010934468854717
chr22,9,0,1,-0.21528452954317168
chr22,9,1,1,0.3167864387476653
chr22,9,2,1,0.14699454467458503
chr22,9,3,1,0.2401138344176858
chr22,9,4,1,0.05691977429335894
chr22,9,5,1,0.39042165439949794
chr22,9,6,1,-0.11186608665963917
chr22,9,7,1,0.20424365373261855
chr22,9,8,1,0.4432200445845344
chr22,9,9,1,0.6449365913782146
chr22,9,10,1,-0.26265276925050807
chr22,9,11,1,0.36136988270045484
chr22,10,0,1,-0.15281157965161207
chr22,10,1,1,0.09456700584248828
chr22,10,2,1,0.2590298084963001
chr22,10,3,1,0.05114620529178382
chr22,10,4,1,0.16859083378151649
chr22,10,5,1,-0.05273798699863074
chr22,10,6,1,-0.31335858897149854
chr22,10,7,1,0.26178854234140236
chr22,10,8,1,0.5832126053668705
chr22,10,9,1,0.036600157457274296
chr22,10,10,1,-0.008941167207965728
chr22,10,11,1,0.3546440262758349
chr22,11,0,1,0.09942013632445865
chr22,11,1,1,-0.11913042196627832
chr22,11,2,1,0.07673303925741129
chr22,11,3,1,-0.037125028543206845
chr22,11,4,1,0.06376484098199939
chr22,11,5,1,0.02355233478702607
chr22,11,6,1,-0.06268741286924523
chr22,11,7,1,-0.18065912275470106
chr22,11,8,1,-0.045181808297199255
chr22,11,9,1,-0.49833747947521206
chr22,11,10,1,-0.24370094738000636
chr22,11,11,1,-0.13591617440365417
chr3,0,0,17,-0.03020179774013924
chr3,0,1,17,-0.016839397604955862
chr3,0,2,17,-0.09816175823629539
chr3,0,3,17,-0.0027588239185202777
chr3,0,4,17,-0.024446020068975872
chr3,0,5,17,-0.029526770694511928
chr3,0,6,17,0.014240036132275062
chr3,0,7,17,-0.08694108092904564
chr3,0,8,17,-0.015755779433907074
chr3,0,9,17,-0.01893033951287884
chr3,0,10,17,0.04155880225578444
chr3,0,11,17,-0.05891573291035524
chr3,1,0,17,0.04115160602242871
chr3,1,1,17,-0.09173416593256391
chr3,1,2,17,-0.08870213286653104
chr3,1,3,17,-0.02952990127139569
chr3,1,4,17,0.011411876571274912
chr3,1,5,17,-0.11960113236979515
chr3,1,6,17,-0.01977265341269404
chr3,1,7,17,-0.007936114451826163
chr3,1,8,17,-0.07496770189583225
chr3,1,9,17,-0.015994726193567812
chr3,1,10,17,0.10605686783501209
chr3,1,11,17,0.057241809658467764
chr3,2,0,17,0.0054702110719329605
chr3,2,1,17,0.08562118322776374
chr3,2,2,17,0.009764884983721111
chr3,2,3,17,-0.1322767672315007
chr3,2,4,17,0.050878497452180364
chr3,2,5,17,-0.006719124494887102
chr3,2,6,17,-0.021481952368070198
chr3,2,7,17,-0.01278097976678067
chr3,2,8,17,0.003719067536617694
chr3,2,9,17,-0.038672667965029384
chr3,2,10,17,-0.06776945257626209
chr3,2,11,17,0.00028356773938046953
chr3,3,0,17,0.0917915310691934
chr3,3,1,17,0.07697741231738595
chr3,3,2,17,-0.06082640762781709
chr3,3,3,17,-0.08656596805081693
chr3,3,4,17,-0.06384979202967908
chr3,3,5,17,0.02233027350481876
chr3,3,6,17,0.06232220105406309
chr3,3,7,17,0.015973622443895084
chr3,3,8,17,0.08237594356910882
chr3,3,9,17,0.06269761991870579
chr3,3,10,17,-0.010459148466327828
chr3,3,11,17,0.09309308341983116
chr3,4,0,17,-0.010321450449667358
chr3,4,1,17,-0.10424308123502202
chr3,4,2,17,-0.1120695767642974
chr3,4,3,17,0.03138820197971147
chr3,4,4,17,-0.016897662725949607
chr3,4,5,17,-0.02126549783694633
chr3,4,6,17,-0.05741149301335045
chr3,4,7,17,-0.03489250118306151
chr3,4,8,17,0.016047051096785604
chr3,4,9,17,0.11911012298386542
chr3,4,10,17,0.02311329018197052
chr3,4,11,17,0.046089318312243804
chr3,5,0,17,0.05948190803009876
chr3,5,1,17,-0.0104253618935744
chr3,5,2,17,-0.024863715475530096
chr3,5,3,17,0.03388084482154736
chr3,5,4,17,0.042935678791080706
chr3,5,5,17,0.10593210122141997
chr3,5,6,17,0.10262791388354503
chr3,5,7,17,0.015033102249665305
chr3,5,8,17,-0.029314909275135824
chr3,5,9,17,-0.002577609580436461
chr3,5,10,17,0.12113323239133388
chr3,5,11,17,0.03261843100421233
chr3,6,0,17,-0.044048678769595125
chr3,6,1,17,0.04271411418262587
chr3,6,2,17,0.04465117420580328
chr3,6,3,17,0.03872158301220294
chr3,6,4,17,0.0034212907955346815
chr3,6,5,17,0.08007928680424531
chr3,6,6,17,0.10696504956471171
chr3,6,7,17,0.02194263379090271
chr3,6,8,17,0.03437946908523241
chr3,6,9,17,0.12261965113665785
chr3,6,10,17,0.008491433488748997
chr3,6,11,17,0.11628872267926908
chr3,7,0,17,0.07199704425586842
chr3,7,1,17,-0.047953030474036595
chr3,7,2,17,-0.19284948348129732
chr3,7,3,17,0.012772524556701578
chr3,7,4,17,0.013752252634245758
chr3,7,5,17,0.04330245284511065
chr3,7,6,17,-0.03555319296840015
chr3,7,7,17,0.053472885391319926
chr3,7,8,17,-0.07462098508377014
chr3,7,9,17,-0.07534931853245096
chr3,7,10,17,0.07040618357119927
chr3,7,11,17,0.06303217846883027
chr3,8,0,17,0.04564494781260203
chr3,8,1,17,-0.20917890133076694
chr3,8,2,17,-0.023316773979509434
chr3,8,3,17,0.032867322879367326
chr3,8,4,17,0.1394801261518144
chr3,8,5,17,0.0995010869139422
chr3,8,6,17,-0.02716672127319923
chr3,8,7,17,0.043149063026460245
chr3,8,8,17,-0.19424170616398076
chr3,8,9,17,0.004525074621747025
chr3,8,10,17,-0.20060988837606922
chr3,8,11,17,0.10798717723808304
chr3,9,0,17,-0.05276855619103251
chr3,9,1,17,-0.1338769395413228
chr3,9,2,17,-0.09605772865390272
chr3,9,3,17,0.061839667729906074
chr3,9,4,17,0.055610469967853245
chr3,9,5,17,0.0006251228215531891
chr3,9,6,17,-0.015077732582037942
chr3,9,7,17,0.0060800515497645945
chr3,9,8,17,-0.0580559398821124
chr3,9,9,17,-0.0949773372985176
chr3,9,10,17,-0.20170086315587982
chr3,9,11,17,-0.11328156807750585
chr3,10,0,17,-0.002032729777870305
chr3,10,1,17,-0.06318884003023952
chr3,10,2,17,0.07714142353342705
chr3,10,3,17,-0.004880051364793227
chr3,10,4,17,0.015286479826629356
chr3,10,5,17,0.056484289855896805
chr3,10,6,17,0.05682732274319866
chr3,10,7,17,0.06365641811630994
chr3,10,8,17,-0.013825600198703705
chr3,10,9,17,0.044155294253775824
chr3,10,10,17,0.012397842147570984
chr3,10,11,17,0.013136999050401364
chr3,11,0,17,-0.013547350154791624
chr3,11,1,17,0.03134949079062097
chr3,11,2,17,-0.07097875248690916
chr3,11,3,17,-0.06727111586968651
chr3,11,4,17,0.021245708700026216
chr3,11,5,17,0.033328551804179804
chr3,11,6,17,0.08514333064306759
chr3,11,7,17,0.03761667116417431
chr3,11,8,17,-0.019349583991911754
chr3,11,9,17,-0.019848731150984594
chr3,11,10,17,0.0031548366730126333
chr3,11,11,17,-0.05025208377927354
chr4,0,0,8,-0.1718298124952957
chr4,0,1,8,0.01332078295937296
chr4,0,2,8,-0.1182142117230934
chr4,0,3,8,0.07361976775382523
chr4,0,4,8,-0.05433964751876026
chr4,0,5,8,-0.13947906562002466
chr4,0,6,8,-0.07741504134512608
chr4,0,7,8,-0.11370901635143993
chr4,0,8,8,-0.3131058679005604
chr4,0,9,8,-0.22251556132324635
chr4,0,10,8,0.02678569961321081
chr4,0,11,8,-0.1895042583374525
chr4,1,0,8,-0.13306640246778537
chr4,1,1,8,0.09424284331179181
chr4,1,2,8,0.053440431586159964
chr4,1,3,8,-0.003171080662022841
chr4,1,4,8,0.0847704328861022
chr4,1,5,8,0.05454609049756415
chr4,1,6,8,0.16177021905315916
chr4,1,7,8,-0.14649961197294176
chr4,1,8,8,0.1170993116037998
chr4,1,9,8,-0.04183138757114695
chr4,1,10,8,-0.04856292207669744
chr4,1,11,8,-0.1332587276592802
chr4,2,0,8,-0.09511268152647809
chr4,2,1,8,-0.17823758899557068
chr4,2,2,8,0.04511448908729061
chr4,2,3,8,0.022128408706450775
chr4,2,4,8,-0.19445688417933985
chr4,2,5,8,0.0054597111141695825
chr4,2,6,8,-0.0723579658335683
chr4,2,7,8,-0.21922083992956012
chr4,2,8,8,-0.11513483642713163
chr4,2,9,8,-0.04736723830873946
chr4,2,10,8,-0.03803642083138198
chr4,2,11,8,0.002482635003210547
chr4,3,0,8,-0.05376058647234584
chr4,3,1,8,-0.153918488644262
chr4,3,2,8,-0.0017161432118193432
chr4,3,3,8,-0.029086234304448663
chr4,3,4,8,-0.11608990503810404
chr4,3,5,8,-0.1677768275854773
chr4,3,6,8,-0.12567123563796068
chr4,3,7,8,-0.11638177603669705
chr4,3,8,8,-0.07699867330298904
chr4,3,9,8,-0.17252743616714764
chr4,3,10,8,0.03561536898839146
chr4,3,11,8,-0.23514807872030402
chr4,4,0,8,-0.18124840919399188
chr4,4,1,8,-0.015285849634481874
chr4,4,2,8,-0.0058795119435055485
chr4,4,3,8,-0.13685165044942638
chr4,4,4,8,-0.03490905935534573
chr4,4,5,8,-0.07897757739060045
chr4,4,6,8,0.05561862378951584
chr4,4,7,8,0.051890013565394376
chr4,4,8,8,-0.05662062160468385
chr4,4,9,8,0.007534172882168982
chr4,4,10,8,-0.009901468362213992
chr4,4,11,8,-0.09214081996640514
chr4,5,0,8,-0.018052080617270393
chr4,5,1,8,-0.1534063559068006
chr4,5,2,8,0.09202081376749599
chr4,5,3,8,-0.06162031554836959
chr4,5,4,8,-0.047726325201320106
chr4,5,5,8,-0.11465436661610336
chr4,5,6,8,0.021838644877511082
chr4,5,7,8,-0.02425292216852005
chr4,5,8,8,-0.15816339422835585
chr4,5,9,8,-0.08510533017370686
chr4,5,10,8,-0.12379765918935218
chr4,5,11,8,-0.07330429120186856
chr4,6,0,8,0.12563373330937458
chr4,6,1,8,-0.04482778154204634
chr4,6,2,8,-0.04590535106371235
chr4,6,3,8,0.15523771879360518
chr4,6,4,8,-0.18266617766969462
chr4,6,5,8,-0.17696934503203002
chr4,6,6,8,0.08996945377764803
chr4,6,7,8,-0.06661711555866193
chr4,6,8,8,-0.12464627137359309
chr4,6,9,8,-0.03307429741182144
chr4,6,10,8,0.10969165795128667
chr4,6,11,8,-0.05373379990254837
chr4,7,0,8,-0.17120866055441755
chr4,7,1,8,0.11746409767529499
chr4,7,2,8,-0.015180651776519415
chr4,7,3,8,0.11970159294631522
chr4,7,4,8,-0.001162864987397004
chr4,7,5,8,-0.17832190556885347
chr4,7,6,8,0.13378155527590274
chr4,7,7,8,0.14632748629776443
chr4,7,8,8,0.1635818883202243
chr4,7,9,8,0.1691973958700179
chr4,7,10,8,-0.14708328599494533
chr4,7,11,8,-0.07895484513941757
chr4,8,0,8,-0.14327088123543874
chr4,8,1,8,-0.0013107327039856564
chr4,8,2,8,-0.07348566388635719
chr4,8,3,8,-0.054174536305892376
chr4,8,4,8,-0.12746221336576052
chr4,8,5,8,-0.062334720375975934
chr4,8,6,8,-0.1361691109035719
chr4,8,7,8,-0.04087166075501487
chr4,8,8,8,0.12945166295706034
chr4,8,9,8,0.1191790956520781
chr4,8,10,8,0.11172228341272339
chr4,8,11,8,-0.20190428882192027
chr4,9,0,8,-0.04704252647043318
chr4,9,1,8,0.1650456020489965
chr4,9,2,8,0.15601460895165226
chr4,9,3,8,-0.26020003430471716
chr4,9,4,8,-0.1491252060517867
chr4,9,5,8,-0.21656005186668065
chr4,9,6,8,-0.03832976342637559
chr4,9,7,8,-0.032304544015369474
chr4,9,8,8,-0.028543028459987477
chr4,9,9,8,0.15313306454813655
chr4,9,10,8,0.0581226227038211
chr4,9,11,8,0.01826818111310159
chr4,10,0,8,0.024582842453324483
chr4,10,1,8,0.02633273375746198
chr4,10,2,8,-0.016598951070604814
chr4,10,3,8,0.020980483116393375
chr4,10,4,8,-0.0574527754078411
chr4,10,5,8,0.07197430047146093
chr4,10,6,8,-0.17251747953048788
chr4,10,7,8,-0.12459380576843626
chr4,10,8,8,0.03416295253780419
chr4,10,9,8,0.01968093976803996
chr4,10,10,8,-0.1400029412446322
chr4,10,11,8,-0.11869396542960631
chr4,11,0,8,0.01250633797333884
chr4,11,1,8,0.04491771667750004
chr4,11,2,8,-0.02413224689873479
chr4,11,3,8,-0.062328468343448296
chr4,11,4,8,-0.07732864762523847
chr4,11,5,8,-0.11584358372693668
chr4,11,6,8,-0.1777269337439748
chr4,11,7,8,-0.1529829483407295
chr4,11,8,8,0.0014487825424311755
chr4,11,9,8,-0.08979584949867733
chr4,11,10,8,-0.009881350992265212
chr4,11,11,8,-0.09783966333900065
chr5,0,0,15,-0.13266351819223451
chr5,0,1,15,-0.06524536150008667
chr5,0,2,15,-0.06104216657214925
chr5,0,3,15,-0.007729509912118516
chr5,0,4,15,0.02906150049885064
chr5,0,5,15,0.05728105809482086
chr5,0,6,15,0.04637194914734875
chr5,0,7,15,-0.0056051784380492945
chr5,0,8,15,-0.10409392671170446
chr5,0,9,15,-0.04700062791922237
chr5,0,10,15,0.06019365439171399
chr5,0,11,15,-0.037273471461331954
chr5,1,0,15,-0.15647627296622343
chr5,1,1,15,-0.043567974740057934
chr5,1,2,15,0.08163921821035719
chr5,1,3,15,-0.059046852627557565
chr5,1,4,15,-0.033350628681690996
chr5,1,5,15,0.1910165759215351
chr5,1,6,15,0.10242858314457783
chr5,1,7,15,0.1751203221163358
chr5,1,8,15,0.15423667209764952
chr5,1,9,15,-0.0666664809899764
chr5,1,10,15,-0.026215345158215872
chr5,1,11,15,-0.07641470142255725
chr5,2,0,15,-0.09760716758260342
chr5,2,1,15,0.026943407498968452
chr5,2,2,15,-0.005816791076319694
chr5,2,3,15,-0.020599917062152535
chr5,2,4,15,0.08683356619395083
chr5,2,5,15,-0.016183661858744258
chr5,2,6,15,-0.05405493440496561
chr5,2,7,15,0.04976196007379594
chr5,2,8,15,-0.13908979460423673
chr5,2,9,15,-0.04383106344659078
chr5,2,10,15,-0.0878467132862148
chr5,2,11,15,-0.023689581031374345
chr5,3,0,15,-0.11102097506878783
chr5,3,1,15,-0.0658994952837606
chr5,3,2,15,0.09883738103769821
chr5,3,3,15,0.07582358101000032
chr5,3,4,15,-0.1041775675259153
chr5,3,5,15,0.05470191786888988
chr5,3,6,15,-0.12829568082727139
chr5,3,7,15,0.06634400060830639
chr5,3,8,15,-0.08485114097689486
chr5,3,9,15,-0.013635323184501388
chr5,3,10,15,-0.14946585419805683
chr5,3,11,15,0.013876819860825385
chr5,4,0,15,-0.030110429357950066
chr5,4,1,15,-0.034982873099610116
chr5,4,2,15,-0.08961941618348586
chr5,4,3,15,0.1227969919915738
chr5,4,4,15,0.08309580375515906
chr5,4,5,15,0.07179642468176987
chr5,4,6,15,-0.034213293957838786
chr5,4,7,15,0.05833826022169662
chr5,4,8,15,-0.043657679990312476
chr5,4,9,15,0.09357576773765022
chr5,4,10,15,-0.11438332834261943
chr5,4,11,15,0.07624923763461486
chr5,5,0,15,-0.036540414374529075
chr5,5,1,15,-0.13355430466621188
chr5,5,2,15,-0.16299236112562998
chr5,5,3,15,-0.13375511823652342
chr5,5,4,15,-0.20043547232040607
chr5,5,5,15,0.07088327677897457
chr5,5,6,15,0.036989654254381395
chr5,5,7,15,-0.0019926490663693605
chr5,5,8,15,-0.07331162839627815
chr5,5,9,15,-0.11193972410940499
chr5,5,10,15,0.10951595098105
chr5,5,11,15,-0.03037120999961564
chr5,6,0,15,-0.0376302853437067
chr5,6,1,15,0.021746051731302316
chr5,6,2,15,0.05485298157948774
chr5,6,3,15,0.08656915461669183
chr5,6,4,15,0.07693787778017783
chr5,6,5,15,-0.06421662876568984
chr5,6,6,15,0.007150611903698478
chr5,6,7,15,-0.03547996853456643
chr5,6,8,15,-0.03771783912133548
chr5,6,9,15,0.01485255142214532
chr5,6,10,15,0.03328699916555101
chr5,6,11,15,0.11038215242676314
chr5,7,0,15,0.026839674044634446
chr5,7,1,15,-0.057947893572495815
chr5,7,2,15,0.12058312947611118
chr5,7,3,15,-0.05440294136921677
chr5,7,4,15,-0.08358138712648391
chr5,7,5,15,-0.012291080330412547
chr5,7,6,15,0.08829547987243304
chr5,7,7,15,-0.043099876036919185
chr5,7,8,15,-0.023545669125495723
chr5,7,9,15,-0.0330838708059495
chr5,7,10,15,0.020521570136371247
chr5,7,11,15,-0.06850612496981165
chr5,8,0,15,0.10920986065382081
chr5,8,1,15,0.04164358106713073
chr5,8,2,15,-0.011767223703667807
chr5,8,3,15,-0.0344595426688932
chr5,8,4,15,0.13882899159925857
chr5,8,5,15,0.10939359949227653
chr5,8,6,15,0.013628640306129735
chr5,8,7,15,0.01055003956779415
chr5,8,8,15,0.039092578421603276
chr5,8,9,15,0.018537171787380815
chr5,8,10,15,-0.0030683390908135583
chr5,8,11,15,0.05097604393410496
chr5,9,0,15,-0.10062840300816688
chr5,9,1,15,0.03805394991338375
chr5,9,2,15,0.025211212642384892
chr5,9,3,15,0.06926900710717297
chr5,9,4,15,-0.015016510567953025
chr5,9,5,15,0.152491783100567
chr5,9,6,15,0.012128841697947156
chr5,9,7,15,0.04977987425374908
chr5,9,8,15,-0.029210895995888594
chr5,9,9,15,0.092708167565001
chr5,9,10,15,0.0545215082298363
chr5,9,11,15,-0.11221349518338916
chr5,10,0,15,-0.06332898803339712
chr5,10,1,15,-0.1470643475104059
chr5,10,2,15,-0.05707339440336254
chr5,10,3,15,0.08877666500345921
chr5,10,4,15,-0.02461138028169689
chr5,10,5,15,-0.05402023582133674
chr5,10,6,15,-0.04008532157891388
chr5,10,7,15,-0.09211032508253313
chr5,10,8,15,0.007514998731695062
chr5,10,9,15,0.07624562851541976
chr5,10,10,15,-0.11455352251622111
chr5,10,11,15,0.052457546115507236
chr5,11,0,15,0.04895231118942773
chr5,11,1,15,-0.04548535699226594
chr5,11,2,15,-0.014937228792116812
chr5,11,3,15,0.0769897954654871
chr5,11,4,15,0.053235481593505087
chr5,11,5,15,0.015164451763772664
chr5,11,6,15,-0.04553268542646656
chr5,11,7,15,-0.007356056713215488
chr5,11,8,15,-0.023482039059325263
chr5,11,9,15,-0.006867996363390277
chr5,11,10,15,0.03961409859696789
chr5,11,11,15,-0.00361829062071047
chr6,0,0,24,-0.03014158436866993
chr6,0,1,24,0.0344035029034249
chr6,0,2,24,-0.029521482180152606
chr6,0,3,24,0.04115186039914707
chr6,0,4,24,0.0028622558402919183
chr6,0,5,24,-0.01607424654860682
chr6,0,6,24,-0.03508296960441822
chr6,0,7,24,0.03880834276665272
chr6,0,8,24,0.03131383393022396
chr6,0,9,24,-0.07484693309978341
chr6,0,10,24,0.02011652887942505
chr6,0,11,24,-0.002124092690188302
chr6,1,0,24,0.03409974366306188
chr6,1,1,24,-0.16136971338513298
chr6,1,2,24,-0.14199003077396097
chr6,1,3,24,-0.09658222176262447
chr6,1,4,24,-0.01133916137400981
chr6,1,5,24,-0.13296615257871297
chr6,1,6,24,-0.07041021561278625
chr6,1,7,24,-0.03696365295846426
chr6,1,8,24,-0.050559687369689375
chr6,1,9,24,-0.13331093567022875
chr6,1,10,24,-0.01781427342236912
chr6,1,11,24,-0.037264117553647065
chr6,2,0,24,-0.11646806942268582
chr6,2,1,24,-0.16116516076283346
chr6,2,2,24,-0.04560107145128617
chr6,2,3,24,-0.06144722012209262
chr6,2,4,24,-0.146636069413822
chr6,2,5,24,0.00852673225486447
chr6,2,6,24,-0.03207961253425106
chr6,2,7,24,-0.06757319114482867
chr6,2,8,24,-0.1254532873768737
chr6,2,9,24,-0.041158620671146263
chr6,2,10,24,0.001122620879934431
chr6,2,11,24,-0.12561706623231533
chr6,3,0,24,-0.06088223219158632
chr6,3,1,24,-0.20939051382189452
chr6,3,2,24,-0.14148897458387688
chr6,3,3,24,-0.1283134981297469
chr6,3,4,24,-0.17005533353084834
chr6,3,5,24,-0.15087768567420007
chr6,3,6,24,-0.06670587438088808
chr6,3,7,24,-0.12017905724566741
chr6,3,8,24,-0.12048833548017389
chr6,3,9,24,0.03446276059061727
chr6,3,10,24,-0.09055763820268738
chr6,3,11,24,0.03019917901479699
chr6,4,0,24,-0.09421647284038359
chr6,4,1,24,-0.05612717325179778
chr6,4,2,24,-0.07759452831404096
chr6,4,3,24,0.08265618353394448
chr6,4,4,24,0.11635379975751335
chr6,4,5,24,0.008499543812882107
chr6,4,6,24,-0.042736290968276525
chr6,4,7,24,-0.054942497808733594
chr6,4,8,24,-0.003245369195354305
chr6,4,9,24,0.06480027707207031
chr6,4,10,24,-0.10314600653926193
chr6,4,11,24,-0.012315678011266892
chr6,5,0,24,-0.11889821833405652
chr6,5,1,24,-0.09684537746342788
chr6,5,2,24,-0.1392877301453589
chr6,5,3,24,-0.1958726028050806
chr6,5,4,24,-0.1991409062738547
chr6,5,5,24,0.03805025734364492
chr6,5,6,24,-0.10523575025747993
chr6,5,7,24,-0.13289162129951332
chr6,5,8,24,-0.046291910417314786
chr6,5,9,24,-0.05772025254869614
chr6,5,10,24,0.0004391707171878719
chr6,5,11,24,-0.15931647794025908
chr6,6,0,24,-0.06192972156873685
chr6,6,1,24,-0.10753939568682397
chr6,6,2,24,-0.12686037050131246
chr6,6,3,24,-0.060964465986027096
chr6,6,4,24,-0.058495339669560165
chr6,6,5,24,-0.016172954876571118
chr6,6,6,24,-0.004717551170696531
chr6,6,7,24,0.0061688748233100455
chr6,6,8,24,-0.09909550627772128
chr6,6,9,24,0.12742064216644652
chr6,6,10,24,-0.14629426877399831
chr6,6,11,24,0.08798051788944346
chr6,7,0,24,0.09938005796242759
chr6,7,1,24,-0.17337915469686102
chr6,7,2,24,-0.007872658598658802
chr6,7,3,24,-0.18249891463409687
chr6,7,4,24,-0.14680077294366872
chr6,7,5,24,-0.004618344601410362
chr6,7,6,24,-0.0773733148197273
chr6,7,7,24,-0.16348297502817088
chr6,7,8,24,-0.09936566673859681
chr6,7,9,24,-0.11821741338842497
chr6,7,10,24,0.06006012888120537
chr6,7,11,24,-0.10099183840883706
chr6,8,0,24,0.0072264946812452035
chr6,8,1,24,0.04065043317443542
chr6,8,2,24,-0.011415099639127327
chr6,8,3,24,-0.10858868248150617
chr6,8,4,24,-0.027379056052926527
chr6,8,5,24,-0.08277502544992993
chr6,8,6,24,-0.12795442736240806
chr6,8,7,24,-0.10059234015923875
chr6,8,8,24,0.0471654265936749
chr6,8,9,24,-0.08725600286120472
chr6,8,10,24,0.0010035860769872877
chr6,8,11,24,0.013857230722968773
chr6,9,0,24,-0.13912758263456138
chr6,9,1,24,0.18139725865972303
chr6,9,2,24,0.13312548387384876
chr6,9,3,24,-0.026187175535347326
chr6,9,4,24,-0.1007436660596625
chr6,9,5,24,-0.052567790054546905
chr6,9,6,24,-0.1598838746927583
chr6,9,7,24,-0.10072750971494993
chr6,9,8,24,-0.05488360591952385
chr6,9,9,24,0.06897873234347983
chr6,9,10,24,0.03182317483084062
chr6,9,11,24,-0.13232463901603073
chr6,10,0,24,0.0248366847221249
chr6,10,1,24,-0.029832429955082534
chr6,10,2,24,0.07544308529626786
chr6,10,3,24,-0.034431158245185084
chr6,10,4,24,-0.04863276519842213
chr6,10,5,24,-0.07172304769146763
chr6,10,6,24,-0.08610570265477013
chr6,10,7,24,-0.12966865639087902
chr6,10,8,24,0.0912119777182162
chr6,10,9,24,0.07898799531939647
chr6,10,10,24,-0.16225999301083974
chr6,10,11,24,-0.12165459194578686
chr6,11,0,24,-0.04297637123131043
chr6,11,1,24,-0.08189985127274906
chr6,11,2,24,-0.07243703208963549
chr6,11,3,24,-0.0790623058162207
chr6,11,4,24,-0.02907349893140498
chr6,11,5,24,-0.0866076634986382
chr6,11,6,24,-0.14177797950207352
chr6,11,7,24,-0.09721463764299688
chr6,11,8,24,0.0023672374575306235
chr6,11,9,24,-0.09168124112304836
chr6,11,10,24,-0.02085487058801747
chr6,11,11,24,-0.03790453049325413
chr7,0,0,11,-0.20292968834454267
chr7,0,1,11,-0.020720548837155097
chr7,0,2,11,-0.026458341617120153
chr7,0,3,11,-0.02476690574506889
chr7,0,4,11,0.024364290801166553
chr7,0,5,11,0.03859383611669301
chr7,0,6,11,0.14982154859078703
chr7,0,7,11,-0.18755254388229411
chr7,0,8,11,-0.04451989011822644
chr7,0,9,11,-0.1776508745764234
chr7,0,10,11,-0.04788160721035823
chr7,0,11,11,0.06085564683817867
chr7,1,0,11,0.13676484035508274
chr7,1,1,11,-0.32820517975173813
chr7,1,2,11,-0.158788075425242
chr7,1,3,11,-0.24861404085561842
chr7,1,4,11,-0.2331259985136467
chr7,1,5,11,0.05637322047402531
chr7,1,6,11,-0.11434322042640002
chr7,1,7,11,0.00514273623153717
chr7,1,8,11,-0.22059967749829168
chr7,1,9,11,-0.26705594433638163
chr7,1,10,11,-0.035203266777469655
chr7,1,11,11,0.0378097724967458
chr7,2,0,11,0.005374538498516813
chr7,2,1,11,-0.055605459466494755
chr7,2,2,11,-0.14105801272438173
chr7,2,3,11,-0.11751463187308414
chr7,2,4,11,0.06609867875451693
chr7,2,5,11,-0.17274775890723443
chr7,2,6,11,-0.15094445375203286
chr7,2,7,11,0.1712089442798252
chr7,2,8,11,-0.05225680236064245
chr7,2,9,11,-0.0099333607857503
chr7,2,10,11,-0.03699766141798275
chr7,2,11,11,-0.11144707278584455
chr7,3,0,11,-0.13559306962012127
chr7,3,1,11,-0.16324033567484333
chr7,3,2,11,-0.1348025818042857
chr7,3,3,11,-0.19433400765336192
chr7,3,4,11,-0.19508946419631404
chr7,3,5,11,0.02789708071189547
chr7,3,6,11,-0.17080640128221966
chr7,3,7,11,-0.047134287222489954
chr7,3,8,11,-0.18176198699524165
chr7,3,9,11,0.3428362787295331
chr7,3,10,11,-0.33770472330337714
chr7,3,11,11,0.3061047794695218
chr7,4,0,11,0.009243407530173265
chr7,4,1,11,-0.1848100763822604
chr7,4,2,11,-0.2610308089801539
chr7,4,3,11,0.23510679593107406
chr7,4,4,11,-0.1098944685075463
chr7,4,5,11,-0.10194057595883929
chr7,4,6,11,-0.08561704992329484
chr7,4,7,11,-0.11589016595232021
chr7,4,8,11,-0.007433086521932475
chr7,4,9,11,0.2772880967715359
chr7,4,10,11,-0.1557095259677953
chr7,4,11,11,-0.09565553997562372
chr7,5,0,11,-0.054395759117150305
chr7,5,1,11,-0.1542997827564106
chr7,5,2,11,-0.462698296833887
chr7,5,3,11,-0.25126980484474964
chr7,5,4,11,-0.22627194798022973
chr7,5,5,11,0.14300271007810042
chr7,5,6,11,-0.1433728990121602
chr7,5,7,11,-0.09382747472023066
chr7,5,8,11,-0.13092636229826005
chr7,5,9,11,-0.18921429286244776
chr7,5,10,11,0.19418412434771257
chr7,5,11,11,-0.120167649188181
chr7,6,0,11,-0.11828199148142224
chr7,6,1,11,0.05959094818610743
chr7,6,2,11,-0.07876457615633144
chr7,6,3,11,0.1548200187265608
chr7,6,4,11,0.038771375528711044
chr7,6,5,11,0.003645218541447655
chr7,6,6,11,-0.049651424342242116
chr7,6,7,11,0.06817071976703594
chr7,6,8,11,-0.13856183859141014
chr7,6,9,11,0.36678057766043587
chr7,6,10,11,-0.05047718678078157
chr7,6,11,11,0.33167721476912715
chr7,7,0,11,0.4352302315757754
chr7,7,1,11,-0.33690624750449244
chr7,7,2,11,-0.0283289514963081
chr7,7,3,11,-0.27044042056836165
chr7,7,4,11,-0.22712116783241604
chr7,7,5,11,0.05697993948933047
chr7,7,6,11,-0.1491087471097168
chr7,7,7,11,-0.12243254553422368
chr7,7,8,11,-0.41672665104027007
chr7,7,9,11,-0.41913929446976256
chr7,7,10,11,0.4292425017581742
chr7,7,11,11,-0.047605676570153625
chr7,8,0,11,-0.14301902215087342
chr7,8,1,11,-0.25758801888674693
chr7,8,2,11,-0.16745263607063063
chr7,8,3,11,0.06720379028007097
chr7,8,4,11,0.26395876709067173
chr7,8,5,11,0.17448024176649288
chr7,8,6,11,-0.17329948574782036
chr7,8,7,11,-0.1101329771750888
chr7,8,8,11,-0.279054835384556
chr7,8,9,11,-0.32842942359410754
chr7,8,10,11,-0.3529216144223833
chr7,8,11,11,0.36695760945160494
chr7,9,0,11,-0.4661381084711081
chr7,9,1,11,-0.20625790115458312
chr7,9,2,11,-0.01929913120787344
chr7,9,3,11,0.1417827857644663
chr7,9,4,11,-0.0344292666406313
chr7,9,5,11,-0.11159066427889104
chr7,9,6,11,-0.22003647256997663
chr7,9,7,11,-0.05428732577407587
chr7,9,8,11,-0.3019088270234262
chr7,9,9,11,-0.12131312093113453
chr7,9,10,11,-0.268691388086345
chr7,9,11,11,0.02548431406773031
chr7,10,0,11,-0.19463782638516888
chr7,10,1,11,-0.40544426532248773
chr7,10,2,11,0.03736501948983898
chr7,10,3,11,-0.10102006575843431
chr7,10,4,11,0.03780583242951539
chr7,10,5,11,0.10528047439908109
chr7,10,6,11,0.0035975814448261163
chr7,10,7,11,-0.19471864848921233
chr7,10,8,11,0.15436726042028337
chr7,10,9,11,0.15018032368295078
chr7,10,10,11,-0.19911905039290528
chr7,10,11,11,-0.07334492161393585
chr7,11,0,11,0.20584966642841412
chr7,11,1,11,-0.25775092084530166
chr7,11,2,11,0.1346211145897274
chr7,11,3,11,-0.21180788923952554
chr7,11,4,11,0.0689246955851507
chr7,11,5,11,0.02206322058349898
chr7,11,6,11,-0.19085640209434657
chr7,11,7,11,-0.0014327809438826106
chr7,11,8,11,0.1712048016753004
chr7,11,9,11,-0.14032734798910482
chr7,11,10,11,-0.08831071225904008
chr7,11,11,11,-0.19250846256254164
chr8,0,0,13,-0.014098999433139277
chr8,0,1,13,-0.04166319306255036
chr8,0,2,13,0.09556340900279867
chr8,0,3,13,-0.0065732662921609885
chr8,0,4,13,0.1109940643156779
chr8,0,5,13,0.060527036412992834
chr8,0,6,13,-0.07745688621131021
chr8,0,7,13,0.11464141721508134
chr8,0,8,13,0.11614751530741857
chr8,0,9,13,0.08301571509510329
chr8,0,10,13,-0.10785955296248667
chr8,0,11,13,0.0007512508607505908
chr8,1,0,13,0.0171582744239234
chr8,1,1,13,-0.06274329604830281
chr8,1,2,13,-0.1244643566766558
chr8,1,3,13,0.007740698209086832
chr8,1,4,13,-0.15931822890493008
chr8,1,5,13,-0.0917391267905192
chr8,1,6,13,-0.13700430233517563
chr8,1,7,13,0.024185763967796724
chr8,1,8,13,-0.04858048554164566
chr8,1,9,13,-0.019842824119159407
chr8,1,10,13,-0.2052353638384367
chr8,1,11,13,-0.01525176885194081
chr8,2,0,13,0.023820276286054484
chr8,2,1,13,0.05744263505751034
chr8,2,2,13,0.09042269736521455
chr8,2,3,13,-0.05016107095403212
chr8,2,4,13,0.11479486624973503
chr8,2,5,13,-0.015546100219416844
chr8,2,6,13,0.0540512701878263
chr8,2,7,13,-0.00471500452239123
chr8,2,8,13,0.0017220713577595147
chr8,2,9,13,0.008182989984935078
chr8,2,10,13,-0.03963324880613984
chr8,2,11,13,0.04023373742470481
chr8,3,0,13,0.04113835178372516
chr8,3,1,13,-0.0024039318018328907
chr8,3,2,13,-0.03743424504581706
chr8,3,3,13,-0.07623376403462379
chr8,3,4,13,-0.0541294258057127
chr8,3,5,13,-0.021554091456985985
chr8,3,6,13,0.0030468113978125047
chr8,3,7,13,0.025097575300694605
chr8,3,8,13,-0.00753828847669561
chr8,3,9,13,0.051730140809884875
chr8,3,10,13,-0.0050631439460857314
chr8,3,11,13,0.15083352761357388
chr8,4,0,13,-0.02514683502955932
chr8,4,1,13,-0.01161725104592163
chr8,4,2,13,-0.002357324824863808
chr8,4,3,13,0.15938513935255677
chr8,4,4,13,-0.005527328058252115
chr8,4,5,13,-0.08128992187153845
chr8,4,6,13,-0.039832221325796106
chr8,4,7,13,0.058419558304266636
chr8,4,8,13,0.10820301442623315
chr8,4,9,13,0.04990814563175032
chr8,4,10,13,-0.01799126436340691
chr8,4,11,13,0.014272243259720969
chr8,5,0,13,0.04343891433509238
chr8,5,1,13,0.059523954034586025
chr8,5,2,13,0.05567905605736333
chr8,5,3,13,0.10229485540327457
chr8,5,4,13,0.025092241437583374
chr8,5,5,13,-0.008788126932689875
chr8,5,6,13,0.12474825561296024
chr8,5,7,13,0.10443548307064013
chr8,5,8,13,0.059828599348312195
chr8,5,9,13,-0.011317237504893152
chr8,5,10,13,0.14615792281892823
chr8,5,11,13,0.12362142254324299
chr8,6,0,13,0.042711825706124945
chr8,6,1,13,0.12933489929053327
chr8,6,2,13,0.08903970307886075
chr8,6,3,13,0.1017301454928574
chr8,6,4,13,0.024324338612696894
chr8,6,5,13,-0.021159704425771378
chr8,6,6,13,0.03342975498885147
chr8,6,7,13,0.001437413481182242
chr8,6,8,13,0.02785905913768904
chr8,6,9,13,0.04586531567972208
chr8,6,10,13,0.08623153786678905
chr8,6,11,13,0.07828025762749902
chr8,7,0,13,0.09333236249631309
chr8,7,1,13,-0.08669217563972066
chr8,7,2,13,0.0347371655249425
chr8,7,3,13,-0.048534578036384626
chr8,7,4,13,-0.060004963300766864
chr8,7,5,13,0.15981541466923266
chr8,7,6,13,0.02353540220755964
chr8,7,7,13,-0.14618184196196615
chr8,7,8,13,-0.08796444832837855
chr8,7,9,13,-0.09387847250514933
chr8,7,10,13,0.07482870878032101
chr8,7,11,13,0.04310490617287359
chr8,8,0,13,0.11990058784638401
chr8,8,1,13,0.05173604371918428
chr8,8,2,13,0.14873409814204785
chr8,8,3,13,-0.002947695261533466
chr8,8,4,13,0.1316770989268483
chr8,8,5,13,0.07058722400749264
chr8,8,6,13,0.003849042688174809
chr8,8,7,13,0.13478006490466235
chr8,8,8,13,0.0531891921176908
chr8,8,9,13,0.137748728686884
chr8,8,10,13,-0.014431711389472711
chr8,8,11,13,0.1053785409461204
chr8,9,0,13,-0.12780594147001909
chr8,9,1,13,0.016754050519613477
chr8,9,2,13,0.0688740390305549
chr8,9,3,13,0.07285164338872097
chr8,9,4,13,-0.07739697700196231
chr8,9,5,13,0.07706318047498553
chr8,9,6,13,0.011920849101627174
chr8,9,7,13,0.08198207907449079
chr8,9,8,13,-0.03700155538782536
chr8,9,9,13,-0.030259403423990174
chr8,9,10,13,-0.10399566214787173
chr8,9,11,13,-0.0069640927052702145
chr8,10,0,13,0.028453364946992594
chr8,10,1,13,-0.12459539965914253
chr8,10,2,13,-0.03741904759567586
chr8,10,3,13,0.037381505193058
chr8,10,4,13,-0.037569044507122534
chr8,10,5,13,-0.021336837140644792
chr8,10,6,13,0.017304085897437975
chr8,10,7,13,-0.05915742075795816
chr8,10,8,13,-0.02853140770690586
chr8,10,9,13,0.005124734407717179
chr8,10,10,13,0.04388657934025613
chr8,10,11,13,-0.0674491829768117
chr8,11,0,13,0.030312820502169262
chr8,11,1,13,-0.07407541936099699
chr8,11,2,13,-0.1357447844001667
chr8,11,3,13,0.03651924270347437
chr8,11,4,13,-0.23924830008027465
chr8,11,5,13,-0.004593708291027206
chr8,11,6,13,-0.14188929702447592
chr8,11,7,13,-0.08840617635387016
chr8,11,8,13,0.03293953392220865
chr8,11,9,13,-0.12683201996349977
chr8,11,10,13,0.009404216791942427
chr8,11,11,13,-0.08591052907666041
chr9,0,0,8,0.10525885587175332
chr9,0,1,8,0.05432613266836839
chr9,0,2,8,0.15157653338366447
chr9,0,3,8,0.08527003462799623
chr9,0,4,8,0.101657669350211
chr9,0,5,8,0.04019822904117318
chr9,0,6,8,0.02793291671096465
chr9,0,7,8,0.13894099867574414
chr9,0,8,8,0.0548550507203094
chr9,0,9,8,0.054386438793304695
chr9,0,10,8,-0.00918166417075221
chr9,0,11,8,0.053054812470450255
chr9,1,0,8,0.0005436237246576464
chr9,1,1,8,-0.05267837712241984
chr9,1,2,8,-0.08822153369147094
chr9,1,3,8,-0.007325823507830759
chr9,1,4,8,0.05562246572208115
chr9,1,5,8,-0.02369331530328564
chr9,1,6,8,-0.02944353921474984
chr9,1,7,8,0.3363903735247097
chr9,1,8,8,0.19904183570498363
chr9,1,9,8,-0.052977543569505126
chr9,1,10,8,-0.2193178680389275
chr9,1,11,8,-0.19360440032220289
chr9,2,0,8,-0.15246504512917208
chr9,2,1,8,0.09451677051434744
chr9,2,2,8,0.16787213925572358
chr9,2,3,8,0.1478814581218341
chr9,2,4,8,0.09743613969744823
chr9,2,5,8,0.16490694573698372
chr9,2,6,8,0.01602172088175291
chr9,2,7,8,0.17120855520164663
chr9,2,8,8,-0.07117383610476594
chr9,2,9,8,-0.07873595331693335
chr9,2,10,8,0.007806476079003796
chr9,2,11,8,0.045790279259968515
chr9,3,0,8,-0.1267516242485521
chr9,3,1,8,-0.1759936292738656
chr9,3,2,8,-0.06580081060640364
chr9,3,3,8,0.25121592137213944
chr9,3,4,8,-0.03478380152130696
chr9,3,5,8,-0.07925495999285251
chr9,3,6,8,0.04150520733844903
chr9,3,7,8,-0.16039680718449284
chr9,3,8,8,-0.2505612533930184
chr9,3,9,8,-0.290634820403316
chr9,3,10,8,0.18813013934439551
chr9,3,11,8,-0.13070081912394635
chr9,4,0,8,-0.012137348493752117
chr9,4,1,8,0.09955784531018773
chr9,4,2,8,0.09643186460590487
chr9,4,3,8,-0.038238740137642516
chr9,4,4,8,-0.011671676027668922
chr9,4,5,8,0.14456541186882377
chr9,4,6,8,-0.19424435941869755
chr9,4,7,8,0.027126623984435633
chr9,4,8,8,-0.16771019632678455
chr9,4,9,8,0.04907867300203242
chr9,4,10,8,-0.11483302894182629
chr9,4,11,8,-0.10886726863262937
chr9,5,0,8,0.13121375651842584
chr9,5,1,8,-0.00034267803038927347
chr9,5,2,8,0.08848244991329596
chr9,5,3,8,-0.12740988781748025
chr9,5,4,8,0.010857247942155299
chr9,5,5,8,0.04756032147748645
chr9,5,6,8,-0.025861581765899908
chr9,5,7,8,0.16807914850539102
chr9,5,8,8,-0.021282673022285273
chr9,5,9,8,-0.13023417988691585
chr9,5,10,8,-0.1570555958112192
chr9,5,11,8,-0.08233988830097565
chr9,6,0,8,-0.0032443029844121327
chr9,6,1,8,-0.27103460992048795
chr9,6,2,8,0.25529060574112816
chr9,6,3,8,-0.059549926495575875
chr9,6,4,8,-0.12706953739638208
chr9,6,5,8,-0.016604547152611157
chr9,6,6,8,0.048782026244373076
chr9,6,7,8,-0.2380579016252688
chr9,6,8,8,-0.1524659288219355
chr9,6,9,8,-0.2334927964935307
chr9,6,10,8,-0.10663179044643244
chr9,6,11,8,-0.09787899235450645
chr9,7,0,8,-0.18918752021480795
chr9,7,1,8,0.03864370587394394
chr9,7,2,8,0.2708329875644056
chr9,7,3,8,-0.004703057162930423
chr9,7,4,8,-0.0698571902603804
chr9,7,5,8,0.006934599331189131
chr9,7,6,8,0.08652621400561306
chr9,7,7,8,-0.20523790831490402
chr9,7,8,8,0.12704982763410805
chr9,7,9,8,0.11929195695732987
chr9,7,10,8,-0.29722935618840324
chr9,7,11,8,-0.24278623644118158
chr9,8,0,8,0.14548422445579917
chr9,8,1,8,0.13807254464114757
chr9,8,2,8,0.17743560593989438
chr9,8,3,8,-0.13818337532866704
chr9,8,4,8,-0.0715237959229438
chr9,8,5,8,-0.18301040976919508
chr9,8,6,8,0.0321082011817557
chr9,8,7,8,-0.14892581149651973
chr9,8,8,8,0.1137894422570523
chr9,8,9,8,0.2756554824395091
chr9,8,10,8,0.13166187761516662
chr9,8,11,8,-0.2939888289853166
chr9,9,0,8,0.0968779872247414
chr9,9,1,8,0.3398202940715463
chr9,9,2,8,0.3151449590000687
chr9,9,3,8,-0.030277253154790906
chr9,9,4,8,-0.10619776365274028
chr9,9,5,8,0.17160447810649512
chr9,9,6,8,0.07105099073781584
chr9,9,7,8,0.14415191293792284
chr9,9,8,8,0.44109889424730175
chr9,9,9,8,0.23068719527819517
chr9,9,10,8,0.26986263604154703
chr9,9,11,8,0.04553592344163705
chr9,10,0,8,0.2278975105448114
chr9,10,1,8,0.2891841385965907
chr9,10,2,8,-0.029432657742043053
chr9,10,3,8,0.2183277080301207
chr9,10,4,8,-0.14212122906283947
chr9,10,5,8,-0.08405089225829666
chr9,10,6,8,-0.05013444081548318
chr9,10,7,8,0.1275189108331508
chr9,10,8,8,0.27148677223434114
chr9,10,9,8,0.11021083159083345
chr9,10,10,8,-0.09860987086755521
chr9,10,11,8,0.12030100240605397
chr9,11,0,8,0.2699675723319503
chr9,11,1,8,0.2732460432642432
chr9,11,2,8,0.15476018844884526
chr9,11,3,8,0.06815781393593714
chr9,11,4,8,0.10358589539181379
chr9,11,5,8,0.05123463281007408
chr9,11,6,8,-0.04570133011698432
chr9,11,7,8,-0.08171073641983824
chr9,11,8,8,0.22263633339487374
chr9,11,9,8,0.1747952962733797
chr9,11,10,8,0.12531326843329976
chr9,11,11,8,0.31178322909997724
chrX,0,0,12,-0.0913745478234143
chrX,0,1,12,-0.12327640291370222
chrX,0,2,12,0.03032060654609803
chrX,0,3,12,-0.16032142051309137
chrX,0,4,12,-0.13496225259318553
chrX,0,5,12,0.027345469783408707
chrX,0,6,12,0.06349614805804023
chrX,0,7,12,-0.04296796299922114
chrX,0,8,12,-0.23732008515887668
chrX,0,9,12,-0.11363989015319836
chrX,0,10,12,-0.20972919060357698
chrX,0,11,12,-0.0014391194818027513
chrX,1,0,12,0.0614095080104922
chrX,1,1,12,-0.18160877852086177
chrX,1,2,12,-0.18094334557020633
chrX,1,3,12,-0.2250306511426259
chrX,1,4,12,-0.06862789807330526
chrX,1,5,12,-0.05532944103154075
chrX,1,6,12,-0.026533547265337448
chrX,1,7,12,0.07706351670598327
chrX,1,8,12,0.03746401114262449
chrX,1,9,12,-0.2208810633019178
chrX,1,10,12,-0.16790875880101633
chrX,1,11,12,-0.14075853744175829
chrX,2,0,12,-0.13394772950900327
chrX,2,1,12,-0.1734499245105626
chrX,2,2,12,0.030288649215452462
chrX,2,3,12,-0.08040200323468792
chrX,2,4,12,-0.05922093982778959
chrX,2,5,12,-0.043718518571155274
chrX,2,6,12,-0.19170174838841433
chrX,2,7,12,0.058731476195518016
chrX,2,8,12,-0.1268004065210844
chrX,2,9,12,-0.1938132943449137
chrX,2,10,12,-0.09563002178587267
chrX,2,11,12,-0.12663882879503058
chrX,3,0,12,-0.08803229988973367
chrX,3,1,12,-0.039644996641445114
chrX,3,2,12,-0.06535749947386173
chrX,3,3,12,0.007880674561445917
chrX,3,4,12,-0.10929867847634445
chrX,3,5,12,-0.04151295830738486
chrX,3,6,12,-0.09126859048348701
chrX,3,7,12,-0.0752778713360454
chrX,3,8,12,-0.1212828514503445
chrX,3,9,12,-0.03579175793403299
chrX,3,10,12,-0.07374119738986368
chrX,3,11,12,-0.040723904181966836
chrX,4,0,12,-0.0861111624805785
chrX,4,1,12,0.007446784293079475
chrX,4,2,12,-0.037537046668291586
chrX,4,3,12,0.04968447842399431
chrX,4,4,12,0.10023618115014372
chrX,4,5,12,0.020274791555836252
chrX,4,6,12,-0.04494089516540664
chrX,4,7,12,0.013209487795445887
chrX,4,8,12,0.023833572728389197
chrX,4,9,12,0.01273177623954413
chrX,4,10,12,0.06322527932011925
chrX,4,11,12,0.14640110481968474
chrX,5,0,12,0.17040308060775586
chrX,5,1,12,-0.009433871337273608
chrX,5,2,12,-0.05953988982264157
chrX,5,3,12,0.06054376441952319
chrX,5,4,12,-0.024298960873754504
chrX,5,5,12,0.11831708976482669
chrX,5,6,12,0.05356325014378791
chrX,5,7,12,-0.09176252169804981
chrX,5,8,12,-0.007666570889382086
chrX,5,9,12,-0.06504278318833125
chrX,5,10,12,0.029640600988679783
chrX,5,11,12,0.05015943061943861
chrX,6,0,12,-0.032999506176387736
chrX,6,1,12,0.03455669923251986
chrX,6,2,12,0.024133103630585597
chrX,6,3,12,0.06599222592422903
chrX,6,4,12,0.05728833435389105
chrX,6,5,12,-0.0913203819220856
chrX,6,6,12,0.08137192646103471
chrX,6,7,12,0.048895646885397624
chrX,6,8,12,-0.1254900863947496
chrX,6,9,12,0.012408483658888955
chrX,6,10,12,0.02212931644488569
chrX,6,11,12,0.091351314331564
chrX,7,0,12,0.10423946164793148
chrX,7,1,12,-0.031968132473623116
chrX,7,2,12,-0.07311609086447217
chrX,7,3,12,-0.08523515502207725
chrX,7,4,12,-0.1491491549126638
chrX,7,5,12,0.11322414603979532
chrX,7,6,12,-0.10234178599209236
chrX,7,7,12,0.0028181306147591714
chrX,7,8,12,-0.13822725496038846
chrX,7,9,12,-0.11426429070558426
chrX,7,10,12,0.17164960536307414
chrX,7,11,12,0.06312277349722983
chrX,8,0,12,0.12771810473412534
chrX,8,1,12,0.14926597134712447
chrX,8,2,12,0.14523880415898413
chrX,8,3,12,-0.16671536463732883
chrX,8,4,12,-0.06592336829810137
chrX,8,5,12,0.008939913393106659
chrX,8,6,12,-0.003975214994177574
chrX,8,7,12,-0.07053834476718596
chrX,8,8,12,0.127032888356261
chrX,8,9,12,0.13063285196187815
chrX,8,10,12,0.05865562414106735
chrX,8,11,12,0.00867970760777679
chrX,9,0,12,0.03153442913056309
chrX,9,1,12,0.1527430014778394
chrX,9,2,12,0.02842782911234248
chrX,9,3,12,-0.021782400860440237
chrX,9,4,12,-0.058216986244431175
chrX,9,5,12,0.10187956099224867
chrX,9,6,12,-0.23617315541432382
chrX,9,7,12,-0.029908124485134652
chrX,9,8,12,0.10268391534201704
chrX,9,9,12,0.1336035801508784
chrX,9,10,12,0.16100024601655322
chrX,9,11,12,0.008955300097036066
chrX,10,0,12,-0.005779450950693539
chrX,10,1,12,-0.140092998900842
chrX,10,2,12,0.10153917461789856
chrX,10,3,12,0.02499612460656793
chrX,10,4,12,0.027674767271593143
chrX,10,5,12,0.13935759513991494
chrX,10,6,12,-0.10698460252519848
chrX,10,7,12,-0.15148801574801588
chrX,10,8,12,0.2386662496822873
chrX,10,9,12,0.2144054035033196
chrX,10,10,12,-0.04788554752656512
chrX,10,11,12,-0.009593433265750281
chrX,11,0,12,0.13805256264226476
chrX,11,1,12,-0.04185537407487475
chrX,11,2,12,-0.06202853991654069
chrX,11,3,12,0.05574820632360868
chrX,11,4,12,0.10222424269159723
chrX,11,5,12,0.03691937849735879
chrX,11,6,12,0.008661453896900739
chrX,11,7,12,0.07129963978221278
chrX,11,8,12,0.03651062760197241
chrX,11,9,12,0.05588888818946025
chrX,11,10,12,0.06087384802115877
chrX,11,11,12,-0.05948797418929552
