chromosome,layer,head,pairs,mean
chr1,0,0,29,-0.014130624942481518
chr1,0,1,29,0.0014323900686576962
chr1,0,2,29,-0.003853041445836425
chr1,0,3,29,-0.00015937845455482602
chr1,0,4,29,-0.0003005386097356677
chr1,0,5,29,-0.03475245088338852
chr1,0,6,29,-0.055559661239385605
chr1,0,7,29,0.043789707124233246
chr1,0,8,29,0.000319935119478032
chr1,0,9,29,0.0010868681129068136
chr1,0,10,29,-0.00013569048314820975
chr1,0,11,29,-0.011574792675673962
chr1,1,0,29,-0.005825180560350418
chr1,1,1,29,-0.038667913526296616
chr1,1,2,29,-0.0628967359662056
chr1,1,3,29,-0.023225795477628708
chr1,1,4,29,-0.001779224374331534
chr1,1,5,29,-0.04411374405026436
chr1,1,6,29,0.0028510033152997494
chr1,1,7,29,-0.007164371199905872
chr1,1,8,29,0.006792142521589994
chr1,1,9,29,0.010747132822871208
chr1,1,10,29,-0.0037595301400870085
chr1,1,11,29,0.0018532676622271538
chr1,2,0,29,0.0025772061198949814
chr1,2,1,29,-0.04182389751076698
chr1,2,2,29,0.056953154504299164
chr1,2,3,29,-0.004175169859081507
chr1,2,4,29,-0.07908324897289276
chr1,2,5,29,0.023265985772013664
chr1,2,6,29,-0.04666638746857643
chr1,2,7,29,-0.017245881259441376
chr1,2,8,29,-0.036731038242578506
chr1,2,9,29,-0.015641478821635246
chr1,2,10,29,-0.14161501824855804
chr1,2,11,29,0.0013261520070955157
chr1,3,0,29,0.0005073609063401818
chr1,3,1,29,-0.04821774363517761
chr1,3,2,29,0.06963475048542023
chr1,3,3,29,0.03140518441796303
chr1,3,4,29,-0.03185293823480606
chr1,3,5,29,0.01797313056886196
chr1,3,6,29,0.005015685688704252
chr1,3,7,29,0.06024846062064171
chr1,3,8,29,1.5470488506252877e-05
chr1,3,9,29,-0.016870103776454926
chr1,3,10,29,-0.0358654223382473
chr1,3,11,29,-0.013818975538015366
chr1,4,0,29,-0.0026974123902618885
chr1,4,1,29,0.008447517640888691
chr1,4,2,29,0.024118715897202492
chr1,4,3,29,0.02779109589755535
chr1,4,4,29,-0.044979602098464966
chr1,4,5,29,0.0028851155657321215
chr1,4,6,29,-0.04407764598727226
chr1,4,7,29,0.27058207988739014
chr1,4,8,29,0.004948985762894154
chr1,4,9,29,0.06805089116096497
chr1,4,10,29,-0.015303763560950756
chr1,4,11,29,0.02669413574039936
chr1,5,0,29,-0.00791212823241949
chr1,5,1,29,-0.00468833465129137
chr1,5,2,29,0.005214817356318235
chr1,5,3,29,0.0066200741566717625
chr1,5,4,29,0.09544213861227036
chr1,5,5,29,0.10862571001052856
chr1,5,6,29,-0.021589837968349457
chr1,5,7,29,0.038909539580345154
chr1,5,8,29,0.005358276888728142
chr1,5,9,29,0.01906401291489601
chr1,5,10,29,0.039842650294303894
chr1,5,11,29,-0.05312654376029968
chr1,6,0,29,0.0013460352784022689
chr1,6,1,29,0.006727858912199736
chr1,6,2,29,0.0538390651345253
chr1,6,3,29,0.28199318051338196
chr1,6,4,29,-0.0030367225408554077
chr1,6,5,29,0.03095722198486328
chr1,6,6,29,0.09748411923646927
chr1,6,7,29,-0.020448191091418266
chr1,6,8,29,0.005299313459545374
chr1,6,9,29,0.14827127754688263
chr1,6,10,29,0.04053759202361107
chr1,6,11,29,0.10916242748498917
chr1,7,0,29,0.04030904546380043
chr1,7,1,29,0.008175097405910492
chr1,7,2,29,0.018395893275737762
chr1,7,3,29,0.022775791585445404
chr1,7,4,29,-0.01447185967117548
chr1,7,5,29,-0.04843440279364586
chr1,7,6,29,0.03388547897338867
chr1,7,7,29,0.03210249915719032
chr1,7,8,29,0.00034825349575839937
chr1,7,9,29,-0.030708706006407738
chr1,7,10,29,0.04631876200437546
chr1,7,11,29,0.03050914779305458
chr1,8,0,29,0.01707199402153492
chr1,8,1,29,-0.04221150279045105
chr1,8,2,29,0.09257494658231735
chr1,8,3,29,0.0011491174809634686
chr1,8,4,29,-0.008970716968178749
chr1,8,5,29,-0.007433862425386906
chr1,8,6,29,-0.04897770658135414
chr1,8,7,29,-0.016739023849368095
chr1,8,8,29,-0.0008001861860975623
chr1,8,9,29,0.010081143118441105
chr1,8,10,29,-0.033822327852249146
chr1,8,11,29,-0.022688377648591995
chr1,9,0,29,0.05888178572058678
chr1,9,1,29,0.03751906752586365
chr1,9,2,29,0.07397425919771194
chr1,9,3,29,0.01162383146584034
chr1,9,4,29,-0.02607058174908161
chr1,9,5,29,-0.03224853426218033
chr1,9,6,29,-0.010854256339371204
chr1,9,7,29,-0.04181261733174324
chr1,9,8,29,0.013029102236032486
chr1,9,9,29,0.005006724502891302
chr1,9,10,29,-0.039889607578516006
chr1,9,11,29,-0.01536219660192728
chr1,10,0,29,0.04996336251497269
chr1,10,1,29,0.02858792431652546
chr1,10,2,29,0.0007046913378871977
chr1,10,3,29,-0.012055953033268452
chr1,10,4,29,0.018710670992732048
chr1,10,5,29,-0.03021750971674919
chr1,10,6,29,-0.03124431148171425
chr1,10,7,29,0.00424343254417181
chr1,10,8,29,0.002397555625066161
chr1,10,9,29,0.013561571016907692
chr1,10,10,29,-0.0311125535517931
chr1,10,11,29,-0.010852723382413387
chr1,11,0,29,0.0011317936005070806
chr1,11,1,29,0.053772054612636566
chr1,11,2,29,0.027256829664111137
chr1,11,3,29,0.024314342066645622
chr1,11,4,29,0.08780993521213531
chr1,11,5,29,-0.049249567091464996
chr1,11,6,29,-0.03368735685944557
chr1,11,7,29,0.03456680104136467
chr1,11,8,29,0.02832784503698349
chr1,11,9,29,0.005584040656685829
chr1,11,10,29,0.005619024392217398
chr1,11,11,29,0.03753140941262245
chr10,0,0,10,-0.017754405736923218
chr10,0,1,10,-0.005541294813156128
chr10,0,2,10,-0.0027538896538317204
chr10,0,3,10,0.00037439167499542236
chr10,0,4,10,0.0002864819543901831
chr10,0,5,10,-0.03973612189292908
chr10,0,6,10,-0.04288841038942337
chr10,0,7,10,0.05204904079437256
chr10,0,8,10,-0.0020174384117126465
chr10,0,9,10,-0.004895609803497791
chr10,0,10,10,0.00022084786905907094
chr10,0,11,10,-0.006257760338485241
chr10,1,0,10,-0.022931694984436035
chr10,1,1,10,-0.029371052980422974
chr10,1,2,10,-0.17316123843193054
chr10,1,3,10,-0.0009973763953894377
chr10,1,4,10,-0.043795015662908554
chr10,1,5,10,0.009098777547478676
chr10,1,6,10,-0.0706537738442421
chr10,1,7,10,-0.014977877959609032
chr10,1,8,10,0.035003673285245895
chr10,1,9,10,0.01670730672776699
chr10,1,10,10,0.009740686044096947
chr10,1,11,10,-0.1738177239894867
chr10,2,0,10,-0.016083573922514915
chr10,2,1,10,-0.04543982818722725
chr10,2,2,10,0.06205195188522339
chr10,2,3,10,0.1707151085138321
chr10,2,4,10,-0.2553991377353668
chr10,2,5,10,0.07801475375890732
chr10,2,6,10,-0.10784447193145752
chr10,2,7,10,-0.03140178322792053
chr10,2,8,10,-0.021037857979536057
chr10,2,9,10,-0.05342135950922966
chr10,2,10,10,-0.13167443871498108
chr10,2,11,10,-0.13327614963054657
chr10,3,0,10,-0.005914854817092419
chr10,3,1,10,0.02888491190969944
chr10,3,2,10,0.26813432574272156
chr10,3,3,10,0.1078108549118042
chr10,3,4,10,-0.060567788779735565
chr10,3,5,10,0.06957657635211945
chr10,3,6,10,0.036557406187057495
chr10,3,7,10,-0.05463901162147522
chr10,3,8,10,0.004342555999755859
chr10,3,9,10,0.13164865970611572
chr10,3,10,10,-0.08410823345184326
chr10,3,11,10,-0.004690033383667469
chr10,4,0,10,-0.04213998466730118
chr10,4,1,10,-0.034217435866594315
chr10,4,2,10,0.01878971979022026
chr10,4,3,10,0.01791953295469284
chr10,4,4,10,-0.02899068035185337
chr10,4,5,10,-0.04789260774850845
chr10,4,6,10,0.021929729729890823
chr10,4,7,10,0.2640790045261383
chr10,4,8,10,0.023726504296064377
chr10,4,9,10,0.06239952892065048
chr10,4,10,10,0.039735276252031326
chr10,4,11,10,0.01388499140739441
chr10,5,0,10,0.04735812544822693
chr10,5,1,10,0.025092672556638718
chr10,5,2,10,0.04453689604997635
chr10,5,3,10,0.0012546564685180783
chr10,5,4,10,0.05165991187095642
chr10,5,5,10,0.12149431556463242
chr10,5,6,10,0.015766294673085213
chr10,5,7,10,0.07643464207649231
chr10,5,8,10,-0.003636223031207919
chr10,5,9,10,0.2047695368528366
chr10,5,10,10,0.03780513256788254
chr10,5,11,10,-0.007142824120819569
chr10,6,0,10,0.0784115344285965
chr10,6,1,10,0.006770229898393154
chr10,6,2,10,0.0922001302242279
chr10,6,3,10,0.39618155360221863
chr10,6,4,10,0.03130311518907547
chr10,6,5,10,0.02710014022886753
chr10,6,6,10,0.009315818548202515
chr10,6,7,10,0.015387234278023243
chr10,6,8,10,0.015202373266220093
chr10,6,9,10,0.268819659948349
chr10,6,10,10,0.06342273950576782
chr10,6,11,10,0.08266285806894302
chr10,7,0,10,0.02595004439353943
chr10,7,1,10,0.1371486783027649
chr10,7,2,10,-0.049465786665678024
chr10,7,3,10,0.17909005284309387
chr10,7,4,10,0.03648938611149788
chr10,7,5,10,-0.038097310811281204
chr10,7,6,10,0.13505376875400543
chr10,7,7,10,0.08749288320541382
chr10,7,8,10,-0.009983760304749012
chr10,7,9,10,-0.02324170432984829
chr10,7,10,10,0.17183516919612885
chr10,7,11,10,0.17608071863651276
chr10,8,0,10,-0.030282890424132347
chr10,8,1,10,0.0757388100028038
chr10,8,2,10,0.10965653508901596
chr10,8,3,10,0.05211910605430603
chr10,8,4,10,0.09973059594631195
chr10,8,5,10,0.0134653951972723
chr10,8,6,10,0.02261066809296608
chr10,8,7,10,0.00624665105715394
chr10,8,8,10,-0.014571065083146095
chr10,8,9,10,-0.013908499851822853
chr10,8,10,10,0.144689679145813
chr10,8,11,10,0.020420106127858162
chr10,9,0,10,0.10837362706661224
chr10,9,1,10,-0.02121187373995781
chr10,9,2,10,-0.026929503306746483
chr10,9,3,10,0.10880966484546661
chr10,9,4,10,-0.005664755590260029
chr10,9,5,10,-0.026509935036301613
chr10,9,6,10,0.02790592983365059
chr10,9,7,10,-0.020819442346692085
chr10,9,8,10,-0.00014832615852355957
chr10,9,9,10,-0.0024784444831311703
chr10,9,10,10,0.02242417261004448
chr10,9,11,10,0.04073461890220642
chr10,10,0,10,0.08154647052288055
chr10,10,1,10,0.04986277222633362
chr10,10,2,10,0.029205232858657837
chr10,10,3,10,0.03079836443066597
chr10,10,4,10,0.026001274585723877
chr10,10,5,10,-0.013988832011818886
chr10,10,6,10,0.05290961265563965
chr10,10,7,10,-0.07120926678180695
chr10,10,8,10,0.0023938834201544523
chr10,10,9,10,0.0038948773872107267
chr10,10,10,10,0.0024528801441192627
chr10,10,11,10,0.048754412680864334
chr10,11,0,10,0.001386880874633789
chr10,11,1,10,0.18485918641090393
chr10,11,2,10,0.007899683900177479
chr10,11,3,10,0.010820945724844933
chr10,11,4,10,-0.01769065484404564
chr10,11,5,10,0.03024362586438656
chr10,11,6,10,-0.0003426283656153828
chr10,11,7,10,0.04174463078379631
chr10,11,8,10,0.017984677106142044
chr10,11,9,10,0.004760712385177612
chr10,11,10,10,-0.02296595647931099
chr10,11,11,10,0.11423970758914948
chr11,0,0,19,0.007739688269793987
chr11,0,1,19,0.012476290576159954
chr11,0,2,19,-9.208917617797852e-05
chr11,0,3,19,0.0007242458523251116
chr11,0,4,19,8.93517499207519e-05
chr11,0,5,19,-0.022899076342582703
chr11,0,6,19,-0.0022158182691782713
chr11,0,7,19,-0.003474367316812277
chr11,0,8,19,0.000936671334784478
chr11,0,9,19,0.01442920882254839
chr11,0,10,19,0.0006002666195854545
chr11,0,11,19,-0.010242769494652748
chr11,1,0,19,0.011526763439178467
chr11,1,1,19,-0.02265036478638649
chr11,1,2,19,-0.025145795196294785
chr11,1,3,19,0.024896841496229172
chr11,1,4,19,-0.0363638699054718
chr11,1,5,19,-0.014742149971425533
chr11,1,6,19,0.021497949957847595
chr11,1,7,19,-0.005418636370450258
chr11,1,8,19,-0.012941993772983551
chr11,1,9,19,0.07220739126205444
chr11,1,10,19,-0.007738154381513596
chr11,1,11,19,0.025043701753020287
chr11,2,0,19,-0.015241352841258049
chr11,2,1,19,-0.056834809482097626
chr11,2,2,19,0.001054804539307952
chr11,2,3,19,0.06070633977651596
chr11,2,4,19,-0.08456253260374069
chr11,2,5,19,0.15793420374393463
chr11,2,6,19,-0.11815687268972397
chr11,2,7,19,-0.03939792513847351
chr11,2,8,19,-0.014602730050683022
chr11,2,9,19,-0.029889917001128197
chr11,2,10,19,-0.15138119459152222
chr11,2,11,19,0.01436830498278141
chr11,3,0,19,0.0332331545650959
chr11,3,1,19,-0.030526932328939438
chr11,3,2,19,-0.024709220975637436
chr11,3,3,19,0.018626157194375992
chr11,3,4,19,0.008507229387760162
chr11,3,5,19,0.06589273363351822
chr11,3,6,19,-0.04438316449522972
chr11,3,7,19,0.023154383525252342
chr11,3,8,19,-0.0010585942072793841
chr11,3,9,19,-0.0005674362182617188
chr11,3,10,19,0.07255426049232483
chr11,3,11,19,-0.03653135523200035
chr11,4,0,19,0.011216530576348305
chr11,4,1,19,0.06554792076349258
chr11,4,2,19,0.05100120231509209
chr11,4,3,19,0.0264197438955307
chr11,4,4,19,-0.06721895933151245
chr11,4,5,19,-0.025528261438012123
chr11,4,6,19,0.01674560084939003
chr11,4,7,19,0.6498128771781921
chr11,4,8,19,0.035215042531490326
chr11,4,9,19,0.11052479594945908
chr11,4,10,19,0.07185215502977371
chr11,4,11,19,0.04517410695552826
chr11,5,0,19,0.1825663149356842
chr11,5,1,19,0.011545504443347454
chr11,5,2,19,0.11623118072748184
chr11,5,3,19,0.01553164329379797
chr11,5,4,19,0.36504414677619934
chr11,5,5,19,0.13809457421302795
chr11,5,6,19,-0.01168973557651043
chr11,5,7,19,0.038594286888837814
chr11,5,8,19,0.01138613373041153
chr11,5,9,19,0.2899797260761261
chr11,5,10,19,0.08352398127317429
chr11,5,11,19,0.08642654865980148
chr11,6,0,19,0.02313333749771118
chr11,6,1,19,-3.097431908827275e-05
chr11,6,2,19,0.0728190690279007
chr11,6,3,19,0.27378129959106445
chr11,6,4,19,-0.011839580722153187
chr11,6,5,19,0.0018169957911595702
chr11,6,6,19,0.13785919547080994
chr11,6,7,19,0.029370518401265144
chr11,6,8,19,0.011744370684027672
chr11,6,9,19,0.1865353286266327
chr11,6,10,19,0.09697023034095764
chr11,6,11,19,0.10014694929122925
chr11,7,0,19,0.025758059695363045
chr11,7,1,19,0.37335219979286194
chr11,7,2,19,-0.0365409255027771
chr11,7,3,19,0.20865057408809662
chr11,7,4,19,0.10746249556541443
chr11,7,5,19,0.06719215214252472
chr11,7,6,19,0.16810335218906403
chr11,7,7,19,0.19047993421554565
chr11,7,8,19,0.015251288190484047
chr11,7,9,19,0.07487095147371292
chr11,7,10,19,0.3523232340812683
chr11,7,11,19,0.25151005387306213
chr11,8,0,19,-0.007153874728828669
chr11,8,1,19,-0.03329618647694588
chr11,8,2,19,0.2236790955066681
chr11,8,3,19,0.0673426017165184
chr11,8,4,19,0.07980144768953323
chr11,8,5,19,0.029721135273575783
chr11,8,6,19,0.00460615660995245
chr11,8,7,19,0.01267512422055006
chr11,8,8,19,-0.017828505486249924
chr11,8,9,19,0.017131244763731956
chr11,8,10,19,-0.04772159457206726
chr11,8,11,19,0.021842651069164276
chr11,9,0,19,0.09180177003145218
chr11,9,1,19,0.0185994915664196
chr11,9,2,19,0.04096832871437073
chr11,9,3,19,0.10630475729703903
chr11,9,4,19,0.020194029435515404
chr11,9,5,19,0.007874091155827045
chr11,9,6,19,0.060114409774541855
chr11,9,7,19,0.020990820601582527
chr11,9,8,19,0.0031002790201455355
chr11,9,9,19,0.006903927773237228
chr11,9,10,19,0.0004137534706387669
chr11,9,11,19,0.11212475597858429
chr11,10,0,19,0.053019214421510696
chr11,10,1,19,0.05147354677319527
chr11,10,2,19,-0.0016323045128956437
chr11,10,3,19,0.02421455644071102
chr11,10,4,19,0.0441485270857811
chr11,10,5,19,0.01722140796482563
chr11,10,6,19,0.014897310175001621
chr11,10,7,19,0.054770175367593765
chr11,10,8,19,-0.004475370980799198
chr11,10,9,19,0.011655791662633419
chr11,10,10,19,0.01581464894115925
chr11,10,11,19,0.01827404648065567
chr11,11,0,19,-0.005108114797621965
chr11,11,1,19,0.022827964276075363
chr11,11,2,19,-0.019339483231306076
chr11,11,3,19,0.05315646529197693
chr11,11,4,19,0.07691901922225952
chr11,11,5,19,-0.025267457589507103
chr11,11,6,19,-0.017052315175533295
chr11,11,7,19,-0.006402844563126564
chr11,11,8,19,-0.013289096765220165
chr11,11,9,19,0.009871184825897217
chr11,11,10,19,0.012146350927650928
chr11,11,11,19,0.0861031785607338
chr12,0,0,11,-0.0038288182113319635
chr12,0,1,11,-0.00020962412236258388
chr12,0,2,11,-0.01155982818454504
chr12,0,3,11,-0.002296685939654708
chr12,0,4,11,-0.0005913148052059114
chr12,0,5,11,0.006574202794581652
chr12,0,6,11,-0.007505357265472412
chr12,0,7,11,-0.04122678190469742
chr12,0,8,11,0.001279494957998395
chr12,0,9,11,0.006491921376436949
chr12,0,10,11,0.00012344325659796596
chr12,0,11,11,-0.012216096743941307
chr12,1,0,11,-0.0759456530213356
chr12,1,1,11,0.02475057914853096
chr12,1,2,11,-0.03173590078949928
chr12,1,3,11,0.0065297591499984264
chr12,1,4,11,0.11670055985450745
chr12,1,5,11,-0.05784127488732338
chr12,1,6,11,0.03424329310655594
chr12,1,7,11,-0.0018991664983332157
chr12,1,8,11,0.0029783248901367188
chr12,1,9,11,0.047356829047203064
chr12,1,10,11,-0.013597667217254639
chr12,1,11,11,0.007706764154136181
chr12,2,0,11,0.03679659217596054
chr12,2,1,11,0.09112600982189178
chr12,2,2,11,0.015175965614616871
chr12,2,3,11,-0.07018962502479553
chr12,2,4,11,-0.03291480615735054
chr12,2,5,11,0.2464708387851715
chr12,2,6,11,-0.06858735531568527
chr12,2,7,11,-0.02419213205575943
chr12,2,8,11,-0.06597445160150528
chr12,2,9,11,-0.05528369918465614
chr12,2,10,11,-0.025104360654950142
chr12,2,11,11,-0.14194703102111816
chr12,3,0,11,-0.03422741964459419
chr12,3,1,11,-0.028186965733766556
chr12,3,2,11,-0.043056413531303406
chr12,3,3,11,0.07279776781797409
chr12,3,4,11,-0.019719699397683144
chr12,3,5,11,-0.07269646972417831
chr12,3,6,11,0.025705592706799507
chr12,3,7,11,0.02727135829627514
chr12,3,8,11,0.004596645012497902
chr12,3,9,11,-0.0590488463640213
chr12,3,10,11,0.02609223686158657
chr12,3,11,11,0.008344731293618679
chr12,4,0,11,0.059809088706970215
chr12,4,1,11,0.08924437314271927
chr12,4,2,11,0.038522277027368546
chr12,4,3,11,0.026204299181699753
chr12,4,4,11,0.017954742535948753
chr12,4,5,11,-0.0073319971561431885
chr12,4,6,11,-0.03953950107097626
chr12,4,7,11,0.4062213897705078
chr12,4,8,11,0.06193271651864052
chr12,4,9,11,0.07100703567266464
chr12,4,10,11,-0.00232266285456717
chr12,4,11,11,0.08116959780454636
chr12,5,0,11,0.23005495965480804
chr12,5,1,11,-0.03300990164279938
chr12,5,2,11,0.11829502135515213
chr12,5,3,11,0.010265705175697803
chr12,5,4,11,0.45594093203544617
chr12,5,5,11,0.07341587543487549
chr12,5,6,11,-0.0019652708433568478
chr12,5,7,11,0.035451460629701614
chr12,5,8,11,0.023840242996811867
chr12,5,9,11,0.07413668185472488
chr12,5,10,11,0.08667214214801788
chr12,5,11,11,0.0556042306125164
chr12,6,0,11,0.05362766981124878
chr12,6,1,11,0.012742423452436924
chr12,6,2,11,0.01754252426326275
chr12,6,3,11,0.33352452516555786
chr12,6,4,11,0.002074122428894043
chr12,6,5,11,0.008204699493944645
chr12,6,6,11,0.13421279191970825
chr12,6,7,11,0.009399062022566795
chr12,6,8,11,0.011834686622023582
chr12,6,9,11,0.1913483738899231
chr12,6,10,11,0.05815316364169121
chr12,6,11,11,0.011888671666383743
chr12,7,0,11,0.06585827469825745
chr12,7,1,11,0.06693147122859955
chr12,7,2,11,-0.04109153896570206
chr12,7,3,11,0.027927560731768608
chr12,7,4,11,-0.010431141592562199
chr12,7,5,11,0.0031702856067568064
chr12,7,6,11,-0.017775215208530426
chr12,7,7,11,-0.04032474383711815
chr12,7,8,11,0.012021676637232304
chr12,7,9,11,0.014532706700265408
chr12,7,10,11,-0.04366641119122505
chr12,7,11,11,0.1337576061487198
chr12,8,0,11,-0.025476211681962013
chr12,8,1,11,-0.015115824528038502
chr12,8,2,11,-0.1872137039899826
chr12,8,3,11,-0.03177841380238533
chr12,8,4,11,-0.03863581642508507
chr12,8,5,11,0.02931186556816101
chr12,8,6,11,-0.012996640056371689
chr12,8,7,11,0.006401307415217161
chr12,8,8,11,-0.027907609939575195
chr12,8,9,11,-0.00589242298156023
chr12,8,10,11,-0.11118607223033905
chr12,8,11,11,0.015637580305337906
chr12,9,0,11,0.08885272592306137
chr12,9,1,11,0.0070671276189386845
chr12,9,2,11,-0.016803963109850883
chr12,9,3,11,-0.07299745827913284
chr12,9,4,11,-0.018922332674264908
chr12,9,5,11,-0.0034910195972770452
chr12,9,6,11,-0.06124645099043846
chr12,9,7,11,0.045652106404304504
chr12,9,8,11,-0.005166086368262768
chr12,9,9,11,0.014159392565488815
chr12,9,10,11,-0.027654403820633888
chr12,9,11,11,-0.04513714089989662
chr12,10,0,11,-0.0023359765764325857
chr12,10,1,11,0.03157895430922508
chr12,10,2,11,0.021216994151473045
chr12,10,3,11,-0.0646381676197052
chr12,10,4,11,-0.04562970623373985
chr12,10,5,11,-0.016014516353607178
chr12,10,6,11,-0.061742350459098816
chr12,10,7,11,-0.13727186620235443
chr12,10,8,11,0.0018074457766488194
chr12,10,9,11,0.0020962466951459646
chr12,10,10,11,0.0020446451380848885
chr12,10,11,11,-0.052863262593746185
chr12,11,0,11,0.0018468336202204227
chr12,11,1,11,0.09254276752471924
chr12,11,2,11,-0.0059989201836287975
chr12,11,3,11,0.01792934723198414
chr12,11,4,11,0.07046235352754593
chr12,11,5,11,0.01752820797264576
chr12,11,6,11,-0.048111557960510254
chr12,11,7,11,0.034290287643671036
chr12,11,8,11,-0.0036123665049672127
chr12,11,9,11,0.00031153179588727653
chr12,11,10,11,0.02228022739291191
chr12,11,11,11,0.09965100139379501
chr13,0,0,3,0.024491289630532265
chr13,0,1,3,-0.0018262466182932258
chr13,0,2,3,0.00035170713090337813
chr13,0,3,3,-0.00267309439368546
chr13,0,4,3,-0.0006273590843193233
chr13,0,5,3,-0.018462738022208214
chr13,0,6,3,0.04734889790415764
chr13,0,7,3,0.047290366142988205
chr13,0,8,3,0.003922522068023682
chr13,0,9,3,-0.013350486755371094
chr13,0,10,3,0.007343033794313669
chr13,0,11,3,-0.019776463508605957
chr13,1,0,3,0.06148195266723633
chr13,1,1,3,-0.012168566696345806
chr13,1,2,3,0.036361951380968094
chr13,1,3,3,-0.014186203479766846
chr13,1,4,3,-0.23026235401630402
chr13,1,5,3,-0.05121290683746338
chr13,1,6,3,-0.07642089575529099
chr13,1,7,3,-0.04614708945155144
chr13,1,8,3,-0.09297436475753784
chr13,1,9,3,-0.042931895703077316
chr13,1,10,3,-0.024908900260925293
chr13,1,11,3,-0.13654786348342896
chr13,2,0,3,-0.009546716697514057
chr13,2,1,3,0.13494564592838287
chr13,2,2,3,-0.017836550250649452
chr13,2,3,3,-0.07317721843719482
chr13,2,4,3,-0.04669390246272087
chr13,2,5,3,-0.12267676740884781
chr13,2,6,3,0.0028520028572529554
chr13,2,7,3,0.0025816161651164293
chr13,2,8,3,-0.057700734585523605
chr13,2,9,3,0.0037915706634521484
chr13,2,10,3,0.06637736409902573
chr13,2,11,3,-0.06304353475570679
chr13,3,0,3,-0.08389995247125626
chr13,3,1,3,-0.229145810008049
chr13,3,2,3,0.11725982278585434
chr13,3,3,3,-0.03668276593089104
chr13,3,4,3,-0.04734520986676216
chr13,3,5,3,-0.024684110656380653
chr13,3,6,3,0.034056346863508224
chr13,3,7,3,0.1561092585325241
chr13,3,8,3,-0.042525213211774826
chr13,3,9,3,0.048895079642534256
chr13,3,10,3,-0.15519565343856812
chr13,3,11,3,-0.02218947745859623
chr13,4,0,3,0.08103674650192261
chr13,4,1,3,0.01271478459239006
chr13,4,2,3,0.012597410939633846
chr13,4,3,3,0.00519176758825779
chr13,4,4,3,0.08962216228246689
chr13,4,5,3,0.18511809408664703
chr13,4,6,3,-0.004634976387023926
chr13,4,7,3,-0.1869998425245285
chr13,4,8,3,-0.019043048843741417
chr13,4,9,3,-0.08491114526987076
chr13,4,10,3,-0.04463769868016243
chr13,4,11,3,0.00817579124122858
chr13,5,0,3,0.10562127828598022
chr13,5,1,3,0.028362253680825233
chr13,5,2,3,0.015524809248745441
chr13,5,3,3,0.0018587749218568206
chr13,5,4,3,0.041901592165231705
chr13,5,5,3,0.03026582859456539
chr13,5,6,3,0.07278210669755936
chr13,5,7,3,0.03324054554104805
chr13,5,8,3,0.008035838603973389
chr13,5,9,3,0.1305362582206726
chr13,5,10,3,-0.02469082921743393
chr13,5,11,3,0.06494279950857162
chr13,6,0,3,-0.021991172805428505
chr13,6,1,3,-0.004433352034538984
chr13,6,2,3,0.01930568553507328
chr13,6,3,3,0.1719128042459488
chr13,6,4,3,-0.020546505227684975
chr13,6,5,3,-0.008742094039916992
chr13,6,6,3,0.020583754405379295
chr13,6,7,3,0.050592679530382156
chr13,6,8,3,0.026061495766043663
chr13,6,9,3,0.06007222458720207
chr13,6,10,3,0.0033175002317875624
chr13,6,11,3,0.013958518393337727
chr13,7,0,3,0.08862856775522232
chr13,7,1,3,-0.11075808852910995
chr13,7,2,3,0.026839017868041992
chr13,7,3,3,-0.0017075538635253906
chr13,7,4,3,0.0010107193375006318
chr13,7,5,3,0.06235318258404732
chr13,7,6,3,0.028252417221665382
chr13,7,7,3,-0.011010825634002686
chr13,7,8,3,-0.013997256755828857
chr13,7,9,3,-0.0605742521584034
chr13,7,10,3,-0.11877740174531937
chr13,7,11,3,-0.03370345011353493
chr13,8,0,3,-0.08579325675964355
chr13,8,1,3,-0.11384057998657227
chr13,8,2,3,0.041375935077667236
chr13,8,3,3,0.017155248671770096
chr13,8,4,3,0.06487786024808884
chr13,8,5,3,0.007148202508687973
chr13,8,6,3,0.02780509553849697
chr13,8,7,3,0.001220968901179731
chr13,8,8,3,-0.07323235273361206
chr13,8,9,3,-0.006172557827085257
chr13,8,10,3,-0.10124097019433975
chr13,8,11,3,0.004131062421947718
chr13,9,0,3,0.087460957467556
chr13,9,1,3,-0.06542313098907471
chr13,9,2,3,-0.07758458703756332
chr13,9,3,3,0.1033162996172905
chr13,9,4,3,0.008187130093574524
chr13,9,5,3,0.02407097816467285
chr13,9,6,3,-0.10911735892295837
chr13,9,7,3,0.007898007519543171
chr13,9,8,3,0.0006877779960632324
chr13,9,9,3,0.007652501109987497
chr13,9,10,3,-0.07691051810979843
chr13,9,11,3,-0.02514501102268696
chr13,10,0,3,-0.03651736304163933
chr13,10,1,3,-0.0985429659485817
chr13,10,2,3,0.0862295851111412
chr13,10,3,3,0.006853694561868906
chr13,10,4,3,-0.006780276540666819
chr13,10,5,3,-0.012307520024478436
chr13,10,6,3,0.03643988445401192
chr13,10,7,3,0.03547777608036995
chr13,10,8,3,-0.0006235440378077328
chr13,10,9,3,-0.0008297960157506168
chr13,10,10,3,-0.04385717585682869
chr13,10,11,3,0.06288094818592072
chr13,11,0,3,-0.0010534325847402215
chr13,11,1,3,-0.02718917466700077
chr13,11,2,3,-0.06920331716537476
chr13,11,3,3,0.0887976810336113
chr13,11,4,3,0.17029452323913574
chr13,11,5,3,0.06922081112861633
chr13,11,6,3,0.05456346273422241
chr13,11,7,3,0.08464565128087997
chr13,11,8,3,0.01665860414505005
chr13,11,9,3,0.003908097743988037
chr13,11,10,3,0.03838102146983147
chr13,11,11,3,-0.0021934311371296644
chr14,0,0,7,0.01653309352695942
chr14,0,1,7,0.00011367457045707852
chr14,0,2,7,-0.0005560091813094914
chr14,0,3,7,0.005301674362272024
chr14,0,4,7,0.00031505446531809866
chr14,0,5,7,-0.06575695425271988
chr14,0,6,7,-0.05898946523666382
chr14,0,7,7,0.022558782249689102
chr14,0,8,7,-0.003603492397814989
chr14,0,9,7,0.003938836511224508
chr14,0,10,7,0.006188809871673584
chr14,0,11,7,-0.00681403698399663
chr14,1,0,7,-0.001510424306616187
chr14,1,1,7,-0.021373292431235313
chr14,1,2,7,-0.10099602490663528
chr14,1,3,7,-0.012885825708508492
chr14,1,4,7,0.004865579307079315
chr14,1,5,7,-0.039692990481853485
chr14,1,6,7,-0.10683289915323257
chr14,1,7,7,0.03339207172393799
chr14,1,8,7,0.01701704040169716
chr14,1,9,7,0.024596691131591797
chr14,1,10,7,-0.017575373873114586
chr14,1,11,7,0.04912720248103142
chr14,2,0,7,-0.01973874308168888
chr14,2,1,7,0.19110895693302155
chr14,2,2,7,-0.05570870637893677
chr14,2,3,7,0.06852644681930542
chr14,2,4,7,-0.054726216942071915
chr14,2,5,7,-0.12113656103610992
chr14,2,6,7,0.04418502375483513
chr14,2,7,7,0.009480195119976997
chr14,2,8,7,-0.01988566853106022
chr14,2,9,7,-0.06474233418703079
chr14,2,10,7,-0.051097072660923004
chr14,2,11,7,-0.2083824872970581
chr14,3,0,7,-0.04750869795680046
chr14,3,1,7,0.0590546540915966
chr14,3,2,7,0.0688321515917778
chr14,3,3,7,0.07164197415113449
chr14,3,4,7,-0.043848078697919846
chr14,3,5,7,0.016043994575738907
chr14,3,6,7,-0.045834336429834366
chr14,3,7,7,0.05793385952711105
chr14,3,8,7,0.010362139903008938
chr14,3,9,7,-0.009135774336755276
chr14,3,10,7,-0.03847444802522659
chr14,3,11,7,0.008327134884893894
chr14,4,0,7,-0.08109211176633835
chr14,4,1,7,-0.02883441187441349
chr14,4,2,7,-0.0057822419330477715
chr14,4,3,7,0.003581584896892309
chr14,4,4,7,-0.06034914031624794
chr14,4,5,7,0.09357836097478867
chr14,4,6,7,0.05312593653798103
chr14,4,7,7,0.0038595583755522966
chr14,4,8,7,-0.027619540691375732
chr14,4,9,7,-0.12846747040748596
chr14,4,10,7,0.16963590681552887
chr14,4,11,7,-0.010450435802340508
chr14,5,0,7,0.08612419664859772
chr14,5,1,7,0.01813340187072754
chr14,5,2,7,-0.01586844027042389
chr14,5,3,7,-0.0001530689187347889
chr14,5,4,7,-0.01783078908920288
chr14,5,5,7,0.06453997641801834
chr14,5,6,7,-0.03783150762319565
chr14,5,7,7,-0.016770392656326294
chr14,5,8,7,0.028461167588829994
chr14,5,9,7,0.06257470697164536
chr14,5,10,7,-0.016143755987286568
chr14,5,11,7,-0.004770653788000345
chr14,6,0,7,0.10197572410106659
chr14,6,1,7,-0.0026580817066133022
chr14,6,2,7,0.061153803020715714
chr14,6,3,7,0.08376962691545486
chr14,6,4,7,-0.021894210949540138
chr14,6,5,7,-0.07366753369569778
chr14,6,6,7,-0.06570465862751007
chr14,6,7,7,-0.0816059485077858
chr14,6,8,7,0.02148931287229061
chr14,6,9,7,-0.0026413968298584223
chr14,6,10,7,-0.003787347348406911
chr14,6,11,7,-0.07169173657894135
chr14,7,0,7,0.02022695541381836
chr14,7,1,7,-0.24875377118587494
chr14,7,2,7,-0.0037263461854308844
chr14,7,3,7,-0.14222469925880432
chr14,7,4,7,-0.03377845510840416
chr14,7,5,7,0.05885281786322594
chr14,7,6,7,-0.06099984422326088
chr14,7,7,7,-0.06783293187618256
chr14,7,8,7,0.010122750885784626
chr14,7,9,7,0.04358835890889168
chr14,7,10,7,-0.25132235884666443
chr14,7,11,7,-0.11022736132144928
chr14,8,0,7,0.0822783038020134
chr14,8,1,7,0.015157469548285007
chr14,8,2,7,-0.031170109286904335
chr14,8,3,7,0.021714823320508003
chr14,8,4,7,-0.038674045354127884
chr14,8,5,7,0.01801309362053871
chr14,8,6,7,-0.021304432302713394
chr14,8,7,7,-0.009364358149468899
chr14,8,8,7,-0.0332011915743351
chr14,8,9,7,-0.027272164821624756
chr14,8,10,7,0.06802666932344437
chr14,8,11,7,-0.026573436334729195
chr14,9,0,7,0.024607310071587563
chr14,9,1,7,-0.005638599395751953
chr14,9,2,7,0.015579367987811565
chr14,9,3,7,-0.02232508920133114
chr14,9,4,7,0.024229271337389946
chr14,9,5,7,-0.02223512902855873
chr14,9,6,7,0.012547721154987812
chr14,9,7,7,0.011472703889012337
chr14,9,8,7,0.015973584726452827
chr14,9,9,7,0.013466792181134224
chr14,9,10,7,0.041223544627428055
chr14,9,11,7,-0.040985722094774246
chr14,10,0,7,0.021586954593658447
chr14,10,1,7,0.01834210380911827
chr14,10,2,7,0.08047560602426529
chr14,10,3,7,-0.0066031282767653465
chr14,10,4,7,-0.015882177278399467
chr14,10,5,7,-0.010509081184864044
chr14,10,6,7,0.038391273468732834
chr14,10,7,7,-0.048985302448272705
chr14,10,8,7,0.005283611360937357
chr14,10,9,7,0.025988927111029625
chr14,10,10,7,0.011673263274133205
chr14,10,11,7,-0.023955920711159706
chr14,11,0,7,0.003056194167584181
chr14,11,1,7,0.035378728061914444
chr14,11,2,7,0.005321085453033447
chr14,11,3,7,0.09462005645036697
chr14,11,4,7,0.10247461497783661
chr14,11,5,7,0.1392449140548706
chr14,11,6,7,0.03849248215556145
chr14,11,7,7,0.012904005125164986
chr14,11,8,7,-0.054889414459466934
chr14,11,9,7,0.01042395830154419
chr14,11,10,7,-0.004061579704284668
chr14,11,11,7,-0.028717994689941406
chr15,0,0,4,-0.05730202794075012
chr15,0,1,4,-0.0031501352787017822
chr15,0,2,4,-0.0010891556739807129
chr15,0,3,4,-0.0006337631493806839
chr15,0,4,4,-0.0003107318188995123
chr15,0,5,4,-0.02419590950012207
chr15,0,6,4,-0.04262402653694153
chr15,0,7,4,-0.06736177206039429
chr15,0,8,4,-0.0007458627223968506
chr15,0,9,4,-0.008231326937675476
chr15,0,10,4,0.0013897046446800232
chr15,0,11,4,-0.00681912899017334
chr15,1,0,4,0.061461299657821655
chr15,1,1,4,-0.012449949979782104
chr15,1,2,4,0.034858644008636475
chr15,1,3,4,0.013866141438484192
chr15,1,4,4,-0.15538109838962555
chr15,1,5,4,-0.05376969277858734
chr15,1,6,4,-0.01488611102104187
chr15,1,7,4,-0.0518292635679245
chr15,1,8,4,-0.06936807930469513
chr15,1,9,4,-0.05787733197212219
chr15,1,10,4,-0.022977888584136963
chr15,1,11,4,0.04055636376142502
chr15,2,0,4,0.010407745838165283
chr15,2,1,4,0.050610899925231934
chr15,2,2,4,-0.033168092370033264
chr15,2,3,4,-0.004396125674247742
chr15,2,4,4,-0.0571461021900177
chr15,2,5,4,-0.6481586694717407
chr15,2,6,4,0.05232767015695572
chr15,2,7,4,0.006853312253952026
chr15,2,8,4,-0.03535318374633789
chr15,2,9,4,-0.03937499225139618
chr15,2,10,4,-0.1815536618232727
chr15,2,11,4,-0.04526218771934509
chr15,3,0,4,-0.13383415341377258
chr15,3,1,4,0.021128445863723755
chr15,3,2,4,0.42726343870162964
chr15,3,3,4,0.018382936716079712
chr15,3,4,4,-0.06326740980148315
chr15,3,5,4,0.052595339715480804
chr15,3,6,4,-0.030385613441467285
chr15,3,7,4,0.24051165580749512
chr15,3,8,4,0.0665646493434906
chr15,3,9,4,0.08201414346694946
chr15,3,10,4,-0.3023985028266907
chr15,3,11,4,0.06472010910511017
chr15,4,0,4,0.1387563943862915
chr15,4,1,4,-0.12129668891429901
chr15,4,2,4,-0.017590371891856194
chr15,4,3,4,-0.00010324269533157349
chr15,4,4,4,-0.08026233315467834
chr15,4,5,4,0.14191016554832458
chr15,4,6,4,0.009822860360145569
chr15,4,7,4,0.1100795567035675
chr15,4,8,4,-0.03376053273677826
chr15,4,9,4,-0.25097811222076416
chr15,4,10,4,0.010592937469482422
chr15,4,11,4,-0.07343154400587082
chr15,5,0,4,0.02996303141117096
chr15,5,1,4,-0.018851011991500854
chr15,5,2,4,0.00811627134680748
chr15,5,3,4,-0.0009259873768314719
chr15,5,4,4,0.03413473814725876
chr15,5,5,4,0.11034834384918213
chr15,5,6,4,0.13483606278896332
chr15,5,7,4,0.04216646030545235
chr15,5,8,4,-0.06354629993438721
chr15,5,9,4,0.03021492063999176
chr15,5,10,4,-0.003802075982093811
chr15,5,11,4,-0.07040315866470337
chr15,6,0,4,0.03659604489803314
chr15,6,1,4,0.00020137219689786434
chr15,6,2,4,0.049763306975364685
chr15,6,3,4,0.32991164922714233
chr15,6,4,4,0.02530646324157715
chr15,6,5,4,0.00978337973356247
chr15,6,6,4,0.06725437939167023
chr15,6,7,4,0.13223311305046082
chr15,6,8,4,0.00759635865688324
chr15,6,9,4,0.07861706614494324
chr15,6,10,4,0.06237418204545975
chr15,6,11,4,0.08320240676403046
chr15,7,0,4,0.11533515155315399
chr15,7,1,4,0.1361123025417328
chr15,7,2,4,0.040468305349349976
chr15,7,3,4,0.08600080013275146
chr15,7,4,4,0.01635373756289482
chr15,7,5,4,0.057789575308561325
chr15,7,6,4,0.1752641201019287
chr15,7,7,4,0.07161585986614227
chr15,7,8,4,0.0019462108612060547
chr15,7,9,4,-0.007447272539138794
chr15,7,10,4,0.21238791942596436
chr15,7,11,4,0.15726804733276367
chr15,8,0,4,0.031810879707336426
chr15,8,1,4,-0.09419204294681549
chr15,8,2,4,0.2565286159515381
chr15,8,3,4,0.0289388969540596
chr15,8,4,4,0.0590156689286232
chr15,8,5,4,0.012075653299689293
chr15,8,6,4,-0.08410048484802246
chr15,8,7,4,0.005646862555295229
chr15,8,8,4,-0.052121564745903015
chr15,8,9,4,-0.037263423204422
chr15,8,10,4,-0.1182062029838562
chr15,8,11,4,-0.00014730915427207947
chr15,9,0,4,0.103944793343544
chr15,9,1,4,-0.0530676543712616
chr15,9,2,4,-0.01220749318599701
chr15,9,3,4,0.16497117280960083
chr15,9,4,4,0.021841246634721756
chr15,9,5,4,-0.026220614090561867
chr15,9,6,4,0.1329430341720581
chr15,9,7,4,-0.08251313865184784
chr15,9,8,4,0.007495760917663574
chr15,9,9,4,-0.012965410947799683
chr15,9,10,4,0.014181822538375854
chr15,9,11,4,0.051354631781578064
chr15,10,0,4,-0.05043454468250275
chr15,10,1,4,0.0262606143951416
chr15,10,2,4,-0.04924583435058594
chr15,10,3,4,0.012333989143371582
chr15,10,4,4,0.06201936677098274
chr15,10,5,4,0.005518132820725441
chr15,10,6,4,0.00844581425189972
chr15,10,7,4,0.2266618311405182
chr15,10,8,4,-0.011712923645973206
chr15,10,9,4,-0.0037570148706436157
chr15,10,10,4,-0.0015249103307724
chr15,10,11,4,0.03464623540639877
chr15,11,0,4,-0.0034833550453186035
chr15,11,1,4,-0.02560463547706604
chr15,11,2,4,-0.018813490867614746
chr15,11,3,4,0.05478770285844803
chr15,11,4,4,0.13937857747077942
chr15,11,5,4,-0.19312003254890442
chr15,11,6,4,0.033525437116622925
chr15,11,7,4,0.1498226821422577
chr15,11,8,4,-0.061021268367767334
chr15,11,9,4,-0.005572110414505005
chr15,11,10,4,-0.04579165577888489
chr15,11,11,4,0.13274617493152618
chr16,0,0,8,0.0024351105093955994
chr16,0,1,8,0.011141657829284668
chr16,0,2,8,0.0004669874906539917
chr16,0,3,8,0.0049773817881941795
chr16,0,4,8,0.000894945755135268
chr16,0,5,8,-0.02487931400537491
chr16,0,6,8,-0.10980132967233658
chr16,0,7,8,0.09616699069738388
chr16,0,8,8,0.004914447665214539
chr16,0,9,8,-0.007174819707870483
chr16,0,10,8,0.015477724373340607
chr16,0,11,8,-0.00795397162437439
chr16,1,0,8,-0.044171854853630066
chr16,1,1,8,0.028648950159549713
chr16,1,2,8,0.008121155202388763
chr16,1,3,8,-0.004241317510604858
chr16,1,4,8,0.053580142557621
chr16,1,5,8,-0.028309393674135208
chr16,1,6,8,0.22024331986904144
chr16,1,7,8,0.024823859333992004
chr16,1,8,8,0.012772850692272186
chr16,1,9,8,0.05419274419546127
chr16,1,10,8,-0.014962159097194672
chr16,1,11,8,0.0888766348361969
chr16,2,0,8,0.028524309396743774
chr16,2,1,8,0.018629178404808044
chr16,2,2,8,0.0930299162864685
chr16,2,3,8,-0.10637233406305313
chr16,2,4,8,-0.07989215850830078
chr16,2,5,8,-0.049293212592601776
chr16,2,6,8,-0.0359111949801445
chr16,2,7,8,0.006232753396034241
chr16,2,8,8,0.0013414844870567322
chr16,2,9,8,-0.010631032288074493
chr16,2,10,8,-0.113542839884758
chr16,2,11,8,0.022868119180202484
chr16,3,0,8,0.026699520647525787
chr16,3,1,8,-0.02153228223323822
chr16,3,2,8,0.15730701386928558
chr16,3,3,8,0.1288319230079651
chr16,3,4,8,-0.03925526887178421
chr16,3,5,8,-0.009630564600229263
chr16,3,6,8,0.055141955614089966
chr16,3,7,8,0.0985671728849411
chr16,3,8,8,0.020161740481853485
chr16,3,9,8,0.048479415476322174
chr16,3,10,8,0.06794138252735138
chr16,3,11,8,0.012391969561576843
chr16,4,0,8,0.10738907009363174
chr16,4,1,8,-0.05042046308517456
chr16,4,2,8,-0.045814838260412216
chr16,4,3,8,-0.00966908410191536
chr16,4,4,8,0.0005365200340747833
chr16,4,5,8,-0.07100191712379456
chr16,4,6,8,0.04456055909395218
chr16,4,7,8,0.692616879940033
chr16,4,8,8,0.0143679678440094
chr16,4,9,8,0.09653002768754959
chr16,4,10,8,0.06509485095739365
chr16,4,11,8,-0.006254186388105154
chr16,5,0,8,0.0163315087556839
chr16,5,1,8,0.05108515918254852
chr16,5,2,8,-0.0633266270160675
chr16,5,3,8,-0.003956180531531572
chr16,5,4,8,-0.0985991582274437
chr16,5,5,8,0.021184854209423065
chr16,5,6,8,-0.006228787824511528
chr16,5,7,8,0.04087553173303604
chr16,5,8,8,0.03209972381591797
chr16,5,9,8,0.05389862507581711
chr16,5,10,8,-0.048575423657894135
chr16,5,11,8,-0.18096637725830078
chr16,6,0,8,0.005276769399642944
chr16,6,1,8,0.0017345142550766468
chr16,6,2,8,0.1133628785610199
chr16,6,3,8,0.0773886889219284
chr16,6,4,8,-0.003107244148850441
chr16,6,5,8,-0.00016792863607406616
chr16,6,6,8,0.0682893842458725
chr16,6,7,8,0.0010829083621501923
chr16,6,8,8,0.014158070087432861
chr16,6,9,8,0.010107800364494324
chr16,6,10,8,-0.02961551398038864
chr16,6,11,8,-0.05592537671327591
chr16,7,0,8,0.12674018740653992
chr16,7,1,8,-0.2872698903083801
chr16,7,2,8,0.067898690700531
chr16,7,3,8,-0.13103321194648743
chr16,7,4,8,-0.026598606258630753
chr16,7,5,8,0.07998266071081161
chr16,7,6,8,-0.113312266767025
chr16,7,7,8,-0.08692266792058945
chr16,7,8,8,0.008354328572750092
chr16,7,9,8,-0.015240930020809174
chr16,7,10,8,-0.1341884583234787
chr16,7,11,8,-0.10963954776525497
chr16,8,0,8,0.029172725975513458
chr16,8,1,8,0.018282048404216766
chr16,8,2,8,0.09403115510940552
chr16,8,3,8,0.04719821363687515
chr16,8,4,8,-0.12552610039710999
chr16,8,5,8,-0.04567892104387283
chr16,8,6,8,0.002398233860731125
chr16,8,7,8,0.004911733325570822
chr16,8,8,8,-0.03351221978664398
chr16,8,9,8,-0.05442315340042114
chr16,8,10,8,0.04650816321372986
chr16,8,11,8,-0.024476192891597748
chr16,9,0,8,0.01635182648897171
chr16,9,1,8,0.09834065288305283
chr16,9,2,8,0.06750694662332535
chr16,9,3,8,-0.02409658581018448
chr16,9,4,8,0.022807849571108818
chr16,9,5,8,-0.039041828364133835
chr16,9,6,8,0.009146757423877716
chr16,9,7,8,-0.023439282551407814
chr16,9,8,8,0.0013037025928497314
chr16,9,9,8,0.007441394031047821
chr16,9,10,8,0.06303982436656952
chr16,9,11,8,-0.00660078227519989
chr16,10,0,8,0.04853569716215134
chr16,10,1,8,-0.008312307298183441
chr16,10,2,8,-0.027520030736923218
chr16,10,3,8,0.05247987434267998
chr16,10,4,8,-0.03517313301563263
chr16,10,5,8,0.000575995072722435
chr16,10,6,8,0.028648873791098595
chr16,10,7,8,0.005353305488824844
chr16,10,8,8,0.001492820680141449
chr16,10,9,8,-0.005142912268638611
chr16,10,10,8,-0.04144902527332306
chr16,10,11,8,-0.015270382165908813
chr16,11,0,8,0.0010431259870529175
chr16,11,1,8,0.023755718022584915
chr16,11,2,8,0.005953699350357056
chr16,11,3,8,-0.08279746025800705
chr16,11,4,8,0.021575365215539932
chr16,11,5,8,-0.017175689339637756
chr16,11,6,8,0.05837966129183769
chr16,11,7,8,0.13806428015232086
chr16,11,8,8,-0.022847265005111694
chr16,11,9,8,-0.012519754469394684
chr16,11,10,8,0.01681654155254364
chr16,11,11,8,-0.08385457843542099
chr17,0,0,15,-0.00860452651977539
chr17,0,1,15,-0.006605390924960375
chr17,0,2,15,0.005780800245702267
chr17,0,3,15,-0.004723896738141775
chr17,0,4,15,-0.0010589148150756955
chr17,0,5,15,-0.03645448386669159
chr17,0,6,15,-0.04376078397035599
chr17,0,7,15,0.06596151739358902
chr17,0,8,15,-0.002282607601955533
chr17,0,9,15,-0.0021694779861718416
chr17,0,10,15,0.0006909588701091707
chr17,0,11,15,-0.006133886054158211
chr17,1,0,15,-0.027551766484975815
chr17,1,1,15,-0.0031493704300373793
chr17,1,2,15,-0.04455283656716347
chr17,1,3,15,0.015559093095362186
chr17,1,4,15,-0.03100336715579033
chr17,1,5,15,0.007035186048597097
chr17,1,6,15,0.08153200149536133
chr17,1,7,15,0.0022829691879451275
chr17,1,8,15,0.027055609971284866
chr17,1,9,15,0.027502071112394333
chr17,1,10,15,0.0008552352664992213
chr17,1,11,15,0.03500960394740105
chr17,2,0,15,-0.03216942772269249
chr17,2,1,15,0.1308760792016983
chr17,2,2,15,-0.013128534890711308
chr17,2,3,15,-0.03362143039703369
chr17,2,4,15,-0.05620547756552696
chr17,2,5,15,-0.04889678955078125
chr17,2,6,15,0.05560123920440674
chr17,2,7,15,-0.013720734976232052
chr17,2,8,15,0.009661217220127583
chr17,2,9,15,-0.03609544783830643
chr17,2,10,15,-0.06503282487392426
chr17,2,11,15,-0.0707029327750206
chr17,3,0,15,0.005969798658043146
chr17,3,1,15,0.0020755608566105366
chr17,3,2,15,0.08699361234903336
chr17,3,3,15,0.047518935054540634
chr17,3,4,15,-0.019644316285848618
chr17,3,5,15,0.007152557373046875
chr17,3,6,15,-0.012003711424767971
chr17,3,7,15,0.06651825457811356
chr17,3,8,15,0.014879059977829456
chr17,3,9,15,0.02012496069073677
chr17,3,10,15,-0.09239635616540909
chr17,3,11,15,-0.018284780904650688
chr17,4,0,15,-0.07189574092626572
chr17,4,1,15,-0.031125064939260483
chr17,4,2,15,0.009612037800252438
chr17,4,3,15,0.009059189818799496
chr17,4,4,15,-0.08481738716363907
chr17,4,5,15,-0.028355633839964867
chr17,4,6,15,-0.04124587029218674
chr17,4,7,15,0.1389153152704239
chr17,4,8,15,-0.062458332628011703
chr17,4,9,15,0.1049732118844986
chr17,4,10,15,-0.00784135702997446
chr17,4,11,15,-0.0076453471556305885
chr17,5,0,15,0.10785781592130661
chr17,5,1,15,-4.498163889365969e-06
chr17,5,2,15,-0.034120745956897736
chr17,5,3,15,0.0017101990524679422
chr17,5,4,15,0.026118189096450806
chr17,5,5,15,0.09947201609611511
chr17,5,6,15,-0.054382141679525375
chr17,5,7,15,0.011428257450461388
chr17,5,8,15,0.023935090750455856
chr17,5,9,15,0.028331097215414047
chr17,5,10,15,-0.010784268379211426
chr17,5,11,15,-0.10483727604150772
chr17,6,0,15,0.014661678113043308
chr17,6,1,15,0.017154226079583168
chr17,6,2,15,0.01042229775339365
chr17,6,3,15,0.18478699028491974
chr17,6,4,15,0.016742384061217308
chr17,6,5,15,0.004263906739652157
chr17,6,6,15,0.05553477257490158
chr17,6,7,15,-0.024612655863165855
chr17,6,8,15,0.01132487878203392
chr17,6,9,15,0.15190519392490387
chr17,6,10,15,0.04854892939329147
chr17,6,11,15,0.032885730266571045
chr17,7,0,15,0.007677876856178045
chr17,7,1,15,-0.10566798597574234
chr17,7,2,15,-0.008027569390833378
chr17,7,3,15,0.04753649979829788
chr17,7,4,15,0.06036116182804108
chr17,7,5,15,0.020490417256951332
chr17,7,6,15,0.04767395183444023
chr17,7,7,15,0.0855230987071991
chr17,7,8,15,0.008608627133071423
chr17,7,9,15,0.02062617614865303
chr17,7,10,15,-0.04698430001735687
chr17,7,11,15,0.06538581848144531
chr17,8,0,15,0.014416524209082127
chr17,8,1,15,0.025720572099089622
chr17,8,2,15,0.015341337770223618
chr17,8,3,15,0.07716487348079681
chr17,8,4,15,0.019337894394993782
chr17,8,5,15,0.08423077315092087
chr17,8,6,15,0.044646985828876495
chr17,8,7,15,0.0842384323477745
chr17,8,8,15,0.01661098003387451
chr17,8,9,15,0.0032842436339706182
chr17,8,10,15,0.06293151527643204
chr17,8,11,15,0.07204501330852509
chr17,9,0,15,0.11651897430419922
chr17,9,1,15,-0.05739419534802437
chr17,9,2,15,0.009986360557377338
chr17,9,3,15,-0.0033337075728923082
chr17,9,4,15,0.06367431581020355
chr17,9,5,15,0.06867571175098419
chr17,9,6,15,0.020636113360524178
chr17,9,7,15,0.0627700537443161
chr17,9,8,15,1.4162063962430693e-05
chr17,9,9,15,0.00015242894005496055
chr17,9,10,15,0.022469257935881615
chr17,9,11,15,0.05970579758286476
chr17,10,0,15,0.02743641473352909
chr17,10,1,15,0.009823394007980824
chr17,10,2,15,0.018036922439932823
chr17,10,3,15,0.028095101937651634
chr17,10,4,15,0.018708746880292892
chr17,10,5,15,0.005296214483678341
chr17,10,6,15,-0.021444985643029213
chr17,10,7,15,-0.08914658427238464
chr17,10,8,15,0.0012284953845664859
chr17,10,9,15,0.002091924427077174
chr17,10,10,15,0.024929983541369438
chr17,10,11,15,0.009402824565768242
chr17,11,0,15,0.0019038597820326686
chr17,11,1,15,0.047917306423187256
chr17,11,2,15,-0.04787399619817734
chr17,11,3,15,0.029635868966579437
chr17,11,4,15,0.01479249820113182
chr17,11,5,15,0.02521761693060398
chr17,11,6,15,-0.029942791908979416
chr17,11,7,15,-0.0499485582113266
chr17,11,8,15,0.010437333956360817
chr17,11,9,15,-0.0022038023453205824
chr17,11,10,15,-0.023195255547761917
chr17,11,11,15,0.009178364649415016
chr18,0,0,3,-0.02678680419921875
chr18,0,1,3,-0.0030838847160339355
chr18,0,2,3,-0.02516098879277706
chr18,0,3,3,-0.004396962467581034
chr18,0,4,3,-0.000997614930383861
chr18,0,5,3,-0.09845998138189316
chr18,0,6,3,-0.1846483200788498
chr18,0,7,3,0.13419149816036224
chr18,0,8,3,-0.000989039777778089
chr18,0,9,3,-0.0006780028343200684
chr18,0,10,3,-0.004580932203680277
chr18,0,11,3,-0.009657423011958599
chr18,1,0,3,-0.0009293754701502621
chr18,1,1,3,-0.03915558382868767
chr18,1,2,3,0.031980693340301514
chr18,1,3,3,0.043181657791137695
chr18,1,4,3,0.19559629261493683
chr18,1,5,3,0.006221105810254812
chr18,1,6,3,0.028733909130096436
chr18,1,7,3,0.033433932811021805
chr18,1,8,3,-0.05006013438105583
chr18,1,9,3,0.058832187205553055
chr18,1,10,3,0.045551080256700516
chr18,1,11,3,0.07216920703649521
chr18,2,0,3,0.06206830218434334
chr18,2,1,3,0.08384259790182114
chr18,2,2,3,-0.013895015232264996
chr18,2,3,3,-0.022325456142425537
chr18,2,4,3,-0.03259199857711792
chr18,2,5,3,-0.10246863216161728
chr18,2,6,3,-0.176114022731781
chr18,2,7,3,0.034934479743242264
chr18,2,8,3,-0.05451458692550659
chr18,2,9,3,0.006893416400998831
chr18,2,10,3,0.07782790064811707
chr18,2,11,3,0.27983558177948
chr18,3,0,3,0.00408568000420928
chr18,3,1,3,-0.09116196632385254
chr18,3,2,3,-0.09016895294189453
chr18,3,3,3,-0.020310917869210243
chr18,3,4,3,-0.017549986019730568
chr18,3,5,3,-0.08320442587137222
chr18,3,6,3,0.11089030653238297
chr18,3,7,3,-0.0781259834766388
chr18,3,8,3,0.04584848880767822
chr18,3,9,3,-0.00709138298407197
chr18,3,10,3,-0.18935953080654144
chr18,3,11,3,0.08925946801900864
chr18,4,0,3,-0.17719022929668427
chr18,4,1,3,-0.07035128772258759
chr18,4,2,3,-0.07092776149511337
chr18,4,3,3,-0.02131780982017517
chr18,4,4,3,0.09921347349882126
chr18,4,5,3,0.04016513004899025
chr18,4,6,3,0.06288204342126846
chr18,4,7,3,-0.32692936062812805
chr18,4,8,3,-0.0009552637930028141
chr18,4,9,3,-0.09164609760046005
chr18,4,10,3,-0.13445943593978882
chr18,4,11,3,-0.06174314022064209
chr18,5,0,3,0.005335768219083548
chr18,5,1,3,-0.04538750648498535
chr18,5,2,3,0.008362713269889355
chr18,5,3,3,-0.003469165414571762
chr18,5,4,3,-0.018870586529374123
chr18,5,5,3,0.04822961613535881
chr18,5,6,3,-0.054258570075035095
chr18,5,7,3,-0.02749994397163391
chr18,5,8,3,0.001135369180701673
chr18,5,9,3,0.0036842424888163805
chr18,5,10,3,0.004230121616274118
chr18,5,11,3,-0.07172098010778427
chr18,6,0,3,-0.0023488004226237535
chr18,6,1,3,0.03382791206240654
chr18,6,2,3,-0.08002233505249023
chr18,6,3,3,-0.3430136740207672
chr18,6,4,3,-0.026204993948340416
chr18,6,5,3,-0.00464765727519989
chr18,6,6,3,-0.012280928902328014
chr18,6,7,3,-0.013299137353897095
chr18,6,8,3,-0.03923775628209114
chr18,6,9,3,0.2950216233730316
chr18,6,10,3,0.02401142381131649
chr18,6,11,3,-0.10537046194076538
chr18,7,0,3,-0.07702239602804184
chr18,7,1,3,0.310070663690567
chr18,7,2,3,-0.02414735220372677
chr18,7,3,3,0.09113500267267227
chr18,7,4,3,0.023766716942191124
chr18,7,5,3,-0.06869394332170486
chr18,7,6,3,0.019716909155249596
chr18,7,7,3,0.09282515197992325
chr18,7,8,3,-0.0011874636402353644
chr18,7,9,3,-0.019141515716910362
chr18,7,10,3,0.09857801347970963
chr18,7,11,3,0.012228931300342083
chr18,8,0,3,-0.1161954402923584
chr18,8,1,3,0.02983017824590206
chr18,8,2,3,-0.0665535256266594
chr18,8,3,3,0.051361244171857834
chr18,8,4,3,-0.047305915504693985
chr18,8,5,3,-0.033964551985263824
chr18,8,6,3,0.08017988502979279
chr18,8,7,3,-0.010354271158576012
chr18,8,8,3,-0.0442553348839283
chr18,8,9,3,-0.08917912095785141
chr18,8,10,3,0.14264541864395142
chr18,8,11,3,-0.006991371512413025
chr18,9,0,3,0.11261580139398575
chr18,9,1,3,-0.04968736693263054
chr18,9,2,3,0.0440184660255909
chr18,9,3,3,-0.07379379123449326
chr18,9,4,3,-0.007221440318971872
chr18,9,5,3,-0.06827095150947571
chr18,9,6,3,0.005068744067102671
chr18,9,7,3,-0.04418786242604256
chr18,9,8,3,-0.01274766493588686
chr18,9,9,3,0.020793398842215538
chr18,9,10,3,-0.008158366195857525
chr18,9,11,3,0.021604472771286964
chr18,10,0,3,0.03314979746937752
chr18,10,1,3,-0.02285079099237919
chr18,10,2,3,0.03787018731236458
chr18,10,3,3,0.0821184441447258
chr18,10,4,3,-0.07272166013717651
chr18,10,5,3,-0.0060811578296124935
chr18,10,6,3,0.06068623065948486
chr18,10,7,3,0.1317148059606552
chr18,10,8,3,0.001305222511291504
chr18,10,9,3,-0.00176127755548805
chr18,10,10,3,-0.04167284443974495
chr18,10,11,3,0.04266512393951416
chr18,11,0,3,-0.0010998249053955078
chr18,11,1,3,0.147613525390625
chr18,11,2,3,-0.058950264006853104
chr18,11,3,3,-0.09673921018838882
chr18,11,4,3,0.08070803433656693
chr18,11,5,3,-0.13854044675827026
chr18,11,6,3,0.001767228008247912
chr18,11,7,3,0.04351447895169258
chr18,11,8,3,0.02962271310389042
chr18,11,9,3,0.005328556057065725
chr18,11,10,3,-0.04189246892929077
chr18,11,11,3,-0.05475121736526489
chr19,0,0,13,-9.471636440139264e-05
chr19,0,1,13,-0.008224799297749996
chr19,0,2,13,0.006052814889699221
chr19,0,3,13,-0.001009539351798594
chr19,0,4,13,-0.00026900286320596933
chr19,0,5,13,-0.03383734077215195
chr19,0,6,13,-0.07944042980670929
chr19,0,7,13,0.019017696380615234
chr19,0,8,13,0.002376803895458579
chr19,0,9,13,-0.0022295804228633642
chr19,0,10,13,-0.0024804978165775537
chr19,0,11,13,-0.0010084647219628096
chr19,1,0,13,0.028495443984866142
chr19,1,1,13,0.0007845988729968667
chr19,1,2,13,-0.08940519392490387
chr19,1,3,13,-0.035441555082798004
chr19,1,4,13,0.0005956509849056602
chr19,1,5,13,-0.0076349698938429356
chr19,1,6,13,0.07114310562610626
chr19,1,7,13,-0.016421139240264893
chr19,1,8,13,-0.03298873081803322
chr19,1,9,13,-0.01587899774312973
chr19,1,10,13,0.010574249550700188
chr19,1,11,13,-0.07292628288269043
chr19,2,0,13,0.0033121018204838037
chr19,2,1,13,0.08494620770215988
chr19,2,2,13,0.057364366948604584
chr19,2,3,13,-0.020609714090824127
chr19,2,4,13,-0.06568347662687302
chr19,2,5,13,0.038744404911994934
chr19,2,6,13,-0.014980098232626915
chr19,2,7,13,0.025246385484933853
chr19,2,8,13,0.03375599905848503
chr19,2,9,13,-0.021277381107211113
chr19,2,10,13,-0.1918870061635971
chr19,2,11,13,0.16164442896842957
chr19,3,0,13,-0.020128535106778145
chr19,3,1,13,0.014711517840623856
chr19,3,2,13,0.2702283561229706
chr19,3,3,13,0.10412023961544037
chr19,3,4,13,-0.08231787383556366
chr19,3,5,13,-0.005073359236121178
chr19,3,6,13,0.0234533678740263
chr19,3,7,13,0.048868417739868164
chr19,3,8,13,0.049904126673936844
chr19,3,9,13,0.009141490794718266
chr19,3,10,13,-0.17284934222698212
chr19,3,11,13,-0.027889929711818695
chr19,4,0,13,0.0186946801841259
chr19,4,1,13,-0.0026734424754977226
chr19,4,2,13,-0.003315594280138612
chr19,4,3,13,-0.004875844344496727
chr19,4,4,13,-0.1515478789806366
chr19,4,5,13,-0.02580234408378601
chr19,4,6,13,-0.020065294578671455
chr19,4,7,13,0.17668257653713226
chr19,4,8,13,0.012972152791917324
chr19,4,9,13,0.0535360723733902
chr19,4,10,13,0.007485577836632729
chr19,4,11,13,-0.009480219334363937
chr19,5,0,13,0.0022742976434528828
chr19,5,1,13,0.01521971169859171
chr19,5,2,13,-0.015198593959212303
chr19,5,3,13,0.0010024897055700421
chr19,5,4,13,-0.00020045902056153864
chr19,5,5,13,0.0652427151799202
chr19,5,6,13,0.03275546804070473
chr19,5,7,13,0.11818105727434158
chr19,5,8,13,0.022784549742937088
chr19,5,9,13,-0.034159716218709946
chr19,5,10,13,-0.008670078590512276
chr19,5,11,13,-0.07211276143789291
chr19,6,0,13,0.03197811171412468
chr19,6,1,13,-0.004575541242957115
chr19,6,2,13,0.06573491543531418
chr19,6,3,13,0.27757537364959717
chr19,6,4,13,-0.009837658144533634
chr19,6,5,13,0.003398867091163993
chr19,6,6,13,0.028523316606879234
chr19,6,7,13,0.02073916606605053
chr19,6,8,13,0.009081198833882809
chr19,6,9,13,0.20362292230129242
chr19,6,10,13,0.002396994736045599
chr19,6,11,13,0.03307931125164032
chr19,7,0,13,0.08688902109861374
chr19,7,1,13,-0.07927465438842773
chr19,7,2,13,0.03158958628773689
chr19,7,3,13,-0.006056253798305988
chr19,7,4,13,0.0038797350134700537
chr19,7,5,13,-0.0002567527408245951
chr19,7,6,13,0.004673287738114595
chr19,7,7,13,-0.01782653108239174
chr19,7,8,13,0.004170261789113283
chr19,7,9,13,-0.017061948776245117
chr19,7,10,13,-0.006375695578753948
chr19,7,11,13,-0.008913864381611347
chr19,8,0,13,0.04219609871506691
chr19,8,1,13,0.005935325287282467
chr19,8,2,13,0.050186071544885635
chr19,8,3,13,0.01629593037068844
chr19,8,4,13,-0.01754743792116642
chr19,8,5,13,0.005070134066045284
chr19,8,6,13,-0.0111601073294878
chr19,8,7,13,-0.0026521687395870686
chr19,8,8,13,-0.020577631890773773
chr19,8,9,13,-0.02165725640952587
chr19,8,10,13,0.0029334609862416983
chr19,8,11,13,0.008814528584480286
chr19,9,0,13,0.0792304202914238
chr19,9,1,13,0.012980250641703606
chr19,9,2,13,0.031012268736958504
chr19,9,3,13,0.08084212988615036
chr19,9,4,13,0.013959472067654133
chr19,9,5,13,-0.0065913149155676365
chr19,9,6,13,0.06968973577022552
chr19,9,7,13,-0.008725070394575596
chr19,9,8,13,-8.68393835844472e-05
chr19,9,9,13,0.004595137666910887
chr19,9,10,13,0.007077946327626705
chr19,9,11,13,0.011338945478200912
chr19,10,0,13,-0.020799342542886734
chr19,10,1,13,0.00646946532651782
chr19,10,2,13,0.002742175944149494
chr19,10,3,13,0.043719347566366196
chr19,10,4,13,0.051282986998558044
chr19,10,5,13,0.014075829647481441
chr19,10,6,13,-0.004243820905685425
chr19,10,7,13,0.03586696833372116
chr19,10,8,13,-0.0009482319583185017
chr19,10,9,13,0.001710855052806437
chr19,10,10,13,0.027189556509256363
chr19,10,11,13,0.012576743960380554
chr19,11,0,13,-0.003639867762103677
chr19,11,1,13,-0.01638445071876049
chr19,11,2,13,0.03517288342118263
chr19,11,3,13,0.028307301923632622
chr19,11,4,13,0.024597685784101486
chr19,11,5,13,-0.09913916140794754
chr19,11,6,13,-0.008526919409632683
chr19,11,7,13,-0.02950013428926468
chr19,11,8,13,-0.02735712379217148
chr19,11,9,13,-0.0060717323794960976
chr19,11,10,13,-0.051490169018507004
chr19,11,11,13,0.00789638701826334
chr2,0,0,28,-0.011193535290658474
chr2,0,1,28,-0.004625797271728516
chr2,0,2,28,-0.014031710103154182
chr2,0,3,28,0.0006259084329940379
chr2,0,4,28,-0.00035030735307373106
chr2,0,5,28,-0.02467287890613079
chr2,0,6,28,-0.018347840756177902
chr2,0,7,28,-0.06313707679510117
chr2,0,8,28,-0.004284051712602377
chr2,0,9,28,-0.005493096075952053
chr2,0,10,28,0.002997404197230935
chr2,0,11,28,-0.01021785382181406
chr2,1,0,28,-0.011923261918127537
chr2,1,1,28,0.0013282342115417123
chr2,1,2,28,-0.04276615381240845
chr2,1,3,28,-0.05624881759285927
chr2,1,4,28,-0.01735415682196617
chr2,1,5,28,-0.02889576554298401
chr2,1,6,28,-0.020959211513400078
chr2,1,7,28,0.013808627612888813
chr2,1,8,28,0.0364370159804821
chr2,1,9,28,-0.023643622174859047
chr2,1,10,28,-0.002840318949893117
chr2,1,11,28,-0.10971172153949738
chr2,2,0,28,-0.010985053144395351
chr2,2,1,28,0.07055150717496872
chr2,2,2,28,-0.0035829097032546997
chr2,2,3,28,-0.05246780440211296
chr2,2,4,28,-0.025180591270327568
chr2,2,5,28,-0.03436484560370445
chr2,2,6,28,-0.05467861145734787
chr2,2,7,28,-0.015102307312190533
chr2,2,8,28,-0.006597899831831455
chr2,2,9,28,-0.04739203304052353
chr2,2,10,28,-0.07988301664590836
chr2,2,11,28,-0.09365616738796234
chr2,3,0,28,-0.012669937685132027
chr2,3,1,28,-0.03310859948396683
chr2,3,2,28,0.08229362964630127
chr2,3,3,28,0.015220931731164455
chr2,3,4,28,-0.0405302532017231
chr2,3,5,28,-0.09238998591899872
chr2,3,6,28,0.023653756827116013
chr2,3,7,28,0.038159456104040146
chr2,3,8,28,0.00953135546296835
chr2,3,9,28,0.042019378393888474
chr2,3,10,28,-0.09545063227415085
chr2,3,11,28,-0.03503039479255676
chr2,4,0,28,0.003170683979988098
chr2,4,1,28,0.047564297914505005
chr2,4,2,28,0.02778988517820835
chr2,4,3,28,-0.022057270631194115
chr2,4,4,28,-0.027413126081228256
chr2,4,5,28,0.06201956793665886
chr2,4,6,28,-0.044927723705768585
chr2,4,7,28,0.23898039758205414
chr2,4,8,28,0.05886785313487053
chr2,4,9,28,0.11411286145448685
chr2,4,10,28,0.016952889040112495
chr2,4,11,28,0.006931188516318798
chr2,5,0,28,-0.04407796636223793
chr2,5,1,28,-0.02418619580566883
chr2,5,2,28,0.030240654945373535
chr2,5,3,28,-0.056801505386829376
chr2,5,4,28,0.05718380585312843
chr2,5,5,28,0.03343743458390236
chr2,5,6,28,-0.02162744477391243
chr2,5,7,28,-0.010485438629984856
chr2,5,8,28,0.0018689845455810428
chr2,5,9,28,0.10785172879695892
chr2,5,10,28,0.007197240833193064
chr2,5,11,28,-0.06396714597940445
chr2,6,0,28,0.01814807578921318
chr2,6,1,28,-0.006205600220710039
chr2,6,2,28,-0.014866390265524387
chr2,6,3,28,0.19095063209533691
chr2,6,4,28,-0.038315530866384506
chr2,6,5,28,-0.02848900854587555
chr2,6,6,28,-0.048724181950092316
chr2,6,7,28,-0.002353591611608863
chr2,6,8,28,-0.012902216985821724
chr2,6,9,28,0.2003384679555893
chr2,6,10,28,-0.0031712304335087538
chr2,6,11,28,0.027512626722455025
chr2,7,0,28,0.029027042910456657
chr2,7,1,28,0.02159719355404377
chr2,7,2,28,-0.023898331448435783
chr2,7,3,28,0.052933573722839355
chr2,7,4,28,0.034093353897333145
chr2,7,5,28,0.03319792076945305
chr2,7,6,28,0.053212642669677734
chr2,7,7,28,0.0223358366638422
chr2,7,8,28,-0.010473193600773811
chr2,7,9,28,-0.05808422341942787
chr2,7,10,28,0.10631946474313736
chr2,7,11,28,0.06848862022161484
chr2,8,0,28,-0.006739425007253885
chr2,8,1,28,-0.03228532522916794
chr2,8,2,28,0.062162064015865326
chr2,8,3,28,0.06048965826630592
chr2,8,4,28,0.09513001143932343
chr2,8,5,28,0.037271853536367416
chr2,8,6,28,-0.04426891356706619
chr2,8,7,28,0.030443210154771805
chr2,8,8,28,-0.006301194429397583
chr2,8,9,28,0.017510145902633667
chr2,8,10,28,-0.025752132758498192
chr2,8,11,28,0.05482768267393112
chr2,9,0,28,0.006765461526811123
chr2,9,1,28,-0.028912508860230446
chr2,9,2,28,-0.038807887583971024
chr2,9,3,28,0.16205301880836487
chr2,9,4,28,0.050590306520462036
chr2,9,5,28,0.025025542825460434
chr2,9,6,28,-0.001797736738808453
chr2,9,7,28,-0.0102394949644804
chr2,9,8,28,-0.01292970310896635
chr2,9,9,28,0.008715195581316948
chr2,9,10,28,-0.0743778795003891
chr2,9,11,28,0.0641682967543602
chr2,10,0,28,0.027084140107035637
chr2,10,1,28,0.006451962050050497
chr2,10,2,28,-0.0014699442544952035
chr2,10,3,28,0.028482133522629738
chr2,10,4,28,0.04628805071115494
chr2,10,5,28,-0.0013349817600101233
chr2,10,6,28,-0.013284577056765556
chr2,10,7,28,-0.0013362435856834054
chr2,10,8,28,0.0062463050708174706
chr2,10,9,28,-0.007027283310890198
chr2,10,10,28,-0.004102262202650309
chr2,10,11,28,0.044519755989313126
chr2,11,0,28,0.012011498212814331
chr2,11,1,28,-0.010458504781126976
chr2,11,2,28,-0.045690178871154785
chr2,11,3,28,0.007795795798301697
chr2,11,4,28,0.0593545101583004
chr2,11,5,28,-0.04911166429519653
chr2,11,6,28,-0.0324086956679821
chr2,11,7,28,0.04833048954606056
chr2,11,8,28,0.01216354500502348
chr2,11,9,28,-0.012166344560682774
chr2,11,10,28,-0.0476408526301384
chr2,11,11,28,0.023472337052226067
chr20,0,0,3,-0.008194148540496826
chr20,0,1,3,-0.0076751708984375
chr20,0,2,3,-0.01873832941055298
chr20,0,3,3,-0.004372686147689819
chr20,0,4,3,4.157043804298155e-05
chr20,0,5,3,-0.04716682434082031
chr20,0,6,3,-0.03154061362147331
chr20,0,7,3,0.07607871294021606
chr20,0,8,3,0.003054241416975856
chr20,0,9,3,-0.020018795505166054
chr20,0,10,3,-0.008128819055855274
chr20,0,11,3,0.003337939502671361
chr20,1,0,3,-0.027577856555581093
chr20,1,1,3,-0.023435989394783974
chr20,1,2,3,-0.06305267661809921
chr20,1,3,3,-0.03651430085301399
chr20,1,4,3,-0.06621948629617691
chr20,1,5,3,-0.1124768853187561
chr20,1,6,3,0.13734528422355652
chr20,1,7,3,0.06540413945913315
chr20,1,8,3,-0.07049030065536499
chr20,1,9,3,-0.07433392852544785
chr20,1,10,3,0.005453566554933786
chr20,1,11,3,0.04039102792739868
chr20,2,0,3,0.06621789932250977
chr20,2,1,3,0.1894405037164688
chr20,2,2,3,0.06543555110692978
chr20,2,3,3,-0.05087260529398918
chr20,2,4,3,-0.15688836574554443
chr20,2,5,3,-0.1557670384645462
chr20,2,6,3,0.03348364308476448
chr20,2,7,3,0.006062766071408987
chr20,2,8,3,-0.00658281659707427
chr20,2,9,3,-0.005015989299863577
chr20,2,10,3,-0.3646291494369507
chr20,2,11,3,0.26798462867736816
chr20,3,0,3,-0.15421688556671143
chr20,3,1,3,0.12235494703054428
chr20,3,2,3,0.38133764266967773
chr20,3,3,3,0.0824866071343422
chr20,3,4,3,-0.10216937214136124
chr20,3,5,3,0.1416507512331009
chr20,3,6,3,-0.035183828324079514
chr20,3,7,3,0.13237346708774567
chr20,3,8,3,0.08680101484060287
chr20,3,9,3,0.12232401221990585
chr20,3,10,3,-0.27607589960098267
chr20,3,11,3,-0.00552282715216279
chr20,4,0,3,0.13335071504116058
chr20,4,1,3,0.0672021135687828
chr20,4,2,3,0.032028891146183014
chr20,4,3,3,0.036968160420656204
chr20,4,4,3,-0.16444571316242218
chr20,4,5,3,-0.11860311031341553
chr20,4,6,3,-0.1700422316789627
chr20,4,7,3,1.230985403060913
chr20,4,8,3,-0.015285015106201172
chr20,4,9,3,0.020868241786956787
chr20,4,10,3,0.017988383769989014
chr20,4,11,3,0.05788365378975868
chr20,5,0,3,0.1507588028907776
chr20,5,1,3,0.059043388813734055
chr20,5,2,3,0.2705564498901367
chr20,5,3,3,0.05231216922402382
chr20,5,4,3,1.1704943180084229
chr20,5,5,3,0.26836904883384705
chr20,5,6,3,-0.020607268437743187
chr20,5,7,3,0.05709785223007202
chr20,5,8,3,0.019105276092886925
chr20,5,9,3,0.5312965512275696
chr20,5,10,3,0.3716862201690674
chr20,5,11,3,0.021919479593634605
chr20,6,0,3,0.29633721709251404
chr20,6,1,3,0.07217801362276077
chr20,6,2,3,0.21620231866836548
chr20,6,3,3,0.6277519464492798
chr20,6,4,3,0.06852895766496658
chr20,6,5,3,0.07846008986234665
chr20,6,6,3,0.5429204106330872
chr20,6,7,3,0.09653306007385254
chr20,6,8,3,0.05127440020442009
chr20,6,9,3,0.7582705616950989
chr20,6,10,3,0.29712507128715515
chr20,6,11,3,0.3297838270664215
chr20,7,0,3,0.19372491538524628
chr20,7,1,3,0.5273857712745667
chr20,7,2,3,0.0996449813246727
chr20,7,3,3,0.4631411135196686
chr20,7,4,3,0.06345079839229584
chr20,7,5,3,-0.01796034909784794
chr20,7,6,3,0.450985312461853
chr20,7,7,3,0.42094627022743225
chr20,7,8,3,0.042802054435014725
chr20,7,9,3,0.09787080436944962
chr20,7,10,3,0.5755345821380615
chr20,7,11,3,0.5993213653564453
chr20,8,0,3,0.06704983860254288
chr20,8,1,3,0.0034287769813090563
chr20,8,2,3,0.3682592213153839
chr20,8,3,3,0.11401744931936264
chr20,8,4,3,0.11535874009132385
chr20,8,5,3,0.16654552519321442
chr20,8,6,3,0.011905978433787823
chr20,8,7,3,0.01935771107673645
chr20,8,8,3,-0.10746288299560547
chr20,8,9,3,-0.056119341403245926
chr20,8,10,3,0.11991264671087265
chr20,8,11,3,0.1293376386165619
chr20,9,0,3,-0.002069493057206273
chr20,9,1,3,-0.019395729526877403
chr20,9,2,3,-0.04425190016627312
chr20,9,3,3,0.23685234785079956
chr20,9,4,3,0.04790107533335686
chr20,9,5,3,0.01548793911933899
chr20,9,6,3,-0.0320824570953846
chr20,9,7,3,0.01395848672837019
chr20,9,8,3,-0.1045985221862793
chr20,9,9,3,-0.02848353050649166
chr20,9,10,3,0.04077732563018799
chr20,9,11,3,0.24958497285842896
chr20,10,0,3,-0.028185009956359863
chr20,10,1,3,-0.07071974128484726
chr20,10,2,3,-0.028057893738150597
chr20,10,3,3,0.06449957191944122
chr20,10,4,3,0.0508868545293808
chr20,10,5,3,-0.0206251610070467
chr20,10,6,3,0.01255335658788681
chr20,10,7,3,-0.10214179009199142
chr20,10,8,3,-0.007760325912386179
chr20,10,9,3,-0.08686689287424088
chr20,10,10,3,-0.06670171022415161
chr20,10,11,3,0.061368707567453384
chr20,11,0,3,-0.0057100653648376465
chr20,11,1,3,0.010341246612370014
chr20,11,2,3,0.06094161793589592
chr20,11,3,3,0.29436174035072327
chr20,11,4,3,0.052054762840270996
chr20,11,5,3,0.045203905552625656
chr20,11,6,3,0.028551528230309486
chr20,11,7,3,0.048649948090314865
chr20,11,8,3,0.012465338222682476
chr20,11,9,3,-0.039374273270368576
chr20,11,10,3,-0.08157400041818619
chr20,11,11,3,0.26275983452796936
chr21,0,0,1,0.03787100315093994
chr21,0,1,1,0.012033224105834961
chr21,0,2,1,0.02949702739715576
chr21,0,3,1,0.006129130721092224
chr21,0,4,1,-0.0007325257174670696
chr21,0,5,1,-0.01621347665786743
chr21,0,6,1,-0.1286894679069519
chr21,0,7,1,0.2036159634590149
chr21,0,8,1,-0.0009587407112121582
chr21,0,9,1,0.059697091579437256
chr21,0,10,1,0.019244492053985596
chr21,0,11,1,-0.003013014793395996
chr21,1,0,1,0.0884319543838501
chr21,1,1,1,-0.2848782539367676
chr21,1,2,1,-0.22752413153648376
chr21,1,3,1,-0.0076596736907958984
chr21,1,4,1,-0.012523919343948364
chr21,1,5,1,-0.08745682239532471
chr21,1,6,1,-0.1042974591255188
chr21,1,7,1,-0.05955570936203003
chr21,1,8,1,-0.1111149787902832
chr21,1,9,1,0.010549783706665039
chr21,1,10,1,0.0885167121887207
chr21,1,11,1,-0.016684770584106445
chr21,2,0,1,0.0732811689376831
chr21,2,1,1,-0.1504213809967041
chr21,2,2,1,0.06605827808380127
chr21,2,3,1,0.06665605306625366
chr21,2,4,1,-0.05727970600128174
chr21,2,5,1,-0.3677516579627991
chr21,2,6,1,-0.02478688955307007
chr21,2,7,1,-0.004073500633239746
chr21,2,8,1,0.10163545608520508
chr21,2,9,1,0.005662381649017334
chr21,2,10,1,-0.5606932640075684
chr21,2,11,1,-0.239973783493042
chr21,3,0,1,0.1711227297782898
chr21,3,1,1,-0.21109044551849365
chr21,3,2,1,-0.4568256139755249
chr21,3,3,1,-0.12119442224502563
chr21,3,4,1,0.0319349467754364
chr21,3,5,1,0.343283474445343
chr21,3,6,1,0.20616024732589722
chr21,3,7,1,-0.02686530351638794
chr21,3,8,1,0.009588241577148438
chr21,3,9,1,-0.20536518096923828
chr21,3,10,1,0.3686026334762573
chr21,3,11,1,0.1499660611152649
chr21,4,0,1,0.42743533849716187
chr21,4,1,1,0.1691901683807373
chr21,4,2,1,0.11657793819904327
chr21,4,3,1,0.1302528977394104
chr21,4,4,1,0.41859012842178345
chr21,4,5,1,0.16074028611183167
chr21,4,6,1,0.008747100830078125
chr21,4,7,1,0.7877318263053894
chr21,4,8,1,0.23179864883422852
chr21,4,9,1,0.34421128034591675
chr21,4,10,1,-0.13065171241760254
chr21,4,11,1,0.2807765305042267
chr21,5,0,1,-0.006461501121520996
chr21,5,1,1,-0.16463327407836914
chr21,5,2,1,0.170076385140419
chr21,5,3,1,0.015903472900390625
chr21,5,4,1,0.16423138976097107
chr21,5,5,1,0.2995585799217224
chr21,5,6,1,0.13256484270095825
chr21,5,7,1,-0.005777329206466675
chr21,5,8,1,-0.0885089635848999
chr21,5,9,1,0.03508806228637695
chr21,5,10,1,0.1012895256280899
chr21,5,11,1,0.13021567463874817
chr21,6,0,1,-0.06094670295715332
chr21,6,1,1,0.00855262391269207
chr21,6,2,1,0.1897127628326416
chr21,6,3,1,0.3579229712486267
chr21,6,4,1,0.005859583616256714
chr21,6,5,1,0.2299380898475647
chr21,6,6,1,0.180675208568573
chr21,6,7,1,0.2541567385196686
chr21,6,8,1,-0.08657824993133545
chr21,6,9,1,0.054434359073638916
chr21,6,10,1,0.15396931767463684
chr21,6,11,1,0.19762633740901947
chr21,7,0,1,0.010491013526916504
chr21,7,1,1,0.6384995579719543
chr21,7,2,1,-0.04114270210266113
chr21,7,3,1,0.4326247572898865
chr21,7,4,1,0.055192090570926666
chr21,7,5,1,0.17668789625167847
chr21,7,6,1,0.17543424665927887
chr21,7,7,1,0.2663394808769226
chr21,7,8,1,-0.01232600212097168
chr21,7,9,1,-0.044052958488464355
chr21,7,10,1,1.135730266571045
chr21,7,11,1,0.6256021857261658
chr21,8,0,1,-0.1387854814529419
chr21,8,1,1,-0.034241676330566406
chr21,8,2,1,0.930712103843689
chr21,8,3,1,0.11750660836696625
chr21,8,4,1,0.2530931234359741
chr21,8,5,1,0.029751919209957123
chr21,8,6,1,-0.32643312215805054
chr21,8,7,1,-0.0007405783981084824
chr21,8,8,1,0.03920745849609375
chr21,8,9,1,-0.004532158374786377
chr21,8,10,1,-0.02763378620147705
chr21,8,11,1,0.08940840512514114
chr21,9,0,1,0.1270262598991394
chr21,9,1,1,0.10089528560638428
chr21,9,2,1,-0.05606633424758911
chr21,9,3,1,0.45221176743507385
chr21,9,4,1,-0.05959662050008774
chr21,9,5,1,-0.025973856449127197
chr21,9,6,1,0.3459938168525696
chr21,9,7,1,-0.2007972151041031
chr21,9,8,1,0.00019407272338867188
chr21,9,9,1,0.016857922077178955
chr21,9,10,1,0.06710392236709595
chr21,9,11,1,0.16564705967903137
chr21,10,0,1,-0.05712240934371948
chr21,10,1,1,0.05444824695587158
chr21,10,2,1,-0.11256039142608643
chr21,10,3,1,0.16831842064857483
chr21,10,4,1,0.050534188747406006
chr21,10,5,1,0.07159321010112762
chr21,10,6,1,0.0164211243391037
chr21,10,7,1,0.4925432801246643
chr21,10,8,1,-0.0017468929290771484
chr21,10,9,1,0.004679381847381592
chr21,10,10,1,-0.19495677947998047
chr21,10,11,1,0.10371936857700348
chr21,11,0,1,0.001514732837677002
chr21,11,1,1,0.21966880559921265
chr21,11,2,1,0.1413748860359192
chr21,11,3,1,-0.026831984519958496
chr21,11,4,1,0.1785532832145691
chr21,11,5,1,-0.4367193877696991
chr21,11,6,1,0.10678502917289734
chr21,11,7,1,0.18643677234649658
chr21,11,8,1,0.07221925258636475
chr21,11,9,1,-0.010564267635345459
chr21,11,10,1,-0.12045347690582275
chr21,11,11,1,0.23889577388763428
chr22,0,0,1,0.022735893726348877
chr22,0,1,1,0.004811882972717285
chr22,0,2,1,0.0011245012283325195
chr22,0,3,1,-0.005364470183849335
chr22,0,4,1,-0.001177365891635418
chr22,0,5,1,-0.02933865785598755
chr22,0,6,1,-0.34426993131637573
chr22,0,7,1,0.2308293581008911
chr22,0,8,1,0.022885262966156006
chr22,0,9,1,0.02416861057281494
chr22,0,10,1,0.002265721559524536
chr22,0,11,1,-0.02174544334411621
chr22,1,0,1,0.05186730623245239
chr22,1,1,1,-0.15520459413528442
chr22,1,2,1,-0.10768884420394897
chr22,1,3,1,-0.003815591335296631
chr22,1,4,1,-0.04189334809780121
chr22,1,5,1,-0.1603263020515442
chr22,1,6,1,-0.09828093647956848
chr22,1,7,1,-0.036528825759887695
chr22,1,8,1,0.019739747047424316
chr22,1,9,1,0.09655201435089111
chr22,1,10,1,-0.03758525848388672
chr22,1,11,1,0.11011970043182373
chr22,2,0,1,0.08548474311828613
chr22,2,1,1,-0.4088393449783325
chr22,2,2,1,0.18477863073349
chr22,2,3,1,-0.3223987817764282
chr22,2,4,1,0.1713641881942749
chr22,2,5,1,-0.00207442045211792
chr22,2,6,1,0.16577231884002686
chr22,2,7,1,-0.02978760004043579
chr22,2,8,1,0.19563472270965576
chr22,2,9,1,0.11254620552062988
chr22,2,10,1,-0.34912243485450745
chr22,2,11,1,0.6105070114135742
chr22,3,0,1,-0.1596572995185852
chr22,3,1,1,-0.03023582696914673
chr22,3,2,1,0.17548894882202148
chr22,3,3,1,0.024531960487365723
chr22,3,4,1,-0.11728762090206146
chr22,3,5,1,0.07920938730239868
chr22,3,6,1,0.13269346952438354
chr22,3,7,1,0.10504180192947388
chr22,3,8,1,-0.012515425682067871
chr22,3,9,1,0.012195408344268799
chr22,3,10,1,-0.27694350481033325
chr22,3,11,1,-0.16978222131729126
chr22,4,0,1,-0.3835707902908325
chr22,4,1,1,-0.04971185326576233
chr22,4,2,1,0.04007303714752197
chr22,4,3,1,0.0043008700013160706
chr22,4,4,1,-0.24427008628845215
chr22,4,5,1,0.003590598702430725
chr22,4,6,1,0.012923002243041992
chr22,4,7,1,0.1479804366827011
chr22,4,8,1,-0.050186753273010254
chr22,4,9,1,0.07209146022796631
chr22,4,10,1,-0.17812132835388184
chr22,4,11,1,0.013071272522211075
chr22,5,0,1,-0.17331373691558838
chr22,5,1,1,0.02219635248184204
chr22,5,2,1,0.03451433777809143
chr22,5,3,1,-0.0024331333115696907
chr22,5,4,1,-0.06800934672355652
chr22,5,5,1,-0.13658404350280762
chr22,5,6,1,-0.018774062395095825
chr22,5,7,1,0.13327428698539734
chr22,5,8,1,0.012416362762451172
chr22,5,9,1,-0.19716042280197144
chr22,5,10,1,-0.029167205095291138
chr22,5,11,1,-0.38174211978912354
chr22,6,0,1,-0.09696495532989502
chr22,6,1,1,-0.14529678225517273
chr22,6,2,1,-0.06994026899337769
chr22,6,3,1,-0.1316690444946289
chr22,6,4,1,0.03245607018470764
chr22,6,5,1,-0.12181270122528076
chr22,6,6,1,-0.12437877804040909
chr22,6,7,1,-0.4328610301017761
chr22,6,8,1,-0.052661240100860596
chr22,6,9,1,-0.20778203010559082
chr22,6,10,1,-0.09541141986846924
chr22,6,11,1,-0.3451427221298218
chr22,7,0,1,-0.012858271598815918
chr22,7,1,1,-0.9398067593574524
chr22,7,2,1,0.09788638353347778
chr22,7,3,1,-0.5817611217498779
chr22,7,4,1,-0.1287851631641388
chr22,7,5,1,-0.08912765979766846
chr22,7,6,1,-0.3162345290184021
chr22,7,7,1,-0.5055816173553467
chr22,7,8,1,0.03803926706314087
chr22,7,9,1,-0.07607042789459229
chr22,7,10,1,-1.2442584037780762
chr22,7,11,1,-0.7704412937164307
chr22,8,0,1,-0.02163475751876831
chr22,8,1,1,0.2560510039329529
chr22,8,2,1,-1.0534957647323608
chr22,8,3,1,-0.18053871393203735
chr22,8,4,1,-0.4735029339790344
chr22,8,5,1,-0.07146518677473068
chr22,8,6,1,-0.021849453449249268
chr22,8,7,1,0.021689830347895622
chr22,8,8,1,0.04807448387145996
chr22,8,9,1,0.07981586456298828
chr22,8,10,1,0.3435490131378174
chr22,8,11,1,-0.11852186918258667
chr22,9,0,1,-0.12892824411392212
chr22,9,1,1,-0.293778657913208
chr22,9,2,1,-0.37281858921051025
chr22,9,3,1,-0.5511732697486877
chr22,9,4,1,-0.13866007328033447
chr22,9,5,1,-0.07229140400886536
chr22,9,6,1,-0.22037798166275024
chr22,9,7,1,-0.07447946071624756
chr22,9,8,1,0.003805875778198242
chr22,9,9,1,0.012366414070129395
chr22,9,10,1,0.02182215452194214
chr22,9,11,1,-0.3348912298679352
chr22,10,0,1,0.1341114044189453
chr22,10,1,1,0.18164986371994019
chr22,10,2,1,0.1977420449256897
chr22,10,3,1,-0.10115869343280792
chr22,10,4,1,-0.01321825385093689
chr22,10,5,1,0.033658236265182495
chr22,10,6,1,0.17202790081501007
chr22,10,7,1,-0.26266008615493774
chr22,10,8,1,0.0036281347274780273
chr22,10,9,1,0.02531301975250244
chr22,10,10,1,-0.03945988416671753
chr22,10,11,1,-0.3917894661426544
chr22,11,0,1,0.0003871917724609375
chr22,11,1,1,-0.10223281383514404
chr22,11,2,1,0.03274667263031006
chr22,11,3,1,-0.10302770137786865
chr22,11,4,1,0.03305748105049133
chr22,11,5,1,0.008141934871673584
chr22,11,6,1,0.014955580234527588
chr22,11,7,1,-0.05228614807128906
chr22,11,8,1,0.055257976055145264
chr22,11,9,1,0.003269195556640625
chr22,11,10,1,0.0341450572013855
chr22,11,11,1,-0.4090462327003479
chr3,0,0,16,-0.01020745187997818
chr3,0,1,16,-0.007069937884807587
chr3,0,2,16,-0.011251997202634811
chr3,0,3,16,-0.0012029306963086128
chr3,0,4,16,-0.0005027299048379064
chr3,0,5,16,-0.02979721501469612
chr3,0,6,16,-0.0230695977807045
chr3,0,7,16,-0.0681680291891098
chr3,0,8,16,-0.0018268786370754242
chr3,0,9,16,-0.009072840213775635
chr3,0,10,16,0.004679449833929539
chr3,0,11,16,-0.023805007338523865
chr3,1,0,16,0.03454934433102608
chr3,1,1,16,0.02053089253604412
chr3,1,2,16,-0.006434885784983635
chr3,1,3,16,-0.016450699418783188
chr3,1,4,16,0.03725186735391617
chr3,1,5,16,-0.002001142129302025
chr3,1,6,16,0.05154816433787346
chr3,1,7,16,0.016361266374588013
chr3,1,8,16,-3.5025179386138916e-05
chr3,1,9,16,-0.0026921816170215607
chr3,1,10,16,-0.01040954515337944
chr3,1,11,16,-0.0016573462635278702
chr3,2,0,16,-0.023496899753808975
chr3,2,1,16,0.02320045977830887
chr3,2,2,16,0.017165400087833405
chr3,2,3,16,0.035359300673007965
chr3,2,4,16,-0.1265586018562317
chr3,2,5,16,0.03649405390024185
chr3,2,6,16,-0.10580484569072723
chr3,2,7,16,-0.007454048842191696
chr3,2,8,16,-0.010375026613473892
chr3,2,9,16,-0.0255342498421669
chr3,2,10,16,-0.13705883920192719
chr3,2,11,16,-0.004577837884426117
chr3,3,0,16,-0.023326080292463303
chr3,3,1,16,0.02523483708500862
chr3,3,2,16,0.16722869873046875
chr3,3,3,16,0.09921329468488693
chr3,3,4,16,-0.01032143272459507
chr3,3,5,16,-0.024342423304915428
chr3,3,6,16,0.02792299911379814
chr3,3,7,16,-0.0355602502822876
chr3,3,8,16,0.018402650952339172
chr3,3,9,16,0.036679431796073914
chr3,3,10,16,0.0062874555587768555
chr3,3,11,16,-0.03781898319721222
chr3,4,0,16,-0.04605647176504135
chr3,4,1,16,0.028324048966169357
chr3,4,2,16,0.0018599824979901314
chr3,4,3,16,-0.0019650382455438375
chr3,4,4,16,-0.06427711993455887
chr3,4,5,16,0.04945864900946617
chr3,4,6,16,0.07722347974777222
chr3,4,7,16,0.1349976807832718
chr3,4,8,16,0.003712441772222519
chr3,4,9,16,0.09028244018554688
chr3,4,10,16,0.047327686101198196
chr3,4,11,16,0.020443953573703766
chr3,5,0,16,0.05918047949671745
chr3,5,1,16,-0.008687857538461685
chr3,5,2,16,0.03861449658870697
chr3,5,3,16,-0.0010160825913771987
chr3,5,4,16,0.004606375005096197
chr3,5,5,16,0.039609394967556
chr3,5,6,16,0.05442482978105545
chr3,5,7,16,0.08866304159164429
chr3,5,8,16,0.0019251108169555664
chr3,5,9,16,0.08616158366203308
chr3,5,10,16,0.02216734178364277
chr3,5,11,16,0.059937991201877594
chr3,6,0,16,0.014184568077325821
chr3,6,1,16,0.013256652280688286
chr3,6,2,16,0.08163393288850784
chr3,6,3,16,0.1906469464302063
chr3,6,4,16,0.007824278436601162
chr3,6,5,16,-0.010871419683098793
chr3,6,6,16,0.04692712426185608
chr3,6,7,16,0.04565667361021042
chr3,6,8,16,0.004917699843645096
chr3,6,9,16,0.10455723851919174
chr3,6,10,16,0.036545347422361374
chr3,6,11,16,0.010235192254185677
chr3,7,0,16,0.061707690358161926
chr3,7,1,16,-0.04233676195144653
chr3,7,2,16,-0.026090417057275772
chr3,7,3,16,0.0035587605088949203
chr3,7,4,16,0.028684016317129135
chr3,7,5,16,0.08397063612937927
chr3,7,6,16,0.0014488846063613892
chr3,7,7,16,0.051657721400260925
chr3,7,8,16,0.005996040999889374
chr3,7,9,16,0.0004037320613861084
chr3,7,10,16,-0.08794176578521729
chr3,7,11,16,0.0440145879983902
chr3,8,0,16,0.0786534994840622
chr3,8,1,16,-0.06934671103954315
chr3,8,2,16,-0.20084217190742493
chr3,8,3,16,-0.0208333358168602
chr3,8,4,16,-0.04262768104672432
chr3,8,5,16,-0.008714702911674976
chr3,8,6,16,-0.0497453436255455
chr3,8,7,16,-0.0024633039720356464
chr3,8,8,16,0.005500804632902145
chr3,8,9,16,0.006633628159761429
chr3,8,10,16,-0.09225282818078995
chr3,8,11,16,-0.012728497385978699
chr3,9,0,16,-0.012765318155288696
chr3,9,1,16,0.0031034834682941437
chr3,9,2,16,-0.0379372239112854
chr3,9,3,16,-0.09113456308841705
chr3,9,4,16,-0.047001007944345474
chr3,9,5,16,-0.03658052533864975
chr3,9,6,16,0.04176497459411621
chr3,9,7,16,0.016125332564115524
chr3,9,8,16,-0.012096911668777466
chr3,9,9,16,0.004819929599761963
chr3,9,10,16,-0.06515078246593475
chr3,9,11,16,-0.05336722359061241
chr3,10,0,16,-0.012794721871614456
chr3,10,1,16,-0.03623410314321518
chr3,10,2,16,0.035098616033792496
chr3,10,3,16,-0.026304468512535095
chr3,10,4,16,0.008338368497788906
chr3,10,5,16,0.010770395398139954
chr3,10,6,16,-0.026114024221897125
chr3,10,7,16,-0.05734759941697121
chr3,10,8,16,0.003486189991235733
chr3,10,9,16,-0.0010233484208583832
chr3,10,10,16,-0.003802526742219925
chr3,10,11,16,-0.04435597360134125
chr3,11,0,16,0.0019039474427700043
chr3,11,1,16,0.05395710840821266
chr3,11,2,16,-0.0139392651617527
chr3,11,3,16,-0.008372731506824493
chr3,11,4,16,0.019297773018479347
chr3,11,5,16,-0.03481994569301605
chr3,11,6,16,0.0004644133150577545
chr3,11,7,16,-0.04794298857450485
chr3,11,8,16,0.009940553456544876
chr3,11,9,16,0.003930050879716873
chr3,11,10,16,-0.021441563963890076
chr3,11,11,16,-0.06796032935380936
chr4,0,0,10,-0.041845984756946564
chr4,0,1,10,-0.008482575416564941
chr4,0,2,10,-0.011549782939255238
chr4,0,3,10,0.0010343312751501799
chr4,0,4,10,-0.0005272866110317409
chr4,0,5,10,-0.037099696695804596
chr4,0,6,10,-0.09624432027339935
chr4,0,7,10,0.07847349345684052
chr4,0,8,10,-0.0035441697109490633
chr4,0,9,10,0.0017531812191009521
chr4,0,10,10,0.005054456647485495
chr4,0,11,10,-0.005280393175780773
chr4,1,0,10,0.052936870604753494
chr4,1,1,10,-0.035659950226545334
chr4,1,2,10,-0.008918141946196556
chr4,1,3,10,-0.054123323410749435
chr4,1,4,10,-0.0412200391292572
chr4,1,5,10,0.000266900664428249
chr4,1,6,10,0.045062124729156494
chr4,1,7,10,-0.022070515900850296
chr4,1,8,10,0.003859651042148471
chr4,1,9,10,-0.004620748572051525
chr4,1,10,10,0.008651661686599255
chr4,1,11,10,0.033428143709897995
chr4,2,0,10,0.04505977779626846
chr4,2,1,10,0.23668789863586426
chr4,2,2,10,0.02477940358221531
chr4,2,3,10,0.12334644794464111
chr4,2,4,10,-0.08936812728643417
chr4,2,5,10,-0.11702577769756317
chr4,2,6,10,0.047530513256788254
chr4,2,7,10,0.023120980709791183
chr4,2,8,10,0.0021092831157147884
chr4,2,9,10,-0.05861680582165718
chr4,2,10,10,-0.0671391412615776
chr4,2,11,10,-0.14763449132442474
chr4,3,0,10,-0.01177251897752285
chr4,3,1,10,0.042997367680072784
chr4,3,2,10,0.14614123106002808
chr4,3,3,10,0.192668154835701
chr4,3,4,10,-0.025130990892648697
chr4,3,5,10,0.08269686996936798
chr4,3,6,10,-0.009536415338516235
chr4,3,7,10,0.0866260901093483
chr4,3,8,10,0.03851335495710373
chr4,3,9,10,0.06070948764681816
chr4,3,10,10,-0.08971930295228958
chr4,3,11,10,0.011394834145903587
chr4,4,0,10,-0.11648933589458466
chr4,4,1,10,-0.003874693065881729
chr4,4,2,10,-0.004955353680998087
chr4,4,3,10,0.00797308050096035
chr4,4,4,10,-0.006211525294929743
chr4,4,5,10,-0.00522569427266717
chr4,4,6,10,0.01643144153058529
chr4,4,7,10,0.1694018691778183
chr4,4,8,10,0.061487652361392975
chr4,4,9,10,0.08026660233736038
chr4,4,10,10,-0.013258623890578747
chr4,4,11,10,-0.005656472407281399
chr4,5,0,10,0.024690205231308937
chr4,5,1,10,0.01675795391201973
chr4,5,2,10,0.028519442304968834
chr4,5,3,10,0.001182451145723462
chr4,5,4,10,0.23316219449043274
chr4,5,5,10,0.14684322476387024
chr4,5,6,10,-0.002104403916746378
chr4,5,7,10,0.05036008358001709
chr4,5,8,10,0.0029207051265984774
chr4,5,9,10,0.1016012653708458
chr4,5,10,10,0.1136566624045372
chr4,5,11,10,-0.017792271450161934
chr4,6,0,10,0.06567960977554321
chr4,6,1,10,-0.0035681650042533875
chr4,6,2,10,0.07927707582712173
chr4,6,3,10,0.31681200861930847
chr4,6,4,10,-0.008588843047618866
chr4,6,5,10,-0.0045880600810050964
chr4,6,6,10,0.15168476104736328
chr4,6,7,10,-0.009518301114439964
chr4,6,8,10,0.0063665928319096565
chr4,6,9,10,0.2338087111711502
chr4,6,10,10,0.1267157644033432
chr4,6,11,10,0.027159351855516434
chr4,7,0,10,0.07965265214443207
chr4,7,1,10,-0.15458175539970398
chr4,7,2,10,0.01790771447122097
chr4,7,3,10,-0.12536372244358063
chr4,7,4,10,-0.015863943845033646
chr4,7,5,10,-0.038348231464624405
chr4,7,6,10,0.003910148050636053
chr4,7,7,10,-0.06249086186289787
chr4,7,8,10,-0.011690294370055199
chr4,7,9,10,-0.05352926254272461
chr4,7,10,10,-0.051548492163419724
chr4,7,11,10,-0.0994153544306755
chr4,8,0,10,0.07128483802080154
chr4,8,1,10,0.06518750637769699
chr4,8,2,10,0.13504786789417267
chr4,8,3,10,0.03982221707701683
chr4,8,4,10,0.055327750742435455
chr4,8,5,10,0.03559034690260887
chr4,8,6,10,0.06473799794912338
chr4,8,7,10,0.018213896080851555
chr4,8,8,10,0.0034089565742760897
chr4,8,9,10,0.04912028834223747
chr4,8,10,10,0.08504793792963028
chr4,8,11,10,-0.0020068453159183264
chr4,9,0,10,0.05641177296638489
chr4,9,1,10,0.08047608286142349
chr4,9,2,10,0.147046759724617
chr4,9,3,10,0.04847234487533569
chr4,9,4,10,0.03853440284729004
chr4,9,5,10,-0.023173611611127853
chr4,9,6,10,-0.06123924255371094
chr4,9,7,10,0.026657212525606155
chr4,9,8,10,-0.042583923786878586
chr4,9,9,10,0.006498890928924084
chr4,9,10,10,0.012079345993697643
chr4,9,11,10,0.04320552945137024
chr4,10,0,10,0.030732596293091774
chr4,10,1,10,0.022512000054121017
chr4,10,2,10,0.04366765543818474
chr4,10,3,10,0.01605846732854843
chr4,10,4,10,-0.011009013280272484
chr4,10,5,10,-0.008999616838991642
chr4,10,6,10,-0.02390589937567711
chr4,10,7,10,-0.06085914373397827
chr4,10,8,10,0.028823548927903175
chr4,10,9,10,-0.038793809711933136
chr4,10,10,10,-0.015165746212005615
chr4,10,11,10,0.006378707475960255
chr4,11,0,10,0.01190614141523838
chr4,11,1,10,0.06300938129425049
chr4,11,2,10,0.001729941344819963
chr4,11,3,10,0.002025651978328824
chr4,11,4,10,-0.02853049896657467
chr4,11,5,10,0.0012907326454296708
chr4,11,6,10,-0.07488782703876495
chr4,11,7,10,-0.07004823535680771
chr4,11,8,10,0.029745083302259445
chr4,11,9,10,-0.04582049697637558
chr4,11,10,10,-0.0014243542682379484
chr4,11,11,10,0.030311662703752518
chr5,0,0,15,-0.0031913716811686754
chr5,0,1,15,-0.009876509197056293
chr5,0,2,15,0.0015139182796701789
chr5,0,3,15,-0.000560412066988647
chr5,0,4,15,6.809007754782215e-05
chr5,0,5,15,-0.05649279057979584
chr5,0,6,15,-0.09614063799381256
chr5,0,7,15,0.06896807253360748
chr5,0,8,15,-0.0027157387230545282
chr5,0,9,15,-0.008266341872513294
chr5,0,10,15,-0.0026632260996848345
chr5,0,11,15,-0.015341456979513168
chr5,1,0,15,-0.008105714805424213
chr5,1,1,15,-0.0056359050795435905
chr5,1,2,15,-0.04629822447896004
chr5,1,3,15,-0.0027006070595234632
chr5,1,4,15,-0.0739692822098732
chr5,1,5,15,-0.02047966979444027
chr5,1,6,15,0.093967005610466
chr5,1,7,15,0.013382204808294773
chr5,1,8,15,-0.013166816905140877
chr5,1,9,15,0.025976216420531273
chr5,1,10,15,-0.005957102868705988
chr5,1,11,15,-0.03463750332593918
chr5,2,0,15,-0.011132335290312767
chr5,2,1,15,0.20102161169052124
chr5,2,2,15,0.08803490549325943
chr5,2,3,15,-0.08254691958427429
chr5,2,4,15,-0.003369827987626195
chr5,2,5,15,0.010612416081130505
chr5,2,6,15,-0.09141199290752411
chr5,2,7,15,-0.025998076424002647
chr5,2,8,15,-0.017512869089841843
chr5,2,9,15,-0.0482080839574337
chr5,2,10,15,-0.2672618329524994
chr5,2,11,15,0.0010127543937414885
chr5,3,0,15,0.0024366697762161493
chr5,3,1,15,-0.022749654948711395
chr5,3,2,15,0.14047054946422577
chr5,3,3,15,0.06833075731992722
chr5,3,4,15,-0.06308145821094513
chr5,3,5,15,0.009338881820440292
chr5,3,6,15,0.06908266991376877
chr5,3,7,15,0.12101053446531296
chr5,3,8,15,-0.04714491218328476
chr5,3,9,15,-0.011734441854059696
chr5,3,10,15,-0.05284954980015755
chr5,3,11,15,-0.012597302906215191
chr5,4,0,15,-0.012451247312128544
chr5,4,1,15,0.01910444162786007
chr5,4,2,15,0.041334368288517
chr5,4,3,15,0.02370857633650303
chr5,4,4,15,-0.05227646604180336
chr5,4,5,15,-0.05643085017800331
chr5,4,6,15,-0.040013398975133896
chr5,4,7,15,0.6072912216186523
chr5,4,8,15,-0.002428320934996009
chr5,4,9,15,0.09058329463005066
chr5,4,10,15,-0.009679722599685192
chr5,4,11,15,0.07161489129066467
chr5,5,0,15,0.08592557907104492
chr5,5,1,15,-0.035742536187171936
chr5,5,2,15,0.16945981979370117
chr5,5,3,15,0.008018987253308296
chr5,5,4,15,0.5793144106864929
chr5,5,5,15,0.19551359117031097
chr5,5,6,15,0.005937818903476
chr5,5,7,15,0.07272704690694809
chr5,5,8,15,-0.007585597224533558
chr5,5,9,15,0.12967178225517273
chr5,5,10,15,0.06563028693199158
chr5,5,11,15,-0.04095727577805519
chr5,6,0,15,0.039608802646398544
chr5,6,1,15,-0.006800205446779728
chr5,6,2,15,0.0835203006863594
chr5,6,3,15,0.43091049790382385
chr5,6,4,15,-0.02089799754321575
chr5,6,5,15,-0.004626189824193716
chr5,6,6,15,0.14235590398311615
chr5,6,7,15,-0.028367014601826668
chr5,6,8,15,0.00035512048634700477
chr5,6,9,15,0.2802431881427765
chr5,6,10,15,0.053379833698272705
chr5,6,11,15,0.04053793475031853
chr5,7,0,15,0.10027974098920822
chr5,7,1,15,-0.05934954062104225
chr5,7,2,15,-0.0031941691413521767
chr5,7,3,15,0.02049378678202629
chr5,7,4,15,0.00836413074284792
chr5,7,5,15,0.06373099237680435
chr5,7,6,15,0.031940631568431854
chr5,7,7,15,0.005999104119837284
chr5,7,8,15,0.0006854017847217619
chr5,7,9,15,0.008489763364195824
chr5,7,10,15,-0.05441354215145111
chr5,7,11,15,0.05062933266162872
chr5,8,0,15,0.06623116880655289
chr5,8,1,15,-0.06420722603797913
chr5,8,2,15,0.08080775290727615
chr5,8,3,15,0.022387856617569923
chr5,8,4,15,0.017500195652246475
chr5,8,5,15,0.001581096206791699
chr5,8,6,15,-0.06823316216468811
chr5,8,7,15,0.008918648585677147
chr5,8,8,15,-0.03996171057224274
chr5,8,9,15,-0.002825371455401182
chr5,8,10,15,-0.08148876577615738
chr5,8,11,15,0.017414752393960953
chr5,9,0,15,0.005561185069382191
chr5,9,1,15,0.020920654758810997
chr5,9,2,15,0.05433041602373123
chr5,9,3,15,-0.005483823828399181
chr5,9,4,15,-0.004286654759198427
chr5,9,5,15,-0.01088442001491785
chr5,9,6,15,-0.004340251442044973
chr5,9,7,15,-0.036368418484926224
chr5,9,8,15,-0.013053345493972301
chr5,9,9,15,0.012356754392385483
chr5,9,10,15,-0.06197359040379524
chr5,9,11,15,0.03933269530534744
chr5,10,0,15,0.005539886187762022
chr5,10,1,15,-0.0008732636924833059
chr5,10,2,15,-0.025792142376303673
chr5,10,3,15,0.014463549479842186
chr5,10,4,15,0.01100601814687252
chr5,10,5,15,-0.00812364462763071
chr5,10,6,15,-0.03392718732357025
chr5,10,7,15,0.05025669187307358
chr5,10,8,15,0.0003251155139878392
chr5,10,9,15,-0.013155018910765648
chr5,10,10,15,-0.0018770734313875437
chr5,10,11,15,-0.02855093404650688
chr5,11,0,15,0.004784834571182728
chr5,11,1,15,0.02658049389719963
chr5,11,2,15,0.006304315757006407
chr5,11,3,15,0.038859494030475616
chr5,11,4,15,0.11291491240262985
chr5,11,5,15,-0.1335151344537735
chr5,11,6,15,-0.06892994046211243
chr5,11,7,15,-0.052511971443891525
chr5,11,8,15,-0.03187652304768562
chr5,11,9,15,-0.01382122840732336
chr5,11,10,15,-0.0012279510265216231
chr5,11,11,15,0.0031177918426692486
chr6,0,0,10,0.025411194190382957
chr6,0,1,10,0.010286569595336914
chr6,0,2,10,-0.0058717369101941586
chr6,0,3,10,0.004177006892859936
chr6,0,4,10,-0.0003911084495484829
chr6,0,5,10,-0.01678708754479885
chr6,0,6,10,-0.04201140254735947
chr6,0,7,10,0.005308598279953003
chr6,0,8,10,-0.00226919655688107
chr6,0,9,10,0.0010481358040124178
chr6,0,10,10,0.008371996693313122
chr6,0,11,10,-0.014615029096603394
chr6,1,0,10,-0.028216028586030006
chr6,1,1,10,-0.044270820915699005
chr6,1,2,10,-0.13282504677772522
chr6,1,3,10,-0.06391576677560806
chr6,1,4,10,-0.08107034116983414
chr6,1,5,10,-0.037102654576301575
chr6,1,6,10,-0.06533723324537277
chr6,1,7,10,-0.01941044256091118
chr6,1,8,10,0.01119385939091444
chr6,1,9,10,-0.01578700542449951
chr6,1,10,10,-0.034900180995464325
chr6,1,11,10,0.01947355829179287
chr6,2,0,10,0.02030026912689209
chr6,2,1,10,0.07234100997447968
chr6,2,2,10,0.061629243195056915
chr6,2,3,10,0.042944908142089844
chr6,2,4,10,-0.10227294266223907
chr6,2,5,10,-0.024838466197252274
chr6,2,6,10,0.059484563767910004
chr6,2,7,10,-0.02274766005575657
chr6,2,8,10,-0.05176045745611191
chr6,2,9,10,-0.041496772319078445
chr6,2,10,10,-0.07044047862291336
chr6,2,11,10,-0.23387856781482697
chr6,3,0,10,0.011212808080017567
chr6,3,1,10,-0.025546139106154442
chr6,3,2,10,-0.03766995668411255
chr6,3,3,10,-0.039991576224565506
chr6,3,4,10,-0.041263945400714874
chr6,3,5,10,-0.021973278373479843
chr6,3,6,10,0.012625789269804955
chr6,3,7,10,0.018006280064582825
chr6,3,8,10,-0.026108652353286743
chr6,3,9,10,-0.03643579035997391
chr6,3,10,10,-0.04694018512964249
chr6,3,11,10,-0.04311196133494377
chr6,4,0,10,-0.04370751231908798
chr6,4,1,10,-0.08543204516172409
chr6,4,2,10,-0.016343839466571808
chr6,4,3,10,0.005415275692939758
chr6,4,4,10,-0.05509773641824722
chr6,4,5,10,-0.04523802176117897
chr6,4,6,10,0.020703058689832687
chr6,4,7,10,0.3666141927242279
chr6,4,8,10,-0.050829820334911346
chr6,4,9,10,-0.19186751544475555
chr6,4,10,10,0.08394081890583038
chr6,4,11,10,-0.01867160014808178
chr6,5,0,10,-0.01627945899963379
chr6,5,1,10,0.01590215042233467
chr6,5,2,10,-0.0647791177034378
chr6,5,3,10,-0.00014972647477407008
chr6,5,4,10,0.2998373508453369
chr6,5,5,10,0.12117893993854523
chr6,5,6,10,-0.01695025898516178
chr6,5,7,10,0.031757403165102005
chr6,5,8,10,0.009098982438445091
chr6,5,9,10,0.011650294065475464
chr6,5,10,10,-0.08394371718168259
chr6,5,11,10,0.01746981218457222
chr6,6,0,10,-0.010415762662887573
chr6,6,1,10,0.005441123154014349
chr6,6,2,10,0.049517661333084106
chr6,6,3,10,0.21083395183086395
chr6,6,4,10,0.01763981021940708
chr6,6,5,10,0.005238644778728485
chr6,6,6,10,-0.08220576494932175
chr6,6,7,10,-0.022283053025603294
chr6,6,8,10,0.025201577693223953
chr6,6,9,10,0.06903542578220367
chr6,6,10,10,0.004546710290014744
chr6,6,11,10,0.03398793935775757
chr6,7,0,10,0.04087070748209953
chr6,7,1,10,-0.02523188665509224
chr6,7,2,10,-0.00040549636469222605
chr6,7,3,10,0.06079313904047012
chr6,7,4,10,0.021792560815811157
chr6,7,5,10,-0.007501988206058741
chr6,7,6,10,0.3067789077758789
chr6,7,7,10,0.010025149211287498
chr6,7,8,10,-0.01413636188954115
chr6,7,9,10,-0.04001713544130325
chr6,7,10,10,0.015357357449829578
chr6,7,11,10,0.06423280388116837
chr6,8,0,10,0.09771426022052765
chr6,8,1,10,-0.06872628629207611
chr6,8,2,10,0.17137207090854645
chr6,8,3,10,0.0067078121937811375
chr6,8,4,10,0.030602237209677696
chr6,8,5,10,0.02032201923429966
chr6,8,6,10,-0.046458810567855835
chr6,8,7,10,0.0032953047193586826
chr6,8,8,10,-0.022491175681352615
chr6,8,9,10,0.04162176698446274
chr6,8,10,10,0.013736749067902565
chr6,8,11,10,0.015051943250000477
chr6,9,0,10,0.0867595449090004
chr6,9,1,10,0.07750485092401505
chr6,9,2,10,0.1357068121433258
chr6,9,3,10,0.11265625804662704
chr6,9,4,10,0.020488016307353973
chr6,9,5,10,-0.016556981950998306
chr6,9,6,10,0.069541797041893
chr6,9,7,10,0.029026299715042114
chr6,9,8,10,-0.030684858560562134
chr6,9,9,10,0.021732885390520096
chr6,9,10,10,-0.0276498980820179
chr6,9,11,10,0.039230577647686005
chr6,10,0,10,0.034153394401073456
chr6,10,1,10,0.0653379037976265
chr6,10,2,10,0.0584302619099617
chr6,10,3,10,0.020994534716010094
chr6,10,4,10,0.04789700359106064
chr6,10,5,10,0.002895949874073267
chr6,10,6,10,0.014825696125626564
chr6,10,7,10,-0.00048639773740433156
chr6,10,8,10,0.010896896943449974
chr6,10,9,10,-0.027079176157712936
chr6,10,10,10,0.012490302324295044
chr6,10,11,10,0.017747953534126282
chr6,11,0,10,0.005081236362457275
chr6,11,1,10,0.08079344034194946
chr6,11,2,10,0.027600128203630447
chr6,11,3,10,0.06641867011785507
chr6,11,4,10,0.06247802451252937
chr6,11,5,10,-0.06686727702617645
chr6,11,6,10,-0.06472273916006088
chr6,11,7,10,0.0423160195350647
chr6,11,8,10,-0.004031509160995483
chr6,11,9,10,-0.025727396830916405
chr6,11,10,10,-0.012581628747284412
chr6,11,11,10,0.037389107048511505
chr7,0,0,18,-0.02492663264274597
chr7,0,1,18,-0.0037078990135341883
chr7,0,2,18,-0.0026322801131755114
chr7,0,3,18,-0.0015266912523657084
chr7,0,4,18,-5.981915819575079e-05
chr7,0,5,18,-0.05353767052292824
chr7,0,6,18,-0.0597832053899765
chr7,0,7,18,0.04899024963378906
chr7,0,8,18,0.0004235208034515381
chr7,0,9,18,0.007309751585125923
chr7,0,10,18,-0.0011947560124099255
chr7,0,11,18,-0.0021683606319129467
chr7,1,0,18,-0.011602024547755718
chr7,1,1,18,0.008695761673152447
chr7,1,2,18,-0.07544399052858353
chr7,1,3,18,0.011270387098193169
chr7,1,4,18,-0.06428412348031998
chr7,1,5,18,-0.035147469490766525
chr7,1,6,18,0.03327426686882973
chr7,1,7,18,-0.01515764370560646
chr7,1,8,18,-0.002340906299650669
chr7,1,9,18,0.032099854201078415
chr7,1,10,18,-0.01653122529387474
chr7,1,11,18,-0.09067240357398987
chr7,2,0,18,-0.0028378930874168873
chr7,2,1,18,0.047845374792814255
chr7,2,2,18,0.08056244254112244
chr7,2,3,18,-0.02261442318558693
chr7,2,4,18,-0.08463969826698303
chr7,2,5,18,-0.11929832398891449
chr7,2,6,18,-0.016857126727700233
chr7,2,7,18,-0.03628162667155266
chr7,2,8,18,-0.01030305027961731
chr7,2,9,18,-0.05272970348596573
chr7,2,10,18,-0.2234109789133072
chr7,2,11,18,-0.20734938979148865
chr7,3,0,18,-0.000773443141952157
chr7,3,1,18,0.014128261245787144
chr7,3,2,18,0.1519523710012436
chr7,3,3,18,0.12006077170372009
chr7,3,4,18,-0.03764953464269638
chr7,3,5,18,0.010776804760098457
chr7,3,6,18,-0.016310159116983414
chr7,3,7,18,0.09720912575721741
chr7,3,8,18,0.0001735687255859375
chr7,3,9,18,-0.043839044868946075
chr7,3,10,18,-0.07088246941566467
chr7,3,11,18,-0.015412257984280586
chr7,4,0,18,-0.007654306013137102
chr7,4,1,18,0.032225437462329865
chr7,4,2,18,0.008993263356387615
chr7,4,3,18,0.002521056681871414
chr7,4,4,18,0.0015273160533979535
chr7,4,5,18,-0.03925361856818199
chr7,4,6,18,0.010723899118602276
chr7,4,7,18,0.44633805751800537
chr7,4,8,18,0.0027039051055908203
chr7,4,9,18,0.008603440597653389
chr7,4,10,18,-0.00739679392427206
chr7,4,11,18,0.032068729400634766
chr7,5,0,18,-0.0647607371211052
chr7,5,1,18,-0.0036707089748233557
chr7,5,2,18,-0.0011973562650382519
chr7,5,3,18,-0.0028707305900752544
chr7,5,4,18,-0.016029920428991318
chr7,5,5,18,-0.0070357490330934525
chr7,5,6,18,-0.006622559390962124
chr7,5,7,18,0.048723772168159485
chr7,5,8,18,-0.0033734010066837072
chr7,5,9,18,0.051392827183008194
chr7,5,10,18,0.01611691527068615
chr7,5,11,18,-0.0552840493619442
chr7,6,0,18,0.029143422842025757
chr7,6,1,18,9.149903053184971e-05
chr7,6,2,18,0.07462191581726074
chr7,6,3,18,0.2407105714082718
chr7,6,4,18,-0.03500344976782799
chr7,6,5,18,-0.0728103369474411
chr7,6,6,18,-0.012673470191657543
chr7,6,7,18,-0.16856099665164948
chr7,6,8,18,0.010423468425869942
chr7,6,9,18,0.045406512916088104
chr7,6,10,18,-0.010255713947117329
chr7,6,11,18,-0.042236991226673126
chr7,7,0,18,0.01856248266994953
chr7,7,1,18,-0.19985593855381012
chr7,7,2,18,-0.011847512796521187
chr7,7,3,18,-0.07979807257652283
chr7,7,4,18,-0.01559719443321228
chr7,7,5,18,-0.06129765510559082
chr7,7,6,18,-0.006827705539762974
chr7,7,7,18,-0.10713649541139603
chr7,7,8,18,-0.005191034637391567
chr7,7,9,18,-0.011983891017735004
chr7,7,10,18,-0.17680078744888306
chr7,7,11,18,-0.09870168566703796
chr7,8,0,18,-0.015372504480183125
chr7,8,1,18,-0.0009972916450351477
chr7,8,2,18,-0.08922964334487915
chr7,8,3,18,-0.03834731876850128
chr7,8,4,18,-0.0810161828994751
chr7,8,5,18,0.01800406351685524
chr7,8,6,18,-0.015874231234192848
chr7,8,7,18,0.0069791534915566444
chr7,8,8,18,-0.031935643404722214
chr7,8,9,18,-0.005614618305116892
chr7,8,10,18,0.0968751311302185
chr7,8,11,18,-0.006945565342903137
chr7,9,0,18,0.1155255138874054
chr7,9,1,18,-0.014239598996937275
chr7,9,2,18,-0.03469962254166603
chr7,9,3,18,-0.0309977438300848
chr7,9,4,18,0.010556752793490887
chr7,9,5,18,-0.0037944854702800512
chr7,9,6,18,-0.046556465327739716
chr7,9,7,18,-0.013608264736831188
chr7,9,8,18,-0.0036848154850304127
chr7,9,9,18,0.009030739776790142
chr7,9,10,18,0.004970090463757515
chr7,9,11,18,-0.040574558079242706
chr7,10,0,18,0.07257071882486343
chr7,10,1,18,0.05298880115151405
chr7,10,2,18,0.017427019774913788
chr7,10,3,18,0.003247621236369014
chr7,10,4,18,-0.03707835078239441
chr7,10,5,18,-0.01561788097023964
chr7,10,6,18,0.017989734187722206
chr7,10,7,18,-0.059199556708335876
chr7,10,8,18,0.0038284030742943287
chr7,10,9,18,0.003877348266541958
chr7,10,10,18,0.008379833772778511
chr7,10,11,18,-0.03841978311538696
chr7,11,0,18,-0.002818034728989005
chr7,11,1,18,0.07002697885036469
chr7,11,2,18,-0.02141406200826168
chr7,11,3,18,0.004621619358658791
chr7,11,4,18,-0.000881112297065556
chr7,11,5,18,-0.0008788721170276403
chr7,11,6,18,-0.02030530385673046
chr7,11,7,18,-0.024445833638310432
chr7,11,8,18,-0.022067861631512642
chr7,11,9,18,0.0005502733984030783
chr7,11,10,18,-0.009465943090617657
chr7,11,11,18,-0.02161683887243271
chr8,0,0,13,0.016605496406555176
chr8,0,1,13,0.0018590230029076338
chr8,0,2,13,0.007012298330664635
chr8,0,3,13,0.0001967698335647583
chr8,0,4,13,0.00024225469678640366
chr8,0,5,13,0.0019433590350672603
chr8,0,6,13,-0.059422969818115234
chr8,0,7,13,0.046635959297418594
chr8,0,8,13,0.0012483046157285571
chr8,0,9,13,0.010679561644792557
chr8,0,10,13,0.0037334836088120937
chr8,0,11,13,-0.007567038759589195
chr8,1,0,13,-0.026052039116621017
chr8,1,1,13,-0.00744481710717082
chr8,1,2,13,-0.10225356370210648
chr8,1,3,13,-0.02361949533224106
chr8,1,4,13,0.03355856612324715
chr8,1,5,13,-0.060492370277643204
chr8,1,6,13,0.06335128098726273
chr8,1,7,13,0.012017974629998207
chr8,1,8,13,0.007385327480733395
chr8,1,9,13,0.012385166250169277
chr8,1,10,13,-0.004971710499376059
chr8,1,11,13,0.003673250786960125
chr8,2,0,13,0.012048294767737389
chr8,2,1,13,0.09641944617033005
chr8,2,2,13,0.028053995221853256
chr8,2,3,13,0.04346831142902374
chr8,2,4,13,-0.15298603475093842
chr8,2,5,13,0.14610788226127625
chr8,2,6,13,-0.04097292572259903
chr8,2,7,13,0.0074518779292702675
chr8,2,8,13,0.03469844534993172
chr8,2,9,13,-0.06256283074617386
chr8,2,10,13,-0.10052736848592758
chr8,2,11,13,-0.0329984650015831
chr8,3,0,13,0.014453856274485588
chr8,3,1,13,-0.038837041705846786
chr8,3,2,13,-0.0020818342454731464
chr8,3,3,13,0.03833134472370148
chr8,3,4,13,-0.03380569815635681
chr8,3,5,13,0.0006529046804644167
chr8,3,6,13,-0.01949828863143921
chr8,3,7,13,-0.032611701637506485
chr8,3,8,13,0.037339869886636734
chr8,3,9,13,-0.02237771637737751
chr8,3,10,13,-0.01668783277273178
chr8,3,11,13,-0.09152571856975555
chr8,4,0,13,-0.07650867104530334
chr8,4,1,13,0.00978158786892891
chr8,4,2,13,0.0019485543016344309
chr8,4,3,13,-0.0016240340191870928
chr8,4,4,13,0.011399411596357822
chr8,4,5,13,-0.03847535699605942
chr8,4,6,13,0.010388273745775223
chr8,4,7,13,0.25670430064201355
chr8,4,8,13,0.048507750034332275
chr8,4,9,13,-0.005937420297414064
chr8,4,10,13,0.0023159522097557783
chr8,4,11,13,0.003911952953785658
chr8,5,0,13,0.03993137180805206
chr8,5,1,13,0.01101748738437891
chr8,5,2,13,0.03140248730778694
chr8,5,3,13,0.0003809750487562269
chr8,5,4,13,-0.030803458765149117
chr8,5,5,13,0.0016723412554711103
chr8,5,6,13,-0.018462657928466797
chr8,5,7,13,0.0016875759465619922
chr8,5,8,13,0.013215353712439537
chr8,5,9,13,0.07092965394258499
chr8,5,10,13,0.021674279123544693
chr8,5,11,13,0.04286384582519531
chr8,6,0,13,0.013430027291178703
chr8,6,1,13,0.0024007647298276424
chr8,6,2,13,0.05462817847728729
chr8,6,3,13,-0.07154414057731628
chr8,6,4,13,0.014846934005618095
chr8,6,5,13,-0.008358413353562355
chr8,6,6,13,0.029041070491075516
chr8,6,7,13,0.008018030785024166
chr8,6,8,13,0.002932287286967039
chr8,6,9,13,-0.004506794270128012
chr8,6,10,13,-0.01513904519379139
chr8,6,11,13,0.020154453814029694
chr8,7,0,13,0.07352003455162048
chr8,7,1,13,0.11207176744937897
chr8,7,2,13,0.028050921857357025
chr8,7,3,13,0.026112684980034828
chr8,7,4,13,0.0058138808235526085
chr8,7,5,13,0.024758415296673775
chr8,7,6,13,0.04214439541101456
chr8,7,7,13,0.028063444420695305
chr8,7,8,13,0.005328183062374592
chr8,7,9,13,0.027251912280917168
chr8,7,10,13,0.11866745352745056
chr8,7,11,13,0.12323583662509918
chr8,8,0,13,0.06687799096107483
chr8,8,1,13,0.05555892735719681
chr8,8,2,13,0.06459928303956985
chr8,8,3,13,0.01575961336493492
chr8,8,4,13,-0.002279458101838827
chr8,8,5,13,0.009532472118735313
chr8,8,6,13,0.005430521909147501
chr8,8,7,13,0.0036059231497347355
chr8,8,8,13,0.011492752470076084
chr8,8,9,13,0.004958001431077719
chr8,8,10,13,0.07061074674129486
chr8,8,11,13,0.006270289421081543
chr8,9,0,13,0.0651567205786705
chr8,9,1,13,0.005385554861277342
chr8,9,2,13,0.07418721169233322
chr8,9,3,13,0.010763370431959629
chr8,9,4,13,0.022325145080685616
chr8,9,5,13,-0.01624789647758007
chr8,9,6,13,0.07843208312988281
chr8,9,7,13,0.010816069319844246
chr8,9,8,13,-0.00019411399262025952
chr8,9,9,13,0.0028082681819796562
chr8,9,10,13,0.034507837146520615
chr8,9,11,13,0.057055991142988205
chr8,10,0,13,-0.00037265283754095435
chr8,10,1,13,0.013242029584944248
chr8,10,2,13,0.021473636850714684
chr8,10,3,13,0.0365060530602932
chr8,10,4,13,0.02445133402943611
chr8,10,5,13,-0.009030085988342762
chr8,10,6,13,-0.01767352595925331
chr8,10,7,13,-0.020199952647089958
chr8,10,8,13,0.0030627066735178232
chr8,10,9,13,0.001962299458682537
chr8,10,10,13,-0.013255770318210125
chr8,10,11,13,0.0014234667178243399
chr8,11,0,13,0.008765793405473232
chr8,11,1,13,0.05412314459681511
chr8,11,2,13,0.020693274214863777
chr8,11,3,13,0.0169440396130085
chr8,11,4,13,0.019036879763007164
chr8,11,5,13,-0.016616109758615494
chr8,11,6,13,0.0006511968094855547
chr8,11,7,13,-0.016636062413454056
chr8,11,8,13,0.006177544593811035
chr8,11,9,13,-0.00019306402828078717
chr8,11,10,13,-0.04007834196090698
chr8,11,11,13,0.07691004127264023
chr9,0,0,7,-0.006669793743640184
chr9,0,1,7,-0.011353782378137112
chr9,0,2,7,0.011080230586230755
chr9,0,3,7,0.004088631831109524
chr9,0,4,7,0.0016168896108865738
chr9,0,5,7,-0.02853229269385338
chr9,0,6,7,-0.04330148920416832
chr9,0,7,7,0.07526519149541855
chr9,0,8,7,-0.004977209027856588
chr9,0,9,7,-0.01190266478806734
chr9,0,10,7,-0.0009741761605255306
chr9,0,11,7,0.0027024406008422375
chr9,1,0,7,0.06518971174955368
chr9,1,1,7,-0.1062520295381546
chr9,1,2,7,-0.19891344010829926
chr9,1,3,7,-0.01890789531171322
chr9,1,4,7,-0.057937681674957275
chr9,1,5,7,-0.05528860166668892
chr9,1,6,7,-0.1467202752828598
chr9,1,7,7,0.04534335806965828
chr9,1,8,7,-0.09407639503479004
chr9,1,9,7,-0.023784875869750977
chr9,1,10,7,-0.013481991365551949
chr9,1,11,7,-0.1110161691904068
chr9,2,0,7,-0.015869498252868652
chr9,2,1,7,0.06128164008259773
chr9,2,2,7,0.07287134975194931
chr9,2,3,7,0.07093286514282227
chr9,2,4,7,-0.08412673324346542
chr9,2,5,7,-0.11916889250278473
chr9,2,6,7,-0.03435589745640755
chr9,2,7,7,-0.04552080109715462
chr9,2,8,7,0.04796043410897255
chr9,2,9,7,-0.07074543088674545
chr9,2,10,7,-0.32076001167297363
chr9,2,11,7,-0.21932284533977509
chr9,3,0,7,-0.07764243334531784
chr9,3,1,7,0.010505454614758492
chr9,3,2,7,0.062168486416339874
chr9,3,3,7,-0.06026678532361984
chr9,3,4,7,-0.10046535730361938
chr9,3,5,7,0.0357152596116066
chr9,3,6,7,-0.017944199964404106
chr9,3,7,7,0.02951750159263611
chr9,3,8,7,-0.02351227030158043
chr9,3,9,7,-0.06068936362862587
chr9,3,10,7,-0.05664098262786865
chr9,3,11,7,0.009234138764441013
chr9,4,0,7,-0.03073272481560707
chr9,4,1,7,0.015021899715065956
chr9,4,2,7,0.015922829508781433
chr9,4,3,7,0.004108736757189035
chr9,4,4,7,0.049172163009643555
chr9,4,5,7,0.04260026663541794
chr9,4,6,7,-0.003773382632061839
chr9,4,7,7,0.11343567818403244
chr9,4,8,7,-0.023208115249872208
chr9,4,9,7,0.040901679545640945
chr9,4,10,7,0.10619401186704636
chr9,4,11,7,-0.0008368843118660152
chr9,5,0,7,0.11050249636173248
chr9,5,1,7,0.008231980726122856
chr9,5,2,7,0.040870435535907745
chr9,5,3,7,0.001732734963297844
chr9,5,4,7,0.009448669850826263
chr9,5,5,7,0.08258628845214844
chr9,5,6,7,0.0489434078335762
chr9,5,7,7,0.10902164876461029
chr9,5,8,7,-0.020161433145403862
chr9,5,9,7,0.009786699898540974
chr9,5,10,7,0.025068799033761024
chr9,5,11,7,0.04181494936347008
chr9,6,0,7,0.01652345433831215
chr9,6,1,7,-0.006430512759834528
chr9,6,2,7,0.04694996401667595
chr9,6,3,7,0.21540535986423492
chr9,6,4,7,-0.023408828303217888
chr9,6,5,7,-0.023693693801760674
chr9,6,6,7,0.006133646704256535
chr9,6,7,7,-0.04234158992767334
chr9,6,8,7,0.006794971879571676
chr9,6,9,7,-0.014249758794903755
chr9,6,10,7,0.02456955425441265
chr9,6,11,7,-0.04079669341444969
chr9,7,0,7,-0.03013034351170063
chr9,7,1,7,-0.013764189556241035
chr9,7,2,7,-0.03319539502263069
chr9,7,3,7,0.0006969720125198364
chr9,7,4,7,-0.010925183072686195
chr9,7,5,7,-0.0009796470403671265
chr9,7,6,7,0.019566241651773453
chr9,7,7,7,-0.03864958509802818
chr9,7,8,7,-0.0007704155868850648
chr9,7,9,7,0.018702354282140732
chr9,7,10,7,0.05199015140533447
chr9,7,11,7,0.023167571052908897
chr9,8,0,7,-0.04429163411259651
chr9,8,1,7,0.032103102654218674
chr9,8,2,7,0.18340596556663513
chr9,8,3,7,0.05616661161184311
chr9,8,4,7,0.03884895518422127
chr9,8,5,7,0.04764454439282417
chr9,8,6,7,0.013882226310670376
chr9,8,7,7,-0.0027281376533210278
chr9,8,8,7,0.01054688822478056
chr9,8,9,7,-0.006733417510986328
chr9,8,10,7,0.17719364166259766
chr9,8,11,7,0.012121654115617275
chr9,9,0,7,0.10361199080944061
chr9,9,1,7,-0.05604236572980881
chr9,9,2,7,-0.04633098095655441
chr9,9,3,7,0.06397683918476105
chr9,9,4,7,0.016418995335698128
chr9,9,5,7,-0.006011870224028826
chr9,9,6,7,0.026922276243567467
chr9,9,7,7,0.02113637700676918
chr9,9,8,7,-0.00020766258239746094
chr9,9,9,7,0.0026517766527831554
chr9,9,10,7,0.03691593185067177
chr9,9,11,7,0.04760480672121048
chr9,10,0,7,-0.018488798290491104
chr9,10,1,7,0.038476891815662384
chr9,10,2,7,0.041498761624097824
chr9,10,3,7,0.051222290843725204
chr9,10,4,7,0.006941845174878836
chr9,10,5,7,0.005982700269669294
chr9,10,6,7,0.05461769551038742
chr9,10,7,7,0.09931942075490952
chr9,10,8,7,0.0004695994430221617
chr9,10,9,7,0.0011639764998108149
chr9,10,10,7,-0.02370450273156166
chr9,10,11,7,0.030933009460568428
chr9,11,0,7,-9.907143248710781e-05
chr9,11,1,7,-0.012316576205193996
chr9,11,2,7,-0.01903453841805458
chr9,11,3,7,0.11660553514957428
chr9,11,4,7,0.059599850326776505
chr9,11,5,7,0.005924893077462912
chr9,11,6,7,0.06665170937776566
chr9,11,7,7,0.13780315220355988
chr9,11,8,7,-0.016229817643761635
chr9,11,9,7,0.0003846287727355957
chr9,11,10,7,-0.059587955474853516
chr9,11,11,7,0.07524297386407852
chrX,0,0,12,0.005442892666906118
chrX,0,1,12,0.001988713862374425
chrX,0,2,12,-0.013555671088397503
chrX,0,3,12,-0.00015547918155789375
chrX,0,4,12,-0.0007628247258253396
chrX,0,5,12,-0.026562174782156944
chrX,0,6,12,-0.047551751136779785
chrX,0,7,12,-0.05267143249511719
chrX,0,8,12,-0.002039209008216858
chrX,0,9,12,0.012229288928210735
chrX,0,10,12,0.001672140322625637
chrX,0,11,12,-0.01323003601282835
chrX,1,0,12,0.006528794765472412
chrX,1,1,12,0.0035432924050837755
chrX,1,2,12,-0.08684135228395462
chrX,1,3,12,-0.027927735820412636
chrX,1,4,12,-0.05711241438984871
chrX,1,5,12,-0.046952396631240845
chrX,1,6,12,-0.09793999046087265
chrX,1,7,12,-0.0225700493901968
chrX,1,8,12,0.02591048739850521
chrX,1,9,12,-0.013410528190433979
chrX,1,10,12,-0.003526901127770543
chrX,1,11,12,-0.07766079157590866
chrX,2,0,12,0.02721555531024933
chrX,2,1,12,0.06104138866066933
chrX,2,2,12,0.012360900640487671
chrX,2,3,12,0.00999458134174347
chrX,2,4,12,-0.0665290355682373
chrX,2,5,12,0.08433413505554199
chrX,2,6,12,-0.08321846276521683
chrX,2,7,12,0.0062254369258880615
chrX,2,8,12,-0.006655832286924124
chrX,2,9,12,-0.013546238653361797
chrX,2,10,12,-0.09000295400619507
chrX,2,11,12,-0.08085348457098007
chrX,3,0,12,0.009065955877304077
chrX,3,1,12,0.002162466524168849
chrX,3,2,12,0.037021979689598083
chrX,3,3,12,-0.054794181138277054
chrX,3,4,12,-0.026802226901054382
chrX,3,5,12,0.0033574216067790985
chrX,3,6,12,-0.035250287503004074
chrX,3,7,12,-0.009143461473286152
chrX,3,8,12,0.008965224027633667
chrX,3,9,12,0.05946086719632149
chrX,3,10,12,-0.06420338898897171
chrX,3,11,12,-0.011067206971347332
chrX,4,0,12,-0.11803867667913437
chrX,4,1,12,-0.05050791800022125
chrX,4,2,12,-0.027623767033219337
chrX,4,3,12,-0.04050717130303383
chrX,4,4,12,-0.11892431974411011
chrX,4,5,12,-0.033516786992549896
chrX,4,6,12,-0.03598645329475403
chrX,4,7,12,0.10991402715444565
chrX,4,8,12,-0.021351054310798645
chrX,4,9,12,0.009387150406837463
chrX,4,10,12,-0.04886665940284729
chrX,4,11,12,-0.04606318846344948
chrX,5,0,12,0.07464667409658432
chrX,5,1,12,-0.027048369869589806
chrX,5,2,12,-0.027758518233895302
chrX,5,3,12,-0.05740680173039436
chrX,5,4,12,-0.20491479337215424
chrX,5,5,12,-0.0359196811914444
chrX,5,6,12,-0.01317749172449112
chrX,5,7,12,-0.12071424722671509
chrX,5,8,12,-0.02945649065077305
chrX,5,9,12,-0.12386369705200195
chrX,5,10,12,0.010695349425077438
chrX,5,11,12,-0.11798340082168579
chrX,6,0,12,-0.03461597487330437
chrX,6,1,12,-0.027672069147229195
chrX,6,2,12,-0.06786834448575974
chrX,6,3,12,-0.1754353791475296
chrX,6,4,12,-0.029925057664513588
chrX,6,5,12,-0.03728330135345459
chrX,6,6,12,-0.07796452194452286
chrX,6,7,12,-0.06750330328941345
chrX,6,8,12,-0.024574438109993935
chrX,6,9,12,-0.13081932067871094
chrX,6,10,12,-0.05999310314655304
chrX,6,11,12,-0.1264902949333191
chrX,7,0,12,0.003681361675262451
chrX,7,1,12,-0.34759092330932617
chrX,7,2,12,-0.07087673246860504
chrX,7,3,12,-0.2991925776004791
chrX,7,4,12,-0.1377742439508438
chrX,7,5,12,-0.0684889629483223
chrX,7,6,12,-0.25012481212615967
chrX,7,7,12,-0.25435566902160645
chrX,7,8,12,-0.0202149897813797
chrX,7,9,12,-0.044436316937208176
chrX,7,10,12,-0.27981051802635193
chrX,7,11,12,-0.33083030581474304
chrX,8,0,12,0.03282096982002258
chrX,8,1,12,-0.1422572135925293
chrX,8,2,12,-0.005904423538595438
chrX,8,3,12,-0.1586732119321823
chrX,8,4,12,-0.15420937538146973
chrX,8,5,12,-0.07066483050584793
chrX,8,6,12,-0.05519462749361992
chrX,8,7,12,-0.08296743035316467
chrX,8,8,12,-0.059107158333063126
chrX,8,9,12,0.045155931264162064
chrX,8,10,12,-0.11559489369392395
chrX,8,11,12,-0.11085887998342514
chrX,9,0,12,0.07691412419080734
chrX,9,1,12,0.04505617916584015
chrX,9,2,12,0.049386125057935715
chrX,9,3,12,-0.07403887063264847
chrX,9,4,12,-0.05474497005343437
chrX,9,5,12,-0.07420947402715683
chrX,9,6,12,-0.05166833475232124
chrX,9,7,12,-0.05911898612976074
chrX,9,8,12,-0.01760399341583252
chrX,9,9,12,0.060606781393289566
chrX,9,10,12,-0.036714766174554825
chrX,9,11,12,-0.07068707793951035
chrX,10,0,12,0.06923513114452362
chrX,10,1,12,0.06196443736553192
chrX,10,2,12,0.035751331597566605
chrX,10,3,12,-0.09284701943397522
chrX,10,4,12,-0.07225772738456726
chrX,10,5,12,-0.04900353029370308
chrX,10,6,12,-0.0503111369907856
chrX,10,7,12,0.006028721574693918
chrX,10,8,12,0.047148142009973526
chrX,10,9,12,-0.01822168193757534
chrX,10,10,12,-0.02403988502919674
chrX,10,11,12,-0.08388832956552505
chrX,11,0,12,0.02959495782852173
chrX,11,1,12,0.021215060725808144
chrX,11,2,12,-0.007936378009617329
chrX,11,3,12,-0.01993733085691929
chrX,11,4,12,0.09965953975915909
chrX,11,5,12,-0.1262071430683136
chrX,11,6,12,-0.12271557003259659
chrX,11,7,12,0.04553261399269104
chrX,11,8,12,-0.002517297863960266
chrX,11,9,12,-0.02565544843673706
chrX,11,10,12,-0.05463354289531708
chrX,11,11,12,-0.07876254618167877
