chromosome,layer,head,pairs,mean
chr1,0,0,29,0.019926170491341315
chr1,0,1,29,0.032799461407418413
chr1,0,2,29,0.043859019999432605
chr1,0,3,29,0.04935206128480663
chr1,0,4,29,0.049972797751355914
chr1,0,5,29,0.04922806150717852
chr1,0,6,29,0.04854075304430155
chr1,0,7,29,0.048115450593021414
chr1,0,8,29,0.013497432924694009
chr1,0,9,29,0.026470777910776306
chr1,0,10,29,0.0387625523695955
chr1,0,11,29,0.047437624981705895
chr1,1,0,29,0.019926170491341315
chr1,1,1,29,0.032799461407418413
chr1,1,2,29,0.043859019999432605
chr1,1,3,29,0.04935206128480663
chr1,1,4,29,0.049972797751355914
chr1,1,5,29,0.04922806150717852
chr1,1,6,29,0.04854075304430155
chr1,1,7,29,0.048115450593021414
chr1,1,8,29,0.013497432924694009
chr1,1,9,29,0.026470777910776306
chr1,1,10,29,0.0387625523695955
chr1,1,11,29,0.047437624981705895
chr1,2,0,29,0.019926170491341315
chr1,2,1,29,0.032799461407418413
chr1,2,2,29,0.043859019999432605
chr1,2,3,29,0.04935206128480663
chr1,2,4,29,0.049972797751355914
chr1,2,5,29,0.04922806150717852
chr1,2,6,29,0.04854075304430155
chr1,2,7,29,0.048115450593021414
chr1,2,8,29,0.013497432924694009
chr1,2,9,29,0.026470777910776306
chr1,2,10,29,0.0387625523695955
chr1,2,11,29,0.047437624981705895
chr1,3,0,29,0.019926170491341315
chr1,3,1,29,0.032799461407418413
chr1,3,2,29,0.043859019999432605
chr1,3,3,29,0.04935206128480663
chr1,3,4,29,0.049972797751355914
chr1,3,5,29,0.04922806150717852
chr1,3,6,29,0.04854075304430155
chr1,3,7,29,0.048115450593021414
chr1,3,8,29,0.013497432924694009
chr1,3,9,29,0.026470777910776306
chr1,3,10,29,0.0387625523695955
chr1,3,11,29,0.047437624981705895
chr1,4,0,29,0.019926170491341315
chr1,4,1,29,0.032799461407418413
chr1,4,2,29,0.043859019999432605
chr1,4,3,29,0.04935206128480663
chr1,4,4,29,0.049972797751355914
chr1,4,5,29,0.04922806150717852
chr1,4,6,29,0.04854075304430155
chr1,4,7,29,0.048115450593021414
chr1,4,8,29,0.013497432924694009
chr1,4,9,29,0.026470777910776306
chr1,4,10,29,0.0387625523695955
chr1,4,11,29,0.047437624981705895
chr1,5,0,29,0.019926170491341315
chr1,5,1,29,0.032799461407418413
chr1,5,2,29,0.043859019999432605
chr1,5,3,29,0.04935206128480663
chr1,5,4,29,0.049972797751355914
chr1,5,5,29,0.04922806150717852
chr1,5,6,29,0.04854075304430155
chr1,5,7,29,0.048115450593021414
chr1,5,8,29,0.013497432924694009
chr1,5,9,29,0.026470777910776306
chr1,5,10,29,0.0387625523695955
chr1,5,11,29,0.047437624981705895
chr1,6,0,29,0.019926170491341315
chr1,6,1,29,0.032799461407418413
chr1,6,2,29,0.043859019999432605
chr1,6,3,29,0.04935206128480663
chr1,6,4,29,0.049972797751355914
chr1,6,5,29,0.04922806150717852
chr1,6,6,29,0.04854075304430155
chr1,6,7,29,0.048115450593021414
chr1,6,8,29,0.013497432924694009
chr1,6,9,29,0.026470777910776306
chr1,6,10,29,0.0387625523695955
chr1,6,11,29,0.047437624981705895
chr1,7,0,29,0.019926170491341315
chr1,7,1,29,0.032799461407418413
chr1,7,2,29,0.043859019999432605
chr1,7,3,29,0.04935206128480663
chr1,7,4,29,0.049972797751355914
chr1,7,5,29,0.04922806150717852
chr1,7,6,29,0.04854075304430155
chr1,7,7,29,0.048115450593021414
chr1,7,8,29,0.013497432924694009
chr1,7,9,29,0.026470777910776306
chr1,7,10,29,0.0387625523695955
chr1,7,11,29,0.047437624981705895
chr1,8,0,29,0.019926170491341315
chr1,8,1,29,0.032799461407418413
chr1,8,2,29,0.043859019999432605
chr1,8,3,29,0.04935206128480663
chr1,8,4,29,0.049972797751355914
chr1,8,5,29,0.04922806150717852
chr1,8,6,29,0.04854075304430155
chr1,8,7,29,0.048115450593021414
chr1,8,8,29,0.013497432924694009
chr1,8,9,29,0.026470777910776306
chr1,8,10,29,0.0387625523695955
chr1,8,11,29,0.047437624981705895
chr1,9,0,29,0.019926170491341315
chr1,9,1,29,0.032799461407418413
chr1,9,2,29,0.043859019999432605
chr1,9,3,29,0.04935206128480663
chr1,9,4,29,0.049972797751355914
chr1,9,5,29,0.04922806150717852
chr1,9,6,29,0.04854075304430155
chr1,9,7,29,0.048115450593021414
chr1,9,8,29,0.013497432924694009
chr1,9,9,29,0.026470777910776306
chr1,9,10,29,0.0387625523695955
chr1,9,11,29,0.047437624981705895
chr1,10,0,29,0.019926170491341315
chr1,10,1,29,0.032799461407418413
chr1,10,2,29,0.043859019999432605
chr1,10,3,29,0.04935206128480663
chr1,10,4,29,0.049972797751355914
chr1,10,5,29,0.04922806150717852
chr1,10,6,29,0.04854075304430155
chr1,10,7,29,0.048115450593021414
chr1,10,8,29,0.013497432924694009
chr1,10,9,29,0.026470777910776306
chr1,10,10,29,0.0387625523695955
chr1,10,11,29,0.047437624981705895
chr1,11,0,29,0.019926170491341315
chr1,11,1,29,0.032799461407418413
chr1,11,2,29,0.043859019999432605
chr1,11,3,29,0.04935206128480663
chr1,11,4,29,0.049972797751355914
chr1,11,5,29,0.04922806150717852
chr1,11,6,29,0.04854075304430155
chr1,11,7,29,0.048115450593021414
chr1,11,8,29,0.013497432924694009
chr1,11,9,29,0.026470777910776306
chr1,11,10,29,0.0387625523695955
chr1,11,11,29,0.047437624981705895
chr10,0,0,10,0.05458948457210916
chr10,0,1,10,0.06219337624801032
chr10,0,2,10,0.06408324413587266
chr10,0,3,10,0.06366721567415477
chr10,0,4,10,0.061645090023319915
chr10,0,5,10,0.05977310430722667
chr10,0,6,10,0.05858047035089927
chr10,0,7,10,0.05791770835270691
chr10,0,8,10,0.04637257750151591
chr10,0,9,10,0.05964872035351145
chr10,0,10,10,0.06343018569857459
chr10,0,11,10,0.06418214957463776
chr10,1,0,10,0.05458948457210916
chr10,1,1,10,0.06219337624801032
chr10,1,2,10,0.06408324413587266
chr10,1,3,10,0.06366721567415477
chr10,1,4,10,0.061645090023319915
chr10,1,5,10,0.05977310430722667
chr10,1,6,10,0.05858047035089927
chr10,1,7,10,0.05791770835270691
chr10,1,8,10,0.04637257750151591
chr10,1,9,10,0.05964872035351145
chr10,1,10,10,0.06343018569857459
chr10,1,11,10,0.06418214957463776
chr10,2,0,10,0.05458948457210916
chr10,2,1,10,0.06219337624801032
chr10,2,2,10,0.06408324413587266
chr10,2,3,10,0.06366721567415477
chr10,2,4,10,0.061645090023319915
chr10,2,5,10,0.05977310430722667
chr10,2,6,10,0.05858047035089927
chr10,2,7,10,0.05791770835270691
chr10,2,8,10,0.04637257750151591
chr10,2,9,10,0.05964872035351145
chr10,2,10,10,0.06343018569857459
chr10,2,11,10,0.06418214957463776
chr10,3,0,10,0.05458948457210916
chr10,3,1,10,0.06219337624801032
chr10,3,2,10,0.06408324413587266
chr10,3,3,10,0.06366721567415477
chr10,3,4,10,0.061645090023319915
chr10,3,5,10,0.05977310430722667
chr10,3,6,10,0.05858047035089927
chr10,3,7,10,0.05791770835270691
chr10,3,8,10,0.04637257750151591
chr10,3,9,10,0.05964872035351145
chr10,3,10,10,0.06343018569857459
chr10,3,11,10,0.06418214957463776
chr10,4,0,10,0.05458948457210916
chr10,4,1,10,0.06219337624801032
chr10,4,2,10,0.06408324413587266
chr10,4,3,10,0.06366721567415477
chr10,4,4,10,0.061645090023319915
chr10,4,5,10,0.05977310430722667
chr10,4,6,10,0.05858047035089927
chr10,4,7,10,0.05791770835270691
chr10,4,8,10,0.04637257750151591
chr10,4,9,10,0.05964872035351145
chr10,4,10,10,0.06343018569857459
chr10,4,11,10,0.06418214957463776
chr10,5,0,10,0.05458948457210916
chr10,5,1,10,0.06219337624801032
chr10,5,2,10,0.06408324413587266
chr10,5,3,10,0.06366721567415477
chr10,5,4,10,0.061645090023319915
chr10,5,5,10,0.05977310430722667
chr10,5,6,10,0.05858047035089927
chr10,5,7,10,0.05791770835270691
chr10,5,8,10,0.04637257750151591
chr10,5,9,10,0.05964872035351145
chr10,5,10,10,0.06343018569857459
chr10,5,11,10,0.06418214957463776
chr10,6,0,10,0.05458948457210916
chr10,6,1,10,0.06219337624801032
chr10,6,2,10,0.06408324413587266
chr10,6,3,10,0.06366721567415477
chr10,6,4,10,0.061645090023319915
chr10,6,5,10,0.05977310430722667
chr10,6,6,10,0.05858047035089927
chr10,6,7,10,0.05791770835270691
chr10,6,8,10,0.04637257750151591
chr10,6,9,10,0.05964872035351145
chr10,6,10,10,0.06343018569857459
chr10,6,11,10,0.06418214957463776
chr10,7,0,10,0.05458948457210916
chr10,7,1,10,0.06219337624801032
chr10,7,2,10,0.06408324413587266
chr10,7,3,10,0.06366721567415477
chr10,7,4,10,0.061645090023319915
chr10,7,5,10,0.05977310430722667
chr10,7,6,10,0.05858047035089927
chr10,7,7,10,0.05791770835270691
chr10,7,8,10,0.04637257750151591
chr10,7,9,10,0.05964872035351145
chr10,7,10,10,0.06343018569857459
chr10,7,11,10,0.06418214957463776
chr10,8,0,10,0.05458948457210916
chr10,8,1,10,0.06219337624801032
chr10,8,2,10,0.06408324413587266
chr10,8,3,10,0.06366721567415477
chr10,8,4,10,0.061645090023319915
chr10,8,5,10,0.05977310430722667
chr10,8,6,10,0.05858047035089927
chr10,8,7,10,0.05791770835270691
chr10,8,8,10,0.04637257750151591
chr10,8,9,10,0.05964872035351145
chr10,8,10,10,0.06343018569857459
chr10,8,11,10,0.06418214957463776
chr10,9,0,10,0.05458948457210916
chr10,9,1,10,0.06219337624801032
chr10,9,2,10,0.06408324413587266
chr10,9,3,10,0.06366721567415477
chr10,9,4,10,0.061645090023319915
chr10,9,5,10,0.05977310430722667
chr10,9,6,10,0.05858047035089927
chr10,9,7,10,0.05791770835270691
chr10,9,8,10,0.04637257750151591
chr10,9,9,10,0.05964872035351145
chr10,9,10,10,0.06343018569857459
chr10,9,11,10,0.06418214957463776
chr10,10,0,10,0.05458948457210916
chr10,10,1,10,0.06219337624801032
chr10,10,2,10,0.06408324413587266
chr10,10,3,10,0.06366721567415477
chr10,10,4,10,0.061645090023319915
chr10,10,5,10,0.05977310430722667
chr10,10,6,10,0.05858047035089927
chr10,10,7,10,0.05791770835270691
chr10,10,8,10,0.04637257750151591
chr10,10,9,10,0.05964872035351145
chr10,10,10,10,0.06343018569857459
chr10,10,11,10,0.06418214957463776
chr10,11,0,10,0.05458948457210916
chr10,11,1,10,0.06219337624801032
chr10,11,2,10,0.06408324413587266
chr10,11,3,10,0.06366721567415477
chr10,11,4,10,0.061645090023319915
chr10,11,5,10,0.05977310430722667
chr10,11,6,10,0.05858047035089927
chr10,11,7,10,0.05791770835270691
chr10,11,8,10,0.04637257750151591
chr10,11,9,10,0.05964872035351145
chr10,11,10,10,0.06343018569857459
chr10,11,11,10,0.06418214957463776
chr11,0,0,19,0.025687058804874926
chr11,0,1,19,0.036935759739613966
chr11,0,2,19,0.04417816918516354
chr11,0,3,19,0.04719426595746991
chr11,0,4,19,0.046965756791998256
chr11,0,5,19,0.04601247413000757
chr11,0,6,19,0.04528333422499821
chr11,0,7,19,0.044852631513343615
chr11,0,8,19,0.01851967596385533
chr11,0,9,19,0.03194360012482376
chr11,0,10,19,0.04098628225339459
chr11,0,11,19,0.0462593020982357
chr11,1,0,19,0.025687058804874926
chr11,1,1,19,0.036935759739613966
chr11,1,2,19,0.04417816918516354
chr11,1,3,19,0.04719426595746991
chr11,1,4,19,0.046965756791998256
chr11,1,5,19,0.04601247413000757
chr11,1,6,19,0.04528333422499821
chr11,1,7,19,0.044852631513343615
chr11,1,8,19,0.01851967596385533
chr11,1,9,19,0.03194360012482376
chr11,1,10,19,0.04098628225339459
chr11,1,11,19,0.0462593020982357
chr11,2,0,19,0.025687058804874926
chr11,2,1,19,0.036935759739613966
chr11,2,2,19,0.04417816918516354
chr11,2,3,19,0.04719426595746991
chr11,2,4,19,0.046965756791998256
chr11,2,5,19,0.04601247413000757
chr11,2,6,19,0.04528333422499821
chr11,2,7,19,0.044852631513343615
chr11,2,8,19,0.01851967596385533
chr11,2,9,19,0.03194360012482376
chr11,2,10,19,0.04098628225339459
chr11,2,11,19,0.0462593020982357
chr11,3,0,19,0.025687058804874926
chr11,3,1,19,0.036935759739613966
chr11,3,2,19,0.04417816918516354
chr11,3,3,19,0.04719426595746991
chr11,3,4,19,0.046965756791998256
chr11,3,5,19,0.04601247413000757
chr11,3,6,19,0.04528333422499821
chr11,3,7,19,0.044852631513343615
chr11,3,8,19,0.01851967596385533
chr11,3,9,19,0.03194360012482376
chr11,3,10,19,0.04098628225339459
chr11,3,11,19,0.0462593020982357
chr11,4,0,19,0.025687058804874926
chr11,4,1,19,0.036935759739613966
chr11,4,2,19,0.04417816918516354
chr11,4,3,19,0.04719426595746991
chr11,4,4,19,0.046965756791998256
chr11,4,5,19,0.04601247413000757
chr11,4,6,19,0.04528333422499821
chr11,4,7,19,0.044852631513343615
chr11,4,8,19,0.01851967596385533
chr11,4,9,19,0.03194360012482376
chr11,4,10,19,0.04098628225339459
chr11,4,11,19,0.0462593020982357
chr11,5,0,19,0.025687058804874926
chr11,5,1,19,0.036935759739613966
chr11,5,2,19,0.04417816918516354
chr11,5,3,19,0.04719426595746991
chr11,5,4,19,0.046965756791998256
chr11,5,5,19,0.04601247413000757
chr11,5,6,19,0.04528333422499821
chr11,5,7,19,0.044852631513343615
chr11,5,8,19,0.01851967596385533
chr11,5,9,19,0.03194360012482376
chr11,5,10,19,0.04098628225339459
chr11,5,11,19,0.0462593020982357
chr11,6,0,19,0.025687058804874926
chr11,6,1,19,0.036935759739613966
chr11,6,2,19,0.04417816918516354
chr11,6,3,19,0.04719426595746991
chr11,6,4,19,0.046965756791998256
chr11,6,5,19,0.04601247413000757
chr11,6,6,19,0.04528333422499821
chr11,6,7,19,0.044852631513343615
chr11,6,8,19,0.01851967596385533
chr11,6,9,19,0.03194360012482376
chr11,6,10,19,0.04098628225339459
chr11,6,11,19,0.0462593020982357
chr11,7,0,19,0.025687058804874926
chr11,7,1,19,0.036935759739613966
chr11,7,2,19,0.04417816918516354
chr11,7,3,19,0.04719426595746991
chr11,7,4,19,0.046965756791998256
chr11,7,5,19,0.04601247413000757
chr11,7,6,19,0.04528333422499821
chr11,7,7,19,0.044852631513343615
chr11,7,8,19,0.01851967596385533
chr11,7,9,19,0.03194360012482376
chr11,7,10,19,0.04098628225339459
chr11,7,11,19,0.0462593020982357
chr11,8,0,19,0.025687058804874926
chr11,8,1,19,0.036935759739613966
chr11,8,2,19,0.04417816918516354
chr11,8,3,19,0.04719426595746991
chr11,8,4,19,0.046965756791998256
chr11,8,5,19,0.04601247413000757
chr11,8,6,19,0.04528333422499821
chr11,8,7,19,0.044852631513343615
chr11,8,8,19,0.01851967596385533
chr11,8,9,19,0.03194360012482376
chr11,8,10,19,0.04098628225339459
chr11,8,11,19,0.0462593020982357
chr11,9,0,19,0.025687058804874926
chr11,9,1,19,0.036935759739613966
chr11,9,2,19,0.04417816918516354
chr11,9,3,19,0.04719426595746991
chr11,9,4,19,0.046965756791998256
chr11,9,5,19,0.04601247413000757
chr11,9,6,19,0.04528333422499821
chr11,9,7,19,0.044852631513343615
chr11,9,8,19,0.01851967596385533
chr11,9,9,19,0.03194360012482376
chr11,9,10,19,0.04098628225339459
chr11,9,11,19,0.0462593020982357
chr11,10,0,19,0.025687058804874926
chr11,10,1,19,0.036935759739613966
chr11,10,2,19,0.04417816918516354
chr11,10,3,19,0.04719426595746991
chr11,10,4,19,0.046965756791998256
chr11,10,5,19,0.04601247413000757
chr11,10,6,19,0.04528333422499821
chr11,10,7,19,0.044852631513343615
chr11,10,8,19,0.01851967596385533
chr11,10,9,19,0.03194360012482376
chr11,10,10,19,0.04098628225339459
chr11,10,11,19,0.0462593020982357
chr11,11,0,19,0.025687058804874926
chr11,11,1,19,0.036935759739613966
chr11,11,2,19,0.04417816918516354
chr11,11,3,19,0.04719426595746991
chr11,11,4,19,0.046965756791998256
chr11,11,5,19,0.04601247413000757
chr11,11,6,19,0.04528333422499821
chr11,11,7,19,0.044852631513343615
chr11,11,8,19,0.01851967596385533
chr11,11,9,19,0.03194360012482376
chr11,11,10,19,0.04098628225339459
chr11,11,11,19,0.0462593020982357
chr12,0,0,11,0.029005444938110806
chr12,0,1,11,0.0468978743320445
chr12,0,2,11,0.06239649343581887
chr12,0,3,11,0.06862177639126238
chr12,0,4,11,0.06845105218376302
chr12,0,5,11,0.06700303950709975
chr12,0,6,11,0.06590304016908911
chr12,0,7,11,0.06525921499706433
chr12,0,8,11,0.021173594900508963
chr12,0,9,11,0.037782556913248125
chr12,0,10,11,0.05550469602616995
chr12,0,11,11,0.06671875609779232
chr12,1,0,11,0.029005444938110806
chr12,1,1,11,0.0468978743320445
chr12,1,2,11,0.06239649343581887
chr12,1,3,11,0.06862177639126238
chr12,1,4,11,0.06845105218376302
chr12,1,5,11,0.06700303950709975
chr12,1,6,11,0.06590304016908911
chr12,1,7,11,0.06525921499706433
chr12,1,8,11,0.021173594900508963
chr12,1,9,11,0.037782556913248125
chr12,1,10,11,0.05550469602616995
chr12,1,11,11,0.06671875609779232
chr12,2,0,11,0.029005444938110806
chr12,2,1,11,0.0468978743320445
chr12,2,2,11,0.06239649343581887
chr12,2,3,11,0.06862177639126238
chr12,2,4,11,0.06845105218376302
chr12,2,5,11,0.06700303950709975
chr12,2,6,11,0.06590304016908911
chr12,2,7,11,0.06525921499706433
chr12,2,8,11,0.021173594900508963
chr12,2,9,11,0.037782556913248125
chr12,2,10,11,0.05550469602616995
chr12,2,11,11,0.06671875609779232
chr12,3,0,11,0.029005444938110806
chr12,3,1,11,0.0468978743320445
chr12,3,2,11,0.06239649343581887
chr12,3,3,11,0.06862177639126238
chr12,3,4,11,0.06845105218376302
chr12,3,5,11,0.06700303950709975
chr12,3,6,11,0.06590304016908911
chr12,3,7,11,0.06525921499706433
chr12,3,8,11,0.021173594900508963
chr12,3,9,11,0.037782556913248125
chr12,3,10,11,0.05550469602616995
chr12,3,11,11,0.06671875609779232
chr12,4,0,11,0.029005444938110806
chr12,4,1,11,0.0468978743320445
chr12,4,2,11,0.06239649343581887
chr12,4,3,11,0.06862177639126238
chr12,4,4,11,0.06845105218376302
chr12,4,5,11,0.06700303950709975
chr12,4,6,11,0.06590304016908911
chr12,4,7,11,0.06525921499706433
chr12,4,8,11,0.021173594900508963
chr12,4,9,11,0.037782556913248125
chr12,4,10,11,0.05550469602616995
chr12,4,11,11,0.06671875609779232
chr12,5,0,11,0.029005444938110806
chr12,5,1,11,0.0468978743320445
chr12,5,2,11,0.06239649343581887
chr12,5,3,11,0.06862177639126238
chr12,5,4,11,0.06845105218376302
chr12,5,5,11,0.06700303950709975
chr12,5,6,11,0.06590304016908911
chr12,5,7,11,0.06525921499706433
chr12,5,8,11,0.021173594900508963
chr12,5,9,11,0.037782556913248125
chr12,5,10,11,0.05550469602616995
chr12,5,11,11,0.06671875609779232
chr12,6,0,11,0.029005444938110806
chr12,6,1,11,0.0468978743320445
chr12,6,2,11,0.06239649343581887
chr12,6,3,11,0.06862177639126238
chr12,6,4,11,0.06845105218376302
chr12,6,5,11,0.06700303950709975
chr12,6,6,11,0.06590304016908911
chr12,6,7,11,0.06525921499706433
chr12,6,8,11,0.021173594900508963
chr12,6,9,11,0.037782556913248125
chr12,6,10,11,0.05550469602616995
chr12,6,11,11,0.06671875609779232
chr12,7,0,11,0.029005444938110806
chr12,7,1,11,0.0468978743320445
chr12,7,2,11,0.06239649343581887
chr12,7,3,11,0.06862177639126238
chr12,7,4,11,0.06845105218376302
chr12,7,5,11,0.06700303950709975
chr12,7,6,11,0.06590304016908911
chr12,7,7,11,0.06525921499706433
chr12,7,8,11,0.021173594900508963
chr12,7,9,11,0.037782556913248125
chr12,7,10,11,0.05550469602616995
chr12,7,11,11,0.06671875609779232
chr12,8,0,11,0.029005444938110806
chr12,8,1,11,0.0468978743320445
chr12,8,2,11,0.06239649343581887
chr12,8,3,11,0.06862177639126238
chr12,8,4,11,0.06845105218376302
chr12,8,5,11,0.06700303950709975
chr12,8,6,11,0.06590304016908911
chr12,8,7,11,0.06525921499706433
chr12,8,8,11,0.021173594900508963
chr12,8,9,11,0.037782556913248125
chr12,8,10,11,0.05550469602616995
chr12,8,11,11,0.06671875609779232
chr12,9,0,11,0.029005444938110806
chr12,9,1,11,0.0468978743320445
chr12,9,2,11,0.06239649343581887
chr12,9,3,11,0.06862177639126238
chr12,9,4,11,0.06845105218376302
chr12,9,5,11,0.06700303950709975
chr12,9,6,11,0.06590304016908911
chr12,9,7,11,0.06525921499706433
chr12,9,8,11,0.021173594900508963
chr12,9,9,11,0.037782556913248125
chr12,9,10,11,0.05550469602616995
chr12,9,11,11,0.06671875609779232
chr12,10,0,11,0.029005444938110806
chr12,10,1,11,0.0468978743320445
chr12,10,2,11,0.06239649343581887
chr12,10,3,11,0.06862177639126238
chr12,10,4,11,0.06845105218376302
chr12,10,5,11,0.06700303950709975
chr12,10,6,11,0.06590304016908911
chr12,10,7,11,0.06525921499706433
chr12,10,8,11,0.021173594900508963
chr12,10,9,11,0.037782556913248125
chr12,10,10,11,0.05550469602616995
chr12,10,11,11,0.06671875609779232
chr12,11,0,11,0.029005444938110806
chr12,11,1,11,0.0468978743320445
chr12,11,2,11,0.06239649343581887
chr12,11,3,11,0.06862177639126238
chr12,11,4,11,0.06845105218376302
chr12,11,5,11,0.06700303950709975
chr12,11,6,11,0.06590304016908911
chr12,11,7,11,0.06525921499706433
chr12,11,8,11,0.021173594900508963
chr12,11,9,11,0.037782556913248125
chr12,11,10,11,0.05550469602616995
chr12,11,11,11,0.06671875609779232
chr13,0,0,3,0.02289425246621683
chr13,0,1,3,0.016798673279445547
chr13,0,2,3,0.013519960081656235
chr13,0,3,3,0.015982005576041975
chr13,0,4,3,0.017585704488139304
chr13,0,5,3,0.01800431262709808
chr13,0,6,3,0.018050673300626447
chr13,0,7,3,0.018026956676977474
chr13,0,8,3,0.02078780883024811
chr13,0,9,3,0.020757649698271503
chr13,0,10,3,0.013979604832240774
chr13,0,11,3,0.014611066705486841
chr13,1,0,3,0.02289425246621683
chr13,1,1,3,0.016798673279445547
chr13,1,2,3,0.013519960081656235
chr13,1,3,3,0.015982005576041975
chr13,1,4,3,0.017585704488139304
chr13,1,5,3,0.01800431262709808
chr13,1,6,3,0.018050673300626447
chr13,1,7,3,0.018026956676977474
chr13,1,8,3,0.02078780883024811
chr13,1,9,3,0.020757649698271503
chr13,1,10,3,0.013979604832240774
chr13,1,11,3,0.014611066705486841
chr13,2,0,3,0.02289425246621683
chr13,2,1,3,0.016798673279445547
chr13,2,2,3,0.013519960081656235
chr13,2,3,3,0.015982005576041975
chr13,2,4,3,0.017585704488139304
chr13,2,5,3,0.01800431262709808
chr13,2,6,3,0.018050673300626447
chr13,2,7,3,0.018026956676977474
chr13,2,8,3,0.02078780883024811
chr13,2,9,3,0.020757649698271503
chr13,2,10,3,0.013979604832240774
chr13,2,11,3,0.014611066705486841
chr13,3,0,3,0.02289425246621683
chr13,3,1,3,0.016798673279445547
chr13,3,2,3,0.013519960081656235
chr13,3,3,3,0.015982005576041975
chr13,3,4,3,0.017585704488139304
chr13,3,5,3,0.01800431262709808
chr13,3,6,3,0.018050673300626447
chr13,3,7,3,0.018026956676977474
chr13,3,8,3,0.02078780883024811
chr13,3,9,3,0.020757649698271503
chr13,3,10,3,0.013979604832240774
chr13,3,11,3,0.014611066705486841
chr13,4,0,3,0.02289425246621683
chr13,4,1,3,0.016798673279445547
chr13,4,2,3,0.013519960081656235
chr13,4,3,3,0.015982005576041975
chr13,4,4,3,0.017585704488139304
chr13,4,5,3,0.01800431262709808
chr13,4,6,3,0.018050673300626447
chr13,4,7,3,0.018026956676977474
chr13,4,8,3,0.02078780883024811
chr13,4,9,3,0.020757649698271503
chr13,4,10,3,0.013979604832240774
chr13,4,11,3,0.014611066705486841
chr13,5,0,3,0.02289425246621683
chr13,5,1,3,0.016798673279445547
chr13,5,2,3,0.013519960081656235
chr13,5,3,3,0.015982005576041975
chr13,5,4,3,0.017585704488139304
chr13,5,5,3,0.01800431262709808
chr13,5,6,3,0.018050673300626447
chr13,5,7,3,0.018026956676977474
chr13,5,8,3,0.02078780883024811
chr13,5,9,3,0.020757649698271503
chr13,5,10,3,0.013979604832240774
chr13,5,11,3,0.014611066705486841
chr13,6,0,3,0.02289425246621683
chr13,6,1,3,0.016798673279445547
chr13,6,2,3,0.013519960081656235
chr13,6,3,3,0.015982005576041975
chr13,6,4,3,0.017585704488139304
chr13,6,5,3,0.01800431262709808
chr13,6,6,3,0.018050673300626447
chr13,6,7,3,0.018026956676977474
chr13,6,8,3,0.02078780883024811
chr13,6,9,3,0.020757649698271503
chr13,6,10,3,0.013979604832240774
chr13,6,11,3,0.014611066705486841
chr13,7,0,3,0.02289425246621683
chr13,7,1,3,0.016798673279445547
chr13,7,2,3,0.013519960081656235
chr13,7,3,3,0.015982005576041975
chr13,7,4,3,0.017585704488139304
chr13,7,5,3,0.01800431262709808
chr13,7,6,3,0.018050673300626447
chr13,7,7,3,0.018026956676977474
chr13,7,8,3,0.02078780883024811
chr13,7,9,3,0.020757649698271503
chr13,7,10,3,0.013979604832240774
chr13,7,11,3,0.014611066705486841
chr13,8,0,3,0.02289425246621683
chr13,8,1,3,0.016798673279445547
chr13,8,2,3,0.013519960081656235
chr13,8,3,3,0.015982005576041975
chr13,8,4,3,0.017585704488139304
chr13,8,5,3,0.01800431262709808
chr13,8,6,3,0.018050673300626447
chr13,8,7,3,0.018026956676977474
chr13,8,8,3,0.02078780883024811
chr13,8,9,3,0.020757649698271503
chr13,8,10,3,0.013979604832240774
chr13,8,11,3,0.014611066705486841
chr13,9,0,3,0.02289425246621683
chr13,9,1,3,0.016798673279445547
chr13,9,2,3,0.013519960081656235
chr13,9,3,3,0.015982005576041975
chr13,9,4,3,0.017585704488139304
chr13,9,5,3,0.01800431262709808
chr13,9,6,3,0.018050673300626447
chr13,9,7,3,0.018026956676977474
chr13,9,8,3,0.02078780883024811
chr13,9,9,3,0.020757649698271503
chr13,9,10,3,0.013979604832240774
chr13,9,11,3,0.014611066705486841
chr13,10,0,3,0.02289425246621683
chr13,10,1,3,0.016798673279445547
chr13,10,2,3,0.013519960081656235
chr13,10,3,3,0.015982005576041975
chr13,10,4,3,0.017585704488139304
chr13,10,5,3,0.01800431262709808
chr13,10,6,3,0.018050673300626447
chr13,10,7,3,0.018026956676977474
chr13,10,8,3,0.02078780883024811
chr13,10,9,3,0.020757649698271503
chr13,10,10,3,0.013979604832240774
chr13,10,11,3,0.014611066705486841
chr13,11,0,3,0.02289425246621683
chr13,11,1,3,0.016798673279445547
chr13,11,2,3,0.013519960081656235
chr13,11,3,3,0.015982005576041975
chr13,11,4,3,0.017585704488139304
chr13,11,5,3,0.01800431262709808
chr13,11,6,3,0.018050673300626447
chr13,11,7,3,0.018026956676977474
chr13,11,8,3,0.02078780883024811
chr13,11,9,3,0.020757649698271503
chr13,11,10,3,0.013979604832240774
chr13,11,11,3,0.014611066705486841
chr14,0,0,7,0.03868379070203349
chr14,0,1,7,0.052102097847631534
chr14,0,2,7,0.06646779432952078
chr14,0,3,7,0.07262414835988891
chr14,0,4,7,0.07237226290807144
chr14,0,5,7,0.070788554962654
chr14,0,6,7,0.06957876127091697
chr14,0,7,7,0.06886712190209422
chr14,0,8,7,0.032789230067886796
chr14,0,9,7,0.044860455290131766
chr14,0,10,7,0.0598465719392162
chr14,0,11,7,0.07073304795373411
chr14,1,0,7,0.03868379070203349
chr14,1,1,7,0.052102097847631534
chr14,1,2,7,0.06646779432952078
chr14,1,3,7,0.07262414835988891
chr14,1,4,7,0.07237226290807144
chr14,1,5,7,0.070788554962654
chr14,1,6,7,0.06957876127091697
chr14,1,7,7,0.06886712190209422
chr14,1,8,7,0.032789230067886796
chr14,1,9,7,0.044860455290131766
chr14,1,10,7,0.0598465719392162
chr14,1,11,7,0.07073304795373411
chr14,2,0,7,0.03868379070203349
chr14,2,1,7,0.052102097847631534
chr14,2,2,7,0.06646779432952078
chr14,2,3,7,0.07262414835988891
chr14,2,4,7,0.07237226290807144
chr14,2,5,7,0.070788554962654
chr14,2,6,7,0.06957876127091697
chr14,2,7,7,0.06886712190209422
chr14,2,8,7,0.032789230067886796
chr14,2,9,7,0.044860455290131766
chr14,2,10,7,0.0598465719392162
chr14,2,11,7,0.07073304795373411
chr14,3,0,7,0.03868379070203349
chr14,3,1,7,0.052102097847631534
chr14,3,2,7,0.06646779432952078
chr14,3,3,7,0.07262414835988891
chr14,3,4,7,0.07237226290807144
chr14,3,5,7,0.070788554962654
chr14,3,6,7,0.06957876127091697
chr14,3,7,7,0.06886712190209422
chr14,3,8,7,0.032789230067886796
chr14,3,9,7,0.044860455290131766
chr14,3,10,7,0.0598465719392162
chr14,3,11,7,0.07073304795373411
chr14,4,0,7,0.03868379070203349
chr14,4,1,7,0.052102097847631534
chr14,4,2,7,0.06646779432952078
chr14,4,3,7,0.07262414835988891
chr14,4,4,7,0.07237226290807144
chr14,4,5,7,0.070788554962654
chr14,4,6,7,0.06957876127091697
chr14,4,7,7,0.06886712190209422
chr14,4,8,7,0.032789230067886796
chr14,4,9,7,0.044860455290131766
chr14,4,10,7,0.0598465719392162
chr14,4,11,7,0.07073304795373411
chr14,5,0,7,0.03868379070203349
chr14,5,1,7,0.052102097847631534
chr14,5,2,7,0.06646779432952078
chr14,5,3,7,0.07262414835988891
chr14,5,4,7,0.07237226290807144
chr14,5,5,7,0.070788554962654
chr14,5,6,7,0.06957876127091697
chr14,5,7,7,0.06886712190209422
chr14,5,8,7,0.032789230067886796
chr14,5,9,7,0.044860455290131766
chr14,5,10,7,0.0598465719392162
chr14,5,11,7,0.07073304795373411
chr14,6,0,7,0.03868379070203349
chr14,6,1,7,0.052102097847631534
chr14,6,2,7,0.06646779432952078
chr14,6,3,7,0.07262414835988891
chr14,6,4,7,0.07237226290807144
chr14,6,5,7,0.070788554962654
chr14,6,6,7,0.06957876127091697
chr14,6,7,7,0.06886712190209422
chr14,6,8,7,0.032789230067886796
chr14,6,9,7,0.044860455290131766
chr14,6,10,7,0.0598465719392162
chr14,6,11,7,0.07073304795373411
chr14,7,0,7,0.03868379070203349
chr14,7,1,7,0.052102097847631534
chr14,7,2,7,0.06646779432952078
chr14,7,3,7,0.07262414835988891
chr14,7,4,7,0.07237226290807144
chr14,7,5,7,0.070788554962654
chr14,7,6,7,0.06957876127091697
chr14,7,7,7,0.06886712190209422
chr14,7,8,7,0.032789230067886796
chr14,7,9,7,0.044860455290131766
chr14,7,10,7,0.0598465719392162
chr14,7,11,7,0.07073304795373411
chr14,8,0,7,0.03868379070203349
chr14,8,1,7,0.052102097847631534
chr14,8,2,7,0.06646779432952078
chr14,8,3,7,0.07262414835988891
chr14,8,4,7,0.07237226290807144
chr14,8,5,7,0.070788554962654
chr14,8,6,7,0.06957876127091697
chr14,8,7,7,0.06886712190209422
chr14,8,8,7,0.032789230067886796
chr14,8,9,7,0.044860455290131766
chr14,8,10,7,0.0598465719392162
chr14,8,11,7,0.07073304795373411
chr14,9,0,7,0.03868379070203349
chr14,9,1,7,0.052102097847631534
chr14,9,2,7,0.06646779432952078
chr14,9,3,7,0.07262414835988891
chr14,9,4,7,0.07237226290807144
chr14,9,5,7,0.070788554962654
chr14,9,6,7,0.06957876127091697
chr14,9,7,7,0.06886712190209422
chr14,9,8,7,0.032789230067886796
chr14,9,9,7,0.044860455290131766
chr14,9,10,7,0.0598465719392162
chr14,9,11,7,0.07073304795373411
chr14,10,0,7,0.03868379070203349
chr14,10,1,7,0.052102097847631534
chr14,10,2,7,0.06646779432952078
chr14,10,3,7,0.07262414835988891
chr14,10,4,7,0.07237226290807144
chr14,10,5,7,0.070788554962654
chr14,10,6,7,0.06957876127091697
chr14,10,7,7,0.06886712190209422
chr14,10,8,7,0.032789230067886796
chr14,10,9,7,0.044860455290131766
chr14,10,10,7,0.0598465719392162
chr14,10,11,7,0.07073304795373411
chr14,11,0,7,0.03868379070203349
chr14,11,1,7,0.052102097847631534
chr14,11,2,7,0.06646779432952078
chr14,11,3,7,0.07262414835988891
chr14,11,4,7,0.07237226290807144
chr14,11,5,7,0.070788554962654
chr14,11,6,7,0.06957876127091697
chr14,11,7,7,0.06886712190209422
chr14,11,8,7,0.032789230067886796
chr14,11,9,7,0.044860455290131766
chr14,11,10,7,0.0598465719392162
chr14,11,11,7,0.07073304795373411
chr15,0,0,4,0.003234223447890733
chr15,0,1,4,0.032969647340363284
chr15,0,2,4,0.057672475060411676
chr15,0,3,4,0.06730901719929774
chr15,0,4,4,0.06845537578541269
chr15,0,5,4,0.06761120075283664
chr15,0,6,4,0.06680188146258662
chr15,0,7,4,0.06630037211441309
chr15,0,8,4,-0.006828864933934531
chr15,0,9,4,0.017344445695009758
chr15,0,10,4,0.047110711234921804
chr15,0,11,4,0.06414308568958663
chr15,1,0,4,0.003234223447890733
chr15,1,1,4,0.032969647340363284
chr15,1,2,4,0.057672475060411676
chr15,1,3,4,0.06730901719929774
chr15,1,4,4,0.06845537578541269
chr15,1,5,4,0.06761120075283664
chr15,1,6,4,0.06680188146258662
chr15,1,7,4,0.06630037211441309
chr15,1,8,4,-0.006828864933934531
chr15,1,9,4,0.017344445695009758
chr15,1,10,4,0.047110711234921804
chr15,1,11,4,0.06414308568958663
chr15,2,0,4,0.003234223447890733
chr15,2,1,4,0.032969647340363284
chr15,2,2,4,0.057672475060411676
chr15,2,3,4,0.06730901719929774
chr15,2,4,4,0.06845537578541269
chr15,2,5,4,0.06761120075283664
chr15,2,6,4,0.06680188146258662
chr15,2,7,4,0.06630037211441309
chr15,2,8,4,-0.006828864933934531
chr15,2,9,4,0.017344445695009758
chr15,2,10,4,0.047110711234921804
chr15,2,11,4,0.06414308568958663
chr15,3,0,4,0.003234223447890733
chr15,3,1,4,0.032969647340363284
chr15,3,2,4,0.057672475060411676
chr15,3,3,4,0.06730901719929774
chr15,3,4,4,0.06845537578541269
chr15,3,5,4,0.06761120075283664
chr15,3,6,4,0.06680188146258662
chr15,3,7,4,0.06630037211441309
chr15,3,8,4,-0.006828864933934531
chr15,3,9,4,0.017344445695009758
chr15,3,10,4,0.047110711234921804
chr15,3,11,4,0.06414308568958663
chr15,4,0,4,0.003234223447890733
chr15,4,1,4,0.032969647340363284
chr15,4,2,4,0.057672475060411676
chr15,4,3,4,0.06730901719929774
chr15,4,4,4,0.06845537578541269
chr15,4,5,4,0.06761120075283664
chr15,4,6,4,0.06680188146258662
chr15,4,7,4,0.06630037211441309
chr15,4,8,4,-0.006828864933934531
chr15,4,9,4,0.017344445695009758
chr15,4,10,4,0.047110711234921804
chr15,4,11,4,0.06414308568958663
chr15,5,0,4,0.003234223447890733
chr15,5,1,4,0.032969647340363284
chr15,5,2,4,0.057672475060411676
chr15,5,3,4,0.06730901719929774
chr15,5,4,4,0.06845537578541269
chr15,5,5,4,0.06761120075283664
chr15,5,6,4,0.06680188146258662
chr15,5,7,4,0.06630037211441309
chr15,5,8,4,-0.006828864933934531
chr15,5,9,4,0.017344445695009758
chr15,5,10,4,0.047110711234921804
chr15,5,11,4,0.06414308568958663
chr15,6,0,4,0.003234223447890733
chr15,6,1,4,0.032969647340363284
chr15,6,2,4,0.057672475060411676
chr15,6,3,4,0.06730901719929774
chr15,6,4,4,0.06845537578541269
chr15,6,5,4,0.06761120075283664
chr15,6,6,4,0.06680188146258662
chr15,6,7,4,0.06630037211441309
chr15,6,8,4,-0.006828864933934531
chr15,6,9,4,0.017344445695009758
chr15,6,10,4,0.047110711234921804
chr15,6,11,4,0.06414308568958663
chr15,7,0,4,0.003234223447890733
chr15,7,1,4,0.032969647340363284
chr15,7,2,4,0.057672475060411676
chr15,7,3,4,0.06730901719929774
chr15,7,4,4,0.06845537578541269
chr15,7,5,4,0.06761120075283664
chr15,7,6,4,0.06680188146258662
chr15,7,7,4,0.06630037211441309
chr15,7,8,4,-0.006828864933934531
chr15,7,9,4,0.017344445695009758
chr15,7,10,4,0.047110711234921804
chr15,7,11,4,0.06414308568958663
chr15,8,0,4,0.003234223447890733
chr15,8,1,4,0.032969647340363284
chr15,8,2,4,0.057672475060411676
chr15,8,3,4,0.06730901719929774
chr15,8,4,4,0.06845537578541269
chr15,8,5,4,0.06761120075283664
chr15,8,6,4,0.06680188146258662
chr15,8,7,4,0.06630037211441309
chr15,8,8,4,-0.006828864933934531
chr15,8,9,4,0.017344445695009758
chr15,8,10,4,0.047110711234921804
chr15,8,11,4,0.06414308568958663
chr15,9,0,4,0.003234223447890733
chr15,9,1,4,0.032969647340363284
chr15,9,2,4,0.057672475060411676
chr15,9,3,4,0.06730901719929774
chr15,9,4,4,0.06845537578541269
chr15,9,5,4,0.06761120075283664
chr15,9,6,4,0.06680188146258662
chr15,9,7,4,0.06630037211441309
chr15,9,8,4,-0.006828864933934531
chr15,9,9,4,0.017344445695009758
chr15,9,10,4,0.047110711234921804
chr15,9,11,4,0.06414308568958663
chr15,10,0,4,0.003234223447890733
chr15,10,1,4,0.032969647340363284
chr15,10,2,4,0.057672475060411676
chr15,10,3,4,0.06730901719929774
chr15,10,4,4,0.06845537578541269
chr15,10,5,4,0.06761120075283664
chr15,10,6,4,0.06680188146258662
chr15,10,7,4,0.06630037211441309
chr15,10,8,4,-0.006828864933934531
chr15,10,9,4,0.017344445695009758
chr15,10,10,4,0.047110711234921804
chr15,10,11,4,0.06414308568958663
chr15,11,0,4,0.003234223447890733
chr15,11,1,4,0.032969647340363284
chr15,11,2,4,0.057672475060411676
chr15,11,3,4,0.06730901719929774
chr15,11,4,4,0.06845537578541269
chr15,11,5,4,0.06761120075283664
chr15,11,6,4,0.06680188146258662
chr15,11,7,4,0.06630037211441309
chr15,11,8,4,-0.006828864933934531
chr15,11,9,4,0.017344445695009758
chr15,11,10,4,0.047110711234921804
chr15,11,11,4,0.06414308568958663
chr16,0,0,8,0.011804271701133892
chr16,0,1,8,0.023717840972593815
chr16,0,2,8,0.03670813971394077
chr16,0,3,8,0.04528458721330375
chr16,0,4,8,0.04757561219682559
chr16,0,5,8,0.04734548298752156
chr16,0,6,8,0.046773783196344634
chr16,0,7,8,0.04636420353353839
chr16,0,8,8,0.007567448711467389
chr16,0,9,8,0.01740082599060558
chr16,0,10,8,0.0303274958736401
chr16,0,11,8,0.04190645936529666
chr16,1,0,8,0.011804271701133892
chr16,1,1,8,0.023717840972593815
chr16,1,2,8,0.03670813971394077
chr16,1,3,8,0.04528458721330375
chr16,1,4,8,0.04757561219682559
chr16,1,5,8,0.04734548298752156
chr16,1,6,8,0.046773783196344634
chr16,1,7,8,0.04636420353353839
chr16,1,8,8,0.007567448711467389
chr16,1,9,8,0.01740082599060558
chr16,1,10,8,0.0303274958736401
chr16,1,11,8,0.04190645936529666
chr16,2,0,8,0.011804271701133892
chr16,2,1,8,0.023717840972593815
chr16,2,2,8,0.03670813971394077
chr16,2,3,8,0.04528458721330375
chr16,2,4,8,0.04757561219682559
chr16,2,5,8,0.04734548298752156
chr16,2,6,8,0.046773783196344634
chr16,2,7,8,0.04636420353353839
chr16,2,8,8,0.007567448711467389
chr16,2,9,8,0.01740082599060558
chr16,2,10,8,0.0303274958736401
chr16,2,11,8,0.04190645936529666
chr16,3,0,8,0.011804271701133892
chr16,3,1,8,0.023717840972593815
chr16,3,2,8,0.03670813971394077
chr16,3,3,8,0.04528458721330375
chr16,3,4,8,0.04757561219682559
chr16,3,5,8,0.04734548298752156
chr16,3,6,8,0.046773783196344634
chr16,3,7,8,0.04636420353353839
chr16,3,8,8,0.007567448711467389
chr16,3,9,8,0.01740082599060558
chr16,3,10,8,0.0303274958736401
chr16,3,11,8,0.04190645936529666
chr16,4,0,8,0.011804271701133892
chr16,4,1,8,0.023717840972593815
chr16,4,2,8,0.03670813971394077
chr16,4,3,8,0.04528458721330375
chr16,4,4,8,0.04757561219682559
chr16,4,5,8,0.04734548298752156
chr16,4,6,8,0.046773783196344634
chr16,4,7,8,0.04636420353353839
chr16,4,8,8,0.007567448711467389
chr16,4,9,8,0.01740082599060558
chr16,4,10,8,0.0303274958736401
chr16,4,11,8,0.04190645936529666
chr16,5,0,8,0.011804271701133892
chr16,5,1,8,0.023717840972593815
chr16,5,2,8,0.03670813971394077
chr16,5,3,8,0.04528458721330375
chr16,5,4,8,0.04757561219682559
chr16,5,5,8,0.04734548298752156
chr16,5,6,8,0.046773783196344634
chr16,5,7,8,0.04636420353353839
chr16,5,8,8,0.007567448711467389
chr16,5,9,8,0.01740082599060558
chr16,5,10,8,0.0303274958736401
chr16,5,11,8,0.04190645936529666
chr16,6,0,8,0.011804271701133892
chr16,6,1,8,0.023717840972593815
chr16,6,2,8,0.03670813971394077
chr16,6,3,8,0.04528458721330375
chr16,6,4,8,0.04757561219682559
chr16,6,5,8,0.04734548298752156
chr16,6,6,8,0.046773783196344634
chr16,6,7,8,0.04636420353353839
chr16,6,8,8,0.007567448711467389
chr16,6,9,8,0.01740082599060558
chr16,6,10,8,0.0303274958736401
chr16,6,11,8,0.04190645936529666
chr16,7,0,8,0.011804271701133892
chr16,7,1,8,0.023717840972593815
chr16,7,2,8,0.03670813971394077
chr16,7,3,8,0.04528458721330375
chr16,7,4,8,0.04757561219682559
chr16,7,5,8,0.04734548298752156
chr16,7,6,8,0.046773783196344634
chr16,7,7,8,0.04636420353353839
chr16,7,8,8,0.007567448711467389
chr16,7,9,8,0.01740082599060558
chr16,7,10,8,0.0303274958736401
chr16,7,11,8,0.04190645936529666
chr16,8,0,8,0.011804271701133892
chr16,8,1,8,0.023717840972593815
chr16,8,2,8,0.03670813971394077
chr16,8,3,8,0.04528458721330375
chr16,8,4,8,0.04757561219682559
chr16,8,5,8,0.04734548298752156
chr16,8,6,8,0.046773783196344634
chr16,8,7,8,0.04636420353353839
chr16,8,8,8,0.007567448711467389
chr16,8,9,8,0.01740082599060558
chr16,8,10,8,0.0303274958736401
chr16,8,11,8,0.04190645936529666
chr16,9,0,8,0.011804271701133892
chr16,9,1,8,0.023717840972593815
chr16,9,2,8,0.03670813971394077
chr16,9,3,8,0.04528458721330375
chr16,9,4,8,0.04757561219682559
chr16,9,5,8,0.04734548298752156
chr16,9,6,8,0.046773783196344634
chr16,9,7,8,0.04636420353353839
chr16,9,8,8,0.007567448711467389
chr16,9,9,8,0.01740082599060558
chr16,9,10,8,0.0303274958736401
chr16,9,11,8,0.04190645936529666
chr16,10,0,8,0.011804271701133892
chr16,10,1,8,0.023717840972593815
chr16,10,2,8,0.03670813971394077
chr16,10,3,8,0.04528458721330375
chr16,10,4,8,0.04757561219682559
chr16,10,5,8,0.04734548298752156
chr16,10,6,8,0.046773783196344634
chr16,10,7,8,0.04636420353353839
chr16,10,8,8,0.007567448711467389
chr16,10,9,8,0.01740082599060558
chr16,10,10,8,0.0303274958736401
chr16,10,11,8,0.04190645936529666
chr16,11,0,8,0.011804271701133892
chr16,11,1,8,0.023717840972593815
chr16,11,2,8,0.03670813971394077
chr16,11,3,8,0.04528458721330375
chr16,11,4,8,0.04757561219682559
chr16,11,5,8,0.04734548298752156
chr16,11,6,8,0.046773783196344634
chr16,11,7,8,0.04636420353353839
chr16,11,8,8,0.007567448711467389
chr16,11,9,8,0.01740082599060558
chr16,11,10,8,0.0303274958736401
chr16,11,11,8,0.04190645936529666
chr17,0,0,15,0.025162242231914624
chr17,0,1,15,0.03256760947784672
chr17,0,2,15,0.03648904420550687
chr17,0,3,15,0.037216019901591256
chr17,0,4,15,0.036495840714371626
chr17,0,5,15,0.03569093649400503
chr17,0,6,15,0.03515946539878037
chr17,0,7,15,0.034860350350722984
chr17,0,8,15,0.02040303429673788
chr17,0,9,15,0.029251684186028127
chr17,0,10,15,0.03499417126210505
chr17,0,11,15,0.037157623757847466
chr17,1,0,15,0.025162242231914624
chr17,1,1,15,0.03256760947784672
chr17,1,2,15,0.03648904420550687
chr17,1,3,15,0.037216019901591256
chr17,1,4,15,0.036495840714371626
chr17,1,5,15,0.03569093649400503
chr17,1,6,15,0.03515946539878037
chr17,1,7,15,0.034860350350722984
chr17,1,8,15,0.02040303429673788
chr17,1,9,15,0.029251684186028127
chr17,1,10,15,0.03499417126210505
chr17,1,11,15,0.037157623757847466
chr17,2,0,15,0.025162242231914624
chr17,2,1,15,0.03256760947784672
chr17,2,2,15,0.03648904420550687
chr17,2,3,15,0.037216019901591256
chr17,2,4,15,0.036495840714371626
chr17,2,5,15,0.03569093649400503
chr17,2,6,15,0.03515946539878037
chr17,2,7,15,0.034860350350722984
chr17,2,8,15,0.02040303429673788
chr17,2,9,15,0.029251684186028127
chr17,2,10,15,0.03499417126210505
chr17,2,11,15,0.037157623757847466
chr17,3,0,15,0.025162242231914624
chr17,3,1,15,0.03256760947784672
chr17,3,2,15,0.03648904420550687
chr17,3,3,15,0.037216019901591256
chr17,3,4,15,0.036495840714371626
chr17,3,5,15,0.03569093649400503
chr17,3,6,15,0.03515946539878037
chr17,3,7,15,0.034860350350722984
chr17,3,8,15,0.02040303429673788
chr17,3,9,15,0.029251684186028127
chr17,3,10,15,0.03499417126210505
chr17,3,11,15,0.037157623757847466
chr17,4,0,15,0.025162242231914624
chr17,4,1,15,0.03256760947784672
chr17,4,2,15,0.03648904420550687
chr17,4,3,15,0.037216019901591256
chr17,4,4,15,0.036495840714371626
chr17,4,5,15,0.03569093649400503
chr17,4,6,15,0.03515946539878037
chr17,4,7,15,0.034860350350722984
chr17,4,8,15,0.02040303429673788
chr17,4,9,15,0.029251684186028127
chr17,4,10,15,0.03499417126210505
chr17,4,11,15,0.037157623757847466
chr17,5,0,15,0.025162242231914624
chr17,5,1,15,0.03256760947784672
chr17,5,2,15,0.03648904420550687
chr17,5,3,15,0.037216019901591256
chr17,5,4,15,0.036495840714371626
chr17,5,5,15,0.03569093649400503
chr17,5,6,15,0.03515946539878037
chr17,5,7,15,0.034860350350722984
chr17,5,8,15,0.02040303429673788
chr17,5,9,15,0.029251684186028127
chr17,5,10,15,0.03499417126210505
chr17,5,11,15,0.037157623757847466
chr17,6,0,15,0.025162242231914624
chr17,6,1,15,0.03256760947784672
chr17,6,2,15,0.03648904420550687
chr17,6,3,15,0.037216019901591256
chr17,6,4,15,0.036495840714371626
chr17,6,5,15,0.03569093649400503
chr17,6,6,15,0.03515946539878037
chr17,6,7,15,0.034860350350722984
chr17,6,8,15,0.02040303429673788
chr17,6,9,15,0.029251684186028127
chr17,6,10,15,0.03499417126210505
chr17,6,11,15,0.037157623757847466
chr17,7,0,15,0.025162242231914624
chr17,7,1,15,0.03256760947784672
chr17,7,2,15,0.03648904420550687
chr17,7,3,15,0.037216019901591256
chr17,7,4,15,0.036495840714371626
chr17,7,5,15,0.03569093649400503
chr17,7,6,15,0.03515946539878037
chr17,7,7,15,0.034860350350722984
chr17,7,8,15,0.02040303429673788
chr17,7,9,15,0.029251684186028127
chr17,7,10,15,0.03499417126210505
chr17,7,11,15,0.037157623757847466
chr17,8,0,15,0.025162242231914624
chr17,8,1,15,0.03256760947784672
chr17,8,2,15,0.03648904420550687
chr17,8,3,15,0.037216019901591256
chr17,8,4,15,0.036495840714371626
chr17,8,5,15,0.03569093649400503
chr17,8,6,15,0.03515946539878037
chr17,8,7,15,0.034860350350722984
chr17,8,8,15,0.02040303429673788
chr17,8,9,15,0.029251684186028127
chr17,8,10,15,0.03499417126210505
chr17,8,11,15,0.037157623757847466
chr17,9,0,15,0.025162242231914624
chr17,9,1,15,0.03256760947784672
chr17,9,2,15,0.03648904420550687
chr17,9,3,15,0.037216019901591256
chr17,9,4,15,0.036495840714371626
chr17,9,5,15,0.03569093649400503
chr17,9,6,15,0.03515946539878037
chr17,9,7,15,0.034860350350722984
chr17,9,8,15,0.02040303429673788
chr17,9,9,15,0.029251684186028127
chr17,9,10,15,0.03499417126210505
chr17,9,11,15,0.037157623757847466
chr17,10,0,15,0.025162242231914624
chr17,10,1,15,0.03256760947784672
chr17,10,2,15,0.03648904420550687
chr17,10,3,15,0.037216019901591256
chr17,10,4,15,0.036495840714371626
chr17,10,5,15,0.03569093649400503
chr17,10,6,15,0.03515946539878037
chr17,10,7,15,0.034860350350722984
chr17,10,8,15,0.02040303429673788
chr17,10,9,15,0.029251684186028127
chr17,10,10,15,0.03499417126210505
chr17,10,11,15,0.037157623757847466
chr17,11,0,15,0.025162242231914624
chr17,11,1,15,0.03256760947784672
chr17,11,2,15,0.03648904420550687
chr17,11,3,15,0.037216019901591256
chr17,11,4,15,0.036495840714371626
chr17,11,5,15,0.03569093649400503
chr17,11,6,15,0.03515946539878037
chr17,11,7,15,0.034860350350722984
chr17,11,8,15,0.02040303429673788
chr17,11,9,15,0.029251684186028127
chr17,11,10,15,0.03499417126210505
chr17,11,11,15,0.037157623757847466
chr18,0,0,3,0.04327447729149314
chr18,0,1,3,0.06760558238364249
chr18,0,2,3,0.081681809468707
chr18,0,3,3,0.08372688703676556
chr18,0,4,3,0.08153747012131696
chr18,0,5,3,0.07935429744709843
chr18,0,6,3,0.07796440094499713
chr18,0,7,3,0.07719310396970114
chr18,0,8,3,0.03044049991240146
chr18,0,9,3,0.05605760246313226
chr18,0,10,3,0.07645370489228775
chr18,0,11,3,0.0837175479905616
chr18,1,0,3,0.04327447729149314
chr18,1,1,3,0.06760558238364249
chr18,1,2,3,0.081681809468707
chr18,1,3,3,0.08372688703676556
chr18,1,4,3,0.08153747012131696
chr18,1,5,3,0.07935429744709843
chr18,1,6,3,0.07796440094499713
chr18,1,7,3,0.07719310396970114
chr18,1,8,3,0.03044049991240146
chr18,1,9,3,0.05605760246313226
chr18,1,10,3,0.07645370489228775
chr18,1,11,3,0.0837175479905616
chr18,2,0,3,0.04327447729149314
chr18,2,1,3,0.06760558238364249
chr18,2,2,3,0.081681809468707
chr18,2,3,3,0.08372688703676556
chr18,2,4,3,0.08153747012131696
chr18,2,5,3,0.07935429744709843
chr18,2,6,3,0.07796440094499713
chr18,2,7,3,0.07719310396970114
chr18,2,8,3,0.03044049991240146
chr18,2,9,3,0.05605760246313226
chr18,2,10,3,0.07645370489228775
chr18,2,11,3,0.0837175479905616
chr18,3,0,3,0.04327447729149314
chr18,3,1,3,0.06760558238364249
chr18,3,2,3,0.081681809468707
chr18,3,3,3,0.08372688703676556
chr18,3,4,3,0.08153747012131696
chr18,3,5,3,0.07935429744709843
chr18,3,6,3,0.07796440094499713
chr18,3,7,3,0.07719310396970114
chr18,3,8,3,0.03044049991240146
chr18,3,9,3,0.05605760246313226
chr18,3,10,3,0.07645370489228775
chr18,3,11,3,0.0837175479905616
chr18,4,0,3,0.04327447729149314
chr18,4,1,3,0.06760558238364249
chr18,4,2,3,0.081681809468707
chr18,4,3,3,0.08372688703676556
chr18,4,4,3,0.08153747012131696
chr18,4,5,3,0.07935429744709843
chr18,4,6,3,0.07796440094499713
chr18,4,7,3,0.07719310396970114
chr18,4,8,3,0.03044049991240146
chr18,4,9,3,0.05605760246313226
chr18,4,10,3,0.07645370489228775
chr18,4,11,3,0.0837175479905616
chr18,5,0,3,0.04327447729149314
chr18,5,1,3,0.06760558238364249
chr18,5,2,3,0.081681809468707
chr18,5,3,3,0.08372688703676556
chr18,5,4,3,0.08153747012131696
chr18,5,5,3,0.07935429744709843
chr18,5,6,3,0.07796440094499713
chr18,5,7,3,0.07719310396970114
chr18,5,8,3,0.03044049991240146
chr18,5,9,3,0.05605760246313226
chr18,5,10,3,0.07645370489228775
chr18,5,11,3,0.0837175479905616
chr18,6,0,3,0.04327447729149314
chr18,6,1,3,0.06760558238364249
chr18,6,2,3,0.081681809468707
chr18,6,3,3,0.08372688703676556
chr18,6,4,3,0.08153747012131696
chr18,6,5,3,0.07935429744709843
chr18,6,6,3,0.07796440094499713
chr18,6,7,3,0.07719310396970114
chr18,6,8,3,0.03044049991240146
chr18,6,9,3,0.05605760246313226
chr18,6,10,3,0.07645370489228775
chr18,6,11,3,0.0837175479905616
chr18,7,0,3,0.04327447729149314
chr18,7,1,3,0.06760558238364249
chr18,7,2,3,0.081681809468707
chr18,7,3,3,0.08372688703676556
chr18,7,4,3,0.08153747012131696
chr18,7,5,3,0.07935429744709843
chr18,7,6,3,0.07796440094499713
chr18,7,7,3,0.07719310396970114
chr18,7,8,3,0.03044049991240146
chr18,7,9,3,0.05605760246313226
chr18,7,10,3,0.07645370489228775
chr18,7,11,3,0.0837175479905616
chr18,8,0,3,0.04327447729149314
chr18,8,1,3,0.06760558238364249
chr18,8,2,3,0.081681809468707
chr18,8,3,3,0.08372688703676556
chr18,8,4,3,0.08153747012131696
chr18,8,5,3,0.07935429744709843
chr18,8,6,3,0.07796440094499713
chr18,8,7,3,0.07719310396970114
chr18,8,8,3,0.03044049991240146
chr18,8,9,3,0.05605760246313226
chr18,8,10,3,0.07645370489228775
chr18,8,11,3,0.0837175479905616
chr18,9,0,3,0.04327447729149314
chr18,9,1,3,0.06760558238364249
chr18,9,2,3,0.081681809468707
chr18,9,3,3,0.08372688703676556
chr18,9,4,3,0.08153747012131696
chr18,9,5,3,0.07935429744709843
chr18,9,6,3,0.07796440094499713
chr18,9,7,3,0.07719310396970114
chr18,9,8,3,0.03044049991240146
chr18,9,9,3,0.05605760246313226
chr18,9,10,3,0.07645370489228775
chr18,9,11,3,0.0837175479905616
chr18,10,0,3,0.04327447729149314
chr18,10,1,3,0.06760558238364249
chr18,10,2,3,0.081681809468707
chr18,10,3,3,0.08372688703676556
chr18,10,4,3,0.08153747012131696
chr18,10,5,3,0.07935429744709843
chr18,10,6,3,0.07796440094499713
chr18,10,7,3,0.07719310396970114
chr18,10,8,3,0.03044049991240146
chr18,10,9,3,0.05605760246313226
chr18,10,10,3,0.07645370489228775
chr18,10,11,3,0.0837175479905616
chr18,11,0,3,0.04327447729149314
chr18,11,1,3,0.06760558238364249
chr18,11,2,3,0.081681809468707
chr18,11,3,3,0.08372688703676556
chr18,11,4,3,0.08153747012131696
chr18,11,5,3,0.07935429744709843
chr18,11,6,3,0.07796440094499713
chr18,11,7,3,0.07719310396970114
chr18,11,8,3,0.03044049991240146
chr18,11,9,3,0.05605760246313226
chr18,11,10,3,0.07645370489228775
chr18,11,11,3,0.0837175479905616
chr19,0,0,13,0.003103930438209608
chr19,0,1,13,0.011577968445365397
chr19,0,2,13,0.024969722734353827
chr19,0,3,13,0.03324105201300476
chr19,0,4,13,0.036061684410910004
chr19,0,5,13,0.036751223114922967
chr19,0,6,13,0.03687454087291772
chr19,0,7,13,0.03687769423439628
chr19,0,8,13,0.0018914416805392554
chr19,0,9,13,0.0061694453435099895
chr19,0,10,13,0.018418128140188113
chr19,0,11,13,0.029993932811746945
chr19,1,0,13,0.003103930438209608
chr19,1,1,13,0.011577968445365397
chr19,1,2,13,0.024969722734353827
chr19,1,3,13,0.03324105201300476
chr19,1,4,13,0.036061684410910004
chr19,1,5,13,0.036751223114922967
chr19,1,6,13,0.03687454087291772
chr19,1,7,13,0.03687769423439628
chr19,1,8,13,0.0018914416805392554
chr19,1,9,13,0.0061694453435099895
chr19,1,10,13,0.018418128140188113
chr19,1,11,13,0.029993932811746945
chr19,2,0,13,0.003103930438209608
chr19,2,1,13,0.011577968445365397
chr19,2,2,13,0.024969722734353827
chr19,2,3,13,0.03324105201300476
chr19,2,4,13,0.036061684410910004
chr19,2,5,13,0.036751223114922967
chr19,2,6,13,0.03687454087291772
chr19,2,7,13,0.03687769423439628
chr19,2,8,13,0.0018914416805392554
chr19,2,9,13,0.0061694453435099895
chr19,2,10,13,0.018418128140188113
chr19,2,11,13,0.029993932811746945
chr19,3,0,13,0.003103930438209608
chr19,3,1,13,0.011577968445365397
chr19,3,2,13,0.024969722734353827
chr19,3,3,13,0.03324105201300476
chr19,3,4,13,0.036061684410910004
chr19,3,5,13,0.036751223114922967
chr19,3,6,13,0.03687454087291772
chr19,3,7,13,0.03687769423439628
chr19,3,8,13,0.0018914416805392554
chr19,3,9,13,0.0061694453435099895
chr19,3,10,13,0.018418128140188113
chr19,3,11,13,0.029993932811746945
chr19,4,0,13,0.003103930438209608
chr19,4,1,13,0.011577968445365397
chr19,4,2,13,0.024969722734353827
chr19,4,3,13,0.03324105201300476
chr19,4,4,13,0.036061684410910004
chr19,4,5,13,0.036751223114922967
chr19,4,6,13,0.03687454087291772
chr19,4,7,13,0.03687769423439628
chr19,4,8,13,0.0018914416805392554
chr19,4,9,13,0.0061694453435099895
chr19,4,10,13,0.018418128140188113
chr19,4,11,13,0.029993932811746945
chr19,5,0,13,0.003103930438209608
chr19,5,1,13,0.011577968445365397
chr19,5,2,13,0.024969722734353827
chr19,5,3,13,0.03324105201300476
chr19,5,4,13,0.036061684410910004
chr19,5,5,13,0.036751223114922967
chr19,5,6,13,0.03687454087291772
chr19,5,7,13,0.03687769423439628
chr19,5,8,13,0.0018914416805392554
chr19,5,9,13,0.0061694453435099895
chr19,5,10,13,0.018418128140188113
chr19,5,11,13,0.029993932811746945
chr19,6,0,13,0.003103930438209608
chr19,6,1,13,0.011577968445365397
chr19,6,2,13,0.024969722734353827
chr19,6,3,13,0.03324105201300476
chr19,6,4,13,0.036061684410910004
chr19,6,5,13,0.036751223114922967
chr19,6,6,13,0.03687454087291772
chr19,6,7,13,0.03687769423439628
chr19,6,8,13,0.0018914416805392554
chr19,6,9,13,0.0061694453435099895
chr19,6,10,13,0.018418128140188113
chr19,6,11,13,0.029993932811746945
chr19,7,0,13,0.003103930438209608
chr19,7,1,13,0.011577968445365397
chr19,7,2,13,0.024969722734353827
chr19,7,3,13,0.03324105201300476
chr19,7,4,13,0.036061684410910004
chr19,7,5,13,0.036751223114922967
chr19,7,6,13,0.03687454087291772
chr19,7,7,13,0.03687769423439628
chr19,7,8,13,0.0018914416805392554
chr19,7,9,13,0.0061694453435099895
chr19,7,10,13,0.018418128140188113
chr19,7,11,13,0.029993932811746945
chr19,8,0,13,0.003103930438209608
chr19,8,1,13,0.011577968445365397
chr19,8,2,13,0.024969722734353827
chr19,8,3,13,0.03324105201300476
chr19,8,4,13,0.036061684410910004
chr19,8,5,13,0.036751223114922967
chr19,8,6,13,0.03687454087291772
chr19,8,7,13,0.03687769423439628
chr19,8,8,13,0.0018914416805392554
chr19,8,9,13,0.0061694453435099895
chr19,8,10,13,0.018418128140188113
chr19,8,11,13,0.029993932811746945
chr19,9,0,13,0.003103930438209608
chr19,9,1,13,0.011577968445365397
chr19,9,2,13,0.024969722734353827
chr19,9,3,13,0.03324105201300476
chr19,9,4,13,0.036061684410910004
chr19,9,5,13,0.036751223114922967
chr19,9,6,13,0.03687454087291772
chr19,9,7,13,0.03687769423439628
chr19,9,8,13,0.0018914416805392554
chr19,9,9,13,0.0061694453435099895
chr19,9,10,13,0.018418128140188113
chr19,9,11,13,0.029993932811746945
chr19,10,0,13,0.003103930438209608
chr19,10,1,13,0.011577968445365397
chr19,10,2,13,0.024969722734353827
chr19,10,3,13,0.03324105201300476
chr19,10,4,13,0.036061684410910004
chr19,10,5,13,0.036751223114922967
chr19,10,6,13,0.03687454087291772
chr19,10,7,13,0.03687769423439628
chr19,10,8,13,0.0018914416805392554
chr19,10,9,13,0.0061694453435099895
chr19,10,10,13,0.018418128140188113
chr19,10,11,13,0.029993932811746945
chr19,11,0,13,0.003103930438209608
chr19,11,1,13,0.011577968445365397
chr19,11,2,13,0.024969722734353827
chr19,11,3,13,0.03324105201300476
chr19,11,4,13,0.036061684410910004
chr19,11,5,13,0.036751223114922967
chr19,11,6,13,0.03687454087291772
chr19,11,7,13,0.03687769423439628
chr19,11,8,13,0.0018914416805392554
chr19,11,9,13,0.0061694453435099895
chr19,11,10,13,0.018418128140188113
chr19,11,11,13,0.029993932811746945
chr2,0,0,28,0.02830950061752372
chr2,0,1,28,0.03665305052033031
chr2,0,2,28,0.042933338997537936
chr2,0,3,28,0.046008005197147976
chr2,0,4,28,0.04611262003643868
chr2,0,5,28,0.04548087637932648
chr2,0,6,28,0.04496503205043296
chr2,0,7,28,0.04465571687331836
chr2,0,8,28,0.022189859277292247
chr2,0,9,28,0.03296846581806014
chr2,0,10,28,0.03999820697673424
chr2,0,11,28,0.04498507973015409
chr2,1,0,28,0.02830950061752372
chr2,1,1,28,0.03665305052033031
chr2,1,2,28,0.042933338997537936
chr2,1,3,28,0.046008005197147976
chr2,1,4,28,0.04611262003643868
chr2,1,5,28,0.04548087637932648
chr2,1,6,28,0.04496503205043296
chr2,1,7,28,0.04465571687331836
chr2,1,8,28,0.022189859277292247
chr2,1,9,28,0.03296846581806014
chr2,1,10,28,0.03999820697673424
chr2,1,11,28,0.04498507973015409
chr2,2,0,28,0.02830950061752372
chr2,2,1,28,0.03665305052033031
chr2,2,2,28,0.042933338997537936
chr2,2,3,28,0.046008005197147976
chr2,2,4,28,0.04611262003643868
chr2,2,5,28,0.04548087637932648
chr2,2,6,28,0.04496503205043296
chr2,2,7,28,0.04465571687331836
chr2,2,8,28,0.022189859277292247
chr2,2,9,28,0.03296846581806014
chr2,2,10,28,0.03999820697673424
chr2,2,11,28,0.04498507973015409
chr2,3,0,28,0.02830950061752372
chr2,3,1,28,0.03665305052033031
chr2,3,2,28,0.042933338997537936
chr2,3,3,28,0.046008005197147976
chr2,3,4,28,0.04611262003643868
chr2,3,5,28,0.04548087637932648
chr2,3,6,28,0.04496503205043296
chr2,3,7,28,0.04465571687331836
chr2,3,8,28,0.022189859277292247
chr2,3,9,28,0.03296846581806014
chr2,3,10,28,0.03999820697673424
chr2,3,11,28,0.04498507973015409
chr2,4,0,28,0.02830950061752372
chr2,4,1,28,0.03665305052033031
chr2,4,2,28,0.042933338997537936
chr2,4,3,28,0.046008005197147976
chr2,4,4,28,0.04611262003643868
chr2,4,5,28,0.04548087637932648
chr2,4,6,28,0.04496503205043296
chr2,4,7,28,0.04465571687331836
chr2,4,8,28,0.022189859277292247
chr2,4,9,28,0.03296846581806014
chr2,4,10,28,0.03999820697673424
chr2,4,11,28,0.04498507973015409
chr2,5,0,28,0.02830950061752372
chr2,5,1,28,0.03665305052033031
chr2,5,2,28,0.042933338997537936
chr2,5,3,28,0.046008005197147976
chr2,5,4,28,0.04611262003643868
chr2,5,5,28,0.04548087637932648
chr2,5,6,28,0.04496503205043296
chr2,5,7,28,0.04465571687331836
chr2,5,8,28,0.022189859277292247
chr2,5,9,28,0.03296846581806014
chr2,5,10,28,0.03999820697673424
chr2,5,11,28,0.04498507973015409
chr2,6,0,28,0.02830950061752372
chr2,6,1,28,0.03665305052033031
chr2,6,2,28,0.042933338997537936
chr2,6,3,28,0.046008005197147976
chr2,6,4,28,0.04611262003643868
chr2,6,5,28,0.04548087637932648
chr2,6,6,28,0.04496503205043296
chr2,6,7,28,0.04465571687331836
chr2,6,8,28,0.022189859277292247
chr2,6,9,28,0.03296846581806014
chr2,6,10,28,0.03999820697673424
chr2,6,11,28,0.04498507973015409
chr2,7,0,28,0.02830950061752372
chr2,7,1,28,0.03665305052033031
chr2,7,2,28,0.042933338997537936
chr2,7,3,28,0.046008005197147976
chr2,7,4,28,0.04611262003643868
chr2,7,5,28,0.04548087637932648
chr2,7,6,28,0.04496503205043296
chr2,7,7,28,0.04465571687331836
chr2,7,8,28,0.022189859277292247
chr2,7,9,28,0.03296846581806014
chr2,7,10,28,0.03999820697673424
chr2,7,11,28,0.04498507973015409
chr2,8,0,28,0.02830950061752372
chr2,8,1,28,0.03665305052033031
chr2,8,2,28,0.042933338997537936
chr2,8,3,28,0.046008005197147976
chr2,8,4,28,0.04611262003643868
chr2,8,5,28,0.04548087637932648
chr2,8,6,28,0.04496503205043296
chr2,8,7,28,0.04465571687331836
chr2,8,8,28,0.022189859277292247
chr2,8,9,28,0.03296846581806014
chr2,8,10,28,0.03999820697673424
chr2,8,11,28,0.04498507973015409
chr2,9,0,28,0.02830950061752372
chr2,9,1,28,0.03665305052033031
chr2,9,2,28,0.042933338997537936
chr2,9,3,28,0.046008005197147976
chr2,9,4,28,0.04611262003643868
chr2,9,5,28,0.04548087637932648
chr2,9,6,28,0.04496503205043296
chr2,9,7,28,0.04465571687331836
chr2,9,8,28,0.022189859277292247
chr2,9,9,28,0.03296846581806014
chr2,9,10,28,0.03999820697673424
chr2,9,11,28,0.04498507973015409
chr2,10,0,28,0.02830950061752372
chr2,10,1,28,0.03665305052033031
chr2,10,2,28,0.042933338997537936
chr2,10,3,28,0.046008005197147976
chr2,10,4,28,0.04611262003643868
chr2,10,5,28,0.04548087637932648
chr2,10,6,28,0.04496503205043296
chr2,10,7,28,0.04465571687331836
chr2,10,8,28,0.022189859277292247
chr2,10,9,28,0.03296846581806014
chr2,10,10,28,0.03999820697673424
chr2,10,11,28,0.04498507973015409
chr2,11,0,28,0.02830950061752372
chr2,11,1,28,0.03665305052033031
chr2,11,2,28,0.042933338997537936
chr2,11,3,28,0.046008005197147976
chr2,11,4,28,0.04611262003643868
chr2,11,5,28,0.04548087637932648
chr2,11,6,28,0.04496503205043296
chr2,11,7,28,0.04465571687331836
chr2,11,8,28,0.022189859277292247
chr2,11,9,28,0.03296846581806014
chr2,11,10,28,0.03999820697673424
chr2,11,11,28,0.04498507973015409
chr20,0,0,3,-0.026270657081679083
chr20,0,1,3,-0.0041592476563416065
chr20,0,2,3,0.02530833417092652
chr20,0,3,3,0.04341435901574908
chr20,0,4,3,0.04965314640764262
chr20,0,5,3,0.051165846854552534
chr20,0,6,3,0.051426849203268565
chr20,0,7,3,0.05142704537220544
chr20,0,8,3,-0.030415291970736336
chr20,0,9,3,-0.01732067034488057
chr20,0,10,3,0.011073516562660127
chr20,0,11,3,0.036267058848765465
chr20,1,0,3,-0.026270657081679083
chr20,1,1,3,-0.0041592476563416065
chr20,1,2,3,0.02530833417092652
chr20,1,3,3,0.04341435901574908
chr20,1,4,3,0.04965314640764262
chr20,1,5,3,0.051165846854552534
chr20,1,6,3,0.051426849203268565
chr20,1,7,3,0.05142704537220544
chr20,1,8,3,-0.030415291970736336
chr20,1,9,3,-0.01732067034488057
chr20,1,10,3,0.011073516562660127
chr20,1,11,3,0.036267058848765465
chr20,2,0,3,-0.026270657081679083
chr20,2,1,3,-0.0041592476563416065
chr20,2,2,3,0.02530833417092652
chr20,2,3,3,0.04341435901574908
chr20,2,4,3,0.04965314640764262
chr20,2,5,3,0.051165846854552534
chr20,2,6,3,0.051426849203268565
chr20,2,7,3,0.05142704537220544
chr20,2,8,3,-0.030415291970736336
chr20,2,9,3,-0.01732067034488057
chr20,2,10,3,0.011073516562660127
chr20,2,11,3,0.036267058848765465
chr20,3,0,3,-0.026270657081679083
chr20,3,1,3,-0.0041592476563416065
chr20,3,2,3,0.02530833417092652
chr20,3,3,3,0.04341435901574908
chr20,3,4,3,0.04965314640764262
chr20,3,5,3,0.051165846854552534
chr20,3,6,3,0.051426849203268565
chr20,3,7,3,0.05142704537220544
chr20,3,8,3,-0.030415291970736336
chr20,3,9,3,-0.01732067034488057
chr20,3,10,3,0.011073516562660127
chr20,3,11,3,0.036267058848765465
chr20,4,0,3,-0.026270657081679083
chr20,4,1,3,-0.0041592476563416065
chr20,4,2,3,0.02530833417092652
chr20,4,3,3,0.04341435901574908
chr20,4,4,3,0.04965314640764262
chr20,4,5,3,0.051165846854552534
chr20,4,6,3,0.051426849203268565
chr20,4,7,3,0.05142704537220544
chr20,4,8,3,-0.030415291970736336
chr20,4,9,3,-0.01732067034488057
chr20,4,10,3,0.011073516562660127
chr20,4,11,3,0.036267058848765465
chr20,5,0,3,-0.026270657081679083
chr20,5,1,3,-0.0041592476563416065
chr20,5,2,3,0.02530833417092652
chr20,5,3,3,0.04341435901574908
chr20,5,4,3,0.04965314640764262
chr20,5,5,3,0.051165846854552534
chr20,5,6,3,0.051426849203268565
chr20,5,7,3,0.05142704537220544
chr20,5,8,3,-0.030415291970736336
chr20,5,9,3,-0.01732067034488057
chr20,5,10,3,0.011073516562660127
chr20,5,11,3,0.036267058848765465
chr20,6,0,3,-0.026270657081679083
chr20,6,1,3,-0.0041592476563416065
chr20,6,2,3,0.02530833417092652
chr20,6,3,3,0.04341435901574908
chr20,6,4,3,0.04965314640764262
chr20,6,5,3,0.051165846854552534
chr20,6,6,3,0.051426849203268565
chr20,6,7,3,0.05142704537220544
chr20,6,8,3,-0.030415291970736336
chr20,6,9,3,-0.01732067034488057
chr20,6,10,3,0.011073516562660127
chr20,6,11,3,0.036267058848765465
chr20,7,0,3,-0.026270657081679083
chr20,7,1,3,-0.0041592476563416065
chr20,7,2,3,0.02530833417092652
chr20,7,3,3,0.04341435901574908
chr20,7,4,3,0.04965314640764262
chr20,7,5,3,0.051165846854552534
chr20,7,6,3,0.051426849203268565
chr20,7,7,3,0.05142704537220544
chr20,7,8,3,-0.030415291970736336
chr20,7,9,3,-0.01732067034488057
chr20,7,10,3,0.011073516562660127
chr20,7,11,3,0.036267058848765465
chr20,8,0,3,-0.026270657081679083
chr20,8,1,3,-0.0041592476563416065
chr20,8,2,3,0.02530833417092652
chr20,8,3,3,0.04341435901574908
chr20,8,4,3,0.04965314640764262
chr20,8,5,3,0.051165846854552534
chr20,8,6,3,0.051426849203268565
chr20,8,7,3,0.05142704537220544
chr20,8,8,3,-0.030415291970736336
chr20,8,9,3,-0.01732067034488057
chr20,8,10,3,0.011073516562660127
chr20,8,11,3,0.036267058848765465
chr20,9,0,3,-0.026270657081679083
chr20,9,1,3,-0.0041592476563416065
chr20,9,2,3,0.02530833417092652
chr20,9,3,3,0.04341435901574908
chr20,9,4,3,0.04965314640764262
chr20,9,5,3,0.051165846854552534
chr20,9,6,3,0.051426849203268565
chr20,9,7,3,0.05142704537220544
chr20,9,8,3,-0.030415291970736336
chr20,9,9,3,-0.01732067034488057
chr20,9,10,3,0.011073516562660127
chr20,9,11,3,0.036267058848765465
chr20,10,0,3,-0.026270657081679083
chr20,10,1,3,-0.0041592476563416065
chr20,10,2,3,0.02530833417092652
chr20,10,3,3,0.04341435901574908
chr20,10,4,3,0.04965314640764262
chr20,10,5,3,0.051165846854552534
chr20,10,6,3,0.051426849203268565
chr20,10,7,3,0.05142704537220544
chr20,10,8,3,-0.030415291970736336
chr20,10,9,3,-0.01732067034488057
chr20,10,10,3,0.011073516562660127
chr20,10,11,3,0.036267058848765465
chr20,11,0,3,-0.026270657081679083
chr20,11,1,3,-0.0041592476563416065
chr20,11,2,3,0.02530833417092652
chr20,11,3,3,0.04341435901574908
chr20,11,4,3,0.04965314640764262
chr20,11,5,3,0.051165846854552534
chr20,11,6,3,0.051426849203268565
chr20,11,7,3,0.05142704537220544
chr20,11,8,3,-0.030415291970736336
chr20,11,9,3,-0.01732067034488057
chr20,11,10,3,0.011073516562660127
chr20,11,11,3,0.036267058848765465
chr21,0,0,1,0.020136567161768038
chr21,0,1,1,0.057497935373390874
chr21,0,2,1,0.0760310972290863
chr21,0,3,1,0.07567222550051722
chr21,0,4,1,0.07123867451370514
chr21,0,5,1,0.06811834339584655
chr21,0,6,1,0.06640306787637995
chr21,0,7,1,0.06551773703427244
chr21,0,8,1,0.002582815550694839
chr21,0,9,1,0.03975208040563771
chr21,0,10,1,0.0699631493559768
chr21,0,11,1,0.07714601545050359
chr21,1,0,1,0.020136567161768038
chr21,1,1,1,0.057497935373390874
chr21,1,2,1,0.0760310972290863
chr21,1,3,1,0.07567222550051722
chr21,1,4,1,0.07123867451370514
chr21,1,5,1,0.06811834339584655
chr21,1,6,1,0.06640306787637995
chr21,1,7,1,0.06551773703427244
chr21,1,8,1,0.002582815550694839
chr21,1,9,1,0.03975208040563771
chr21,1,10,1,0.0699631493559768
chr21,1,11,1,0.07714601545050359
chr21,2,0,1,0.020136567161768038
chr21,2,1,1,0.057497935373390874
chr21,2,2,1,0.0760310972290863
chr21,2,3,1,0.07567222550051722
chr21,2,4,1,0.07123867451370514
chr21,2,5,1,0.06811834339584655
chr21,2,6,1,0.06640306787637995
chr21,2,7,1,0.06551773703427244
chr21,2,8,1,0.002582815550694839
chr21,2,9,1,0.03975208040563771
chr21,2,10,1,0.0699631493559768
chr21,2,11,1,0.07714601545050359
chr21,3,0,1,0.020136567161768038
chr21,3,1,1,0.057497935373390874
chr21,3,2,1,0.0760310972290863
chr21,3,3,1,0.07567222550051722
chr21,3,4,1,0.07123867451370514
chr21,3,5,1,0.06811834339584655
chr21,3,6,1,0.06640306787637995
chr21,3,7,1,0.06551773703427244
chr21,3,8,1,0.002582815550694839
chr21,3,9,1,0.03975208040563771
chr21,3,10,1,0.0699631493559768
chr21,3,11,1,0.07714601545050359
chr21,4,0,1,0.020136567161768038
chr21,4,1,1,0.057497935373390874
chr21,4,2,1,0.0760310972290863
chr21,4,3,1,0.07567222550051722
chr21,4,4,1,0.07123867451370514
chr21,4,5,1,0.06811834339584655
chr21,4,6,1,0.06640306787637995
chr21,4,7,1,0.06551773703427244
chr21,4,8,1,0.002582815550694839
chr21,4,9,1,0.03975208040563771
chr21,4,10,1,0.0699631493559768
chr21,4,11,1,0.07714601545050359
chr21,5,0,1,0.020136567161768038
chr21,5,1,1,0.057497935373390874
chr21,5,2,1,0.0760310972290863
chr21,5,3,1,0.07567222550051722
chr21,5,4,1,0.07123867451370514
chr21,5,5,1,0.06811834339584655
chr21,5,6,1,0.06640306787637995
chr21,5,7,1,0.06551773703427244
chr21,5,8,1,0.002582815550694839
chr21,5,9,1,0.03975208040563771
chr21,5,10,1,0.0699631493559768
chr21,5,11,1,0.07714601545050359
chr21,6,0,1,0.020136567161768038
chr21,6,1,1,0.057497935373390874
chr21,6,2,1,0.0760310972290863
chr21,6,3,1,0.07567222550051722
chr21,6,4,1,0.07123867451370514
chr21,6,5,1,0.06811834339584655
chr21,6,6,1,0.06640306787637995
chr21,6,7,1,0.06551773703427244
chr21,6,8,1,0.002582815550694839
chr21,6,9,1,0.03975208040563771
chr21,6,10,1,0.0699631493559768
chr21,6,11,1,0.07714601545050359
chr21,7,0,1,0.020136567161768038
chr21,7,1,1,0.057497935373390874
chr21,7,2,1,0.0760310972290863
chr21,7,3,1,0.07567222550051722
chr21,7,4,1,0.07123867451370514
chr21,7,5,1,0.06811834339584655
chr21,7,6,1,0.06640306787637995
chr21,7,7,1,0.06551773703427244
chr21,7,8,1,0.002582815550694839
chr21,7,9,1,0.03975208040563771
chr21,7,10,1,0.0699631493559768
chr21,7,11,1,0.07714601545050359
chr21,8,0,1,0.020136567161768038
chr21,8,1,1,0.057497935373390874
chr21,8,2,1,0.0760310972290863
chr21,8,3,1,0.07567222550051722
chr21,8,4,1,0.07123867451370514
chr21,8,5,1,0.06811834339584655
chr21,8,6,1,0.06640306787637995
chr21,8,7,1,0.06551773703427244
chr21,8,8,1,0.002582815550694839
chr21,8,9,1,0.03975208040563771
chr21,8,10,1,0.0699631493559768
chr21,8,11,1,0.07714601545050359
chr21,9,0,1,0.020136567161768038
chr21,9,1,1,0.057497935373390874
chr21,9,2,1,0.0760310972290863
chr21,9,3,1,0.07567222550051722
chr21,9,4,1,0.07123867451370514
chr21,9,5,1,0.06811834339584655
chr21,9,6,1,0.06640306787637995
chr21,9,7,1,0.06551773703427244
chr21,9,8,1,0.002582815550694839
chr21,9,9,1,0.03975208040563771
chr21,9,10,1,0.0699631493559768
chr21,9,11,1,0.07714601545050359
chr21,10,0,1,0.020136567161768038
chr21,10,1,1,0.057497935373390874
chr21,10,2,1,0.0760310972290863
chr21,10,3,1,0.07567222550051722
chr21,10,4,1,0.07123867451370514
chr21,10,5,1,0.06811834339584655
chr21,10,6,1,0.06640306787637995
chr21,10,7,1,0.06551773703427244
chr21,10,8,1,0.002582815550694839
chr21,10,9,1,0.03975208040563771
chr21,10,10,1,0.0699631493559768
chr21,10,11,1,0.07714601545050359
chr21,11,0,1,0.020136567161768038
chr21,11,1,1,0.057497935373390874
chr21,11,2,1,0.0760310972290863
chr21,11,3,1,0.07567222550051722
chr21,11,4,1,0.07123867451370514
chr21,11,5,1,0.06811834339584655
chr21,11,6,1,0.06640306787637995
chr21,11,7,1,0.06551773703427244
chr21,11,8,1,0.002582815550694839
chr21,11,9,1,0.03975208040563771
chr21,11,10,1,0.0699631493559768
chr21,11,11,1,0.07714601545050359
chr22,0,0,1,-0.04400727436302554
chr22,0,1,1,-0.01751136878859605
chr22,0,2,1,0.013781987150044861
chr22,0,3,1,0.03726879416111317
chr22,0,4,1,0.046578074359180155
chr22,0,5,1,0.04903016398505644
chr22,0,6,1,0.049501551373396846
chr22,0,7,1,0.049530911142937395
chr22,0,8,1,-0.05221200590745523
chr22,0,9,1,-0.03165326875519736
chr22,0,10,1,-0.002029911158994757
chr22,0,11,1,0.02746442548232242
chr22,1,0,1,-0.04400727436302554
chr22,1,1,1,-0.01751136878859605
chr22,1,2,1,0.013781987150044861
chr22,1,3,1,0.03726879416111317
chr22,1,4,1,0.046578074359180155
chr22,1,5,1,0.04903016398505644
chr22,1,6,1,0.049501551373396846
chr22,1,7,1,0.049530911142937395
chr22,1,8,1,-0.05221200590745523
chr22,1,9,1,-0.03165326875519736
chr22,1,10,1,-0.002029911158994757
chr22,1,11,1,0.02746442548232242
chr22,2,0,1,-0.04400727436302554
chr22,2,1,1,-0.01751136878859605
chr22,2,2,1,0.013781987150044861
chr22,2,3,1,0.03726879416111317
chr22,2,4,1,0.046578074359180155
chr22,2,5,1,0.04903016398505644
chr22,2,6,1,0.049501551373396846
chr22,2,7,1,0.049530911142937395
chr22,2,8,1,-0.05221200590745523
chr22,2,9,1,-0.03165326875519736
chr22,2,10,1,-0.002029911158994757
chr22,2,11,1,0.02746442548232242
chr22,3,0,1,-0.04400727436302554
chr22,3,1,1,-0.01751136878859605
chr22,3,2,1,0.013781987150044861
chr22,3,3,1,0.03726879416111317
chr22,3,4,1,0.046578074359180155
chr22,3,5,1,0.04903016398505644
chr22,3,6,1,0.049501551373396846
chr22,3,7,1,0.049530911142937395
chr22,3,8,1,-0.05221200590745523
chr22,3,9,1,-0.03165326875519736
chr22,3,10,1,-0.002029911158994757
chr22,3,11,1,0.02746442548232242
chr22,4,0,1,-0.04400727436302554
chr22,4,1,1,-0.01751136878859605
chr22,4,2,1,0.013781987150044861
chr22,4,3,1,0.03726879416111317
chr22,4,4,1,0.046578074359180155
chr22,4,5,1,0.04903016398505644
chr22,4,6,1,0.049501551373396846
chr22,4,7,1,0.049530911142937395
chr22,4,8,1,-0.05221200590745523
chr22,4,9,1,-0.03165326875519736
chr22,4,10,1,-0.002029911158994757
chr22,4,11,1,0.02746442548232242
chr22,5,0,1,-0.04400727436302554
chr22,5,1,1,-0.01751136878859605
chr22,5,2,1,0.013781987150044861
chr22,5,3,1,0.03726879416111317
chr22,5,4,1,0.046578074359180155
chr22,5,5,1,0.04903016398505644
chr22,5,6,1,0.049501551373396846
chr22,5,7,1,0.049530911142937395
chr22,5,8,1,-0.05221200590745523
chr22,5,9,1,-0.03165326875519736
chr22,5,10,1,-0.002029911158994757
chr22,5,11,1,0.02746442548232242
chr22,6,0,1,-0.04400727436302554
chr22,6,1,1,-0.01751136878859605
chr22,6,2,1,0.013781987150044861
chr22,6,3,1,0.03726879416111317
chr22,6,4,1,0.046578074359180155
chr22,6,5,1,0.04903016398505644
chr22,6,6,1,0.049501551373396846
chr22,6,7,1,0.049530911142937395
chr22,6,8,1,-0.05221200590745523
chr22,6,9,1,-0.03165326875519736
chr22,6,10,1,-0.002029911158994757
chr22,6,11,1,0.02746442548232242
chr22,7,0,1,-0.04400727436302554
chr22,7,1,1,-0.01751136878859605
chr22,7,2,1,0.013781987150044861
chr22,7,3,1,0.03726879416111317
chr22,7,4,1,0.046578074359180155
chr22,7,5,1,0.04903016398505644
chr22,7,6,1,0.049501551373396846
chr22,7,7,1,0.049530911142937395
chr22,7,8,1,-0.05221200590745523
chr22,7,9,1,-0.03165326875519736
chr22,7,10,1,-0.002029911158994757
chr22,7,11,1,0.02746442548232242
chr22,8,0,1,-0.04400727436302554
chr22,8,1,1,-0.01751136878859605
chr22,8,2,1,0.013781987150044861
chr22,8,3,1,0.03726879416111317
chr22,8,4,1,0.046578074359180155
chr22,8,5,1,0.04903016398505644
chr22,8,6,1,0.049501551373396846
chr22,8,7,1,0.049530911142937395
chr22,8,8,1,-0.05221200590745523
chr22,8,9,1,-0.03165326875519736
chr22,8,10,1,-0.002029911158994757
chr22,8,11,1,0.02746442548232242
chr22,9,0,1,-0.04400727436302554
chr22,9,1,1,-0.01751136878859605
chr22,9,2,1,0.013781987150044861
chr22,9,3,1,0.03726879416111317
chr22,9,4,1,0.046578074359180155
chr22,9,5,1,0.04903016398505644
chr22,9,6,1,0.049501551373396846
chr22,9,7,1,0.049530911142937395
chr22,9,8,1,-0.05221200590745523
chr22,9,9,1,-0.03165326875519736
chr22,9,10,1,-0.002029911158994757
chr22,9,11,1,0.02746442548232242
chr22,10,0,1,-0.04400727436302554
chr22,10,1,1,-0.01751136878859605
chr22,10,2,1,0.013781987150044861
chr22,10,3,1,0.03726879416111317
chr22,10,4,1,0.046578074359180155
chr22,10,5,1,0.04903016398505644
chr22,10,6,1,0.049501551373396846
chr22,10,7,1,0.049530911142937395
chr22,10,8,1,-0.05221200590745523
chr22,10,9,1,-0.03165326875519736
chr22,10,10,1,-0.002029911158994757
chr22,10,11,1,0.02746442548232242
chr22,11,0,1,-0.04400727436302554
chr22,11,1,1,-0.01751136878859605
chr22,11,2,1,0.013781987150044861
chr22,11,3,1,0.03726879416111317
chr22,11,4,1,0.046578074359180155
chr22,11,5,1,0.04903016398505644
chr22,11,6,1,0.049501551373396846
chr22,11,7,1,0.049530911142937395
chr22,11,8,1,-0.05221200590745523
chr22,11,9,1,-0.03165326875519736
chr22,11,10,1,-0.002029911158994757
chr22,11,11,1,0.02746442548232242
chr3,0,0,16,0.022394490283254298
chr3,0,1,16,0.03502745154356852
chr3,0,2,16,0.04837202837621965
chr3,0,3,16,0.057301725236046236
chr3,0,4,16,0.05934973644022241
chr3,0,5,16,0.0588215871175547
chr3,0,6,16,0.058058511880956724
chr3,0,7,16,0.0575439521396252
chr3,0,8,16,0.015676515585771586
chr3,0,9,16,0.02877948962418666
chr3,0,10,16,0.041680658440430306
chr3,0,11,16,0.05384842896872271
chr3,1,0,16,0.022394490283254298
chr3,1,1,16,0.03502745154356852
chr3,1,2,16,0.04837202837621965
chr3,1,3,16,0.057301725236046236
chr3,1,4,16,0.05934973644022241
chr3,1,5,16,0.0588215871175547
chr3,1,6,16,0.058058511880956724
chr3,1,7,16,0.0575439521396252
chr3,1,8,16,0.015676515585771586
chr3,1,9,16,0.02877948962418666
chr3,1,10,16,0.041680658440430306
chr3,1,11,16,0.05384842896872271
chr3,2,0,16,0.022394490283254298
chr3,2,1,16,0.03502745154356852
chr3,2,2,16,0.04837202837621965
chr3,2,3,16,0.057301725236046236
chr3,2,4,16,0.05934973644022241
chr3,2,5,16,0.0588215871175547
chr3,2,6,16,0.058058511880956724
chr3,2,7,16,0.0575439521396252
chr3,2,8,16,0.015676515585771586
chr3,2,9,16,0.02877948962418666
chr3,2,10,16,0.041680658440430306
chr3,2,11,16,0.05384842896872271
chr3,3,0,16,0.022394490283254298
chr3,3,1,16,0.03502745154356852
chr3,3,2,16,0.04837202837621965
chr3,3,3,16,0.057301725236046236
chr3,3,4,16,0.05934973644022241
chr3,3,5,16,0.0588215871175547
chr3,3,6,16,0.058058511880956724
chr3,3,7,16,0.0575439521396252
chr3,3,8,16,0.015676515585771586
chr3,3,9,16,0.02877948962418666
chr3,3,10,16,0.041680658440430306
chr3,3,11,16,0.05384842896872271
chr3,4,0,16,0.022394490283254298
chr3,4,1,16,0.03502745154356852
chr3,4,2,16,0.04837202837621965
chr3,4,3,16,0.057301725236046236
chr3,4,4,16,0.05934973644022241
chr3,4,5,16,0.0588215871175547
chr3,4,6,16,0.058058511880956724
chr3,4,7,16,0.0575439521396252
chr3,4,8,16,0.015676515585771586
chr3,4,9,16,0.02877948962418666
chr3,4,10,16,0.041680658440430306
chr3,4,11,16,0.05384842896872271
chr3,5,0,16,0.022394490283254298
chr3,5,1,16,0.03502745154356852
chr3,5,2,16,0.04837202837621965
chr3,5,3,16,0.057301725236046236
chr3,5,4,16,0.05934973644022241
chr3,5,5,16,0.0588215871175547
chr3,5,6,16,0.058058511880956724
chr3,5,7,16,0.0575439521396252
chr3,5,8,16,0.015676515585771586
chr3,5,9,16,0.02877948962418666
chr3,5,10,16,0.041680658440430306
chr3,5,11,16,0.05384842896872271
chr3,6,0,16,0.022394490283254298
chr3,6,1,16,0.03502745154356852
chr3,6,2,16,0.04837202837621965
chr3,6,3,16,0.057301725236046236
chr3,6,4,16,0.05934973644022241
chr3,6,5,16,0.0588215871175547
chr3,6,6,16,0.058058511880956724
chr3,6,7,16,0.0575439521396252
chr3,6,8,16,0.015676515585771586
chr3,6,9,16,0.02877948962418666
chr3,6,10,16,0.041680658440430306
chr3,6,11,16,0.05384842896872271
chr3,7,0,16,0.022394490283254298
chr3,7,1,16,0.03502745154356852
chr3,7,2,16,0.04837202837621965
chr3,7,3,16,0.057301725236046236
chr3,7,4,16,0.05934973644022241
chr3,7,5,16,0.0588215871175547
chr3,7,6,16,0.058058511880956724
chr3,7,7,16,0.0575439521396252
chr3,7,8,16,0.015676515585771586
chr3,7,9,16,0.02877948962418666
chr3,7,10,16,0.041680658440430306
chr3,7,11,16,0.05384842896872271
chr3,8,0,16,0.022394490283254298
chr3,8,1,16,0.03502745154356852
chr3,8,2,16,0.04837202837621965
chr3,8,3,16,0.057301725236046236
chr3,8,4,16,0.05934973644022241
chr3,8,5,16,0.0588215871175547
chr3,8,6,16,0.058058511880956724
chr3,8,7,16,0.0575439521396252
chr3,8,8,16,0.015676515585771586
chr3,8,9,16,0.02877948962418666
chr3,8,10,16,0.041680658440430306
chr3,8,11,16,0.05384842896872271
chr3,9,0,16,0.022394490283254298
chr3,9,1,16,0.03502745154356852
chr3,9,2,16,0.04837202837621965
chr3,9,3,16,0.057301725236046236
chr3,9,4,16,0.05934973644022241
chr3,9,5,16,0.0588215871175547
chr3,9,6,16,0.058058511880956724
chr3,9,7,16,0.0575439521396252
chr3,9,8,16,0.015676515585771586
chr3,9,9,16,0.02877948962418666
chr3,9,10,16,0.041680658440430306
chr3,9,11,16,0.05384842896872271
chr3,10,0,16,0.022394490283254298
chr3,10,1,16,0.03502745154356852
chr3,10,2,16,0.04837202837621965
chr3,10,3,16,0.057301725236046236
chr3,10,4,16,0.05934973644022241
chr3,10,5,16,0.0588215871175547
chr3,10,6,16,0.058058511880956724
chr3,10,7,16,0.0575439521396252
chr3,10,8,16,0.015676515585771586
chr3,10,9,16,0.02877948962418666
chr3,10,10,16,0.041680658440430306
chr3,10,11,16,0.05384842896872271
chr3,11,0,16,0.022394490283254298
chr3,11,1,16,0.03502745154356852
chr3,11,2,16,0.04837202837621965
chr3,11,3,16,0.057301725236046236
chr3,11,4,16,0.05934973644022241
chr3,11,5,16,0.0588215871175547
chr3,11,6,16,0.058058511880956724
chr3,11,7,16,0.0575439521396252
chr3,11,8,16,0.015676515585771586
chr3,11,9,16,0.02877948962418666
chr3,11,10,16,0.041680658440430306
chr3,11,11,16,0.05384842896872271
chr4,0,0,10,0.021207880834420358
chr4,0,1,10,0.034355456829340804
chr4,0,2,10,0.044351450124083515
chr4,0,3,10,0.04953121317976873
chr4,0,4,10,0.05058211012199687
chr4,0,5,10,0.0502992702976084
chr4,0,6,10,0.049910951183382034
chr4,0,7,10,0.04965198027626733
chr4,0,8,10,0.013842301378471977
chr4,0,9,10,0.028175021717032456
chr4,0,10,10,0.03980070334098913
chr4,0,11,10,0.047627646098941434
chr4,1,0,10,0.021207880834420358
chr4,1,1,10,0.034355456829340804
chr4,1,2,10,0.044351450124083515
chr4,1,3,10,0.04953121317976873
chr4,1,4,10,0.05058211012199687
chr4,1,5,10,0.0502992702976084
chr4,1,6,10,0.049910951183382034
chr4,1,7,10,0.04965198027626733
chr4,1,8,10,0.013842301378471977
chr4,1,9,10,0.028175021717032456
chr4,1,10,10,0.03980070334098913
chr4,1,11,10,0.047627646098941434
chr4,2,0,10,0.021207880834420358
chr4,2,1,10,0.034355456829340804
chr4,2,2,10,0.044351450124083515
chr4,2,3,10,0.04953121317976873
chr4,2,4,10,0.05058211012199687
chr4,2,5,10,0.0502992702976084
chr4,2,6,10,0.049910951183382034
chr4,2,7,10,0.04965198027626733
chr4,2,8,10,0.013842301378471977
chr4,2,9,10,0.028175021717032456
chr4,2,10,10,0.03980070334098913
chr4,2,11,10,0.047627646098941434
chr4,3,0,10,0.021207880834420358
chr4,3,1,10,0.034355456829340804
chr4,3,2,10,0.044351450124083515
chr4,3,3,10,0.04953121317976873
chr4,3,4,10,0.05058211012199687
chr4,3,5,10,0.0502992702976084
chr4,3,6,10,0.049910951183382034
chr4,3,7,10,0.04965198027626733
chr4,3,8,10,0.013842301378471977
chr4,3,9,10,0.028175021717032456
chr4,3,10,10,0.03980070334098913
chr4,3,11,10,0.047627646098941434
chr4,4,0,10,0.021207880834420358
chr4,4,1,10,0.034355456829340804
chr4,4,2,10,0.044351450124083515
chr4,4,3,10,0.04953121317976873
chr4,4,4,10,0.05058211012199687
chr4,4,5,10,0.0502992702976084
chr4,4,6,10,0.049910951183382034
chr4,4,7,10,0.04965198027626733
chr4,4,8,10,0.013842301378471977
chr4,4,9,10,0.028175021717032456
chr4,4,10,10,0.03980070334098913
chr4,4,11,10,0.047627646098941434
chr4,5,0,10,0.021207880834420358
chr4,5,1,10,0.034355456829340804
chr4,5,2,10,0.044351450124083515
chr4,5,3,10,0.04953121317976873
chr4,5,4,10,0.05058211012199687
chr4,5,5,10,0.0502992702976084
chr4,5,6,10,0.049910951183382034
chr4,5,7,10,0.04965198027626733
chr4,5,8,10,0.013842301378471977
chr4,5,9,10,0.028175021717032456
chr4,5,10,10,0.03980070334098913
chr4,5,11,10,0.047627646098941434
chr4,6,0,10,0.021207880834420358
chr4,6,1,10,0.034355456829340804
chr4,6,2,10,0.044351450124083515
chr4,6,3,10,0.04953121317976873
chr4,6,4,10,0.05058211012199687
chr4,6,5,10,0.0502992702976084
chr4,6,6,10,0.049910951183382034
chr4,6,7,10,0.04965198027626733
chr4,6,8,10,0.013842301378471977
chr4,6,9,10,0.028175021717032456
chr4,6,10,10,0.03980070334098913
chr4,6,11,10,0.047627646098941434
chr4,7,0,10,0.021207880834420358
chr4,7,1,10,0.034355456829340804
chr4,7,2,10,0.044351450124083515
chr4,7,3,10,0.04953121317976873
chr4,7,4,10,0.05058211012199687
chr4,7,5,10,0.0502992702976084
chr4,7,6,10,0.049910951183382034
chr4,7,7,10,0.04965198027626733
chr4,7,8,10,0.013842301378471977
chr4,7,9,10,0.028175021717032456
chr4,7,10,10,0.03980070334098913
chr4,7,11,10,0.047627646098941434
chr4,8,0,10,0.021207880834420358
chr4,8,1,10,0.034355456829340804
chr4,8,2,10,0.044351450124083515
chr4,8,3,10,0.04953121317976873
chr4,8,4,10,0.05058211012199687
chr4,8,5,10,0.0502992702976084
chr4,8,6,10,0.049910951183382034
chr4,8,7,10,0.04965198027626733
chr4,8,8,10,0.013842301378471977
chr4,8,9,10,0.028175021717032456
chr4,8,10,10,0.03980070334098913
chr4,8,11,10,0.047627646098941434
chr4,9,0,10,0.021207880834420358
chr4,9,1,10,0.034355456829340804
chr4,9,2,10,0.044351450124083515
chr4,9,3,10,0.04953121317976873
chr4,9,4,10,0.05058211012199687
chr4,9,5,10,0.0502992702976084
chr4,9,6,10,0.049910951183382034
chr4,9,7,10,0.04965198027626733
chr4,9,8,10,0.013842301378471977
chr4,9,9,10,0.028175021717032456
chr4,9,10,10,0.03980070334098913
chr4,9,11,10,0.047627646098941434
chr4,10,0,10,0.021207880834420358
chr4,10,1,10,0.034355456829340804
chr4,10,2,10,0.044351450124083515
chr4,10,3,10,0.04953121317976873
chr4,10,4,10,0.05058211012199687
chr4,10,5,10,0.0502992702976084
chr4,10,6,10,0.049910951183382034
chr4,10,7,10,0.04965198027626733
chr4,10,8,10,0.013842301378471977
chr4,10,9,10,0.028175021717032456
chr4,10,10,10,0.03980070334098913
chr4,10,11,10,0.047627646098941434
chr4,11,0,10,0.021207880834420358
chr4,11,1,10,0.034355456829340804
chr4,11,2,10,0.044351450124083515
chr4,11,3,10,0.04953121317976873
chr4,11,4,10,0.05058211012199687
chr4,11,5,10,0.0502992702976084
chr4,11,6,10,0.049910951183382034
chr4,11,7,10,0.04965198027626733
chr4,11,8,10,0.013842301378471977
chr4,11,9,10,0.028175021717032456
chr4,11,10,10,0.03980070334098913
chr4,11,11,10,0.047627646098941434
chr5,0,0,15,0.04054634064517924
chr5,0,1,15,0.05987010954215377
chr5,0,2,15,0.07426603340986705
chr5,0,3,15,0.08066833571623537
chr5,0,4,15,0.08089501910389103
chr5,0,5,15,0.07956996535582818
chr5,0,6,15,0.07847907416034423
chr5,0,7,15,0.07782276155334672
chr5,0,8,15,0.029566519552479013
chr5,0,9,15,0.05076159923026516
chr5,0,10,15,0.06784419073857008
chr5,0,11,15,0.07855059814560926
chr5,1,0,15,0.04054634064517924
chr5,1,1,15,0.05987010954215377
chr5,1,2,15,0.07426603340986705
chr5,1,3,15,0.08066833571623537
chr5,1,4,15,0.08089501910389103
chr5,1,5,15,0.07956996535582818
chr5,1,6,15,0.07847907416034423
chr5,1,7,15,0.07782276155334672
chr5,1,8,15,0.029566519552479013
chr5,1,9,15,0.05076159923026516
chr5,1,10,15,0.06784419073857008
chr5,1,11,15,0.07855059814560926
chr5,2,0,15,0.04054634064517924
chr5,2,1,15,0.05987010954215377
chr5,2,2,15,0.07426603340986705
chr5,2,3,15,0.08066833571623537
chr5,2,4,15,0.08089501910389103
chr5,2,5,15,0.07956996535582818
chr5,2,6,15,0.07847907416034423
chr5,2,7,15,0.07782276155334672
chr5,2,8,15,0.029566519552479013
chr5,2,9,15,0.05076159923026516
chr5,2,10,15,0.06784419073857008
chr5,2,11,15,0.07855059814560926
chr5,3,0,15,0.04054634064517924
chr5,3,1,15,0.05987010954215377
chr5,3,2,15,0.07426603340986705
chr5,3,3,15,0.08066833571623537
chr5,3,4,15,0.08089501910389103
chr5,3,5,15,0.07956996535582818
chr5,3,6,15,0.07847907416034423
chr5,3,7,15,0.07782276155334672
chr5,3,8,15,0.029566519552479013
chr5,3,9,15,0.05076159923026516
chr5,3,10,15,0.06784419073857008
chr5,3,11,15,0.07855059814560926
chr5,4,0,15,0.04054634064517924
chr5,4,1,15,0.05987010954215377
chr5,4,2,15,0.07426603340986705
chr5,4,3,15,0.08066833571623537
chr5,4,4,15,0.08089501910389103
chr5,4,5,15,0.07956996535582818
chr5,4,6,15,0.07847907416034423
chr5,4,7,15,0.07782276155334672
chr5,4,8,15,0.029566519552479013
chr5,4,9,15,0.05076159923026516
chr5,4,10,15,0.06784419073857008
chr5,4,11,15,0.07855059814560926
chr5,5,0,15,0.04054634064517924
chr5,5,1,15,0.05987010954215377
chr5,5,2,15,0.07426603340986705
chr5,5,3,15,0.08066833571623537
chr5,5,4,15,0.08089501910389103
chr5,5,5,15,0.07956996535582818
chr5,5,6,15,0.07847907416034423
chr5,5,7,15,0.07782276155334672
chr5,5,8,15,0.029566519552479013
chr5,5,9,15,0.05076159923026516
chr5,5,10,15,0.06784419073857008
chr5,5,11,15,0.07855059814560926
chr5,6,0,15,0.04054634064517924
chr5,6,1,15,0.05987010954215377
chr5,6,2,15,0.07426603340986705
chr5,6,3,15,0.08066833571623537
chr5,6,4,15,0.08089501910389103
chr5,6,5,15,0.07956996535582818
chr5,6,6,15,0.07847907416034423
chr5,6,7,15,0.07782276155334672
chr5,6,8,15,0.029566519552479013
chr5,6,9,15,0.05076159923026516
chr5,6,10,15,0.06784419073857008
chr5,6,11,15,0.07855059814560926
chr5,7,0,15,0.04054634064517924
chr5,7,1,15,0.05987010954215377
chr5,7,2,15,0.07426603340986705
chr5,7,3,15,0.08066833571623537
chr5,7,4,15,0.08089501910389103
chr5,7,5,15,0.07956996535582818
chr5,7,6,15,0.07847907416034423
chr5,7,7,15,0.07782276155334672
chr5,7,8,15,0.029566519552479013
chr5,7,9,15,0.05076159923026516
chr5,7,10,15,0.06784419073857008
chr5,7,11,15,0.07855059814560926
chr5,8,0,15,0.04054634064517924
chr5,8,1,15,0.05987010954215377
chr5,8,2,15,0.07426603340986705
chr5,8,3,15,0.08066833571623537
chr5,8,4,15,0.08089501910389103
chr5,8,5,15,0.07956996535582818
chr5,8,6,15,0.07847907416034423
chr5,8,7,15,0.07782276155334672
chr5,8,8,15,0.029566519552479013
chr5,8,9,15,0.05076159923026516
chr5,8,10,15,0.06784419073857008
chr5,8,11,15,0.07855059814560926
chr5,9,0,15,0.04054634064517924
chr5,9,1,15,0.05987010954215377
chr5,9,2,15,0.07426603340986705
chr5,9,3,15,0.08066833571623537
chr5,9,4,15,0.08089501910389103
chr5,9,5,15,0.07956996535582818
chr5,9,6,15,0.07847907416034423
chr5,9,7,15,0.07782276155334672
chr5,9,8,15,0.029566519552479013
chr5,9,9,15,0.05076159923026516
chr5,9,10,15,0.06784419073857008
chr5,9,11,15,0.07855059814560926
chr5,10,0,15,0.04054634064517924
chr5,10,1,15,0.05987010954215377
chr5,10,2,15,0.07426603340986705
chr5,10,3,15,0.08066833571623537
chr5,10,4,15,0.08089501910389103
chr5,10,5,15,0.07956996535582818
chr5,10,6,15,0.07847907416034423
chr5,10,7,15,0.07782276155334672
chr5,10,8,15,0.029566519552479013
chr5,10,9,15,0.05076159923026516
chr5,10,10,15,0.06784419073857008
chr5,10,11,15,0.07855059814560926
chr5,11,0,15,0.04054634064517924
chr5,11,1,15,0.05987010954215377
chr5,11,2,15,0.07426603340986705
chr5,11,3,15,0.08066833571623537
chr5,11,4,15,0.08089501910389103
chr5,11,5,15,0.07956996535582818
chr5,11,6,15,0.07847907416034423
chr5,11,7,15,0.07782276155334672
chr5,11,8,15,0.029566519552479013
chr5,11,9,15,0.05076159923026516
chr5,11,10,15,0.06784419073857008
chr5,11,11,15,0.07855059814560926
chr6,0,0,10,0.018746585038836795
chr6,0,1,10,0.03518936931208243
chr6,0,2,10,0.049521993294931774
chr6,0,3,10,0.05652748586161268
chr6,0,4,10,0.05746026994171183
chr6,0,5,10,0.05667401964997604
chr6,0,6,10,0.05591445838621133
chr6,0,7,10,0.055441144436087386
chr6,0,8,10,0.012269445044175775
chr6,0,9,10,0.02680433630807567
chr6,0,10,10,0.04300215531210348
chr6,0,11,10,0.05406715066312652
chr6,1,0,10,0.018746585038836795
chr6,1,1,10,0.03518936931208243
chr6,1,2,10,0.049521993294931774
chr6,1,3,10,0.05652748586161268
chr6,1,4,10,0.05746026994171183
chr6,1,5,10,0.05667401964997604
chr6,1,6,10,0.05591445838621133
chr6,1,7,10,0.055441144436087386
chr6,1,8,10,0.012269445044175775
chr6,1,9,10,0.02680433630807567
chr6,1,10,10,0.04300215531210348
chr6,1,11,10,0.05406715066312652
chr6,2,0,10,0.018746585038836795
chr6,2,1,10,0.03518936931208243
chr6,2,2,10,0.049521993294931774
chr6,2,3,10,0.05652748586161268
chr6,2,4,10,0.05746026994171183
chr6,2,5,10,0.05667401964997604
chr6,2,6,10,0.05591445838621133
chr6,2,7,10,0.055441144436087386
chr6,2,8,10,0.012269445044175775
chr6,2,9,10,0.02680433630807567
chr6,2,10,10,0.04300215531210348
chr6,2,11,10,0.05406715066312652
chr6,3,0,10,0.018746585038836795
chr6,3,1,10,0.03518936931208243
chr6,3,2,10,0.049521993294931774
chr6,3,3,10,0.05652748586161268
chr6,3,4,10,0.05746026994171183
chr6,3,5,10,0.05667401964997604
chr6,3,6,10,0.05591445838621133
chr6,3,7,10,0.055441144436087386
chr6,3,8,10,0.012269445044175775
chr6,3,9,10,0.02680433630807567
chr6,3,10,10,0.04300215531210348
chr6,3,11,10,0.05406715066312652
chr6,4,0,10,0.018746585038836795
chr6,4,1,10,0.03518936931208243
chr6,4,2,10,0.049521993294931774
chr6,4,3,10,0.05652748586161268
chr6,4,4,10,0.05746026994171183
chr6,4,5,10,0.05667401964997604
chr6,4,6,10,0.05591445838621133
chr6,4,7,10,0.055441144436087386
chr6,4,8,10,0.012269445044175775
chr6,4,9,10,0.02680433630807567
chr6,4,10,10,0.04300215531210348
chr6,4,11,10,0.05406715066312652
chr6,5,0,10,0.018746585038836795
chr6,5,1,10,0.03518936931208243
chr6,5,2,10,0.049521993294931774
chr6,5,3,10,0.05652748586161268
chr6,5,4,10,0.05746026994171183
chr6,5,5,10,0.05667401964997604
chr6,5,6,10,0.05591445838621133
chr6,5,7,10,0.055441144436087386
chr6,5,8,10,0.012269445044175775
chr6,5,9,10,0.02680433630807567
chr6,5,10,10,0.04300215531210348
chr6,5,11,10,0.05406715066312652
chr6,6,0,10,0.018746585038836795
chr6,6,1,10,0.03518936931208243
chr6,6,2,10,0.049521993294931774
chr6,6,3,10,0.05652748586161268
chr6,6,4,10,0.05746026994171183
chr6,6,5,10,0.05667401964997604
chr6,6,6,10,0.05591445838621133
chr6,6,7,10,0.055441144436087386
chr6,6,8,10,0.012269445044175775
chr6,6,9,10,0.02680433630807567
chr6,6,10,10,0.04300215531210348
chr6,6,11,10,0.05406715066312652
chr6,7,0,10,0.018746585038836795
chr6,7,1,10,0.03518936931208243
chr6,7,2,10,0.049521993294931774
chr6,7,3,10,0.05652748586161268
chr6,7,4,10,0.05746026994171183
chr6,7,5,10,0.05667401964997604
chr6,7,6,10,0.05591445838621133
chr6,7,7,10,0.055441144436087386
chr6,7,8,10,0.012269445044175775
chr6,7,9,10,0.02680433630807567
chr6,7,10,10,0.04300215531210348
chr6,7,11,10,0.05406715066312652
chr6,8,0,10,0.018746585038836795
chr6,8,1,10,0.03518936931208243
chr6,8,2,10,0.049521993294931774
chr6,8,3,10,0.05652748586161268
chr6,8,4,10,0.05746026994171183
chr6,8,5,10,0.05667401964997604
chr6,8,6,10,0.05591445838621133
chr6,8,7,10,0.055441144436087386
chr6,8,8,10,0.012269445044175775
chr6,8,9,10,0.02680433630807567
chr6,8,10,10,0.04300215531210348
chr6,8,11,10,0.05406715066312652
chr6,9,0,10,0.018746585038836795
chr6,9,1,10,0.03518936931208243
chr6,9,2,10,0.049521993294931774
chr6,9,3,10,0.05652748586161268
chr6,9,4,10,0.05746026994171183
chr6,9,5,10,0.05667401964997604
chr6,9,6,10,0.05591445838621133
chr6,9,7,10,0.055441144436087386
chr6,9,8,10,0.012269445044175775
chr6,9,9,10,0.02680433630807567
chr6,9,10,10,0.04300215531210348
chr6,9,11,10,0.05406715066312652
chr6,10,0,10,0.018746585038836795
chr6,10,1,10,0.03518936931208243
chr6,10,2,10,0.049521993294931774
chr6,10,3,10,0.05652748586161268
chr6,10,4,10,0.05746026994171183
chr6,10,5,10,0.05667401964997604
chr6,10,6,10,0.05591445838621133
chr6,10,7,10,0.055441144436087386
chr6,10,8,10,0.012269445044175775
chr6,10,9,10,0.02680433630807567
chr6,10,10,10,0.04300215531210348
chr6,10,11,10,0.05406715066312652
chr6,11,0,10,0.018746585038836795
chr6,11,1,10,0.03518936931208243
chr6,11,2,10,0.049521993294931774
chr6,11,3,10,0.05652748586161268
chr6,11,4,10,0.05746026994171183
chr6,11,5,10,0.05667401964997604
chr6,11,6,10,0.05591445838621133
chr6,11,7,10,0.055441144436087386
chr6,11,8,10,0.012269445044175775
chr6,11,9,10,0.02680433630807567
chr6,11,10,10,0.04300215531210348
chr6,11,11,10,0.05406715066312652
chr7,0,0,18,0.033767145995806255
chr7,0,1,18,0.04667199397112158
chr7,0,2,18,0.055349726039538825
chr7,0,3,18,0.058698489969935624
chr7,0,4,18,0.05794252847494325
chr7,0,5,18,0.056419551692136624
chr7,0,6,18,0.05532123824014912
chr7,0,7,18,0.054685515568015396
chr7,0,8,18,0.025531679741884535
chr7,0,9,18,0.040868055203837
chr7,0,10,18,0.05151942609447111
chr7,0,11,18,0.05776137105209424
chr7,1,0,18,0.033767145995806255
chr7,1,1,18,0.04667199397112158
chr7,1,2,18,0.055349726039538825
chr7,1,3,18,0.058698489969935624
chr7,1,4,18,0.05794252847494325
chr7,1,5,18,0.056419551692136624
chr7,1,6,18,0.05532123824014912
chr7,1,7,18,0.054685515568015396
chr7,1,8,18,0.025531679741884535
chr7,1,9,18,0.040868055203837
chr7,1,10,18,0.05151942609447111
chr7,1,11,18,0.05776137105209424
chr7,2,0,18,0.033767145995806255
chr7,2,1,18,0.04667199397112158
chr7,2,2,18,0.055349726039538825
chr7,2,3,18,0.058698489969935624
chr7,2,4,18,0.05794252847494325
chr7,2,5,18,0.056419551692136624
chr7,2,6,18,0.05532123824014912
chr7,2,7,18,0.054685515568015396
chr7,2,8,18,0.025531679741884535
chr7,2,9,18,0.040868055203837
chr7,2,10,18,0.05151942609447111
chr7,2,11,18,0.05776137105209424
chr7,3,0,18,0.033767145995806255
chr7,3,1,18,0.04667199397112158
chr7,3,2,18,0.055349726039538825
chr7,3,3,18,0.058698489969935624
chr7,3,4,18,0.05794252847494325
chr7,3,5,18,0.056419551692136624
chr7,3,6,18,0.05532123824014912
chr7,3,7,18,0.054685515568015396
chr7,3,8,18,0.025531679741884535
chr7,3,9,18,0.040868055203837
chr7,3,10,18,0.05151942609447111
chr7,3,11,18,0.05776137105209424
chr7,4,0,18,0.033767145995806255
chr7,4,1,18,0.04667199397112158
chr7,4,2,18,0.055349726039538825
chr7,4,3,18,0.058698489969935624
chr7,4,4,18,0.05794252847494325
chr7,4,5,18,0.056419551692136624
chr7,4,6,18,0.05532123824014912
chr7,4,7,18,0.054685515568015396
chr7,4,8,18,0.025531679741884535
chr7,4,9,18,0.040868055203837
chr7,4,10,18,0.05151942609447111
chr7,4,11,18,0.05776137105209424
chr7,5,0,18,0.033767145995806255
chr7,5,1,18,0.04667199397112158
chr7,5,2,18,0.055349726039538825
chr7,5,3,18,0.058698489969935624
chr7,5,4,18,0.05794252847494325
chr7,5,5,18,0.056419551692136624
chr7,5,6,18,0.05532123824014912
chr7,5,7,18,0.054685515568015396
chr7,5,8,18,0.025531679741884535
chr7,5,9,18,0.040868055203837
chr7,5,10,18,0.05151942609447111
chr7,5,11,18,0.05776137105209424
chr7,6,0,18,0.033767145995806255
chr7,6,1,18,0.04667199397112158
chr7,6,2,18,0.055349726039538825
chr7,6,3,18,0.058698489969935624
chr7,6,4,18,0.05794252847494325
chr7,6,5,18,0.056419551692136624
chr7,6,6,18,0.05532123824014912
chr7,6,7,18,0.054685515568015396
chr7,6,8,18,0.025531679741884535
chr7,6,9,18,0.040868055203837
chr7,6,10,18,0.05151942609447111
chr7,6,11,18,0.05776137105209424
chr7,7,0,18,0.033767145995806255
chr7,7,1,18,0.04667199397112158
chr7,7,2,18,0.055349726039538825
chr7,7,3,18,0.058698489969935624
chr7,7,4,18,0.05794252847494325
chr7,7,5,18,0.056419551692136624
chr7,7,6,18,0.05532123824014912
chr7,7,7,18,0.054685515568015396
chr7,7,8,18,0.025531679741884535
chr7,7,9,18,0.040868055203837
chr7,7,10,18,0.05151942609447111
chr7,7,11,18,0.05776137105209424
chr7,8,0,18,0.033767145995806255
chr7,8,1,18,0.04667199397112158
chr7,8,2,18,0.055349726039538825
chr7,8,3,18,0.058698489969935624
chr7,8,4,18,0.05794252847494325
chr7,8,5,18,0.056419551692136624
chr7,8,6,18,0.05532123824014912
chr7,8,7,18,0.054685515568015396
chr7,8,8,18,0.025531679741884535
chr7,8,9,18,0.040868055203837
chr7,8,10,18,0.05151942609447111
chr7,8,11,18,0.05776137105209424
chr7,9,0,18,0.033767145995806255
chr7,9,1,18,0.04667199397112158
chr7,9,2,18,0.055349726039538825
chr7,9,3,18,0.058698489969935624
chr7,9,4,18,0.05794252847494325
chr7,9,5,18,0.056419551692136624
chr7,9,6,18,0.05532123824014912
chr7,9,7,18,0.054685515568015396
chr7,9,8,18,0.025531679741884535
chr7,9,9,18,0.040868055203837
chr7,9,10,18,0.05151942609447111
chr7,9,11,18,0.05776137105209424
chr7,10,0,18,0.033767145995806255
chr7,10,1,18,0.04667199397112158
chr7,10,2,18,0.055349726039538825
chr7,10,3,18,0.058698489969935624
chr7,10,4,18,0.05794252847494325
chr7,10,5,18,0.056419551692136624
chr7,10,6,18,0.05532123824014912
chr7,10,7,18,0.054685515568015396
chr7,10,8,18,0.025531679741884535
chr7,10,9,18,0.040868055203837
chr7,10,10,18,0.05151942609447111
chr7,10,11,18,0.05776137105209424
chr7,11,0,18,0.033767145995806255
chr7,11,1,18,0.04667199397112158
chr7,11,2,18,0.055349726039538825
chr7,11,3,18,0.058698489969935624
chr7,11,4,18,0.05794252847494325
chr7,11,5,18,0.056419551692136624
chr7,11,6,18,0.05532123824014912
chr7,11,7,18,0.054685515568015396
chr7,11,8,18,0.025531679741884535
chr7,11,9,18,0.040868055203837
chr7,11,10,18,0.05151942609447111
chr7,11,11,18,0.05776137105209424
chr8,0,0,13,0.01861367577995004
chr8,0,1,13,0.029802529132478297
chr8,0,2,13,0.03545296641929044
chr8,0,3,13,0.03664383958362743
chr8,0,4,13,0.035664296849735794
chr8,0,5,13,0.034522107614713686
chr8,0,6,13,0.03376474411816592
chr8,0,7,13,0.03333853336234485
chr8,0,8,13,0.011968209571862808
chr8,0,9,13,0.024870665774673825
chr8,0,10,13,0.03327365203742534
chr8,0,11,13,0.036493629273710394
chr8,1,0,13,0.01861367577995004
chr8,1,1,13,0.029802529132478297
chr8,1,2,13,0.03545296641929044
chr8,1,3,13,0.03664383958362743
chr8,1,4,13,0.035664296849735794
chr8,1,5,13,0.034522107614713686
chr8,1,6,13,0.03376474411816592
chr8,1,7,13,0.03333853336234485
chr8,1,8,13,0.011968209571862808
chr8,1,9,13,0.024870665774673825
chr8,1,10,13,0.03327365203742534
chr8,1,11,13,0.036493629273710394
chr8,2,0,13,0.01861367577995004
chr8,2,1,13,0.029802529132478297
chr8,2,2,13,0.03545296641929044
chr8,2,3,13,0.03664383958362743
chr8,2,4,13,0.035664296849735794
chr8,2,5,13,0.034522107614713686
chr8,2,6,13,0.03376474411816592
chr8,2,7,13,0.03333853336234485
chr8,2,8,13,0.011968209571862808
chr8,2,9,13,0.024870665774673825
chr8,2,10,13,0.03327365203742534
chr8,2,11,13,0.036493629273710394
chr8,3,0,13,0.01861367577995004
chr8,3,1,13,0.029802529132478297
chr8,3,2,13,0.03545296641929044
chr8,3,3,13,0.03664383958362743
chr8,3,4,13,0.035664296849735794
chr8,3,5,13,0.034522107614713686
chr8,3,6,13,0.03376474411816592
chr8,3,7,13,0.03333853336234485
chr8,3,8,13,0.011968209571862808
chr8,3,9,13,0.024870665774673825
chr8,3,10,13,0.03327365203742534
chr8,3,11,13,0.036493629273710394
chr8,4,0,13,0.01861367577995004
chr8,4,1,13,0.029802529132478297
chr8,4,2,13,0.03545296641929044
chr8,4,3,13,0.03664383958362743
chr8,4,4,13,0.035664296849735794
chr8,4,5,13,0.034522107614713686
chr8,4,6,13,0.03376474411816592
chr8,4,7,13,0.03333853336234485
chr8,4,8,13,0.011968209571862808
chr8,4,9,13,0.024870665774673825
chr8,4,10,13,0.03327365203742534
chr8,4,11,13,0.036493629273710394
chr8,5,0,13,0.01861367577995004
chr8,5,1,13,0.029802529132478297
chr8,5,2,13,0.03545296641929044
chr8,5,3,13,0.03664383958362743
chr8,5,4,13,0.035664296849735794
chr8,5,5,13,0.034522107614713686
chr8,5,6,13,0.03376474411816592
chr8,5,7,13,0.03333853336234485
chr8,5,8,13,0.011968209571862808
chr8,5,9,13,0.024870665774673825
chr8,5,10,13,0.03327365203742534
chr8,5,11,13,0.036493629273710394
chr8,6,0,13,0.01861367577995004
chr8,6,1,13,0.029802529132478297
chr8,6,2,13,0.03545296641929044
chr8,6,3,13,0.03664383958362743
chr8,6,4,13,0.035664296849735794
chr8,6,5,13,0.034522107614713686
chr8,6,6,13,0.03376474411816592
chr8,6,7,13,0.03333853336234485
chr8,6,8,13,0.011968209571862808
chr8,6,9,13,0.024870665774673825
chr8,6,10,13,0.03327365203742534
chr8,6,11,13,0.036493629273710394
chr8,7,0,13,0.01861367577995004
chr8,7,1,13,0.029802529132478297
chr8,7,2,13,0.03545296641929044
chr8,7,3,13,0.03664383958362743
chr8,7,4,13,0.035664296849735794
chr8,7,5,13,0.034522107614713686
chr8,7,6,13,0.03376474411816592
chr8,7,7,13,0.03333853336234485
chr8,7,8,13,0.011968209571862808
chr8,7,9,13,0.024870665774673825
chr8,7,10,13,0.03327365203742534
chr8,7,11,13,0.036493629273710394
chr8,8,0,13,0.01861367577995004
chr8,8,1,13,0.029802529132478297
chr8,8,2,13,0.03545296641929044
chr8,8,3,13,0.03664383958362743
chr8,8,4,13,0.035664296849735794
chr8,8,5,13,0.034522107614713686
chr8,8,6,13,0.03376474411816592
chr8,8,7,13,0.03333853336234485
chr8,8,8,13,0.011968209571862808
chr8,8,9,13,0.024870665774673825
chr8,8,10,13,0.03327365203742534
chr8,8,11,13,0.036493629273710394
chr8,9,0,13,0.01861367577995004
chr8,9,1,13,0.029802529132478297
chr8,9,2,13,0.03545296641929044
chr8,9,3,13,0.03664383958362743
chr8,9,4,13,0.035664296849735794
chr8,9,5,13,0.034522107614713686
chr8,9,6,13,0.03376474411816592
chr8,9,7,13,0.03333853336234485
chr8,9,8,13,0.011968209571862808
chr8,9,9,13,0.024870665774673825
chr8,9,10,13,0.03327365203742534
chr8,9,11,13,0.036493629273710394
chr8,10,0,13,0.01861367577995004
chr8,10,1,13,0.029802529132478297
chr8,10,2,13,0.03545296641929044
chr8,10,3,13,0.03664383958362743
chr8,10,4,13,0.035664296849735794
chr8,10,5,13,0.034522107614713686
chr8,10,6,13,0.03376474411816592
chr8,10,7,13,0.03333853336234485
chr8,10,8,13,0.011968209571862808
chr8,10,9,13,0.024870665774673825
chr8,10,10,13,0.03327365203742534
chr8,10,11,13,0.036493629273710394
chr8,11,0,13,0.01861367577995004
chr8,11,1,13,0.029802529132478297
chr8,11,2,13,0.03545296641929044
chr8,11,3,13,0.03664383958362743
chr8,11,4,13,0.035664296849735794
chr8,11,5,13,0.034522107614713686
chr8,11,6,13,0.03376474411816592
chr8,11,7,13,0.03333853336234485
chr8,11,8,13,0.011968209571862808
chr8,11,9,13,0.024870665774673825
chr8,11,10,13,0.03327365203742534
chr8,11,11,13,0.036493629273710394
chr9,0,0,7,0.039160034427027965
chr9,0,1,7,0.054607358974297915
chr9,0,2,7,0.0657125522868369
chr9,0,3,7,0.07088161055877507
chr9,0,4,7,0.0712512425737966
chr9,0,5,7,0.07037025021199352
chr9,0,6,7,0.06961309301096881
chr9,0,7,7,0.06915226562472374
chr9,0,8,7,0.02918523683336551
chr9,0,9,7,0.047591510566970564
chr9,0,10,7,0.06069683921036716
chr9,0,11,7,0.06913445464392506
chr9,1,0,7,0.039160034427027965
chr9,1,1,7,0.054607358974297915
chr9,1,2,7,0.0657125522868369
chr9,1,3,7,0.07088161055877507
chr9,1,4,7,0.0712512425737966
chr9,1,5,7,0.07037025021199352
chr9,1,6,7,0.06961309301096881
chr9,1,7,7,0.06915226562472374
chr9,1,8,7,0.02918523683336551
chr9,1,9,7,0.047591510566970564
chr9,1,10,7,0.06069683921036716
chr9,1,11,7,0.06913445464392506
chr9,2,0,7,0.039160034427027965
chr9,2,1,7,0.054607358974297915
chr9,2,2,7,0.0657125522868369
chr9,2,3,7,0.07088161055877507
chr9,2,4,7,0.0712512425737966
chr9,2,5,7,0.07037025021199352
chr9,2,6,7,0.06961309301096881
chr9,2,7,7,0.06915226562472374
chr9,2,8,7,0.02918523683336551
chr9,2,9,7,0.047591510566970564
chr9,2,10,7,0.06069683921036716
chr9,2,11,7,0.06913445464392506
chr9,3,0,7,0.039160034427027965
chr9,3,1,7,0.054607358974297915
chr9,3,2,7,0.0657125522868369
chr9,3,3,7,0.07088161055877507
chr9,3,4,7,0.0712512425737966
chr9,3,5,7,0.07037025021199352
chr9,3,6,7,0.06961309301096881
chr9,3,7,7,0.06915226562472374
chr9,3,8,7,0.02918523683336551
chr9,3,9,7,0.047591510566970564
chr9,3,10,7,0.06069683921036716
chr9,3,11,7,0.06913445464392506
chr9,4,0,7,0.039160034427027965
chr9,4,1,7,0.054607358974297915
chr9,4,2,7,0.0657125522868369
chr9,4,3,7,0.07088161055877507
chr9,4,4,7,0.0712512425737966
chr9,4,5,7,0.07037025021199352
chr9,4,6,7,0.06961309301096881
chr9,4,7,7,0.06915226562472374
chr9,4,8,7,0.02918523683336551
chr9,4,9,7,0.047591510566970564
chr9,4,10,7,0.06069683921036716
chr9,4,11,7,0.06913445464392506
chr9,5,0,7,0.039160034427027965
chr9,5,1,7,0.054607358974297915
chr9,5,2,7,0.0657125522868369
chr9,5,3,7,0.07088161055877507
chr9,5,4,7,0.0712512425737966
chr9,5,5,7,0.07037025021199352
chr9,5,6,7,0.06961309301096881
chr9,5,7,7,0.06915226562472374
chr9,5,8,7,0.02918523683336551
chr9,5,9,7,0.047591510566970564
chr9,5,10,7,0.06069683921036716
chr9,5,11,7,0.06913445464392506
chr9,6,0,7,0.039160034427027965
chr9,6,1,7,0.054607358974297915
chr9,6,2,7,0.0657125522868369
chr9,6,3,7,0.07088161055877507
chr9,6,4,7,0.0712512425737966
chr9,6,5,7,0.07037025021199352
chr9,6,6,7,0.06961309301096881
chr9,6,7,7,0.06915226562472374
chr9,6,8,7,0.02918523683336551
chr9,6,9,7,0.047591510566970564
chr9,6,10,7,0.06069683921036716
chr9,6,11,7,0.06913445464392506
chr9,7,0,7,0.039160034427027965
chr9,7,1,7,0.054607358974297915
chr9,7,2,7,0.0657125522868369
chr9,7,3,7,0.07088161055877507
chr9,7,4,7,0.0712512425737966
chr9,7,5,7,0.07037025021199352
chr9,7,6,7,0.06961309301096881
chr9,7,7,7,0.06915226562472374
chr9,7,8,7,0.02918523683336551
chr9,7,9,7,0.047591510566970564
chr9,7,10,7,0.06069683921036716
chr9,7,11,7,0.06913445464392506
chr9,8,0,7,0.039160034427027965
chr9,8,1,7,0.054607358974297915
chr9,8,2,7,0.0657125522868369
chr9,8,3,7,0.07088161055877507
chr9,8,4,7,0.0712512425737966
chr9,8,5,7,0.07037025021199352
chr9,8,6,7,0.06961309301096881
chr9,8,7,7,0.06915226562472374
chr9,8,8,7,0.02918523683336551
chr9,8,9,7,0.047591510566970564
chr9,8,10,7,0.06069683921036716
chr9,8,11,7,0.06913445464392506
chr9,9,0,7,0.039160034427027965
chr9,9,1,7,0.054607358974297915
chr9,9,2,7,0.0657125522868369
chr9,9,3,7,0.07088161055877507
chr9,9,4,7,0.0712512425737966
chr9,9,5,7,0.07037025021199352
chr9,9,6,7,0.06961309301096881
chr9,9,7,7,0.06915226562472374
chr9,9,8,7,0.02918523683336551
chr9,9,9,7,0.047591510566970564
chr9,9,10,7,0.06069683921036716
chr9,9,11,7,0.06913445464392506
chr9,10,0,7,0.039160034427027965
chr9,10,1,7,0.054607358974297915
chr9,10,2,7,0.0657125522868369
chr9,10,3,7,0.07088161055877507
chr9,10,4,7,0.0712512425737966
chr9,10,5,7,0.07037025021199352
chr9,10,6,7,0.06961309301096881
chr9,10,7,7,0.06915226562472374
chr9,10,8,7,0.02918523683336551
chr9,10,9,7,0.047591510566970564
chr9,10,10,7,0.06069683921036716
chr9,10,11,7,0.06913445464392506
chr9,11,0,7,0.039160034427027965
chr9,11,1,7,0.054607358974297915
chr9,11,2,7,0.0657125522868369
chr9,11,3,7,0.07088161055877507
chr9,11,4,7,0.0712512425737966
chr9,11,5,7,0.07037025021199352
chr9,11,6,7,0.06961309301096881
chr9,11,7,7,0.06915226562472374
chr9,11,8,7,0.02918523683336551
chr9,11,9,7,0.047591510566970564
chr9,11,10,7,0.06069683921036716
chr9,11,11,7,0.06913445464392506
chrX,0,0,12,0.050359877313876804
chrX,0,1,12,0.06788657945406425
chrX,0,2,12,0.07349675647504485
chrX,0,3,12,0.07448332135226994
chrX,0,4,12,0.07296768708334486
chrX,0,5,12,0.07120269354996654
chrX,0,6,12,0.07001047268226511
chrX,0,7,12,0.06933298208559387
chrX,0,8,12,0.03676658872680333
chrX,0,9,12,0.06115736026185103
chrX,0,10,12,0.07151396553371536
chrX,0,11,12,0.07444157940896393
chrX,1,0,12,0.050359877313876804
chrX,1,1,12,0.06788657945406425
chrX,1,2,12,0.07349675647504485
chrX,1,3,12,0.07448332135226994
chrX,1,4,12,0.07296768708334486
chrX,1,5,12,0.07120269354996654
chrX,1,6,12,0.07001047268226511
chrX,1,7,12,0.06933298208559387
chrX,1,8,12,0.03676658872680333
chrX,1,9,12,0.06115736026185103
chrX,1,10,12,0.07151396553371536
chrX,1,11,12,0.07444157940896393
chrX,2,0,12,0.050359877313876804
chrX,2,1,12,0.06788657945406425
chrX,2,2,12,0.07349675647504485
chrX,2,3,12,0.07448332135226994
chrX,2,4,12,0.07296768708334486
chrX,2,5,12,0.07120269354996654
chrX,2,6,12,0.07001047268226511
chrX,2,7,12,0.06933298208559387
chrX,2,8,12,0.03676658872680333
chrX,2,9,12,0.06115736026185103
chrX,2,10,12,0.07151396553371536
chrX,2,11,12,0.07444157940896393
chrX,3,0,12,0.050359877313876804
chrX,3,1,12,0.06788657945406425
chrX,3,2,12,0.07349675647504485
chrX,3,3,12,0.07448332135226994
chrX,3,4,12,0.07296768708334486
chrX,3,5,12,0.07120269354996654
chrX,3,6,12,0.07001047268226511
chrX,3,7,12,0.06933298208559387
chrX,3,8,12,0.03676658872680333
chrX,3,9,12,0.06115736026185103
chrX,3,10,12,0.07151396553371536
chrX,3,11,12,0.07444157940896393
chrX,4,0,12,0.050359877313876804
chrX,4,1,12,0.06788657945406425
chrX,4,2,12,0.07349675647504485
chrX,4,3,12,0.07448332135226994
chrX,4,4,12,0.07296768708334486
chrX,4,5,12,0.07120269354996654
chrX,4,6,12,0.07001047268226511
chrX,4,7,12,0.06933298208559387
chrX,4,8,12,0.03676658872680333
chrX,4,9,12,0.06115736026185103
chrX,4,10,12,0.07151396553371536
chrX,4,11,12,0.07444157940896393
chrX,5,0,12,0.050359877313876804
chrX,5,1,12,0.06788657945406425
chrX,5,2,12,0.07349675647504485
chrX,5,3,12,0.07448332135226994
chrX,5,4,12,0.07296768708334486
chrX,5,5,12,0.07120269354996654
chrX,5,6,12,0.07001047268226511
chrX,5,7,12,0.06933298208559387
chrX,5,8,12,0.03676658872680333
chrX,5,9,12,0.06115736026185103
chrX,5,10,12,0.07151396553371536
chrX,5,11,12,0.07444157940896393
chrX,6,0,12,0.050359877313876804
chrX,6,1,12,0.06788657945406425
chrX,6,2,12,0.07349675647504485
chrX,6,3,12,0.07448332135226994
chrX,6,4,12,0.07296768708334486
chrX,6,5,12,0.07120269354996654
chrX,6,6,12,0.07001047268226511
chrX,6,7,12,0.06933298208559387
chrX,6,8,12,0.03676658872680333
chrX,6,9,12,0.06115736026185103
chrX,6,10,12,0.07151396553371536
chrX,6,11,12,0.07444157940896393
chrX,7,0,12,0.050359877313876804
chrX,7,1,12,0.06788657945406425
chrX,7,2,12,0.07349675647504485
chrX,7,3,12,0.07448332135226994
chrX,7,4,12,0.07296768708334486
chrX,7,5,12,0.07120269354996654
chrX,7,6,12,0.07001047268226511
chrX,7,7,12,0.06933298208559387
chrX,7,8,12,0.03676658872680333
chrX,7,9,12,0.06115736026185103
chrX,7,10,12,0.07151396553371536
chrX,7,11,12,0.07444157940896393
chrX,8,0,12,0.050359877313876804
chrX,8,1,12,0.06788657945406425
chrX,8,2,12,0.07349675647504485
chrX,8,3,12,0.07448332135226994
chrX,8,4,12,0.07296768708334486
chrX,8,5,12,0.07120269354996654
chrX,8,6,12,0.07001047268226511
chrX,8,7,12,0.06933298208559387
chrX,8,8,12,0.03676658872680333
chrX,8,9,12,0.06115736026185103
chrX,8,10,12,0.07151396553371536
chrX,8,11,12,0.07444157940896393
chrX,9,0,12,0.050359877313876804
chrX,9,1,12,0.06788657945406425
chrX,9,2,12,0.07349675647504485
chrX,9,3,12,0.07448332135226994
chrX,9,4,12,0.07296768708334486
chrX,9,5,12,0.07120269354996654
chrX,9,6,12,0.07001047268226511
chrX,9,7,12,0.06933298208559387
chrX,9,8,12,0.03676658872680333
chrX,9,9,12,0.06115736026185103
chrX,9,10,12,0.07151396553371536
chrX,9,11,12,0.07444157940896393
chrX,10,0,12,0.050359877313876804
chrX,10,1,12,0.06788657945406425
chrX,10,2,12,0.07349675647504485
chrX,10,3,12,0.07448332135226994
chrX,10,4,12,0.07296768708334486
chrX,10,5,12,0.07120269354996654
chrX,10,6,12,0.07001047268226511
chrX,10,7,12,0.06933298208559387
chrX,10,8,12,0.03676658872680333
chrX,10,9,12,0.06115736026185103
chrX,10,10,12,0.07151396553371536
chrX,10,11,12,0.07444157940896393
chrX,11,0,12,0.050359877313876804
chrX,11,1,12,0.06788657945406425
chrX,11,2,12,0.07349675647504485
chrX,11,3,12,0.07448332135226994
chrX,11,4,12,0.07296768708334486
chrX,11,5,12,0.07120269354996654
chrX,11,6,12,0.07001047268226511
chrX,11,7,12,0.06933298208559387
chrX,11,8,12,0.03676658872680333
chrX,11,9,12,0.06115736026185103
chrX,11,10,12,0.07151396553371536
chrX,11,11,12,0.07444157940896393
