name,label,gc_probability,kmer_probability,probe_probability,gc_caliper_selected,historical_gc_selected
chr20:87622-87922|1,1,0.4292612287604109,0.2516005,0.41700634372508555,True,True
chr20:157404-157704|1,1,0.3553653678696747,0.361505,0.3783136631852545,True,True
chr20:325257-325557|1,1,0.9780906270452365,0.9986505,0.9977683517762623,False,True
chr20:380584-380884|1,1,0.882557171433149,0.9002659,0.8179470130092131,True,True
chr20:407343-407643|1,1,0.7050388376665961,0.7175465,0.8594465716903957,False,True
chr20:408019-408319|1,1,0.9840904868670305,0.99678206,0.9992745417602861,False,True
chr20:462505-462805|1,1,0.8441398619105167,0.98979014,0.9987522551331094,False,True
chr20:543779-544079|1,1,0.5818131400535953,0.8668762,0.9142713928331436,True,True
chr20:647177-647477|1,1,0.3643814382877331,0.20374411,0.037253587749898384,True,True
chr20:648103-648403|1,1,0.2968241474764656,0.1742269,0.07491308046646675,True,True
chr20:652963-653263|1,1,0.9849186692938782,0.9965153,0.9917840102944943,False,True
chr20:676642-676942|1,1,0.8130212897393697,0.9383962,0.9606751937853009,False,True
chr20:768489-768789|1,1,0.756736435358934,0.8292542,0.6822977654537623,True,True
chr20:833666-833966|1,1,0.9673031448407503,0.9932475,0.9968010105970455,False,True
chr20:1002300-1002600|1,1,0.9850277927422947,0.9986802,0.9991478891350276,False,True
chr20:1113228-1113528|1,1,0.7300649474008138,0.47380513,0.5417855913618181,False,True
chr20:1118552-1118852|1,1,0.936771168784284,0.99467695,0.9982527125942682,False,True
chr20:1135175-1135475|1,1,0.7283915058259439,0.7840857,0.6966093026575978,False,True
chr20:1184407-1184707|1,1,0.74427271338593,0.7036056,0.7421120930642799,False,True
chr20:1225989-1226289|1,1,0.9734380054633334,0.995182,0.9966664465345517,False,True
chr20:1266250-1266550|1,1,0.9758168775193773,0.9898337,0.989712180329163,False,True
chr20:1313647-1313947|1,1,0.33406224049107464,0.5050732,0.28402673547669804,True,True
chr20:1319977-1320277|1,1,0.8152836621454137,0.64522445,0.7171704238867463,True,True
chr20:1325746-1326046|1,1,0.6870049372303978,0.9500372,0.9593098799705584,False,True
chr20:1329128-1329428|1,1,0.660749163743812,0.6411819,0.6698540274863283,False,True
chr20:1369369-1369669|1,1,0.43322998671305973,0.44935593,0.40432937065631064,True,True
chr20:1393043-1393343|1,1,0.923326605558723,0.9955996,0.9974660870194717,False,True
chr20:1466833-1467133|1,1,0.975146174084958,0.99828607,0.9997017961845204,False,True
chr20:1478659-1478959|1,1,0.3902895731760162,0.52329695,0.15357746480713372,True,True
chr20:1491409-1491709|1,1,0.6954401638341633,0.67346376,0.8156358114467575,False,True
chr20:1557690-1557990|1,1,0.5350645181433455,0.59025836,0.5333263260296994,True,True
chr20:1570847-1571147|1,1,0.7018068574908046,0.5423541,0.44219179207388015,False,True
chr20:1588686-1588986|1,1,0.47611459906328096,0.32061803,0.7190631538014354,True,True
chr20:1597898-1598198|1,1,0.7584315775603466,0.59113127,0.8022635816556698,False,True
chr20:1619998-1620298|1,1,0.4098406951660248,0.24214618,0.4870045782921564,True,True
chr20:1657768-1658068|1,1,0.38325145143103057,0.2557214,0.44610195660976826,True,True
chr20:1686496-1686796|1,1,0.27836833042683523,0.15813467,0.2611285798975688,True,True
chr20:1894067-1894367|1,1,0.9434539690544709,0.99506724,0.9920514168456892,False,True
chr20:2102888-2103188|1,1,0.9836397814757919,0.9953767,0.9991427085608303,False,True
chr20:2508904-2509204|1,1,0.6914441635784683,0.95250046,0.9381830748170789,True,True
chr20:2536524-2536824|1,1,0.8786268936303362,0.8360147,0.7439620548229835,False,True
chr20:2652582-2652882|1,1,0.9764796872147637,0.99281996,0.9988440730318704,False,True
chr20:2655421-2655721|1,1,0.5799949767519974,0.29519153,0.5083201234085412,True,True
chr20:2664205-2664505|1,1,0.5392652847684157,0.9627765,0.987242055062122,True,True
chr20:2800616-2800916|1,1,0.9563957244649791,0.99220556,0.9883429791109284,False,True
chr20:2814937-2815237|1,1,0.8237740115566545,0.69784606,0.89191814028858,False,True
chr20:2816314-2816614|1,1,0.8964864950199513,0.84901124,0.834989016325027,False,True
chr20:2840010-2840310|1,1,0.9659092223087895,0.98827577,0.9976651484007153,False,True
chr20:2864157-2864457|1,1,0.7658817878247366,0.72088796,0.7375713513799711,True,True
chr20:2873468-2873768|1,1,0.9878846945326489,0.99896693,0.9999061519502009,False,True
chr20:3046002-3046302|1,1,0.9745934782580237,0.9948001,0.9981496841560322,False,True
chr20:3084732-3085032|1,1,0.9125979613659974,0.9417161,0.8909421291115767,True,True
chr20:3149167-3149467|1,1,0.23202429813193798,0.13214648,0.3984142227947816,True,True
chr20:3159851-3160151|1,1,0.8265171070509837,0.9743696,0.9487886096866622,True,True
chr20:3170474-3170774|1,1,0.5388759094255887,0.11129414,0.09036735956321704,True,True
chr20:3173538-3173838|1,1,0.982710480085999,0.9971608,0.9985092670357567,False,True
chr20:3204015-3204315|1,1,0.9126087130004533,0.94162893,0.9583043842556785,False,True
chr20:3208626-3208926|1,1,0.67759793297055,0.50674176,0.16115741187475935,True,True
chr20:3237666-3237966|1,1,0.8415965140215097,0.8973103,0.9746618210258268,False,True
chr20:3240025-3240325|1,1,0.8907199230835171,0.9746551,0.9875253304878423,False,True
chr20:3681999-3682299|1,1,0.9832171876256637,0.9971935,0.9977325124473075,False,True
chr20:3707189-3707489|1,1,0.7915305752597119,0.41631693,0.7471407842529532,False,True
chr20:3712560-3712860|1,1,0.8337642094439066,0.78594786,0.840937375563786,False,True
chr20:3732635-3732935|1,1,0.9811001143388922,0.995828,0.9970352133825932,False,True
chr20:3768376-3768676|1,1,0.9527404674117051,0.9942577,0.9905858503026911,False,True
chr20:3781437-3781737|1,1,0.6026543274300792,0.69671804,0.8871354609055339,True,True
chr20:3795739-3796039|1,1,0.9066596505365413,0.98490983,0.9690399806512969,False,True
chr20:3820506-3820806|1,1,0.9402392062042769,0.99721223,0.9983964344952269,False,True
chr20:3846787-3847087|1,1,0.9772191422592761,0.99894446,0.9979857205509048,False,True
chr20:3888992-3889292|1,1,0.9514633704024467,0.99181366,0.9942875880461814,False,True
chr20:4015541-4015841|1,1,0.9792836784652177,0.99491704,0.9989521095853675,False,True
chr20:4148778-4149078|1,1,0.9896286408667119,0.9987658,0.9996709394806729,False,True
chr20:4164441-4164741|1,1,0.37081720912247745,0.30573317,0.3457683042297442,True,True
chr20:4187465-4187765|1,1,0.5680481400618993,0.54568523,0.6462219290254572,True,True
chr20:4249201-4249501|1,1,0.9856113423387269,0.9972754,0.998431086299075,False,True
chr20:4686406-4686706|1,1,0.989970481663207,0.99752086,0.9981120811177449,False,True
chr20:4815136-4815436|1,1,0.721711413444209,0.47396,0.8233009036512419,False,True
chr20:4823463-4823763|1,1,0.9116927935543163,0.98381424,0.9913754488670066,False,True
chr20:5001491-5001791|1,1,0.9784793841169042,0.99386024,0.9971598458101331,False,True
chr20:5113076-5113376|1,1,0.905123778278721,0.9907789,0.9568537322321714,False,True
chr20:5120139-5120439|1,1,0.5473230203498953,0.7082982,0.8961305852389463,True,True
chr20:5126581-5126881|1,1,0.9426369344232913,0.99442875,0.9993288167059579,False,True
chr20:5314378-5314678|1,1,0.7730488796467936,0.68415076,0.42951048887963883,False,True
chr20:5316708-5317008|1,1,0.9611379219306034,0.99397016,0.9753964901318163,False,True
chr20:5609836-5610136|1,1,0.29828390328191445,0.6720589,0.6417072711810016,True,True
chr20:5911352-5911652|1,1,0.9651916095061006,0.9975259,0.9968193647988096,False,True
chr20:5950486-5950786|1,1,0.8204081794224232,0.99348843,0.9950215691692643,False,True
chr20:6115940-6116240|1,1,0.33966769432933325,0.24755237,0.1763014529420822,True,True
chr20:6123019-6123319|1,1,0.941972234803457,0.9822253,0.9957742828315794,False,True
chr20:7940447-7940747|1,1,0.08668081373606988,0.2982709,0.13282841056719602,True,True
chr20:8132216-8132516|1,1,0.9696077585313077,0.99713635,0.9985831803768294,False,True
chr20:9069037-9069337|1,1,0.9460963590380436,0.9941011,0.9963945020936242,False,True
chr20:9168879-9169179|1,1,0.4213167339529953,0.38745362,0.3571935436299999,True,True
chr20:9370933-9371233|1,1,0.2941253205606747,0.3124312,0.5286711959831242,True,True
chr20:9514241-9514541|1,1,0.3142325136760132,0.7031656,0.7212393065753518,True,True
chr20:9799434-9799734|1,1,0.09600482175709371,0.060994316,0.04021288738735377,True,True
chr20:9838859-9839159|1,1,0.9594449068391784,0.9865849,0.987453457957174,False,True
chr20:10034945-10035245|1,1,0.9759920322193538,0.99652904,0.9973128018517483,False,True
chr20:10224244-10224544|1,1,0.1399980914934847,0.25375795,0.13309887025968883,True,True
chr20:10420540-10420840|1,1,0.18418280960531022,0.43489933,0.6762620931281791,True,True
chr20:10434187-10434487|1,1,0.5197823898270578,0.9777166,0.9831418551560077,True,True
chr20:10435265-10435565|1,1,0.5341726614312637,0.9120338,0.9678379577027053,True,True
chr20:10673988-10674288|1,1,0.9410803769185712,0.98371327,0.8936108036299292,False,True
chr20:13009161-13009461|1,1,0.43483036959089205,0.46826857,0.6201362489839051,True,True
chr20:13784878-13785178|1,1,0.8802914974035578,0.98953843,0.9749671290497408,False,True
chr20:13975063-13975363|1,1,0.026613672835826132,0.052163072,0.017923736599835496,True,True
chr20:13995234-13995534|1,1,0.9704038392546691,0.9963075,0.9988813145720669,False,True
chr20:14337563-14337863|1,1,0.45079374528264193,0.58952606,0.8446127557551555,True,True
chr20:15196799-15197099|1,1,0.2923234815462941,0.17772473,0.2915470523437921,True,True
chr20:15565240-15565540|1,1,0.048503233544079455,0.12633069,0.15423451190962095,True,True
chr20:16573437-16573737|1,1,0.8943122280042652,0.9679808,0.9711332634107117,False,True
chr20:16729979-16730279|1,1,0.886167624419776,0.98002636,0.990226074569454,False,True
chr20:17226990-17227290|1,1,0.566572826816669,0.93394905,0.7333717732298201,True,True
chr20:17531327-17531627|1,1,0.9337459875298945,0.9946591,0.9971780727940783,False,True
chr20:17558810-17559110|1,1,0.3570387644676757,0.44001934,0.3720418488528465,True,True
chr20:17569209-17569509|1,1,0.9100438497789873,0.97348255,0.9765294943307954,False,True
chr20:17570069-17570369|1,1,0.9825797141147089,0.99862325,0.9996505021434334,False,True
chr20:17682231-17682531|1,1,0.9790715934493518,0.9958312,0.9977121111394154,False,True
chr20:17699916-17700216|1,1,0.4920685943090292,0.64687026,0.4229420636014541,True,True
chr20:17968500-17968800|1,1,0.9741081054925008,0.99286664,0.9945043069856002,False,True
chr20:17969018-17969318|1,1,0.8103043501215271,0.9867491,0.9924274123100074,True,True
chr20:18057905-18058205|1,1,0.7046063835277525,0.95871305,0.9444695453543774,False,True
chr20:18142711-18143011|1,1,0.4860458203844592,0.79841393,0.9085580275169819,True,True
chr20:18145049-18145349|1,1,0.22547440971272648,0.43229878,0.6685006235381978,True,True
chr20:18268026-18268326|1,1,0.6859221205348189,0.6066781,0.08047672201169159,True,True
chr20:18288477-18288777|1,1,0.9393584056532196,0.9827686,0.991188336451649,True,True
chr20:18298014-18298314|1,1,0.3477229148262541,0.40284875,0.430380536571844,True,True
chr20:18433684-18433984|1,1,0.21261944056907334,0.17636134,0.18128505102310502,True,True
chr20:18467019-18467319|1,1,0.7337806756082417,0.88260144,0.9892695694851459,False,True
chr20:18497171-18497471|1,1,0.7755540847352621,0.9218954,0.8467202546192651,True,True
chr20:18507362-18507662|1,1,0.743451121883425,0.9906068,0.9869363945260433,False,True
chr20:18567384-18567684|1,1,0.8784480479286226,0.9881258,0.9768005626419239,True,True
chr20:18588004-18588304|1,1,0.9890573899858306,0.9990023,0.9989033010498938,False,True
chr20:18627893-18628193|1,1,0.31624120263056804,0.28173706,0.2426582671316051,True,True
chr20:19212465-19212765|1,1,0.9934328280239283,0.9985164,0.9992101088001469,False,True
chr20:19757556-19757856|1,1,0.8948072239265578,0.9829464,0.9919694178905127,False,True
chr20:19833037-19833337|1,1,0.2592911241992007,0.21237494,0.013131346528353887,True,True
chr20:19885001-19885301|1,1,0.2790103036997901,0.50956833,0.47373579953103095,True,True
chr20:19889489-19889789|1,1,0.7339823097572798,0.9298503,0.9632376722942286,True,True
chr20:19935069-19935369|1,1,0.6070134770370177,0.49881193,0.8706047387757156,True,True
chr20:20016988-20017288|1,1,0.8505551955765297,0.98247325,0.9859416415036202,True,True
chr20:20052455-20052755|1,1,0.9238313856454934,0.99120355,0.9978603341761154,False,True
chr20:21126032-21126332|1,1,0.9741989294688576,0.9964663,0.9953952801660251,False,True
chr20:21303293-21303593|1,1,0.9644470747286956,0.99591464,0.9976622706979604,False,True
chr20:21514022-21514322|1,1,0.8367103150007347,0.92930627,0.9131755005517475,False,True
chr20:21705638-21705938|1,1,0.970556940986709,0.99693644,0.9984817953538572,False,True
chr20:22584252-22584552|1,1,0.9202234783898777,0.9919933,0.9967413882724834,True,True
chr20:22585479-22585779|1,1,0.39375104122311305,0.36770383,0.7701306896811371,True,True
chr20:23086313-23086613|1,1,0.6828718884019341,0.8491709,0.7816291091867594,False,True
chr20:23361477-23361777|1,1,0.9559997119939405,0.98292327,0.9949795915591831,False,True
chr20:23421450-23421750|1,1,0.9056294426378679,0.98876745,0.9895529335505786,True,True
chr20:23491068-23491368|1,1,0.7657755909821918,0.5611293,0.6687372443398709,False,True
chr20:24469142-24469442|1,1,0.9714120717376123,0.99224055,0.9983293152427448,False,True
chr20:24528904-24529204|1,1,0.2703061453749533,0.44045216,0.4975420239383266,True,True
chr20:24949222-24949522|1,1,0.9203895704077759,0.43493983,0.8037863044664013,False,True
chr20:25058128-25058428|1,1,0.9757742532737378,0.99507564,0.9951059561936695,False,True
chr20:25195678-25195978|1,1,0.9864872571156431,0.9981844,0.9974140463827663,False,True
chr20:25236436-25236736|1,1,0.8930723008209221,0.89423275,0.912883700932527,False,True
chr20:25248049-25248349|1,1,0.9501535679133282,0.99704945,0.9987341275734063,False,True
chr20:25390824-25391124|1,1,0.9790584082923848,0.9976653,0.9988445770775971,False,True
chr20:25407679-25407979|1,1,0.9333039127082456,0.99186885,0.9988382958571482,False,True
chr20:25585520-25585820|1,1,0.9669736722524358,0.99053204,0.9937148209141327,False,True
chr20:25624101-25624401|1,1,0.931550698284588,0.9946325,0.9957341378658511,False,True
chr20:25696842-25697142|1,1,0.8930490167138073,0.9817145,0.9788412552267228,False,True
chr20:25863269-25863569|1,1,0.931674435611107,0.9949478,0.9984997164270111,False,True
chr20:31390496-31390796|1,1,0.4158014185321329,0.24063121,0.3412728240065866,True,True
chr20:31440596-31440896|1,1,0.7507945994433802,0.532878,0.6418446170134061,True,True
chr20:31475238-31475538|1,1,0.9341054503273007,0.9911409,0.9824699505970171,False,True
chr20:31514392-31514692|1,1,0.9498876179256087,0.9965185,0.9949240244981381,False,True
chr20:31593583-31593883|1,1,0.8752655514542694,0.4346164,0.38015646960990856,False,True
chr20:31637862-31638162|1,1,0.926835022190547,0.96526104,0.9930701814298079,False,True
chr20:31739273-31739573|1,1,0.8987590271685553,0.99428,0.9912620433422593,True,True
chr20:31818436-31818736|1,1,0.7201410670816419,0.29931617,0.2433751678000364,False,True
chr20:31819306-31819606|1,1,0.7777413159414687,0.8537666,0.9518595102731059,False,True
chr20:31870584-31870884|1,1,0.9800896519365101,0.9936841,0.9915716129612941,False,True
chr20:31879767-31880067|1,1,0.852867713734704,0.9959078,0.993728593933873,False,True
chr20:31886337-31886637|1,1,0.4372073295357162,0.26093283,0.3062032425704298,True,True
chr20:31952031-31952331|1,1,0.7996638517603514,0.9607182,0.9661952597742082,False,True
chr20:31968124-31968424|1,1,0.9890053658632673,0.99904305,0.9973435328929802,False,True
chr20:32010402-32010702|1,1,0.7801205103486866,0.85676634,0.6108960835975694,False,True
chr20:32052192-32052492|1,1,0.9478997999534303,0.9923448,0.9962177421865466,False,True
chr20:32109388-32109688|1,1,0.6198472155759698,0.8757129,0.9529160765680112,True,True
chr20:32207221-32207521|1,1,0.9457865754624323,0.9315157,0.9410415865033515,False,True
chr20:32277606-32277906|1,1,0.973932589725027,0.9933687,0.998532197389727,False,True
chr20:32483474-32483774|1,1,0.9939660790101063,0.9919226,0.9940740473141384,False,True
chr20:32565279-32565579|1,1,0.7936823649926353,0.30854422,0.46827352369673314,False,True
chr20:32585066-32585366|1,1,0.9897251137763086,0.99779093,0.9996197521725623,False,True
chr20:32706716-32707016|1,1,0.24721167072510644,0.3303943,0.4237243408268177,True,True
chr20:32743444-32743744|1,1,0.9673155784519902,0.99819213,0.9943439726009655,False,True
chr20:32762335-32762635|1,1,0.9853578778645073,0.998978,0.9993560778793354,False,True
chr20:32819904-32820204|1,1,0.9883313238635675,0.9975132,0.9980809081558191,False,True
chr20:33004422-33004722|1,1,0.7230104921939439,0.5121775,0.6607755461584318,True,True
chr20:33163483-33163783|1,1,0.6508301080783017,0.22619832,0.039575651660379955,True,True
chr20:33217302-33217602|1,1,0.7931253356239344,0.31151053,0.30082287186516854,False,True
chr20:33283167-33283467|1,1,0.8922708252034219,0.92638195,0.9336382992402535,False,True
chr20:33401508-33401808|1,1,0.32832764541509485,0.54888374,0.7190724211542652,True,True
chr20:33465528-33465828|1,1,0.8377270056306957,0.3984672,0.7827108483775236,True,True
chr20:33490067-33490367|1,1,0.9912388849859213,0.9954531,0.999832538140147,False,True
chr20:33562292-33562592|1,1,0.6440483552268558,0.5844462,0.8629822714642794,True,True
chr20:33662277-33662577|1,1,0.8898648371848716,0.82620466,0.912169435009857,False,True
chr20:33674417-33674717|1,1,0.9755249007009968,0.9968599,0.9989386530632455,False,True
chr20:33686372-33686672|1,1,0.9669586354596458,0.9989907,0.9991113076077195,False,True
chr20:33720258-33720558|1,1,0.70350705978317,0.84589493,0.9439246155105603,False,True
chr20:33811300-33811600|1,1,0.9812920354535508,0.99499327,0.9997362958425766,False,True
chr20:33993603-33993903|1,1,0.9752380372515297,0.99493295,0.9972346856491049,False,True
chr20:34112225-34112525|1,1,0.8462533027891308,0.99176556,0.9964271947982204,True,True
chr20:34260287-34260587|1,1,0.7353709490045885,0.49369594,0.48950114114869664,True,True
chr20:34363223-34363523|1,1,0.9344630997343876,0.9908642,0.9941803670051597,False,True
chr20:34516372-34516672|1,1,0.9474695044128366,0.99385697,0.9953914147059117,False,True
chr20:34546816-34547116|1,1,0.7880404284960605,0.5906276,0.7403724886498322,False,True
chr20:34558116-34558416|1,1,0.5838776128379809,0.8714899,0.9523345701182266,True,True
chr20:34677081-34677381|1,1,0.9529582232336102,0.99877113,0.9975054343810934,False,True
chr20:34704294-34704594|1,1,0.9811381460446655,0.99703825,0.9981006911836661,False,True
chr20:34822241-34822541|1,1,0.27853611889488733,0.15493935,0.11582001903470879,True,True
chr20:34825640-34825940|1,1,0.9435872950332789,0.9913039,0.9757606386359231,False,True
chr20:34876562-34876862|1,1,0.9782751050608861,0.9985297,0.9995922648930929,False,True
chr20:35147317-35147617|1,1,0.3611462579068576,0.96420926,0.9455589502967465,True,True
chr20:35172026-35172326|1,1,0.7784469140584975,0.6781765,0.9090174683985531,True,True
chr20:35226617-35226917|1,1,0.9981934659896493,0.99879175,0.9999808721818588,False,True
chr20:35278111-35278411|1,1,0.9292193271860382,0.9862996,0.9556922657552702,False,True
chr20:35279064-35279364|1,1,0.7483404436112885,0.72396857,0.9108456110503355,False,True
chr20:35292407-35292707|1,1,0.8840395104350599,0.7319651,0.7659044051870381,False,True
chr20:35307080-35307380|1,1,0.7230104921939439,0.5249403,0.21989229848333564,False,True
chr20:35394107-35394407|1,1,0.24919536332541595,0.1638551,0.047743877016574655,True,True
chr20:35411962-35412262|1,1,0.7691791947531931,0.9265524,0.9616532787716365,False,True
chr20:35438217-35438517|1,1,0.2569289875156648,0.5060844,0.35124565882841724,True,True
chr20:35454731-35455031|1,1,0.43875644551475423,0.8339633,0.8440002237098981,True,True
chr20:35542029-35542329|1,1,0.9500894727146363,0.9943116,0.991680435322767,False,True
chr20:35615787-35616087|1,1,0.9700813094339606,0.9976488,0.9959654030869943,False,True
chr20:35632666-35632966|1,1,0.7379987744271018,0.6736227,0.8089609357124203,False,True
chr20:35652488-35652788|1,1,0.15508833817410084,0.106696956,0.05695601224749098,True,True
chr20:35655199-35655499|1,1,0.36934433309011533,0.22377606,0.40339589370020196,True,True
chr20:35664889-35665189|1,1,0.8551455100349705,0.98598635,0.9881033941060783,True,True
chr20:35699074-35699374|1,1,0.9737662471318672,0.9986299,0.998547403227275,False,True
chr20:35742249-35742549|1,1,0.7447334628888076,0.8648843,0.9343269364673543,False,True
chr20:35771965-35772265|1,1,0.9882995405802277,0.9989126,0.9998064916798102,False,True
chr20:35954470-35954770|1,1,0.9330215910225486,0.9983669,0.9971870222902395,False,True
chr20:36064793-36065093|1,1,0.9150800181339837,0.9845909,0.9809382569777508,False,True
chr20:36091797-36092097|1,1,0.677090031922221,0.68296623,0.7764215595898956,True,True
chr20:36154690-36154990|1,1,0.9857844801241028,0.99547064,0.9989251134395946,False,True
chr20:36236428-36236728|1,1,0.8547934385030685,0.9921536,0.9917809437361433,False,True
chr20:36306291-36306591|1,1,0.9949355552282924,0.9984792,0.9999275822487969,False,True
chr20:36331422-36331722|1,1,0.7364495672046195,0.4108781,0.49101533717449025,True,True
chr20:36541469-36541769|1,1,0.9772191422592761,0.9739657,0.9910460407864555,False,True
chr20:36573425-36573725|1,1,0.9906716847361896,0.99957675,0.9999435975268114,False,True
chr20:36591979-36592279|1,1,0.4169505193840943,0.6473072,0.8660093281910934,True,True
chr20:36606948-36607248|1,1,0.206432790199498,0.13625847,0.16914834389579816,True,True
chr20:36646185-36646485|1,1,0.5001503951797844,0.7579311,0.9065119960341467,True,True
chr20:36746076-36746376|1,1,0.9570783445841319,0.9832166,0.9964806118409748,False,True
chr20:36873054-36873354|1,1,0.8454231611936883,0.6228306,0.7156064453716113,False,True
chr20:36876088-36876388|1,1,0.8559323361617822,0.7999196,0.8082176457073649,False,True
chr20:36951670-36951970|1,1,0.9287953987247622,0.9813704,0.9955117149018786,False,True
chr20:37096204-37096504|1,1,0.83471147323754,0.78168947,0.882818573131656,True,True
chr20:37179044-37179344|1,1,0.9605888571008894,0.9975962,0.9983797643387797,False,True
chr20:37289605-37289905|1,1,0.9578990907947679,0.99874437,0.9990452264589056,False,True
chr20:37344663-37344963|1,1,0.6626689053500592,0.6736035,0.6647561407574865,True,True
chr20:37383545-37383845|1,1,0.5781746397550371,0.7430675,0.6149498086419686,True,True
chr20:37694013-37694313|1,1,0.9149957177512487,0.9873466,0.9889653915332065,False,True
chr20:37744591-37744891|1,1,0.22118406965424803,0.14980209,0.203522699789359,True,True
chr20:37777188-37777488|1,1,0.2672477824219567,0.3089996,0.4380686730795141,True,True
chr20:37840099-37840399|1,1,0.515363854668791,0.70916116,0.8740266524208721,True,True
chr20:37903079-37903379|1,1,0.9917684088472155,0.9980819,0.9951976389219075,False,True
chr20:38033445-38033745|1,1,0.914066501659906,0.9979662,0.995491312963826,False,True
chr20:38260226-38260526|1,1,0.8515703388281946,0.93069756,0.8052308461269626,True,True
chr20:38300150-38300450|1,1,0.7533353634419131,0.7017663,0.6454624302332712,True,True
chr20:38304106-38304406|1,1,0.7807218016769754,0.8044827,0.9534779368976373,False,True
chr20:38346432-38346732|1,1,0.8711268882676767,0.63626415,0.8601741963064017,False,True
chr20:38472401-38472701|1,1,0.7404996695079852,0.95276034,0.9669597949035742,True,True
chr20:38581147-38581447|1,1,0.7597902743239446,0.6312961,0.6731341470627609,True,True
chr20:38724436-38724736|1,1,0.9680517943877053,0.99424994,0.9993508811853823,False,True
chr20:38748417-38748717|1,1,0.9838457235955407,0.9960219,0.9998410831973752,False,True
chr20:38805647-38805947|1,1,0.973600097572497,0.99537575,0.9951861258718222,False,True
chr20:38962310-38962610|1,1,0.9627764798318642,0.99607444,0.995490621790225,False,True
chr20:41136916-41137216|1,1,0.9854454699664703,0.99930584,0.9994730068926065,False,True
chr20:41300063-41300363|1,1,0.1327154055227552,0.1519034,0.3301456223370314,True,True
chr20:41317684-41317984|1,1,0.9844209506639988,0.99498594,0.9988875644495292,False,True
chr20:41340771-41341071|1,1,0.9229949159661076,0.95521605,0.9757896392353271,False,True
chr20:41366807-41367107|1,1,0.9818628172911417,0.99730504,0.9988429210619703,False,True
chr20:41618362-41618662|1,1,0.8121521089955107,0.9024718,0.9293717167647848,False,True
chr20:43189719-43190019|1,1,0.9954684140755801,0.9994466,0.9999117804548432,False,True
chr20:43514409-43514709|1,1,0.922106837003891,0.9340858,0.9756171445663331,False,True
chr20:43558977-43559277|1,1,0.6281612928824369,0.66123515,0.7319487675786153,True,True
chr20:43565174-43565474|1,1,0.8483046613794593,0.75713027,0.8287184864683258,False,True
chr20:43567953-43568253|1,1,0.6542713938981889,0.52385026,0.3540322300260485,True,True
chr20:43657506-43657806|1,1,0.9536614667195012,0.9834796,0.9883357452386592,False,True
chr20:43667064-43667364|1,1,0.983101653758494,0.99852633,0.9996865577409012,False,True
chr20:43916080-43916380|1,1,0.9719007221477275,0.9903198,0.9965596083434338,True,True
chr20:44187177-44187477|1,1,0.8529407723008389,0.92506504,0.9673352103155358,False,True
chr20:44210760-44211060|1,1,0.9463057941178137,0.99547404,0.9979802772212992,False,True
chr20:44234768-44235068|1,1,0.4329618737220476,0.52483153,0.5262911764723054,True,True
chr20:44247010-44247310|1,1,0.9337459875298945,0.98530537,0.9652097919656313,False,True
chr20:44311191-44311491|1,1,0.9165636074119433,0.9864158,0.9953662507325322,False,True
chr20:44355649-44355949|1,1,0.9076729495010164,0.95724654,0.9680227115360602,False,True
chr20:44367938-44368238|1,1,0.14557150220518839,0.124900214,0.2768075836461832,True,True
chr20:44401199-44401499|1,1,0.902578535327414,0.7819353,0.9575736818864075,True,True
chr20:44475877-44476177|1,1,0.9670042501115677,0.99398863,0.9825021773465061,False,True
chr20:44522038-44522338|1,1,0.684806625072509,0.95333487,0.9605454238574408,False,True
chr20:44531825-44532125|1,1,0.9885266444732409,0.998176,0.9995024276241908,False,True
chr20:44582533-44582833|1,1,0.5609772185946444,0.6017158,0.7887947896467082,True,True
chr20:44651688-44651988|1,1,0.9841576572298533,0.998139,0.9996395490878638,False,True
chr20:44714811-44715111|1,1,0.8341964829508168,0.87518847,0.8505807596005988,True,True
chr20:44745815-44746115|1,1,0.9812249276900791,0.99880576,0.9981543380409913,False,True
chr20:44810410-44810710|1,1,0.9965616936876954,0.99828786,0.999974589945082,False,True
chr20:44885667-44885967|1,1,0.9710116520334108,0.99883395,0.9992242344820176,False,True
chr20:44910010-44910310|1,1,0.9650002980858795,0.9963965,0.9985994060123976,False,True
chr20:44960385-44960685|1,1,0.9076711389176438,0.9964541,0.9963221581680269,False,True
chr20:44966462-44966762|1,1,0.957085333867364,0.9903286,0.9934448446918603,True,True
chr20:45101113-45101413|1,1,0.7249857409967593,0.91869724,0.9331330242746693,True,True
chr20:45115145-45115445|1,1,0.6735240184181962,0.491288,0.6432528971915162,False,True
chr20:45293112-45293412|1,1,0.8877157069873117,0.9605103,0.989777404807436,True,True
chr20:45363111-45363411|1,1,0.9146193278792516,0.9956494,0.9844749051240551,False,True
chr20:45378314-45378614|1,1,0.5559646808762733,0.22596994,0.06719549120201447,True,True
chr20:45405670-45405970|1,1,0.9305591811935143,0.9935998,0.989422908621846,False,True
chr20:45408239-45408539|1,1,0.8540057671891303,0.940468,0.8800792227560307,False,True
chr20:45416091-45416391|1,1,0.9091699122574282,0.9966366,0.9969081842398626,False,True
chr20:45515611-45515911|1,1,0.5479804951508104,0.22443812,0.2751179843804625,True,True
chr20:45542662-45542962|1,1,0.32264379737144067,0.33831552,0.33370373881725274,True,True
chr20:45547390-45547690|1,1,0.5727010572614208,0.34475616,0.4546401163614959,True,True
chr20:45579272-45579572|1,1,0.790531805861271,0.50434,0.5799133858888181,False,True
chr20:45631233-45631533|1,1,0.6973306188686579,0.5162965,0.5251162079723432,False,True
chr20:45704646-45704946|1,1,0.363560320837999,0.38691792,0.3510236850974161,True,True
chr20:45705008-45705308|1,1,0.1958421407975764,0.21627736,0.14873803368305574,True,True
chr20:45812596-45812896|1,1,0.9321945489998671,0.9939615,0.9986497084754119,False,True
chr20:45834007-45834307|1,1,0.9765456676764263,0.9965837,0.9990634015677559,False,True
chr20:45843655-45843955|1,1,0.827092577211293,0.7596598,0.8593350210310311,False,True
chr20:45855240-45855540|1,1,0.46233738078757086,0.12507798,0.2794647616551435,True,True
chr20:45881177-45881477|1,1,0.7301615493523361,0.85120696,0.897481854324614,False,True
chr20:45887611-45887911|1,1,0.3388846833673855,0.15508525,0.14900014010866974,True,True
chr20:45891005-45891305|1,1,0.9301837011111977,0.99079996,0.994059822541115,False,True
chr20:45934648-45934948|1,1,0.9686394609208576,0.99819237,0.9989432532522788,False,True
chr20:45971556-45971856|1,1,0.9205251112195312,0.9784475,0.9870658577987543,False,True
chr20:45972192-45972492|1,1,0.8103043501215271,0.9766128,0.979091638233443,False,True
chr20:46021705-46022005|1,1,0.9799438286967804,0.9965198,0.9975222090843475,False,True
chr20:46029165-46029465|1,1,0.9678657964356729,0.99596417,0.9973214038896357,False,True
chr20:46118264-46118564|1,1,0.9212384062219018,0.928316,0.9401315320150399,False,True
chr20:46364387-46364687|1,1,0.9363178186372411,0.9973794,0.9951313773596437,False,True
chr20:46406581-46406881|1,1,0.8789230718584846,0.99146736,0.9894418067362127,False,True
chr20:46459297-46459597|1,1,0.5959266256291929,0.89702266,0.9312449755263054,True,True
chr20:46513548-46513848|1,1,0.6692757576831637,0.99350244,0.9421186862491552,False,True
chr20:46642555-46642855|1,1,0.7382797281288586,0.82509434,0.5666291643585086,False,True
chr20:46651448-46651748|1,1,0.931550698284588,0.96063197,0.9567755867876264,False,True
chr20:46689136-46689436|1,1,0.9769479160135097,0.993135,0.9981918711472479,False,True
chr20:46708260-46708560|1,1,0.624949126940611,0.58507717,0.31816837905275364,True,True
chr20:46894566-46894866|1,1,0.9909370353999656,0.99688065,0.9991482792092791,False,True
chr20:47318988-47319288|1,1,0.7243050253261972,0.9435337,0.8924902834217918,False,True
chr20:47356688-47356988|1,1,0.5491966944112647,0.75191456,0.7278161384945326,True,True
chr20:47357568-47357868|1,1,0.7523386176487623,0.91967803,0.9397120335471018,False,True
chr20:47369114-47369414|1,1,0.5654151065977392,0.43568963,0.2994446229142459,True,True
chr20:47412166-47412466|1,1,0.5211811998079039,0.13735268,0.16191397205866837,True,True
chr20:47785470-47785770|1,1,0.9913243621196473,0.9989784,0.9996380428235321,False,True
chr20:47786616-47786916|1,1,0.6893884564912293,0.98622185,0.9554756232911198,True,True
chr20:48888174-48888474|1,1,0.39844146580987483,0.18831944,0.24173216693385655,True,True
chr20:48921678-48921978|1,1,0.9783124328090805,0.99587655,0.999313462555525,False,True
chr20:49046289-49046589|1,1,0.9445973829767094,0.9816938,0.9930088776288113,False,True
chr20:49188323-49188623|1,1,0.9817288367747112,0.99823004,0.9996071800332331,False,True
chr20:49219368-49219668|1,1,0.8103043501215271,0.9922598,0.9891833383029712,False,True
chr20:49278046-49278346|1,1,0.9900677897984549,0.9977036,0.999272374376772,False,True
chr20:49482657-49482957|1,1,0.9740660924034121,0.9963497,0.9947060164176003,False,True
chr20:49484267-49484567|1,1,0.9651828555131047,0.9907308,0.9964278143385169,False,True
chr20:49568126-49568426|1,1,0.9780033125488714,0.98974097,0.9923867676781736,False,True
chr20:49915507-49915807|1,1,0.9341054503273007,0.99737406,0.9981190101075943,False,True
chr20:49936349-49936649|1,1,0.9686467873452406,0.9967338,0.9992133332727489,False,True
chr20:50081605-50081905|1,1,0.2563999984740717,0.19725826,0.4001495086210937,True,True
chr20:50096723-50097023|1,1,0.26269574978733296,0.39179662,0.6693322665423104,True,True
chr20:50113135-50113435|1,1,0.8619296553283823,0.9723943,0.9949922399088001,False,True
chr20:50115943-50116243|1,1,0.6425117462413426,0.93619734,0.9080363040567286,True,True
chr20:50124537-50124837|1,1,0.9111341984626964,0.8383629,0.7771768233509577,False,True
chr20:50128167-50128467|1,1,0.8692162586588877,0.89311475,0.8494368208380819,False,True
chr20:50129601-50129901|1,1,0.8031616019817893,0.7229648,0.7735125078020046,False,True
chr20:50143517-50143817|1,1,0.7718652086163427,0.37510455,0.3913321947602182,True,True
chr20:50153712-50154012|1,1,0.9886248299004042,0.99894685,0.9999153645488995,False,True
chr20:50166189-50166489|1,1,0.4000253284259182,0.8425631,0.669356609947107,True,True
chr20:50510333-50510633|1,1,0.9594449068391784,0.9942597,0.997282815620865,False,True
chr20:50730987-50731287|1,1,0.9726620114579115,0.99719125,0.9982498364290597,False,True
chr20:50795011-50795311|1,1,0.9763868446637666,0.9938093,0.9951569987051712,False,True
chr20:50905544-50905844|1,1,0.07652081519085073,0.11545287,0.45834640137706323,True,True
chr20:50931157-50931457|1,1,0.9652538206495032,0.9966343,0.999017624156129,False,True
chr20:50958521-50958821|1,1,0.33598483233008647,0.8848938,0.9331218906411847,True,True
chr20:51023096-51023396|1,1,0.9847541557175936,0.99825937,0.9996459713194649,False,True
chr20:51526016-51526316|1,1,0.6074255754707021,0.57519895,0.2354128426731297,False,True
chr20:51542688-51542988|1,1,0.9899759366179225,0.99808574,0.9983480358821457,False,True
chr20:51562522-51562822|1,1,0.944419706439188,0.9906935,0.9879220218188156,False,True
chr20:51768379-51768679|1,1,0.9975929154006394,0.99810314,0.9999181184432083,False,True
chr20:51802629-51802929|1,1,0.5192257332737231,0.83172864,0.8207659416839374,True,True
chr20:51862912-51863212|1,1,0.6692757576831637,0.44400918,0.5429655602292766,True,True
chr20:52972350-52972650|1,1,0.6790490858449311,0.6167443,0.8377789178047845,True,True
chr20:53583156-53583456|1,1,0.10878207250498464,0.5571317,0.6304912225444121,True,True
chr20:53611618-53611918|1,1,0.16001790166374658,0.51448923,0.47391894715114,True,True
chr20:54070536-54070836|1,1,0.7460115839750859,0.6079889,0.38011041553871583,False,True
chr20:54173539-54173839|1,1,0.9357748721976918,0.9783528,0.9315106550817993,False,True
chr20:54207797-54208097|1,1,0.889526790883935,0.99017006,0.9890007571671771,False,True
chr20:54475543-54475843|1,1,0.9439829241609932,0.9801608,0.9962013191869067,False,True
chr20:56005465-56005765|1,1,0.7117638544258724,0.860154,0.9372379438116375,False,True
chr20:56358924-56359224|1,1,0.9899339972226832,0.9947062,0.9997537114317379,False,True
chr20:56392204-56392504|1,1,0.7146008890017219,0.97453713,0.9662502137336351,False,True
chr20:56411988-56412288|1,1,0.277826052741927,0.6710782,0.7461077813512311,True,True
chr20:56468482-56468782|1,1,0.9256350510449554,0.9982851,0.995094454244916,False,True
chr20:56524694-56524994|1,1,0.7243050253261972,0.67752653,0.8635647234654774,True,True
chr20:56533267-56533567|1,1,0.6767242250634657,0.7196653,0.8105405497473254,True,True
chr20:56629256-56629556|1,1,0.9086727703432056,0.9973578,0.9870283187700768,False,True
chr20:57266218-57266518|1,1,0.9827602385228932,0.9971097,0.9995793247250971,False,True
chr20:57351205-57351505|1,1,0.9472330052496356,0.9967912,0.9924430084675515,False,True
chr20:57483345-57483645|1,1,0.3592147244133181,0.83352053,0.8017900896450334,True,True
chr20:57525166-57525466|1,1,0.9639892169500885,0.80294055,0.862402867643911,False,True
chr20:57620415-57620715|1,1,0.6022583676243433,0.7393519,0.8389037768199505,True,True
chr20:57710004-57710304|1,1,0.9848783004624143,0.99847955,0.9996645504727233,False,True
chr20:58150861-58151161|1,1,0.9019556846750373,0.93938,0.9890070374303672,False,True
chr20:58309665-58309965|1,1,0.989321500703725,0.9973596,0.9995980964504083,False,True
chr20:58389181-58389481|1,1,0.959049079000504,0.99082094,0.9937495380527801,False,True
chr20:58514876-58515176|1,1,0.9271116325646621,0.9612036,0.9535043320605783,False,True
chr20:58622915-58623215|1,1,0.7473011200438744,0.5634196,0.4427040602275634,False,True
chr20:58650202-58650502|1,1,0.9898773465698351,0.98925984,0.9980862360483832,False,True
chr20:58651233-58651533|1,1,0.9410803769185712,0.9497471,0.9695401480501661,False,True
chr20:58675759-58676059|1,1,0.7090548679790406,0.8374504,0.8624429517280081,True,True
chr20:58678992-58679292|1,1,0.33406224049107464,0.477375,0.4728679730824344,True,True
chr20:58689081-58689381|1,1,0.46043553328630893,0.3179019,0.6349798243275261,True,True
chr20:58691353-58691653|1,1,0.47238927767020317,0.6060828,0.760275789388774,True,True
chr20:58693088-58693388|1,1,0.9924463345229886,0.995811,0.9991697877560771,False,True
chr20:58700888-58701188|1,1,0.8970453306867651,0.79545903,0.7930608787280405,True,True
chr20:58714622-58714922|1,1,0.8977540295358504,0.84770256,0.8946191589025131,False,True
chr20:58839698-58839998|1,1,0.7852210285719657,0.9667858,0.9931556780742871,False,True
chr20:58889130-58889430|1,1,0.9855396424973151,0.9989373,0.9997507974662135,False,True
chr20:58981225-58981525|1,1,0.9881263028329547,0.99810886,0.9990705114857611,False,True
chr20:59007243-59007543|1,1,0.9884030289695446,0.996375,0.996866342954617,False,True
chr20:59019013-59019313|1,1,0.7669883167513494,0.38460982,0.5594409238527667,False,True
chr20:59032324-59032624|1,1,0.9765456676764263,0.9983944,0.9981937279213461,False,True
chr20:59042775-59043075|1,1,0.9829317849623276,0.99701464,0.9955807170290958,False,True
chr20:59300177-59300477|1,1,0.9566243275155585,0.99338996,0.9948882052967948,False,True
chr20:59604490-59604790|1,1,0.39306261979274515,0.81581724,0.9110373803877488,True,True
chr20:59721176-59721476|1,1,0.7147778242011229,0.47980893,0.7748693242222036,False,True
chr20:59933347-59933647|1,1,0.9639321241616006,0.99138486,0.996196527093472,False,True
chr20:59940339-59940639|1,1,0.9325581939391195,0.9970458,0.9989283222011647,False,True
chr20:59996324-59996624|1,1,0.16033409061985346,0.17037843,0.049241881803320536,True,True
chr20:61252388-61252688|1,1,0.9935113637637821,0.9983382,0.999858517079197,False,True
chr20:62122425-62122725|1,1,0.9877659558346155,0.995413,0.9988526533117077,False,True
chr20:62143383-62143683|1,1,0.9941830597213994,0.99785465,0.9996875008251951,False,True
chr20:62161424-62161724|1,1,0.9506814606079259,0.8974587,0.9736726214591354,False,True
chr20:62183144-62183444|1,1,0.9337459875298945,0.99557376,0.9961007987786649,False,True
chr20:62220267-62220567|1,1,0.9907410150193485,0.9953434,0.9995349263675929,False,True
chr20:62238471-62238771|1,1,0.9942743279083912,0.9980726,0.9998347876750369,False,True
chr20:62302027-62302327|1,1,0.8771392529473011,0.8860933,0.890622540334556,False,True
chr20:62367301-62367601|1,1,0.992459464270693,0.9975188,0.998576818892097,False,True
chr20:62387027-62387327|1,1,0.9822763065654206,0.99616015,0.99899742931693,False,True
chr20:62475984-62476284|1,1,0.9841085153090975,0.9982699,0.9992879138763165,False,True
chr20:62642453-62642753|1,1,0.9903117166608284,0.9968541,0.9989008544340413,False,True
chr20:62656399-62656699|1,1,0.9523633594845263,0.94152784,0.9272528752952702,False,True
chr20:62708786-62709086|1,1,0.9834745059396124,0.997456,0.9993577975651075,False,True
chr20:62796455-62796755|1,1,0.9911524374374076,0.9973506,0.9977032972688987,False,True
chr20:62804785-62805085|1,1,0.9864684196447975,0.99898237,0.999806512635081,False,True
chr20:62816163-62816463|1,1,0.894231693917976,0.81919104,0.8535291060222809,True,True
chr20:62836351-62836651|1,1,0.8658684851279572,0.9802696,0.9366304746191805,False,True
chr20:62861811-62862111|1,1,0.9900101775123233,0.99436754,0.9995935147974976,False,True
chr20:62926494-62926794|1,1,0.9546369089544882,0.9943772,0.9828952056761372,False,True
chr20:62937475-62937775|1,1,0.955017674306005,0.98870414,0.993869422270804,False,True
chr20:62952659-62952959|1,1,0.971157571270004,0.9713461,0.9571569094598175,False,True
chr20:63216120-63216420|1,1,0.9866204854930161,0.99905294,0.9996115955452254,False,True
chr20:63235861-63236161|1,1,0.9019840382856512,0.5145636,0.2650673661257022,True,True
chr20:63254452-63254752|1,1,0.9870939865883407,0.99554706,0.9981423783793674,False,True
chr20:63293165-63293465|1,1,0.882557171433149,0.42200676,0.7368232088976341,True,True
chr20:63329084-63329384|1,1,0.91369114442123,0.65716106,0.932656353734993,False,True
chr20:63361291-63361591|1,1,0.9820407811679627,0.9909067,0.9922634942806393,False,True
chr20:63420296-63420596|1,1,0.5545141644354881,0.66745156,0.6634106793296122,True,True
chr20:63472644-63472944|1,1,0.982293152976337,0.95442075,0.9937913593936614,False,True
chr20:63521090-63521390|1,1,0.9631232828356107,0.9958972,0.9862050212202657,False,True
chr20:63537330-63537630|1,1,0.9552942820293764,0.930274,0.9644140049987087,False,True
chr20:63547736-63548036|1,1,0.9529920263845566,0.96010727,0.9428563578870239,False,True
chr20:63552982-63553282|1,1,0.8786268936303362,0.67768866,0.6943885581251239,False,True
chr20:63574228-63574528|1,1,0.9712180658009553,0.9961337,0.9858452818014953,False,True
chr20:63627064-63627364|1,1,0.9857536926328612,0.998412,0.9992800654674577,False,True
chr20:63653413-63653713|1,1,0.9769072425425905,0.9557809,0.9976757216631734,False,True
chr20:63658265-63658565|1,1,0.9066562123416118,0.99855727,0.9959004945103753,False,True
chr20:63663169-63663469|1,1,0.8185542509451708,0.8414407,0.7101394384796005,False,True
chr20:63698422-63698722|1,1,0.736505859228038,0.94281226,0.9430337468038861,False,True
chr20:63707333-63707633|1,1,0.9763549370446714,0.99400467,0.9952358370891448,False,True
chr20:63717309-63717609|1,1,0.2408427292381979,0.37745142,0.36356575638033345,True,True
chr20:63734691-63734991|1,1,0.8970387346708628,0.692983,0.860967560745956,False,True
chr20:63736314-63736614|1,1,0.9399450730702629,0.93463653,0.9798474441917435,False,True
chr20:63738102-63738402|1,1,0.9675124656276767,0.92212105,0.9317549438343528,False,True
chr20:63741197-63741497|1,1,0.9365917996535569,0.94113404,0.7450997665826469,False,True
chr20:63865221-63865521|1,1,0.9613407593754963,0.99743086,0.9987050207216133,False,True
chr20:63873636-63873936|1,1,0.889697684512587,0.82081985,0.7994421012357872,True,True
chr20:63882772-63883072|1,1,0.826159797871425,0.5720477,0.6907700658343835,False,True
chr20:63894974-63895274|1,1,0.9867761016045962,0.9982987,0.9996596821168066,False,True
chr20:63956405-63956705|1,1,0.9592633556802007,0.9659316,0.9868950514426802,False,True
chr20:63969919-63970219|1,1,0.978605720440851,0.99837375,0.999833504719429,False,True
chr20:63978895-63979195|1,1,0.951393282212622,0.9923894,0.997019388684391,False,True
chr20:63981082-63981382|1,1,0.9411993361670592,0.9977476,0.9987377332069624,False,True
chr20:64063156-64063456|1,1,0.9870124440312447,0.99617,0.9978530837367878,False,True
chr20:64077228-64077528|1,1,0.9144796043680401,0.8145816,0.8867068091945012,False,True
chr20:64079498-64079798|1,1,0.9708608437766226,0.99681324,0.9968879650330826,False,True
chr20:64084387-64084687|1,1,0.7002498882480865,0.6621628,0.7793773595269715,False,True
chr20:64091933-64092233|1,1,0.935273090968931,0.9627854,0.9749328080413041,False,True
chr20:64151735-64152035|1,1,0.6999351509694145,0.64481366,0.6823445786460218,True,True
chr20:64164556-64164856|1,1,0.5354792595019138,0.94856006,0.7520772624308251,True,True
chr20:64255698-64255998|1,1,0.9875303409217213,0.9980135,0.9996331618389963,False,True
chr21:10521418-10521718|1,1,0.9753650232708329,0.99847704,0.9995441589174476,False,True
chr21:10543899-10544199|1,1,0.3728281255029608,0.25855616,0.2944257433147322,True,True
chr21:13516062-13516362|1,1,0.8350932305662037,0.8761747,0.7134544553737183,False,True
chr21:13609743-13610043|1,1,0.867065256697935,0.90218216,0.9794280859089877,False,True
chr21:14210919-14211219|1,1,0.14557150220518839,0.3667293,0.3813213097723966,True,True
chr21:14216108-14216408|1,1,0.881717936745123,0.99180686,0.9984152705089705,False,True
chr21:14383135-14383435|1,1,0.8492051449745852,0.98361707,0.9945538503937735,False,True
chr21:14546304-14546604|1,1,0.10043851525805744,0.09970746,0.23122743987750422,True,True
chr21:15064977-15065277|1,1,0.9297993579189758,0.99680257,0.997601942977086,False,True
chr21:15729932-15730232|1,1,0.9837333052275075,0.9993563,0.9989999291864831,False,True
chr21:17612890-17613190|1,1,0.984369206794078,0.9983802,0.9986099096018756,False,True
chr21:17819345-17819645|1,1,0.9386352043707508,0.996543,0.9987175855942508,False,True
chr21:17901167-17901467|1,1,0.6147186883399405,0.7424038,0.22410549987346445,False,True
chr21:18245128-18245428|1,1,0.9736094052041641,0.9964141,0.9980971076049259,False,True
chr21:25607470-25607770|1,1,0.9394239017929522,0.9918196,0.9924559228703542,False,True
chr21:25639208-25639508|1,1,0.9073006651196917,0.9820926,0.9826247694374465,False,True
chr21:25724570-25724870|1,1,0.05858234850416433,0.12661262,0.23074750574099553,True,True
chr21:25735320-25735620|1,1,0.9674912949465343,0.99799323,0.9895010718178501,False,True
chr21:26021927-26022227|1,1,0.19619480208675902,0.35831755,0.34095942115337613,True,True
chr21:26170646-26170946|1,1,0.9865806139958453,0.9984547,0.9992835284585208,False,True
chr21:26171256-26171556|1,1,0.2883417179725602,0.7458519,0.90632662619528,True,True
chr21:26573221-26573521|1,1,0.5672096152805343,0.8982914,0.9484046385356146,True,True
chr21:26966637-26966937|1,1,0.6239855455298567,0.9558037,0.9922071190083058,True,True
chr21:28885354-28885654|1,1,0.3878076658514317,0.68830884,0.8652303729429506,True,True
chr21:29019338-29019638|1,1,0.6990965894195929,0.9753117,0.9445291012826551,False,True
chr21:29024618-29024918|1,1,0.8010838983016528,0.9901489,0.9901688801788707,False,True
chr21:29073636-29073936|1,1,0.8690140132470615,0.9800149,0.9859618018399784,False,True
chr21:29077064-29077364|1,1,0.9071666313583251,0.9303628,0.8984179414186999,False,True
chr21:29121940-29122240|1,1,0.46275519747864846,0.5064433,0.06727967586285799,True,True
chr21:29130609-29130909|1,1,0.7509559017254946,0.866929,0.800624130745602,True,True
chr21:29145536-29145836|1,1,0.19731475345426217,0.56092316,0.2601918205977158,True,True
chr21:29298872-29299172|1,1,0.9896789740995827,0.9989968,0.9997170389417867,False,True
chr21:29309848-29310148|1,1,0.08070069661264023,0.10365846,0.12389970869870934,True,True
chr21:29939660-29939960|1,1,0.8594456005837977,0.96643716,0.9820185604617757,False,True
chr21:31732107-31732407|1,1,0.9921423838037612,0.9991178,0.9997727368299287,False,True
chr21:31873269-31873569|1,1,0.9834364215836193,0.99363637,0.9985282557729751,False,True
chr21:32279015-32279315|1,1,0.8727355134564756,0.9919676,0.9966812319675161,False,True
chr21:32298805-32299105|1,1,0.7585590499534944,0.8491507,0.9216215072062908,False,True
chr21:32393001-32393301|1,1,0.9654376618379739,0.9927578,0.9974482509655628,False,True
chr21:32411673-32411973|1,1,0.9310926794322844,0.9918188,0.9851164589023911,False,True
chr21:32585512-32585812|1,1,0.20812277091431772,0.51465607,0.7224652438536744,True,True
chr21:32603190-32603490|1,1,0.7447334628888076,0.70546764,0.5458027015095198,True,True
chr21:32612361-32612661|1,1,0.8725192849910354,0.9944883,0.9918067667327727,True,True
chr21:32727896-32728196|1,1,0.9779749523621512,0.9983292,0.9994230642438369,False,True
chr21:32771721-32772021|1,1,0.8520581756651985,0.5212536,0.9973646589247757,False,True
chr21:32813675-32813975|1,1,0.4296810025091567,0.50815797,0.7698358154530772,True,True
chr21:33229900-33230200|1,1,0.9829874764195504,0.9985453,0.9984938038578346,False,True
chr21:33233603-33233903|1,1,0.06011228425784839,0.2836118,0.1607878759280505,True,True
chr21:33260679-33260979|1,1,0.026998386597905467,0.06870842,0.004608574523856297,True,True
chr21:33264645-33264945|1,1,0.7329017163183736,0.39116096,0.15105179577179764,False,True
chr21:33276705-33277005|1,1,0.14245539228312795,0.08826292,0.0473455263647471,True,True
chr21:33324923-33325223|1,1,0.9581002267566006,0.9938241,0.982002040220936,False,True
chr21:33402832-33403132|1,1,0.7312654846813417,0.83305657,0.77454028661798,False,True
chr21:33491387-33491687|1,1,0.9275023468803429,0.9931485,0.9922618097104188,False,True
chr21:33542101-33542401|1,1,0.9310926794322844,0.9953127,0.9986143823596241,False,True
chr21:33543023-33543323|1,1,0.8170395175504515,0.9758863,0.98837017159819,False,True
chr21:33588665-33588965|1,1,0.9727005896079074,0.9977246,0.9994774664806402,False,True
chr21:33642453-33642753|1,1,0.9672252045362628,0.99500054,0.9980089067310797,False,True
chr21:33687053-33687353|1,1,0.5055516541834629,0.032483984,0.029122964007957993,True,True
chr21:33915775-33916075|1,1,0.7301615493523361,0.9340144,0.9811738495426421,True,True
chr21:34073157-34073457|1,1,0.9894837107477974,0.9976655,0.9989923237781464,False,True
chr21:34087681-34087981|1,1,0.38413991284183496,0.07183993,0.04023312694402152,True,True
chr21:34363940-34364240|1,1,0.2575143717461689,0.38525653,0.1564135826730625,True,True
chr21:34375465-34375765|1,1,0.9295658855894467,0.99311733,0.9802865262585696,False,True
chr21:34423905-34424205|1,1,0.21732540840633802,0.19746119,0.534038348864137,True,True
chr21:34459588-34459888|1,1,0.9531127677542515,0.97524583,0.9904048540772027,False,True
chr21:34512199-34512499|1,1,0.30438554036604065,0.4625071,0.37673407863125347,True,True
chr21:34521486-34521786|1,1,0.6969426979491997,0.6712876,0.7760232720147188,False,True
chr21:34526964-34527264|1,1,0.23026251028376296,0.39265928,0.2888173193446176,True,True
chr21:34615037-34615337|1,1,0.9828172270353659,0.99829394,0.9994027388197992,False,True
chr21:34669260-34669560|1,1,0.978605720440851,0.9949344,0.995721450974715,False,True
chr21:34888682-34888982|1,1,0.958412384295241,0.99760145,0.9979487629377002,False,True
chr21:35049266-35049566|1,1,0.23919533510856847,0.36871475,0.4371634670435752,True,True
chr21:35984699-35984999|1,1,0.2591983082792744,0.528507,0.38360112916929406,True,True
chr21:36060303-36060603|1,1,0.9200935770102474,0.9941432,0.9983085383234954,False,True
chr21:36069974-36070274|1,1,0.9615766034516459,0.9916055,0.988906457124904,False,True
chr21:36156776-36157076|1,1,0.9838701509287062,0.999113,0.9996579390503154,False,True
chr21:36320147-36320447|1,1,0.9847114854379,0.9976788,0.998804977633085,False,True
chr21:36385342-36385642|1,1,0.989970481663207,0.997954,0.9993244918566306,False,True
chr21:36480063-36480363|1,1,0.5075060804723178,0.61702925,0.7372491529337378,True,True
chr21:36487408-36487708|1,1,0.1054178557609115,0.1294214,0.39088861338594083,True,True
chr21:36709163-36709463|1,1,0.9673018634345053,0.9883349,0.9829747233025193,False,True
chr21:36966658-36966958|1,1,0.9955787010265285,0.9988632,0.9997807467349281,False,True
chr21:36990196-36990496|1,1,0.9758698608794709,0.990357,0.996734530050426,False,True
chr21:37006026-37006326|1,1,0.9407108954748189,0.9946561,0.9876578705955658,False,True
chr21:37072711-37073011|1,1,0.9593153448655332,0.97307825,0.9885887139763313,False,True
chr21:37076672-37076972|1,1,0.4426902035720736,0.25046575,0.28613373898461864,True,True
chr21:37221361-37221661|1,1,0.6617896987527874,0.8602354,0.894833754348873,True,True
chr21:37267323-37267623|1,1,0.9392866346284775,0.99584717,0.9962408526683363,False,True
chr21:37367552-37367852|1,1,0.9931799230883618,0.99822134,0.9996749716795004,False,True
chr21:37420275-37420575|1,1,0.17693308104480276,0.37456265,0.22937929615344566,True,True
chr21:37464695-37464995|1,1,0.05469348978750261,0.08252244,0.36263452904442317,True,True
chr21:37472637-37472937|1,1,0.22077931014546168,0.38370803,0.33623728045388573,True,True
chr21:37916359-37916659|1,1,0.9334963669850161,0.99683917,0.9933725706597918,False,True
chr21:38121337-38121637|1,1,0.6400607397111622,0.8629464,0.9070050490284378,True,True
chr21:38256941-38257241|1,1,0.3582000626923579,0.6478347,0.302313157932712,True,True
chr21:38272458-38272758|1,1,0.3515346315096327,0.5322021,0.611277157178941,True,True
chr21:38498466-38498766|1,1,0.40064913119181234,0.48249233,0.6859645449548027,True,True
chr21:38660584-38660884|1,1,0.9859646194044359,0.9920162,0.9971497906408832,False,True
chr21:38805879-38806179|1,1,0.9799415209895009,0.9977664,0.9990891032092831,False,True
chr21:39183403-39183703|1,1,0.9552353609650138,0.99263704,0.9928050902609674,False,True
chr21:39313621-39313921|1,1,0.9689742597934995,0.9990433,0.9990410192362769,False,True
chr21:39349052-39349352|1,1,0.9867737536494681,0.99344796,0.9986194992879174,False,True
chr21:39380364-39380664|1,1,0.8283653895246541,0.95340234,0.9889119883017935,False,True
chr21:39387731-39388031|1,1,0.42569267156281804,0.9013235,0.7338430919865526,True,True
chr21:39390664-39390964|1,1,0.5502810923748643,0.53258926,0.443971448011379,True,True
chr21:39443495-39443795|1,1,0.45519825868984115,0.2642231,0.24218391966320948,True,True
chr21:39445737-39446037|1,1,0.9651901648459783,0.997109,0.9987653204113455,False,True
chr21:39451856-39452156|1,1,0.746951925660529,0.8648906,0.7347795474054122,True,True
chr21:39608593-39608893|1,1,0.5680481400618993,0.30495945,0.6576390370457095,True,True
chr21:39657283-39657583|1,1,0.6367445863035835,0.37748706,0.11542448318533657,True,True
chr21:39788638-39788938|1,1,0.1861709561312974,0.2932192,0.7418604297487713,True,True
chr21:39867388-39867688|1,1,0.5058555028926103,0.8089128,0.8927523236944174,True,True
chr21:40847147-40847447|1,1,0.7777400870941709,0.9790532,0.9574585269081004,False,True
chr21:41167526-41167826|1,1,0.9418281755152741,0.9973285,0.9948535294474349,False,True
chr21:41168110-41168410|1,1,0.9922303057914141,0.99707437,0.9990969912610616,False,True
chr21:41316588-41316888|1,1,0.9854920066401461,0.985524,0.9917866260281529,False,True
chr21:41361721-41362021|1,1,0.6919744855454908,0.75987417,0.5667103871324637,True,True
chr21:41420268-41420568|1,1,0.9308040780288321,0.9940289,0.9933382844985573,False,True
chr21:41426073-41426373|1,1,0.9568476629950854,0.9976096,0.9982403265934751,False,True
chr21:41767041-41767341|1,1,0.9020586910772825,0.9968815,0.9933343721377803,True,True
chr21:41768641-41768941|1,1,0.46826723366980594,0.7718414,0.9367737198256346,True,True
chr21:41863304-41863604|1,1,0.2764029471909245,0.22365594,0.2065098747799525,True,True
chr21:41879499-41879799|1,1,0.9660819570603073,0.9934315,0.9955918720619036,False,True
chr21:41926680-41926980|1,1,0.16365992116757266,0.3254104,0.1366732486936987,True,True
chr21:42010343-42010643|1,1,0.984787888084503,0.9989766,0.9986981986142959,False,True
chr21:42219090-42219390|1,1,0.9678209895023685,0.9962645,0.9994228201539878,False,True
chr21:42255934-42256234|1,1,0.6012418192814116,0.31875715,0.2657063694414983,True,True
chr21:42315513-42315813|1,1,0.8062473661730217,0.6316794,0.8874801095069051,True,True
chr21:42351164-42351464|1,1,0.7009302360391414,0.644911,0.8635275567577152,False,True
chr21:42366783-42367083|1,1,0.5683676981258153,0.40771082,0.43636722630353675,True,True
chr21:42389036-42389336|1,1,0.6100471328309494,0.7330863,0.828476328608079,True,True
chr21:42396041-42396341|1,1,0.5535595932514836,0.7901879,0.8180050428530207,True,True
chr21:42403874-42404174|1,1,0.9072118218931456,0.9636004,0.9084969253098317,False,True
chr21:42495897-42496197|1,1,0.8487625537264649,0.95823896,0.9084470155747537,False,True
chr21:42499592-42499892|1,1,0.6493750641882672,0.69085354,0.9191801008493379,True,True
chr21:42513810-42514110|1,1,0.9895746947228633,0.99864465,0.9997048454982626,False,True
chr21:42879523-42879823|1,1,0.7940171365566141,0.96703714,0.9745795292745671,False,True
chr21:42893263-42893563|1,1,0.9762363170108228,0.9953721,0.9969491348902252,False,True
chr21:42974512-42974812|1,1,0.9707334396702706,0.99803144,0.9990106431477624,False,True
chr21:43075061-43075361|1,1,0.919961696877955,0.98896164,0.9983873638857753,False,True
chr21:43107543-43107843|1,1,0.9794770338589643,0.9983076,0.9995708864282495,False,True
chr21:43427120-43427420|1,1,0.9933085777000287,0.9992291,0.9998758607580938,False,True
chr21:43659456-43659756|1,1,0.9800896519365101,0.9982911,0.9987989083170413,False,True
chr21:43719082-43719382|1,1,0.9863342790462265,0.99818903,0.9983578298692536,False,True
chr21:43734043-43734343|1,1,0.8560692589271307,0.8282433,0.8924705938467357,False,True
chr21:43741463-43741763|1,1,0.8563581962265161,0.65512496,0.7861744309318914,False,True
chr21:43776297-43776597|1,1,0.9868830667461491,0.9984743,0.9987924483829651,False,True
chr21:43789527-43789827|1,1,0.9778896178435109,0.9964161,0.9971843932743822,False,True
chr21:43865173-43865473|1,1,0.9955443137649373,0.99866915,0.9997600917360295,False,True
chr21:43867172-43867472|1,1,0.5604076484084657,0.75915617,0.5743115419293277,True,True
chr21:43946933-43947233|1,1,0.8587621682488527,0.70059764,0.7763540777352762,False,True
chr21:44012281-44012581|1,1,0.9876630346171957,0.99875164,0.9996165046401919,False,True
chr21:44107315-44107615|1,1,0.981788798731765,0.9982297,0.9992563411885668,False,True
chr21:44133560-44133860|1,1,0.9664352899326305,0.9965,0.9947350223178328,False,True
chr21:44240955-44241255|1,1,0.9875411126696456,0.99740416,0.9984770426897113,False,True
chr21:44261856-44262156|1,1,0.9542763197361631,0.92183375,0.963485562553846,False,True
chr21:44285914-44286214|1,1,0.9769479160135097,0.9926373,0.9939859635830142,False,True
chr21:44300023-44300323|1,1,0.9944948137898034,0.9987472,0.9995223864700916,False,True
chr21:44338234-44338534|1,1,0.8749530086237978,0.8387588,0.899724044924709,True,True
chr21:44339246-44339546|1,1,0.9755950882256265,0.9986767,0.9987600434045347,False,True
chr21:44350091-44350391|1,1,0.9916890244295861,0.9959351,0.9991403718902486,False,True
chr21:44353573-44353873|1,1,0.8152836621454137,0.84518576,0.8682727544856337,False,True
chr21:44425600-44425900|1,1,0.9597069316240305,0.98132366,0.9914178513013274,False,True
chr21:44455460-44455760|1,1,0.9893727206289193,0.9976757,0.9988466351231994,False,True
chr21:44627765-44628065|1,1,0.9279030717327882,0.90047866,0.7286802467741204,False,True
chr21:44699850-44700150|1,1,0.7244398650711612,0.860796,0.6345498192515907,False,True
chr21:44711561-44711861|1,1,0.9303286606099538,0.9776309,0.9130315462760623,False,True
chr21:44752603-44752903|1,1,0.5464674105285304,0.4552731,0.4021673105737317,True,True
chr21:44801793-44802093|1,1,0.947055496680689,0.9887334,0.9977928466136969,False,True
chr21:44818049-44818349|1,1,0.9882913844451455,0.9982279,0.9991461970764836,False,True
chr21:44873679-44873979|1,1,0.9775670073304082,0.99240404,0.9974144594010419,False,True
chr21:44931883-44932183|1,1,0.9693421247400407,0.99106807,0.99569514160253,False,True
chr21:44939979-44940279|1,1,0.9876630346171957,0.99836904,0.9985191313562655,False,True
chr21:45004561-45004861|1,1,0.8041942931975081,0.8344386,0.3967450624104594,False,True
chr21:45073791-45074091|1,1,0.9807860424865719,0.9865866,0.9975106398915259,False,True
chr21:45168030-45168330|1,1,0.10571216498248955,0.14210424,0.06845232368027336,True,True
chr21:45405115-45405415|1,1,0.9923807503781172,0.99340856,0.9963995790033595,False,True
chr21:45455472-45455772|1,1,0.9177906876772454,0.8788764,0.9369877117185934,False,True
chr21:45541827-45542127|1,1,0.9822080698002614,0.9709725,0.9904399300541924,False,True
chr21:45544391-45544691|1,1,0.8289462520671943,0.7297656,0.7965821614322759,False,True
chr21:45563014-45563314|1,1,0.30068883986221995,0.22863297,0.419624377493819,True,True
chr21:45981720-45982020|1,1,0.9743311040548356,0.9908194,0.9909361683428287,False,True
chr21:46001240-46001540|1,1,0.922080240892942,0.9512455,0.9692732143983941,False,True
chr21:46098073-46098373|1,1,0.9900668205301835,0.996449,0.9996124602277223,False,True
chr21:46111377-46111677|1,1,0.9556763915088357,0.8551512,0.8664744213049599,False,True
chr21:46184439-46184739|1,1,0.9500280677497656,0.16185111,0.43581194294913395,False,True
chr21:46228753-46229053|1,1,0.9809258753153458,0.9952401,0.9991734768263908,False,True
chr21:46286254-46286554|1,1,0.9487496406964401,0.99736327,0.9955671725329267,False,True
chr21:46318142-46318442|1,1,0.8835014980680529,0.9129823,0.8281912971389461,False,True
chr21:46635106-46635406|1,1,0.8448648049697823,0.969914,0.9234457944614031,False,True
chr21:30954000-30954300|0,0,0.11853690448004742,0.2648387,0.13772699608311137,False,True
chr21:8531000-8531300|0,0,0.23884022911187647,0.084913194,0.016451288047418407,True,True
chr20:53729000-53729300|0,0,0.46826723366980594,0.16600601,0.02028486639999559,True,True
chr20:28072000-28072300|0,0,0.17361902392509315,0.10570652,0.006915782898756301,True,True
chr20:32444000-32444300|0,0,0.18913084129579766,0.16557713,0.6029007173796335,True,True
chr20:4465000-4465300|0,0,0.0587122338184513,0.052956644,0.06217382349011662,True,True
chr20:7993000-7993300|0,0,0.12268270635216884,0.04749452,0.13093447655759205,True,True
chr20:1855000-1855300|0,0,0.46825274560659047,0.41359907,0.5012258295080654,True,True
chr20:18252000-18252300|0,0,0.2951921160914296,0.24749598,0.6385122863854346,True,True
chr21:27132000-27132300|0,0,0.1944859271226086,0.3103931,0.4113177687394134,True,True
chr21:10159000-10159300|0,0,0.23694943387248318,0.09316663,0.0034988947294244802,True,True
chr21:37441000-37441300|0,0,0.03634997045917224,0.046217185,0.01709699039656786,False,True
chr20:52960000-52960300|0,0,0.5136491015743284,0.08939873,0.0181420574184311,True,True
chr20:63687000-63687300|0,0,0.8681683402999211,0.95788467,0.9484606584819392,True,True
chr21:43561000-43561300|0,0,0.07100835983481757,0.044039994,0.005397525594941853,False,True
chr21:18612000-18612300|0,0,0.266472261189276,0.08113071,0.07251480849294988,True,True
chr21:7837000-7837300|0,0,0.34077867814493373,0.20363593,0.36059272638665063,True,True
chr20:57060000-57060300|0,0,0.20207536962804915,0.08666512,0.0024169970350317906,False,True
chr20:58774000-58774300|0,0,0.34458191622808504,0.10212473,0.04260908662887858,False,True
chr21:39768000-39768300|0,0,0.1843997368814257,0.16259885,0.19107499343926995,True,True
chr20:28945000-28945300|0,0,0.10303881704397932,0.04261616,0.0032480140520058237,False,True
chr21:27393000-27393300|0,0,0.15547292296311865,0.092816174,0.04920140695603833,False,True
chr21:12579000-12579300|0,0,0.17181558753282267,0.058220398,0.08812889609752866,False,True
chr20:354000-354300|0,0,0.6585827828902555,0.535658,0.4125320880332853,True,True
chr20:41510000-41510300|0,0,0.5392652847684157,0.31018236,0.5287680385242443,True,True
chr21:31639000-31639300|0,0,0.6264482237503343,0.017659009,0.01585028746267899,True,True
chr20:58165000-58165300|0,0,0.08758047488888308,0.1113973,0.034130787143321156,True,True
chr20:3669000-3669300|0,0,0.746951925660529,0.3651384,0.31893221925502746,True,True
chr21:22198000-22198300|0,0,0.04570932958249021,0.065694295,0.002094772894513638,False,True
chr21:18627000-18627300|0,0,0.05359125057689501,0.12937407,0.03371992773264829,False,True
chr21:30543000-30543300|0,0,0.09566921798885894,0.04884311,0.00317067621467878,True,True
chr20:18300000-18300300|0,0,0.053085896206640434,0.11300693,0.1648937410672769,False,True
chr20:9429000-9429300|0,0,0.27961393844565496,0.18322508,0.39192363866724655,True,True
chr21:32237000-32237300|0,0,0.42312679644750417,0.3324348,0.10018645115877924,True,True
chr20:2426000-2426300|0,0,0.0459457753486266,0.011924316,0.0013211580016872296,False,True
chr20:56840000-56840300|0,0,0.43028429453827494,0.66499436,0.0408954191992251,True,True
chr20:8519000-8519300|0,0,0.5848806819231587,0.5899702,0.19838184018549354,True,True
chr20:31570000-31570300|0,0,0.8341964829508168,0.8118913,0.7718804252787619,True,True
chr20:50633000-50633300|0,0,0.4957781723037908,0.028705278,0.0246383367170328,True,True
chr20:44459000-44459300|0,0,0.1559816003859466,0.054748654,0.03368844200795424,False,True
chr20:42435000-42435300|0,0,0.06490453565019333,0.06680864,0.023322273953409488,True,True
chr20:3105000-3105300|0,0,0.2127313896495919,0.2064928,0.06729145111688384,True,True
chr20:636000-636300|0,0,0.36488488122665574,0.2651737,0.09990050424759374,True,True
chr20:13021000-13021300|0,0,0.11040861596616053,0.053123374,0.001886666469580873,True,True
chr20:951000-951300|0,0,0.1653519456558806,0.24324688,0.32388840183602435,False,True
chr21:12552000-12552300|0,0,0.1443049782551406,0.079256795,0.008808151658170274,True,True
chr20:55210000-55210300|0,0,0.07732395333421502,0.033632386,0.0007712874023074323,True,True
chr21:9933000-9933300|0,0,0.04539385651584346,0.03928121,0.032528716562686445,False,True
chr20:26792000-26792300|0,0,0.18324692474334178,0.1049688,0.0006783202880456385,False,True
chr21:5381000-5381300|0,0,0.08763696509637377,0.047196154,0.015431303387119871,False,True
chr21:22114000-22114300|0,0,0.1346181015364279,0.1004934,0.00824887122344497,False,True
chr20:40435000-40435300|0,0,0.352248039806998,0.20797025,0.15164440684357056,False,True
chr20:48516000-48516300|0,0,0.6562503078938107,0.4477773,0.8826438357817828,True,True
chr21:46405000-46405300|0,0,0.2946023372212868,0.08654184,0.05333570562304305,True,True
chr21:26288000-26288300|0,0,0.18324692474334178,0.22367097,0.14355539566859413,False,True
chr21:44660000-44660300|0,0,0.1147976655532315,0.14929734,0.018787261200446208,False,True
chr20:40015000-40015300|0,0,0.39503553361969546,0.38444704,0.7356045615886445,True,True
chr21:14123000-14123300|0,0,0.13331489313659847,0.05024258,0.0922002280754792,False,True
chr21:41309000-41309300|0,0,0.337762926557844,0.24878977,0.39387492397271945,True,True
chr21:10420000-10420300|0,0,0.49773284958003866,0.049186263,0.0501005453274275,True,True
chr21:29906000-29906300|0,0,0.0615646561364653,0.15165377,0.4117896183210789,False,True
chr21:14426000-14426300|0,0,0.1112183374501675,0.06423171,0.003471694049162304,False,True
chr21:16012000-16012300|0,0,0.16033409061985346,0.19380742,0.40406495461618963,True,True
chr20:40966000-40966300|0,0,0.5473230203498953,0.24487418,0.799673531118661,True,True
chr21:33510000-33510300|0,0,0.16244709784231476,0.07717696,0.23475298033581085,False,True
chr20:14126000-14126300|0,0,0.3013969529918104,0.17440955,0.07408895636172279,True,True
chr20:60738000-60738300|0,0,0.09507275025327255,0.103867956,0.05836310104086855,False,True
chr21:17792000-17792300|0,0,0.05660643429877352,0.19655505,0.13864752956909518,False,True
chr21:30432000-30432300|0,0,0.22059017366064138,0.12335569,0.07726906959281758,True,True
chr20:55183000-55183300|0,0,0.06614505130114307,0.03535434,0.11093510828888078,False,True
chr20:39597000-39597300|0,0,0.5789381158824578,0.61866945,0.8914132612658173,True,True
chr20:32696000-32696300|0,0,0.41152108479337096,0.5285403,0.26490837335774853,True,True
chr20:44489000-44489300|0,0,0.22051278729261148,0.18123712,0.1383791569998404,True,True
chr20:51138000-51138300|0,0,0.43691119824009006,0.3081393,0.3322452623391723,True,True
chr21:17519000-17519300|0,0,0.5561783577420144,0.21948509,0.6844675256343221,True,True
chr21:35027000-35027300|0,0,0.7835061106087311,0.8291157,0.9172692570026096,True,True
chr20:7756000-7756300|0,0,0.2756416883878607,0.19602142,0.7295533949448195,True,True
chr21:39666000-39666300|0,0,0.3945150944673457,0.5476488,0.6853631666123307,True,True
chr20:55789000-55789300|0,0,0.01097265338713621,0.016602907,0.0012407614349633192,False,True
chr20:37771000-37771300|0,0,0.2141714425384653,0.26196322,0.08046991825668977,False,True
chr21:12768000-12768300|0,0,0.18961712559365518,0.08646706,0.04440203706404577,False,True
chr20:59987000-59987300|0,0,0.11826371494172441,0.3029607,0.1430579926925372,True,True
chr20:26498000-26498300|0,0,0.2703061453749533,0.39051533,0.008436652451727046,True,True
chr20:33933000-33933300|0,0,0.3496263711009292,0.10785781,0.23694385447183902,True,True
chr21:17588000-17588300|0,0,0.21029711350947194,0.16580023,0.01863965702996847,False,True
chr20:62339000-62339300|0,0,0.14821164034658474,0.21946552,0.3600868618505143,False,True
chr20:53045000-53045300|0,0,0.2772997021084119,0.2607585,0.23540361188825543,True,True
chr20:35648000-35648300|0,0,0.12462636176543974,0.05775902,0.16116876000536426,True,True
chr21:21771000-21771300|0,0,0.01571173671746826,0.043024566,0.0121948293716826,False,True
chr20:41243000-41243300|0,0,0.41741134149439485,0.17188796,0.26833511272189753,True,True
chr20:34594000-34594300|0,0,0.206432790199498,0.019247333,0.002349326735311578,False,True
chr21:35111000-35111300|0,0,0.07368124947843807,0.019799707,0.007022708943637154,False,True
chr20:27468000-27468300|0,0,0.19779028778628083,0.034578606,0.014435903606230116,False,True
chr20:23603000-23603300|0,0,0.5720517649480675,0.40112767,0.5274070467046637,True,True
chr21:17042000-17042300|0,0,0.5211811998079039,0.5180042,0.5269937911653376,True,True
chr21:6546000-6546300|0,0,0.7881140735623078,0.9128515,0.8446503520849054,True,True
chr20:5258000-5258300|0,0,0.03731104796020603,0.06365351,0.0024384388159462583,False,True
chr20:8885000-8885300|0,0,0.22395182451249795,0.212142,0.22903464395846532,True,True
chr20:39771000-39771300|0,0,0.07153166048033477,0.14393902,0.07940869867972271,False,True
chr21:29114000-29114300|0,0,0.23696428457362834,0.038220655,0.02836257020073629,True,True
chr20:42192000-42192300|0,0,0.23202429813193798,0.09417274,0.06740371669701165,True,True
chr21:24450000-24450300|0,0,0.06442785311693805,0.15275663,0.1396430920457409,False,True
chr20:33351000-33351300|0,0,0.21261944056907334,0.20182364,0.08028528211268574,True,True
chr20:24849000-24849300|0,0,0.28371832687522847,0.3153305,0.005401983335710778,True,True
chr21:24915000-24915300|0,0,0.19733814301392516,0.062992506,0.00386329687134257,True,True
chr21:33660000-33660300|0,0,0.2686084596033548,0.43552595,0.1286829308839806,False,True
chr20:8408000-8408300|0,0,0.08582756589127959,0.018100217,0.004868084695843605,False,True
chr20:6300000-6300300|0,0,0.1640804329451741,0.28294802,0.6766900867224177,False,True
chr21:12618000-12618300|0,0,0.14557150220518839,0.061408963,0.0014882725127021797,False,True
chr20:35456000-35456300|0,0,0.5102103959445542,0.2309972,0.03545477508625923,True,True
chr20:60207000-60207300|0,0,0.45054003944684223,0.06484898,0.019350570950051736,True,True
chr20:15675000-15675300|0,0,0.06442429593940412,0.09061934,0.0640201027219689,False,True
chr21:31918000-31918300|0,0,0.12099567402344075,0.38337848,0.40220314754541797,False,True
chr20:47438000-47438300|0,0,0.23026251028376296,0.106325164,0.11149859275190144,True,True
chr21:35588000-35588300|0,0,0.24522457498611286,0.19449712,0.2335914470940184,True,True
chr21:25384000-25384300|0,0,0.5240983586856702,0.39023063,0.3323096063267792,True,True
chr21:16147000-16147300|0,0,0.1576934861007036,0.25535533,0.11411146103607908,True,True
chr20:23957000-23957300|0,0,0.23526841516059588,0.20011859,0.253974118291838,False,True
chr21:22414000-22414300|0,0,0.12099567402344075,0.06868277,0.035444837062991105,False,True
chr20:5618000-5618300|0,0,0.5752583404568552,0.07154706,0.009243012170186568,True,True
chr20:59837000-59837300|0,0,0.17867767677695556,0.1493618,0.2771624728883689,False,True
chr20:42570000-42570300|0,0,0.5121256188634798,0.5216674,0.13852397806105618,True,True
chr21:46348000-46348300|0,0,0.7925519786538897,0.46967292,0.717687497723763,True,True
chr20:20669000-20669300|0,0,0.07128377528565197,0.04817922,0.03751128079174424,False,True
chr21:40939000-40939300|0,0,0.1778734776639003,0.096225105,0.2451930544631496,False,True
chr20:9579000-9579300|0,0,0.21260699516434456,0.19790198,0.3284451991204987,False,True
chr21:6543000-6543300|0,0,0.30068883986221995,0.1323148,0.034708626605810075,False,True
chr20:60882000-60882300|0,0,0.5211811998079039,0.6823443,0.8397488056984587,True,True
chr21:35990000-35990300|0,0,0.25577793381423725,0.2625838,0.4164174330895241,True,True
chr20:31459000-31459300|0,0,0.1899800477701801,0.121005505,0.12296914431939344,True,True
chr21:36321000-36321300|0,0,0.16436192124585847,0.36385116,0.5273620826327233,True,True
chr21:12693000-12693300|0,0,0.15073001299743086,0.06427077,0.0030653608632019167,False,True
chr21:35123000-35123300|0,0,0.07572533434190888,0.04848608,0.0015073544028216387,False,True
chr20:20768000-20768300|0,0,0.6240766760167279,0.41048145,0.11093006675387647,True,True
chr21:21525000-21525300|0,0,0.040342956639805284,0.13181499,0.008510989922383774,False,True
chr21:40489000-40489300|0,0,0.19901334768484377,0.14431928,0.029198044523571276,False,True
chr20:5261000-5261300|0,0,0.08493561579232112,0.05447312,0.03786713149902575,False,True
chr20:38540000-38540300|0,0,0.09603164680374032,0.10870076,0.09027382575431413,False,True
chr21:8432000-8432300|0,0,0.8846395984379122,0.9779498,0.946969760373942,True,True
chr20:11108000-11108300|0,0,0.29575305661168294,0.33534583,0.4737946864062439,True,True
chr20:53621000-53621300|0,0,0.5690420005998639,0.082682766,0.14676904140402536,True,True
chr21:7411000-7411300|0,0,0.06540700632561762,0.05675265,0.02240542581178423,False,True
chr21:22108000-22108300|0,0,0.023722231409105145,0.035441916,0.038910325369185414,True,True
chr21:38933000-38933300|0,0,0.591546001226123,0.20656419,0.2578309684458449,True,True
chr20:43102000-43102300|0,0,0.2869570638108439,0.0968357,0.0888844141367586,True,True
chr20:46387000-46387300|0,0,0.3032307552807603,0.2217284,0.741223086286274,True,True
chr20:49897000-49897300|0,0,0.05192825350747655,0.09502519,0.004447954638115002,False,True
chr21:41786000-41786300|0,0,0.1793096659324619,0.11321979,0.04004210846957013,False,True
chr20:20387000-20387300|0,0,0.8239905233135314,0.7056711,0.41479235901612505,True,True
chr20:52582000-52582300|0,0,0.3534476469824318,0.18567874,0.028714857402904102,True,True
chr20:5393000-5393300|0,0,0.37018288713727343,0.40285125,0.27346517583543967,True,True
chr20:44732000-44732300|0,0,0.4839737762460627,0.69913,0.3089197478763668,True,True
chr21:40813000-40813300|0,0,0.19779028778628083,0.08535725,0.2847774502032729,False,True
chr21:6135000-6135300|0,0,0.8756223471584099,0.6468825,0.423394269824348,True,True
chr20:36909000-36909300|0,0,0.5435716983402996,0.09037881,0.12161349445026033,True,True
chr21:46177000-46177300|0,0,0.10470596239130908,0.03280011,0.006479642640899147,True,True
chr20:63357000-63357300|0,0,0.8109379220125307,0.2912554,0.29915712989670795,True,True
chr21:41192000-41192300|0,0,0.6187725906839001,0.45719188,0.05552819917084784,True,True
chr20:1837000-1837300|0,0,0.62301259087022,0.30789143,0.36907717918540617,True,True
chr20:48426000-48426300|0,0,0.24297104968078134,0.08526371,0.13016229988960776,False,True
chr21:29363000-29363300|0,0,0.48042755328712866,0.45247373,0.693588198084435,True,True
chr21:21474000-21474300|0,0,0.08949751458288091,0.10346989,0.06176251447835212,False,True
chr20:42867000-42867300|0,0,0.19140567236952183,0.14367835,0.09645034545452738,True,True
chr20:52333000-52333300|0,0,0.18418280960531022,0.10083512,0.012488091503032227,False,True
chr20:44189000-44189300|0,0,0.4134817764376194,0.35064095,0.2639406705457004,True,True
chr20:55585000-55585300|0,0,0.0858297764140839,0.06501877,0.01622273635310296,True,True
chr20:23915000-23915300|0,0,0.15159083807050663,0.11257089,0.4414994621899578,False,True
chr21:24318000-24318300|0,0,0.023463575543002792,0.023091383,0.015216835004139978,False,True
chr20:8246000-8246300|0,0,0.07809785702648898,0.06039803,0.035363495327156304,False,True
chr20:43609000-43609300|0,0,0.29828390328191445,0.024989538,0.01547542944122189,True,True
chr20:29432000-29432300|0,0,0.10520922215822245,0.1555814,0.2022282345013252,False,True
chr21:19117000-19117300|0,0,0.032165299997642116,0.0948401,0.02361199392466025,False,True
chr21:20618000-20618300|0,0,0.10043851525805744,0.12671366,0.108655119731508,False,True
chr21:16735000-16735300|0,0,0.16033409061985346,0.06850315,0.004277492521117311,False,True
chr21:38654000-38654300|0,0,0.21419660563295523,0.19179642,0.10547343938520487,False,True
chr21:39459000-39459300|0,0,0.13132374513501344,0.21621357,0.052503778204469935,False,True
chr20:19243000-19243300|0,0,0.03516273816496772,0.052770745,0.046506551210069115,False,True
chr20:12066000-12066300|0,0,0.8866365070089438,0.5962747,0.11331041526304977,True,True
chr20:13843000-13843300|0,0,0.5442542972786301,0.063773714,0.05294373542857053,True,True
chr21:18564000-18564300|0,0,0.10832417004874749,0.21308945,0.10811275306804637,False,True
chr21:43519000-43519300|0,0,0.2176391340161592,0.09062905,0.04263017027480924,False,True
chr21:38960000-38960300|0,0,0.206432790199498,0.117317766,0.19899733129131444,False,True
chr21:12312000-12312300|0,0,0.1474778474440392,0.0702474,0.008247423541210358,True,True
chr21:43270000-43270300|0,0,0.42569267156281804,0.7046383,0.810599094772891,True,True
chr21:33087000-33087300|0,0,0.2419763080472032,0.20430475,0.09375154917893137,False,True
chr20:1669000-1669300|0,0,0.2475094633389449,0.12897773,0.24217596660949298,True,True
chr20:12501000-12501300|0,0,0.13167592802404357,0.33594033,0.33820417101087774,False,True
chr21:32288000-32288300|0,0,0.03495289334463615,0.02780868,0.021312847906201388,False,True
chr20:8717000-8717300|0,0,0.337762926557844,0.22720088,0.30505744115397787,True,True
chr21:44696000-44696300|0,0,0.19419133032791083,0.26776603,0.2762914408748731,False,True
chr21:28561000-28561300|0,0,0.1315331825112441,0.0572373,0.0025697109054448573,False,True
chr21:42078000-42078300|0,0,0.7088925905354557,0.31192654,0.31771523566497506,True,True
chr20:38039000-38039300|0,0,0.049454557951668726,0.04193271,0.1693364305502276,False,True
chr20:15519000-15519300|0,0,0.473828313275527,0.25565764,0.13821693851346603,True,True
chr20:54321000-54321300|0,0,0.09125248565099899,0.0930133,0.19316243353562182,True,True
chr21:43765000-43765300|0,0,0.4827973470664763,0.232578,0.15675390058847288,False,True
chr20:38762000-38762300|0,0,0.546484633725284,0.22585653,0.6321827450107815,True,True
chr21:35075000-35075300|0,0,0.10878207250498464,0.17870128,0.25546952640888376,True,True
chr20:40450000-40450300|0,0,0.11588379468922355,0.14381081,0.36826332786471483,False,True
chr21:28054000-28054300|0,0,0.04159821203406436,0.10659276,0.1947127519711367,False,True
chr20:23849000-23849300|0,0,0.18295605535062207,0.025220219,0.0034993063534727808,False,True
chr20:50525000-50525300|0,0,0.3095855181448777,0.17731313,0.24697538458576573,True,True
chr20:34450000-34450300|0,0,0.0432898365933239,0.04494211,0.02741251433196086,False,True
chr20:24135000-24135300|0,0,0.9041757674855271,0.9726556,0.9665172253880995,True,True
chr21:35354000-35354300|0,0,0.24760279855427153,0.13366345,0.054033757553621956,True,True
chr21:25963000-25963300|0,0,0.29337290619504053,0.05011497,0.06821625788687352,False,True
chr20:14591000-14591300|0,0,0.019928835248380104,0.052037742,0.02998123910303697,False,True
chr21:38558000-38558300|0,0,0.3143642180076297,0.22482029,0.279981502552588,True,True
chr21:43585000-43585300|0,0,0.3945150944673457,0.16959803,0.0677081298436937,False,True
chr20:27696000-27696300|0,0,0.159989535086087,0.040815324,0.008939149233316424,False,True
chr20:44861000-44861300|0,0,0.5683676981258153,0.09804137,0.07108373170329675,True,True
chr20:56579000-56579300|0,0,0.6012418192814116,0.3026486,0.3799180681584781,True,True
chr21:11177000-11177300|0,0,0.1468472344557148,0.05960232,0.0005107736462409031,False,True
chr20:46639000-46639300|0,0,0.4918408886681981,0.50219345,0.059327604630456464,True,True
chr20:15519000-15519300|0,0,0.473828313275527,0.25565764,0.13821693851346603,True,True
chr21:39333000-39333300|0,0,0.15740353501673215,0.031612717,0.0224694463592392,False,True
chr21:14792000-14792300|0,0,0.2560153337806958,0.070021756,0.02741116560367663,True,True
chr20:4420000-4420300|0,0,0.11846505463663684,0.067328826,0.0006570212650197239,False,True
chr21:27237000-27237300|0,0,0.09148519167853641,0.06594168,0.010900793450477517,False,True
chr21:18867000-18867300|0,0,0.12824718802060822,0.16203186,0.0006477462581847177,False,True
chr20:19099000-19099300|0,0,0.7520671631323353,0.637568,0.5760526019784342,True,True
chr21:5279000-5279300|0,0,0.11425793547975627,0.058367223,0.030666704672630697,False,True
chr20:52762000-52762300|0,0,0.1621228303992047,0.07500524,0.17256373948243858,False,True
chr20:3111000-3111300|0,0,0.7766014496511411,0.5870346,0.36371382974076344,True,True
chr21:38960000-38960300|0,0,0.206432790199498,0.117317766,0.19899733129131444,False,True
chr21:17558000-17558300|0,0,0.21118695687112424,0.27358642,0.12946318072035462,True,True
chr20:32693000-32693300|0,0,0.4004095960039079,0.03896134,0.02997642363657653,False,True
chr20:1801000-1801300|0,0,0.09600482175709371,0.08812814,0.13894517274587034,False,True
chr20:9633000-9633300|0,0,0.3708703837737087,0.3611344,0.46966966593566645,True,True
chr21:21495000-21495300|0,0,0.018570638847582005,0.02791474,0.13147056479702282,False,True
chr20:15579000-15579300|0,0,0.20333480531097936,0.28359115,0.4719237027657504,False,True
chr20:53894000-53894300|0,0,0.4309903687386001,0.13619378,0.05010399325256422,True,True
chr21:35963000-35963300|0,0,0.31328674557790553,0.20034334,0.07706274618754871,True,True
chr21:39132000-39132300|0,0,0.07021888088517345,0.15334669,0.07156353571885692,False,True
chr20:27882000-27882300|0,0,0.1876464107752852,0.08729944,0.00043412041109624886,False,True
chr20:7063000-7063300|0,0,0.08405208288586782,0.10242297,0.02334317618429949,False,True
chr20:52072000-52072300|0,0,0.29601714811594665,0.10378138,0.01367949617070619,True,True
chr21:30012000-30012300|0,0,0.03731104796020603,0.051528506,0.1028589457577259,False,True
chr21:6801000-6801300|0,0,0.9035653219564052,0.9405134,0.9304820132153757,True,True
chr20:7123000-7123300|0,0,0.10623865555426279,0.06713731,0.04039130449314786,False,True
chr21:10390000-10390300|0,0,0.2413264443082135,0.016254708,0.0030653708486229054,False,True
chr20:36339000-36339300|0,0,0.5812262068522558,0.14508386,0.26083705628814846,True,True
chr20:23507000-23507300|0,0,0.037868895898094355,0.025331695,0.09787803128883822,False,True
chr20:45270000-45270300|0,0,0.26503609256793803,0.06424568,0.21600892074917044,False,True
chr21:33309000-33309300|0,0,0.3708703837737087,0.24463062,0.2221550787126506,True,True
chr21:43021000-43021300|0,0,0.4486041940612028,0.3165451,0.2147515048002082,True,True
chr20:14735000-14735300|0,0,0.04733510299743054,0.0708765,0.006463594518925851,True,True
chr20:59027000-59027300|0,0,0.1484530767915863,0.122668356,0.17304690033381717,False,True
chr21:21855000-21855300|0,0,0.07905408102466627,0.16304646,0.17232491063315897,False,True
chr20:26951000-26951300|0,0,0.18913084129579766,0.07555706,6.490457246763355e-06,False,True
chr20:28372000-28372300|0,0,0.18220919792671875,0.072298795,0.0007333072060952125,False,True
chr20:25093000-25093300|0,0,0.2540491984771238,0.16039865,0.05098409298013879,False,True
chr20:21804000-21804300|0,0,0.3680608982767446,0.14254515,0.04955228277482716,True,True
chr21:34882000-34882300|0,0,0.07762056989623949,0.1156988,0.2149397614177718,False,True
chr20:22723000-22723300|0,0,0.8718246993843132,0.5266305,0.7496702585543068,True,True
chr20:23471000-23471300|0,0,0.07494836027720582,0.08014431,0.23769219396739386,False,True
chr20:13138000-13138300|0,0,0.26689104171154693,0.123176076,0.011822291211965597,False,True
chr20:13048000-13048300|0,0,0.05297264661520386,0.039274726,0.0045473951463152595,False,True
chr21:23576000-23576300|0,0,0.05704813097306697,0.13270715,0.12059143035003782,False,True
chr20:30204000-30204300|0,0,0.4665068724714855,0.08428166,0.026741545320512705,True,True
chr21:25972000-25972300|0,0,0.0744967665303047,0.04574536,0.015673316935897144,False,True
chr20:61474000-61474300|0,0,0.31143312034735465,0.34548852,0.0632724517522201,True,True
chr21:31747000-31747300|0,0,0.19003706621556055,0.06637087,0.09483188416983838,False,True
chr20:58141000-58141300|0,0,0.41626554475416006,0.46990854,0.3600283307208347,False,True
chr21:22126000-22126300|0,0,0.06764440463104025,0.037136607,0.14973741635651616,False,True
chr21:26768000-26768300|0,0,0.14369747399497151,0.02607445,0.017896232208491163,False,True
chr20:6549000-6549300|0,0,0.015550634180298886,0.028257076,0.0010691749405744879,False,True
chr20:58831000-58831300|0,0,0.11017570724169505,0.10326114,0.2216332193283944,False,True
chr20:47879000-47879300|0,0,0.3945150944673457,0.077239044,0.04670472335408355,False,True
chr20:30213000-30213300|0,0,0.0510484179941335,0.062401924,0.0832958339611913,False,True
chr20:47651000-47651300|0,0,0.5933402345090983,0.6941267,0.6561299999695691,True,True
chr20:43417000-43417300|0,0,0.6794559463409118,0.4933844,0.7567056543750593,True,True
chr20:51753000-51753300|0,0,0.1298441412866654,0.035431176,0.0032448624581822893,False,True
chr21:27624000-27624300|0,0,0.04430890860451609,0.1086259,0.12201887277211904,False,True
chr21:28372000-28372300|0,0,0.031203753633314072,0.096006036,0.00465562792198497,False,True
chr21:7045000-7045300|0,0,0.41152108479337096,0.30241615,0.5749202169842048,True,True
chr21:16648000-16648300|0,0,0.17867767677695556,0.26395017,0.46467900751864855,False,True
chr21:42273000-42273300|0,0,0.8552947469327563,0.87983394,0.8409917596167868,True,True
chr21:8528000-8528300|0,0,0.18711468253353944,0.11473497,0.17324468825123454,False,True
chr20:38987000-38987300|0,0,0.3886357173752098,0.34215683,0.3850886751618067,True,True
chr20:8690000-8690300|0,0,0.05712939967718059,0.16604297,0.014741086685917481,False,True
chr20:57990000-57990300|0,0,0.08813464038044895,0.0849588,0.07626311997811454,False,True
chr20:24045000-24045300|0,0,0.034222646910070625,0.022951523,0.03782551111306067,False,True
chr20:62288000-62288300|0,0,0.8582245966752602,0.7393802,0.3177529906775846,True,True
chr20:2819000-2819300|0,0,0.6760345253225547,0.24544129,0.12713312414275332,True,True
chr21:30717000-30717300|0,0,0.11332951117047674,0.12903763,0.05457854528190493,False,True
chr21:40738000-40738300|0,0,0.13390661600840573,0.16167346,0.0857881409343278,False,True
chr20:15183000-15183300|0,0,0.19140567236952183,0.14589974,0.15001627119389765,False,True
chr21:27729000-27729300|0,0,0.04264271667642643,0.05673391,0.02006054144772483,False,True
chr20:42768000-42768300|0,0,0.2569289875156648,0.22990163,0.10372797043410172,False,True
chr20:4537000-4537300|0,0,0.02549996018854989,0.021513445,0.0009397148578301325,True,True
chr21:37147000-37147300|0,0,0.169000250438031,0.35149312,0.3038492928212889,False,True
chr21:40369000-40369300|0,0,0.23366293706975538,0.22231112,0.4461069699304388,False,True
chr20:4678000-4678300|0,0,0.41293875440789735,0.303031,0.32644620669673663,True,True
chr20:62228000-62228300|0,0,0.8937267251833788,0.7125462,0.7583661231700964,True,True
chr21:28090000-28090300|0,0,0.6813408378677464,0.7753258,0.811672277438195,True,True
chr21:24729000-24729300|0,0,0.030787192621401074,0.1095452,0.048545123741634964,False,True
chr20:43690000-43690300|0,0,0.538592542863449,0.48071548,0.5139569343557638,False,True
chr21:31906000-31906300|0,0,0.30225611212171366,0.17796113,0.2607140268048595,True,True
chr21:28807000-28807300|0,0,0.14258677070545173,0.29145944,0.14270832022502922,False,True
chr20:11903000-11903300|0,0,0.03697790482732489,0.06204055,0.046145849528391875,False,True
chr20:1129000-1129300|0,0,0.5529398080634087,0.05236603,0.07689332834132036,True,True
chr20:10774000-10774300|0,0,0.09424892104429013,0.016034864,0.003206421363016926,False,True
chr20:38531000-38531300|0,0,0.05404940375862984,0.03853007,0.1989369910564927,True,True
chr20:11531000-11531300|0,0,0.05115705019043022,0.018544117,0.0016442600785175742,False,True
chr20:8339000-8339300|0,0,0.1474778474440392,0.13515097,0.03193452235267883,False,True
chr20:26942000-26942300|0,0,0.21918727470391425,0.079055056,0.013970084548212426,False,True
chr21:10645000-10645300|0,0,0.22314894757157216,0.33649454,0.45306896948904385,True,True
chr20:55063000-55063300|0,0,0.0725608704477316,0.10343234,3.200754629100583e-05,False,True
chr20:28510000-28510300|0,0,0.1356942373572606,0.06973172,0.003848163783533451,False,True
chr21:41348000-41348300|0,0,0.12981215425473983,0.43531686,0.3901377100515692,False,True
chr21:15873000-15873300|0,0,0.1054178557609115,0.111313306,0.015318180187300532,False,True
chr21:8162000-8162300|0,0,0.24216530100820868,0.0945993,0.224110535405773,False,True
chr21:40660000-40660300|0,0,0.13035990776709763,0.14128934,0.041461829862583274,False,True
chr21:24294000-24294300|0,0,0.15595013187483997,0.14186108,0.5684919420346676,False,True
chr20:13276000-13276300|0,0,0.3760220600925534,0.27187532,0.1843915303754661,True,True
chr20:4045000-4045300|0,0,0.4102973521512367,0.23892999,0.06681072132851194,False,True
chr21:32408000-32408300|0,0,0.4270539738304472,0.5788155,0.27630729899797946,False,True
chr20:42900000-42900300|0,0,0.3188833573044435,0.16542532,0.09914265322910147,True,True
chr20:6390000-6390300|0,0,0.26155944146997634,0.124721184,0.14504458249413343,False,True
chr20:50177000-50177300|0,0,0.6655716047715212,0.09306119,0.04737250857179334,True,True
chr20:40141000-40141300|0,0,0.17980076782004908,0.2038943,0.06405340355885913,False,True
chr20:45354000-45354300|0,0,0.2932343618484309,0.14505006,0.09894355862101073,True,True
chr20:45219000-45219300|0,0,0.040370611085806536,0.06739482,0.16341169446702639,False,True
chr20:33108000-33108300|0,0,0.42530154574230006,0.1911991,0.03228779921203295,True,True
chr20:51441000-51441300|0,0,0.6391598728679682,0.032981455,0.011102173811841008,True,True
chr20:51723000-51723300|0,0,0.21791157201238023,0.087261796,0.00019498876674875165,False,True
chr21:44177000-44177300|0,0,0.8960383472029668,0.4837059,0.8730575204395519,True,True
chr21:14864000-14864300|0,0,0.1653519456558806,0.17038527,0.1616147803025192,False,True
chr21:23294000-23294300|0,0,0.0816867921921052,0.0853534,0.13049499335162015,False,True
chr20:927000-927300|0,0,0.33871150211903145,0.1937476,0.3345593778137723,True,True
chr20:32549000-32549300|0,0,0.05858234850416433,0.073479235,0.007309938605867593,False,True
chr21:44978000-44978300|0,0,0.9210788383253457,0.75333816,0.9156765287606405,True,True
chr20:28075000-28075300|0,0,0.1375345588447057,0.016726946,0.0032503672039659046,False,True
chr20:53612000-53612300|0,0,0.31979674065728286,0.097793415,0.11675207183597561,True,True
chr21:32231000-32231300|0,0,0.5017765731150935,0.06036782,0.0033826935130343784,False,True
chr21:8699000-8699300|0,0,0.05372607473050744,0.032140747,0.009407053264495164,False,True
chr21:34162000-34162300|0,0,0.5923705332905128,0.60242844,0.865098173974249,True,True
chr20:17111000-17111300|0,0,0.1634800147978215,0.07508418,0.01674368541007871,False,True
chr20:53687000-53687300|0,0,0.36389033684772704,0.03370703,0.026873023655617393,False,True
chr21:8342000-8342300|0,0,0.05215980647483092,0.05588885,0.1383076153784511,False,True
chr20:36336000-36336300|0,0,0.6959251583548731,0.38908345,0.3864526607705388,True,True
chr20:60261000-60261300|0,0,0.07407900105979288,0.0945335,0.18648215941249752,False,True
chr21:46153000-46153300|0,0,0.9650002980858795,0.9397833,0.8285443225423907,True,True
chr21:19330000-19330300|0,0,0.016249715579352137,0.049315777,0.007118153000946581,False,True
chr20:33297000-33297300|0,0,0.6266436783344849,0.021980725,0.04238513971716127,True,True
chr20:6843000-6843300|0,0,0.17323713669107846,0.16075912,0.21671641557542948,False,True
chr20:19042000-19042300|0,0,0.22535643873977648,0.24091381,0.11443073409017405,False,True
chr20:28303000-28303300|0,0,0.13876210383505783,0.058398835,0.0010795363955143594,False,True
chr21:34033000-34033300|0,0,0.18479092337997305,0.3851143,0.18628309795916556,False,True
chr20:28195000-28195300|0,0,0.159989535086087,0.040152438,0.0009966101430224361,False,True
chr21:27039000-27039300|0,0,0.1127540864004203,0.1076769,0.08554828962103465,False,True
chr20:28495000-28495300|0,0,0.13518997047046602,0.17344455,0.04078350457084209,False,True
chr21:12270000-12270300|0,0,0.1732935326198304,0.045787834,0.014835025783118752,False,True
chr20:55339000-55339300|0,0,0.1346181015364279,0.20414236,0.10143230915694078,False,True
chr21:42198000-42198300|0,0,0.14694818230686849,0.022736736,0.004828455302687455,False,True
chr20:59456000-59456300|0,0,0.6916635508093999,0.56589377,0.6179226309919685,True,True
chr21:38783000-38783300|0,0,0.22698765672628604,0.08851682,0.07062267802648742,False,True
chr21:42594000-42594300|0,0,0.19765706851891837,0.2141947,0.45282099119065555,False,True
chr21:20513000-20513300|0,0,0.4943640203395319,0.12245215,0.10907049740667064,False,True
chr21:7288000-7288300|0,0,0.1270783262233035,0.027342705,0.019048684604700043,False,True
chr21:31987000-31987300|0,0,0.5056597994924072,0.1335749,0.08269942394714597,False,True
chr21:46330000-46330300|0,0,0.34582431117214796,0.14326055,0.030375408880799978,True,True
chr20:25672000-25672300|0,0,0.38664614192412683,0.039603077,0.02148739786380065,True,True
chr20:59063000-59063300|0,0,0.07576010470416382,0.047736686,0.04481876115512242,False,True
chr20:14753000-14753300|0,0,0.23321776886471296,0.088754766,0.08185670238030947,False,True
chr20:11048000-11048300|0,0,0.08060088913575442,0.21275035,0.2441880271872248,False,True
chr21:12495000-12495300|0,0,0.16825498201272604,0.058916256,0.012534172594368601,False,True
chr20:5156000-5156300|0,0,0.4092327776923507,0.19761841,0.15803492503791375,False,True
chr21:17087000-17087300|0,0,0.055488186178722095,0.027225759,0.08988426197586377,False,True
chr21:27903000-27903300|0,0,0.088597468141384,0.15164411,0.014345508077838081,False,True
chr20:17384000-17384300|0,0,0.0858297764140839,0.09242298,0.17118520264387485,False,True
chr21:13597000-13597300|0,0,0.054069228583535404,0.1944313,0.1284737560631232,False,True
chr20:41657000-41657300|0,0,0.40171296605755435,0.24051405,0.2073672652525046,False,True
chr21:35423000-35423300|0,0,0.4029608508727533,0.07143883,0.0430179248727486,True,True
chr21:37177000-37177300|0,0,0.5411566273706072,0.32298368,0.5742558301285386,False,True
chr20:60597000-60597300|0,0,0.2884579021228537,0.21788812,0.27807006487810876,False,True
chr20:58933000-58933300|0,0,0.2667854574049811,0.06084885,0.008438093080586413,False,True
chr21:16678000-16678300|0,0,0.08850363895306221,0.26069888,0.17846893459734076,False,True
chr20:60681000-60681300|0,0,0.15466393278473295,0.134931,0.18966920878794435,False,True
chr21:20273000-20273300|0,0,0.27743463082625325,0.37576464,0.13460026851916843,False,True
chr20:20225000-20225300|0,0,0.11087192439020987,0.2518658,0.1593844049703086,False,True
chr21:23948000-23948300|0,0,0.3170119049741276,0.17264609,0.29989955443363076,False,True
chr20:55252000-55252300|0,0,0.06442429593940412,0.09431357,0.1084696792809954,False,True
chr21:20879000-20879300|0,0,0.0651005989440545,0.057833925,0.0428237522995896,False,True
chr20:54987000-54987300|0,0,0.07033683270130224,0.08959591,0.026107480016139037,False,True
chr20:32312000-32312300|0,0,0.44075065923215495,0.23077329,0.04620539572635512,True,True
chr20:9393000-9393300|0,0,0.3716029676851839,0.2878739,0.3239535901508379,True,True
chr20:55186000-55186300|0,0,0.3151463539754462,0.058954563,0.08900751911272317,False,True
chr21:44780000-44780300|0,0,0.23366293706975538,0.28137997,0.40507564786691447,False,True
chr20:3930000-3930300|0,0,0.18220919792671875,0.08924394,0.02229365613033751,False,True
chr20:59975000-59975300|0,0,0.2319312137352277,0.09917465,0.03147489201155114,False,True
chr20:47096000-47096300|0,0,0.05030683627345637,0.031956274,0.019093701338744128,False,True
chr20:756000-756300|0,0,0.5063791069380744,0.46506622,0.027553429973942962,False,True
chr20:57054000-57054300|0,0,0.8195189244743354,0.7198053,0.7940098627860156,True,True
chr21:22984000-22984300|0,0,0.04649915872422824,0.10901021,0.005340710998778402,False,True
chr21:19831000-19831300|0,0,0.03486963486266058,0.087798975,0.019291795458696033,False,True
chr21:44390000-44390300|0,0,0.34077867814493373,0.08763183,0.03896481811148002,False,True
chr20:55561000-55561300|0,0,0.1856665160318761,0.063135274,0.023077390296068916,False,True
chr20:61852000-61852300|0,0,0.849448869242569,0.82714623,0.8148203593676686,True,True
chr21:42996000-42996300|0,0,0.5975955475552416,0.124293,0.009035763718288112,True,True
chr20:33699000-33699300|0,0,0.9469509836309639,0.8643779,0.47518833512406267,True,True
chr21:25609000-25609300|0,0,0.0932775260661099,0.21276303,0.11064765646430783,False,True
chr20:19531000-19531300|0,0,0.3503241755082414,0.44205827,0.42495320817418586,False,True
chr20:38201000-38201300|0,0,0.7090548679790406,0.12903881,0.030876798674467302,True,True
chr21:12747000-12747300|0,0,0.11192997269009594,0.049075402,0.012220829334157567,False,True
chr20:60810000-60810300|0,0,0.33966769432933325,0.12185249,0.23869258044338093,False,True
chr20:20324000-20324300|0,0,0.0758526919335544,0.13717155,0.08812643600172974,False,True
chr21:11408000-11408300|0,0,0.10746985315101916,0.030946596,8.443968248157516e-06,False,True
chr20:60615000-60615300|0,0,0.09603164680374032,0.2029027,0.15848742920254338,False,True
chr21:38240000-38240300|0,0,0.10076531706220243,0.058969814,0.027976354592462498,False,True
chr20:63186000-63186300|0,0,0.5757278598625641,0.05176866,0.06615296839042384,True,True
chr21:34486000-34486300|0,0,0.4157651190945021,0.3997576,0.5468854038574312,True,True
chr21:42639000-42639300|0,0,0.49773284958003866,0.09055317,0.005035154707010395,True,True
chr20:9252000-9252300|0,0,0.06799502235639514,0.02882045,0.10939364824452505,False,True
chr20:7687000-7687300|0,0,0.07097572591592312,0.04658335,0.005267426474356822,False,True
chr20:52849000-52849300|0,0,0.43322998671305973,0.11652644,0.0529669673953536,True,True
chr20:52591000-52591300|0,0,0.7133534388428134,0.5561629,0.5584054404221438,True,True
chr20:58237000-58237300|0,0,0.7430461847566179,0.9307233,0.9129303685164881,True,True
chr21:20093000-20093300|0,0,0.041674430073910085,0.06436136,0.04402468460494654,False,True
chr20:33234000-33234300|0,0,0.62301259087022,0.10412424,0.10463658810231029,True,True
chr20:18462000-18462300|0,0,0.07813480774861509,0.06349644,0.0043178782097949495,False,True
chr21:13570000-13570300|0,0,0.022098902117105728,0.053532366,0.01258634545092103,False,True
chr20:40879000-40879300|0,0,0.02478610472780373,0.052580863,0.0211523367220186,False,True
chr21:39198000-39198300|0,0,0.07298621749049637,0.16108671,0.13817197860471736,False,True
chr20:6738000-6738300|0,0,0.13400991694982314,0.16900504,0.0576985748772159,False,True
chr21:16537000-16537300|0,0,0.10909896592005794,0.43840912,0.45439556875885323,False,True
chr21:18246000-18246300|0,0,0.11656176749998601,0.13892752,0.21388765141175553,False,True
chr20:28201000-28201300|0,0,0.1474778474440392,0.06666373,0.08713486148138959,False,True
chr20:9270000-9270300|0,0,0.039437588647077144,0.114904836,0.23793860869172656,False,True
chr20:33543000-33543300|0,0,0.5491966944112647,0.026053183,0.037862401975132555,True,True
chr20:41606000-41606300|0,0,0.517503080994691,0.12698868,0.058966510412620236,False,True
chr21:44513000-44513300|0,0,0.5416941550767486,0.5833591,0.34330822657442606,True,True
chr21:33333000-33333300|0,0,0.1309709476754093,0.049569618,0.0028510542428016625,False,True
chr20:24006000-24006300|0,0,0.7533737032069319,0.65331554,0.5390672110206469,True,True
chr20:49699000-49699300|0,0,0.049541054952017265,0.07924421,0.08522489986364792,False,True
chr20:62942000-62942300|0,0,0.2814088463287462,0.15304951,0.19148657137660618,False,True
chr21:37429000-37429300|0,0,0.08322932002845769,0.07521077,0.10886862243925349,False,True
chr20:14123000-14123300|0,0,0.05744819064758146,0.05370398,0.09338246788707019,False,True
chr21:22303000-22303300|0,0,0.08085831984710745,0.02975158,0.0008755981427621785,False,True
chr21:38735000-38735300|0,0,0.14694818230686849,0.14380813,0.2705870991490418,False,True
chr21:37708000-37708300|0,0,0.13341089384617952,0.07704624,0.17717605008866383,False,True
chr20:28915000-28915300|0,0,0.15227911620220916,0.1522285,0.0034651586547115474,False,True
chr20:13336000-13336300|0,0,0.19884274721231832,0.30962238,0.17555688686202123,False,True
chr20:62276000-62276300|0,0,0.5430467848849861,0.07984389,0.0633991575334179,False,True
chr20:7819000-7819300|0,0,0.10643949863008537,0.085988544,0.01967160994924458,False,True
chr20:13597000-13597300|0,0,0.18849088974674377,0.17028764,0.0019064175630521436,False,True
chr20:7492000-7492300|0,0,0.15730840489378353,0.15561937,0.006729482315288132,False,True
chr20:21933000-21933300|0,0,0.04371225197183349,0.046914574,0.009376725698500822,False,True
chr21:32843000-32843300|0,0,0.19003706621556055,0.06331027,0.15581810005442648,False,True
chr21:12759000-12759300|0,0,0.15730840489378353,0.055403586,0.002448810242320177,False,True
chr21:8129000-8129300|0,0,0.031203753633314072,0.067588836,0.07850466858637324,False,True
chr21:45156000-45156300|0,0,0.46079819022679963,0.057379253,0.022353024318825715,True,True
chr20:52246000-52246300|0,0,0.04939366493097198,0.041558955,0.09880002474174024,False,True
chr20:4366000-4366300|0,0,0.2923234815462941,0.050996993,0.0531802274748563,False,True
chr20:17024000-17024300|0,0,0.36053546933557884,0.3125207,0.4941515123679937,True,True
chr20:27096000-27096300|0,0,0.20988380763498346,0.115803845,0.07688281972942061,False,True
chr21:12867000-12867300|0,0,0.169000250438031,0.04512544,0.00041106691204593793,False,True
chr20:37690000-37690300|0,0,0.3252732172121922,0.31739318,0.06863622244046683,False,True
chr20:33519000-33519300|0,0,0.2592584914610401,0.15249643,0.06053925612483785,False,True
chr20:11783000-11783300|0,0,0.5309242676422768,0.2709725,0.039732297878213606,False,True
chr21:16708000-16708300|0,0,0.10571216498248955,0.08362523,0.12183809366994335,False,True
chr20:2687000-2687300|0,0,0.23366293706975538,0.24130082,0.5747803963111777,False,True
chr20:48459000-48459300|0,0,0.8702815974741646,0.77267313,0.6033370404495235,True,True
chr21:20126000-20126300|0,0,0.07330415428424783,0.08926466,0.02232412385871375,False,True
chr20:53354000-53354300|0,0,0.301607165969307,0.15943672,0.6286853695332248,False,True
chr21:14279000-14279300|0,0,0.014914026271052776,0.016452119,0.008178095733196939,False,True
chr21:24711000-24711300|0,0,0.09519136657079279,0.084127754,0.0015966283668545091,False,True
chr20:23369000-23369300|0,0,0.1710848052765794,0.119601965,0.08957078793936937,False,True
chr20:9780000-9780300|0,0,0.07727944609458536,0.07026208,0.14652110433977644,False,True
chr20:6069000-6069300|0,0,0.4137875151578901,0.09282317,0.21955448766176422,True,True
chr20:60723000-60723300|0,0,0.11226958952833634,0.050609477,0.008454071242646355,False,True
chr20:27480000-27480300|0,0,0.1613439146218264,0.069264926,0.012424005993028418,False,True
chr20:20537000-20537300|0,0,0.08317690540457635,0.2024722,0.1167687201281488,False,True
chr21:19165000-19165300|0,0,0.20086354544275997,0.19959871,0.12882439715862118,False,True
chr21:26609000-26609300|0,0,0.216081182139979,0.13944535,0.14909837285598615,False,True
chr21:41762000-41762300|0,0,0.6384166785046105,0.8313034,0.8240329665297733,True,True
chr20:51441000-51441300|0,0,0.6391598728679682,0.032981455,0.01110217194331582,True,True
chr20:54903000-54903300|0,0,0.13689727788744813,0.07128441,0.003391264926550881,False,True
chr21:45501000-45501300|0,0,0.3130556840263393,0.14093085,0.032029839331182156,False,True
chr20:52969000-52969300|0,0,0.27380247401908403,0.5796431,0.45296297948067843,False,True
chr20:19066000-19066300|0,0,0.24919536332541595,0.28191912,0.08662708927838911,False,True
chr20:26636000-26636300|0,0,0.12326670293132086,0.053751662,0.03834929406531434,False,True
chr21:42705000-42705300|0,0,0.4564326001424364,0.57838094,0.5692924031219582,True,True
chr20:4696000-4696300|0,0,0.11425793547975627,0.16229971,0.12081132553106362,False,True
chr21:25864000-25864300|0,0,0.18878363545818488,0.29130462,0.15168262329231372,False,True
chr21:9963000-9963300|0,0,0.30438554036604065,0.045967795,0.040523593531792995,False,True
chr20:50654000-50654300|0,0,0.34721747438008066,0.254313,0.3532759232286383,True,True
chr21:29210000-29210300|0,0,0.06513724814262174,0.102548555,0.15486650110547867,False,True
chr21:27159000-27159300|0,0,0.29701786519450196,0.555166,0.36973402858729065,False,True
chr20:46348000-46348300|0,0,0.7881140735623078,0.7385412,0.8119734480920544,True,True
chr20:63255000-63255300|0,0,0.9525842132877593,0.9147079,0.9648500693851951,True,True
chr21:22078000-22078300|0,0,0.12025503958170529,0.12638056,0.21805419657950298,False,True
chr21:10954000-10954300|0,0,0.12476790273063541,0.036416918,0.00847485472624293,False,True
chr20:51105000-51105300|0,0,0.2174140415490536,0.15028735,0.35874458142006765,False,True
chr21:37543000-37543300|0,0,0.050934936483944274,0.06908048,0.006243385950457216,False,True
chr21:34312000-34312300|0,0,0.2436338965967669,0.14003646,0.7098634814515891,False,True
chr20:6978000-6978300|0,0,0.064395109955787,0.025661215,0.10740113964320092,False,True
chr20:57420000-57420300|0,0,0.1758691640668456,0.185577,0.008734339665875814,False,True
chr21:29366000-29366300|0,0,0.14444801953633432,0.21762134,0.378946318605837,False,True
chr20:8927000-8927300|0,0,0.14998355754702564,0.11604707,0.08649037358134734,False,True
chr20:40246000-40246300|0,0,0.11987374737016447,0.13499627,0.2255091208088906,False,True
chr20:53477000-53477300|0,0,0.17172167939900385,0.15695903,0.016907984985781787,False,True
chr20:34315000-34315300|0,0,0.32762774262905753,0.01996512,0.009404567960932341,False,True
chr21:15132000-15132300|0,0,0.1861709561312974,0.06458831,0.04453794896024964,False,True
chr21:46057000-46057300|0,0,0.9014518289820828,0.6669434,0.6110522902531907,True,True
chr20:38408000-38408300|0,0,0.44075065923215495,0.42656365,0.17753930748558994,True,True
chr21:23852000-23852300|0,0,0.06995260979596682,0.13633035,0.20834634842922437,False,True
chr20:12291000-12291300|0,0,0.1800950396944751,0.11737005,0.16165130559632393,False,True
chr20:51105000-51105300|0,0,0.2174140415490536,0.15028735,0.35874458142006765,False,True
chr20:636000-636300|0,0,0.36488488122665574,0.2651737,0.09990048432708032,False,True
chr20:44453000-44453300|0,0,0.26550982465331785,0.06841999,0.01527870536582686,False,True
chr20:1591000-1591300|0,0,0.09905140893975432,0.105183624,0.2649327998533764,False,True
chr21:33771000-33771300|0,0,0.3760220600925534,0.31806257,0.2815839510092464,False,True
chr21:43420000-43420300|0,0,0.8524197996178445,0.79433274,0.9021489849419891,True,True
chr20:9174000-9174300|0,0,0.26269574978733296,0.17455299,0.26549873921319495,False,True
chr21:27615000-27615300|0,0,0.1443049782551406,0.06541734,0.0032890438067761144,False,True
chr21:16459000-16459300|0,0,0.0668908282357025,0.0414982,0.2439246373280318,False,True
chr20:31684000-31684300|0,0,0.5435716983402996,0.4865003,0.5133355852462665,True,True
chr21:24657000-24657300|0,0,0.22547440971272648,0.46124017,0.3193024756739081,False,True
chr21:42630000-42630300|0,0,0.5986331100194682,0.47554013,0.38384733956014644,True,True
chr21:25681000-25681300|0,0,0.11735339487455247,0.07171009,0.18958130745767662,False,True
chr21:14843000-14843300|0,0,0.16944535669437136,0.3003241,0.11743364798704428,False,True
chr20:33975000-33975300|0,0,0.06323859250031016,0.21904068,0.002743432905170597,False,True
chr20:63672000-63672300|0,0,0.8292836606393521,0.44663352,0.23096630054990072,True,True
chr21:25417000-25417300|0,0,0.032486416566908836,0.11737029,0.18087896865360928,False,True
chr21:17087000-17087300|0,0,0.055488186178722095,0.027225759,0.08988420810553442,False,True
chr20:23411000-23411300|0,0,0.10520922215822245,0.11500548,0.02111251725004594,False,True
chr20:43327000-43327300|0,0,0.3329792776924328,0.19002222,0.12213524168451627,False,True
chr20:38240000-38240300|0,0,0.33206447050897026,0.18404242,0.13042083713573063,False,True
chr21:15072000-15072300|0,0,0.17892786799779736,0.11331445,0.16873693410713844,False,True
chr20:43900000-43900300|0,0,0.25983220095406306,0.2657182,0.31024399512854006,False,True
chr20:44105000-44105300|0,0,0.3708703837737087,0.19991983,0.020676606041859898,False,True
chr20:56834000-56834300|0,0,0.2765988322433075,0.42561406,0.7520629770094809,False,True
chr20:60786000-60786300|0,0,0.5834386245983686,0.6526991,0.7122186745267745,True,True
chr20:11828000-11828300|0,0,0.07329167508464644,0.03838052,0.07021538179654503,False,True
chr21:38705000-38705300|0,0,0.05120830851596793,0.08574819,0.2581078979964565,False,True
chr20:42810000-42810300|0,0,0.7049688776443616,0.1497116,0.06940001454217426,True,True
chr20:18276000-18276300|0,0,0.39503553361969546,0.1390375,0.026824840723250764,False,True
chr20:99000-99300|0,0,0.11269656159752704,0.045942366,0.0031260730070688143,False,True
chr20:45768000-45768300|0,0,0.28731927919915307,0.11296067,0.02136255877980567,False,True
chr21:20120000-20120300|0,0,0.04324871696301299,0.0703712,0.1139418007493871,False,True
chr20:31210000-31210300|0,0,0.22424983188734943,0.075522766,0.00127898791872373,False,True
chr21:31081000-31081300|0,0,0.4289566998449321,0.21791735,0.19967610210205375,True,True
chr20:20780000-20780300|0,0,0.08671282984088609,0.022667583,0.06983090984473439,False,True
chr20:14519000-14519300|0,0,0.06183041880314939,0.25905383,0.2886200034590666,False,True
chr20:41192000-41192300|0,0,0.7800595721011749,0.22224088,0.15089134247839742,True,True
chr21:15987000-15987300|0,0,0.08190821246390043,0.06854215,0.044555637830003325,False,True
chr20:31555000-31555300|0,0,0.48472418118401295,0.17363761,0.2036574219563045,False,True
chr21:27924000-27924300|0,0,0.07207482135249504,0.070370436,0.006514158962125693,False,True
chr20:2303000-2303300|0,0,0.6994479968129592,0.17050998,0.07789717340238834,True,True
chr21:44768000-44768300|0,0,0.8667433344456892,0.7882196,0.531624933179786,True,True
chr20:5102000-5102300|0,0,0.16510632402852016,0.11971834,0.31457035288448043,False,True
chr21:30261000-30261300|0,0,0.16985828636240327,0.07041713,0.01389261108465267,False,True
chr20:447000-447300|0,0,0.43879805097221936,0.063817106,0.03801235349223471,True,True
chr20:44612000-44612300|0,0,0.16572247471352067,0.019285968,0.007994252974878014,False,True
chr20:32615000-32615300|0,0,0.36934433309011533,0.3270911,0.05662941606664855,False,True
chr21:44540000-44540300|0,0,0.9173046525854915,0.9480929,0.9293405664165024,True,True
chr21:10930000-10930300|0,0,0.14124476409149228,0.03506547,0.025674807730483005,False,True
chr21:43915000-43915300|0,0,0.3151463539754462,0.09938281,0.04521823910164283,False,True
chr20:43600000-43600300|0,0,0.056360278840708614,0.039038453,0.22238038687540784,False,True
chr20:52966000-52966300|0,0,0.13665731251053262,0.13760497,0.24521173751651118,False,True
chr20:52822000-52822300|0,0,0.28912994867636005,0.30948782,0.27306159507684347,False,True
chr21:21039000-21039300|0,0,0.04207301602268488,0.023426108,0.006886645365028321,False,True
chr20:53522000-53522300|0,0,0.3017141795937488,0.2477373,0.06922123515660204,False,True
chr21:37558000-37558300|0,0,0.4959514780877757,0.047947045,0.011543723371257725,False,True
chr20:19996000-19996300|0,0,0.5812262068522558,0.03325291,0.07099713720206179,True,True
chr20:50108000-50108300|0,0,0.41481627747765476,0.30413586,0.22176957947412668,False,True
chr20:25630000-25630300|0,0,0.15264585630980837,0.037092872,0.17848578467598888,False,True
chr21:32306000-32306300|0,0,0.8280428226562023,0.8323317,0.852664811061074,True,True
chr20:14360000-14360300|0,0,0.19725358618710198,0.16751948,0.03021227999833055,False,True
chr21:15765000-15765300|0,0,0.1309709476754093,0.19232087,0.2567312071073082,False,True
chr21:37345000-37345300|0,0,0.38865112051839323,0.039297618,0.05832468739272203,False,True
chr20:30858000-30858300|0,0,0.027067531279513647,0.06264683,0.060267377242262846,False,True
chr20:29141000-29141300|0,0,0.38267838057144204,0.28946123,0.018066912273234263,False,True
chr21:22480000-22480300|0,0,0.08551247063082494,0.15923765,0.11287737871520272,False,True
chr20:62000000-62000300|0,0,0.3272960494326613,0.59465164,0.5843227546707387,False,True
chr20:59897000-59897300|0,0,0.2228334604570295,0.06980892,0.23335407062053787,False,True
chr21:34462000-34462300|0,0,0.16113048287688791,0.085584074,0.00020344585751544132,False,True
chr20:9897000-9897300|0,0,0.06881329305442814,0.16203628,0.11857283546393327,False,True
chr20:28414000-28414300|0,0,0.14304762868893783,0.05392598,0.015057857479903208,False,True
chr20:41219000-41219300|0,0,0.5423987513178893,0.12331277,0.018416202746018896,True,True
chr21:37933000-37933300|0,0,0.088597468141384,0.052821714,0.002926224561762826,False,True
chr20:7837000-7837300|0,0,0.15852313360169543,0.20409705,0.53565997308857,False,True
chr20:47669000-47669300|0,0,0.7134272757746793,0.7832281,0.8533703400181417,True,True
chr20:50108000-50108300|0,0,0.41481627747765476,0.30413586,0.22176962277138387,False,True
chr20:1645000-1645300|0,0,0.6434127439224269,0.50998336,0.6580124329554533,True,True
chr20:45087000-45087300|0,0,0.19598632777896244,0.09575938,0.050926194308442134,False,True
chr21:10090000-10090300|0,0,0.1443049782551406,0.08117549,0.003409573615945171,False,True
chr20:44573000-44573300|0,0,0.3611462579068576,0.50800174,0.3610089893810028,False,True
chr20:32216000-32216300|0,0,0.24029764984932228,0.26369148,0.07018351589751307,False,True
chr20:61492000-61492300|0,0,0.29771027361736396,0.020679664,0.18792691322559923,False,True
chr21:44663000-44663300|0,0,0.022506516084071736,0.113681465,0.007291805865497543,False,True
chr20:12852000-12852300|0,0,0.10623865555426279,0.10966326,0.0131088940256772,False,True
chr20:29906000-29906300|0,0,0.10727695396343481,0.06031744,0.0034437742519533156,False,True
chr21:39633000-39633300|0,0,0.2828563384466205,0.1784313,0.16771997945358905,False,True
chr20:31222000-31222300|0,0,0.21577905729197913,0.043338962,0.5324033808963748,False,True
chr21:13969000-13969300|0,0,0.2828563384466205,0.1796118,0.18839983798551468,False,True
chr20:37102000-37102300|0,0,0.37797658170132914,0.14573929,0.07373424137028882,False,True
chr21:28198000-28198300|0,0,0.08421879321403529,0.030453913,0.002729800629115236,False,True
chr20:61396000-61396300|0,0,0.4761535137201745,0.63275194,0.6010757840517155,False,True
chr21:35771000-35771300|0,0,0.12751162658360127,0.12116348,0.26350296691711045,False,True
chr21:8588000-8588300|0,0,0.29575305661168294,0.13261878,0.004027289361836074,False,True
chr20:61186000-61186300|0,0,0.20965075076349216,0.15143703,0.24153145141662857,False,True
chr20:51414000-51414300|0,0,0.2988501184024824,0.18727984,0.19834682692838398,False,True
chr20:4390000-4390300|0,0,0.016894026320773393,0.028743569,0.002772960294601045,False,True
chr20:12648000-12648300|0,0,0.23694943387248318,0.21929018,0.13378589668351656,False,True
chr21:16768000-16768300|0,0,0.08152226233700718,0.100900725,0.10834841437911617,False,True
chr21:8852000-8852300|0,0,0.06272959029979318,0.03612469,0.10303677903387219,False,True
chr20:59729000-59729300|0,0,0.8775021757096947,0.794457,0.7902793726179056,True,True
chr20:12261000-12261300|0,0,0.24706001642024197,0.062400945,0.06231534896821122,False,True
chr21:28417000-28417300|0,0,0.32353505877176353,0.500504,0.33522882591744085,False,True
chr21:25372000-25372300|0,0,0.19140567236952183,0.24659872,0.2786294289927067,False,True
chr20:55873000-55873300|0,0,0.045632923574139936,0.02261822,0.06437657484440008,False,True
chr20:26468000-26468300|0,0,0.2143629352521068,0.07976369,0.00019198167870284485,False,True
chr21:27129000-27129300|0,0,0.04804843378716899,0.038108062,0.042178219998310014,False,True
chr20:54816000-54816300|0,0,0.38070031178769054,0.053192783,0.005178298778127094,False,True
chr21:46387000-46387300|0,0,0.7495176795045639,0.7754772,0.5411053022118082,True,True
chr20:29285000-29285300|0,0,0.0816867921921052,0.06801989,0.025259445915895018,False,True
chr20:37009000-37009300|0,0,0.6039030847297132,0.21247642,0.061558934971133975,True,True
chr21:26141000-26141300|0,0,0.08671282984088609,0.12684964,0.053838184267490326,False,True
chr20:17804000-17804300|0,0,0.3098462297620333,0.15255453,0.04371567923113682,False,True
chr20:33933000-33933300|0,0,0.3496263711009292,0.10785781,0.23694385447183902,False,True
chr20:41249000-41249300|0,0,0.028783896061659604,0.06912395,0.03850896698788295,False,True
chr21:18279000-18279300|0,0,0.06806303450451587,0.36639413,0.611153097636392,False,True
chr21:21000000-21000300|0,0,0.08949751458288091,0.13052599,0.17955495801438393,False,True
chr21:24585000-24585300|0,0,0.5350645181433455,0.43603405,0.3524610985758412,False,True
chr20:46270000-46270300|0,0,0.584223630657714,0.41812968,0.3970517506733266,False,True
chr21:5381000-5381300|0,0,0.08763696509637377,0.047196154,0.015431303387119871,False,True
chr20:61702000-61702300|0,0,0.46239178015462784,0.3998606,0.49885554977690505,False,True
chr21:22930000-22930300|0,0,0.03557360726031982,0.03663298,0.0337921510930245,False,True
chr20:13330000-13330300|0,0,0.38281919970004025,0.031046627,0.014789037632521495,False,True
chr20:33534000-33534300|0,0,0.10914165102854725,0.049629368,0.011752240606186268,False,True
chr21:18270000-18270300|0,0,0.09539078717843094,0.024201786,0.16050134028016305,False,True
chr20:20996000-20996300|0,0,0.39844146580987483,0.24393062,0.03089193316305239,False,True
chr20:29237000-29237300|0,0,0.18994400101524836,0.163223,0.061351816305911036,False,True
chr21:44420000-44420300|0,0,0.4862462085578653,0.23302628,0.27241246076788506,False,True
chr20:19852000-19852300|0,0,0.49186926461573205,0.19545934,0.15447609634751527,False,True
chr21:46498000-46498300|0,0,0.6247319772958397,0.25055185,0.4525348173372005,True,True
chr21:32216000-32216300|0,0,0.11425793547975627,0.07141934,0.22634627849807784,False,True
chr20:16261000-16261300|0,0,0.2517518079358121,0.4557444,0.4785389789667364,False,True
chr20:59252000-59252300|0,0,0.2504887769122792,0.38554007,0.4025594154353409,False,True
chr20:34129000-34129300|0,0,0.6434299273566711,0.24249758,0.10364735188081264,True,True
chr20:50996000-50996300|0,0,0.4860079157732697,0.32819209,0.06978771130461438,False,True
chr20:64066000-64066300|0,0,0.8044713922772936,0.69047034,0.6090790309905615,True,True
chr21:35975000-35975300|0,0,0.3477229148262541,0.45267493,0.5073901503984607,False,True
chr21:39363000-39363300|0,0,0.3878076658514317,0.13002065,0.04504173345542068,False,True
chr20:9090000-9090300|0,0,0.1051183142610581,0.21380526,0.3126461342204159,False,True
chr20:18666000-18666300|0,0,0.22700119920294223,0.09198036,0.04671303472825141,False,True
chr21:15213000-15213300|0,0,0.22211899810670505,0.14733537,0.124511564053689,False,True
chr20:21450000-21450300|0,0,0.1067268842950704,0.08905832,0.12455069753957039,False,True
chr20:34576000-34576300|0,0,0.1286733792057604,0.037978306,0.030743595759669496,False,True
chr20:61405000-61405300|0,0,0.5986331100194682,0.7401649,0.7587470434806444,True,True
chr20:18270000-18270300|0,0,0.20491013087273738,0.09266709,0.14868937717692118,False,True
chr21:46099000-46099300|0,0,0.8246531341280958,0.8383659,0.6041420267536318,True,True
chr21:13027000-13027300|0,0,0.4372073295357162,0.016460624,0.0371803681356581,True,True
chr20:23612000-23612300|0,0,0.2808243257376059,0.26035613,0.4921046342094244,False,True
chr20:38294000-38294300|0,0,0.7703523493286317,0.49736908,0.3436509167721758,True,True
chr21:10030000-10030300|0,0,0.07178074251107217,0.068522245,0.3123436616754765,False,True
chr20:34774000-34774300|0,0,0.046761109775887814,0.12974036,0.15380087360653072,False,True
chr21:6342000-6342300|0,0,0.09224730017407456,0.071209095,0.0006938959945550646,False,True
chr21:40648000-40648300|0,0,0.07922432921671371,0.10995766,0.1368125076124582,False,True
chr20:38573000-38573300|0,0,0.08230689760492109,0.08351493,0.08022207850946872,False,True
chr20:20747000-20747300|0,0,0.42116681229053615,0.2956876,0.42162512236235966,False,True
chr20:29858000-29858300|0,0,0.1224935907355249,0.04799965,0.003067851855311839,False,True
chr20:53834000-53834300|0,0,0.321908027961548,0.31477323,0.634312886482827,False,True
chr20:58312000-58312300|0,0,0.48857915493425974,0.13424163,0.20039730498635722,False,True
chr20:2630000-2630300|0,0,0.05744819064758146,0.099069394,0.11862947448902253,False,True
chr21:9372000-9372300|0,0,0.0903302966665825,0.09209951,0.024245027011518847,False,True
chr20:17009000-17009300|0,0,0.16113048287688791,0.103065476,0.12034803149185375,False,True
chr21:7492000-7492300|0,0,0.27133223119519334,0.05979899,0.012315712476189261,False,True
chr21:34381000-34381300|0,0,0.7379446860957355,0.8067133,0.8214594409029419,True,True
chr20:20153000-20153300|0,0,0.07567703823037836,0.06443602,0.0032355853581204977,False,True
chr21:24666000-24666300|0,0,0.04292480914801596,0.12379233,0.08646866002613035,False,True
chr20:3723000-3723300|0,0,0.2765988322433075,0.06364359,0.1557169827406178,False,True
chr20:58426000-58426300|0,0,0.5411566273706072,0.01995665,0.03318899904260094,False,True
chr21:12183000-12183300|0,0,0.1726608366113503,0.07324269,0.029644655134244708,False,True
chr20:23114000-23114300|0,0,0.5398154270010287,0.57807237,0.33996231282825173,True,True
chr21:23888000-23888300|0,0,0.11332951117047674,0.18198597,0.19921451807889087,False,True
chr20:58522000-58522300|0,0,0.20793890920069166,0.5068096,0.44082647834909605,False,True
chr20:43957000-43957300|0,0,0.12689337584880356,0.16115856,0.14745022376681463,False,True
chr20:1378000-1378300|0,0,0.4862462085578653,0.42615652,0.5743383221499269,False,True
chr20:14084000-14084300|0,0,0.25773932671521865,0.1825942,0.5676629220225105,False,True
chr21:16921000-16921300|0,0,0.03302970675817799,0.05378553,0.013622147260306928,False,True
chr20:42813000-42813300|0,0,0.06232114702384121,0.03511788,0.03563793262817273,False,True
chr21:17303000-17303300|0,0,0.216081182139979,0.1167087,0.04483531795210896,False,True
