name,label,gc_probability,kmer_probability,probe_probability,gc_caliper_selected,historical_gc_selected
chr20:46541626-46542226|1,1,0.6526513387601843,0.8751692,0.9903882,False,True
chr20:32621000-32621600|0,0,0.6460709981182186,0.106196515,0.21959648,True,True
chr21:26444000-26444600|0,0,0.4602922199437754,0.13513218,0.43422115,True,True
chr20:44118322-44118922|1,1,0.6304216508548833,0.5891463,0.9579161,True,True
chr20:60042000-60042600|0,0,0.5232704364708705,0.5531416,0.2063023,True,True
chr20:45648438-45649038|1,1,0.49653730797710594,0.45620114,0.23573603,True,True
chr20:54231000-54231600|0,0,0.486289858858689,0.48701504,0.33835796,True,True
chr20:46049321-46049921|1,1,0.565378677374889,0.53719646,0.9449885,True,True
chr21:39405613-39406213|1,1,0.4482646360885687,0.57990986,0.9909388,True,True
chr20:48765000-48765600|0,0,0.47490612408051536,0.50223225,0.67092276,True,True
chr20:9621000-9621600|0,0,0.4062710230486205,0.37106177,0.46966422,True,True
chr20:17099000-17099600|0,0,0.4479036528942926,0.06504281,0.019976996,True,True
chr20:1867000-1867600|0,0,0.5611850246618746,0.54627407,0.520562,True,True
chr21:45741000-45741600|0,0,0.6125614328754617,0.39883563,0.1749952,True,True
chr21:10601757-10602357|1,1,0.4166355999129949,0.587645,0.14650235,True,True
chr20:9529341-9529941|1,1,0.5178366060018065,0.77209115,0.98763984,True,True
chr21:46508956-46509556|1,1,0.5268528822849448,0.7780474,0.9934807,True,True
chr20:46474387-46474987|1,1,0.44263833076887005,0.10044554,0.7530501,True,True
chr20:41351520-41352120|1,1,0.6419480768068573,0.56093013,0.91342777,True,True
chr21:21147000-21147600|0,0,0.5305755968467301,0.3034228,0.15270655,True,True
chr20:11870426-11871026|1,1,0.4003940894274211,0.28331894,0.77462244,True,True
chr20:22171000-22171600|0,0,0.4369876143021672,0.36379254,0.23834959,True,True
chr20:49666000-49666600|0,0,0.48480827479588956,0.51753014,0.4697065,True,True
chr20:64270000-64270600|0,0,0.6763659363422857,0.13130999,0.078152806,True,True
chr21:33576064-33576664|1,1,0.4096832275094829,0.33160254,0.969055,True,True
chr20:58900000-58900600|0,0,0.5150986491650472,0.4735148,0.47786665,True,True
chr20:5876000-5876600|0,0,0.3801121749877592,0.1745811,0.014023617,True,True
chr21:44939000-44939600|0,0,0.6290545320019509,0.76890475,0.39769238,True,True
chr20:503394-503994|1,1,0.499787578969107,0.6570072,0.6633937,True,True
chr20:3797321-3797921|1,1,0.6832838939999814,0.7564202,0.8020382,False,True
chr20:62465163-62465763|1,1,0.7266044026675732,0.7940729,0.96218103,False,True
chr20:55375000-55375600|0,0,0.4882496274168337,0.4128838,0.24742985,True,True
chr20:42110186-42110786|1,1,0.622787728312716,0.84347063,0.9586987,True,True
chr20:38988512-38989112|1,1,0.4897986128374445,0.5228517,0.91473085,True,True
chr21:16717000-16717600|0,0,0.43992297222631505,0.19715537,0.037091833,True,True
chr21:27573000-27573600|0,0,0.32788351447019237,0.57404315,0.5430415,False,False
chr21:41406443-41407043|1,1,0.5069131529974584,0.80748016,0.99618584,True,True
chr20:8687000-8687600|0,0,0.5328672309352228,0.20435967,0.16768885,True,True
chr20:37753000-37753600|0,0,0.4507860482403176,0.298402,0.53107226,True,True
chr21:32498000-32498600|0,0,0.5694162680142257,0.32933694,0.27346164,True,True
chr20:45474000-45474600|0,0,0.4479036528942926,0.0994681,0.06787136,True,True
chr20:33619216-33619816|1,1,0.48522353536769486,0.5658134,0.708259,True,True
chr20:45144000-45144600|0,0,0.4422377321414455,0.45277375,0.2882934,True,True
chr20:57498400-57499000|1,1,0.55497435852149,0.5937627,0.51392025,True,True
chr21:45120493-45121093|1,1,0.5002410453966329,0.76738447,0.64808357,True,True
chr20:54028671-54029271|1,1,0.5548953766067124,0.93282926,0.9959126,True,True
chr21:18953275-18953875|1,1,0.3564233052651308,0.20274585,0.6714793,True,True
chr21:5150000-5150600|0,0,0.5682643462568812,0.45692313,0.087901995,True,True
chr20:15315000-15315600|0,0,0.4220139508989087,0.4128638,0.03348944,True,True
chr21:23732000-23732600|0,0,0.4059813808042403,0.38410324,0.42574003,True,True
chr21:31021000-31021600|0,0,0.5665732591627399,0.34496272,0.3188659,True,True
chr20:26219000-26219600|0,0,0.36604344912801323,0.5278355,0.4827338,True,True
chr20:57407242-57407842|1,1,0.7324446438033454,0.8358041,0.95836926,False,True
chr20:52432000-52432600|0,0,0.40919522877067555,0.42832866,0.2118014,True,True
chr21:21108000-21108600|0,0,0.38622128583871174,0.43779448,0.65649813,True,True
chr21:24300000-24300600|0,0,0.3671138284390142,0.15285668,0.19046979,True,True
chr21:20444000-20444600|0,0,0.45101492614460215,0.66913515,0.19756919,True,True
chr20:45541853-45542453|1,1,0.5243579685098354,0.6309488,0.2548956,True,True
chr20:12249000-12249600|0,0,0.4461431279256788,0.18004604,0.100903384,True,True
chr20:63431068-63431668|1,1,0.6589106511699331,0.73481274,0.6094183,False,True
chr20:41417048-41417648|1,1,0.4741870003249098,0.38495752,0.9645505,True,True
chr20:26690000-26690600|0,0,0.469939208600864,0.08192749,0.0018386757,True,True
chr20:4072363-4072963|1,1,0.5917758845063961,0.72458774,0.577323,True,True
chr21:45561000-45561600|0,0,0.57625346144655,0.53430283,0.31978792,True,True
chr20:43636844-43637444|1,1,0.5303719256367738,0.31571424,0.8582978,True,True
chr20:49567000-49567600|0,0,0.5608125669992334,0.6718106,0.5244328,True,True
chr20:3888248-3888848|1,1,0.6206362011252818,0.70089483,0.4124337,False,True
chr20:52304654-52305254|1,1,0.46386690279801107,0.6040671,0.2775986,True,True
chr21:40720000-40720600|0,0,0.4195101111044996,0.2092287,0.09476011,True,True
chr20:12483000-12483600|0,0,0.4419436756481369,0.6307742,0.9169298,True,True
chr21:36968253-36968853|1,1,0.5053641122120773,0.497057,0.39627263,True,True
chr21:39435272-39435872|1,1,0.449141192363097,0.43773267,0.32175258,True,True
chr20:34375000-34375600|0,0,0.5408095071933129,0.40791243,0.29437473,True,True
chr21:38603000-38603600|0,0,0.5585758519943298,0.649182,0.33769873,True,True
chr20:23600000-23600600|0,0,0.46539015148524043,0.33958903,0.0584907,True,True
chr21:33602044-33602644|1,1,0.4750370269904893,0.44251344,0.5333453,True,True
chr20:35696159-35696759|1,1,0.5499575520297554,0.4771799,0.9635508,True,True
chr21:12339000-12339600|0,0,0.46679786620129626,0.15686904,4.979873e-06,True,True
chr20:44423717-44424317|1,1,0.6455981982458341,0.8772408,0.995707,True,True
chr20:18489689-18490289|1,1,0.5025583563422863,0.36148185,0.98545444,True,True
chr21:39516000-39516600|0,0,0.4662573806569502,0.40982997,0.19504929,True,True
chr20:22984000-22984600|0,0,0.5482717967241153,0.61953354,0.62286365,True,True
chr21:20651000-20651600|0,0,0.40630872506080845,0.6107232,0.2311912,True,True
chr20:63375000-63375600|0,0,0.697321419026493,0.5583396,0.06855937,True,True
chr20:60519000-60519600|0,0,0.5389542089881584,0.6864282,0.46364436,True,True
chr21:45300092-45300692|1,1,0.6836349546363255,0.9471857,0.8179336,True,True
chr20:43513175-43513775|1,1,0.6484417106076635,0.755426,0.91512185,False,True
chr20:35465442-35466042|1,1,0.5522410830378915,0.57843375,0.8718444,True,True
chr21:18450000-18450600|0,0,0.42333050245219583,0.6227183,0.4198722,True,True
chr20:43465554-43466154|1,1,0.5282007235741072,0.17497565,0.32434562,True,True
chr20:34931116-34931716|1,1,0.6345543947361093,0.54237795,0.94054013,False,True
chr20:49264563-49265163|1,1,0.57625346144655,0.45081386,0.98422205,True,True
chr21:29181929-29182529|1,1,0.47477458399310635,0.85104597,0.7847069,True,True
chr21:23906000-23906600|0,0,0.4368916920469609,0.38644028,0.17066589,True,True
chr21:38919215-38919815|1,1,0.5413297144681637,0.6234119,0.91335434,True,True
chr20:47684041-47684641|1,1,0.59181861169969,0.8558378,0.9887866,True,True
chr21:43552000-43552600|0,0,0.5029255445925794,0.5974709,0.32367352,True,True
chr20:672000-672600|0,0,0.6219221737186479,0.24921663,0.19857076,True,True
chr21:8318000-8318600|0,0,0.5314406422812509,0.2703774,0.06407192,True,True
chr21:41471680-41472280|1,1,0.6058303360216407,0.6737153,0.9839686,True,True
chr20:37055355-37055955|1,1,0.5127540686174193,0.29637685,0.21197835,True,True
chr20:59805740-59806340|1,1,0.6640082309267706,0.95629245,0.96642137,False,True
chr20:52801000-52801600|0,0,0.5303719256367738,0.3989491,0.7404918,True,True
chr21:32180000-32180600|0,0,0.5544282220594451,0.6705416,0.64311665,True,True
chr20:62553164-62553764|1,1,0.7319933599569406,0.95226955,0.98363286,True,True
chr21:44303000-44303600|0,0,0.6161253884202326,0.20345248,0.046045423,True,True
chr21:26828000-26828600|0,0,0.44122171665483834,0.41427958,0.22021385,True,True
chr21:32744612-32745212|1,1,0.40576431193852946,0.25905415,0.51190245,True,True
chr20:33012502-33013102|1,1,0.6342997207425694,0.9124727,0.9579368,True,True
chr20:41168466-41169066|1,1,0.6640295263729178,0.67394453,0.8008075,False,True
chr21:36007018-36007618|1,1,0.5609920994637873,0.6558954,0.56695044,True,True
chr21:14498291-14498891|1,1,0.3960488066109732,0.61033845,0.9440058,True,True
chr20:61573000-61573600|0,0,0.6067695441015736,0.49055302,0.43087903,True,True
chr20:11222000-11222600|0,0,0.46368222393741115,0.32567018,0.081319906,True,True
chr20:5489000-5489600|0,0,0.5194597336542063,0.5195067,0.47549722,True,True
chr20:48627314-48627914|1,1,0.7036736897642957,0.81798524,0.9906245,False,True
chr20:45630569-45631169|1,1,0.5550510332835414,0.59078956,0.64765376,True,True
chr20:12865376-12865976|1,1,0.5470666258277758,0.34215638,0.26668075,True,True
chr21:24049219-24049819|1,1,0.4414030981997629,0.7679533,0.56902385,True,True
chr20:23037922-23038522|1,1,0.5654976838168011,0.38190582,0.36933693,True,True
chr20:6110210-6110810|1,1,0.5108124716977777,0.68215317,0.9935324,True,True
chr21:39492000-39492600|0,0,0.4762207965572022,0.18347122,0.064770475,True,True
chr20:10921000-10921600|0,0,0.39635462900038193,0.49647838,0.21188888,True,True
chr21:31207000-31207600|0,0,0.4077418334756415,0.44566405,0.5215934,True,True
chr21:36240000-36240600|0,0,0.5092902726974963,0.12486047,0.17743984,True,True
chr21:23294000-23294600|0,0,0.42480324824409826,0.21246634,0.14505771,True,True
chr21:42954000-42954600|0,0,0.5536847273067499,0.19916406,0.023780987,True,True
chr20:10259056-10259656|1,1,0.4693656924186128,0.35439837,0.18484378,True,True
chr20:8788148-8788748|1,1,0.42879224572072233,0.58697134,0.9879054,True,True
chr21:11384000-11384600|0,0,0.45851245229216925,0.119603954,0.025171628,True,True
chr20:24432000-24432600|0,0,0.5877590710302975,0.115078606,0.008453237,True,True
chr20:33081211-33081811|1,1,0.6115735006869344,0.69867736,0.9814726,True,True
chr20:59836204-59836804|1,1,0.5467050326305976,0.65567094,0.73035896,True,True
chr20:9915000-9915600|0,0,0.48852130005727706,0.24303383,0.112327896,True,True
chr21:34821395-34821995|1,1,0.524902097624405,0.58162916,0.5833709,True,True
chr20:3203115-3203715|1,1,0.7390836246392982,0.7233042,0.9342533,False,True
chr20:5456440-5457040|1,1,0.5345015165547303,0.35483226,0.37722614,True,True
chr20:6473238-6473838|1,1,0.49422191862125,0.4554006,0.2368018,True,True
chr21:34288000-34288600|0,0,0.6349169376245662,0.47640172,0.1191186,True,True
chr20:47039000-47039600|0,0,0.5155307751888062,0.29983604,0.055210393,True,True
chr21:31559716-31560316|1,1,0.6158236363581353,0.9664893,0.6565002,False,True
chr20:20015000-20015600|0,0,0.4781809560740294,0.6440869,0.38285902,True,True
chr20:45906058-45906658|1,1,0.5627638030083475,0.6377703,0.8537045,True,True
chr21:5354000-5354600|0,0,0.4782850990921882,0.069662355,0.002234288,True,True
chr20:3359292-3359892|1,1,0.4170567411645828,0.4530116,0.92928773,True,True
chr20:48861000-48861600|0,0,0.597642842129369,0.77195317,0.537159,True,True
chr21:24711000-24711600|0,0,0.45577303566712707,0.37849632,0.044683322,True,True
chr20:10277384-10277984|1,1,0.463347462476412,0.6457581,0.8069729,True,True
chr21:17793277-17793877|1,1,0.4677328302651468,0.7782038,0.8078328,True,True
chr21:13069000-13069600|0,0,0.5041619136439718,0.3783475,0.27606413,True,True
chr20:61738789-61739389|1,1,0.6756726399794322,0.92716277,0.6673324,True,True
chr21:8222660-8223260|1,1,0.6430152160401288,0.653133,0.66985315,True,True
chr20:59395285-59395885|1,1,0.51119319698368,0.7113596,0.38715142,True,True
chr20:63687337-63687937|1,1,0.7404732032278786,0.7697133,0.9966516,False,True
chr21:33907152-33907752|1,1,0.52403992431489,0.51407176,0.9916716,True,True
chr21:21339000-21339600|0,0,0.37502567901749334,0.45752642,0.080486305,True,True
chr20:2334815-2335415|1,1,0.6925964357387944,0.9045261,0.9261285,True,True
chr20:26639000-26639600|0,0,0.46884230872849414,0.03684696,0.0001006659,True,True
chr20:35724421-35725021|1,1,0.44162710513696163,0.6064199,0.9919409,True,True
chr21:44153000-44153600|0,0,0.6140273566750409,0.7521321,0.5247974,True,True
chr20:19889265-19889865|1,1,0.6135986532988922,0.8302526,0.25959492,False,True
chr20:13417220-13417820|1,1,0.4704086541305993,0.80904365,0.93457335,True,True
chr20:28411000-28411600|0,0,0.46469995687222315,0.041242197,0.00257557,True,True
chr20:64222810-64223410|1,1,0.6671635982624736,0.72799873,0.9755298,False,True
chr21:44366453-44367053|1,1,0.713544200366781,0.886948,0.994449,False,True
chr20:41630000-41630600|0,0,0.47786158600801676,0.2585029,0.035629515,True,True
chr21:19133823-19134423|1,1,0.5061194350887639,0.32204878,0.4093488,True,True
chr21:36663000-36663600|0,0,0.5627978250637379,0.7555625,0.6404204,True,True
chr20:10173211-10173811|1,1,0.6131096767744577,0.8825744,0.56935817,False,True
chr21:37333000-37333600|0,0,0.4569839458789829,0.19085978,0.0268408,True,True
chr20:21947348-21947948|1,1,0.4135935475168923,0.81720406,0.23378581,True,True
chr21:6906216-6906816|1,1,0.4306858068215659,0.4994272,0.69065654,True,True
chr21:38654000-38654600|0,0,0.5068825883190995,0.4122831,0.3495155,True,True
chr20:9217089-9217689|1,1,0.4675473823663694,0.5856328,0.97409636,True,True
chr21:44699000-44699600|0,0,0.6206418844963393,0.48634523,0.6238238,True,True
chr20:1031198-1031798|1,1,0.4037898424010966,0.46287143,0.082653455,True,True
chr20:11543000-11543600|0,0,0.4807551180226859,0.47681484,0.108327076,True,True
chr21:43774029-43774629|1,1,0.6329078522463011,0.84029996,0.99827445,True,True
chr20:4264000-4264600|0,0,0.5315158679691034,0.55996466,0.09068577,True,True
chr20:2838177-2838777|1,1,0.678082862187867,0.7531779,0.9999467,False,True
chr21:41819400-41820000|1,1,0.734720234611762,0.8710332,0.9406416,False,True
chr20:16257061-16257661|1,1,0.5932379805965359,0.5261927,0.26072055,True,True
chr20:31775566-31776166|1,1,0.4870451700152816,0.49844742,0.9781029,True,True
chr21:46249285-46249885|1,1,0.5305755968467301,0.6495325,0.2223069,True,True
chr21:14973914-14974514|1,1,0.40699032083386016,0.7992485,0.96118903,True,True
chr20:11732000-11732600|0,0,0.461026371017769,0.12746581,0.047365915,True,True
chr20:16049529-16050129|1,1,0.49616570179525143,0.83103406,0.6447431,True,True
chr21:19657000-19657600|0,0,0.3621807534922217,0.3141423,0.14317092,True,True
chr20:486161-486761|1,1,0.48067863065397115,0.7004776,0.95191026,True,True
chr20:61033000-61033600|0,0,0.4409464273642612,0.26442856,0.086432,True,True
chr20:3634010-3634610|1,1,0.5546948705082514,0.6843548,0.5964168,True,True
chr21:19774000-19774600|0,0,0.34708110218502025,0.49123868,0.27383977,True,True
chr21:35690000-35690600|0,0,0.48601057319231933,0.42433116,0.24459116,True,True
chr21:42198000-42198600|0,0,0.47382922603030975,0.2044075,0.14028712,True,True
chr20:37046889-37047489|1,1,0.412159320948498,0.5849847,0.9910619,True,True
chr20:62618000-62618600|0,0,0.6957997282857509,0.75739616,0.5657256,True,True
chr20:48951022-48951622|1,1,0.5474750232997454,0.6217985,0.9756241,True,True
chr21:17468000-17468600|0,0,0.5236551944308145,0.4730219,0.23009786,True,True
chr20:27645000-27645600|0,0,0.47550634880355397,0.07843948,2.155532e-05,True,True
chr20:38618000-38618600|0,0,0.5648308916261509,0.32398567,0.27136642,True,True
chr21:36507000-36507600|0,0,0.5750297949345957,0.3673917,0.2837383,True,True
chr20:50426000-50426600|0,0,0.5447754488109936,0.31241906,0.31486237,True,True
chr21:40051806-40052406|1,1,0.5309831000679814,0.40078807,0.7746264,True,True
chr21:37021000-37021600|0,0,0.5366610454646977,0.16472007,0.1045504,True,True
chr20:17882000-17882600|0,0,0.6956144922691108,0.75888747,0.15877587,True,True
chr21:22771000-22771600|0,0,0.470778352807697,0.52481925,0.5388064,True,True
chr20:44777000-44777600|0,0,0.4852472273119396,0.62270606,0.26314756,True,True
chr21:16906000-16906600|0,0,0.417008616569551,0.5331042,0.012158631,True,True
chr20:31922662-31923262|1,1,0.5593651477659508,0.55203056,0.29046017,True,True
chr20:57072000-57072600|0,0,0.6137815492903917,0.38591692,0.42634973,True,True
chr20:37555000-37555600|0,0,0.5558222952926928,0.40907937,0.2838499,True,True
chr20:10601430-10602030|1,1,0.48324560695966534,0.88150734,0.8993981,True,True
chr20:30633000-30633600|0,0,0.6061225645814757,0.24314973,0.014406061,True,True
chr20:63651000-63651600|0,0,0.6750102609220263,0.2131183,0.1711838,True,True
chr20:18024651-18025251|1,1,0.5723940663651857,0.9273676,0.9871767,True,True
chr21:10546000-10546600|0,0,0.45516742072867544,0.2914478,0.16816099,True,True
chr20:55423309-55423909|1,1,0.46426689700153256,0.40042144,0.2506615,True,True
chr21:45624809-45625409|1,1,0.4948435808428579,0.652945,0.83482635,True,True
chr21:42918990-42919590|1,1,0.5596679420545351,0.6631925,0.7746129,True,True
chr21:33573007-33573607|1,1,0.42510517836804845,0.8338611,0.96927905,True,True
chr20:46897000-46897600|0,0,0.4795558232379359,0.8377184,0.6419903,True,True
chr20:64132000-64132600|0,0,0.6839128759759822,0.014007676,0.08171586,True,True
chr21:16306000-16306600|0,0,0.3939158393111763,0.6493936,0.61186284,True,True
chr20:48441000-48441600|0,0,0.5005233543221258,0.8317383,0.71199334,True,True
chr20:34678000-34678600|0,0,0.5225274778414921,0.27609238,0.10852805,True,True
chr21:10126847-10127447|1,1,0.6085196507397209,0.5542869,0.016495198,True,True
chr20:48645756-48646356|1,1,0.6660915441318057,0.90653336,0.9960665,False,True
chr20:17846000-17846600|0,0,0.6287228832708772,0.5047182,0.6035902,True,True
chr20:35433551-35434151|1,1,0.6554412048612385,0.7862741,0.99488515,False,True
chr20:48675967-48676567|1,1,0.627310680868131,0.73961264,0.97324187,False,True
chr21:20390000-20390600|0,0,0.3869890416799694,0.4975262,0.23931222,True,True
chr20:35972328-35972928|1,1,0.5263849329684092,0.55538684,0.97555393,True,True
chr20:8321000-8321600|0,0,0.4318682010601538,0.5043287,0.32513532,True,True
chr20:12048000-12048600|0,0,0.5081153795903692,0.55411386,0.5125277,True,True
chr20:34078204-34078804|1,1,0.649264497145133,0.77348506,0.5755376,True,True
chr20:3015548-3016148|1,1,0.45262280712130054,0.4576373,0.8175066,True,True
chr20:14204000-14204600|0,0,0.6273032430786036,0.41295257,0.044092663,True,True
chr21:37636000-37636600|0,0,0.5681090662839758,0.54835665,0.26317415,True,True
chr20:53363000-53363600|0,0,0.5812651548921652,0.3768147,0.08711258,True,True
chr21:8690000-8690600|0,0,0.5267322092159622,0.3478695,0.04134147,True,True
chr20:1402000-1402600|0,0,0.5525893159199806,0.45802835,0.07987122,True,True
chr21:31213171-31213771|1,1,0.45561857536833805,0.6571539,0.9641414,True,True
chr20:10534000-10534600|0,0,0.5838563424213605,0.37147912,0.38837317,True,True
chr20:46366664-46367264|1,1,0.598022331484477,0.7073819,0.6255613,True,True
chr21:21717000-21717600|0,0,0.3129055380899915,0.01987187,0.0014185079,False,False
chr20:45307842-45308442|1,1,0.6677569355688916,0.60133445,0.60483736,False,True
chr21:41423000-41423600|0,0,0.6020434149026288,0.6408012,0.016719874,True,True
chr20:49756000-49756600|0,0,0.5433223442643516,0.7302871,0.7992076,True,True
chr21:35969000-35969600|0,0,0.4541191730353789,0.61717397,0.70011026,True,True
chr20:59993949-59994549|1,1,0.5531909416517126,0.9054255,0.983287,True,True
chr20:20535502-20536102|1,1,0.46509456657384923,0.8234709,0.82404196,True,True
chr20:9699000-9699600|0,0,0.46031337916753956,0.31079987,0.47011438,True,True
chr20:5174882-5175482|1,1,0.5450288457098094,0.5627015,0.9794759,True,True
chr20:17324000-17324600|0,0,0.5447792664635807,0.35822016,0.3489342,True,True
chr21:44133801-44134401|1,1,0.7202145985231768,0.89928967,0.79146266,False,True
chr21:42462000-42462600|0,0,0.5908575296984563,0.36023352,0.18202475,True,True
chr20:32732000-32732600|0,0,0.5686098834171962,0.21227947,0.07910468,True,True
chr20:35381724-35382324|1,1,0.520553978156302,0.45770717,0.75187534,True,True
chr20:30150000-30150600|0,0,0.42879224572072233,0.13219023,0.061397947,True,True
chr20:16537000-16537600|0,0,0.5991619465180955,0.27692562,0.06701336,True,True
chr21:42636000-42636600|0,0,0.5733040440635963,0.63896555,0.35704932,True,True
chr21:35450000-35450600|0,0,0.5537631650038976,0.35160238,0.052658666,True,True
chr20:5598520-5599120|1,1,0.4843957888061653,0.6338061,0.92962945,True,True
chr20:31576000-31576600|0,0,0.5792773926076188,0.35986227,0.052150153,True,True
chr21:14621000-14621600|0,0,0.5705017187613152,0.62893426,0.39506215,True,True
chr21:25102987-25103587|1,1,0.4756189819669858,0.1834528,0.16078506,True,True
chr20:20756000-20756600|0,0,0.5706930697467258,0.3529181,0.12232384,True,True
chr20:33531000-33531600|0,0,0.5194597336542063,0.3313933,0.3789163,True,True
chr20:61234000-61234600|0,0,0.5606879364696169,0.4427972,0.20446178,True,True
chr20:16357000-16357600|0,0,0.4453571222714459,0.14603738,0.0821815,True,True
chr21:19483000-19483600|0,0,0.39114039773499154,0.20006844,0.36605102,True,True
chr20:55801000-55801600|0,0,0.45281278915650347,0.35885897,0.18037164,True,True
chr20:12950185-12950785|1,1,0.6426869521307572,0.59310675,0.862773,False,True
chr21:39909000-39909600|0,0,0.48141649968186495,0.6977063,0.59216887,True,True
chr20:1405000-1405600|0,0,0.5711847341804183,0.38825658,0.3201962,True,True
chr21:25757709-25758309|1,1,0.41567867756196114,0.7326463,0.99526656,True,True
chr21:43466757-43467357|1,1,0.6392923913082498,0.8769158,0.66986144,True,True
chr21:16574971-16575571|1,1,0.52016456848541,0.17662375,0.5088033,True,True
chr21:18589319-18589919|1,1,0.4387463495273669,0.6540569,0.64209235,True,True
chr20:46459321-46459921|1,1,0.5255785540039638,0.778796,0.6285494,True,True
chr20:63372000-63372600|0,0,0.7278615784986432,0.16960363,0.0067089386,True,True
chr20:39765287-39765887|1,1,0.388185233177197,0.5584601,0.06740728,True,True
chr20:11783000-11783600|0,0,0.5473259850070306,0.27472955,0.2084933,True,True
chr20:10987163-10987763|1,1,0.4321013796551629,0.5440887,0.08862264,True,True
chr20:11840000-11840600|0,0,0.576194235804969,0.1679743,0.0440359,True,True
chr20:33417622-33418222|1,1,0.5805978736710786,0.8153001,0.97571975,True,True
chr21:44490093-44490693|1,1,0.6521004939606413,0.7308567,0.1486593,False,True
chr21:46427321-46427921|1,1,0.645796220250422,0.9157541,0.98242056,True,True
chr20:1578393-1578993|1,1,0.5708386312079203,0.90447223,0.99736327,True,True
chr21:30018000-30018600|0,0,0.4720695907299899,0.19404866,0.13433085,True,True
chr20:20273000-20273600|0,0,0.4764728374431954,0.23680204,0.32005024,True,True
chr20:32315917-32316517|1,1,0.502110555708979,0.7581468,0.95274746,True,True
chr21:42795000-42795600|0,0,0.5452181251586832,0.5268979,0.5876924,True,True
chr21:37342000-37342600|0,0,0.5517068379673052,0.16563398,0.05897109,True,True
chr21:36321000-36321600|0,0,0.43093387544802897,0.33642814,0.55217355,True,True
chr20:36366744-36367344|1,1,0.6703585165320192,0.819232,0.40632236,False,True
chr21:37840127-37840727|1,1,0.45742391516359204,0.760259,0.9691107,True,True
chr20:13708000-13708600|0,0,0.43685361877552337,0.2059949,0.07799757,True,True
chr21:25210000-25210600|0,0,0.4908115058248955,0.20330045,0.7162718,True,True
chr21:12171000-12171600|0,0,0.46964626196767933,0.0682351,7.558017e-05,True,True
chr20:59195568-59196168|1,1,0.5755840251510905,0.82311016,0.80254745,True,True
chr21:45315000-45315600|0,0,0.4490730396433937,0.084340796,0.010275495,True,True
chr20:41489720-41490320|1,1,0.5143207473844271,0.6350191,0.9949596,True,True
chr20:8684631-8685231|1,1,0.4809390406685442,0.7199835,0.8510928,True,True
chr21:29948000-29948600|0,0,0.5283858080236362,0.3349593,0.53859013,True,True
chr20:28930000-28930600|0,0,0.43973161605757605,0.4496325,0.030682212,True,True
chr21:26300000-26300600|0,0,0.5050191192746762,0.38078538,0.13757274,True,True
chr21:16630495-16631095|1,1,0.4946483932964392,0.5197757,0.43276116,True,True
chr20:58987407-58988007|1,1,0.5072484636080806,0.50348634,0.9930708,True,True
chr20:41741000-41741600|0,0,0.44191890496057457,0.1789514,0.04631699,True,True
chr20:12384000-12384600|0,0,0.4529564684088384,0.4251381,0.24050568,True,True
chr21:27417000-27417600|0,0,0.42779606160287337,0.6147263,0.31505066,True,True
chr21:39298281-39298881|1,1,0.417008616569551,0.7097439,0.88667774,True,True
chr20:8357000-8357600|0,0,0.4311756227106352,0.5429642,0.25761122,True,True
chr20:54423000-54423600|0,0,0.441302786664576,0.40877968,0.3800225,True,True
chr20:438540-439140|1,1,0.6298598534912372,0.7709916,0.9842181,False,True
chr21:15825903-15826503|1,1,0.4267408633467711,0.62412745,0.9854159,True,True
chr20:51837000-51837600|0,0,0.5472167060063265,0.22315669,0.51151013,True,True
chr21:32352605-32353205|1,1,0.6432095851683672,0.775879,0.92048115,False,True
chr20:63327651-63328251|1,1,0.6906403868464467,0.42682862,0.9928636,False,True
chr21:43936000-43936600|0,0,0.6948213577560962,0.83588153,0.4719301,True,True
chr20:7705000-7705600|0,0,0.4781809560740294,0.47029886,0.19274564,True,True
chr20:16060000-16060600|0,0,0.48407940420777335,0.48169813,0.04657396,True,True
chr20:47397044-47397644|1,1,0.5373999347239675,0.71430165,0.45920327,True,True
chr20:36144000-36144600|0,0,0.6188974024257361,0.41865966,0.18687837,True,True
chr20:63103254-63103854|1,1,0.693734161227618,0.26897123,0.41459006,False,True
chr21:24576000-24576600|0,0,0.4333117376790586,0.36814997,0.029423887,True,True
chr21:27846000-27846600|0,0,0.39443111367527434,0.38080135,0.17332926,True,True
chr21:32366454-32367054|1,1,0.5604838781807622,0.52994144,0.98496616,True,True
chr21:10606000-10606600|0,0,0.47997945756132887,0.682823,0.59309775,True,True
chr20:47309903-47310503|1,1,0.5592801195623248,0.9138795,0.9954521,True,True
chr20:52315000-52315600|0,0,0.5247340660864701,0.4663705,0.29884747,True,True
chr20:58483000-58483600|0,0,0.5834464573072654,0.5256611,0.36243534,True,True
chr20:34480298-34480898|1,1,0.45381440121170397,0.3028367,0.9586414,True,True
chr20:360000-360600|0,0,0.6298598534912372,0.52475655,0.38259104,True,True
chr20:51684000-51684600|0,0,0.5260429029973815,0.24685119,0.043149892,True,True
chr20:10915000-10915600|0,0,0.5275500174599528,0.29368955,0.1690046,True,True
chr21:25897372-25897972|1,1,0.43122441845455245,0.68398064,0.975004,True,True
chr21:40921000-40921600|0,0,0.6164355816564009,0.747552,0.599944,True,True
chr21:46693000-46693600|0,0,0.470778352807697,0.29599008,0.5158077,True,True
chr20:50741000-50741600|0,0,0.5845970569935035,0.5453297,0.15063831,True,True
chr20:61429000-61429600|0,0,0.5033036338757164,0.76388204,0.19911075,True,True
chr21:6903000-6903600|0,0,0.5203363950359242,0.39187455,0.48370045,True,True
chr21:41435536-41436136|1,1,0.5876413547979981,0.7711412,0.9727323,True,True
chr20:33214836-33215436|1,1,0.6077945814970257,0.52919483,0.24426013,False,True
chr21:16625293-16625893|1,1,0.3776523462186487,0.39064246,0.29836893,True,True
chr20:20759000-20759600|0,0,0.5225008381421562,0.51601756,0.15876362,True,True
chr21:32336856-32337456|1,1,0.6635567329452987,0.22945671,0.9593503,False,True
chr20:49263182-49263782|1,1,0.5589280154178938,0.7535453,0.97114605,True,True
chr20:26723000-26723600|0,0,0.47049901566585667,0.08376715,0.0060460432,True,True
chr21:41858927-41859527|1,1,0.7068659808220388,0.91934013,0.6597497,False,True
chr20:41238495-41239095|1,1,0.4438982642200774,0.4037662,0.35779634,True,True
chr20:38521196-38521796|1,1,0.4503880025755187,0.6262008,0.99061614,True,True
chr20:16612000-16612600|0,0,0.574254913330132,0.4447746,0.3390817,True,True
chr21:31700870-31701470|1,1,0.40910416492963,0.37774006,0.9739948,True,True
chr20:1787807-1788407|1,1,0.4894420957205416,0.59035194,0.4543998,True,True
chr21:30555000-30555600|0,0,0.3616885281605657,0.48678577,0.045763765,False,False
chr20:43396000-43396600|0,0,0.505421514531594,0.055496003,0.00021897702,True,True
chr21:40438000-40438600|0,0,0.48180687906645425,0.4772911,0.2410341,True,True
chr21:29598636-29599236|1,1,0.43637845252607377,0.6861644,0.96896076,True,True
chr21:17108000-17108600|0,0,0.4528501276055533,0.43134627,0.13515127,True,True
chr20:55024000-55024600|0,0,0.44205318705573965,0.56188554,0.43300995,True,True
chr20:48864000-48864600|0,0,0.44840933779438,0.53097665,0.36988518,True,True
chr20:45952220-45952820|1,1,0.6777734750321002,0.75624716,0.99934024,False,True
chr20:28084000-28084600|0,0,0.46921995125965293,0.07467838,0.00011400503,True,True
chr20:23309000-23309600|0,0,0.7036853711660265,0.15259193,0.1317393,True,True
chr21:28741000-28741600|0,0,0.49131612087736853,0.22846147,0.19806698,True,True
chr20:33097316-33097916|1,1,0.6372517360141494,0.5255014,0.9603202,True,True
chr21:31357010-31357610|1,1,0.5267427068065702,0.4115908,0.10399769,True,True
chr21:9753000-9753600|0,0,0.5033563182277044,0.7169093,0.34991917,True,True
chr21:15847362-15847962|1,1,0.4438354255570767,0.6129844,0.48933563,True,True
chr20:526641-527241|1,1,0.5122472313089246,0.08569007,0.05458676,True,True
chr20:1810373-1810973|1,1,0.5930986278796024,0.40039176,0.48929903,True,True
chr20:50954984-50955584|1,1,0.38544173054824904,0.6575191,0.9952265,True,True
chr21:29027572-29028172|1,1,0.3781763481363379,0.42003205,0.6000195,True,True
chr21:16945000-16945600|0,0,0.5225008381421562,0.582761,0.36241508,True,True
chr20:26285000-26285600|0,0,0.4499397563772447,0.04225933,0.005592979,True,True
chr21:44417626-44418226|1,1,0.7083897949005129,0.45457196,0.9902975,False,True
chr21:37465000-37465600|0,0,0.4396290429886376,0.53213775,0.3427148,True,True
chr21:44972896-44973496|1,1,0.7264397145252665,0.61922646,0.4377259,False,True
chr21:30684000-30684600|0,0,0.5111955532637161,0.33793843,0.03935493,True,True
chr21:24036000-24036600|0,0,0.4383678768739059,0.4503562,0.03315632,True,True
chr20:41415337-41415937|1,1,0.5901568589194662,0.43717292,0.9947915,True,True
chr21:45492234-45492834|1,1,0.6813982865580134,0.9632282,0.99637234,False,True
chr20:62242020-62242620|1,1,0.5527701698293492,0.60984087,0.990042,True,True
chr20:13369000-13369600|0,0,0.4953432407045744,0.13844697,0.22791246,True,True
chr20:50186119-50186719|1,1,0.6149149743732573,0.5630336,0.68837523,True,True
chr21:16555646-16556246|1,1,0.46139022055271445,0.3655804,0.1437831,True,True
chr20:61705000-61705600|0,0,0.6667519872928027,0.7838502,0.36331937,True,True
chr21:21441000-21441600|0,0,0.3830229201827458,0.6797814,0.8171229,True,True
chr21:23318000-23318600|0,0,0.6258549351465772,0.6311708,0.051454887,True,True
chr20:18636000-18636600|0,0,0.43423003533640153,0.54696727,0.52609265,True,True
chr20:31870821-31871421|1,1,0.6488306981284301,0.6988715,0.6871614,False,True
chr20:29663000-29663600|0,0,0.44851762376113985,0.60031044,0.17714794,True,True
chr20:63790489-63791089|1,1,0.6956827099540915,0.9765205,0.99345523,False,True
chr21:43658019-43658619|1,1,0.6771732889017333,0.78036875,0.51933813,False,True
chr21:44390603-44391203|1,1,0.6507695683531163,0.82829165,0.9803547,True,True
chr20:38382549-38383149|1,1,0.48096643012065404,0.75443816,0.34582996,True,True
chr20:33059077-33059677|1,1,0.6511032894518707,0.2778446,0.9198966,False,True
chr20:4987000-4987600|0,0,0.5513522884375959,0.7319203,0.7889925,True,True
chr20:16525904-16526504|1,1,0.41958708028207775,0.4492159,0.46115598,True,True
chr21:19711000-19711600|0,0,0.4574436355355713,0.5827205,0.04475248,True,True
chr21:40055539-40056139|1,1,0.4699006423452804,0.68556905,0.9862234,True,True
chr21:7921000-7921600|0,0,0.46942007868316044,0.03816322,0.0002224821,True,True
chr20:55426259-55426859|1,1,0.41898798155111583,0.35008356,0.25942552,True,True
chr20:21530019-21530619|1,1,0.5269900475299876,0.9551711,0.727865,True,True
chr20:48333000-48333600|0,0,0.52403992431489,0.5398124,0.5092451,True,True
chr21:29996000-29996600|0,0,0.49862487892045565,0.17670968,0.107845925,True,True
chr20:62318349-62318949|1,1,0.7530749775840031,0.87322634,0.9967873,False,True
chr20:6498000-6498600|0,0,0.48025671442278683,0.7217712,0.46466303,True,True
chr20:35927479-35928079|1,1,0.5692922404907589,0.7240272,0.5448357,True,True
chr20:15261000-15261600|0,0,0.4213993894755162,0.21781246,0.22765851,True,True
chr20:57215207-57215807|1,1,0.6292758749662437,0.7721027,0.45824555,False,True
chr20:43393000-43393600|0,0,0.5814016514968534,0.2847207,0.14148936,True,True
chr20:63831000-63831600|0,0,0.8697168029253215,0.29632464,0.12282945,False,True
chr20:57373174-57373774|1,1,0.5249588317314117,0.92001766,0.9981211,True,True
chr20:46729052-46729652|1,1,0.5978888898788525,0.6669056,0.998572,True,True
chr20:55336000-55336600|0,0,0.3811934494936936,0.30769402,0.022805786,True,True
chr21:13639214-13639814|1,1,0.4199526275804119,0.52079743,0.3074848,True,True
chr21:40795000-40795600|0,0,0.5254588338673342,0.17530474,0.26247767,True,True
chr20:26870000-26870600|0,0,0.4838913930774232,0.10450909,1.9267383e-05,True,True
chr21:34234000-34234600|0,0,0.5559272136495461,0.36365736,0.26264772,True,True
chr21:21726792-21727392|1,1,0.3757714669330014,0.6897224,0.45321882,True,True
chr20:63540698-63541298|1,1,0.7420014651800463,0.93806565,0.9989857,True,True
chr20:45957379-45957979|1,1,0.6893720352883819,0.8173687,0.99499184,True,True
chr20:50012000-50012600|0,0,0.6129034041132218,0.58422625,0.15534486,True,True
chr20:53196063-53196663|1,1,0.48141649968186495,0.65229887,0.23852654,True,True
chr21:44144520-44145120|1,1,0.6440387067940399,0.9571631,0.9982632,False,True
chr20:42891000-42891600|0,0,0.5268032896332858,0.31026217,0.4942031,True,True
chr21:9801000-9801600|0,0,0.5106117784941461,0.030938622,0.41455498,True,True
chr20:20074001-20074601|1,1,0.5265378506293314,0.745187,0.9201552,True,True
chr20:8699000-8699600|0,0,0.5241910321885366,0.7219878,0.5571544,True,True
chr20:57111000-57111600|0,0,0.547944939787539,0.38458535,0.31540844,True,True
chr20:56015000-56015600|0,0,0.5545413127226454,0.78706783,0.1374515,True,True
chr21:41991588-41992188|1,1,0.5774795139233444,0.88055074,0.9622624,True,True
chr20:1630005-1630605|1,1,0.6481672521029518,0.70917284,0.93087333,False,True
chr20:5448413-5449013|1,1,0.5564616458923435,0.804206,0.81045663,True,True
chr20:35288284-35288884|1,1,0.7193499054964769,0.69291323,0.9909897,False,True
chr20:7399000-7399600|0,0,0.43928858347223204,0.59878474,0.31891882,True,True
chr21:10471000-10471600|0,0,0.4439973072987491,0.20197298,0.10027213,True,True
chr20:50021000-50021600|0,0,0.38437469906435173,0.32540256,0.2638143,True,True
chr20:3594178-3594778|1,1,0.5437493387131145,0.6169267,0.91455364,True,True
chr20:53915000-53915600|0,0,0.5555692436062097,0.5950051,0.4456973,True,True
chr20:18009000-18009600|0,0,0.5303097327731153,0.823053,0.6603474,True,True
chr20:3264223-3264823|1,1,0.5575916138398336,0.6682774,0.3774199,True,True
chr20:62132989-62133589|1,1,0.7009764022634196,0.91020375,0.95900494,False,True
chr20:3717000-3717600|0,0,0.6158340555647219,0.21429051,0.2033001,True,True
chr20:47736641-47737241|1,1,0.69125970775306,0.9234821,0.9985216,True,True
chr20:37996161-37996761|1,1,0.5625667440269327,0.8193319,0.99355066,True,True
chr21:38237113-38237713|1,1,0.5430165889049718,0.44296804,0.35388163,True,True
chr20:7291000-7291600|0,0,0.46423519399662466,0.20158288,0.17925453,True,True
chr20:7069000-7069600|0,0,0.44309122856130834,0.29016748,0.30238155,True,True
chr20:50162794-50163394|1,1,0.5692922404907589,0.5952788,0.3231704,True,True
chr20:56450298-56450898|1,1,0.5719120479994162,0.569637,0.7742146,True,True
chr20:57072000-57072600|0,0,0.6137815492903917,0.38591692,0.42634973,True,True
chr20:64076345-64076945|1,1,0.7382910913944345,0.759337,0.99089116,False,True
chr20:187817-188417|1,1,0.5147179832550626,0.44699055,0.18150292,True,True
chr20:8810000-8810600|0,0,0.44868913818924944,0.62213445,0.62907463,True,True
chr21:46075000-46075600|0,0,0.48014005351655864,0.112716295,0.07724723,True,True
chr20:35547111-35547711|1,1,0.5732388287298587,0.6283782,0.9820426,True,True
chr20:17459000-17459600|0,0,0.4574134243100536,0.25848654,0.14010534,True,True
chr20:49864438-49865038|1,1,0.5042813656784219,0.74044824,0.98375285,True,True
chr20:58792000-58792600|0,0,0.60810748553625,0.65361834,0.8369928,True,True
chr20:37223577-37224177|1,1,0.5007121994749838,0.7912319,0.97569615,True,True
chr21:11219000-11219600|0,0,0.4598559948034621,0.10391977,0.00014838544,True,True
chr21:9264000-9264600|0,0,0.4924214869545044,0.20697396,0.042575147,True,True
chr20:35049693-35050293|1,1,0.46315929469228256,0.6461034,0.95474434,True,True
chr21:39390397-39390997|1,1,0.5951786400118078,0.8152581,0.9940587,True,True
chr20:48921000-48921600|0,0,0.6998093115069624,0.59731686,0.5395157,True,True
chr21:29174411-29175011|1,1,0.4690901528059244,0.7567349,0.99464816,True,True
chr21:37864000-37864600|0,0,0.5403538173850915,0.42348263,0.1310357,True,True
chr21:25420499-25421099|1,1,0.4765912401400754,0.5381387,0.84159166,True,True
chr20:62303267-62303867|1,1,0.748049214667509,0.9568823,0.9529608,True,True
chr20:50867000-50867600|0,0,0.5453952437199773,0.22741932,0.18249606,True,True
chr20:47286983-47287583|1,1,0.4993598409537481,0.6457718,0.66949034,True,True
chr20:33366707-33367307|1,1,0.49812809228355864,0.4471856,0.96466994,True,True
chr20:34732294-34732894|1,1,0.48688477596384594,0.40091896,0.36832726,True,True
chr20:57342428-57343028|1,1,0.41846833910353864,0.708182,0.81835175,True,True
chr20:63079691-63080291|1,1,0.6286915182334518,0.6390474,0.2508078,False,True
chr21:38252000-38252600|0,0,0.4807440785927874,0.2511693,0.113058195,True,True
chr20:13728164-13728764|1,1,0.47425961483772405,0.59731364,0.75928617,True,True
chr20:13931470-13932070|1,1,0.3482355363975155,0.5200067,0.9188417,True,True
chr20:23009968-23010568|1,1,0.5949224010781897,0.6537164,0.94353974,False,True
chr20:35708955-35709555|1,1,0.43010004520196954,0.33571443,0.28495616,True,True
chr20:62264328-62264928|1,1,0.5597196742889707,0.7067001,0.65689933,True,True
chr20:38687000-38687600|0,0,0.4467722526841593,0.4578514,0.047610927,True,True
chr20:56162000-56162600|0,0,0.4892943862286794,0.5600712,0.33189553,True,True
chr21:7690000-7690600|0,0,0.43036654345336106,0.7294497,0.4497277,True,True
chr21:28585000-28585600|0,0,0.4685998135413051,0.109463915,0.03440573,True,True
chr21:14642832-14643432|1,1,0.4333731943424888,0.3553315,0.9931344,True,True
chr21:43684252-43684852|1,1,0.5594930095196501,0.5388921,0.9711562,True,True
chr20:62273008-62273608|1,1,0.5936897498981344,0.86927664,0.7105228,False,True
chr20:54585000-54585600|0,0,0.45851245229216925,0.28495157,0.15538493,True,True
chr20:14165000-14165600|0,0,0.5740213721480053,0.50834626,0.18493457,True,True
chr21:32492000-32492600|0,0,0.5910826702218217,0.4034412,0.70951235,True,True
chr21:29352278-29352878|1,1,0.5683139822235062,0.157548,0.15627067,True,True
chr20:60600000-60600600|0,0,0.5724063138042655,0.26386845,0.054816343,True,True
chr20:34588306-34588906|1,1,0.47013765482629893,0.8061413,0.93588,True,True
chr21:42120786-42121386|1,1,0.6109691809566279,0.8602469,0.9875628,True,True
chr20:58369000-58369600|0,0,0.5675730728945603,0.41494954,0.13108031,True,True
chr21:29372134-29372734|1,1,0.499787578969107,0.8051939,0.8955182,True,True
chr21:45128101-45128701|1,1,0.5359219951819157,0.92583996,0.8424445,True,True
chr20:54612000-54612600|0,0,0.48773358459887345,0.4658641,0.09692935,True,True
chr20:17481283-17481883|1,1,0.6140518116936525,0.7834644,0.99885035,True,True
chr20:21160647-21161247|1,1,0.47786158600801676,0.21394567,0.07361908,True,True
chr20:44372708-44373308|1,1,0.5499335718454107,0.567647,0.49049085,True,True
chr21:25751688-25752288|1,1,0.41114828774350337,0.657388,0.994609,True,True
chr20:1895138-1895738|1,1,0.7629468613024526,0.71714854,0.4241263,True,True
chr21:33516840-33517440|1,1,0.5007121994749838,0.7573006,0.9481237,True,True
chr21:32330000-32330600|0,0,0.4252639606756387,0.5219923,0.18273053,True,True
chr20:36378000-36378600|0,0,0.5765057944775447,0.6345371,0.37843594,True,True
chr20:49360000-49360600|0,0,0.5631893507873702,0.30318332,0.15403369,True,True
chr20:1125197-1125797|1,1,0.5501272350887307,0.8648694,0.986112,True,True
chr20:57300000-57300600|0,0,0.5304466274698015,0.77440953,0.68372655,True,True
chr20:1141000-1141600|0,0,0.39391764553173,0.37354356,0.12051963,True,True
chr21:40426000-40426600|0,0,0.5143207473844271,0.40771598,0.25336915,True,True
chr20:61743262-61743862|1,1,0.6611332366251544,0.9206832,0.9939314,False,True
chr20:38018843-38019443|1,1,0.469821574731011,0.35447726,0.07075661,True,True
chr20:5672000-5672600|0,0,0.5574959307234854,0.4645997,0.16041389,True,True
chr21:32000000-32000600|0,0,0.5854765174310215,0.86968523,0.948444,True,True
chr20:21396232-21396832|1,1,0.7958796944069998,0.78409034,0.99490815,True,True
chr21:18138000-18138600|0,0,0.36224618073266657,0.63057286,0.63012046,False,False
chr20:4096000-4096600|0,0,0.46951465864463976,0.29210088,0.0641061,True,True
chr20:20483000-20483600|0,0,0.5195750935378551,0.90789455,0.38275582,True,True
chr20:60006412-60007012|1,1,0.6152198520491177,0.42271397,0.4545683,False,True
chr20:1982802-1983402|1,1,0.627521676013938,0.49073812,0.88555723,False,True
chr20:840000-840600|0,0,0.6219447099705732,0.57914764,0.21903126,True,True
chr21:17126000-17126600|0,0,0.5442349807725335,0.26991597,0.0077122697,True,True
chr21:31867000-31867600|0,0,0.542463249694663,0.86910427,0.52774405,True,True
chr21:35231000-35231600|0,0,0.49787260217130946,0.63953286,0.2232993,True,True
chr21:11852000-11852600|0,0,0.46539015148524043,0.06099778,9.830345e-05,True,True
chr20:60300000-60300600|0,0,0.5569999421785193,0.912982,0.6720489,True,True
chr20:17615228-17615828|1,1,0.7309220130590506,0.7206515,0.8680873,True,True
chr20:5411000-5411600|0,0,0.5096110111538759,0.7415863,0.46943015,True,True
chr20:10037957-10038557|1,1,0.43036654345336106,0.546115,0.99815696,True,True
chr20:33385469-33386069|1,1,0.5224872676742567,0.5148241,0.9820192,True,True
chr20:10189851-10190451|1,1,0.4736283056108885,0.13912386,0.18809986,True,True
chr20:21708257-21708857|1,1,0.6662477445332589,0.81815183,0.9565652,False,True
chr20:43627000-43627600|0,0,0.5095696348575651,0.4452552,0.091914445,True,True
chr20:62798286-62798886|1,1,0.6645479539021782,0.8881242,0.9136364,False,True
chr20:54165532-54166132|1,1,0.47382922603030975,0.66797036,0.98096263,True,True
chr21:28831000-28831600|0,0,0.5134817050638714,0.14866214,0.43492782,True,True
chr20:33873000-33873600|0,0,0.5736060250045333,0.42788646,0.3043252,True,True
chr21:42375567-42376167|1,1,0.6793252753135758,0.8435936,0.97651947,False,True
chr20:19147000-19147600|0,0,0.5004816387086323,0.51006866,0.08351346,True,True
chr20:47187752-47188352|1,1,0.6582457928281831,0.79800355,0.83895516,True,True
chr20:32930097-32930697|1,1,0.6188710048769321,0.7409146,0.985319,True,True
chr21:14824114-14824714|1,1,0.42868767611010045,0.36648753,0.53286874,True,True
chr20:4498000-4498600|0,0,0.4434495706130138,0.1640901,0.022251721,True,True
chr21:37489874-37490474|1,1,0.4508043686692679,0.81669533,0.9916857,True,True
chr20:39171000-39171600|0,0,0.5226197188196628,0.13566956,0.1798004,True,True
chr20:56090000-56090600|0,0,0.4888814928738817,0.42997265,0.5691298,True,True
chr20:14085320-14085920|1,1,0.35308853168299775,0.53173715,0.9439603,True,True
chr21:11153000-11153600|0,0,0.4710784866097283,0.07989243,0.0014019775,True,True
chr21:7990000-7990600|0,0,0.4560647870863914,0.18160455,0.004806214,False,True
chr20:60468000-60468600|0,0,0.5248046589548403,0.8526921,0.61955494,True,True
chr21:33177000-33177600|0,0,0.573649774265504,0.50733894,0.18941592,True,True
chr21:46136193-46136793|1,1,0.6557890611811839,0.709026,0.6259196,False,True
chr21:16181290-16181890|1,1,0.4043032466406259,0.6259009,0.8414533,True,True
chr21:39028398-39028998|1,1,0.6212414028031418,0.5532573,0.6669447,True,True
chr21:42685891-42686491|1,1,0.6812195141750688,0.97650015,0.98751754,False,True
chr21:28771000-28771600|0,0,0.5170740756583648,0.35077497,0.19504812,True,True
chr20:32079473-32080073|1,1,0.6271813270083619,0.7669428,0.8518015,True,True
chr20:35655043-35655643|1,1,0.5230170755985194,0.6760295,0.9981034,True,True
chr20:39924000-39924600|0,0,0.38992501265876783,0.3479903,0.2295365,True,True
chr20:10717000-10717600|0,0,0.5171579495016818,0.6365465,0.29268166,True,True
chr20:1127125-1127725|1,1,0.4920600574783205,0.55334455,0.9729375,True,True
chr20:64195612-64196212|1,1,0.49422191862125,0.36859378,0.36881095,True,True
chr20:40318000-40318600|0,0,0.5092299831766657,0.366677,0.15155534,True,True
chr21:18027571-18028171|1,1,0.4764728374431954,0.5045833,0.25376326,True,True
chr20:5630000-5630600|0,0,0.49875753137701917,0.3599376,0.5791039,True,True
chr20:43891000-43891600|0,0,0.46909765531158926,0.14296532,0.04666071,True,True
chr20:5106009-5106609|1,1,0.5302234405072855,0.24492411,0.6952138,True,True
chr21:30726000-30726600|0,0,0.46866777503328116,0.2853668,0.28662217,True,True
chr20:31489000-31489600|0,0,0.530261537849837,0.16222097,0.034579944,True,True
chr20:48051776-48052376|1,1,0.5537802014319668,0.47484532,0.513147,True,True
chr21:20882000-20882600|0,0,0.39995486880787845,0.406591,0.14555041,False,True
chr21:34147000-34147600|0,0,0.581030012495046,0.44777155,0.4713979,True,True
chr21:17258000-17258600|0,0,0.39908499126955577,0.45621046,0.15278044,True,True
chr21:43525000-43525600|0,0,0.5159249943076036,0.3780037,0.17988537,True,True
chr20:723000-723600|0,0,0.6477519703715905,0.84080803,0.6390373,True,True
chr20:63915000-63915600|0,0,0.5522410830378915,0.83732104,0.44364837,True,True
chr20:42741000-42741600|0,0,0.5444542839607203,0.20217186,0.3187621,True,True
chr21:42010920-42011520|1,1,0.6982536208611423,0.94003654,0.44877058,False,True
chr20:17969500-17970100|1,1,0.5213462414508382,0.8891237,0.9790035,True,True
chr20:53015000-53015600|0,0,0.5484617757113199,0.3569562,0.22963744,True,True
chr21:14351000-14351600|0,0,0.5042813656784219,0.48509678,0.27022856,True,True
chr20:2102467-2103067|1,1,0.7598648109668429,0.8730416,0.9217683,False,True
chr20:32780017-32780617|1,1,0.6993543725684256,0.6131783,0.986289,True,True
chr20:38217173-38217773|1,1,0.7016421965480315,0.76171017,0.991581,False,True
chr20:50075000-50075600|0,0,0.5088251183299612,0.2496581,0.098407455,True,True
chr21:30069000-30069600|0,0,0.4282694463129937,0.21221934,0.036170155,True,True
chr21:33426583-33427183|1,1,0.4990895663210722,0.4354527,0.6977585,True,True
chr20:18210000-18210600|0,0,0.641313809600675,0.01033176,0.004160673,True,True
chr20:58698383-58698983|1,1,0.7014130847689909,0.8615489,0.93089896,False,True
chr21:35786000-35786600|0,0,0.43104725315302267,0.40363216,0.18409503,True,True
chr21:11987000-11987600|0,0,0.4552064031578286,0.1175175,0.00013702406,True,True
chr20:47226980-47227580|1,1,0.5775160882885919,0.6886599,0.9541855,True,True
chr20:34637684-34638284|1,1,0.5351533985059639,0.62783724,0.97557914,True,True
chr20:61045000-61045600|0,0,0.5871971567373592,0.067714036,0.036593515,True,True
chr21:29763277-29763877|1,1,0.520191416646484,0.36404455,0.9253123,True,True
chr21:41024000-41024600|0,0,0.5490369046772589,0.6187532,0.74869233,True,True
chr21:21972941-21973541|1,1,0.39977306047877903,0.5204401,0.98903614,True,True
chr21:25729500-25730100|1,1,0.4628109068193019,0.68202716,0.9957664,True,True
chr20:9222000-9222600|0,0,0.47143340333742834,0.46759778,0.29677892,True,True
chr21:32885631-32886231|1,1,0.556881786228172,0.39398187,0.2958114,True,True
chr21:39357000-39357600|0,0,0.4184967568146751,0.5071,0.048075687,True,True
chr20:35759000-35759600|0,0,0.5641400975500357,0.20413357,0.09696997,True,True
chr20:43646635-43647235|1,1,0.4571209614152841,0.52560186,0.5651932,True,True
chr21:29348000-29348600|0,0,0.5031461103980136,0.31666842,0.40187943,True,True
chr20:33372396-33372996|1,1,0.45638890016539996,0.33157137,0.93493533,True,True
chr21:31345000-31345600|0,0,0.40869844203190536,0.42175707,0.21459918,True,True
chr21:17228000-17228600|0,0,0.4190306408685783,0.18665524,0.025373157,True,True
chr21:44300000-44300600|0,0,0.8427234455216472,0.63638586,0.9251049,False,True
chr20:37737077-37737677|1,1,0.530633003291305,0.45721316,0.29626244,True,True
chr20:1375128-1375728|1,1,0.5053209991042026,0.8374266,0.9440588,True,True
chr20:2399260-2399860|1,1,0.592193995043321,0.97319216,0.98910123,True,True
chr20:49489000-49489600|0,0,0.545138606824908,0.35724118,0.2569622,True,True
chr20:15318000-15318600|0,0,0.39546236577616234,0.26679668,0.06512465,True,True
chr20:57528000-57528600|0,0,0.4556476694575756,0.44779995,0.18222621,True,True
chr21:39462074-39462674|1,1,0.4333117376790586,0.59094083,0.9920941,True,True
chr21:15981000-15981600|0,0,0.5282067604763054,0.1878215,0.0053685056,True,True
chr20:8450000-8450600|0,0,0.4213889350760496,0.39899263,0.47366056,True,True
chr20:33848166-33848766|1,1,0.6085263143389271,0.93440586,0.9840544,True,True
chr21:35831000-35831600|0,0,0.5635956959149169,0.23970807,0.31990156,True,True
chr20:36723000-36723600|0,0,0.5127540686174193,0.21026243,0.18047373,True,True
chr20:19053269-19053869|1,1,0.5739092257735857,0.2507532,0.39526376,True,True
chr21:21543000-21543600|0,0,0.38080060591449066,0.37676957,0.28212556,True,True
chr20:8738960-8739560|1,1,0.4665190837687663,0.5906411,0.97671926,True,True
chr20:45369000-45369600|0,0,0.43039771115644476,0.7555545,0.5695106,True,True
chr20:64022456-64023056|1,1,0.6024618514999359,0.599474,0.9895761,True,True
chr21:14957000-14957600|0,0,0.4854040753498566,0.39685956,0.14270873,True,True
chr20:8372000-8372600|0,0,0.3693786910755971,0.6462932,0.66092986,True,True
chr20:32706319-32706919|1,1,0.5481511059318509,0.3777945,0.84797716,True,True
chr21:20069000-20069600|0,0,0.39143869240547413,0.4365695,0.47511426,True,True
chr20:52674084-52674684|1,1,0.5331426385611199,0.37880608,0.490531,True,True
chr20:40897000-40897600|0,0,0.5852625205370544,0.61463135,0.7208811,True,True
chr21:5565824-5566424|1,1,0.4506729998655168,0.25686595,0.057259846,True,True
chr21:43399000-43399600|0,0,0.7572293107374426,0.8626114,0.42766553,True,True
chr20:4912677-4913277|1,1,0.6237094241948841,0.85407794,0.9331035,True,True
chr20:3585000-3585600|0,0,0.49697054199721763,0.36384687,0.25498733,True,True
chr20:9705000-9705600|0,0,0.4510054683763797,0.28107914,0.10532301,True,True
chr20:10656157-10656757|1,1,0.5127540686174193,0.795343,0.72638,True,True
chr20:38013556-38014156|1,1,0.5601161796553892,0.61970145,0.9658767,True,True
chr20:63444533-63445133|1,1,0.72115004835342,0.94156045,0.99473804,False,True
chr21:15192137-15192737|1,1,0.4785822035297961,0.2703186,0.3582108,True,True
chr20:648616-649216|1,1,0.617379506696913,0.66526264,0.9977239,True,True
chr21:43028401-43029001|1,1,0.5362706596535957,0.8117926,0.9244488,True,True
chr21:39511379-39511979|1,1,0.559842446918002,0.35306892,0.60012186,True,True
chr21:20045000-20045600|0,0,0.6494948991592745,0.31260112,0.040853117,True,True
chr20:35917183-35917783|1,1,0.542864737215594,0.9011954,0.9932029,True,True
chr20:45681000-45681600|0,0,0.5499773691852681,0.12358649,0.20894495,True,True
chr20:28993000-28993600|0,0,0.4386645866225773,0.05521151,0.043900814,False,True
chr20:44726786-44727386|1,1,0.6523569789689073,0.9057776,0.9926186,False,True
chr20:38465000-38465600|0,0,0.5672697480453773,0.43809405,0.12546447,True,True
chr20:27636000-27636600|0,0,0.46366529457352307,0.07589596,0.0005367177,True,True
chr20:51666000-51666600|0,0,0.5882943483065514,0.65956396,0.12911548,True,True
chr20:2663265-2663865|1,1,0.6248507831859257,0.7059678,0.9988483,False,True
chr20:46354664-46355264|1,1,0.6673335269623178,0.9390306,0.99931633,True,True
chr20:49810000-49810600|0,0,0.5472775275883572,0.31591895,0.2708088,True,True
chr20:49482345-49482945|1,1,0.8001451257072515,0.9134013,0.99161726,False,True
chr20:46846000-46846600|0,0,0.6048531402541452,0.49858388,0.19741826,True,True
chr20:60474000-60474600|0,0,0.5096786948001913,0.43653724,0.2088167,True,True
chr21:18265653-18266253|1,1,0.4028163177627192,0.431481,0.3243836,True,True
chr20:33399000-33399600|0,0,0.5202143336541087,0.36869568,0.090800755,True,True
chr20:22274245-22274845|1,1,0.46164549739737376,0.827969,0.3686977,True,True
chr20:57652297-57652897|1,1,0.7469329226285143,0.92421657,0.9962786,False,True
chr20:7663000-7663600|0,0,0.4744746779998795,0.06113102,0.0056844135,True,True
chr21:17767397-17767997|1,1,0.49902891916483305,0.7233115,0.43251324,True,True
chr20:58238010-58238610|1,1,0.45499950297935665,0.5927334,0.85140055,True,True
chr20:3289916-3290516|1,1,0.508445571883412,0.20759223,0.77353936,True,True
chr21:9570000-9570600|0,0,0.6242366823152823,0.72626793,0.7107244,True,True
chr20:20643248-20643848|1,1,0.370841240118921,0.49690464,0.75528526,True,True
chr20:32696000-32696600|0,0,0.5868630223590481,0.2135783,0.1475747,True,True
chr20:372000-372600|0,0,0.6287228832708772,0.3439168,0.6324021,True,True
chr21:12219000-12219600|0,0,0.4527759645337467,0.058142535,0.0023040387,True,True
chr21:36633269-36633869|1,1,0.5371270136977895,0.4671802,0.2548886,True,True
chr20:28192000-28192600|0,0,0.4760391997388617,0.03707907,0.00034291044,True,True
chr21:27444000-27444600|0,0,0.580397315540369,0.23368627,0.15903735,True,True
chr21:26382224-26382824|1,1,0.5139310023279179,0.45848057,0.27261367,True,True
chr21:19258000-19258600|0,0,0.3268505829077667,0.17351778,0.73207,True,True
chr20:48966000-48966600|0,0,0.4229858522773598,0.7105126,0.24871412,True,True
chr20:16777000-16777600|0,0,0.47391170353605366,0.6028919,0.5563595,True,True
chr20:59931853-59932453|1,1,0.5076429856727075,0.786667,0.77758265,True,True
chr21:37492716-37493316|1,1,0.40771847527999727,0.37686822,0.9630638,True,True
chr20:20052421-20053021|1,1,0.6438721518687468,0.9731652,0.9539923,False,True
chr21:42807000-42807600|0,0,0.5740546722807264,0.5211594,0.14572081,True,True
chr21:34142107-34142707|1,1,0.4642317979443603,0.41942695,0.99034274,True,True
chr21:41186041-41186641|1,1,0.629014199723447,0.66016775,0.86362857,False,True
chr20:39786000-39786600|0,0,0.48474923000506287,0.19199431,0.2542648,True,True
chr20:900000-900600|0,0,0.5609777636687037,0.4706236,0.19619326,True,True
chr21:11117000-11117600|0,0,0.43349090284184705,0.07443167,0.022831496,True,True
chr21:46396964-46397564|1,1,0.5862525663254275,0.92598915,0.99885833,True,True
chr20:2795115-2795715|1,1,0.665732100654443,0.89211136,0.99975103,False,True
chr20:59515316-59515916|1,1,0.6555803026739668,0.86629003,0.51050335,False,True
chr21:43039000-43039600|0,0,0.6822309554827263,0.73210573,0.35097963,True,True
chr20:22414000-22414600|0,0,0.468793685469063,0.5974323,0.5546796,True,True
chr20:43921000-43921600|0,0,0.6140112284050837,0.67231625,0.60466164,True,True
chr21:7555000-7555600|0,0,0.4660897430445281,0.19328526,0.007662034,True,True
chr20:64024254-64024854|1,1,0.631603958400756,0.80840594,0.9827403,False,True
chr20:839154-839754|1,1,0.5854440416688282,0.82303613,0.826535,True,True
chr21:33291000-33291600|0,0,0.6125948855928551,0.11290948,0.09740266,True,True
chr21:33312000-33312600|0,0,0.4190306408685783,0.55969524,0.053093616,True,True
chr20:27096000-27096600|0,0,0.4732051759359185,0.038496036,3.579679e-05,True,True
chr21:21294000-21294600|0,0,0.3923179325754356,0.4089625,0.7279193,True,True
chr20:14471000-14471600|0,0,0.5767091088170903,0.3035365,0.06080557,True,True
chr20:44114575-44115175|1,1,0.6534683163594516,0.72372335,0.954056,True,True
chr20:11132000-11132600|0,0,0.43850047207435044,0.69903475,0.56822616,True,True
chr21:21870000-21870600|0,0,0.3954102378213488,0.15054995,0.05773212,True,True
chr20:5702000-5702600|0,0,0.6595600152386719,0.51774627,0.008128414,True,True
chr20:36442426-36443026|1,1,0.648429941167359,0.33982205,0.9214501,True,True
chr21:43475738-43476338|1,1,0.5255935234613013,0.24618055,0.18972574,True,True
chr20:8585000-8585600|0,0,0.5405366437922333,0.58262646,0.271274,True,True
chr21:38450000-38450600|0,0,0.47997945756132887,0.25044265,0.26812583,True,True
chr21:18294143-18294743|1,1,0.4892686508575418,0.81353813,0.97278744,True,True
chr20:12465000-12465600|0,0,0.43570207497998503,0.36652008,0.11307608,False,True
chr20:39057000-39057600|0,0,0.5702187446598823,0.8037543,0.6205592,True,True
chr21:23961287-23961887|1,1,0.5305716322568979,0.7367707,0.6414387,True,True
chr21:29987000-29987600|0,0,0.3697539948727741,0.39513043,0.016729103,False,False
chr20:8736727-8737327|1,1,0.4150959818064199,0.22864659,0.9477735,True,True
chr21:9343207-9343807|1,1,0.5482250994065433,0.36007833,0.43113202,True,True
chr20:29423000-29423600|0,0,0.496717923108354,0.4671841,0.8062355,True,True
chr20:4069973-4070573|1,1,0.5151434331024642,0.63645846,0.09169908,True,True
chr20:51004505-51005105|1,1,0.7441259744954345,0.93874377,0.9970408,False,True
chr20:32532115-32532715|1,1,0.5720340011627428,0.39980456,0.7987092,True,True
chr20:7972000-7972600|0,0,0.5330794440151118,0.331722,0.3178828,True,True
chr21:10555000-10555600|0,0,0.5097724066482858,0.16695091,0.07215307,True,True
chr21:7936000-7936600|0,0,0.4947314615285658,0.0159631,0.0018378744,True,True
chr21:32363028-32363628|1,1,0.5995602965142047,0.6787519,0.9952708,True,True
chr20:2846000-2846600|0,0,0.5356821211226395,0.11950803,0.087059,True,True
chr20:59660000-59660600|0,0,0.5970030234384913,0.512488,0.13514411,True,True
chr20:5426915-5427515|1,1,0.4905099546615645,0.5045328,0.42127237,True,True
chr21:24906000-24906600|0,0,0.4800809004476922,0.45912752,0.1880218,True,True
chr21:7825000-7825600|0,0,0.5324898132357856,0.46660468,0.34999323,True,True
chr20:44418124-44418724|1,1,0.6353841047799689,0.5094622,0.8184745,False,True
chr21:36385759-36386359|1,1,0.6045423454264724,0.8682017,0.91673106,True,True
chr20:18894000-18894600|0,0,0.4258820935948672,0.12368537,0.040661525,True,True
chr20:33318000-33318600|0,0,0.6024618514999359,0.6652679,0.48289374,True,True
chr21:39780000-39780600|0,0,0.39201302791485626,0.4221448,0.23406336,True,True
chr20:2447000-2447600|0,0,0.5909031935215296,0.25919485,0.01959272,True,True
chr20:10907340-10907940|1,1,0.3925812363714018,0.2518897,0.3293455,True,True
chr20:4465000-4465600|0,0,0.45130644471241327,0.55929106,0.15338218,True,True
chr20:33714435-33715035|1,1,0.569978085914268,0.55382353,0.9740915,True,True
chr20:62828463-62829063|1,1,0.7319080419393914,0.78010523,0.98501796,False,True
chr20:1741181-1741781|1,1,0.49480583105692466,0.25015953,0.611851,True,True
chr20:58250651-58251251|1,1,0.48050995618371845,0.28458503,0.7541723,True,True
chr20:56093000-56093600|0,0,0.5078357203383326,0.10021934,0.069998056,True,True
chr20:34291230-34291830|1,1,0.6565165937146826,0.49170533,0.9187054,False,True
chr20:60154106-60154706|1,1,0.36241527527412926,0.36984903,0.059486736,True,True
chr20:44396000-44396600|0,0,0.5985261590674157,0.5958922,0.33459386,True,True
chr20:62642059-62642659|1,1,0.8149432936519927,0.8814741,0.65830135,True,True
chr21:33976084-33976684|1,1,0.6389209864850885,0.6450935,0.41056138,True,True
chr21:16798000-16798600|0,0,0.4286749561279591,0.57426906,0.29781774,True,True
chr21:24576000-24576600|0,0,0.4333117376790586,0.36814997,0.029423887,True,True
chr20:33644046-33644646|1,1,0.6439738310226398,0.85660774,0.99786454,False,True
chr21:32676054-32676654|1,1,0.4116655170333892,0.67811996,0.86261356,True,True
chr21:46243106-46243706|1,1,0.5974590502789794,0.67292845,0.95462304,True,True
chr21:15397683-15398283|1,1,0.5624463325982857,0.18047825,0.07292898,True,True
chr21:39981000-39981600|0,0,0.4696766958904142,0.5186943,0.63704425,True,True
chr20:10298967-10299567|1,1,0.46850956333651467,0.8190563,0.97733593,True,True
chr21:33984000-33984600|0,0,0.6198327886624514,0.8183369,0.5458497,True,True
chr20:3669069-3669669|1,1,0.6818466744058406,0.58297384,0.9034125,False,True
chr21:27768000-27768600|0,0,0.45325954443081984,0.13040873,0.041113216,True,True
chr21:23846000-23846600|0,0,0.5207151927239114,0.23790716,0.086969994,True,True
chr20:56882000-56882600|0,0,0.5548953766067124,0.5591618,0.35161656,True,True
chr20:61393000-61393600|0,0,0.6173315178495163,0.94461393,0.6525678,True,True
chr20:2963971-2964571|1,1,0.44959333056700435,0.40101874,0.9372024,True,True
chr20:11954000-11954600|0,0,0.49020808989710235,0.34991175,0.4342523,True,True
chr20:31813000-31813600|0,0,0.5251101356075901,0.19063006,0.20069131,True,True
chr20:8708369-8708969|1,1,0.4170567411645828,0.7117248,0.9473688,True,True
chr20:21612247-21612847|1,1,0.5410188656995574,0.59470284,0.67871845,True,True
chr20:30324525-30325125|1,1,0.5857721806376712,0.61360806,0.61601484,True,True
chr20:54960000-54960600|0,0,0.4558771834762995,0.4950736,0.07008687,False,True
chr21:42561777-42562377|1,1,0.6082662412448688,0.84410775,0.9577598,True,True
chr21:42528000-42528600|0,0,0.5524157790155028,0.77860487,0.5425642,True,True
chr20:32216308-32216908|1,1,0.6197517662230356,0.63330555,0.9347933,False,True
chr21:17835525-17836125|1,1,0.4402097081422057,0.55631965,0.99265784,True,True
chr20:23747598-23748198|1,1,0.6698868209817536,0.39138934,0.8329736,False,True
chr20:3369000-3369600|0,0,0.5228856508897199,0.42642692,0.17079285,True,True
chr20:63144446-63145046|1,1,0.43731703314509873,0.43753397,0.25298625,True,True
chr20:33813000-33813600|0,0,0.5377057948180186,0.5912952,0.45622644,True,True
chr20:23117000-23117600|0,0,0.5573722441106267,0.7330745,0.28846234,True,True
chr20:60354000-60354600|0,0,0.5060970033127977,0.7203115,0.48209256,True,True
chr20:6087582-6088182|1,1,0.41711429722730536,0.3117467,0.91905254,True,True
chr20:25906000-25906600|0,0,0.37782053464411886,0.14435402,0.05521712,True,True
chr20:34727106-34727706|1,1,0.4903281620522808,0.6169426,0.9796513,True,True
chr20:44006246-44006846|1,1,0.6669985286341379,0.7698497,0.994009,False,True
chr20:58045000-58045600|0,0,0.588394529617576,0.6600423,0.7292966,True,True
chr20:44762000-44762600|0,0,0.6438483935172941,0.46203756,0.50362283,True,True
chr20:45705562-45706162|1,1,0.5028303767036391,0.35333788,0.6932617,True,True
chr20:5084000-5084600|0,0,0.5529487606333939,0.2829648,0.071398064,True,True
chr20:64227114-64227714|1,1,0.670905579070153,0.875473,0.9631009,False,True
chr20:12474000-12474600|0,0,0.40135277345288295,0.24300376,0.14165214,True,True
chr21:11459000-11459600|0,0,0.4582967059669028,0.15274313,0.032580283,True,True
chr20:9562723-9563323|1,1,0.508445876588019,0.61426836,0.9880741,True,True
chr20:47648704-47649304|1,1,0.5429589519073647,0.65093154,0.9174735,True,True
chr20:9846000-9846600|0,0,0.39461612307344135,0.23631765,0.03287705,True,True
chr20:36255277-36255877|1,1,0.6675161512965128,0.85630083,0.98131704,False,True
chr20:50771000-50771600|0,0,0.632821307221511,0.23349473,0.1799038,True,True
chr21:46553868-46554468|1,1,0.6540753952582844,0.5358931,0.3659497,True,True
chr21:26503281-26503881|1,1,0.378160395687634,0.62947917,0.52972347,True,True
chr20:36682277-36682877|1,1,0.5236774563672397,0.73380643,0.67891306,True,True
chr20:35658681-35659281|1,1,0.47173278218238496,0.3634012,0.9027619,True,True
chr21:42777696-42778296|1,1,0.6134392880147858,0.8860783,0.6885355,True,True
chr21:32087000-32087600|0,0,0.43593112668689615,0.45356238,0.22635217,True,True
chr21:22009057-22009657|1,1,0.3959838449969293,0.44722605,0.88754934,True,True
chr20:16933000-16933600|0,0,0.4528501276055533,0.20000038,0.03205025,False,True
chr20:13915000-13915600|0,0,0.5636027326059972,0.54504526,0.38377115,True,True
chr20:49252529-49253129|1,1,0.5033600250466882,0.62342525,0.9594875,True,True
chr20:9570578-9571178|1,1,0.5147074346366168,0.5678789,0.25057423,True,True
chr21:42693000-42693600|0,0,0.6506338360481156,0.4871905,0.19357833,True,True
chr20:38376324-38376924|1,1,0.6033227456827225,0.88243407,0.80470216,True,True
chr20:27696000-27696600|0,0,0.47078843842596063,0.08780215,0.00012169381,True,True
chr20:24528000-24528600|0,0,0.4548747770850021,0.68322927,0.15066074,True,True
chr20:58961857-58962457|1,1,0.5691348847386521,0.4251422,0.0751252,True,True
chr21:37144224-37144824|1,1,0.4292654428293235,0.6507904,0.9970323,True,True
chr20:27711000-27711600|0,0,0.4601075012022806,0.049672723,0.00031223276,True,True
chr20:62193115-62193715|1,1,0.6188710048769321,0.8994804,0.94945395,True,True
chr20:31057000-31057600|0,0,0.45376353040533896,0.011617094,0.030675752,True,True
chr20:22684547-22685147|1,1,0.6388529098691993,0.6229321,0.39209574,True,True
chr21:7084944-7085544|1,1,0.4936732771150779,0.37711766,0.14795904,True,True
chr20:52996000-52996600|0,0,0.4176053812016254,0.47889772,0.40153164,True,True
chr21:41867076-41867676|1,1,0.5982075659568007,0.5942015,0.41663793,True,True
chr21:46363179-46363779|1,1,0.5271769144353523,0.9328004,0.99836415,True,True
chr20:30171000-30171600|0,0,0.44631236554264125,0.49830487,0.5154888,True,True
chr20:54702000-54702600|0,0,0.5828931805416275,0.3252073,0.24454455,True,True
chr21:46388441-46389041|1,1,0.7093301874497302,0.92343956,0.970116,True,True
chr20:16379862-16380462|1,1,0.5091289656165002,0.8957027,0.99952507,True,True
chr20:38717000-38717600|0,0,0.6316640017120966,0.5001105,0.17089888,True,True
chr20:60001042-60001642|1,1,0.5656804269451273,0.74160475,0.52667904,True,True
chr20:62672000-62672600|0,0,0.5705556496410032,0.7831095,0.78164047,True,True
chr21:38126000-38126600|0,0,0.5206572469889891,0.56455487,0.31739187,True,True
chr20:57202322-57202922|1,1,0.6522384056534759,0.7840357,0.9697758,False,True
chr20:3489000-3489600|0,0,0.5275296857558173,0.20414777,0.27986294,True,True
chr20:13693000-13693600|0,0,0.5820492744288112,0.70501775,0.37350765,True,True
chr20:48471651-48472251|1,1,0.5720167013309039,0.3725976,0.7839785,True,True
chr21:23111000-23111600|0,0,0.48014005351655864,0.744013,0.2695524,True,True
chr20:34624000-34624600|0,0,0.5221010749088238,0.27581894,0.41011646,True,True
chr21:15123460-15124060|1,1,0.48459062141229425,0.3978405,0.33478507,True,True
chr20:29954000-29954600|0,0,0.45034169754769077,0.027337903,0.015353328,True,True
chr20:49069904-49070504|1,1,0.4098650837710105,0.5412331,0.9074308,True,True
chr21:9711000-9711600|0,0,0.4876926385669687,0.28276438,0.32404873,True,True
chr20:57503300-57503900|1,1,0.6176328251951135,0.9394184,0.90104187,True,True
chr20:4360000-4360600|0,0,0.506861340343196,0.2280465,0.04760496,True,True
chr20:34643925-34644525|1,1,0.4881308986004583,0.51267093,0.9158114,True,True
chr20:20635316-20635916|1,1,0.3993956329699894,0.44122577,0.97471434,True,True
chr20:57072000-57072600|0,0,0.6137815492903917,0.38591692,0.42634973,True,True
chr20:23828000-23828600|0,0,0.623324396523842,0.63957757,0.31777737,True,True
chr21:32183000-32183600|0,0,0.47621438666232635,0.2645566,0.3932063,False,True
chr20:28672000-28672600|0,0,0.4391207504820737,0.09226049,0.004755773,False,True
chr20:36175250-36175850|1,1,0.6490836428394585,0.7187063,0.98996794,True,True
chr21:46528791-46529391|1,1,0.4172642331851189,0.6447936,0.96436036,True,True
chr20:6119271-6119871|1,1,0.508514539484332,0.75694174,0.99188143,True,True
chr20:33640040-33640640|1,1,0.6124879697713502,0.95388156,0.9965939,False,True
chr20:32898192-32898792|1,1,0.6131228245290908,0.8502043,0.9722579,True,True
chr21:14666000-14666600|0,0,0.42189881346147384,0.56942666,0.26766372,True,True
chr20:36940810-36941410|1,1,0.440668270278734,0.29054436,0.22688082,True,True
chr20:44429222-44429822|1,1,0.6323329750792036,0.7624325,0.93917555,True,True
chr21:30960000-30960600|0,0,0.5295556194178282,0.6111049,0.1444398,True,True
chr20:9714000-9714600|0,0,0.3991843805482634,0.5590907,0.49869117,True,True
chr20:43673505-43674105|1,1,0.6004898275388914,0.767369,0.99699235,True,True
chr21:33063975-33064575|1,1,0.596932366319594,0.8374676,0.9396566,True,True
chr20:10420457-10421057|1,1,0.47034085038710616,0.7621516,0.99261683,True,True
chr20:10114000-10114600|0,0,0.49975243933853036,0.27369645,0.20619223,True,True
chr20:48228000-48228600|0,0,0.5733487475404676,0.765148,0.5556078,True,True
chr21:42633000-42633600|0,0,0.6655680748880206,0.8529457,0.33638352,True,True
chr21:25601166-25601766|1,1,0.40494890109161785,0.59028834,0.9626481,True,True
chr20:21205190-21205790|1,1,0.5080495286566352,0.6184749,0.96892613,True,True
chr20:22669219-22669819|1,1,0.49854989794791416,0.4690867,0.3222154,True,True
chr20:5594000-5594600|0,0,0.5751131946168926,0.29126024,0.026336534,True,True
chr20:19606000-19606600|0,0,0.5201691410684324,0.29895535,0.20971373,True,True
chr21:33945509-33946109|1,1,0.4668631869492074,0.19977815,0.07183864,True,True
chr20:24942000-24942600|0,0,0.5229607582127369,0.19883192,0.079733,True,True
chr20:31481986-31482586|1,1,0.634241679908006,0.7834734,0.9939818,False,True
chr21:21906000-21906600|0,0,0.47013765482629893,0.4161514,0.11131119,True,True
chr21:33624459-33625059|1,1,0.38290504525963254,0.26050216,0.80906475,True,True
chr20:63924000-63924600|0,0,0.4716357140510609,0.41401395,0.23530342,True,True
chr20:51607283-51607883|1,1,0.5774866437139293,0.6460145,0.99186057,True,True
chr21:12612000-12612600|0,0,0.4576758047931521,0.14607455,5.796455e-05,True,True
chr20:60021000-60021600|0,0,0.49131612087736853,0.55033123,0.077105425,True,True
chr20:53543000-53543600|0,0,0.5771793953031406,0.23436831,0.09986546,True,True
chr21:23948000-23948600|0,0,0.489918207370391,0.2191359,0.18257178,True,True
chr20:36525265-36525865|1,1,0.646702362272994,0.6406069,0.45165077,True,True
chr21:5372000-5372600|0,0,0.4543240822283395,0.04505153,0.0151513275,True,True
chr21:23933000-23933600|0,0,0.4430749448777296,0.69262093,0.55784315,True,True
chr20:2066000-2066600|0,0,0.47364894283245723,0.4571587,0.44990686,True,True
chr21:8042000-8042600|0,0,0.4426461896679448,0.17740774,0.0044930787,True,True
chr20:36439453-36440053|1,1,0.6843636036439821,0.8517462,0.9681166,False,True
chr20:14900000-14900600|0,0,0.37854647664328755,0.47878313,0.1622012,False,True
chr20:33360190-33360790|1,1,0.544410739279693,0.5235649,0.94440687,True,True
chr21:24426720-24427320|1,1,0.40051714414351625,0.43318516,0.44373387,True,True
chr20:30702000-30702600|0,0,0.4162581575828667,0.22170477,0.3347716,True,True
chr21:29348000-29348600|0,0,0.5031461103980136,0.31666842,0.40187943,True,True
chr20:9577059-9577659|1,1,0.5097119519975514,0.50049055,0.58834195,True,True
chr20:19964651-19965251|1,1,0.555816610011466,0.913243,0.9432202,True,True
chr21:36754116-36754716|1,1,0.6106582531900958,0.9656074,0.99482745,True,True
chr20:7330000-7330600|0,0,0.39378986266660926,0.36814755,0.3927331,False,True
chr20:59982622-59983222|1,1,0.5178811319053481,0.7484549,0.99382,True,True
chr21:14743072-14743672|1,1,0.39900410977830286,0.39945427,0.6513143,True,True
chr20:27243000-27243600|0,0,0.4835626212238286,0.053858574,0.00044190092,True,True
chr20:32174000-32174600|0,0,0.41993194780786247,0.11451752,0.04724363,True,True
chr20:34262531-34263131|1,1,0.5913386765489126,0.7667159,0.9046669,True,True
chr21:11855000-11855600|0,0,0.45410462374938,0.055923708,0.00445429,False,True
chr20:28435000-28435600|0,0,0.4581117158403223,0.057772495,0.00067804055,True,True
chr20:18493762-18494362|1,1,0.47555100820757873,0.7015435,0.978516,True,True
chr21:15567687-15568287|1,1,0.4589818276721465,0.18046203,0.118684165,True,True
chr20:4174729-4175329|1,1,0.678019578483646,0.82994,0.9742154,False,True
chr20:6052503-6053103|1,1,0.7359834596005218,0.9597777,0.99735487,False,True
chr20:63696459-63697059|1,1,0.7603038910788962,0.9351549,0.9947102,False,True
chr20:60360880-60361480|1,1,0.4890969270456054,0.664919,0.27019247,True,True
chr20:28630000-28630600|0,0,0.43021222421064964,0.2753035,0.074815564,True,True
chr20:63619153-63619753|1,1,0.6810141988030566,0.8880263,0.94420534,False,True
chr20:57610066-57610666|1,1,0.7026009073688447,0.87286,0.54908735,False,True
chr20:1534140-1534740|1,1,0.47291224232127216,0.74635154,0.27290305,True,True
chr20:46040072-46040672|1,1,0.6149699199842386,0.81860363,0.9957735,True,True
chr21:21418172-21418772|1,1,0.38647512507293547,0.35347703,0.89836276,True,True
chr20:13597000-13597600|0,0,0.48158155678069714,0.1537445,0.027476583,True,True
chr20:18070540-18071140|1,1,0.5871919263424051,0.74755937,0.19972457,True,True
chr20:51454387-51454987|1,1,0.5444122431676959,0.6055234,0.99722785,True,True
chr21:23930000-23930600|0,0,0.35398249805678383,0.46569547,0.26729026,True,True
chr21:17651000-17651600|0,0,0.5585453959430363,0.6777135,0.82888514,True,True
chr20:33177846-33178446|1,1,0.6127916536038926,0.6931584,0.886662,True,True
chr21:40873000-40873600|0,0,0.5218032671441564,0.24723376,0.09574506,True,True
chr20:63726000-63726600|0,0,0.5691184227483851,0.16862947,0.036037598,True,True
chr20:54816000-54816600|0,0,0.4508363293273937,0.28505117,0.18747985,True,True
chr21:21171000-21171600|0,0,0.42359584996369176,0.3324215,0.05410314,True,True
chr21:41576124-41576724|1,1,0.5189962425829996,0.46046612,0.44031262,True,True
chr20:53822000-53822600|0,0,0.5630227612003476,0.122188255,0.385647,True,True
chr20:5150000-5150600|0,0,0.5670826632848586,0.6350526,0.49197006,True,True
chr20:13441000-13441600|0,0,0.5282699701365329,0.46374616,0.110726245,True,True
chr20:38447165-38447765|1,1,0.6491810006204344,0.8719751,0.86282516,False,True
chr20:45489691-45490291|1,1,0.6027316810654686,0.25567165,0.2939483,False,True
chr21:35633000-35633600|0,0,0.5186443887686585,0.6478463,0.29884347,True,True
chr21:10804000-10804600|0,0,0.4214758896145691,0.10619896,0.0009645628,True,True
chr20:2780000-2780600|0,0,0.41262549795953596,0.39908472,0.04561224,True,True
chr20:49909000-49909600|0,0,0.5979626269947471,0.37160707,0.2760295,True,True
chr20:1882000-1882600|0,0,0.5522271673420321,0.6567336,0.31341624,True,True
chr21:27558000-27558600|0,0,0.4356102900205981,0.7199281,0.40017667,True,True
chr20:879547-880147|1,1,0.6070263188934847,0.7794961,0.9671873,True,True
chr21:13459000-13459600|0,0,0.3676774677749257,0.4346557,0.036804415,True,True
chr20:33663231-33663831|1,1,0.7711161099881719,0.91874784,0.95375305,False,True
chr20:62473277-62473877|1,1,0.6675161512965128,0.9685597,0.9857717,False,True
chr20:49945081-49945681|1,1,0.5056811496536372,0.34875906,0.24993463,True,True
chr20:16756000-16756600|0,0,0.5154777590315668,0.31091347,0.035932768,True,True
chr20:5991167-5991767|1,1,0.44778528485544933,0.4850206,0.4419047,True,True
chr21:14495000-14495600|0,0,0.4002035760607414,0.23710328,0.28321105,True,True
chr20:50645397-50645997|1,1,0.6526597185116108,0.7734564,0.3639687,False,True
chr21:29315000-29315600|0,0,0.4777525209170602,0.39072487,0.51299155,True,True
chr20:44039000-44039600|0,0,0.6489102378440019,0.21307951,0.27806786,True,True
chr20:51351000-51351600|0,0,0.5803643012974299,0.21513616,0.027819328,True,True
chr20:3615527-3616127|1,1,0.513924951986215,0.39165735,0.1166903,True,True
chr20:4651000-4651600|0,0,0.4954697568228189,0.19384277,0.29415277,True,True
chr21:34864000-34864600|0,0,0.6535841674278848,0.8892364,0.4627728,True,True
chr20:49288744-49289344|1,1,0.4640964289307562,0.6886148,0.9868699,True,True
chr20:41393000-41393600|0,0,0.6551748387599265,0.30071187,0.4878084,True,True
chr21:18009000-18009600|0,0,0.34664438207244347,0.23350419,0.09566736,True,True
chr20:20258258-20258858|1,1,0.5602993078995149,0.7869225,0.2678221,True,True
chr21:26324000-26324600|0,0,0.5322495622806372,0.5005493,0.16231938,True,True
chr20:4708000-4708600|0,0,0.5198064264787925,0.68123907,0.31796065,True,True
chr21:17659368-17659968|1,1,0.5108884766368182,0.51079464,0.08968482,True,True
chr21:42568059-42568659|1,1,0.5779542160322204,0.80688995,0.9810573,True,True
chr20:2316767-2317367|1,1,0.6127926066964058,0.6369725,0.96215874,False,True
chr20:54693000-54693600|0,0,0.5112322616657816,0.67257875,0.36788127,True,True
chr21:32810353-32810953|1,1,0.5651375759136485,0.25878334,0.12654418,True,True
chr21:37646246-37646846|1,1,0.5831345774848488,0.47512692,0.90115416,True,True
chr21:33027000-33027600|0,0,0.7624830590304386,0.9325558,0.9693364,True,True
chr21:10559193-10559793|1,1,0.4501338784065991,0.25900885,0.25342116,True,True
chr20:45607839-45608439|1,1,0.5121022900932831,0.27792576,0.2557528,True,True
chr20:33201231-33201831|1,1,0.5665356701070744,0.7684108,0.87133384,True,True
chr20:2396205-2396805|1,1,0.6616568556933436,0.8340699,0.99379396,False,True
chr20:31428334-31428934|1,1,0.3939158393111763,0.5184682,0.26383057,True,True
chr21:10921000-10921600|0,0,0.4466102907606405,0.099018365,0.008254252,True,True
chr20:13569285-13569885|1,1,0.3842995074897213,0.52829355,0.93737257,True,True
chr21:36882000-36882600|0,0,0.6042314660979358,0.18509044,0.12168482,True,True
chr21:32631500-32632100|1,1,0.4447459315794881,0.6567992,0.9932533,True,True
chr20:12978000-12978600|0,0,0.38803257483376846,0.37157655,0.14765806,False,True
chr20:38565055-38565655|1,1,0.4013534963610784,0.6588737,0.9888587,True,True
chr20:33601529-33602129|1,1,0.5282747391681157,0.27479064,0.28699598,True,True
chr20:61720000-61720600|0,0,0.6688757947473468,0.3977859,0.53000724,True,True
chr21:35618000-35618600|0,0,0.4122603459768148,0.26275536,0.103076145,True,True
chr20:2955308-2955908|1,1,0.5290501514283386,0.3896917,0.5769301,True,True
chr21:37191033-37191633|1,1,0.3715194715034451,0.65743494,0.92532045,True,True
chr21:38774000-38774600|0,0,0.5450308038434102,0.39890802,0.19764477,True,True
chr21:42819000-42819600|0,0,0.4993515912030857,0.4221084,0.3380485,True,True
chr20:63651000-63651600|0,0,0.6750102609220263,0.2131183,0.1711838,True,True
chr20:53603000-53603600|0,0,0.5802641223329972,0.13469478,0.0567479,True,True
chr20:45804845-45805445|1,1,0.5587299614082605,0.5145167,0.9772752,True,True
chr21:18024449-18025049|1,1,0.47716271590196463,0.53192264,0.55790687,True,True
chr20:41162151-41162751|1,1,0.6304693712412468,0.87717813,0.9961486,True,True
chr21:33352457-33353057|1,1,0.4333731943424888,0.29615515,0.3670522,True,True
chr21:46648157-46648757|1,1,0.5796080096354269,0.7562146,0.96888554,True,True
chr20:44807000-44807600|0,0,0.5996286714847527,0.5244546,0.53662527,True,True
chr20:21636000-21636600|0,0,0.4480791880572,0.07034868,0.015311041,True,True
chr20:51279000-51279600|0,0,0.47603169317820315,0.6140009,0.10123724,True,True
chr21:28615000-28615600|0,0,0.5213915320759664,0.5951634,0.76944333,True,True
chr20:27138000-27138600|0,0,0.46808156798721934,0.04003071,0.010441124,True,True
chr20:29264000-29264600|0,0,0.43365378838650714,0.03445382,0.01657062,False,True
chr20:44160106-44160706|1,1,0.7446006594159524,0.8686012,0.96565276,True,True
chr21:38154132-38154732|1,1,0.5092180704371884,0.45189062,0.25882772,True,True
chr20:11000459-11001059|1,1,0.46291082532580335,0.1919944,0.1326012,True,True
chr20:29552853-29553453|1,1,0.5491215565650986,0.5956127,0.49757388,True,True
chr20:8384000-8384600|0,0,0.505421514531594,0.4177527,0.1054061,True,True
chr20:49544147-49544747|1,1,0.596042676765858,0.531257,0.8500942,True,True
chr20:52687648-52688248|1,1,0.49812809228355864,0.37875414,0.4828107,True,True
chr20:30570000-30570600|0,0,0.5405507135287813,0.90937746,0.72290343,True,True
chr20:26987000-26987600|0,0,0.46668433985550095,0.017724216,4.856407e-05,True,True
chr20:3565047-3565647|1,1,0.5238220531107897,0.70942724,0.97122,True,True
chr20:33393765-33394365|1,1,0.5301889040255048,0.2116971,0.20473598,True,True
chr21:8699000-8699600|0,0,0.44263833076887005,0.22516245,0.14836915,True,True
chr20:32593392-32593992|1,1,0.6497730070938484,0.6083811,0.11357338,True,True
chr20:27129000-27129600|0,0,0.4601075012022806,0.06007238,0.0016047553,False,True
chr21:40822000-40822600|0,0,0.4626853958290178,0.13372411,0.10897155,True,True
chr20:6030984-6031584|1,1,0.42190972537674437,0.7420821,0.8964941,True,True
chr20:13237808-13238408|1,1,0.508169530261916,0.42049593,0.32989827,True,True
chr20:60969000-60969600|0,0,0.6330594312937392,0.41101402,0.15565382,True,True
chr20:22375355-22375955|1,1,0.5398090874099839,0.7385833,0.7242495,True,True
chr20:46621000-46621600|0,0,0.4444504867757185,0.5179985,0.32250968,True,True
chr21:46490299-46490899|1,1,0.5561090771703344,0.85297626,0.67665696,True,True
chr21:14520920-14521520|1,1,0.38779033868733065,0.6391679,0.948943,True,True
chr21:21360000-21360600|0,0,0.36380269156890804,0.50889707,0.3761803,True,True
chr20:26750000-26750600|0,0,0.4675151637727789,0.10463529,0.00028593774,True,True
chr20:60990000-60990600|0,0,0.5680854936425948,0.7922779,0.48399657,True,True
chr20:58352972-58353572|1,1,0.41458311800321185,0.79934454,0.98601156,True,True
chr21:43915000-43915600|0,0,0.544116607677131,0.12488386,0.23195879,True,True
chr20:35694584-35695184|1,1,0.48711518642772017,0.5668343,0.28450006,True,True
chr20:1391420-1392020|1,1,0.6088243984030076,0.40751183,0.6198878,True,True
chr21:25055133-25055733|1,1,0.4082769214611933,0.5746652,0.5960828,True,True
chr20:53498000-53498600|0,0,0.5938844239521317,0.44947213,0.13345581,True,True
chr20:52903000-52903600|0,0,0.5280469912517461,0.37349918,0.19298533,True,True
chr20:13840000-13840600|0,0,0.5833471831870662,0.3330276,0.25811937,True,True
chr20:5186386-5186986|1,1,0.6033581795255328,0.9007259,0.9926399,True,True
chr20:55936000-55936600|0,0,0.4816848619250992,0.6353015,0.2611992,True,True
chr21:21876000-21876600|0,0,0.42849118042321926,0.40953705,0.055711593,True,True
chr20:28624000-28624600|0,0,0.5360020441431149,0.49236977,0.17761311,True,True
chr20:417225-417825|1,1,0.6686944287076718,0.4309187,0.9962418,False,True
chr20:3738357-3738957|1,1,0.5532865218695858,0.67465854,0.95709056,True,True
chr20:47298571-47299171|1,1,0.46729941135245157,0.73726946,0.99707544,True,True
chr21:18420000-18420600|0,0,0.4239848944820567,0.25650957,0.11658835,True,True
chr20:16528139-16528739|1,1,0.48236656516341275,0.6816671,0.95679647,True,True
chr21:20678000-20678600|0,0,0.35911901657777684,0.18363787,0.2215646,True,True
chr21:11285000-11285600|0,0,0.4552064031578286,0.07293288,0.018770387,True,True
chr21:15382872-15383472|1,1,0.48054624573812954,0.5917891,0.15522267,True,True
chr20:54182255-54182855|1,1,0.4892215733030692,0.4759592,0.11314333,True,True
chr21:40660000-40660600|0,0,0.45701488463861833,0.48509264,0.15781309,False,True
chr20:32996057-32996657|1,1,0.5412407355971041,0.40320292,0.3822022,True,True
chr21:40945000-40945600|0,0,0.43412321788080005,0.120981984,0.004233171,False,True
chr21:36969300-36969900|1,1,0.5874444092722916,0.16109481,0.12934761,True,True
chr20:4117000-4117600|0,0,0.4485331728358865,0.6197569,0.41036165,False,True
chr21:39375000-39375600|0,0,0.5022021995997967,0.38937184,0.4741467,True,True
chr21:25734074-25734674|1,1,0.5850005451533838,0.73756135,0.54717267,True,True
chr20:62498000-62498600|0,0,0.6834344528550405,0.023036994,0.4085815,True,True
chr20:44413393-44413993|1,1,0.6842415841083508,0.765472,0.8926855,False,True
chr20:45876413-45877013|1,1,0.6047224959796811,0.5631681,0.31929842,True,True
chr21:34156000-34156600|0,0,0.570012200956649,0.37884602,0.4824235,True,True
chr21:11321000-11321600|0,0,0.4594198311637601,0.05764702,0.0002214413,True,True
chr21:31591000-31591600|0,0,0.5869040491826049,0.040798087,0.049328603,True,True
chr20:33573673-33574273|1,1,0.5601332142117105,0.31709605,0.26407722,True,True
chr21:25297000-25297600|0,0,0.4488593124802935,0.38070443,0.07784678,True,True
chr20:46563250-46563850|1,1,0.6337906693945738,0.25061652,0.9221406,False,True
chr20:1603841-1604441|1,1,0.6164270553744033,0.8076697,0.99181026,True,True
chr20:31279000-31279600|0,0,0.5182366038287974,0.3314077,0.009665783,True,True
chr20:7183092-7183692|1,1,0.4819445422988307,0.2527577,0.16218376,True,True
chr20:34861261-34861861|1,1,0.6086172420084752,0.5787581,0.98169565,False,True
chr21:38216000-38216600|0,0,0.5665356701070744,0.38402238,0.35371265,True,True
chr20:1702000-1702600|0,0,0.4590739575411011,0.18670931,0.14904535,False,True
chr20:53861000-53861600|0,0,0.4795558232379359,0.6904619,0.70116454,True,True
chr20:27345000-27345600|0,0,0.4649588580247975,0.057595413,2.757253e-05,True,True
chr20:52702000-52702600|0,0,0.4112389042864057,0.37562943,0.085332476,True,True
chr21:36372073-36372673|1,1,0.41034379812653227,0.63751173,0.99591947,True,True
chr21:10441000-10441600|0,0,0.4547652071876373,0.51083165,0.02227138,True,True
chr20:46015949-46016549|1,1,0.567839691312797,0.4614413,0.9910172,True,True
chr20:56414000-56414600|0,0,0.44551322430016843,0.4774075,0.23388596,False,True
chr21:44423180-44423780|1,1,0.6638802932425939,0.8740713,0.95229614,True,True
chr21:41441415-41442015|1,1,0.6480611222412855,0.92079216,0.9972283,False,True
chr20:43807000-43807600|0,0,0.41163699283143357,0.16038087,0.025812218,True,True
chr21:13556092-13556692|1,1,0.36845251925284417,0.55170643,0.1004066,True,True
chr21:33262260-33262860|1,1,0.5041616764755111,0.51127446,0.28196275,True,True
chr21:39205973-39206573|1,1,0.4491810563473329,0.6873039,0.9814109,True,True
chr21:38739028-38739628|1,1,0.3752370440561031,0.6589174,0.53962517,True,True
chr21:38234962-38235562|1,1,0.5217311329676041,0.28877705,0.2604111,True,True
chr21:25633000-25633600|0,0,0.5184329719309577,0.38673982,0.61522347,True,True
chr20:20166096-20166696|1,1,0.4446245524175819,0.7493895,0.7085471,True,True
chr20:34432000-34432600|0,0,0.3487444382685097,0.35443163,0.076631926,False,False
chr20:62216625-62217225|1,1,0.7176328037107593,0.85947216,0.99932134,True,True
chr20:25687529-25688129|1,1,0.46670018254752543,0.70774233,0.236263,True,True
chr20:50127886-50128486|1,1,0.6837483159496941,0.91332173,0.99755317,False,True
chr20:48126000-48126600|0,0,0.6448872088602197,0.59254044,0.09203538,True,True
chr20:56042000-56042600|0,0,0.4696766958904142,0.62881273,0.21106474,False,True
chr20:64321000-64321600|0,0,0.5325019850101399,0.28066877,0.09902275,True,True
chr20:36132000-36132600|0,0,0.6107418849999752,0.6411068,0.43648392,True,True
chr20:42448028-42448628|1,1,0.5252103685171648,0.6481993,0.9057578,True,True
chr20:63135000-63135600|0,0,0.8147622839628973,0.06004697,0.022146294,True,True
chr20:36108000-36108600|0,0,0.5506918665590085,0.16749774,0.112148896,True,True
chr20:61894609-61895209|1,1,0.6357765425941871,0.93355024,0.99070096,True,True
chr20:37654000-37654600|0,0,0.5714430076566442,0.23674382,0.062276866,True,True
chr20:45704143-45704743|1,1,0.5725499493606796,0.8906173,0.9432514,True,True
chr21:40753417-40754017|1,1,0.4626853958290178,0.42745352,0.28833473,True,True
chr20:49363000-49363600|0,0,0.500181011973471,0.3132984,0.34284243,True,True
chr21:38923212-38923812|1,1,0.5174440599754909,0.88783145,0.95788324,True,True
chr21:28738000-28738600|0,0,0.5088251183299612,0.5841727,0.9038383,True,True
chr21:46039000-46039600|0,0,0.7070918844025524,0.6856403,0.8744421,True,True
chr21:29025408-29026008|1,1,0.4572918256234277,0.5583985,0.13686487,True,True
chr20:1597882-1598482|1,1,0.6167822860914379,0.32946748,0.4933648,True,True
chr20:44598315-44598915|1,1,0.6091630325372502,0.50033677,0.5693931,True,True
chr21:22420000-22420600|0,0,0.3243826158382036,0.11656108,0.17308865,False,False
chr21:43312000-43312600|0,0,0.5595943384079018,0.44413507,0.07540709,True,True
chr20:32855000-32855600|0,0,0.515767292897086,0.5366614,0.535809,True,True
chr21:22534000-22534600|0,0,0.472726460532702,0.34932128,0.12679498,False,True
chr21:45615442-45616042|1,1,0.6609106886315511,0.66407263,0.2655794,True,True
chr20:20288308-20288908|1,1,0.5197916435240149,0.6366886,0.98148084,True,True
chr20:44737269-44737869|1,1,0.5491300929109275,0.88572747,0.35470858,True,True
chr20:35336000-35336600|0,0,0.5044966744219194,0.32935086,0.23613088,True,True
chr20:29573000-29573600|0,0,0.5531909416517126,0.25471458,0.053234786,True,True
chr21:44091622-44092222|1,1,0.5322495622806372,0.66720814,0.98444366,True,True
chr21:6045000-6045600|0,0,0.6817421799384558,0.7195284,0.5032023,True,True
chr20:25336000-25336600|0,0,0.43122441845455245,0.45442957,0.46517652,True,True
chr20:7657000-7657600|0,0,0.47279196211841557,0.5003952,0.34104007,True,True
chr21:8600000-8600600|0,0,0.4258815752939667,0.059046097,0.18472417,True,True
chr20:15363000-15363600|0,0,0.4993515912030857,0.4190674,0.7152172,True,True
chr21:10135000-10135600|0,0,0.6106582531900958,0.45405087,0.122723505,True,True
chr21:38702000-38702600|0,0,0.5190369107189866,0.5801919,0.35675377,False,True
chr21:19663000-19663600|0,0,0.3991843805482634,0.5873847,0.5950738,False,True
chr20:26219000-26219600|0,0,0.36604344912801323,0.5278355,0.4827338,True,True
chr20:17183000-17183600|0,0,0.5104256190789007,0.06840897,0.013024664,True,True
chr21:43159466-43160066|1,1,0.6431897031212293,0.19331232,0.0069950027,True,True
chr20:25354000-25354600|0,0,0.5490589700107172,0.5098693,0.8259054,True,True
chr21:10516017-10516617|1,1,0.4067932406697903,0.30762362,0.9868797,True,True
chr21:37270000-37270600|0,0,0.5475808483608139,0.47928375,0.43922615,True,True
chr20:61423000-61423600|0,0,0.6109835425452945,0.5392567,0.4249196,True,True
chr20:53627000-53627600|0,0,0.5439469988849664,0.16220292,0.07836139,True,True
chr20:12117000-12117600|0,0,0.3827460941574499,0.31750408,0.015358229,True,True
chr20:47957962-47958562|1,1,0.629887585507587,0.8941435,0.56235236,True,True
chr20:18553934-18554534|1,1,0.5367626376380347,0.834486,0.97461617,True,True
chr20:63492986-63493586|1,1,0.6904568625886077,0.6107207,0.966373,True,True
chr20:40124089-40124689|1,1,0.5340781556132422,0.6128161,0.22128178,True,True
chr21:7030000-7030600|0,0,0.4938299739843308,0.17698388,0.14859806,True,True
chr20:28282000-28282600|0,0,0.4736283056108885,0.06604619,1.287515e-05,False,True
chr20:62609000-62609600|0,0,0.5622212927253124,0.65320516,0.82870716,True,True
chr20:12459000-12459600|0,0,0.4175147929912146,0.49868453,0.5218003,True,True
chr20:46306000-46306600|0,0,0.6344595699604445,0.7837066,0.43378586,True,True
chr20:28627000-28627600|0,0,0.5291247183843322,0.20385438,0.42710546,True,True
chr20:13801185-13801785|1,1,0.38243124829020675,0.6344,0.98565555,True,True
chr20:41210000-41210600|0,0,0.48363278229850715,0.11433815,0.0041820314,True,True
chr20:50903700-50904300|1,1,0.46926867393529026,0.633156,0.9823301,True,True
chr20:23261000-23261600|0,0,0.3905033755885121,0.39973465,0.58984464,True,True
chr20:32703157-32703757|1,1,0.5553954685072324,0.67498106,0.48090628,True,True
chr20:43963000-43963600|0,0,0.6219021931831769,0.7845436,0.25490198,True,True
chr21:37105000-37105600|0,0,0.49975138922825507,0.84419,0.3965856,True,True
chr20:25339050-25339650|1,1,0.4534134029356541,0.37730795,0.9669794,True,True
chr20:4246000-4246600|0,0,0.6189963484129827,0.5422628,0.25776544,True,True
chr21:30228000-30228600|0,0,0.46924119469194536,0.30771,0.2275253,False,True
chr21:22372000-22372600|0,0,0.38765600869441474,0.57428145,0.14416163,True,True
chr21:13618048-13618648|1,1,0.3914497237660103,0.698959,0.749979,True,True
chr21:26444000-26444600|0,0,0.4602922199437754,0.13513218,0.43422115,True,True
chr21:22654000-22654600|0,0,0.46921995125965293,0.3860157,0.20541348,False,True
chr21:21654806-21655406|1,1,0.4543240822283395,0.67021626,0.18067086,True,True
chr20:14450000-14450600|0,0,0.3959838449969293,0.27684143,0.28057703,True,True
chr20:7954000-7954600|0,0,0.4503880025755187,0.14422879,0.0071697403,True,True
chr21:15972010-15972610|1,1,0.40396588790988985,0.5797672,0.44556478,True,True
chr20:41473216-41473816|1,1,0.5514017633496585,0.8621627,0.9957865,True,True
chr21:18714000-18714600|0,0,0.4802419187358414,0.3457884,0.19290285,True,True
chr21:6819000-6819600|0,0,0.49630400587943274,0.34589088,0.10670434,True,True
chr21:34027000-34027600|0,0,0.5498551541219182,0.40042385,0.16364358,True,True
chr21:45909054-45909654|1,1,0.7219340648436816,0.80189663,0.92881596,False,True
chr21:39322501-39323101|1,1,0.6388529098691993,0.7017258,0.9525607,True,True
chr20:16852000-16852600|0,0,0.4356102900205981,0.15041572,0.0288499,True,True
chr20:59885663-59886263|1,1,0.3697954977849693,0.37850383,0.2927993,True,True
chr20:40043171-40043771|1,1,0.39698973098961715,0.3378072,0.3149369,True,True
chr21:44441391-44441991|1,1,0.6906949984947415,0.85647565,0.9973067,False,True
chr21:34792309-34792909|1,1,0.7308839959152854,0.8215852,0.98261976,False,True
chr20:33063314-33063914|1,1,0.6718934056171971,0.56055325,0.841357,False,True
chr20:19522000-19522600|0,0,0.539984732764308,0.5223734,0.29450274,True,True
chr20:22858000-22858600|0,0,0.499385140118994,0.31111538,0.12062489,True,True
chr20:25458228-25458828|1,1,0.6892727331550083,0.9428044,0.98077905,False,True
chr20:43459470-43460070|1,1,0.4122603459768148,0.76650745,0.97996634,True,True
chr21:44759000-44759600|0,0,0.7388512098922827,0.59734815,0.25806051,True,True
chr21:27846000-27846600|0,0,0.39443111367527434,0.38080135,0.17332926,True,True
chr20:34105244-34105844|1,1,0.47173278218238496,0.43659422,0.93869066,True,True
chr20:5069048-5069648|1,1,0.5591437953541001,0.4000914,0.49029854,True,True
chr20:35213000-35213600|0,0,0.4899994501625795,0.40761685,0.46956417,True,True
chr20:6045000-6045600|0,0,0.5159168438348806,0.3240741,0.08813921,True,True
chr20:3933900-3934500|1,1,0.629014199723447,0.8226208,0.98975277,True,True
chr20:59162000-59162600|0,0,0.40329670882464025,0.21619143,0.029026175,True,True
chr20:63312119-63312719|1,1,0.7234340652820107,0.7129067,0.97865045,False,True
chr21:19651000-19651600|0,0,0.40919918309335174,0.51292,0.43157727,True,True
chr20:38488102-38488702|1,1,0.4294286086947412,0.5979235,0.97444385,True,True
chr20:21762000-21762600|0,0,0.38377513796650226,0.5268236,0.30209807,False,False
chr20:1570836-1571436|1,1,0.6176526491500512,0.7353692,0.99611664,True,True
chr21:14567000-14567600|0,0,0.44949159144570616,0.5304596,0.8554612,True,True
chr21:43171770-43172370|1,1,0.7418385186678029,0.8658663,0.9899328,False,True
chr20:22400810-22401410|1,1,0.5477256851997742,0.7486754,0.75117016,True,True
chr20:35480000-35480600|0,0,0.5065710301446078,0.4623398,0.75643975,True,True
chr20:4039000-4039600|0,0,0.5316520287517673,0.5731632,0.2459989,True,True
chr21:10105000-10105600|0,0,0.350096801059879,0.35548663,0.05543665,False,False
chr20:24948000-24948600|0,0,0.45765086167268965,0.18758434,0.0063213487,False,True
chr20:43458060-43458660|1,1,0.7807825956200714,0.78843033,0.982227,False,True
chr20:11348000-11348600|0,0,0.4653719370589935,0.4918649,0.39868158,False,True
chr20:59361090-59361690|1,1,0.5458647784448569,0.40965664,0.24191205,True,True
chr20:32693000-32693600|0,0,0.5936897498981344,0.04587508,0.052583143,True,True
chr20:50129389-50129989|1,1,0.66713078122934,0.84833056,0.95329297,False,True
chr21:36132773-36133373|1,1,0.5748205530080852,0.6378258,0.998628,True,True
chr20:53651000-53651600|0,0,0.5559572325555259,0.23048519,0.059951268,True,True
chr21:45595272-45595872|1,1,0.6015182108979938,0.43401,0.33069855,True,True
chr21:42137138-42137738|1,1,0.6894287388226001,0.79360366,0.9979824,False,True
chr21:45507260-45507860|1,1,0.733083531768415,0.58075285,0.3208414,False,True
chr20:34534327-34534927|1,1,0.6509074067247734,0.67220974,0.95438564,False,True
chr20:27063000-27063600|0,0,0.4784457484285734,0.10856296,7.606695e-06,True,True
chr20:53132000-53132600|0,0,0.5739306715308561,0.06328521,0.13033177,True,True
chr21:25709133-25709733|1,1,0.40009879189263636,0.4361997,0.15939705,True,True
chr20:37254028-37254628|1,1,0.5552117708939138,0.56169784,0.44038072,True,True
chr21:15804820-15805420|1,1,0.4150959818064199,0.56233436,0.96563697,True,True
chr20:3954000-3954600|0,0,0.4668295286072538,0.41610333,0.029944023,False,True
chr21:32650045-32650645|1,1,0.4189547141700339,0.36464676,0.97385365,True,True
chr20:42615000-42615600|0,0,0.5182898757086286,0.118620306,0.00117869,True,True
chr20:54162561-54163161|1,1,0.4963924004498113,0.52984476,0.9673392,True,True
chr20:34529551-34530151|1,1,0.6112926380203335,0.4337026,0.25777796,True,True
chr20:18443163-18443763|1,1,0.5311949926673458,0.8170967,0.99087465,True,True
chr20:52585000-52585600|0,0,0.4960257957154292,0.40306965,0.21793537,True,True
chr20:37519049-37519649|1,1,0.6252198352181584,0.7932163,0.97307354,False,True
chr20:44181183-44181783|1,1,0.5286576404755284,0.8384245,0.5441796,True,True
chr20:42118199-42118799|1,1,0.6042149813222724,0.661063,0.97687453,False,True
chr20:3717000-3717600|0,0,0.6158340555647219,0.21429051,0.2033001,True,True
chr20:20465000-20465600|0,0,0.5955570444551721,0.36192495,0.41144693,True,True
chr20:14471000-14471600|0,0,0.5767091088170903,0.3035365,0.06080557,True,True
chr20:62942686-62943286|1,1,0.47477458399310635,0.5330418,0.989479,True,True
chr20:47231000-47231600|0,0,0.5562848482676201,0.7852915,0.5410048,True,True
chr21:45543000-45543600|0,0,0.7572859336560676,0.8768787,0.7856618,True,True
chr20:17508695-17509295|1,1,0.662570946756311,0.8116141,0.9333712,False,True
chr20:27462000-27462600|0,0,0.4697938249013052,0.03916136,0.0007276106,True,True
chr20:34525967-34526567|1,1,0.5942590309483262,0.8643455,0.9766259,False,True
chr21:13105000-13105600|0,0,0.3991843805482634,0.16137266,0.01850148,False,True
chr20:55069000-55069600|0,0,0.38889342670981697,0.38271445,0.27068496,True,True
chr20:20255000-20255600|0,0,0.5362006837283714,0.738826,0.71903545,True,True
chr20:6588000-6588600|0,0,0.5229607582127369,0.2898524,0.16707872,False,True
chr21:21285968-21286568|1,1,0.4133745129699037,0.20444992,0.9683754,True,True
chr20:48447000-48447600|0,0,0.4893335167036514,0.7344236,0.32025537,True,True
chr21:14582187-14582787|1,1,0.4155781334466846,0.6930551,0.8125769,True,True
chr20:32608009-32608609|1,1,0.709156924213564,0.7440242,0.5880059,False,True
chr20:37802566-37803166|1,1,0.4677328302651468,0.71019197,0.986447,True,True
chr20:1800362-1800962|1,1,0.4787559790026502,0.3155727,0.103751354,True,True
chr21:38633000-38633600|0,0,0.40280377061248085,0.4876372,0.121069595,True,True
chr21:18864000-18864600|0,0,0.4446429842371415,0.11221781,0.01883258,True,True
chr20:1939000-1939600|0,0,0.6161263444712033,0.7079978,0.29427162,True,True
chr21:42379911-42380511|1,1,0.6380645779735798,0.76755804,0.6379732,True,True
chr21:23216000-23216600|0,0,0.5346326568837068,0.2021478,0.13550724,True,True
chr20:21232433-21233033|1,1,0.4869983622422545,0.57645816,0.88601816,True,True
chr20:48480000-48480600|0,0,0.46319290307140903,0.33698317,0.2883104,True,True
chr20:7195000-7195600|0,0,0.5046167175153539,0.36215395,0.13086154,True,True
chr21:45252000-45252600|0,0,0.7131098874596984,0.8241124,0.33767536,True,True
chr21:39588000-39588600|0,0,0.42813387289297034,0.47073495,0.10751871,True,True
chr20:59264000-59264600|0,0,0.4209981209732338,0.38282764,0.4960964,True,True
chr21:22016109-22016709|1,1,0.5167592664373709,0.40872842,0.14899153,True,True
chr20:56960000-56960600|0,0,0.5785257339664447,0.72181684,0.31581107,True,True
chr20:36072377-36072977|1,1,0.4745744425276816,0.32060325,0.18918768,True,True
chr21:28975000-28975600|0,0,0.3953280298407324,0.20087232,0.04433155,False,True
chr20:16486000-16486600|0,0,0.4697938249013052,0.26897246,0.30317283,True,True
chr21:29130494-29131094|1,1,0.581030012495046,0.7191459,0.632766,True,True
chr20:6834000-6834600|0,0,0.5080544208011953,0.18559285,0.18398906,True,True
chr21:24526042-24526642|1,1,0.46599800502902405,0.26095924,0.30331016,True,True
chr21:29057891-29058491|1,1,0.5260953517388048,0.27903572,0.11725206,True,True
chr21:41789000-41789600|0,0,0.4690849424703678,0.4396651,0.33126137,True,True
chr21:18331872-18332472|1,1,0.4282601427429774,0.48589522,0.5024412,True,True
chr20:52342000-52342600|0,0,0.38294925991855794,0.58556294,0.26966512,True,True
chr20:12276000-12276600|0,0,0.6161348630283668,0.5794073,0.23106776,True,True
chr20:27837000-27837600|0,0,0.46366529457352307,0.053906932,1.802e-05,True,True
chr21:44642000-44642600|0,0,0.41754442344402926,0.491318,0.083095014,True,True
chr21:36213780-36214380|1,1,0.5182366038287974,0.6358222,0.9422983,True,True
chr20:60253058-60253658|1,1,0.6470025307827367,0.8652588,0.7046896,False,True
chr21:46210443-46211043|1,1,0.7174170029828668,0.62838304,0.30862188,False,True
chr21:18649467-18650067|1,1,0.4243942883895006,0.75698006,0.51529336,True,True
chr20:2618000-2618600|0,0,0.5031902245557319,0.511755,0.41206795,True,True
chr21:26468330-26468930|1,1,0.518336938538894,0.5500099,0.49088213,True,True
chr20:8256433-8257033|1,1,0.4693656924186128,0.47065604,0.20139134,True,True
chr21:44273000-44273600|0,0,0.6889304993467721,0.74314934,0.6509509,True,True
chr20:25090000-25090600|0,0,0.5952453633353747,0.8511568,0.9568785,True,True
chr20:33669171-33669771|1,1,0.6611663250805476,0.6993316,0.983307,False,True
chr20:36607414-36608014|1,1,0.54719125465257,0.71489847,0.99571383,True,True
chr21:13051495-13052095|1,1,0.5025040887551697,0.75850135,0.2242668,True,True
chr20:3648000-3648600|0,0,0.5993581286581443,0.55275154,0.43466136,True,True
chr21:7744000-7744600|0,0,0.5780443763224916,0.29266036,0.49995637,False,True
chr20:11618000-11618600|0,0,0.5433048674637821,0.5267308,0.29192835,True,True
chr21:27180000-27180600|0,0,0.4179821224976836,0.48061192,0.5101403,True,True
chr20:29828000-29828600|0,0,0.5965552042100761,0.8565993,0.2584023,True,True
chr20:33195000-33195600|0,0,0.5143252347444203,0.23097141,0.011743582,False,True
chr20:3600645-3601245|1,1,0.4209981209732338,0.34883413,0.9308525,True,True
chr21:42420000-42420600|0,0,0.41804331078137064,0.19298351,0.08747318,True,True
chr20:51693801-51694401|1,1,0.6599049229310213,0.89622205,0.9633654,False,True
chr21:16927000-16927600|0,0,0.3502066610129977,0.51430744,0.3893758,True,True
chr20:20637200-20637800|1,1,0.3620450552460203,0.7054218,0.8430504,True,True
chr20:60567000-60567600|0,0,0.5734711047446095,0.40001717,0.36075595,True,True
chr21:9759000-9759600|0,0,0.5277418010654247,0.74159807,0.5887232,True,True
chr20:2006631-2007231|1,1,0.5754948605726826,0.69430196,0.54275507,True,True
chr21:33797078-33797678|1,1,0.5017566744838377,0.8990109,0.9958566,True,True
chr20:64000776-64001376|1,1,0.6526597185116108,0.6201322,0.9821438,True,True
chr21:30753000-30753600|0,0,0.47447011219854024,0.54765505,0.23602124,False,True
chr20:6066000-6066600|0,0,0.4097223475367257,0.38631365,0.11281758,True,True
chr20:14636145-14636745|1,1,0.5055798722257633,0.67168003,0.21912731,True,True
chr21:46222437-46223037|1,1,0.6948641011290319,0.41813526,0.95855945,True,True
chr20:33412125-33412725|1,1,0.6966132414372284,0.8735502,0.9961402,False,True
chr21:44093762-44094362|1,1,0.5278262927704608,0.87458515,0.9807387,True,True
chr21:22939000-22939600|0,0,0.45587478156165634,0.5589469,0.18499777,True,True
chr20:62914105-62914705|1,1,0.5413890836933046,0.7344015,0.9598653,True,True
chr21:19402000-19402600|0,0,0.35939593859558966,0.3279111,0.09492082,True,True
chr21:21903000-21903600|0,0,0.5967642033045104,0.41538382,0.021718517,True,True
chr21:7210000-7210600|0,0,0.4466687682068377,0.096106894,0.006715593,True,True
chr21:12507000-12507600|0,0,0.4596731820595006,0.07743905,2.8616655e-06,False,True
chr20:21103172-21103772|1,1,0.6029728582290127,0.7977754,0.17629836,False,True
chr21:45789000-45789600|0,0,0.5734909548155386,0.10505023,0.037953585,True,True
chr21:46633000-46633600|0,0,0.5206103221511789,0.13973202,0.08843942,True,True
chr20:4859083-4859683|1,1,0.4829404946285343,0.644278,0.995695,True,True
chr20:20262655-20263255|1,1,0.46687973188408116,0.58951676,0.8223328,True,True
chr21:28966878-28967478|1,1,0.5023348176275851,0.61230534,0.99613225,True,True
chr21:10330000-10330600|0,0,0.48236656516341275,0.51456815,0.25237182,True,True
chr21:36477262-36477862|1,1,0.5761688872331738,0.76672727,0.40072113,True,True
chr20:14177000-14177600|0,0,0.4914545715900486,0.13232465,0.022852857,True,True
chr20:57726000-57726600|0,0,0.610706935484542,0.46755373,0.33063743,True,True
chr21:46381393-46381993|1,1,0.5231405526122949,0.6270913,0.9701029,True,True
chr20:14129000-14129600|0,0,0.40883372636017457,0.50463855,0.019182807,True,True
chr20:44887347-44887947|1,1,0.46422090475189587,0.47208035,0.4406863,True,True
chr21:44098056-44098656|1,1,0.57313357085845,0.5577779,0.95907116,True,True
chr21:39177270-39177870|1,1,0.3760070485663869,0.68372786,0.67964363,True,True
chr20:49153770-49154370|1,1,0.4690333766067637,0.63216263,0.9568443,True,True
chr20:10237706-10238306|1,1,0.5507188656598607,0.61543065,0.6775545,True,True
chr21:33265601-33266201|1,1,0.5561090771703344,0.93074703,0.715071,True,True
chr21:32268816-32269416|1,1,0.44170667523067353,0.30482298,0.5073943,True,True
chr21:30393000-30393600|0,0,0.4396668226730936,0.52292293,0.441809,True,True
chr20:59030128-59030728|1,1,0.40295935076020917,0.7439276,0.9451174,True,True
chr20:53137152-53137752|1,1,0.515781135064537,0.7678132,0.47217542,True,True
chr20:51174000-51174600|0,0,0.42557510006060867,0.457872,0.1921272,True,True
chr20:24558000-24558600|0,0,0.4201972632883814,0.32193956,0.09820541,True,True
chr20:33540000-33540600|0,0,0.3838587469636119,0.3336918,0.27427852,True,True
chr21:29759719-29760319|1,1,0.4812505308548462,0.3986028,0.5346845,True,True
chr21:39216876-39217476|1,1,0.49768826398532967,0.12126631,0.19229299,True,True
chr20:50587031-50587631|1,1,0.6305051783416226,0.6623047,0.88814515,False,True
chr20:45909370-45909970|1,1,0.6446020079238775,0.85050815,0.9962549,False,True
chr20:23714000-23714600|0,0,0.4394707573258428,0.6839849,0.5853868,False,True
chr20:50468000-50468600|0,0,0.5385950966209636,0.6573433,0.2879719,True,True
chr20:32093562-32094162|1,1,0.6197937709149951,0.73211724,0.9740442,True,True
chr20:12462000-12462600|0,0,0.4206901269842927,0.5757249,0.06809641,False,True
chr20:41029130-41029730|1,1,0.7830428998382206,0.8317892,0.8197723,True,True
chr21:7309000-7309600|0,0,0.44128021249175176,0.03861562,0.016835488,False,True
chr20:31559310-31559910|1,1,0.5975701310812926,0.5799978,0.5658439,True,True
chr21:17763286-17763886|1,1,0.4909237493592569,0.79849267,0.55657744,True,True
chr20:13955830-13956430|1,1,0.3528450991781699,0.24573766,0.6065963,True,True
chr20:17438000-17438600|0,0,0.4718250997446099,0.55247664,0.67061853,False,True
chr21:5738000-5738600|0,0,0.44868913818924944,0.6270917,0.3236661,True,True
chr20:41204765-41205365|1,1,0.5399075495027724,0.8159419,0.9884671,True,True
chr21:29534000-29534600|0,0,0.4662573806569502,0.6079929,0.48080617,False,True
chr20:13528210-13528810|1,1,0.408913621457214,0.6110372,0.9122423,True,True
chr20:42378000-42378600|0,0,0.5225008381421562,0.2954519,0.3119991,True,True
chr20:50180000-50180600|0,0,0.6023858662884282,0.20767947,0.33681393,True,True
chr20:38879000-38879600|0,0,0.5296340210686555,0.69906586,0.82120794,True,True
chr21:37354000-37354600|0,0,0.38066198760304637,0.32513183,0.015958635,True,True
chr20:54702000-54702600|0,0,0.5828931805416275,0.3252073,0.24454455,True,True
chr20:44177671-44178271|1,1,0.47903520928185506,0.5855879,0.6414965,True,True
chr21:25414000-25414600|0,0,0.4723446753583515,0.11197816,0.11047549,True,True
chr21:23540000-23540600|0,0,0.4690849424703678,0.5445517,0.40840524,True,True
chr20:32792325-32792925|1,1,0.67112641771843,0.42099836,0.99274445,True,True
chr20:22449292-22449892|1,1,0.549686079311172,0.6718848,0.7887902,True,True
chr20:10555930-10556530|1,1,0.4699033935382115,0.5294676,0.58048916,True,True
chr21:42477143-42477743|1,1,0.6227297934375177,0.57505107,0.18347824,True,True
chr20:37771000-37771600|0,0,0.48996669607064985,0.5366761,0.37625316,False,True
chr20:9990000-9990600|0,0,0.46160125776886907,0.25046226,0.20914695,True,True
chr20:60249193-60249793|1,1,0.5748205530080852,0.620728,0.26211157,True,True
chr21:22834000-22834600|0,0,0.3450988839004675,0.19421092,0.01360108,True,True
chr20:24834000-24834600|0,0,0.545138606824908,0.808964,0.53816986,True,True
chr20:25921000-25921600|0,0,0.4145695640612416,0.4752469,0.14274986,True,True
chr21:32607415-32608015|1,1,0.5226197188196628,0.4364414,0.89063483,True,True
chr20:13270203-13270803|1,1,0.5036449179921387,0.7481746,0.9797329,True,True
chr20:40912000-40912600|0,0,0.6155815381821097,0.76594245,0.4184359,True,True
chr20:17645000-17645600|0,0,0.5905748433358803,0.8132035,0.45921606,True,True
chr20:32069387-32069987|1,1,0.4508043686692679,0.48184538,0.67342925,True,True
chr20:50105000-50105600|0,0,0.4023791736045119,0.37763715,0.51744133,True,True
chr21:37885000-37885600|0,0,0.5627269345482226,0.42968887,0.35633665,True,True
chr20:3159000-3159600|0,0,0.5634358414881883,0.7259766,0.5944498,True,True
chr20:499004-499604|1,1,0.51119319698368,0.8179565,0.8719586,True,True
chr21:21399000-21399600|0,0,0.392940170328565,0.46567732,0.51542217,True,True
chr21:43004025-43004625|1,1,0.4994329606774391,0.27087587,0.1339046,True,True
chr21:39894000-39894600|0,0,0.48324560695966534,0.24584241,0.1942845,True,True
chr20:62633667-62634267|1,1,0.5942590309483262,0.9299348,0.70294005,True,True
chr21:21978000-21978600|0,0,0.46926867393529026,0.21187755,0.122049406,True,True
chr20:13282000-13282600|0,0,0.5637279579853064,0.49243972,0.27663785,True,True
chr21:24183000-24183600|0,0,0.4326396090801638,0.4779546,0.3960243,True,True
chr20:59528000-59528600|0,0,0.5116533671624202,0.5005069,0.07933001,True,True
chr20:42063206-42063806|1,1,0.5552493847738127,0.8562919,0.3149046,True,True
chr21:20711000-20711600|0,0,0.45918024981576777,0.45152274,0.34203276,False,True
chr20:34581371-34581971|1,1,0.6441260186463186,0.7181819,0.97280574,True,True
chr21:25843000-25843600|0,0,0.48954431238182616,0.35449895,0.73262686,False,True
chr21:8603000-8603600|0,0,0.43748411635768386,0.6648994,0.48201317,False,True
chr21:42234000-42234600|0,0,0.6248507831859257,0.84080005,0.23845841,True,True
chr20:35672543-35673143|1,1,0.5353084042137446,0.5592877,0.9724204,True,True
chr21:43864000-43864600|0,0,0.703232910411714,0.9251499,0.4085791,True,True
chr20:28186000-28186600|0,0,0.46323421452652774,0.05610468,2.3184934e-05,False,True
chr21:33754996-33755596|1,1,0.4068356666330868,0.28441778,0.24443994,True,True
chr21:31126851-31127451|1,1,0.4921540293998515,0.7412851,0.9930565,True,True
chr21:16858000-16858600|0,0,0.3626714853978563,0.48826253,0.5876261,False,False
chr21:46599202-46599802|1,1,0.5030070558790581,0.6538259,0.97514206,True,True
chr20:21759000-21759600|0,0,0.4760391997388617,0.45541453,0.07782248,False,True
chr21:31801000-31801600|0,0,0.5956558550909363,0.45011163,0.16891168,True,True
chr21:6324000-6324600|0,0,0.5898319276767681,0.8356019,0.83923006,True,True
chr21:9639000-9639600|0,0,0.42188194477895447,0.8270099,0.37637633,True,True
chr21:13363000-13363600|0,0,0.544203190802917,0.47619915,0.21540911,True,True
chr20:48265224-48265824|1,1,0.4870451700152816,0.60996294,0.5251779,True,True
chr20:18510521-18511121|1,1,0.5312792869705125,0.6464162,0.955057,True,True
chr21:37099000-37099600|0,0,0.4069127154100059,0.3204131,0.19822186,True,True
chr21:35339000-35339600|0,0,0.4634009395457779,0.26197022,0.058697507,True,True
chr20:42387000-42387600|0,0,0.44762528980313976,0.75448924,0.39799026,False,True
chr21:39231983-39232583|1,1,0.4199279361072918,0.7250791,0.99859744,True,True
chr20:29870000-29870600|0,0,0.4577453507486486,0.50933343,0.038077693,True,True
chr20:54033000-54033600|0,0,0.42190972537674437,0.139813,0.0041670376,True,True
chr21:46639000-46639600|0,0,0.36024841550982567,0.28039378,0.07008654,True,True
chr20:4883522-4884122|1,1,0.5673965445569309,0.81565595,0.99114263,True,True
chr20:62165121-62165721|1,1,0.6849898398500118,0.91175586,0.9494558,True,True
chr20:58243404-58244004|1,1,0.5288013711037512,0.7874265,0.84605813,True,True
chr21:6810556-6811156|1,1,0.4699006423452804,0.54086727,0.8148107,True,True
chr20:34090301-34090901|1,1,0.48694888840197,0.11365478,0.9247627,True,True
chr20:31498000-31498600|0,0,0.6342292351849758,0.36254925,0.34995645,True,True
chr20:29354000-29354600|0,0,0.45918024981576777,0.3060298,0.28801507,False,True
chr21:33864850-33865450|1,1,0.6109691809566279,0.7654407,0.9890661,True,True
chr21:26231000-26231600|0,0,0.576080299371723,0.6020552,0.0056261425,True,True
chr20:15552100-15552700|1,1,0.5073680270185758,0.5937716,0.5193609,True,True
chr21:44421969-44422569|1,1,0.6375243996637148,0.8799576,0.41854414,True,True
chr21:21777000-21777600|0,0,0.5379828991184944,0.1724342,0.06453833,True,True
chr20:57280113-57280713|1,1,0.5909031935215296,0.7398747,0.6980358,True,True
chr20:31225000-31225600|0,0,0.43977118712505914,0.019708788,0.0045178514,False,True
chr20:34979089-34979689|1,1,0.6771896957295066,0.7220554,0.98946685,False,True
chr21:9792000-9792600|0,0,0.4339326464863011,0.48722747,0.44746116,True,True
chr20:40651000-40651600|0,0,0.40439611786292484,0.20065549,0.038118105,True,True
chr21:37159398-37159998|1,1,0.4659994532977673,0.4056976,0.82467145,True,True
chr21:33252361-33252961|1,1,0.4306858068215659,0.66126895,0.4271463,True,True
chr21:39063000-39063600|0,0,0.5820106628050331,0.76130474,0.26116782,True,True
chr21:43633120-43633720|1,1,0.44510894702320425,0.42689535,0.94373316,True,True
chr20:35180000-35180600|0,0,0.5928362415849727,0.263552,0.5388774,True,True
chr20:20589064-20589664|1,1,0.4499397563772447,0.7904868,0.60744613,True,True
chr21:15219956-15220556|1,1,0.4580726749515918,0.23687126,0.34045583,True,True
chr20:23843000-23843600|0,0,0.5463433901433526,0.6335908,0.66319746,True,True
chr20:25132000-25132600|0,0,0.5377323871732023,0.36568174,0.013348207,True,True
chr21:44328930-44329530|1,1,0.6762267303499948,0.7315717,0.48646384,True,True
chr21:24960000-24960600|0,0,0.5306867377728646,0.2949151,0.14263514,True,True
chr20:62660111-62660711|1,1,0.7137124907855318,0.88656414,0.9519972,False,True
chr20:47661595-47662195|1,1,0.6082369479278282,0.89511377,0.98927397,True,True
chr20:60271766-60272366|1,1,0.4709254574202739,0.7327254,0.52680856,True,True
chr21:32319113-32319713|1,1,0.6179857463711985,0.77065766,0.9843944,True,True
chr20:35120000-35120600|0,0,0.5663092256429999,0.18172485,0.19848567,True,True
chr20:2751399-2751999|1,1,0.7157775277553083,0.89263546,0.99445325,True,True
chr21:35612000-35612600|0,0,0.5587226974396982,0.31502536,0.22341363,True,True
chr20:41254334-41254934|1,1,0.47673750945829335,0.2396549,0.05045538,True,True
chr20:18807000-18807600|0,0,0.4611524502152283,0.17983298,0.1775066,True,True
chr20:10104093-10104693|1,1,0.50376085317813,0.572669,0.30908832,True,True
chr20:48825000-48825600|0,0,0.5280469912517461,0.62099576,0.68818426,True,True
chr20:61852453-61853053|1,1,0.7070459404220986,0.90218616,0.96200264,True,True
chr20:32327255-32327855|1,1,0.5440489902751997,0.8992736,0.9852057,True,True
chr21:14378111-14378711|1,1,0.44379720452814175,0.5340126,0.9967603,True,True
chr21:19702000-19702600|0,0,0.47384208964791724,0.45440668,0.15947132,False,True
chr20:56198000-56198600|0,0,0.4665190837687663,0.3617052,0.34494832,True,True
chr20:14417000-14417600|0,0,0.4018658660026226,0.033627853,0.038897514,True,True
chr21:45411000-45411600|0,0,0.6851924411406255,0.8501333,0.61749613,True,True
chr21:14798000-14798600|0,0,0.36787682326941984,0.34388515,0.14256226,True,True
chr20:58985792-58986392|1,1,0.4941536973461516,0.60798216,0.9756669,True,True
chr20:3007043-3007643|1,1,0.4581786665361945,0.5455713,0.5797896,True,True
chr21:43783000-43783600|0,0,0.6036348708388624,0.72882944,0.75412136,True,True
chr21:26480128-26480728|1,1,0.46227463888035436,0.628046,0.99610233,True,True
chr20:54285000-54285600|0,0,0.52403992431489,0.5242785,0.27145326,False,True
chr20:36660083-36660683|1,1,0.5195110093778871,0.48532042,0.79454756,True,True
chr20:27660000-27660600|0,0,0.47135194162066685,0.053057306,8.519631e-06,False,True
chr20:16105000-16105600|0,0,0.49394783825496363,0.49960384,0.19686311,True,True
chr20:46379698-46380298|1,1,0.5098472841664565,0.6303962,0.45928332,True,True
chr21:39499522-39500122|1,1,0.5212522189575524,0.44313216,0.8997024,True,True
chr20:279029-279629|1,1,0.7490369876943882,0.60507214,0.91613096,False,True
chr20:64120000-64120600|0,0,0.6755989346138676,0.556324,0.4627983,True,True
chr20:22271200-22271800|1,1,0.61005050900983,0.49096313,0.63722354,False,True
chr21:46484456-46485056|1,1,0.39936600538975503,0.48259306,0.8049099,True,True
chr20:46024000-46024600|0,0,0.5845046319490125,0.32181257,0.24857822,True,True
chr20:46227326-46227926|1,1,0.7413092922342087,0.9462597,0.99257267,False,True
chr20:17660227-17660827|1,1,0.5665461413132786,0.7237166,0.9999393,True,True
chr20:5100630-5101230|1,1,0.4895010398672074,0.84441423,0.98428506,True,True
chr20:47246216-47246816|1,1,0.5333247682765498,0.7724708,0.82191837,True,True
chr20:13292073-13292673|1,1,0.513533684821651,0.8938947,0.99327266,True,True
chr20:63700229-63700829|1,1,0.7204569618416967,0.9509572,0.99919254,False,True
chr21:26753000-26753600|0,0,0.3294316580080344,0.41007438,0.10172524,False,False
chr21:33942733-33943333|1,1,0.5574687552708075,0.35050505,0.069225065,True,True
chr21:39250588-39251188|1,1,0.37454527148093547,0.41592374,0.98901564,True,True
chr20:27729000-27729600|0,0,0.4643716339737819,0.07547355,3.9615195e-05,True,True
chr21:39428202-39428802|1,1,0.4502165522581814,0.37933886,0.8454554,True,True
chr20:3921568-3922168|1,1,0.5473165334266107,0.29433924,0.4657326,True,True
chr20:34129000-34129600|0,0,0.5720026864292609,0.6392156,0.49469206,True,True
chr20:52072000-52072600|0,0,0.5524771887981191,0.3459278,0.35874364,True,True
chr21:28930209-28930809|1,1,0.41002182041053564,0.6206601,0.98995984,True,True
chr21:33348249-33348849|1,1,0.48503368677991393,0.3568368,0.30504692,True,True
chr20:51720000-51720600|0,0,0.4582967059669028,0.5155626,0.56016856,False,True
chr21:36141645-36142245|1,1,0.5596321640834888,0.71735543,0.49659878,True,True
chr21:16417157-16417757|1,1,0.4618085570727334,0.74922436,0.44267043,True,True
chr21:45111000-45111600|0,0,0.5765057944775447,0.77202755,0.29786357,True,True
chr20:5549000-5549600|0,0,0.4720625987891544,0.33878595,0.9971398,True,True
chr20:35987094-35987694|1,1,0.5989453733959018,0.64756894,0.9721344,False,True
chr20:10096000-10096600|0,0,0.475462094884789,0.45334387,0.27624243,True,True
chr20:42270152-42270752|1,1,0.5729824768521703,0.7742228,0.49546874,True,True
chr20:21741000-21741600|0,0,0.5122607341649169,0.16576785,0.08108586,True,True
chr20:35721576-35722176|1,1,0.4604173877918357,0.6206933,0.82496357,True,True
chr20:31849573-31850173|1,1,0.7070462792019484,0.91181564,0.99469674,False,True
chr20:43732000-43732600|0,0,0.5464882700451391,0.32513383,0.46970057,True,True
chr21:37951401-37952001|1,1,0.5305809124685443,0.46888608,0.25410473,True,True
chr20:430049-430649|1,1,0.6836948713279394,0.81483316,0.7449052,False,True
chr20:63448760-63449360|1,1,0.6712663530517691,0.79463553,0.24416532,False,True
chr20:38186000-38186600|0,0,0.37555699604505316,0.24873246,0.027934298,True,True
chr20:9405012-9405612|1,1,0.4009487341433613,0.63904405,0.29862815,True,True
chr20:45105000-45105600|0,0,0.5475808483608139,0.7571144,0.14585048,True,True
chr21:37232150-37232750|1,1,0.5405418865744306,0.9400432,0.9973807,True,True
chr20:1150000-1150600|0,0,0.501727760096704,0.6042896,0.0955255,True,True
chr20:4792326-4792926|1,1,0.6115897732439136,0.874772,0.9869183,True,True
chr20:1477102-1477702|1,1,0.5543453927233608,0.34184048,0.8868082,True,True
chr20:30261000-30261600|0,0,0.5417593539637511,0.46666092,0.04815929,True,True
chr20:52750000-52750600|0,0,0.4963138687323886,0.5822533,0.19655603,True,True
chr20:22453187-22453787|1,1,0.4825219256729823,0.6048845,0.7172093,True,True
chr21:44573000-44573600|0,0,0.6362725796072589,0.5028398,0.3074886,True,True
chr20:31475926-31476526|1,1,0.6428558599205304,0.6022279,0.71585953,False,True
chr20:31600000-31600600|0,0,0.5995707471706139,0.11693111,0.086528756,True,True
chr20:39702000-39702600|0,0,0.5178592763086592,0.4140579,0.38546988,False,True
chr20:47757162-47757762|1,1,0.6258045994095051,0.97151935,0.99862957,True,True
chr21:29654562-29655162|1,1,0.4934107255706219,0.5548048,0.9854035,True,True
chr20:16417000-16417600|0,0,0.5392464323408908,0.47105575,0.2206208,True,True
chr20:46177896-46178496|1,1,0.6702454232611679,0.79269385,0.9749699,True,True
chr21:15315000-15315600|0,0,0.4910390651210498,0.529271,0.1072041,True,True
chr21:40621099-40621699|1,1,0.5264231116356408,0.4233655,0.16128385,True,True
chr21:19915000-19915600|0,0,0.3878628348248244,0.6598367,0.25606835,True,True
chr21:26321000-26321600|0,0,0.5115771097607921,0.55634636,0.14133778,True,True
chr21:31930000-31930600|0,0,0.5790149704175941,0.6611345,0.33681726,True,True
chr21:7129000-7129600|0,0,0.6320453952319998,0.9165307,0.99471575,True,True
chr20:22068138-22068738|1,1,0.5120508482443392,0.67942566,0.7519273,True,True
chr20:20032207-20032807|1,1,0.4145695640612416,0.6625698,0.97780675,True,True
chr21:31927000-31927600|0,0,0.5862049820751417,0.1603332,0.089754954,True,True
chr21:17916919-17917519|1,1,0.5450308038434102,0.58861375,0.37824178,True,True
chr20:60978000-60978600|0,0,0.5573921928066092,0.41481665,0.26783606,True,True
chr20:36813000-36813600|0,0,0.524902097624405,0.46753863,0.30505553,True,True
chr21:28822000-28822600|0,0,0.38831387567321485,0.15573122,0.09284105,True,True
chr20:58090000-58090600|0,0,0.6175201910334182,0.22874036,0.20244226,True,True
chr21:31702078-31702678|1,1,0.40568978690870683,0.43629918,0.99496645,True,True
chr20:35493128-35493728|1,1,0.6124984717247247,0.44666547,0.95574236,False,True
chr20:34558907-34559507|1,1,0.7868255151475402,0.92648137,0.99378127,False,True
chr21:23684000-23684600|0,0,0.4867611090834685,0.33014125,0.15046985,False,True
chr20:17225350-17225950|1,1,0.4646758147159762,0.665689,0.77341783,True,True
chr20:1924463-1925063|1,1,0.6008062819417402,0.54399526,0.977235,False,True
chr21:35540000-35540600|0,0,0.5301914136784543,0.3459702,0.25672096,False,True
chr20:41112481-41113081|1,1,0.5333757094333981,0.59926885,0.9407453,True,True
chr20:24300000-24300600|0,0,0.5094449948255754,0.2538509,0.040903207,True,True
chr21:14093000-14093600|0,0,0.7178900397782403,0.5732268,0.39566994,True,True
chr20:34507394-34507994|1,1,0.40919918309335174,0.198475,0.86783963,True,True
chr21:25748735-25749335|1,1,0.3775040799505628,0.67086726,0.7671375,True,True
chr20:44795000-44795600|0,0,0.6131328913770888,0.30368492,0.038699746,True,True
chr20:32114000-32114600|0,0,0.5368665177206289,0.24187751,0.09206526,True,True
chr21:43639000-43639600|0,0,0.3873479142356017,0.26603332,0.07138489,True,True
chr21:12648000-12648600|0,0,0.44327130798964476,0.051916733,0.0006006217,True,True
chr20:2450000-2450600|0,0,0.46432927150693015,0.24415326,0.015364374,False,True
chr20:7276000-7276600|0,0,0.50376085317813,0.32069704,0.07916391,True,True
chr21:29537084-29537684|1,1,0.5021173466059552,0.5438783,0.48582983,True,True
chr21:19303068-19303668|1,1,0.4384217023859224,0.72560894,0.4444856,True,True
chr21:45486560-45487160|1,1,0.7165733403750263,0.9550612,0.96699345,False,True
chr21:44033000-44033600|0,0,0.41667050602599404,0.49180797,0.671441,True,True
chr20:30687000-30687600|0,0,0.417985383046508,0.17750832,0.2615028,True,True
chr20:21388972-21389572|1,1,0.4189634924654088,0.4515486,0.64658463,True,True
chr20:16717371-16717971|1,1,0.5213772604495391,0.43400043,0.08365277,True,True
chr20:35012765-35013365|1,1,0.5987793558208817,0.70649284,0.925742,False,True
chr20:38060000-38060600|0,0,0.5147269482095568,0.38213468,0.39030576,True,True
chr20:59252677-59253277|1,1,0.4981778304341985,0.48884115,0.8544534,True,True
chr20:44858000-44858600|0,0,0.5531077814686193,0.12939252,0.11746309,True,True
chr20:60081000-60081600|0,0,0.5322244409322554,0.64847267,0.44865105,True,True
chr20:35681680-35682280|1,1,0.48141649968186495,0.1570959,0.917997,True,True
chr20:64037626-64038226|1,1,0.7086119421859511,0.88461936,0.94825727,True,True
chr21:15102788-15103388|1,1,0.43731703314509873,0.48324937,0.39741918,True,True
chr21:39300000-39300600|0,0,0.5326249817442417,0.31864664,0.10299868,True,True
chr20:37177000-37177600|0,0,0.4904782611417273,0.2974466,0.13526607,True,True
chr20:54154460-54155060|1,1,0.4600555935813264,0.5769352,0.68719757,True,True
chr20:40360000-40360600|0,0,0.47588719833629556,0.5070311,0.3703125,True,True
chr21:46462411-46463011|1,1,0.447509642495588,0.5918269,0.5185679,True,True
chr20:50619831-50620431|1,1,0.6296350715695622,0.7874038,0.98036385,False,True
chr21:41180132-41180732|1,1,0.5732388287298587,0.86265606,0.23598441,True,True
chr21:8225873-8226473|1,1,0.6354499981404619,0.7364909,0.56656337,False,True
chr21:9124120-9124720|1,1,0.46553147815628537,0.08288964,0.27476484,True,True
chr21:42111205-42111805|1,1,0.7283409976823411,0.4613117,0.52202505,False,True
chr21:22231000-22231600|0,0,0.3869583431791673,0.2858556,0.12104564,True,True
chr20:46528000-46528600|0,0,0.5207170105912552,0.48114118,0.2409543,True,True
chr21:6111000-6111600|0,0,0.8419248868997506,0.38789594,0.7587207,False,True
chr20:62546557-62547157|1,1,0.7189186687039103,0.72604585,0.4600188,True,True
chr20:23411000-23411600|0,0,0.45058016704076503,0.34796432,0.21885842,False,True
chr20:47972000-47972600|0,0,0.6039050069017614,0.8262477,0.21483341,True,True
chr20:41684000-41684600|0,0,0.49387038217812246,0.21676752,0.16189012,True,True
chr20:14684542-14685142|1,1,0.4972726406898345,0.79657865,0.56892675,True,True
chr20:35669384-35669984|1,1,0.5937990161490062,0.39619797,0.7789349,True,True
chr21:43359185-43359785|1,1,0.632821307221511,0.6520066,0.53822315,True,True
chr20:39756000-39756600|0,0,0.46310595507648483,0.71063465,0.25355306,False,True
chr20:48007719-48008319|1,1,0.5501272350887307,0.4952462,0.15897392,True,True
chr20:37060968-37061568|1,1,0.3834318450956812,0.5352245,0.9983163,True,True
chr20:58390000-58390600|0,0,0.5534221686893376,0.86673206,0.41619435,True,True
chr21:33165390-33165990|1,1,0.5090426932515818,0.6193064,0.73075116,True,True
chr21:46549470-46550070|1,1,0.5750297949345957,0.919846,0.98995095,True,True
chr20:3811229-3811829|1,1,0.5752492028195579,0.82920086,0.5035829,True,True
chr20:34919134-34919734|1,1,0.581422831596492,0.4848505,0.9869214,False,True
chr21:17201000-17201600|0,0,0.4132608698663737,0.36397776,0.039923385,True,True
chr21:27117000-27117600|0,0,0.44620678268332165,0.5091173,0.29834643,False,True
chr20:19049340-19049940|1,1,0.635490103560184,0.90967935,0.80168515,False,True
chr20:6495000-6495600|0,0,0.4589522942781552,0.5404332,0.23844035,True,True
chr21:37699000-37699600|0,0,0.49238047380238115,0.45586506,0.40402922,True,True
chr21:33802129-33802729|1,1,0.4678169060900564,0.67187047,0.7616913,True,True
chr20:6699000-6699600|0,0,0.5340315606131254,0.22154044,0.2969838,False,True
chr21:38822373-38822973|1,1,0.6536312987399835,0.9327853,0.9965875,False,True
chr21:45663000-45663600|0,0,0.5649054438376571,0.7940999,0.34138906,True,True
chr20:3381197-3381797|1,1,0.4608653266860954,0.76226074,0.9583881,True,True
chr20:51639203-51639803|1,1,0.5974590502789794,0.6876208,0.99218434,True,True
chr21:42472569-42473169|1,1,0.4785824394390474,0.60157114,0.9147228,True,True
chr21:32189000-32189600|0,0,0.5958005119773417,0.4372913,0.20221819,True,True
chr21:40042372-40042972|1,1,0.6017913021301414,0.9416106,0.9992073,True,True
chr20:49093839-49094439|1,1,0.433954310857837,0.82707083,0.9845633,True,True
chr20:45666868-45667468|1,1,0.5388772173379841,0.41726404,0.76055264,True,True
chr20:36244396-36244996|1,1,0.5682643462568812,0.7520576,0.98918086,True,True
chr20:22589110-22589710|1,1,0.48453829619322863,0.7531251,0.3792332,True,True
chr20:35582000-35582600|0,0,0.6718331943667184,0.66065896,0.9983911,True,True
chr21:24531000-24531600|0,0,0.4949886608523088,0.21825613,0.37484768,True,True
chr21:33915676-33916276|1,1,0.6307950258617145,0.9189427,0.9176908,True,True
chr21:15808508-15809108|1,1,0.3860650546088577,0.47182283,0.9241628,True,True
chr20:63520983-63521583|1,1,0.7926925204575132,0.9170391,0.9189243,False,True
chr20:31942644-31943244|1,1,0.6606204938564826,0.81666994,0.902718,False,True
chr20:53240000-53240600|0,0,0.48245339854514446,0.4642447,0.22312596,False,True
chr20:10991297-10991897|1,1,0.5057202207436015,0.52351326,0.443357,True,True
chr21:43736653-43737253|1,1,0.6634982120392722,0.60448533,0.08998741,True,True
chr21:44324190-44324790|1,1,0.7494367650558225,0.9308661,0.98151404,False,True
chr21:30948000-30948600|0,0,0.4353874393300623,0.3184658,0.09982032,True,True
chr21:14375518-14376118|1,1,0.5228898952082002,0.640377,0.94955844,True,True
chr20:45435670-45436270|1,1,0.5583741814277169,0.75210124,0.6633688,True,True
chr20:34942326-34942926|1,1,0.6417214510859037,0.72979903,0.9708819,False,True
chr20:56436863-56437463|1,1,0.6363962310593827,0.7086416,0.96098244,True,True
chr20:60036000-60036600|0,0,0.5551569258212309,0.626956,0.4196162,True,True
chr20:58462000-58462600|0,0,0.5947610703159212,0.5202046,0.28751984,True,True
chr21:33156261-33156861|1,1,0.5302234405072855,0.6028663,0.7507646,True,True
chr20:53276000-53276600|0,0,0.5143207473844271,0.39373076,0.44975007,True,True
chr20:44064476-44065076|1,1,0.6425095741918986,0.7187721,0.9248934,False,True
chr20:24142665-24143265|1,1,0.6051970131707928,0.43593058,0.10833309,True,True
chr21:31714000-31714600|0,0,0.46159266586380343,0.2843942,0.16578461,False,True
chr21:36630000-36630600|0,0,0.5119683890859638,0.43312943,0.7735435,False,True
chr20:390986-391586|1,1,0.6669985286341379,0.83972394,0.98414433,False,True
chr20:22510498-22511098|1,1,0.556979545562017,0.58557093,0.9284385,True,True
chr20:17975383-17975983|1,1,0.5245799336805961,0.75344515,0.9965019,True,True
chr21:41395286-41395886|1,1,0.5611606710656024,0.5703025,0.9923665,True,True
chr20:36211971-36212571|1,1,0.6112752302566207,0.3774028,0.9345417,False,True
chr21:14312643-14313243|1,1,0.4096920887069181,0.31417444,0.9859432,True,True
chr20:18426858-18427458|1,1,0.516363550048159,0.58257186,0.8660972,True,True
chr20:64048661-64049261|1,1,0.806748314072785,0.7661039,0.99916923,False,True
chr20:51984000-51984600|0,0,0.4705695271401414,0.13371834,0.22222993,False,True
chr20:25752262-25752862|1,1,0.4033117637088141,0.52966493,0.9769026,True,True
chr21:46612000-46612600|0,0,0.3830902882373327,0.34041753,0.016020937,True,True
chr20:25363000-25363600|0,0,0.5053641122120773,0.3774674,0.08281181,True,True
chr21:11687000-11687600|0,0,0.4741870003249098,0.052764382,0.004431139,True,True
chr20:4258000-4258600|0,0,0.529244927383765,0.31957942,0.17500766,True,True
chr21:16507000-16507600|0,0,0.40339439567585306,0.4052831,0.59456193,True,True
chr21:41421537-41422137|1,1,0.5747725804447197,0.6169729,0.13661815,True,True
chr21:45228000-45228600|0,0,0.5556873316325603,0.5913616,0.7202608,True,True
chr20:53273080-53273680|1,1,0.5666039323780571,0.27981052,0.19064488,True,True
chr20:45418551-45419151|1,1,0.6149226379932741,0.71873856,0.9688465,False,True
chr21:8144000-8144600|0,0,0.6295965510231121,0.56605124,0.019131565,True,True
chr21:18825000-18825600|0,0,0.4348814726334242,0.6621075,0.056815576,True,True
chr21:41338077-41338677|1,1,0.5622362856525823,0.77822196,0.97430056,True,True
chr20:28291000-28291600|0,0,0.46737841571953664,0.057978477,1.745367e-05,True,True
chr20:53789000-53789600|0,0,0.4951656981896501,0.118851215,0.12561329,True,True
chr20:10042821-10043421|1,1,0.4438354255570767,0.61599714,0.9369042,True,True
chr21:10705000-10705600|0,0,0.56384193053204,0.017941762,0.0071951468,True,True
chr20:56370039-56370639|1,1,0.5241414155484876,0.8114891,0.98775405,True,True
chr20:32030700-32031300|1,1,0.6956827099540915,0.9463042,0.9904552,False,True
chr21:44037491-44038091|1,1,0.5435396188207572,0.8614625,0.96954435,True,True
chr21:7378000-7378600|0,0,0.39639099170564945,0.07543116,0.022475772,True,True
chr21:45220535-45221135|1,1,0.6659700136034532,0.93691665,0.987887,False,True
chr20:3555000-3555600|0,0,0.59904182111803,0.2997949,0.08450649,True,True
chr21:24081000-24081600|0,0,0.3747029250002038,0.2895539,0.16217807,True,True
chr20:64213233-64213833|1,1,0.6236724444706312,0.51355577,0.97864187,True,True
chr20:12102000-12102600|0,0,0.38353792230319367,0.5131213,0.28007856,True,True
chr21:20257045-20257645|1,1,0.508570266393056,0.37618977,0.20276214,True,True
chr21:30209035-30209635|1,1,0.5563110714699113,0.70585674,0.8227741,True,True
chr20:12846000-12846600|0,0,0.5317736630153935,0.778829,0.38443446,True,True
chr20:57519076-57519676|1,1,0.4942776127555575,0.8766117,0.9499923,True,True
chr21:17777318-17777918|1,1,0.45201143927960663,0.42782947,0.2986348,True,True
chr21:19372000-19372600|0,0,0.49771751370421724,0.21063673,0.09898358,True,True
chr20:7480000-7480600|0,0,0.4857436032707621,0.28525344,0.1775883,False,True
chr20:37746167-37746767|1,1,0.5198432866924423,0.70172817,0.99853706,True,True
chr21:38975546-38976146|1,1,0.529932693179029,0.6869529,0.91176844,True,True
chr20:46255000-46255600|0,0,0.6083578122945651,0.46122077,0.16729313,True,True
chr21:34523409-34524009|1,1,0.5358297701919561,0.637606,0.99232626,True,True
chr21:39570000-39570600|0,0,0.500190018094445,0.49483433,0.5263432,True,True
chr20:60609000-60609600|0,0,0.4204164072866573,0.15931006,0.009294255,True,True
chr21:40243000-40243600|0,0,0.4386645866225773,0.67551094,0.3637701,False,True
chr21:30465000-30465600|0,0,0.38554177161240016,0.32328266,0.21241014,True,True
chr20:6195000-6195600|0,0,0.3675834730785018,0.3617641,0.13662218,False,False
chr20:20192000-20192600|0,0,0.5143207473844271,0.30552703,0.20961052,True,True
chr21:46435603-46436203|1,1,0.6845756580064749,0.7567536,0.99483156,False,True
chr20:21243944-21244544|1,1,0.5648053731245392,0.87120324,0.8583305,True,True
chr20:48756000-48756600|0,0,0.5852395520925728,0.54351634,0.21675877,True,True
chr20:4885608-4886208|1,1,0.5918802007091635,0.83378655,0.89023286,True,True
chr21:46561447-46562047|1,1,0.5967456097595195,0.8577829,0.84747016,True,True
chr21:42697114-42697714|1,1,0.5822655187577261,0.67753685,0.17183349,True,True
chr20:61447000-61447600|0,0,0.523262764816604,0.23300369,0.15763211,True,True
chr20:3768000-3768600|0,0,0.755600754451051,0.93415487,0.77525926,True,True
chr20:8881321-8881921|1,1,0.5306386115418852,0.6337522,0.9862578,True,True
chr20:47262127-47262727|1,1,0.5180522213291057,0.7581577,0.9568848,True,True
chr20:31651000-31651600|0,0,0.5660276583686467,0.6092536,0.2319548,True,True
chr20:56618000-56618600|0,0,0.6149699199842386,0.32612124,0.38878822,True,True
chr20:58072000-58072600|0,0,0.5344434243967282,0.6401289,0.26396143,True,True
chr20:60678000-60678600|0,0,0.3831032357460187,0.54819804,0.2403672,True,True
chr21:40600000-40600600|0,0,0.49689636633380724,0.39888245,0.03894826,True,True
chr20:62027000-62027600|0,0,0.5935069300170633,0.6878043,0.38790062,True,True
chr20:18021000-18021600|0,0,0.6337694590791034,0.49236333,0.81622547,True,True
chr20:28471000-28471600|0,0,0.4596731820595006,0.053004015,0.00095507374,False,True
chr20:57331532-57332132|1,1,0.3655087543339206,0.3450346,0.95351917,True,True
chr20:23439843-23440443|1,1,0.5831449609135344,0.7374671,0.9781925,True,True
chr21:37450000-37450600|0,0,0.5245217708098668,0.7316829,0.2984073,True,True
chr21:13630640-13631240|1,1,0.3852907581927617,0.3561925,0.90343684,True,True
chr20:33787476-33788076|1,1,0.6433510868395671,0.8355746,0.30781478,False,True
chr21:44787664-44788264|1,1,0.4281684218946214,0.7501945,0.9984622,True,True
chr21:18306000-18306600|0,0,0.4082139200962711,0.5499663,0.40191865,True,True
chr20:1635298-1635898|1,1,0.607310083531161,0.7968636,0.9992938,True,True
chr21:44058802-44059402|1,1,0.5298900388770393,0.9572228,0.9833208,True,True
chr20:26987000-26987600|0,0,0.46668433985550095,0.017724216,4.856407e-05,False,True
chr20:35192000-35192600|0,0,0.5040886226981296,0.57937795,0.8680352,True,True
chr20:25510439-25511039|1,1,0.6398579176682957,0.82759804,0.9792046,False,True
chr20:55630899-55631499|1,1,0.4849938494734601,0.69934076,0.37619796,True,True
chr20:25987819-25988419|1,1,0.6236724444706312,0.78682,0.49711883,False,True
chr20:5519000-5519600|0,0,0.4764728374431954,0.1406268,0.2567602,False,True
chr20:37747000-37747600|0,0,0.49219400237678845,0.19891123,0.062023222,True,True
chr21:44903234-44903834|1,1,0.7048065951986313,0.91712904,0.9939593,True,True
chr20:38327287-38327887|1,1,0.6026642765258112,0.6674046,0.9531993,True,True
chr21:36756454-36757054|1,1,0.47229745067706036,0.7344089,0.9993824,True,True
chr21:44397446-44398046|1,1,0.716170832406476,0.9461884,0.96476585,True,True
chr20:20526061-20526661|1,1,0.43010004520196954,0.7748912,0.99074674,True,True
chr20:18351000-18351600|0,0,0.4651164905820111,0.45642233,0.57214403,False,True
chr20:23546000-23546600|0,0,0.6240492112124867,0.42434525,0.2580008,True,True
chr21:37410269-37410869|1,1,0.4914271884140478,0.5166413,0.5019755,True,True
chr20:9045000-9045600|0,0,0.5298435579826359,0.44815996,0.06006241,True,True
chr20:45886844-45887444|1,1,0.6492968323558352,0.5216069,0.51305336,False,True
chr20:963819-964419|1,1,0.6618002811949344,0.6987465,0.9455119,False,True
chr20:22411000-22411600|0,0,0.42256346092508557,0.3868252,0.5123144,True,True
chr21:46531826-46532426|1,1,0.48461500398746016,0.65733427,0.97688943,True,True
chr20:56042000-56042600|0,0,0.4696766958904142,0.62881273,0.21106474,False,True
chr20:10873000-10873600|0,0,0.48670321430566876,0.5341544,0.32689548,True,True
chr21:18522000-18522600|0,0,0.4248243402218322,0.50348014,0.43320462,True,True
chr21:11429000-11429600|0,0,0.4747652690095023,0.16288899,0.01281652,False,True
chr20:58271204-58271804|1,1,0.40967913495759134,0.4670888,0.9820477,True,True
chr20:58363000-58363600|0,0,0.46247327619777895,0.5737777,0.3629826,False,True
chr20:49234634-49235234|1,1,0.6265977661960758,0.7628988,0.99235654,True,True
chr20:13298641-13299241|1,1,0.6424588199083029,0.9580045,0.9965829,False,True
chr20:28565099-28565699|1,1,0.5257830967123925,0.63296604,0.38015974,True,True
chr21:9677071-9677671|1,1,0.5237610322794259,0.20811905,0.2761036,True,True
chr21:6855000-6855600|0,0,0.574254913330132,0.69905686,0.48305148,True,True
chr20:30006000-30006600|0,0,0.4598559948034621,0.051995277,0.021630902,False,True
chr20:14051000-14051600|0,0,0.3984463853251526,0.43819827,0.36971495,True,True
chr20:37306000-37306600|0,0,0.5332065244360261,0.41218686,0.52235466,True,True
chr21:46415768-46416368|1,1,0.5577258524590225,0.92634696,0.9918114,True,True
chr20:3135702-3136302|1,1,0.45983216948193667,0.58182114,0.46469688,True,True
chr21:39351000-39351600|0,0,0.4907386005362838,0.44528112,0.10164471,True,True
chr20:33900000-33900600|0,0,0.5715730488918759,0.16311106,0.15958062,True,True
chr21:29675000-29675600|0,0,0.40234846394336155,0.5440658,0.3678115,True,True
chr20:382132-382732|1,1,0.6079563909249373,0.72445136,0.2582039,False,True
chr20:49183000-49183600|0,0,0.46164549739737376,0.24494152,0.42607006,False,True
chr20:21882000-21882600|0,0,0.46027220134653496,0.2669978,0.112864904,False,True
chr20:33396635-33397235|1,1,0.574087432010113,0.5458106,0.9550565,True,True
chr20:31883720-31884320|1,1,0.4286595889087405,0.26734018,0.17632096,True,True
chr20:33528000-33528600|0,0,0.5155033617319477,0.6221279,0.34381983,True,True
chr20:38492629-38493229|1,1,0.3867272303764549,0.29857257,0.79711574,True,True
chr20:25420548-25421148|1,1,0.5218587111983913,0.3282645,0.10287224,True,True
chr20:25496502-25497102|1,1,0.6711281418862407,0.8928984,0.9845324,False,True
chr20:27768000-27768600|0,0,0.47750117865993374,0.08652545,9.997852e-06,True,True
chr21:25456000-25456600|0,0,0.5505800036128591,0.38241023,0.17015253,True,True
chr20:38562231-38562831|1,1,0.4503880025755187,0.4586642,0.9848393,True,True
chr20:21279000-21279600|0,0,0.5040886226981296,0.26278454,0.1502702,True,True
chr21:44354347-44354947|1,1,0.5882943483065514,0.7928474,0.8326523,True,True
chr20:40342000-40342600|0,0,0.6823884480725055,0.24493928,0.24764372,True,True
chr20:17942106-17942706|1,1,0.4911697918114912,0.8498991,0.64859444,True,True
chr20:22520419-22521019|1,1,0.5883881561764842,0.770639,0.74053615,True,True
chr21:33927000-33927600|0,0,0.46366529457352307,0.25542906,0.011952614,False,True
chr20:41975000-41975600|0,0,0.5489556948643832,0.47771835,0.46654707,True,True
chr21:31974254-31974854|1,1,0.5374988082118181,0.8676547,0.96359056,True,True
chr20:2744000-2744600|0,0,0.5147822659424982,0.15086292,0.025135398,True,True
chr21:10552356-10552956|1,1,0.3791440955512261,0.46299845,0.3231899,True,True
chr20:53461267-53461867|1,1,0.562670067058733,0.72181344,0.20655891,True,True
chr20:84000-84600|0,0,0.5000293752365306,0.2863214,0.07552529,True,True
chr20:3082501-3083101|1,1,0.8150671149094503,0.8791329,0.9979942,False,True
chr20:35958753-35959353|1,1,0.4406704253302768,0.33962098,0.14725065,True,True
chr20:13787011-13787611|1,1,0.44191890496057457,0.7688765,0.8919307,True,True
chr21:10609000-10609600|0,0,0.4391664280744243,0.14601986,0.02637732,True,True
chr20:28777000-28777600|0,0,0.45233322667619524,0.10763712,0.0018565448,False,True
chr21:5753000-5753600|0,0,0.5017997669196165,0.39141977,0.25341505,True,True
chr20:50292942-50293542|1,1,0.638457332944139,0.6671013,0.3073053,False,True
chr20:25288124-25288724|1,1,0.7050444614529424,0.79684263,0.969912,True,True
chr20:51729677-51730277|1,1,0.6194387634299852,0.88530403,0.99415404,True,True
chr21:41750944-41751544|1,1,0.6399515545193554,0.8492311,0.9738633,True,True
chr20:46165000-46165600|0,0,0.5668201454318489,0.12910868,0.055396173,True,True
chr20:2432189-2432789|1,1,0.6459919873771766,0.37370527,0.94123995,True,True
chr20:47238837-47239437|1,1,0.664807019049875,0.97058254,0.9923086,False,True
chr20:20441000-20441600|0,0,0.5405418865744306,0.78101003,0.63986146,True,True
chr20:23444470-23445070|1,1,0.5998795777098072,0.6713468,0.8384755,True,True
chr21:36327000-36327600|0,0,0.5606879364696169,0.1923661,0.19239545,True,True
chr21:45180029-45180629|1,1,0.6009384199130621,0.9429982,0.9901011,True,True
chr21:10609000-10609600|0,0,0.4391664280744243,0.14601986,0.02637732,False,True
chr20:64207293-64207893|1,1,0.6216068337035968,0.9731468,0.9974778,True,True
chr20:18393510-18394110|1,1,0.47988958511504004,0.7103438,0.96727484,True,True
chr20:20492000-20492600|0,0,0.43744759449331916,0.35737652,0.083262146,False,True
chr20:39753000-39753600|0,0,0.4756189819669858,0.1741753,0.095556885,False,True
chr21:11195000-11195600|0,0,0.4664327222206456,0.037191786,0.0051269387,True,True
chr20:52117000-52117600|0,0,0.5713736711176027,0.25401548,0.040872674,True,True
chr20:36411000-36411600|0,0,0.6035316146121239,0.39621565,0.320605,True,True
chr20:50564668-50565268|1,1,0.48014005351655864,0.7571696,0.90964395,True,True
chr20:20520799-20521399|1,1,0.5336646792445583,0.79240704,0.9970265,True,True
chr21:29329186-29329786|1,1,0.43790768227271515,0.72724944,0.995723,True,True
chr20:19387000-19387600|0,0,0.3614841994842692,0.17029889,0.030024229,True,True
chr20:3873000-3873600|0,0,0.5306355875851086,0.22808748,0.068668,False,True
chr20:27990000-27990600|0,0,0.46141081959128855,0.046055373,0.00071509066,False,True
chr20:49015979-49016579|1,1,0.4155781334466846,0.43112537,0.2493206,True,True
chr20:32088267-32088867|1,1,0.45262280712130054,0.34757248,0.35205963,True,True
chr21:23042000-23042600|0,0,0.3667609637963841,0.23504744,0.6550804,True,True
chr21:41837762-41838362|1,1,0.5827397158301287,0.85970503,0.98014885,True,True
chr20:13285000-13285600|0,0,0.6023644284181066,0.24872215,0.14221346,True,True
chr20:61540000-61540600|0,0,0.5732388287298587,0.9051414,0.930035,True,True
chr21:7024324-7024924|1,1,0.5430146584386301,0.5521208,0.69676334,True,True
chr20:48810000-48810600|0,0,0.5321519410337617,0.27635637,0.31445774,True,True
chr20:64210905-64211505|1,1,0.6606362232443613,0.5589239,0.86548716,False,True
chr20:42879000-42879600|0,0,0.5224872676742567,0.5983429,0.27301583,True,True
chr21:20654553-20655153|1,1,0.49761914614345254,0.41187602,0.11783114,True,True
chr20:62658376-62658976|1,1,0.7166788071981742,0.878306,0.9256203,False,True
chr20:25526297-25526897|1,1,0.6167286327342033,0.8853345,0.995861,False,True
chr20:31792434-31793034|1,1,0.47673750945829335,0.44008666,0.99114335,True,True
chr20:58678000-58678600|0,0,0.5665462245280243,0.3615011,0.6354275,True,True
chr21:36070184-36070784|1,1,0.6421046532948056,0.9408475,0.9793188,False,True
chr21:25831000-25831600|0,0,0.520993803670604,0.44265828,0.2559556,True,True
chr20:44531000-44531600|0,0,0.5543859824157958,0.40915808,0.09935009,True,True
chr21:44474000-44474600|0,0,0.5818443859695852,0.5000956,0.64765066,True,True
chr20:50940632-50941232|1,1,0.4365469767443777,0.5248444,0.84586805,True,True
chr20:5906000-5906600|0,0,0.4448213866625104,0.6948359,0.38693276,False,True
chr20:39033905-39034505|1,1,0.5233309349803063,0.6333631,0.97948164,True,True
chr21:16714000-16714600|0,0,0.3905572556851853,0.44422287,0.4361496,False,True
chr20:27933000-27933600|0,0,0.4596731820595006,0.051203724,1.781314e-05,False,True
chr20:39228000-39228600|0,0,0.4869983622422545,0.7749112,0.56926346,True,True
chr21:45976517-45977117|1,1,0.6394165346847156,0.8838002,0.2460955,False,True
chr21:12141000-12141600|0,0,0.4634009395457779,0.056235727,0.000113075,True,True
chr20:45000091-45000691|1,1,0.5159553062580275,0.8279268,0.99306,True,True
chr21:44286256-44286856|1,1,0.7253942431744898,0.888936,0.9973448,False,True
chr21:40129000-40129600|0,0,0.5622362856525823,0.51187503,0.4863066,True,True
chr20:55741000-55741600|0,0,0.4307129241267061,0.3778534,0.58769596,True,True
chr21:28996000-28996600|0,0,0.4381300868615439,0.76623195,0.6406034,True,True
chr20:7207000-7207600|0,0,0.4444504867757185,0.6496327,0.813129,False,True
chr20:21365120-21365720|1,1,0.463347462476412,0.80119747,0.99661225,True,True
chr20:35081000-35081600|0,0,0.44778528485544933,0.2697711,0.05075817,False,True
chr21:19483000-19483600|0,0,0.39114039773499154,0.20006844,0.36605102,False,False
chr20:27639000-27639600|0,0,0.47550634880355397,0.08113953,9.1955306e-05,True,True
chr20:35291000-35291600|0,0,0.6640746362445509,0.6836384,0.18406585,True,True
chr21:28744000-28744600|0,0,0.44080110567876996,0.22250506,0.35636127,False,True
chr20:38637407-38638007|1,1,0.5804759999917466,0.6550928,0.97382134,True,True
chr21:34072000-34072600|0,0,0.571723078294203,0.5090026,0.15080091,True,True
chr21:34021000-34021600|0,0,0.5268032896332858,0.3739504,0.2497635,False,True
chr20:28015000-28015600|0,0,0.46668433985550095,0.05928149,0.0009735108,False,True
chr20:30541693-30542293|1,1,0.4669683067036837,0.46928546,0.8824854,True,True
chr20:18099000-18099600|0,0,0.5715261403998139,0.25119063,0.237456,True,True
chr20:23804222-23804822|1,1,0.4699575528310089,0.65012103,0.33805513,True,True
chr21:30654000-30654600|0,0,0.42872435012114846,0.4594246,0.14242376,False,True
chr21:16744000-16744600|0,0,0.44372229694209314,0.4743711,0.113229595,False,True
chr20:13117205-13117805|1,1,0.530633003291305,0.5763899,0.99436885,True,True
chr20:26196318-26196918|1,1,0.3771527412785063,0.69799376,0.37338328,True,True
chr21:9339000-9339600|0,0,0.6448661544663005,0.43045244,0.23157495,True,True
chr20:25867725-25868325|1,1,0.697558285099349,0.91062933,0.62259203,False,True
chr20:2816206-2816806|1,1,0.7286657887580675,0.91148937,0.9927463,False,True
chr21:46348711-46349311|1,1,0.5060691709092765,0.4330324,0.9923591,True,True
chr21:17246000-17246600|0,0,0.5255935234613013,0.07912426,0.00986664,True,True
chr20:60359396-60359996|1,1,0.46823794125337703,0.522898,0.04829683,True,True
chr21:13939127-13939727|1,1,0.33398270829120397,0.6679556,0.93931764,True,True
chr20:30882000-30882600|0,0,0.35039826834474325,0.24927303,0.02491468,True,True
chr20:62102000-62102600|0,0,0.6382889024272893,0.8574529,0.9927671,True,True
chr20:60585000-60585600|0,0,0.5139748494011146,0.5196268,0.34160864,True,True
chr20:5182086-5182686|1,1,0.4861642750141304,0.3848522,0.23463826,True,True
chr20:47012000-47012600|0,0,0.4980280684740189,0.4850742,0.75888944,True,True
chr20:33930000-33930600|0,0,0.5834736249540113,0.378331,0.36212492,True,True
chr20:17947344-17947944|1,1,0.4604937435279781,0.64439136,0.9835888,True,True
chr21:44690000-44690600|0,0,0.507433375039588,0.37742797,0.38231614,True,True
chr20:34393469-34394069|1,1,0.48052611316291194,0.43865,0.8913108,True,True
chr20:46648000-46648600|0,0,0.5140290066106381,0.43654215,0.6763008,False,True
chr20:18162076-18162676|1,1,0.5885314210995949,0.7607904,0.9966905,True,True
chr21:44231143-44231743|1,1,0.5787219452245829,0.8886299,0.9851061,True,True
chr20:58633000-58633600|0,0,0.6106802983121006,0.7130712,0.40242362,True,True
chr20:11744000-11744600|0,0,0.3940611308989128,0.40035698,0.18232915,False,True
chr20:62012633-62013233|1,1,0.544410739279693,0.9291662,0.977088,True,True
chr20:9567000-9567600|0,0,0.4920600574783205,0.224578,0.3230591,True,True
chr20:44954919-44955519|1,1,0.5717138707494216,0.72208226,0.98444206,True,True
chr21:21702000-21702600|0,0,0.34377891588145626,0.41908398,0.2729156,False,False
chr21:5015000-5015600|0,0,0.7084715567147182,0.6471136,0.37334946,True,True
chr20:35554071-35554671|1,1,0.6158857944460667,0.2940068,0.71967024,True,True
chr21:20162000-20162600|0,0,0.4954387639051207,0.12466879,0.19816837,True,True
chr20:34951559-34952159|1,1,0.6124879619758422,0.8547507,0.96305525,False,True
chr20:59987152-59987752|1,1,0.5421135803338781,0.88590294,0.92861754,True,True
chr21:20726892-20727492|1,1,0.39827879200044275,0.57869154,0.62633836,True,True
chr20:42759000-42759600|0,0,0.5088629471483042,0.32251027,0.2414105,True,True
chr21:13144000-13144600|0,0,0.44590266137606477,0.34708777,0.56047136,False,True
chr21:41153000-41153600|0,0,0.5573709603370206,0.3078706,0.1960221,True,True
chr21:14612612-14613212|1,1,0.39071986307489953,0.39087608,0.7200034,True,True
chr21:46663082-46663682|1,1,0.6444223631133578,0.6929716,0.9474916,False,True
chr21:18609000-18609600|0,0,0.32780951427609956,0.26134622,0.47952715,False,False
chr21:29561548-29562148|1,1,0.5715261403998139,0.7772628,0.99444336,True,True
chr21:13372000-13372600|0,0,0.6965685444767367,0.36190385,0.111761905,True,True
chr21:33099000-33099600|0,0,0.5770447603176534,0.30798134,0.39336744,True,True
chr20:39750000-39750600|0,0,0.42825665842373745,0.3604661,0.14301786,True,True
chr20:50894211-50894811|1,1,0.5242732388174208,0.478545,0.30654207,True,True
chr21:19531000-19531600|0,0,0.524650745976144,0.14035757,0.25230518,True,True
chr21:37658893-37659493|1,1,0.5644822244350312,0.745155,0.6114817,True,True
chr21:41390264-41390864|1,1,0.6443909708288242,0.84649634,0.987299,True,True
chr20:993000-993600|0,0,0.6550460211531642,0.6445851,0.56156236,True,True
chr20:20768000-20768600|0,0,0.7009947833291922,0.84720486,0.29406708,True,True
chr20:48861000-48861600|0,0,0.597642842129369,0.77195317,0.537159,True,True
chr20:9243000-9243600|0,0,0.42855702557069786,0.48471665,0.033942897,False,True
chr20:17315000-17315600|0,0,0.6467934937295341,0.8512351,0.60570174,True,True
chr20:63346562-63347162|1,1,0.7353791534472495,0.93399096,0.9953387,False,True
chr20:15630000-15630600|0,0,0.48012608887270836,0.62934524,0.4443194,True,True
chr20:60123191-60123791|1,1,0.5785942699388212,0.7728617,0.30529237,True,True
chr20:53723000-53723600|0,0,0.508473030145732,0.35906452,0.14000204,True,True
chr20:42918000-42918600|0,0,0.5845695497594263,0.8445372,0.30423784,True,True
chr21:42534397-42534997|1,1,0.6595748116280544,0.9494578,0.9825319,False,True
chr21:40013085-40013685|1,1,0.6245905549895434,0.982888,0.9142656,False,True
chr20:36324000-36324600|0,0,0.4981343426162588,0.24431758,0.16560607,True,True
chr20:15354000-15354600|0,0,0.463347462476412,0.08313441,0.0065589244,False,True
chr21:37163750-37164350|1,1,0.40139337378843826,0.55918807,0.9089192,True,True
chr20:16515363-16515963|1,1,0.41154015320767434,0.43250984,0.97520953,True,True
chr20:42472261-42472861|1,1,0.5589280154178938,0.93248075,0.99810094,True,True
chr20:13171000-13171600|0,0,0.3670438150045312,0.39948332,0.4771457,False,False
chr20:38648342-38648942|1,1,0.6355398624110609,0.708041,0.9917685,True,True
chr20:21610970-21611570|1,1,0.49434792810474304,0.3742619,0.18909511,True,True
chr20:31483858-31484458|1,1,0.6971562318102366,0.92554307,0.9084024,False,True
chr21:45982333-45982933|1,1,0.7475399304179586,0.8888053,0.990524,False,True
chr21:27231000-27231600|0,0,0.39266409735849356,0.37933302,0.21174964,False,True
chr20:41786000-41786600|0,0,0.4152004542241069,0.23834495,0.29509145,True,True
chr20:24435000-24435600|0,0,0.5332322882077956,0.124393,0.049457483,True,True
chr20:41459000-41459600|0,0,0.5878807025625652,0.41993865,0.46516785,True,True
chr20:63361517-63362117|1,1,0.7610585341998739,0.78628224,0.5176498,False,True
chr21:42558657-42559257|1,1,0.5851158268668172,0.90735805,0.9783214,True,True
chr21:38609000-38609600|0,0,0.44472455928977633,0.39767876,0.45008728,False,True
chr21:25330000-25330600|0,0,0.40329670882464025,0.3539203,0.23878068,True,True
chr21:32080216-32080816|1,1,0.468827206675236,0.2903481,0.5886256,True,True
chr20:39105000-39105600|0,0,0.5902653730681695,0.43788204,0.27319142,True,True
chr21:38207834-38208434|1,1,0.6572284396983674,0.3885904,0.35074556,True,True
chr21:10726000-10726600|0,0,0.5375562685133366,0.019991793,0.003174547,True,True
chr21:9261000-9261600|0,0,0.4043408056079101,0.2301803,0.09798509,True,True
chr20:33383220-33383820|1,1,0.5473274288554488,0.103481196,0.030595094,True,True
chr20:32177000-32177600|0,0,0.7644080140204377,0.21165326,0.0037482006,True,True
chr21:31900000-31900600|0,0,0.5966951876809456,0.42832997,0.1899873,True,True
chr21:9325282-9325882|1,1,0.5937386639234249,0.8654341,0.44862235,True,True
chr20:19636000-19636600|0,0,0.534260209196213,0.31082562,0.24038465,True,True
chr21:38084000-38084600|0,0,0.5048666922980999,0.46326214,0.25344738,True,True
chr20:23629164-23629764|1,1,0.5964602250713639,0.5821813,0.49207217,True,True
chr20:34449110-34449710|1,1,0.3815284010329592,0.4557351,0.926601,True,True
chr20:878026-878626|1,1,0.6321058423748926,0.6624287,0.9910027,True,True
chr20:35738716-35739316|1,1,0.41846833910353864,0.6701443,0.90677047,True,True
chr20:40990000-40990600|0,0,0.5029082331456578,0.3191852,0.3202964,True,True
chr20:34591000-34591600|0,0,0.3670438150045312,0.2925122,0.19680952,False,False
chr21:41402966-41403566|1,1,0.5900030772725541,0.73542815,0.984915,True,True
chr21:42412723-42413323|1,1,0.6106630441711562,0.9599227,0.9844445,False,True
chr20:53940984-53941584|1,1,0.5025262861460107,0.3351857,0.52137744,True,True
chr21:42201276-42201876|1,1,0.6212770138749257,0.7101146,0.3780302,True,True
chr20:63407074-63407674|1,1,0.731885203239922,0.6446771,0.9952998,False,True
chr21:43351000-43351600|0,0,0.5365715572161466,0.3655539,0.29619384,True,True
chr20:62966224-62966824|1,1,0.7321089987240721,0.72005224,0.9612662,False,True
chr20:47876000-47876600|0,0,0.5011178567545823,0.6639194,0.5121868,True,True
chr20:19576000-19576600|0,0,0.5232941574822846,0.5925114,0.34802544,True,True
chr20:7885289-7885889|1,1,0.5040146910403681,0.8332343,0.9989091,True,True
chr21:26231000-26231600|0,0,0.576080299371723,0.6020552,0.0056261425,True,True
chr20:20629289-20629889|1,1,0.5472454188806678,0.804382,0.9975986,True,True
chr20:46849000-46849600|0,0,0.49814905385869784,0.22129941,0.07329603,True,True
chr20:54909000-54909600|0,0,0.37646281484444943,0.19568293,0.20108107,False,False
chr20:18186985-18187585|1,1,0.4985386733874022,0.3939769,0.63835096,True,True
chr21:45804000-45804600|0,0,0.5720540026012403,0.56024903,0.673999,True,True
chr20:56174000-56174600|0,0,0.4675473823663694,0.3706908,0.080809414,False,True
chr20:54414000-54414600|0,0,0.3732836130645145,0.2029188,0.11728151,False,False
chr20:34743040-34743640|1,1,0.5892197378177279,0.42719954,0.9185309,True,True
chr20:20555000-20555600|0,0,0.4419436756481369,0.33424357,0.059111256,False,True
chr20:16849000-16849600|0,0,0.46475587160602383,0.36126563,0.24139257,False,True
chr20:675000-675600|0,0,0.7572152301020135,0.8171575,0.92001617,True,True
chr20:47831000-47831600|0,0,0.6194968527242415,0.6727481,0.5216012,True,True
chr20:32885204-32885804|1,1,0.6563809875815991,0.8031635,0.98992175,False,True
chr20:45933000-45933600|0,0,0.6039469116214609,0.8142366,0.30277735,True,True
chr20:11630000-11630600|0,0,0.4223646492939283,0.2362483,0.11072906,True,True
chr21:43354000-43354600|0,0,0.7369032156051063,0.7194443,0.23205957,True,True
chr21:18051000-18051600|0,0,0.489587367235464,0.1414432,0.061217874,True,True
chr21:41315000-41315600|0,0,0.44570159332814374,0.82256883,0.72103393,False,True
chr21:44454751-44455351|1,1,0.7089313511651141,0.628373,0.5208718,False,True
chr20:8567000-8567600|0,0,0.505897366787046,0.6095725,0.31434184,True,True
chr20:38430597-38431197|1,1,0.6298420976972254,0.5145616,0.8821908,False,True
chr20:13519000-13519600|0,0,0.45171342672202686,0.116699144,0.047509883,False,True
chr21:24891000-24891600|0,0,0.39889671758202133,0.46334,0.15777056,True,True
chr21:14348000-14348600|0,0,0.4874554887113373,0.40694365,0.20247735,True,True
chr21:41712699-41713299|1,1,0.5197751343111016,0.6329674,0.31740558,True,True
chr20:38628626-38629226|1,1,0.6255122631189776,0.67289835,0.34203714,True,True
chr20:42480000-42480600|0,0,0.5256216095651128,0.38082317,0.24851882,True,True
chr21:36397114-36397714|1,1,0.4819950874306911,0.6500891,0.75945026,True,True
chr21:40003000-40003600|0,0,0.5058239027649113,0.35141954,0.11222403,True,True
chr20:22360000-22360600|0,0,0.36656861853113376,0.21249804,0.015007281,False,False
chr21:27180000-27180600|0,0,0.4179821224976836,0.48061192,0.5101403,True,True
chr20:25300583-25301183|1,1,0.6616580790776222,0.6131402,0.67775786,False,True
chr20:5471553-5472153|1,1,0.6546418141841659,0.88305444,0.74266946,False,True
chr20:29858000-29858600|0,0,0.4438354255570767,0.048689835,0.10621881,True,True
chr21:43109041-43109641|1,1,0.5765565271043908,0.89637125,0.7380427,True,True
chr21:8639000-8639600|0,0,0.37975005746364476,0.36181694,0.35747,True,True
chr21:17594031-17594631|1,1,0.4587384454596521,0.5174103,0.9868994,True,True
chr20:43642178-43642778|1,1,0.4819950874306911,0.68033046,0.9846561,True,True
chr21:14108779-14109379|1,1,0.373779394261501,0.2377094,0.32338396,True,True
chr21:35228000-35228600|0,0,0.4894420957205416,0.4495458,0.2592441,True,True
chr20:53740103-53740703|1,1,0.5203363950359242,0.7601173,0.8606371,True,True
chr21:15823738-15824338|1,1,0.3875842961156759,0.46767646,0.6058596,True,True
chr20:58891000-58891600|0,0,0.8552696383334946,0.5129237,0.1552674,False,True
chr21:20684888-20685488|1,1,0.37853900913477107,0.6669577,0.5491746,True,True
chr21:41960000-41960600|0,0,0.5726758515068806,0.23327401,0.1977189,True,True
chr21:44139949-44140549|1,1,0.6557074733292968,0.866313,0.98809636,False,True
chr21:36730744-36731344|1,1,0.6052881800941234,0.8364928,0.9812495,True,True
chr20:39814310-39814910|1,1,0.48979262228935866,0.3188216,0.2840775,True,True
chr21:44851326-44851926|1,1,0.5240607273625145,0.8750833,0.99571747,True,True
chr20:17960000-17960600|0,0,0.5777158496825667,0.34246212,0.29277876,True,True
chr21:30552000-30552600|0,0,0.41804331078137064,0.49474925,0.018687284,True,True
chr21:28744000-28744600|0,0,0.44080110567876996,0.22250506,0.35636127,False,True
chr20:5555000-5555600|0,0,0.5191944084761744,0.35240448,0.029466592,False,True
chr20:51270000-51270600|0,0,0.5052757276929895,0.3903427,0.13194874,True,True
chr21:29156000-29156600|0,0,0.41115152001147287,0.7658468,0.44494572,True,True
chr21:14113038-14113638|1,1,0.3838587469636119,0.2782002,0.08049259,True,True
chr20:17120000-17120600|0,0,0.6484417106076635,0.30443332,0.25282648,True,True
chr21:14299137-14299737|1,1,0.43730928320590057,0.57052064,0.9185368,True,True
chr20:38267000-38267600|0,0,0.46469995687222315,0.39678568,0.26355758,True,True
chr20:24813000-24813600|0,0,0.6079259110998252,0.020240288,0.15500809,True,True
chr21:13943561-13944161|1,1,0.41359510743017697,0.66971195,0.43736973,True,True
chr20:22642000-22642600|0,0,0.48082681197725324,0.2721516,0.26176605,False,True
chr20:54717000-54717600|0,0,0.5318741062996103,0.5938912,0.34804696,True,True
chr20:42351984-42352584|1,1,0.5685190699699476,0.6034157,0.9984119,True,True
chr20:2558155-2558755|1,1,0.6801806664125073,0.85537344,0.6243595,False,True
chr20:38585134-38585734|1,1,0.49566467805374836,0.66900045,0.63739085,True,True
chr20:36828911-36829511|1,1,0.6568655439003902,0.74818885,0.99168915,False,True
chr20:44223418-44224018|1,1,0.46946598292831876,0.50802845,0.20680667,True,True
chr20:63570310-63570910|1,1,0.7321913321680162,0.9160477,0.9983771,False,True
chr21:11045000-11045600|0,0,0.4693656924186128,0.04698315,0.02724439,True,True
chr20:31303152-31303752|1,1,0.49902891916483305,0.4253297,0.5482333,True,True
chr20:16870000-16870600|0,0,0.3654015813457811,0.26341274,0.23916464,False,False
chr21:45475175-45475775|1,1,0.7426713215556265,0.94188046,0.72678316,False,True
chr20:57366506-57367106|1,1,0.5045225359785487,0.6269446,0.97979045,True,True
chr20:10333000-10333600|0,0,0.5058239027649113,0.5455899,0.22648913,False,True
chr20:48634474-48635074|1,1,0.6369213351914107,0.7446799,0.93336004,True,True
chr21:5519000-5519600|0,0,0.5970030234384913,0.907199,0.27383623,True,True
chr21:26210000-26210600|0,0,0.5328393524948016,0.39670846,0.5064223,False,True
chr21:15726000-15726600|0,0,0.4877155072301996,0.29062557,0.40434852,True,True
chr20:17852000-17852600|0,0,0.5286741491266325,0.6068696,0.9657371,True,True
chr20:50744000-50744600|0,0,0.5859276731168921,0.43874657,0.214433,True,True
chr20:63051321-63051921|1,1,0.6629914856985638,0.7899823,0.588053,True,True
chr20:51795000-51795600|0,0,0.5651515602367817,0.3799253,0.20910832,True,True
chr21:24445163-24445763|1,1,0.41212587225627517,0.5066781,0.22637984,True,True
chr21:36459989-36460589|1,1,0.6330826980228939,0.77965194,0.84422153,True,True
chr20:41267311-41267911|1,1,0.49933214536027687,0.6031159,0.14072539,True,True
chr20:45561918-45562518|1,1,0.5807667060750605,0.64625835,0.52042943,True,True
chr21:25606354-25606954|1,1,0.49753568533872305,0.94052446,0.9942311,True,True
chr21:25133343-25133943|1,1,0.5290555705356533,0.29875195,0.8342555,True,True
chr21:25941007-25941607|1,1,0.463347462476412,0.39946258,0.17745404,True,True
chr21:43288000-43288600|0,0,0.6085176552946613,0.6178845,0.35621586,True,True
chr20:49165984-49166584|1,1,0.44678980170155475,0.7023402,0.9574091,True,True
chr20:24316906-24317506|1,1,0.5515106534119649,0.49327344,0.33370692,True,True
chr21:29210000-29210600|0,0,0.4257567443595495,0.47364676,0.21998465,True,True
chr20:47015880-47016480|1,1,0.5532058064348779,0.82836604,0.97204465,True,True
chr20:28309000-28309600|0,0,0.4689376050219528,0.0412412,0.0005035304,True,True
chr21:44102477-44103077|1,1,0.5844591708590455,0.9800357,0.9901162,True,True
chr21:33531256-33531856|1,1,0.438967257128336,0.7795969,0.9783005,True,True
chr20:61082692-61083292|1,1,0.5994814381221715,0.82446,0.6992559,True,True
chr21:22041134-22041734|1,1,0.4931213310465779,0.6204904,0.09551154,True,True
chr21:41132000-41132600|0,0,0.5602993078995149,0.708384,0.55717635,False,True
chr21:34419329-34419929|1,1,0.5842963144065734,0.9156414,0.99919885,True,True
chr21:19897783-19898383|1,1,0.3881438322302622,0.53839296,0.47242895,True,True
chr21:12108000-12108600|0,0,0.468793685469063,0.039698724,0.00052247377,False,True
chr20:27483000-27483600|0,0,0.4660894919666249,0.031404722,9.400847e-06,True,True
chr20:64100514-64101114|1,1,0.6284736194011161,0.6454726,0.63070375,False,True
chr20:25255000-25255600|0,0,0.6590208225741384,0.6074354,0.47942737,True,True
chr20:15828000-15828600|0,0,0.39889671758202133,0.34862587,0.1653063,True,True
chr20:46117000-46117600|0,0,0.5704947250109413,0.20519066,0.094137594,False,True
chr21:18204000-18204600|0,0,0.3751828729900915,0.5369398,0.31675923,True,True
chr21:24522588-24523188|1,1,0.4664327222206456,0.681464,0.38518557,True,True
chr21:33102000-33102600|0,0,0.5453893673933856,0.542762,0.24331193,True,True
chr20:10639654-10640254|1,1,0.5801433457587225,0.81362927,0.9986386,True,True
chr21:33829323-33829923|1,1,0.5719120479994162,0.86395633,0.9832602,True,True
chr20:2111000-2111600|0,0,0.5513046383687074,0.5436788,0.19947666,True,True
chr20:47682868-47683468|1,1,0.6831057529276999,0.8551047,0.99867576,False,True
chr20:17303000-17303600|0,0,0.24155664382213304,0.046861578,0.23110366,False,False
chr20:33100125-33100725|1,1,0.596237141699428,0.684039,0.9833762,True,True
chr20:35726000-35726600|0,0,0.5159678131367659,0.34654778,0.34194475,True,True
chr21:21849000-21849600|0,0,0.42153831415791854,0.28318805,0.06252701,True,True
chr21:40186958-40187558|1,1,0.5088264927888752,0.6936211,0.9577153,True,True
chr21:7219000-7219600|0,0,0.4359459599985482,0.117093734,0.0046495544,True,True
chr21:44943383-44943983|1,1,0.6537086045632936,0.9034637,0.99488914,False,True
chr20:20022155-20022755|1,1,0.4195101111044996,0.5447851,0.51596284,True,True
chr20:45823078-45823678|1,1,0.6651871264093228,0.63080955,0.9612246,False,True
chr20:37546000-37546600|0,0,0.5942230552597599,0.3132356,0.10131106,True,True
chr20:32519098-32519698|1,1,0.6349169376245662,0.7921858,0.57089263,False,True
chr20:25142530-25143130|1,1,0.5740933531091246,0.7698044,0.8550916,True,True
chr20:13090782-13091382|1,1,0.49697054199721763,0.17327742,0.97373295,True,True
chr20:654019-654619|1,1,0.5433048674637821,0.77130896,0.6680757,True,True
chr21:22744000-22744600|0,0,0.5217311329676041,0.4948477,0.3458315,False,True
chr20:44500133-44500733|1,1,0.5527059372902596,0.67979306,0.35267922,True,True
chr21:23858656-23859256|1,1,0.5006726906953893,0.27194345,0.4052006,True,True
chr21:30888000-30888600|0,0,0.4238118680159675,0.3448178,0.2503462,True,True
chr20:4822102-4822702|1,1,0.6289632569314946,0.9334154,0.690048,True,True
chr20:58547511-58548111|1,1,0.4921540293998515,0.700367,0.4639264,True,True
chr20:33612000-33612600|0,0,0.43731703314509873,0.5759608,0.07673892,False,True
chr20:35980158-35980758|1,1,0.6221974622386728,0.8605075,0.9923747,False,True
chr21:40603000-40603600|0,0,0.38185227140758954,0.4628932,0.07172797,True,True
chr20:8990000-8990600|0,0,0.5395586318910021,0.13936171,0.2827183,False,True
chr20:20153000-20153600|0,0,0.4126533017382215,0.18715473,0.0044151135,True,True
chr20:50042000-50042600|0,0,0.591498328656764,0.48250845,0.282026,True,True
chr21:31958542-31959142|1,1,0.6030449725347135,0.84540135,0.96974325,True,True
chr20:59026168-59026768|1,1,0.3995965992273204,0.59162396,0.9085825,True,True
chr20:18255000-18255600|0,0,0.4986839096938958,0.24228606,0.4127997,False,True
chr20:25303327-25303927|1,1,0.6185503665078367,0.86212623,0.96301866,False,True
chr20:11270377-11270977|1,1,0.5742443226061184,0.53002495,0.16329664,True,True
chr20:58318000-58318600|0,0,0.45593167789390665,0.33329478,0.13760877,False,True
chr20:7891000-7891600|0,0,0.42690076717742104,0.2546886,0.046269275,True,True
chr20:43795000-43795600|0,0,0.5586441019360358,0.3719099,0.24626651,True,True
chr20:50594413-50595013|1,1,0.6794150038117762,0.9290128,0.9668493,True,True
chr20:21417000-21417600|0,0,0.4519323634748508,0.09844628,0.007720433,False,True
chr20:19799321-19799921|1,1,0.546738522969988,0.7142207,0.6466192,True,True
chr20:59066000-59066600|0,0,0.3878628348248244,0.495756,0.18630227,False,True
chr21:20129000-20129600|0,0,0.3604954389541296,0.5960029,0.15514746,False,False
chr20:45441000-45441600|0,0,0.49576328888507987,0.39309353,0.056489866,False,True
chr21:11267000-11267600|0,0,0.46097632061983856,0.059026152,0.0035277386,False,True
chr20:62663186-62663786|1,1,0.6287390925624682,0.5726011,0.5556127,True,True
chr21:8763039-8763639|1,1,0.4722050348851653,0.18112405,0.17086704,True,True
chr21:15276000-15276600|0,0,0.5494151091171632,0.43967977,0.19847962,True,True
chr21:21702000-21702600|0,0,0.34377891588145626,0.41908398,0.2729156,False,False
chr20:10045273-10045873|1,1,0.42338842631709983,0.21458653,0.7778687,True,True
chr21:9528000-9528600|0,0,0.5510510122764146,0.27026105,0.3002918,False,True
chr20:11966000-11966600|0,0,0.5536674836725262,0.8434544,0.43324074,True,True
chr21:30033000-30033600|0,0,0.5337014811609045,0.5518437,0.16406964,True,True
chr20:15027000-15027600|0,0,0.4612370226997019,0.2189443,0.22551394,True,True
chr20:3630000-3630600|0,0,0.5437493387131145,0.7278831,0.29241604,True,True
chr20:63420000-63420600|0,0,0.6622253156978364,0.6195283,0.49791694,True,True
chr21:37078000-37078600|0,0,0.4033117637088141,0.30608457,0.1609769,True,True
chr20:23048000-23048600|0,0,0.7269336709277423,0.9783286,0.99644166,True,True
chr20:61582000-61582600|0,0,0.6912001488601582,0.68660784,0.22981472,True,True
chr20:13822000-13822600|0,0,0.5365094060391715,0.5561857,0.7451959,False,True
chr21:39984000-39984600|0,0,0.47364894283245723,0.71369416,0.91444826,True,True
chr20:51393000-51393600|0,0,0.5139310023279179,0.41875574,0.56662035,True,True
chr20:63305116-63305716|1,1,0.68571500264822,0.76911646,0.9862661,False,True
chr20:54513000-54513600|0,0,0.4455175069254439,0.40347606,0.25816923,False,True
chr20:5585968-5586568|1,1,0.41170579426465853,0.28557494,0.9110845,True,True
chr21:38285286-38285886|1,1,0.4913372238021599,0.56696755,0.22364302,True,True
chr21:38801000-38801600|0,0,0.4746119952662985,0.51996076,0.32631135,True,True
chr20:32157493-32158093|1,1,0.6879932226040799,0.8685629,0.99591273,True,True
chr21:41906865-41907465|1,1,0.597251289812117,0.87866503,0.9752381,True,True
chr20:46936000-46936600|0,0,0.5347167933525577,0.15654358,0.14236687,True,True
chr20:33297224-33297824|1,1,0.662308777204977,0.64848363,0.9612071,True,True
chr20:60058606-60059206|1,1,0.6670204651727896,0.8491229,0.49368346,False,True
chr20:40234000-40234600|0,0,0.4343043994089061,0.4403627,0.52343845,False,True
chr20:11459000-11459600|0,0,0.4300000412976517,0.31533012,0.348112,False,True
chr21:43644091-43644691|1,1,0.47102611819874396,0.54445374,0.9833345,True,True
chr21:32420000-32420600|0,0,0.5684298696011746,0.16920671,0.23844078,False,True
chr20:55544458-55545058|1,1,0.4934109733664313,0.5418233,0.3084048,True,True
chr21:14308070-14308670|1,1,0.3856987911799489,0.52648884,0.9773691,True,True
chr21:15867000-15867600|0,0,0.3618736252576793,0.3958503,0.13277812,True,True
chr20:22000000-22000600|0,0,0.4385666296793348,0.37241995,0.36537823,False,True
chr20:6939000-6939600|0,0,0.4384217023859224,0.44729203,0.4056956,False,True
chr20:28018000-28018600|0,0,0.47730412281995793,0.06889947,0.0010852928,False,True
chr21:15966478-15967078|1,1,0.5302601900165023,0.41458598,0.4416589,True,True
chr21:42753689-42754289|1,1,0.5947610703159212,0.69425297,0.9107916,True,True
chr21:23534000-23534600|0,0,0.4395239924553584,0.6584076,0.34023067,False,True
chr20:49438287-49438887|1,1,0.5881781703566021,0.53092897,0.61568743,True,True
chr20:8756745-8757345|1,1,0.5272924832850736,0.56426173,0.31647184,True,True
chr20:37000000-37000600|0,0,0.7879133946900982,0.2292247,0.08550401,True,True
chr21:36507000-36507600|0,0,0.5750297949345957,0.3673917,0.2837383,True,True
chr21:16111000-16111600|0,0,0.3981660575773167,0.44920644,0.330681,False,True
chr21:34385177-34385777|1,1,0.581171434207984,0.7843637,0.6567051,True,True
chr21:28198000-28198600|0,0,0.4257476850729151,0.36501732,0.03579862,True,True
chr20:50768000-50768600|0,0,0.6372681110840912,0.30642143,0.13771525,True,True
chr20:14336000-14336600|0,0,0.37502567901749334,0.4280628,0.1794561,True,True
chr20:35947184-35947784|1,1,0.6085176552946613,0.6231046,0.83847207,True,True
chr20:4633000-4633600|0,0,0.5059854766041453,0.3447273,0.32276824,False,True
chr20:40957000-40957600|0,0,0.6020734059548332,0.8311328,0.24681239,True,True
chr20:36184816-36185416|1,1,0.5897502256466708,0.5323585,0.9841765,True,True
chr21:46279836-46280436|1,1,0.603404730818126,0.44558948,0.7845444,True,True
chr21:39255527-39256127|1,1,0.46732067325893034,0.54537654,0.9767799,True,True
chr20:54003000-54003600|0,0,0.493532269555153,0.14369704,0.2561346,False,True
chr21:33597100-33597700|1,1,0.5232704364708705,0.62590456,0.45642275,True,True
chr20:38303864-38304464|1,1,0.681901217473215,0.60788924,0.96727026,False,True
chr20:38994520-38995120|1,1,0.4406791444217775,0.70929766,0.90472555,True,True
chr20:2822000-2822600|0,0,0.6242366823152823,0.36113566,0.26832145,True,True
chr21:8570000-8570600|0,0,0.4168186743270964,0.35303015,0.20972447,False,True
chr21:23045000-23045600|0,0,0.3475886713400736,0.3767436,0.16209024,False,False
chr21:31789000-31789600|0,0,0.5987884524901553,0.09852068,0.030199269,True,True
chr20:19588000-19588600|0,0,0.48294303441943265,0.3952518,0.25198787,True,True
chr20:3122283-3122883|1,1,0.549596366628565,0.62823683,0.6675665,True,True
chr21:45960000-45960600|0,0,0.6209553355232751,0.51196,0.40827402,True,True
chr20:21706137-21706737|1,1,0.7288713900113926,0.86828357,0.9682956,False,True
chr20:4789396-4789996|1,1,0.6173372024912324,0.7840524,0.9622369,False,True
chr20:32084090-32084690|1,1,0.64873445164618,0.659825,0.9906024,False,True
chr20:3561975-3562575|1,1,0.501355829909901,0.518844,0.9976655,True,True
chr21:24844478-24845078|1,1,0.433954310857837,0.46003956,0.12870206,True,True
chr21:44315943-44316543|1,1,0.7444939421342773,0.9198494,0.9947029,True,True
chr20:53924000-53924600|0,0,0.5353084042137446,0.4210203,0.29755712,True,True
chr21:13348000-13348600|0,0,0.340924776580387,0.6344384,0.18644135,False,False
chr20:31861374-31861974|1,1,0.7788926140838685,0.8521009,0.9774957,False,True
chr21:41804313-41804913|1,1,0.673934218962927,0.8392216,0.7398229,False,True
chr21:20795000-20795600|0,0,0.42123935501450027,0.3151576,0.19170065,True,True
chr20:37066583-37067183|1,1,0.4321677555434106,0.6930459,0.998553,True,True
chr20:33672121-33672721|1,1,0.7069818987754123,0.46166468,0.6603508,True,True
chr21:43982003-43982603|1,1,0.615226571102552,0.8901757,0.87609017,False,True
chr20:46485367-46485967|1,1,0.4204695067724714,0.8477402,0.58797055,True,True
chr20:1840000-1840600|0,0,0.5901404002066377,0.63461196,0.25595212,True,True
chr20:42891000-42891600|0,0,0.5268032896332858,0.31026217,0.4942031,False,True
chr21:35294000-35294600|0,0,0.5368030297808832,0.72434086,0.28870848,True,True
chr21:39787866-39788466|1,1,0.4150959818064199,0.66462845,0.67167306,True,True
chr21:41675000-41675600|0,0,0.4278462428151519,0.5180101,0.71854985,True,True
chr20:38906678-38907278|1,1,0.5370016029081254,0.20851946,0.24155565,True,True
chr20:12609000-12609600|0,0,0.4440194904726516,0.41170323,0.5600569,False,True
chr20:15693000-15693600|0,0,0.50639107310395,0.398086,0.36096722,False,True
chr21:6666225-6666825|1,1,0.45171342672202686,0.78416324,0.5536423,True,True
chr20:13913643-13914243|1,1,0.4373289009609828,0.40640244,0.93055594,True,True
chr20:25144122-25144722|1,1,0.5155033617319477,0.42114267,0.23385614,True,True
chr20:945000-945600|0,0,0.6337240060408752,0.65691864,0.4428383,True,True
chr20:1362096-1362696|1,1,0.5116134943671559,0.5598746,0.5224554,True,True
chr20:13669000-13669600|0,0,0.4196372309978629,0.20189027,0.04162872,True,True
chr20:20171480-20172080|1,1,0.4847184519654625,0.443537,0.22662708,True,True
chr20:46546028-46546628|1,1,0.6604708029282378,0.5386321,0.8537869,False,True
chr20:41909000-41909600|0,0,0.38726706066756317,0.5632505,0.08779392,False,True
chr21:27096000-27096600|0,0,0.41607083521885885,0.31814235,0.17626357,True,True
chr20:21180000-21180600|0,0,0.46366529457352307,0.36932218,0.20630124,False,True
chr21:24510000-24510600|0,0,0.459392200233545,0.72845846,0.48414853,False,True
chr20:32906261-32906861|1,1,0.6901752099105738,0.58329344,0.9618323,False,True
chr20:50143320-50143920|1,1,0.6530468611000472,0.42364186,0.9544558,False,True
chr20:14102000-14102600|0,0,0.5197751343111016,0.15690912,0.2503999,True,True
chr20:49880623-49881223|1,1,0.5535477360595135,0.8973332,0.8840016,True,True
chr21:16009000-16009600|0,0,0.31021461266493905,0.09906869,0.072490185,False,False
chr21:20525000-20525600|0,0,0.3746646932006128,0.270851,0.04169415,True,True
chr21:26693000-26693600|0,0,0.4438354255570767,0.46218643,0.12169983,True,True
chr21:25516154-25516754|1,1,0.4379528539750949,0.4029275,0.38738254,True,True
chr20:38405124-38405724|1,1,0.5107897601090414,0.41276914,0.76232076,True,True
chr21:31672053-31672653|1,1,0.5840444324566735,0.805435,0.8255292,True,True
chr21:36321000-36321600|0,0,0.43093387544802897,0.33642814,0.55217355,False,True
chr20:41354344-41354944|1,1,0.6630856998267568,0.691605,0.97617173,False,True
chr20:19075000-19075600|0,0,0.5826853108921742,0.73703,0.32878825,True,True
chr20:52876000-52876600|0,0,0.4890969270456054,0.1523558,0.2963607,True,True
chr20:38399000-38399600|0,0,0.5247340660864701,0.11711438,0.40385813,True,True
chr20:49822760-49823360|1,1,0.47272953691787467,0.6166915,0.73810273,True,True
chr21:36399220-36399820|1,1,0.5415049290273686,0.7678482,0.888408,True,True
chr21:43792371-43792971|1,1,0.6079825537218626,0.31756264,0.70125794,True,True
chr20:5198000-5198600|0,0,0.6448798219567566,0.22897525,0.27368307,True,True
chr20:59907123-59907723|1,1,0.37676742182906925,0.7779178,0.95663667,True,True
chr21:26258000-26258600|0,0,0.46031337916753956,0.41855872,0.09835775,False,True
chr20:46750000-46750600|0,0,0.5812148928820967,0.71210676,0.4821758,True,True
chr20:58705197-58705797|1,1,0.5554037705196027,0.8039151,0.49420476,True,True
chr21:8627000-8627600|0,0,0.4497595123204783,0.6565353,0.28024027,True,True
chr20:16504246-16504846|1,1,0.4380337958419234,0.45153704,0.9915697,True,True
chr20:9468270-9468870|1,1,0.4566715820754569,0.51832914,0.9601466,True,True
chr21:31124393-31124993|1,1,0.596042676765858,0.56971514,0.32063,True,True
chr20:3150237-3150837|1,1,0.5596321640834888,0.6164914,0.44900703,True,True
chr20:19549000-19549600|0,0,0.5068825883190995,0.16285852,0.31082055,True,True
chr20:21075000-21075600|0,0,0.4971284091458072,0.5363058,0.46709397,True,True
chr21:16057000-16057600|0,0,0.48866674931000625,0.53528005,0.5150235,True,True
chr20:15117000-15117600|0,0,0.398440151621765,0.38074377,0.6510929,True,True
chr20:61015000-61015600|0,0,0.5763127836181675,0.4529891,0.30876544,True,True
chr21:46205640-46206240|1,1,0.6561141911053137,0.92368156,0.9808429,False,True
chr21:30696000-30696600|0,0,0.4414805439767091,0.38232666,0.3527286,False,True
chr20:57399627-57400227|1,1,0.6878762731738938,0.78409475,0.44810805,False,True
chr20:34585279-34585879|1,1,0.5316520287517673,0.7962769,0.983958,True,True
chr20:57105788-57106388|1,1,0.5977757680565143,0.5497816,0.32746562,False,True
chr20:57807000-57807600|0,0,0.6242168991099187,0.29272607,0.10584512,True,True
chr20:52810000-52810600|0,0,0.4253032615128206,0.27497673,0.2196795,True,True
chr21:30936000-30936600|0,0,0.7134805524204068,0.5275023,0.04463013,True,True
chr20:56390364-56390964|1,1,0.5439302330755112,0.40560552,0.5789194,True,True
chr20:23447000-23447600|0,0,0.4985386733874022,0.37301895,0.22264315,True,True
chr21:38660000-38660600|0,0,0.7437405551987446,0.86897767,0.4851891,True,True
chr20:31297000-31297600|0,0,0.4354732682123723,0.21830519,0.0056300834,False,True
chr20:62825516-62826116|1,1,0.742189432554348,0.7205175,0.88221943,False,True
chr20:32573331-32573931|1,1,0.6333520298922384,0.5405885,0.35218143,False,True
chr20:50531000-50531600|0,0,0.5608344817773079,0.2807063,0.47479647,True,True
chr20:20591013-20591613|1,1,0.44750890925633385,0.85597473,0.9887222,True,True
chr20:861000-861600|0,0,0.5025262861460107,0.51026165,0.22107328,True,True
chr21:45267412-45268012|1,1,0.6170732588219676,0.85102063,0.9971723,True,True
chr21:32769641-32770241|1,1,0.39665397627325666,0.66535026,0.95504975,True,True
chr20:2748248-2748848|1,1,0.640720344380311,0.29506811,0.87579036,False,True
chr20:36264000-36264600|0,0,0.5916654039949789,0.71643496,0.33663222,True,True
chr20:20639599-20640199|1,1,0.4831188024194972,0.65588194,0.78155273,True,True
chr20:28580443-28581043|1,1,0.367349176650037,0.4792697,0.4239413,True,True
chr20:45423915-45424515|1,1,0.6642466872358261,0.7740705,0.97562,False,True
chr20:31981000-31981600|0,0,0.5900741043146517,0.05772779,0.10361524,True,True
chr21:46291033-46291633|1,1,0.5525803386794482,0.51301855,0.80754405,True,True
chr21:15830230-15830830|1,1,0.34324288073744846,0.4809285,0.9446971,True,True
chr21:36402457-36403057|1,1,0.46668433985550095,0.7466561,0.6048033,True,True
chr20:52042000-52042600|0,0,0.5470666258277758,0.4465462,0.2518268,True,True
chr21:36219071-36219671|1,1,0.48480827479588956,0.73736095,0.96046346,True,True
chr20:43204000-43204600|0,0,0.5271258373996212,0.53940654,0.26039267,True,True
chr21:33307884-33308484|1,1,0.4530776163388188,0.5912633,0.3404738,True,True
chr20:35285169-35285769|1,1,0.6440387067940399,0.66896623,0.7242759,False,True
chr20:58975000-58975600|0,0,0.4396290429886376,0.48473585,0.051162504,False,True
chr20:11273082-11273682|1,1,0.45111042742133817,0.6510208,0.6980305,True,True
chr20:58807000-58807600|0,0,0.5842290225534822,0.5579166,0.28586838,True,True
chr20:4753000-4753600|0,0,0.5427459677461608,0.16245356,0.07610882,True,True
chr21:29748533-29749133|1,1,0.47536336507773735,0.7772674,0.11058601,True,True
chr20:63765000-63765600|0,0,0.6383685011403203,0.33890355,0.24151516,True,True
chr21:36253471-36254071|1,1,0.566140133174382,0.67093503,0.9576808,True,True
chr20:53144000-53144600|0,0,0.4978168043470526,0.38071185,0.043844387,True,True
chr21:27060000-27060600|0,0,0.4327135537806856,0.45201197,0.16098207,False,True
chr21:29555001-29555601|1,1,0.48141649968186495,0.7632395,0.9956819,True,True
chr21:37225325-37225925|1,1,0.5749599661361775,0.80981,0.9844726,True,True
chr20:11708000-11708600|0,0,0.4934067588901136,0.56093144,0.12069931,True,True
chr20:1579000-1579600|0,0,0.5826853108921742,0.25784665,0.57186836,True,True
chr20:55144000-55144600|0,0,0.500190018094445,0.33791742,0.20057353,False,True
chr20:59324026-59324626|1,1,0.6140887336940322,0.76774406,0.84726226,True,True
chr20:39018503-39019103|1,1,0.4596731820595006,0.5337638,0.99351305,True,True
chr20:36887154-36887754|1,1,0.6476180414829945,0.6278046,0.9525908,False,True
chr20:2705276-2705876|1,1,0.6728361911509431,0.47555977,0.98811764,True,True
chr20:50435000-50435600|0,0,0.5743575819237113,0.48711142,0.33793807,True,True
chr21:28840000-28840600|0,0,0.4418492792980405,0.14636204,0.01933337,False,True
chr20:25594000-25594600|0,0,0.5356269722828437,0.45480755,0.34304655,True,True
chr21:22534000-22534600|0,0,0.472726460532702,0.34932128,0.12679498,False,True
chr20:23180110-23180710|1,1,0.6278923352081099,0.7753933,0.6410055,False,True
chr20:47978427-47979027|1,1,0.6284736194011161,0.8892545,0.7633187,False,True
chr20:62336144-62336744|1,1,0.7115071097386494,0.4173368,0.97080505,True,True
chr21:14963784-14964384|1,1,0.3701107772194525,0.4986798,0.36129284,True,True
chr20:8591000-8591600|0,0,0.48474923000506287,0.5240289,0.1738956,False,True
chr20:20240000-20240600|0,0,0.5852747764825149,0.4144145,0.40099594,True,True
chr20:48055989-48056589|1,1,0.517438041118539,0.55454737,0.49658537,True,True
chr20:5048000-5048600|0,0,0.4985386733874022,0.22751324,0.090959705,True,True
chr20:64066175-64066775|1,1,0.645796220250422,0.4871728,0.97367984,False,True
chr21:37837000-37837600|0,0,0.461037904721221,0.64928705,0.77003413,True,True
chr21:36250861-36251461|1,1,0.5486729683279304,0.8721674,0.7132852,True,True
chr20:21368162-21368762|1,1,0.40575400353250074,0.77430254,0.96332157,True,True
chr20:63529422-63530022|1,1,0.751488872585119,0.8454125,0.99321556,False,True
chr20:43574608-43575208|1,1,0.5761688872331738,0.78699714,0.9895835,True,True
chr20:35469194-35469794|1,1,0.5384630093443868,0.20428361,0.6602797,True,True
chr21:24990000-24990600|0,0,0.541544739525941,0.22203687,0.12276083,True,True
chr20:37112145-37112745|1,1,0.534934647652331,0.5072078,0.15513691,True,True
chr20:41533269-41533869|1,1,0.512448314086565,0.59249204,0.9815716,True,True
chr20:21381693-21382293|1,1,0.4103365347218291,0.68191206,0.8971245,True,True
chr20:34708390-34708990|1,1,0.6390671168059138,0.92621684,0.9462712,False,True
chr20:63814586-63815186|1,1,0.5958005119773417,0.5780829,0.3565978,True,True
chr20:61513000-61513600|0,0,0.6673903371849566,0.8025767,0.47705916,True,True
chr20:22406411-22407011|1,1,0.4317794918716226,0.47813523,0.21655285,True,True
chr20:62159576-62160176|1,1,0.6576014151351226,0.84223497,0.98303187,False,True
chr21:30585000-30585600|0,0,0.47322043275151565,0.40829656,0.20520757,False,True
chr21:37069323-37069923|1,1,0.37555699604505316,0.4521475,0.7665273,True,True
chr20:13426000-13426600|0,0,0.3896984366122876,0.39036623,0.18307784,False,True
chr20:57717000-57717600|0,0,0.5143162020841192,0.32955563,0.3705693,True,True
chr20:41861000-41861600|0,0,0.5217311329676041,0.59175444,0.52266836,False,True
chr20:5432071-5432671|1,1,0.6470684403609421,0.8871659,0.64816594,True,True
chr20:20366000-20366600|0,0,0.44024380333730095,0.55849445,0.4815833,False,True
chr20:31819232-31819832|1,1,0.6830301258706605,0.59320927,0.58698726,False,True
chr20:58690733-58691333|1,1,0.5351585679268988,0.74351645,0.81764275,True,True
chr20:2063000-2063600|0,0,0.5768085596856692,0.26685038,0.09573981,True,True
chr20:49646777-49647377|1,1,0.5076429856727075,0.7492281,0.82657224,True,True
chr21:26834000-26834600|0,0,0.48054624573812954,0.56469107,0.33567205,False,True
chr21:32383253-32383853|1,1,0.5613914803123515,0.7370763,0.996223,True,True
chr21:29753000-29753600|0,0,0.4611524502152283,0.5744063,0.18581772,False,True
chr20:43613549-43614149|1,1,0.49549934788484296,0.6044752,0.84192127,True,True
chr20:9354000-9354600|0,0,0.5167133726011479,0.76297414,0.24394639,True,True
chr20:62396106-62396706|1,1,0.7037000955226499,0.9517048,0.99429506,False,True
chr21:43799269-43799869|1,1,0.6935864947136807,0.73649347,0.7780583,False,True
chr21:28264000-28264600|0,0,0.4696766958904142,0.50850147,0.10337262,False,True
chr20:35705029-35705629|1,1,0.444260833370805,0.647111,0.9777659,True,True
chr20:34060000-34060600|0,0,0.4480552744149359,0.527889,0.16505358,False,True
chr21:36170267-36170867|1,1,0.5438105441379698,0.19507237,0.04410977,True,True
chr21:42349729-42350329|1,1,0.6266433124903729,0.6928238,0.54242814,True,True
chr20:52575336-52575936|1,1,0.4199279361072918,0.40208703,0.06462848,True,True
chr20:10265178-10265778|1,1,0.48783252188769927,0.741679,0.57518715,True,True
chr20:55531000-55531600|0,0,0.43607857636713393,0.5207742,0.6124819,False,True
chr20:18472541-18473141|1,1,0.3492591766406623,0.46181127,0.9685157,True,True
chr21:25717458-25718058|1,1,0.48180687906645425,0.72224945,0.45037398,True,True
chr21:13822000-13822600|0,0,0.416676845327667,0.51424176,0.64462966,True,True
chr21:46429709-46430309|1,1,0.6483323992870919,0.8565606,0.9951094,True,True
chr20:59711000-59711600|0,0,0.387592873748745,0.39756978,0.3338904,False,False
chr20:51792051-51792651|1,1,0.6236724444706312,0.78779364,0.9662357,False,True
chr20:42909000-42909600|0,0,0.5108583612879966,0.50114465,0.13981655,True,True
chr20:63672255-63672855|1,1,0.7057036000788105,0.94753885,0.9701675,False,True
chr20:492063-492663|1,1,0.4546866117533794,0.6917538,0.9230187,True,True
chr20:59948000-59948600|0,0,0.37984521610905925,0.46209207,0.41856924,False,True
chr21:38298943-38299543|1,1,0.5573574007497598,0.8913557,0.99830806,True,True
chr21:17021000-17021600|0,0,0.47622217306481995,0.21088561,0.135658,False,True
chr20:25414000-25414600|0,0,0.4858143208941884,0.12662262,0.21884301,True,True
chr20:21741000-21741600|0,0,0.5122607341649169,0.16576785,0.08108586,False,True
chr20:6107333-6107933|1,1,0.44747965257050637,0.50441706,0.9233782,True,True
chr21:41258000-41258600|0,0,0.49781980602577636,0.48280582,0.23470698,False,True
chr20:62513000-62513600|0,0,0.6789211908545789,0.87772065,0.80322707,True,True
chr20:34957797-34958397|1,1,0.5672861011045799,0.70332265,0.6071606,True,True
chr21:15810836-15811436|1,1,0.4111922261548435,0.47298193,0.9316888,True,True
chr20:62291402-62292002|1,1,0.7002684089331822,0.79738694,0.9082855,False,True
chr20:50336000-50336600|0,0,0.45020973603124526,0.29345262,0.03238079,True,True
chr21:29087000-29087600|0,0,0.4807551180226859,0.31275833,0.26571566,True,True
chr20:14645000-14645600|0,0,0.32848377792061895,0.45320845,0.116439305,False,False
chr20:18675313-18675913|1,1,0.4254075869158209,0.31219766,0.26669022,True,True
chr20:40240000-40240600|0,0,0.36601472253388073,0.32477704,0.056544945,False,False
chr20:28000000-28000600|0,0,0.47049901566585667,0.034167066,0.0004956302,False,True
chr20:62384000-62384600|0,0,0.5993303796229961,0.17354473,0.046820205,True,True
chr20:14708000-14708600|0,0,0.4298103501195248,0.45859066,0.2352371,False,True
chr20:41384000-41384600|0,0,0.4760391997388617,0.5130258,0.45384875,False,True
chr20:23138000-23138600|0,0,0.5332865516330647,0.4971708,0.4561675,True,True
chr21:5232623-5233223|1,1,0.5406484064125948,0.81195945,0.5899171,True,True
chr21:46448298-46448898|1,1,0.5497711975956853,0.48930067,0.02011251,True,True
chr20:38480000-38480600|0,0,0.5298183111270319,0.38017863,0.17332377,True,True
chr20:6270000-6270600|0,0,0.3294316580080344,0.45579526,0.123349346,False,False
chr20:18595705-18596305|1,1,0.5753855416656213,0.9038232,0.99456847,True,True
chr20:10761234-10761834|1,1,0.5382969943417156,0.37119785,0.24502078,True,True
chr20:14543000-14543600|0,0,0.40224455234243645,0.31424093,0.13962904,False,True
chr21:27309000-27309600|0,0,0.3564233052651308,0.62339973,0.63102436,True,True
chr21:14189118-14189718|1,1,0.4112389042864057,0.6328062,0.53126633,True,True
chr20:49342000-49342600|0,0,0.5555692436062097,0.10520546,0.15198395,True,True
chr20:23252000-23252600|0,0,0.5742443226061184,0.3839894,0.26680523,True,True
chr20:46121519-46122119|1,1,0.5382189164945719,0.8497056,0.49647263,True,True
chr20:29414000-29414600|0,0,0.37131494617463917,0.37567604,0.13962333,False,False
chr21:29171000-29171600|0,0,0.44747965257050637,0.31486085,0.28527468,True,True
chr20:54324000-54324600|0,0,0.5040521816514,0.41998267,0.19016738,True,True
chr20:24285000-24285600|0,0,0.49588129767242994,0.40780002,0.13513905,False,True
chr21:39175363-39175963|1,1,0.5233529951471749,0.4418427,0.98484474,True,True
chr20:64106621-64107221|1,1,0.6947471544056469,0.9074204,0.9977283,False,True
chr20:3916626-3917226|1,1,0.4669487252302769,0.60488236,0.93067825,True,True
chr20:3180000-3180600|0,0,0.47899113707956653,0.74471855,0.47513407,False,True
chr20:41514651-41515251|1,1,0.5263489217491697,0.760411,0.9756418,True,True
chr20:10243674-10244274|1,1,0.48141649968186495,0.13234921,0.12033661,True,True
chr20:25733968-25734568|1,1,0.45004555206935093,0.497182,0.86407083,True,True
chr21:39898175-39898775|1,1,0.5131424010692575,0.76351744,0.972904,True,True
chr21:44288044-44288644|1,1,0.68571280007766,0.84814423,0.9624259,False,True
chr21:29693762-29694362|1,1,0.5380546425654418,0.29956213,0.96847737,True,True
chr20:44428034-44428634|1,1,0.6030905226936065,0.63015884,0.9281063,True,True
chr20:45945410-45946010|1,1,0.6710629795050207,0.79440343,0.98060703,True,True
chr21:33826517-33827117|1,1,0.4709254574202739,0.88453966,0.94050694,True,True
chr21:42876466-42877066|1,1,0.5423716929902173,0.47176403,0.41441464,True,True
chr21:14039000-14039600|0,0,0.41310813220991366,0.6274353,0.411319,True,True
chr21:45913650-45914250|1,1,0.7256035359749398,0.8492199,0.89455146,False,True
chr20:15174000-15174600|0,0,0.3941926336343221,0.20019004,0.023398278,False,True
chr20:49844735-49845335|1,1,0.46970582722522636,0.5908253,0.35543787,True,True
chr20:32807461-32808061|1,1,0.630317949424486,0.76335824,0.9888082,False,True
chr20:49819000-49819600|0,0,0.407282356340925,0.5722485,0.20778978,True,True
chr20:39435000-39435600|0,0,0.554745146760255,0.18108842,0.18762748,True,True
chr20:28588456-28589056|1,1,0.42501142412780585,0.21018074,0.93460816,True,True
chr21:16342000-16342600|0,0,0.33598741717386826,0.26398277,0.07944679,False,False
chr20:37651000-37651600|0,0,0.5672331185873077,0.5010961,0.34027186,True,True
chr20:42723000-42723600|0,0,0.5660178666955035,0.8297696,0.48715034,False,True
chr21:29030294-29030894|1,1,0.3806044810870354,0.5752046,0.9891236,True,True
chr21:44865146-44865746|1,1,0.5773803407043396,0.8599862,0.9727576,True,True
chr20:25003000-25003600|0,0,0.373779394261501,0.2452148,0.02393768,False,False
chr20:63166849-63167449|1,1,0.67038902486687,0.872762,0.8582466,False,True
chr20:27630000-27630600|0,0,0.4689376050219528,0.031626746,0.0012748641,False,True
chr20:51765000-51765600|0,0,0.5511462028319835,0.36967045,0.17173606,False,True
chr20:22222678-22223278|1,1,0.4858711148023059,0.83207804,0.44251192,True,True
chr20:35201000-35201600|0,0,0.4600555935813264,0.17197858,0.010520445,True,True
chr21:33468625-33469225|1,1,0.4652004403547476,0.52372986,0.98630977,True,True
chr21:34273000-34273600|0,0,0.5382189164945719,0.5353945,0.19745876,True,True
chr21:25592664-25593264|1,1,0.411763768899662,0.7607595,0.9650778,True,True
chr20:8144000-8144600|0,0,0.5032376494960865,0.67817014,0.5092467,True,True
chr20:48300000-48300600|0,0,0.5590808634678357,0.38857773,0.24138778,True,True
chr20:53783000-53783600|0,0,0.4927124830325568,0.1437639,0.08816219,True,True
chr20:33789217-33789817|1,1,0.6548140103762773,0.35732713,0.82170177,False,True
chr21:10524279-10524879|1,1,0.5587299614082605,0.82406604,0.5492829,True,True
chr20:61654000-61654600|0,0,0.6140537970314512,0.52981675,0.4092856,True,True
chr21:38843000-38843600|0,0,0.4503880025755187,0.78175783,0.1736158,True,True
chr21:22825000-22825600|0,0,0.4175931508329481,0.18958746,0.015009537,True,True
chr21:43783000-43783600|0,0,0.6036348708388624,0.72882944,0.75412136,True,True
chr20:40771000-40771600|0,0,0.6285871593956573,0.57398474,0.35282266,True,True
chr21:39765234-39765834|1,1,0.5983673264654601,0.9316715,0.99413484,False,True
chr21:9075040-9075640|1,1,0.6872082435015376,0.7236919,0.33408085,False,True
chr21:45303214-45303814|1,1,0.6825421633380726,0.88833636,0.55623764,True,True
chr20:8516000-8516600|0,0,0.5271208660114757,0.32584244,0.24527806,True,True
chr21:24873000-24873600|0,0,0.41114828774350337,0.33968,0.010107553,True,True
chr20:9510000-9510600|0,0,0.45765086167268965,0.380098,0.41770053,False,True
chr20:24297465-24298065|1,1,0.5325943624304121,0.47256237,0.5615277,True,True
chr21:30606000-30606600|0,0,0.6140273566750409,0.21301939,0.12386258,True,True
chr21:12531000-12531600|0,0,0.44247037544008555,0.12759797,5.02258e-05,True,True
chr21:38901664-38902264|1,1,0.478708643396398,0.7309834,0.49163386,True,True
chr20:10016291-10016891|1,1,0.4858711148023059,0.2470226,0.21266982,True,True
chr21:19639000-19639600|0,0,0.3377649581504081,0.31956053,0.28360078,True,True
chr20:28714000-28714600|0,0,0.44191890496057457,0.027967472,0.02626555,False,True
chr20:41234000-41234600|0,0,0.5367137649586137,0.40210822,0.47347212,True,True
chr20:59937689-59938289|1,1,0.42879224572072233,0.7042699,0.49407262,True,True
chr20:24495498-24496098|1,1,0.5861002434997391,0.5194278,0.29526496,True,True
chr20:63355783-63356383|1,1,0.7450210973511568,0.4832432,0.93563545,True,True
chr20:4243000-4243600|0,0,0.6888919033767987,0.7674136,0.38945013,True,True
chr21:37138333-37138933|1,1,0.37624130092845814,0.29725185,0.90742767,True,True
chr20:34859338-34859938|1,1,0.7039485294504675,0.8727112,0.9836029,True,True
chr21:29807000-29807600|0,0,0.524902097624405,0.6894799,0.6629383,False,True
chr21:36230149-36230749|1,1,0.5272316014197256,0.8216661,0.9861734,True,True
chr21:7795000-7795600|0,0,0.4837632953692778,0.08151992,0.015101835,False,True
chr20:59880170-59880770|1,1,0.3676774677749257,0.5355494,0.89459705,True,True
chr20:48213624-48214224|1,1,0.6968301139684774,0.89707273,0.55170023,True,True
chr21:15385388-15385988|1,1,0.47491352800043174,0.41565204,0.22499926,True,True
chr21:37609000-37609600|0,0,0.456124181259037,0.30720484,0.1534998,False,True
chr21:34612000-34612600|0,0,0.6411870332754301,0.34662026,0.23364753,True,True
chr20:32572087-32572687|1,1,0.6316095052204848,0.8446775,0.4378355,True,True
chr20:41759000-41759600|0,0,0.440668270278734,0.42203027,0.11795332,True,True
chr20:50159000-50159600|0,0,0.5763733864974917,0.206128,0.14628093,True,True
chr20:3778018-3778618|1,1,0.7666278681686599,0.9339351,0.99850935,False,True
chr20:34705057-34705657|1,1,0.6173372024912324,0.5703799,0.8741929,False,True
chr20:17213000-17213600|0,0,0.4233263536632005,0.38426423,0.09319705,False,True
chr21:42012000-42012600|0,0,0.5518702619416797,0.62466073,0.32155642,True,True
chr20:20912000-20912600|0,0,0.549262665582012,0.4433848,0.2996523,True,True
chr20:37339060-37339660|1,1,0.584793747107467,0.14374307,0.1661925,True,True
chr20:32309412-32310012|1,1,0.5393225763374662,0.78104985,0.9924124,True,True
chr20:48723000-48723600|0,0,0.6370859570643707,0.7189557,0.5903569,True,True
chr20:19357000-19357600|0,0,0.49414189867512925,0.5507399,0.3281988,True,True
chr20:59660000-59660600|0,0,0.5970030234384913,0.512488,0.13514411,True,True
chr21:41426905-41427505|1,1,0.6215733915075853,0.8850834,0.89039916,True,True
chr20:6732954-6733554|1,1,0.46850956333651467,0.5619864,0.4300066,True,True
chr21:5735000-5735600|0,0,0.46970582722522636,0.5527351,0.44314978,False,True
chr21:12699000-12699600|0,0,0.45233322667619524,0.057917804,5.4300446e-05,False,True
chr20:11462000-11462600|0,0,0.4937087409568844,0.7268367,0.30098364,True,True
chr21:39072000-39072600|0,0,0.5233806214419697,0.35697812,0.16374168,False,True
chr20:12951150-12951750|1,1,0.4771825476635758,0.5042865,0.39742464,True,True
chr20:52378000-52378600|0,0,0.47760575870501776,0.3005665,0.30803898,False,True
chr21:39810000-39810600|0,0,0.5710956153745818,0.32113203,0.122678034,True,True
chr20:32438129-32438729|1,1,0.5456663982279556,0.83724064,0.6072421,True,True
chr20:7075000-7075600|0,0,0.3675919150867361,0.44296712,0.083163366,False,False
chr20:44819000-44819600|0,0,0.3825693891707805,0.28173348,0.03323246,False,True
chr21:14882000-14882600|0,0,0.47236353156060007,0.28867847,0.19214927,False,True
chr20:22280239-22280839|1,1,0.4607573565344241,0.55393577,0.20369627,True,True
chr20:20810000-20810600|0,0,0.5078357203383326,0.41119573,0.19461375,False,True
chr20:1369771-1370371|1,1,0.5377693179667936,0.6678709,0.25166655,True,True
chr21:29499872-29500472|1,1,0.5616906186979165,0.58707273,0.49726853,True,True
chr20:18141907-18142507|1,1,0.3978853346832898,0.6997611,0.9842861,True,True
chr20:41213598-41214198|1,1,0.5186925592135179,0.23404709,0.0913728,True,True
chr21:40708470-40709070|1,1,0.53082082739563,0.8200388,0.9942257,True,True
chr20:43528356-43528956|1,1,0.6263527334703777,0.5755201,0.9544683,False,True
chr20:63627889-63628489|1,1,0.7087056750289659,0.6668072,0.43260166,False,True
chr20:4186442-4187042|1,1,0.5911326268388513,0.7210086,0.22708695,True,True
chr21:38762000-38762600|0,0,0.5503525201617651,0.23248741,0.2207683,True,True
chr21:9879000-9879600|0,0,0.4179821224976836,0.4930873,0.1319578,True,True
chr20:46153000-46153600|0,0,0.6950242104685863,0.85836977,0.20329772,True,True
chr21:41138000-41138600|0,0,0.5519066452720819,0.6907422,0.29843488,True,True
chr20:18774000-18774600|0,0,0.4913372238021599,0.11329349,0.042465948,False,True
chr20:45330263-45330863|1,1,0.6103965886340492,0.62608254,0.9955657,False,True
chr20:24435000-24435600|0,0,0.5332322882077956,0.124393,0.049457483,True,True
chr20:681000-681600|0,0,0.6417363312874074,0.4397625,0.22050871,True,True
chr21:40166987-40167587|1,1,0.4978168043470526,0.5434089,0.82090724,True,True
chr21:37630000-37630600|0,0,0.4561151021077687,0.46770316,0.39119992,True,True
chr20:59840068-59840668|1,1,0.4898508504570833,0.6488355,0.33078682,True,True
chr21:45123000-45123600|0,0,0.4984369934425746,0.3962891,0.23353757,True,True
chr21:32788311-32788911|1,1,0.47836497760673624,0.46801054,0.71799564,True,True
chr20:32840000-32840600|0,0,0.4969365612858938,0.5108357,0.6340475,True,True
chr20:50175980-50176580|1,1,0.6421806166692805,0.68830466,0.3466755,True,True
chr21:45378126-45378726|1,1,0.5785257339664447,0.60643315,0.5749046,True,True
chr20:25612000-25612600|0,0,0.4604937435279781,0.33673117,0.050492026,True,True
chr20:47249138-47249738|1,1,0.5248271838866522,0.89834404,0.99567765,True,True
chr21:36531670-36532270|1,1,0.47903520928185506,0.78752905,0.09572685,True,True
chr20:19000749-19001349|1,1,0.4219538053203757,0.51625097,0.79040664,True,True
chr20:3646422-3647022|1,1,0.5642143695615741,0.81634206,0.9398695,True,True
chr20:58359305-58359905|1,1,0.5041616764755111,0.9078544,0.9730032,True,True
chr21:24066000-24066600|0,0,0.4534537767894318,0.21541327,0.24232598,False,True
chr21:36327000-36327600|0,0,0.5606879364696169,0.1923661,0.19239545,True,True
chr21:39228281-39228881|1,1,0.3978777570454047,0.6939151,0.7528243,True,True
chr20:50051000-50051600|0,0,0.5980517858959027,0.2842573,0.308991,True,True
chr21:16594039-16594639|1,1,0.3925167062067513,0.37553972,0.33371428,True,True
chr20:2630000-2630600|0,0,0.40675269491533916,0.3083872,0.09432164,True,True
chr21:44705000-44705600|0,0,0.5030070558790581,0.41737536,0.016834928,False,True
chr20:54268597-54269197|1,1,0.509220973831546,0.6103074,0.25936255,True,True
chr21:19732000-19732600|0,0,0.36858757726284264,0.18523626,0.11377984,False,False
chr21:43886867-43887467|1,1,0.5334392331961243,0.3114339,0.10245164,True,True
chr20:34510437-34511037|1,1,0.4415921655588406,0.6311932,0.7498127,True,True
chr20:45309266-45309866|1,1,0.6681095902800258,0.5467873,0.90602106,True,True
chr21:45141000-45141600|0,0,0.44616074552743656,0.22867341,0.17767423,False,True
chr21:25061325-25061925|1,1,0.4425143084441691,0.54408354,0.8793124,True,True
chr20:36984000-36984600|0,0,0.5585369031950069,0.31194267,0.26623976,True,True
chr20:378000-378600|0,0,0.5485904233188388,0.67650324,0.4179113,False,True
chr21:31223290-31223890|1,1,0.5007121994749838,0.7910541,0.9953056,True,True
chr20:2765000-2765600|0,0,0.4895010398672074,0.39458477,0.059640694,True,True
chr20:6034163-6034763|1,1,0.4678169060900564,0.5582225,0.9433779,True,True
chr20:11678000-11678600|0,0,0.5796897847298357,0.30016267,0.1680713,True,True
chr20:24537000-24537600|0,0,0.5620673548783427,0.2912363,0.15110841,False,True
chr20:51261000-51261600|0,0,0.53082082739563,0.6758765,0.21532702,True,True
chr21:29177000-29177600|0,0,0.4052955113938216,0.67036355,0.4192968,True,True
chr21:18573000-18573600|0,0,0.41855132350766794,0.34534523,0.034103528,True,True
chr20:45095039-45095639|1,1,0.6331951492193275,0.67726314,0.9958544,True,True
chr20:48988003-48988603|1,1,0.47673750945829335,0.6692345,0.9881144,True,True
chr20:44075000-44075600|0,0,0.6300686062602885,0.9289843,0.7024173,True,True
chr21:28039000-28039600|0,0,0.5104464873880675,0.20269884,0.13501644,False,True
chr20:768181-768781|1,1,0.6125948855928551,0.8321287,0.6113337,True,True
chr20:38684000-38684600|0,0,0.4572836455130111,0.3870308,0.08120084,False,True
chr21:11807000-11807600|0,0,0.46964626196767933,0.07485268,0.000992304,False,True
chr20:36911032-36911632|1,1,0.4356102900205981,0.9054068,0.9910136,True,True
chr20:45207073-45207673|1,1,0.4887632443943355,0.75789165,0.9168142,True,True
chr20:48903000-48903600|0,0,0.5703893006201639,0.15501985,0.21114686,True,True
chr20:8732937-8733537|1,1,0.4348814726334242,0.43983874,0.97402126,True,True
chr21:26417642-26418242|1,1,0.4453928676649013,0.55303353,0.6013913,True,True
chr20:58252000-58252600|0,0,0.4827886131853653,0.59233,0.3208725,False,True
chr21:41874733-41875333|1,1,0.6788781698491206,0.8672793,0.3303437,True,True
chr20:60336000-60336600|0,0,0.47770404877976763,0.5460035,0.31405836,False,True
chr21:20258000-20258600|0,0,0.48461500398746016,0.7086662,0.11644217,True,True
chr20:33711000-33711600|0,0,0.5691266218851794,0.6159201,0.4914633,True,True
chr21:15603000-15603600|0,0,0.4720695907299899,0.5185347,0.06248899,True,True
chr21:37288000-37288600|0,0,0.5447792664635807,0.32797554,0.30243912,True,True
chr21:41857028-41857628|1,1,0.5793923131547201,0.6154237,0.6126195,True,True
chr20:27630000-27630600|0,0,0.4689376050219528,0.031626746,0.0012748641,False,True
chr20:40093000-40093600|0,0,0.5985766824399875,0.6699662,0.16733132,True,True
chr20:48549000-48549600|0,0,0.5977271483164288,0.7010572,0.088096514,True,True
chr20:44525000-44525600|0,0,0.5753773392234778,0.3378359,0.24385679,True,True
chr20:59892125-59892725|1,1,0.37225050135533266,0.7242709,0.99698704,True,True
chr21:26666000-26666600|0,0,0.4369876143021672,0.28426516,0.0065275533,False,True
chr21:44217943-44218543|1,1,0.6184691374170705,0.8292924,0.7672746,False,True
chr20:30555272-30555872|1,1,0.5044847445948513,0.14103648,0.12730381,True,True
chr20:32846317-32846917|1,1,0.49305594596296376,0.4582424,0.9965867,True,True
chr20:63567326-63567926|1,1,0.7326346960710052,0.9512657,0.99591714,False,True
chr21:36232503-36233103|1,1,0.5759581133681875,0.74733925,0.91114277,True,True
chr20:47352704-47353304|1,1,0.5909085587397285,0.80279875,0.7400989,True,True
chr20:4702000-4702600|0,0,0.5411771457706123,0.351714,0.05071722,False,True
chr20:60195000-60195600|0,0,0.4946483932964392,0.39372015,0.167802,True,True
chr20:48912000-48912600|0,0,0.6392117493603887,0.53931004,0.14658578,True,True
chr21:13033000-13033600|0,0,0.3714083772283822,0.26764932,0.024555098,True,True
chr20:35801190-35801790|1,1,0.5057431717596084,0.74879324,0.9910807,True,True
chr20:58240309-58240909|1,1,0.45561857536833805,0.8457122,0.89797014,True,True
chr20:14225000-14225600|0,0,0.36458535981109425,0.6891267,0.29459658,False,False
chr20:39114000-39114600|0,0,0.5359219951819157,0.4522797,0.3457176,True,True
chr20:30891000-30891600|0,0,0.5250282249643433,0.7593209,0.78647405,True,True
chr20:13623213-13623813|1,1,0.3964945487613442,0.3474052,0.96534723,True,True
chr20:8760106-8760706|1,1,0.4365469767443777,0.526304,0.9071075,True,True
chr21:26943246-26943846|1,1,0.4706502226227075,0.50270116,0.9912593,True,True
chr20:1732925-1733525|1,1,0.5564443236060513,0.23444508,0.08751609,True,True
chr21:25834000-25834600|0,0,0.5850263164976912,0.638955,0.06369958,True,True
chr20:10560399-10560999|1,1,0.3994429527614801,0.5567025,0.7794396,True,True
chr20:41753000-41753600|0,0,0.37413974586331034,0.42050874,0.06847516,True,True
chr21:44192000-44192600|0,0,0.6565056916214504,0.4189093,0.3477547,True,True
chr20:49849278-49849878|1,1,0.5630770308445545,0.7324342,0.9909315,True,True
chr21:16267000-16267600|0,0,0.3894090959432398,0.19239558,0.25543854,False,True
chr21:13510000-13510600|0,0,0.4116482296481724,0.28956822,0.033592515,False,True
chr20:19912000-19912600|0,0,0.5651375759136485,0.61901677,0.23560704,True,True
chr20:25316777-25317377|1,1,0.6337694590791034,0.71515006,0.7477748,True,True
chr20:50115320-50115920|1,1,0.513924951986215,0.6799221,0.31401515,True,True
chr21:6111000-6111600|0,0,0.8419248868997506,0.38789594,0.7587207,False,True
chr21:41376535-41377135|1,1,0.6313744377249948,0.8952504,0.70733285,False,True
chr21:24051000-24051600|0,0,0.42088206891046787,0.27884018,0.26635304,False,True
chr20:57693000-57693600|0,0,0.6849839848639412,0.8379461,0.33545393,True,True
chr21:14315900-14316500|1,1,0.49616570179525143,0.575086,0.99918085,True,True
chr21:5348000-5348600|0,0,0.438208526403543,0.021123141,0.047089525,False,True
chr20:43483000-43483600|0,0,0.4278462428151519,0.30743486,0.2624134,True,True
chr20:31722029-31722629|1,1,0.5970784766954466,0.8605281,0.9640869,True,True
chr20:35783000-35783600|0,0,0.49387038217812246,0.53274417,0.44592026,True,True
chr20:31864701-31865301|1,1,0.6445322293730703,0.5376616,0.8359215,False,True
chr21:33823186-33823786|1,1,0.520993803670604,0.7479802,0.99729484,True,True
chr20:62414255-62414855|1,1,0.7491651788657882,0.8736382,0.9984427,False,True
chr20:13792859-13793459|1,1,0.43169602506042853,0.6149231,0.95712554,True,True
chr21:14240000-14240600|0,0,0.3674710145302256,0.6301421,0.1345041,False,False
chr20:49295102-49295702|1,1,0.589599400966367,0.43214026,0.7824262,True,True
chr20:22249000-22249600|0,0,0.48862462914739135,0.6211482,0.2935832,True,True
chr20:63280990-63281590|1,1,0.7160878406503363,0.805908,0.7836755,False,True
chr20:31823176-31823776|1,1,0.6615216702571127,0.62230086,0.80210435,False,True
chr21:37642000-37642600|0,0,0.5492974142022535,0.4230831,0.2634275,True,True
chr21:7216000-7216600|0,0,0.4424069083234876,0.14327413,0.011843473,False,True
chr20:38508776-38509376|1,1,0.4376656674927415,0.6322927,0.4939626,True,True
chr21:42501995-42502595|1,1,0.4566715820754569,0.6491534,0.3313935,True,True
chr21:15765696-15766296|1,1,0.3667283570588027,0.50696075,0.6286842,True,True
chr21:25597113-25597713|1,1,0.378160395687634,0.53174525,0.9954959,True,True
chr20:33237396-33237996|1,1,0.6094969413273168,0.3399896,0.5349994,False,True
chr20:48636382-48636982|1,1,0.7007953958702733,0.87516737,0.9931677,False,True
chr20:17759000-17759600|0,0,0.5489556948643832,0.23001345,0.06884586,False,True
chr20:7883362-7883962|1,1,0.42886827233586644,0.62070894,0.77141553,True,True
chr21:38054472-38055072|1,1,0.553833019206549,0.4650716,0.22372963,True,True
chr20:20265114-20265714|1,1,0.5350878245977062,0.50278604,0.4895474,True,True
chr21:46045000-46045600|0,0,0.39474701547218544,0.27870288,0.020529097,False,True
chr20:61756000-61756600|0,0,0.717619739966807,0.4292702,0.23103474,True,True
chr20:19585140-19585740|1,1,0.589426269135946,0.5032348,0.9704287,True,True
chr20:29705000-29705600|0,0,0.45968862191459847,0.21248837,0.0042987857,False,True
chr20:48135434-48136034|1,1,0.5263476885820577,0.6664921,0.18696909,True,True
chr20:36030056-36030656|1,1,0.5818295684045516,0.71208626,0.9999367,True,True
chr20:2903000-2903600|0,0,0.4837632953692778,0.12670508,0.12742814,False,True
chr20:34103264-34103864|1,1,0.4777135902233278,0.24587007,0.89337134,True,True
chr20:38900280-38900880|1,1,0.6348160651695405,0.72336775,0.91645145,False,True
chr20:4690000-4690600|0,0,0.49598349414122733,0.5106036,0.2867971,True,True
chr21:29312000-29312600|0,0,0.49509209614917093,0.4190452,0.47860405,False,True
chr21:37219937-37220537|1,1,0.5527059372902596,0.8020749,0.32512125,True,True
chr20:18297684-18298284|1,1,0.5413297144681637,0.67017066,0.77320766,True,True
chr21:45675000-45675600|0,0,0.597376646100596,0.6472416,0.5214528,True,True
chr20:60453000-60453600|0,0,0.6100883313519906,0.53799903,0.33820793,True,True
chr20:47618000-47618600|0,0,0.5232704364708705,0.17578928,0.14767693,False,True
chr20:37444000-37444600|0,0,0.5975089038604009,0.51191115,0.8461987,True,True
chr21:38627000-38627600|0,0,0.3594616539126265,0.3651814,0.46589702,False,False
chr20:64086204-64086804|1,1,0.517850029045267,0.7397403,0.5729067,True,True
chr21:14123837-14124437|1,1,0.5026652751133799,0.5766471,0.41393286,True,True
chr20:60156000-60156600|0,0,0.3689665950780039,0.26200876,0.07450478,False,False
chr20:34945797-34946397|1,1,0.5725898434209804,0.8108557,0.96914387,True,True
chr20:33654000-33654600|0,0,0.6280094927962562,0.7263803,0.90455884,True,True
chr21:18138000-18138600|0,0,0.36224618073266657,0.63057286,0.63012046,False,False
chr21:35378000-35378600|0,0,0.4766495651856028,0.35106194,0.64332473,False,True
chr20:1012000-1012600|0,0,0.5668897036929188,0.59300876,0.37835792,True,True
chr20:51114000-51114600|0,0,0.5437493387131145,0.66154003,0.30388758,False,True
chr21:38099037-38099637|1,1,0.49164791219034276,0.49934188,0.6495173,True,True
chr21:46256685-46257285|1,1,0.6403347455523173,0.76676965,0.97568923,True,True
chr20:48336610-48337210|1,1,0.4831188024194972,0.72707385,0.4353252,True,True
chr20:57165000-57165600|0,0,0.6460672534332882,0.8210571,0.3943788,True,True
chr21:10012000-10012600|0,0,0.3964945487613442,0.2656273,0.28726572,True,True
chr20:45902033-45902633|1,1,0.6662477445332589,0.89392656,0.9989015,False,True
chr21:8780000-8780600|0,0,0.4797059601168364,0.41925222,0.29369274,False,True
chr21:15405463-15406063|1,1,0.42879224572072233,0.23039523,0.37906387,True,True
chr21:20762000-20762600|0,0,0.3589556606075022,0.52129877,0.10403312,False,False
chr20:46870000-46870600|0,0,0.5201601406037474,0.46851635,0.21930397,True,True
chr20:55594000-55594600|0,0,0.4327135537806856,0.18775277,0.029933318,False,True
chr20:44738633-44739233|1,1,0.5584328932646497,0.45984247,0.45905995,True,True
chr21:15571055-15571655|1,1,0.4186115134145698,0.45960945,0.11697348,True,True
chr20:62840241-62840841|1,1,0.7320966131425662,0.94623893,0.96803844,True,True
chr20:57514440-57515040|1,1,0.5865340408448053,0.9177356,0.9062844,True,True
chr21:30276000-30276600|0,0,0.49975243933853036,0.502393,0.5363602,True,True
chr21:42418100-42418700|1,1,0.6191380181844128,0.71702886,0.9961033,True,True
chr21:13387000-13387600|0,0,0.30449972602250963,0.33476472,0.21021597,False,False
chr20:56567000-56567600|0,0,0.5075132446820432,0.11171309,0.22443098,True,True
chr20:4702000-4702600|0,0,0.5411771457706123,0.351714,0.05071722,False,True
chr20:44901230-44901830|1,1,0.5332322882077956,0.6249369,0.9972525,True,True
chr21:43060245-43060845|1,1,0.7202319041969472,0.83990264,0.9674315,False,True
chr21:19540000-19540600|0,0,0.5077162093493146,0.683539,0.7097482,True,True
chr20:61834000-61834600|0,0,0.6950954777075521,0.7357824,0.30968753,True,True
chr20:51828000-51828600|0,0,0.5850766874472803,0.254522,0.099822104,True,True
chr20:38130068-38130668|1,1,0.6714012212728937,0.8489205,0.9896543,True,True
chr20:45204000-45204600|0,0,0.5229108311571566,0.76556486,0.12966453,True,True
chr20:33780990-33781590|1,1,0.6559971869264996,0.7404929,0.9945515,False,True
chr21:43687215-43687815|1,1,0.6214100204208796,0.93477464,0.9944846,False,True
chr21:34886795-34887395|1,1,0.718644761899274,0.96142673,0.99587435,False,True
chr20:969000-969600|0,0,0.6042143482132707,0.286998,0.26278773,True,True
chr20:37081000-37081600|0,0,0.5263597424952667,0.37686116,0.13416219,True,True
chr20:19858000-19858600|0,0,0.4664327222206456,0.45750073,0.56763244,False,True
chr21:46168357-46168957|1,1,0.6861532079090171,0.8613549,0.9973055,True,True
chr21:37093704-37094304|1,1,0.3324826727080454,0.3096422,0.4411419,True,True
chr21:29046366-29046966|1,1,0.4429755289506116,0.7228515,0.9979457,True,True
chr20:7249548-7250148|1,1,0.37951521119208387,0.6317333,0.53883535,True,True
chr21:25724376-25724976|1,1,0.41126509645408466,0.458612,0.68672603,True,True
chr21:39165000-39165600|0,0,0.5155034252609968,0.35683376,0.2056268,False,True
chr21:26186000-26186600|0,0,0.5356269722828437,0.34214917,0.14537263,False,True
chr21:32411000-32411600|0,0,0.5876419328864216,0.72601146,0.63055325,True,True
chr21:10597714-10598314|1,1,0.41799566116000403,0.5869562,0.9777214,True,True
chr20:45138373-45138973|1,1,0.6155331594694233,0.9114295,0.99844307,True,True
chr20:24978581-24979181|1,1,0.5942762855789051,0.6501756,0.9834065,True,True
chr21:46492000-46492600|0,0,0.43021222421064964,0.39880994,0.046397034,True,True
chr20:633000-633600|0,0,0.5807321686295506,0.5481753,0.6603938,True,True
chr20:47001127-47001727|1,1,0.6125519077470516,0.76024014,0.9160814,True,True
chr20:5178516-5179116|1,1,0.5455320705483706,0.6960288,0.99196035,True,True
chr20:62993000-62993600|0,0,0.6850309204457294,0.03349509,0.14775485,True,True
chr21:20831000-20831600|0,0,0.49685702116346886,0.39858383,0.074592486,False,True
chr20:8810000-8810600|0,0,0.44868913818924944,0.62213445,0.62907463,False,True
chr20:3343430-3344030|1,1,0.46227463888035436,0.38909057,0.5123814,True,True
chr20:38330747-38331347|1,1,0.6170537240736673,0.5731043,0.84926325,True,True
chr20:7405000-7405600|0,0,0.40841090138259484,0.42182997,0.29864845,True,True
chr20:18328674-18329274|1,1,0.43015869771546006,0.6136079,0.26757786,True,True
chr20:8747000-8747600|0,0,0.46727964679951983,0.7479678,0.27411303,False,True
chr21:33799507-33800107|1,1,0.4839778171517831,0.52221715,0.99397707,True,True
chr20:46036440-46037040|1,1,0.6386623537382032,0.69170135,0.939501,True,True
chr20:47720000-47720600|0,0,0.5786774523544163,0.12651822,0.15459788,True,True
chr21:17786909-17787509|1,1,0.5062262834534685,0.5218124,0.9687089,True,True
chr20:44279000-44279600|0,0,0.6182351684394192,0.8980357,0.9989102,True,True
chr20:7978000-7978600|0,0,0.4388296771454965,0.8782377,0.49561048,False,True
chr20:50124878-50125478|1,1,0.6289461673722211,0.8058469,0.98790747,False,True
chr20:51516654-51517254|1,1,0.5500716842768768,0.6087372,0.96499854,True,True
chr20:60987000-60987600|0,0,0.5590808634678357,0.4320807,0.42724082,True,True
chr20:59129000-59129600|0,0,0.5789467044517805,0.12200622,0.13811825,True,True
chr20:56403167-56403767|1,1,0.6018328419574759,0.79180765,0.9918331,True,True
chr20:23315000-23315600|0,0,0.5864509962676663,0.45729905,0.49175364,True,True
chr20:52975000-52975600|0,0,0.4781475676383441,0.7302469,0.4985686,False,True
chr21:38907954-38908554|1,1,0.5063394575796373,0.50160027,0.3663263,True,True
chr21:25100831-25101431|1,1,0.4583514534562606,0.46515256,0.6636109,True,True
chr21:8453019-8453619|1,1,0.6500054358925289,0.80696255,0.54955286,False,True
chr21:9913792-9914392|1,1,0.41567867756196114,0.30863225,0.10467604,True,True
chr20:22402000-22402600|0,0,0.4184967568146751,0.49368688,0.46689475,True,True
chr21:45057000-45057600|0,0,0.5618566983262069,0.7073292,0.14862147,True,True
chr20:8981000-8981600|0,0,0.5654976838168011,0.32547647,0.07842818,False,True
chr21:42475746-42476346|1,1,0.7044303699018702,0.81115866,0.9209974,False,True
chr20:61910121-61910721|1,1,0.6260276447110267,0.5146357,0.7941031,True,True
chr20:27897000-27897600|0,0,0.4648888675066291,0.041872207,1.8539104e-05,False,True
chr20:38771258-38771858|1,1,0.6410668471334577,0.8900959,0.99655956,False,True
chr20:36747000-36747600|0,0,0.5473575614333063,0.24486452,0.09972745,False,True
chr21:41322287-41322887|1,1,0.5987254310454564,0.74391025,0.48478174,True,True
chr20:36431345-36431945|1,1,0.6943886948791207,0.82819086,0.9896437,True,True
chr20:23520446-23521046|1,1,0.587314742189765,0.60105044,0.80053633,True,True
chr20:37154866-37155466|1,1,0.525801454090197,0.43022412,0.9329196,True,True
chr20:9390230-9390830|1,1,0.41114828774350337,0.4753833,0.7640169,True,True
chr21:26684000-26684600|0,0,0.39936600538975503,0.6743219,0.037962887,True,True
chr21:41529917-41530517|1,1,0.5583012062654655,0.47014514,0.5122068,True,True
chr20:2430145-2430745|1,1,0.5667073347181237,0.5525005,0.9806614,True,True
chr20:19867000-19867600|0,0,0.4116690401207866,0.33763185,0.2103979,True,True
chr21:44003000-44003600|0,0,0.5417820707646223,0.3195064,0.1958484,True,True
chr20:58221202-58221802|1,1,0.5611606710656024,0.7777379,0.6394341,True,True
chr20:36934888-36935488|1,1,0.4430957711436184,0.73452544,0.98638064,True,True
chr21:33357414-33358014|1,1,0.6043468424697104,0.43140125,0.39171308,True,True
chr21:37771000-37771600|0,0,0.4914271884140478,0.35121328,0.14402094,False,True
chr20:11996000-11996600|0,0,0.523262764816604,0.53643876,0.39836752,False,True
chr20:37088821-37089421|1,1,0.430281580163002,0.60153073,0.97175694,True,True
chr20:51625061-51625661|1,1,0.7033248571565035,0.7731071,0.97275656,False,True
chr21:38042000-38042600|0,0,0.463784155839319,0.41241392,0.38408822,False,True
chr20:28543000-28543600|0,0,0.4512304774446947,0.07753792,0.031102935,False,True
chr21:14279295-14279895|1,1,0.396724797719953,0.5062994,0.35895458,True,True
chr21:43165000-43165600|0,0,0.6042093096349648,0.768172,0.5290732,True,True
chr21:21882000-21882600|0,0,0.3760886128399072,0.59509194,0.55245745,False,False
chr20:37972000-37972600|0,0,0.5340427681775127,0.3830192,0.29471242,True,True
chr21:31603000-31603600|0,0,0.4556775995040824,0.5445749,0.57342106,False,True
chr20:12936090-12936690|1,1,0.5379763431928782,0.6019534,0.6295079,True,True
chr21:31570000-31570600|0,0,0.5822800654979831,0.40843195,0.07990598,True,True
chr20:48327828-48328428|1,1,0.6446693844394306,0.68070114,0.21841887,False,True
chr20:38483000-38483600|0,0,0.4938206287454861,0.14914355,0.06917659,False,True
chr20:27648000-27648600|0,0,0.47791941467399834,0.03697765,3.9056165e-05,True,True
chr20:59903000-59903600|0,0,0.3736667433249832,0.18200532,0.06253162,False,True
chr20:38983398-38983998|1,1,0.4855455945640187,0.7102803,0.92798984,True,True
chr21:24783000-24783600|0,0,0.47716271590196463,0.26311317,0.1631331,True,True
chr21:44120047-44120647|1,1,0.6900835241509977,0.78352094,0.9936864,True,True
chr20:29942000-29942600|0,0,0.45211956860692587,0.029555328,0.021806834,False,True
chr20:9393287-9393887|1,1,0.5412745104619657,0.47140253,0.8205842,True,True
chr21:25546000-25546600|0,0,0.5221368834641283,0.46166793,0.5196885,True,True
chr20:32154802-32155402|1,1,0.6429308091161463,0.6952517,0.8996459,False,True
chr21:10003000-10003600|0,0,0.4552337584239639,0.29094782,0.37021077,False,True
chr20:14687000-14687600|0,0,0.43063453211853614,0.5541656,0.23299271,True,True
chr20:35858001-35858601|1,1,0.36404231831877815,0.56619364,0.98195386,True,True
chr20:11690000-11690600|0,0,0.4583514534562606,0.4551409,0.12131564,False,True
chr20:56554387-56554987|1,1,0.5022612424512293,0.4634332,0.15677723,True,True
chr20:62271824-62272424|1,1,0.69011365857564,0.8467877,0.9781904,False,True
chr21:44813803-44814403|1,1,0.583931284769593,0.9182304,0.9904687,True,True
chr21:32726616-32727216|1,1,0.5033247993082298,0.83046347,0.8097085,True,True
chr21:39549000-39549600|0,0,0.4577453507486486,0.2617917,0.025151731,False,True
chr20:11258000-11258600|0,0,0.4620377223102712,0.4466067,0.075146355,False,True
chr21:11786000-11786600|0,0,0.4534537767894318,0.05985405,0.016100314,False,True
chr20:26076033-26076633|1,1,0.4387554346827951,0.5250771,0.20305204,True,True
chr20:32348000-32348600|0,0,0.4296829923016657,0.33355716,0.098588526,False,True
chr20:47525000-47525600|0,0,0.6431354991061954,0.68519634,0.10510009,True,True
chr20:47930000-47930600|0,0,0.5986228526583603,0.5114383,0.11968711,True,True
chr20:5855000-5855600|0,0,0.5353084042137446,0.20572254,0.41400057,True,True
chr20:61234000-61234600|0,0,0.5606879364696169,0.4427972,0.20446178,True,True
chr21:44543000-44543600|0,0,0.43744759449331916,0.5522633,0.28445905,False,True
chr20:48093000-48093600|0,0,0.5524157790155028,0.7779247,0.555065,True,True
chr20:47891000-47891600|0,0,0.546227791291537,0.08999089,0.3003003,True,True
chr20:19007485-19008085|1,1,0.5561002338650863,0.15653728,0.5323961,True,True
chr20:32675000-32675600|0,0,0.633365434496069,0.4496667,0.30432844,True,True
chr20:48558000-48558600|0,0,0.4870103448432383,0.29045415,0.17063637,False,True
chr20:19579699-19580299|1,1,0.5711069474056798,0.761667,0.96395046,True,True
chr20:561000-561600|0,0,0.5167742453657369,0.70630205,0.1936243,True,True
chr21:8804000-8804600|0,0,0.4547652071876373,0.100443974,0.021836117,False,True
chr20:40564000-40564600|0,0,0.4126213269115879,0.13942404,0.1302492,False,True
chr20:4240000-4240600|0,0,0.4862912602495554,0.4462158,0.48980907,True,True
chr20:34075573-34076173|1,1,0.6345543947361093,0.8680178,0.96796924,False,True
chr21:29060359-29060959|1,1,0.43694572371638946,0.4643007,0.87540877,True,True
chr20:29933000-29933600|0,0,0.4534420480655513,0.026219837,0.0064377305,False,True
chr21:28423000-28423600|0,0,0.5143480038202028,0.6621399,0.019461038,True,True
chr21:21223446-21224046|1,1,0.4394255129702014,0.3137013,0.2015299,True,True
chr20:3939000-3939600|0,0,0.46880574033576583,0.22594117,0.06287524,False,True
chr20:25955785-25956385|1,1,0.49761914614345254,0.69279486,0.45566577,True,True
chr20:11360000-11360600|0,0,0.5310637077512117,0.116852246,0.31582043,True,True
chr21:36189000-36189600|0,0,0.4699575528310089,0.43456572,0.7146269,False,True
chr21:42542103-42542703|1,1,0.5539044753091336,0.93896604,0.99264044,True,True
chr20:3324667-3325267|1,1,0.5081153795903692,0.6734364,0.7236494,True,True
chr20:55189000-55189600|0,0,0.3995917840457664,0.38452289,0.5299563,True,True
chr21:28087000-28087600|0,0,0.4454618814687171,0.43553084,0.10991994,True,True
chr21:43897000-43897600|0,0,0.6161348630283668,0.67829835,0.036481805,True,True
chr21:32375182-32375782|1,1,0.4766495651856028,0.50992334,0.8540975,True,True
chr20:9675000-9675600|0,0,0.43606797974671696,0.4399048,0.27419144,False,True
chr21:37831000-37831600|0,0,0.5712339825928614,0.39748392,0.35367268,True,True
chr21:14144498-14145098|1,1,0.3483122566712454,0.29655346,0.58705646,True,True
chr21:16174000-16174600|0,0,0.40925833225017916,0.27684724,0.063836336,True,True
chr20:57392353-57392953|1,1,0.7039051623286997,0.8833385,0.94605666,True,True
chr20:36615073-36615673|1,1,0.6309225818445785,0.6436986,0.99816495,True,True
chr21:44801097-44801697|1,1,0.6605331436984805,0.84077245,0.6576917,True,True
chr20:57228120-57228720|1,1,0.6429691923801528,0.8832176,0.99682045,True,True
chr20:20081000-20081600|0,0,0.4235109423135742,0.41849512,0.85680515,False,True
chr21:43393000-43393600|0,0,0.7007502109597648,0.29194295,0.5406249,True,True
chr20:60766921-60767521|1,1,0.45426533292244536,0.49048683,0.20405889,True,True
chr20:12789000-12789600|0,0,0.4568362380241688,0.51025677,0.097222865,False,True
chr20:15978000-15978600|0,0,0.5660860607633007,0.8041888,0.14678197,True,True
chr20:5772561-5773161|1,1,0.5127511012079461,0.67329556,0.9470019,True,True
chr20:32798159-32798759|1,1,0.6519708782839996,0.8888449,0.98957217,False,True
chr20:6015060-6015660|1,1,0.40724503106301496,0.72067976,0.9913726,True,True
chr20:28399000-28399600|0,0,0.468793685469063,0.078641996,3.3297256e-05,False,True
chr21:12051000-12051600|0,0,0.4580726749515918,0.10585564,0.00019166399,False,True
chr20:9654000-9654600|0,0,0.5526733201753298,0.37315008,0.16840656,False,True
chr21:31998225-31998825|1,1,0.6434882642597759,0.95398146,0.9993851,False,True
chr20:13600000-13600600|0,0,0.36850932029583955,0.2779767,0.017169515,True,True
chr20:41079784-41080384|1,1,0.41956570592182124,0.41733038,0.870487,True,True
chr20:49582000-49582600|0,0,0.5537802014319668,0.44973046,0.26890412,True,True
chr21:30777000-30777600|0,0,0.4273626258904686,0.5544577,0.29312882,True,True
chr21:43504000-43504600|0,0,0.707502509123461,0.81673753,0.4627638,True,True
chr21:12510000-12510600|0,0,0.45993936817929365,0.09449814,7.512969e-05,False,True
chr21:12336000-12336600|0,0,0.4434653482145192,0.067080155,2.4052008e-06,False,True
chr21:28993000-28993600|0,0,0.5314406422812509,0.47060534,0.32986844,False,True
chr20:59285000-59285600|0,0,0.547679347406813,0.31675634,0.16329211,True,True
chr20:55273000-55273600|0,0,0.4986839096938958,0.31023258,0.34503576,False,True
chr20:62195501-62196101|1,1,0.5471193289451053,0.6814706,0.9321273,True,True
chr20:1237743-1238343|1,1,0.3760820590030563,0.41020808,0.96042806,True,True
chr21:33639887-33640487|1,1,0.5548539634793771,0.33945224,0.39510164,True,True
chr21:31891000-31891600|0,0,0.562380311852414,0.24777843,0.045525644,False,True
chr21:32653065-32653665|1,1,0.47752297574661895,0.4742766,0.78481066,True,True
chr21:29873000-29873600|0,0,0.4247466609665473,0.4996208,0.097464025,False,True
chr20:23126237-23126837|1,1,0.631603958400756,0.5931722,0.2526725,False,True
chr21:17522000-17522600|0,0,0.5551042539317458,0.3330041,0.07677541,True,True
chr20:12940214-12940814|1,1,0.3799302139359408,0.3426987,0.96494794,True,True
chr21:42600547-42601147|1,1,0.5511509910123662,0.64583474,0.37943602,True,True
chr21:8801000-8801600|0,0,0.5516311808558401,0.79603636,0.98518074,True,True
chr21:14747028-14747628|1,1,0.4690333766067637,0.25219345,0.16233663,True,True
chr20:28606000-28606600|0,0,0.4902057377823423,0.23901924,0.01763045,False,True
chr20:40399000-40399600|0,0,0.4170101682382562,0.1750034,0.2021428,True,True
chr21:35060000-35060600|0,0,0.443380313585037,0.12955518,0.020835446,True,True
chr21:17066000-17066600|0,0,0.4978309698836795,0.24092028,0.060501292,False,True
chr21:20072000-20072600|0,0,0.35589660142451285,0.1915223,0.2982622,False,False
chr21:33765574-33766174|1,1,0.44733348715595733,0.80448127,0.9309284,True,True
chr20:59570000-59570600|0,0,0.42913029175022616,0.49343267,0.12625627,True,True
chr20:7564000-7564600|0,0,0.4184794983674016,0.3725501,0.05313749,False,True
chr20:31848264-31848864|1,1,0.7060589461487741,0.8286322,0.9943421,False,True
chr21:10105000-10105600|0,0,0.350096801059879,0.35548663,0.05543665,False,False
chr21:32732218-32732818|1,1,0.5737847468413482,0.56738365,0.25338945,True,True
chr20:387710-388310|1,1,0.6262944228637928,0.8467694,0.9820998,True,True
chr21:27540000-27540600|0,0,0.40365378495914805,0.12263366,0.012359816,True,True
chr21:42859421-42860021|1,1,0.7106075699970223,0.7749299,0.9700182,False,True
chr21:44927324-44927924|1,1,0.6966573415828127,0.6398078,0.63687855,True,True
chr20:36930574-36931174|1,1,0.4616184745303423,0.6297281,0.9810853,True,True
chr20:8354000-8354600|0,0,0.3954812312440986,0.5000236,0.15102929,True,True
chr21:41288000-41288600|0,0,0.35336911531284293,0.3711382,0.17670141,False,False
chr20:63597559-63598159|1,1,0.6808242958490672,0.8963892,0.9732487,True,True
chr20:42003000-42003600|0,0,0.405270406114408,0.5234165,0.2453138,True,True
chr20:61936436-61937036|1,1,0.6888720856044153,0.9635446,0.97391075,False,True
chr20:44594000-44594600|0,0,0.47337147135262914,0.45384154,0.12915106,False,True
chr20:36696000-36696600|0,0,0.5859916468227251,0.080342986,0.09486252,True,True
chr20:45300708-45301308|1,1,0.6684234580914079,0.61685276,0.985782,True,True
chr20:24201165-24201765|1,1,0.5314406422812509,0.76080626,0.45790014,True,True
chr20:45399389-45399989|1,1,0.5072574123896321,0.27905288,0.10916941,True,True
chr21:15280446-15281046|1,1,0.48180687906645425,0.87151337,0.4021578,True,True
chr20:25327000-25327600|0,0,0.5833471831870662,0.1579106,0.20160685,True,True
chr20:37717000-37717600|0,0,0.46663394957640264,0.6133847,0.54391205,False,True
chr20:25323129-25323729|1,1,0.5613413894684678,0.4530067,0.99084175,True,True
chr20:2207000-2207600|0,0,0.7584879893624654,0.9543469,0.92999214,True,True
chr21:7075000-7075600|0,0,0.4950331420944814,0.49651858,0.09817357,False,True
chr21:10060000-10060600|0,0,0.35924456205798977,0.4531301,0.28999144,False,False
chr20:47435000-47435600|0,0,0.5248271838866522,0.406445,0.117397904,True,True
chr20:48972025-48972625|1,1,0.5566424245642491,0.812371,0.5187373,True,True
chr20:49013263-49013863|1,1,0.5477865940236136,0.67201656,0.9728089,True,True
chr21:14030000-14030600|0,0,0.5637961156927919,0.46617082,0.32803065,True,True
chr20:23492657-23493257|1,1,0.5602993078995149,0.7468436,0.9647132,True,True
chr21:28153000-28153600|0,0,0.35240863587805554,0.38055423,0.297904,False,False
chr21:43471017-43471617|1,1,0.678746868535598,0.7452624,0.20978458,False,True
chr20:22548001-22548601|1,1,0.5503346438313796,0.8166145,0.55528885,True,True
chr20:34477471-34478071|1,1,0.40820836743070443,0.63467675,0.9719901,True,True
chr20:3750503-3751103|1,1,0.6557890611811839,0.89593583,0.98274416,False,True
chr20:16099000-16099600|0,0,0.44368792451349537,0.61175454,0.16904473,False,True
chr21:30678000-30678600|0,0,0.43896718772470966,0.6144801,0.261451,False,True
chr20:26684000-26684600|0,0,0.4659994532977673,0.036989808,3.506212e-05,False,True
chr20:52649923-52650523|1,1,0.47770404877976763,0.45555836,0.070949666,True,True
chr21:28430111-28430711|1,1,0.4556476694575756,0.65988827,0.43812832,True,True
chr20:46174776-46175376|1,1,0.7205139550466013,0.916597,0.9617015,False,True
chr21:33342967-33343567|1,1,0.4415921655588406,0.7010034,0.97056097,True,True
chr20:18609000-18609600|0,0,0.494779000169283,0.17786281,0.1804029,False,True
chr20:34324000-34324600|0,0,0.4675151637727789,0.14529304,0.032353275,False,True
chr20:51784383-51784983|1,1,0.5472167060063265,0.6660185,0.99438274,True,True
chr20:45184746-45185346|1,1,0.436677138035185,0.69672984,0.08912496,True,True
chr21:11579000-11579600|0,0,0.4543240822283395,0.14517859,0.01817291,False,True
chr20:62351500-62352100|1,1,0.7289830158070143,0.93544763,0.9987556,False,True
chr20:49874404-49875004|1,1,0.6001987740883536,0.4832414,0.9796347,True,True
chr20:44478323-44478923|1,1,0.5329480173859127,0.3944835,0.34253973,True,True
chr21:18262490-18263090|1,1,0.36080180766461933,0.42194906,0.8295848,True,True
chr21:28876190-28876790|1,1,0.40919918309335174,0.53065187,0.41007736,True,True
chr21:19819000-19819600|0,0,0.4432456830306441,0.30982316,0.23282929,False,True
chr21:35855000-35855600|0,0,0.480316817459752,0.6073632,0.5226786,False,True
chr20:44786000-44786600|0,0,0.6330649097951783,0.32205763,0.14053716,True,True
chr21:34449383-34449983|1,1,0.6042972912898917,0.7414201,0.99803215,True,True
chr21:25363000-25363600|0,0,0.46280318942715076,0.37030485,0.35150024,False,True
chr21:25030000-25030600|0,0,0.388185233177197,0.3120137,0.033660803,True,True
chr20:62198333-62198933|1,1,0.6555803026739668,0.8956656,0.9984438,False,True
chr20:23909000-23909600|0,0,0.5680625562060225,0.51257265,0.036106944,True,True
chr21:37156354-37156954|1,1,0.41754442344402926,0.37375706,0.8522616,True,True
chr20:25673551-25674151|1,1,0.5328816132467898,0.5959651,0.32588103,True,True
chr20:50357000-50357600|0,0,0.6155331594694233,0.56784767,0.41346657,True,True
chr20:40132000-40132600|0,0,0.49216520580868084,0.5684909,0.33122253,False,True
chr20:57606000-57606600|0,0,0.5077364768008513,0.29489636,0.18934615,False,True
chr21:19018000-19018600|0,0,0.3836114558932858,0.6566701,0.21707214,False,True
chr20:16804000-16804600|0,0,0.5348131248657455,0.73654807,0.38361192,False,True
chr21:15115579-15116179|1,1,0.5060757519287664,0.55858135,0.25879198,True,True
chr21:43636000-43636600|0,0,0.40334423621386944,0.38388994,0.20108318,True,True
chr21:46297238-46297838|1,1,0.7316915219650036,0.9077325,0.9325558,False,True
chr21:14373983-14374583|1,1,0.4750370269904893,0.48858467,0.83221,True,True
chr20:763702-764302|1,1,0.6321758265290887,0.9096087,0.9981159,True,True
chr20:14186000-14186600|0,0,0.4448213866625104,0.19201615,0.028725052,False,True
chr20:9372002-9372602|1,1,0.46927404497876724,0.751438,0.9844037,True,True
chr21:16487189-16487789|1,1,0.41952439327581065,0.2801009,0.72706866,True,True
chr20:45808813-45809413|1,1,0.5821381686158938,0.6707433,0.9472215,True,True
chr21:41143114-41143714|1,1,0.6006225286590743,0.86791044,0.73558486,True,True
chr21:25069415-25070015|1,1,0.4666291942091406,0.25097975,0.12741822,True,True
chr21:28234000-28234600|0,0,0.6149149743732573,0.2643221,0.020159239,True,True
chr20:7390000-7390600|0,0,0.4423167365547145,0.44062394,0.24677876,False,True
chr20:25489023-25489623|1,1,0.6985584765211681,0.77787375,0.9931114,True,True
chr20:55597000-55597600|0,0,0.4548747770850021,0.3734657,0.40684962,False,True
chr20:63249771-63250371|1,1,0.692741384493393,0.8899718,0.99242145,False,True
chr21:14181558-14182158|1,1,0.4131474584707087,0.7285081,0.9928833,True,True
chr20:12351000-12351600|0,0,0.5201601406037474,0.280495,0.30655524,False,True
chr20:42990000-42990600|0,0,0.4235109423135742,0.5186245,0.42529005,False,True
chr20:49534000-49534600|0,0,0.5127511012079461,0.33938223,0.47564238,True,True
chr20:12972000-12972600|0,0,0.48459062141229425,0.07297386,0.040556386,False,True
chr20:35585000-35585600|0,0,0.6797682376992692,0.5379772,0.9662723,True,True
chr21:14933000-14933600|0,0,0.4545568644478322,0.34335238,0.09646603,False,True
chr21:17960000-17960600|0,0,0.478708643396398,0.4613411,0.27963075,False,True
chr21:21099000-21099600|0,0,0.4719360202403342,0.39609224,0.21214859,False,True
chr21:6333823-6334423|1,1,0.38231246265441676,0.45158264,0.18154922,True,True
chr20:52897000-52897600|0,0,0.40497323387265866,0.4087579,0.09755013,True,True
chr20:37732578-37733178|1,1,0.5490462958141742,0.7905783,0.96994466,True,True
chr20:59396000-59396600|0,0,0.6057850154518926,0.71448386,0.4059005,True,True
chr20:32025555-32026155|1,1,0.6297413891218089,0.62052774,0.9115072,False,True
chr21:19708000-19708600|0,0,0.5394426230760978,0.081701286,0.16955188,False,True
chr20:1266353-1266953|1,1,0.7731460762199978,0.9051212,0.9536264,True,True
chr20:37364903-37365503|1,1,0.569009801718748,0.38693026,0.30773893,True,True
chr21:40383351-40383951|1,1,0.41310813220991366,0.5901644,0.8343139,True,True
chr20:44486295-44486895|1,1,0.5123612364868545,0.6713582,0.9742323,True,True
chr21:38909000-38909600|0,0,0.6134527626265717,0.79662436,0.78168917,True,True
chr20:11174000-11174600|0,0,0.4638338910106913,0.44889882,0.31069976,False,True
chr20:40303000-40303600|0,0,0.36104573911716775,0.35809752,0.08943598,False,False
chr21:16257092-16257692|1,1,0.4096920887069181,0.6158586,0.52149504,True,True
chr20:13766623-13767223|1,1,0.41344655907479494,0.5699486,0.9705247,True,True
chr21:33810674-33811274|1,1,0.5376839333294795,0.63869125,0.9670934,True,True
chr20:57720000-57720600|0,0,0.689699702983508,0.58814955,0.35243225,True,True
chr21:19046724-19047324|1,1,0.40590019352482376,0.23670496,0.16259077,True,True
chr20:51675907-51676507|1,1,0.48727209460017684,0.36079514,0.8067513,True,True
chr20:21093551-21094151|1,1,0.5422797909925081,0.5088583,0.63072866,True,True
chr20:38864000-38864600|0,0,0.46866569169437017,0.24865632,0.10943675,True,True
chr20:56395220-56395820|1,1,0.5298817336937147,0.7391955,0.99824095,True,True
chr20:17342000-17342600|0,0,0.5321519410337617,0.32217807,0.35226536,True,True
