name,label,gc_probability,kmer_probability,probe_probability,gc_caliper_selected,historical_gc_selected
chr20:46610145-46610745|1,1,0.5455451933732698,0.5494054,0.8431874,True,True
chr20:20405000-20405600|0,0,0.5272487034899918,0.33232856,0.18701524,True,True
chr20:6264000-6264600|0,0,0.3771726635619057,0.5718604,0.2419049,True,True
chr20:44223571-44224171|1,1,0.4872906039694186,0.47947407,0.13873805,True,True
chr20:48765000-48765600|0,0,0.4498797645759472,0.5751133,0.8155409,True,True
chr20:45810639-45811239|1,1,0.6240847258025773,0.75381726,0.99806625,True,True
chr21:17942000-17942600|0,0,0.4399526907126947,0.21699138,0.09026881,True,True
chr20:46121597-46122197|1,1,0.5407297759036405,0.72463346,0.5198193,True,True
chr20:24432000-24432600|0,0,0.5873056299785351,0.13997146,0.004313334,True,True
chr20:57492000-57492600|0,0,0.44325888751890924,0.636155,0.18906833,True,True
chr20:59216000-59216600|0,0,0.5760050400970469,0.36770833,0.4191727,True,True
chr20:46531000-46531600|0,0,0.5325789687197887,0.4234273,0.069943085,True,True
chr20:58276000-58276600|0,0,0.511058429220998,0.1956136,0.10808865,True,True
chr21:19519000-19519600|0,0,0.41374739798015897,0.32434905,0.11199452,True,True
chr21:10570248-10570848|1,1,0.36631586146591005,0.3950644,0.28473872,True,True
chr20:9542285-9542885|1,1,0.5284376596611745,0.725021,0.9668921,True,True
chr20:4714000-4714600|0,0,0.6203942147464009,0.24219587,0.24028327,True,True
chr20:46595856-46596456|1,1,0.6203247253031574,0.6850627,0.97061366,True,True
chr21:14672000-14672600|0,0,0.3361991920268088,0.23605989,0.05515936,True,True
chr21:39912000-39912600|0,0,0.43088726054689375,0.38449606,0.12040521,True,True
chr20:11913013-11913613|1,1,0.4518783808457052,0.83298457,0.3222108,True,True
chr20:29159000-29159600|0,0,0.42529130573464347,0.038348824,0.02651698,True,True
chr20:62339000-62339600|0,0,0.5323267742345386,0.45740205,0.12742494,True,True
chr21:28900000-28900600|0,0,0.5345153501084865,0.45822662,0.16987076,True,True
chr21:33834123-33834723|1,1,0.45111095575830457,0.72112834,0.97325087,True,True
chr20:20660000-20660600|0,0,0.486199302137659,0.71633846,0.21081807,True,True
chr20:48135638-48136238|1,1,0.5570414600643481,0.54369926,0.4362169,True,True
chr21:42150000-42150600|0,0,0.7119388182465475,0.6002586,0.5243484,True,True
chr20:675168-675768|1,1,0.8507747261875377,0.94758123,0.998343,True,True
chr20:3804379-3804979|1,1,0.732458003849491,0.8201441,0.9986237,False,True
chr20:62804729-62805329|1,1,0.8916259004100121,0.95449764,0.9907684,False,True
chr21:26582000-26582600|0,0,0.3140650256147071,0.25384715,0.054130964,True,True
chr20:42685530-42686130|1,1,0.43061209738103173,0.77767473,0.3358999,True,True
chr20:39028198-39028798|1,1,0.5332177428499614,0.689051,0.81166106,True,True
chr20:3939000-3939600|0,0,0.4471738740948124,0.1701001,0.03204342,True,True
chr20:648000-648600|0,0,0.6016625959169606,0.76591027,0.7049321,True,True
chr21:41688167-41688767|1,1,0.6403468935066043,0.54002535,0.29456982,True,True
chr21:46639000-46639600|0,0,0.30693603121228025,0.19144276,0.013140662,True,True
chr20:22753000-22753600|0,0,0.48866991931237147,0.20958811,0.2172323,True,True
chr20:44475690-44476290|1,1,0.8007677394205702,0.96410066,0.9319027,False,True
chr20:19147000-19147600|0,0,0.4866499632835254,0.5991426,0.15762697,True,True
chr21:21549000-21549600|0,0,0.4268745331723257,0.37185046,0.072826535,True,True
chr21:37024000-37024600|0,0,0.5033087086664356,0.035813577,0.027051602,True,True
chr20:36702000-36702600|0,0,0.5547782310687891,0.12650962,0.04529677,True,True
chr21:45477186-45477786|1,1,0.7801111083244499,0.9070692,0.97530615,False,True
chr20:54475603-54476203|1,1,0.7813907724549412,0.9672161,0.73392135,False,True
chr21:21324199-21324799|1,1,0.45356469482032286,0.7637338,0.70791155,True,True
chr20:29897000-29897600|0,0,0.4139481987605507,0.13750306,0.018888809,True,True
chr20:8363000-8363600|0,0,0.46188056404324845,0.24195844,0.058952913,True,True
chr20:8072000-8072600|0,0,0.43088726054689375,0.19431375,0.08622957,True,True
chr20:43693000-43693600|0,0,0.5680150279611986,0.06056351,0.048983753,True,True
chr20:48300000-48300600|0,0,0.5714280965566884,0.51738024,0.16580756,True,True
chr20:58250586-58251186|1,1,0.4620698866458548,0.39753264,0.7666803,True,True
chr20:13084000-13084600|0,0,0.4509693698407978,0.7876234,0.4530946,True,True
chr21:45801000-45801600|0,0,0.7483962738123456,0.6202347,0.07865665,True,True
chr20:61681000-61681600|0,0,0.47687092268128056,0.3633616,0.23540935,True,True
chr20:57951000-57951600|0,0,0.6220766944055187,0.73589295,0.3869016,True,True
chr20:45614327-45614927|1,1,0.50437085409685,0.54779303,0.7920807,True,True
chr21:27513000-27513600|0,0,0.41213459326325996,0.13498697,0.14028734,True,True
chr20:63552800-63553400|1,1,0.7456865875669888,0.6209532,0.34985676,False,True
chr20:41447581-41448181|1,1,0.4331207785204972,0.70841867,0.9751187,True,True
chr20:13027000-13027600|0,0,0.5398959559913885,0.7646278,0.30441386,True,True
chr20:4072220-4072820|1,1,0.609245670132816,0.5604555,0.3382703,True,True
chr20:49591000-49591600|0,0,0.5017610854945678,0.39193857,0.6653838,True,True
chr20:43702602-43703202|1,1,0.6965085762100294,0.9185166,0.9996916,False,True
chr21:5720000-5720600|0,0,0.5119536210832466,0.4991572,0.40751728,True,True
chr20:3888438-3889038|1,1,0.7217614831757065,0.94545573,0.9672173,True,True
chr20:52687864-52688464|1,1,0.48437350768441634,0.44789383,0.12988904,True,True
chr20:31669000-31669600|0,0,0.60208982723988,0.13185073,0.07285085,True,True
chr21:26270000-26270600|0,0,0.4244088341984656,0.37206742,0.23363376,True,True
chr21:37144344-37144944|1,1,0.44111825199098803,0.68644404,0.9927322,True,True
chr21:40055424-40056024|1,1,0.49186238439469326,0.7208715,0.98632044,True,True
chr21:38561000-38561600|0,0,0.3575456163780892,0.7159547,0.8059146,True,True
chr20:63609000-63609600|0,0,0.6208302963607789,0.061278064,0.00795928,True,True
chr20:54765000-54765600|0,0,0.3737708544396639,0.19598508,0.057725,True,True
chr21:37390000-37390600|0,0,0.4903007485541783,0.4430751,0.6466991,True,True
chr20:35771778-35772378|1,1,0.8635076042311038,0.9735578,0.97908974,False,True
chr20:45372000-45372600|0,0,0.6662684202268582,0.57185006,0.4899829,True,True
chr20:44504500-44505100|1,1,0.502069501925983,0.6949089,0.74873036,True,True
chr20:18510755-18511355|1,1,0.4436994866071744,0.8220166,0.9904817,True,True
chr20:61147000-61147600|0,0,0.5820132507665725,0.24139218,0.22044204,True,True
chr21:31825000-31825600|0,0,0.3661033567096316,0.31162322,0.04027116,True,True
chr20:34207000-34207600|0,0,0.37627792715510633,0.14346188,0.0071875956,True,True
chr20:46108000-46108600|0,0,0.4518783808457052,0.10476467,0.049576912,True,True
chr20:5552000-5552600|0,0,0.4035611558703875,0.2726045,0.09861069,True,True
chr21:45735128-45735728|1,1,0.4915013616878992,0.70472366,0.6297018,True,True
chr20:43540007-43540607|1,1,0.733345190767132,0.8482194,0.9886439,False,True
chr20:35507550-35508150|1,1,0.6689174625050237,0.7665462,0.999181,True,True
chr20:1027000-1027600|0,0,0.3807845911662558,0.17623983,0.18131758,True,True
chr20:6315000-6315600|0,0,0.37121157837814056,0.2749554,0.37109187,True,True
chr20:28405000-28405600|0,0,0.45146242920401214,0.049354233,0.02541879,True,True
chr20:49544004-49544604|1,1,0.6537553526487594,0.58539295,0.9617815,True,True
chr21:36825000-36825600|0,0,0.47181019104175714,0.30907676,0.5433936,True,True
chr20:8429000-8429600|0,0,0.4452429996956058,0.40057883,0.35656264,True,True
chr21:39205807-39206407|1,1,0.4825406642665311,0.54166466,0.8550778,True,True
chr21:14813000-14813600|0,0,0.3384248678921093,0.45439234,0.0056571905,True,True
chr20:7063000-7063600|0,0,0.38183280242051715,0.6612519,0.24726333,True,True
chr20:12357000-12357600|0,0,0.591310143023492,0.4622782,0.055938635,True,True
chr20:40564000-40564600|0,0,0.3762949955723882,0.104246445,0.123846896,True,True
chr21:41713250-41713850|1,1,0.6407339054584678,0.62488353,0.29336724,True,True
chr20:37207148-37207748|1,1,0.5860083289662249,0.7912108,0.99857116,True,True
chr20:59992219-59992819|1,1,0.41676238503469426,0.83611625,0.98521394,True,True
chr20:62201000-62201600|0,0,0.7587982850283471,0.92108697,0.7402679,True,True
chr21:10993000-10993600|0,0,0.4316316647197613,0.1363609,0.17015532,True,True
chr20:36018000-36018600|0,0,0.6052541643312297,0.5352247,0.4590709,True,True
chr21:13720000-13720600|0,0,0.5876275533390989,0.6019945,0.49321184,True,True
chr21:20447000-20447600|0,0,0.3120251367984703,0.3805358,0.118425116,False,False
chr21:33064147-33064747|1,1,0.61056562135234,0.9298968,0.8999922,True,True
chr21:43492000-43492600|0,0,0.6663044593107373,0.46586275,0.25584435,True,True
chr20:41411843-41412443|1,1,0.5796302084708919,0.7500339,0.94734883,True,True
chr21:36291932-36292532|1,1,0.5182705563193842,0.5080539,0.6771298,True,True
chr21:14762537-14763137|1,1,0.44648446107911094,0.42930597,0.5160502,True,True
chr20:59435000-59435600|0,0,0.5173706636849723,0.6447205,0.30806667,True,True
chr21:44870000-44870600|0,0,0.5711165174721061,0.49368176,0.5157282,True,True
chr20:21504000-21504600|0,0,0.6264046040168171,0.60308623,0.5312506,True,True
chr20:48827341-48827941|1,1,0.8519786111450427,0.9750574,0.98822844,False,True
chr20:45795142-45795742|1,1,0.6130084920128077,0.60267264,0.8695663,True,True
chr20:12924431-12925031|1,1,0.46723049891968405,0.34029752,0.3122001,True,True
chr21:25517975-25518575|1,1,0.4045421009277549,0.52300864,0.069950156,True,True
chr20:23519183-23519783|1,1,0.6922883592865744,0.7921723,0.41236085,True,True
chr20:6031069-6031669|1,1,0.3790625661352977,0.6972309,0.9464249,True,True
chr21:42772219-42772819|1,1,0.6141396099782415,0.6388642,0.88666594,True,True
chr20:27558000-27558600|0,0,0.45259207923217826,0.06416011,0.0029171407,True,True
chr20:1534000-1534600|0,0,0.444085264193003,0.7307644,0.22013988,True,True
chr20:42915000-42915600|0,0,0.5954645457804673,0.61809003,0.29611304,True,True
chr21:7744000-7744600|0,0,0.5860669055665052,0.21403538,0.45897433,True,True
chr20:24822000-24822600|0,0,0.5230164723290567,0.3312757,0.6585842,True,True
chr20:28429000-28429600|0,0,0.44389236694341844,0.026731865,0.00018988988,True,True
chr20:8774418-8775018|1,1,0.45356469482032286,0.633598,0.9977696,True,True
chr20:22765000-22765600|0,0,0.6095304998283625,0.59925467,0.43896458,True,True
chr21:35795000-35795600|0,0,0.4288191472139251,0.18118134,0.1796759,True,True
chr20:33223660-33224260|1,1,0.6735051118208008,0.8148755,0.40863696,True,True
chr20:59942008-59942608|1,1,0.41757117238365726,0.73498213,0.9965565,True,True
chr20:5261000-5261600|0,0,0.38662171392798306,0.32223204,0.24546614,True,True
chr21:36175465-36176065|1,1,0.569245867211251,0.3108805,0.40296942,True,True
chr20:3264137-3264737|1,1,0.5630268013901448,0.6873063,0.24982207,True,True
chr20:5318894-5319494|1,1,0.5155060327028504,0.4889351,0.33102062,True,True
chr20:6079135-6079735|1,1,0.43108484923244306,0.57676435,0.9929858,True,True
chr21:13387000-13387600|0,0,0.24281559665813698,0.3035473,0.10210751,False,False
chr20:23054000-23054600|0,0,0.4622614870722958,0.26377225,0.40351918,True,True
chr21:32274529-32275129|1,1,0.38582597527002305,0.6338319,0.98584765,True,True
chr20:19315000-19315600|0,0,0.5993275640530399,0.29873425,0.24422051,True,True
chr20:26834000-26834600|0,0,0.44350662324092355,0.048614055,0.00036685576,True,True
chr21:21774000-21774600|0,0,0.4009215093492347,0.36945835,0.1300163,True,True
chr20:3535035-3535635|1,1,0.3054868340805064,0.47011077,0.69227713,True,True
chr20:27150000-27150600|0,0,0.46531794952273875,0.08650634,0.00044496488,True,True
chr20:38582000-38582600|0,0,0.6824317919954169,0.25338504,0.22557941,True,True
chr20:10407315-10407915|1,1,0.38502426831567355,0.5704491,0.9529606,True,True
chr21:18024379-18024979|1,1,0.4382829014042343,0.5571319,0.27543014,True,True
chr21:19222000-19222600|0,0,0.30748677755151566,0.1804197,0.03342494,True,True
chr20:62172500-62173100|1,1,0.6855804024323128,0.93497807,0.93567926,False,True
chr21:8226090-8226690|1,1,0.6743475857614902,0.86941653,0.8986748,False,True
chr20:59891689-59892289|1,1,0.3993485673507969,0.5562528,0.99809116,True,True
chr20:63969513-63970113|1,1,0.9022891805140688,0.83726436,0.9897904,False,True
chr21:34459228-34459828|1,1,0.7744138267274052,0.9318719,0.9355355,False,True
chr21:35003000-35003600|0,0,0.4526089096502873,0.52583885,0.36446646,True,True
chr20:2470387-2470987|1,1,0.7616182262946379,0.97998124,0.99543923,True,True
chr21:14585237-14585837|1,1,0.361782211835844,0.4526506,0.4809759,True,True
chr20:35899347-35899947|1,1,0.555109771112854,0.9111857,0.960496,True,True
chr21:29156000-29156600|0,0,0.37267354793676893,0.7153141,0.38469422,True,True
chr20:20022179-20022779|1,1,0.3919922323083444,0.68556356,0.5892239,True,True
chr20:13728077-13728677|1,1,0.438185694405504,0.5924822,0.9729494,True,True
chr21:26819000-26819600|0,0,0.4200262963628039,0.19960144,0.07455725,True,True
chr20:64264230-64264830|1,1,0.40750102358332513,0.50313514,0.98382646,True,True
chr21:44873201-44873801|1,1,0.8657215949697923,0.9649366,0.9989827,True,True
chr20:30471000-30471600|0,0,0.4207810987905758,0.11834025,0.0037550908,True,True
chr21:19130390-19130990|1,1,0.5041938323391432,0.5916686,0.78239137,True,True
chr21:20774000-20774600|0,0,0.3490659341385749,0.4054977,0.3534013,True,True
chr20:10172485-10173085|1,1,0.6336611408472946,0.93252665,0.5569045,True,True
chr20:44395152-44395752|1,1,0.6864395979806638,0.5490575,0.24436541,False,True
chr20:22578209-22578809|1,1,0.6915594400561459,0.9642526,0.7432431,False,True
chr21:6659218-6659818|1,1,0.40592208019557646,0.31158203,0.09478946,True,True
chr20:7975000-7975600|0,0,0.49138808489772845,0.17219308,0.46523643,True,True
chr20:9217151-9217751|1,1,0.4649131471954969,0.77110034,0.97762054,True,True
chr21:9132000-9132600|0,0,0.5019065693802768,0.15501834,0.07916623,True,True
chr20:1203350-1203950|1,1,0.6062168733310689,0.6692617,0.29343727,True,True
chr21:36633000-36633600|0,0,0.639142636196147,0.683227,0.41863504,True,True
chr21:43954941-43955541|1,1,0.678871488436725,0.86299515,0.27815595,False,True
chr21:36243000-36243600|0,0,0.5015511156456719,0.246113,0.1268692,True,True
chr20:3007119-3007719|1,1,0.43496532485936357,0.47611937,0.67811936,True,True
chr20:21048000-21048600|0,0,0.5033283614546394,0.51452744,0.20434354,True,True
chr20:16356029-16356629|1,1,0.5200418413113786,0.5570975,0.98212284,True,True
chr20:31942754-31943354|1,1,0.6839381045723946,0.7038721,0.86427104,True,True
chr21:46291161-46291761|1,1,0.5534987546711911,0.6821329,0.8510088,True,True
chr21:15397588-15398188|1,1,0.5518636834113915,0.28841406,0.07260167,True,True
chr20:63442105-63442705|1,1,0.7361911373356881,0.3116357,0.94186354,False,True
chr20:16256635-16257235|1,1,0.6020999033620108,0.29217187,0.4520828,True,True
chr20:40921000-40921600|0,0,0.4946472427178951,0.12963893,0.044912145,True,True
chr20:508150-508750|1,1,0.47286531954828415,0.790963,0.9664108,True,True
chr21:36123000-36123600|0,0,0.48848873031531453,0.14785244,0.0886226,True,True
chr20:3663053-3663653|1,1,0.7558466727899447,0.7651726,0.8173619,True,True
chr20:63685296-63685896|1,1,0.7760103815506997,0.9335634,0.9775349,False,True
chr21:20864000-20864600|0,0,0.39530478844456757,0.05549812,0.08928393,True,True
chr21:33555090-33555690|1,1,0.5494310946355863,0.9204255,0.9261897,True,True
chr20:37198191-37198791|1,1,0.4534139141788388,0.6718341,0.99060446,True,True
chr20:26351000-26351600|0,0,0.4069068651350351,0.09623418,0.3333466,True,True
chr20:49004920-49005520|1,1,0.515983063761467,0.78355294,0.9982151,True,True
chr20:58669152-58669752|1,1,0.6447056564526734,0.87358826,0.98476267,True,True
chr20:9531000-9531600|0,0,0.4286032936054135,0.40332824,0.45384294,True,True
chr20:34777000-34777600|0,0,0.5784871268254765,0.11225274,0.24604188,True,True
chr21:9009000-9009600|0,0,0.5132591504991338,0.1972395,0.069493875,True,True
chr20:43039000-43039600|0,0,0.3623128955947085,0.32361135,0.12946099,True,True
chr21:40123894-40124494|1,1,0.6253055896611829,0.88963777,0.94555837,True,True
chr21:43789461-43790061|1,1,0.8517701814578744,0.9710017,0.99894553,False,True
chr21:5015000-5015600|0,0,0.7504640702770916,0.7665138,0.36444962,True,True
chr20:44363000-44363600|0,0,0.566509507542564,0.1991287,0.11752395,True,True
chr21:15951000-15951600|0,0,0.45392459454108647,0.16875282,0.027945343,True,True
chr21:32246000-32246600|0,0,0.6404689077269434,0.47511965,0.5648789,True,True
chr20:32154885-32155485|1,1,0.69152211501561,0.7015091,0.876427,False,True
chr20:456000-456600|0,0,0.5303810840292953,0.26697916,0.39008057,True,True
chr20:27603000-27603600|0,0,0.4603765665599928,0.057980143,0.0022108036,True,True
chr20:40459000-40459600|0,0,0.46946880725933415,0.35755765,0.18484303,True,True
chr20:19489000-19489600|0,0,0.38544312832085265,0.17127764,0.14072832,True,True
chr20:61360000-61360600|0,0,0.6501673073672337,0.79693276,0.6017424,True,True
chr20:18150641-18151241|1,1,0.479890939767607,0.4875772,0.9635283,True,True
chr21:11459000-11459600|0,0,0.43622928868120997,0.09373622,0.00231107,True,True
chr20:56450378-56450978|1,1,0.6024182310073698,0.43036804,0.6967085,True,True
chr21:46168007-46168607|1,1,0.7307400965365585,0.82676464,0.99923456,False,True
chr21:43060140-43060740|1,1,0.7690562756119895,0.8766333,0.9906018,False,True
chr21:33718555-33719155|1,1,0.3550377738075566,0.7893526,0.89287674,True,True
chr21:29993000-29993600|0,0,0.41857353778070183,0.41131878,0.1515327,True,True
chr20:17009000-17009600|0,0,0.43430283930929403,0.27470833,0.15933494,True,True
chr20:63297719-63298319|1,1,0.7093063291631867,0.8553675,0.97504073,False,True
chr21:32135000-32135600|0,0,0.5998868561814994,0.8162428,0.70681834,True,True
chr20:1804000-1804600|0,0,0.5637662443739949,0.3621709,0.2746245,True,True
chr21:9324799-9325399|1,1,0.7723453215564751,0.9491819,0.9904135,False,True
chr20:48951168-48951768|1,1,0.5243599780241903,0.54640716,0.97235495,True,True
chr20:51795000-51795600|0,0,0.5787940696961599,0.39839053,0.19518359,True,True
chr20:35459804-35460404|1,1,0.5258895186658307,0.30655158,0.6185691,True,True
chr20:48975898-48976498|1,1,0.5383086661262422,0.75561446,0.9913662,True,True
chr20:53093000-53093600|0,0,0.5871746041073599,0.5303801,0.2606054,True,True
chr20:36112179-36112779|1,1,0.6439193071733569,0.7474809,0.16825952,True,True
chr20:59387000-59387600|0,0,0.6233792081099121,0.6948342,0.34916842,True,True
chr20:13216000-13216600|0,0,0.4853717465274169,0.4666705,0.3930075,True,True
chr21:16798000-16798600|0,0,0.3862472149030527,0.5182226,0.33491987,True,True
chr20:3107270-3107870|1,1,0.6851356609095431,0.7638051,0.62881035,False,True
chr20:35828000-35828600|0,0,0.5673861940633442,0.2573014,0.22907206,True,True
chr21:10921000-10921600|0,0,0.4232532184827851,0.10863668,0.012446869,True,True
chr21:34741000-34741600|0,0,0.5889490281349622,0.49920607,0.31163588,True,True
chr20:28582718-28583318|1,1,0.4511620170457992,0.5814651,0.8604132,True,True
chr21:36531000-36531600|0,0,0.5773198738903264,0.2172613,0.06965395,True,True
chr21:31700694-31701294|1,1,0.402875762975109,0.4075245,0.9651328,True,True
chr20:38366527-38367127|1,1,0.6559253376799314,0.70662606,0.9218211,False,True
chr20:46513109-46513709|1,1,0.7715352700455224,0.98190147,0.9822823,True,True
chr21:12402000-12402600|0,0,0.4453892237178377,0.072181985,0.0001776782,True,True
chr20:45363014-45363614|1,1,0.7802046982683029,0.9820942,0.9978109,False,True
chr21:36513000-36513600|0,0,0.5847945718650842,0.6275298,0.33868828,True,True
chr20:37931503-37932103|1,1,0.7631349325316653,0.89352,0.95136213,False,True
chr20:45435000-45435600|0,0,0.37671634372007645,0.56657237,0.30171436,True,True
chr20:61079029-61079629|1,1,0.5913229674781599,0.82964873,0.40519568,True,True
chr20:20639484-20640084|1,1,0.46850084582621826,0.61732376,0.76009804,True,True
chr20:40168000-40168600|0,0,0.42321238684381723,0.2766335,0.12544501,True,True
chr20:5109031-5109631|1,1,0.49504904810631395,0.45362785,0.9535586,True,True
chr20:54987000-54987600|0,0,0.4071094264645441,0.22985335,0.0834217,True,True
chr21:44285837-44286437|1,1,0.8461477017871482,0.9006083,0.9911815,False,True
chr20:58232387-58232987|1,1,0.47226841040590395,0.77277577,0.9895008,True,True
chr21:5738000-5738600|0,0,0.4226144998057101,0.40794346,0.28444254,True,True
chr20:35462252-35462852|1,1,0.646327783955801,0.37095997,0.973464,True,True
chr20:50324000-50324600|0,0,0.49783567445258753,0.46073422,0.21303536,True,True
chr21:15600000-15600600|0,0,0.4526089096502873,0.48104396,0.09535621,True,True
chr21:38687000-38687600|0,0,0.5372262538614242,0.3959667,0.56644756,True,True
chr20:54684000-54684600|0,0,0.46303458237414186,0.31989837,0.23649143,True,True
chr20:5564716-5565316|1,1,0.4537558931680489,0.44427893,0.490964,True,True
chr21:36114000-36114600|0,0,0.5647481152665969,0.31503952,0.042618744,True,True
chr21:24426928-24427528|1,1,0.42523889134750215,0.25106665,0.17390567,True,True
chr21:25639587-25640187|1,1,0.7898230189822297,0.96765196,0.9949869,True,True
chr20:41642000-41642600|0,0,0.5306448552121524,0.47751808,0.22481681,True,True
chr21:41174000-41174600|0,0,0.5889490281349622,0.39151,0.4176369,True,True
chr20:60123305-60123905|1,1,0.5445352906094431,0.7412051,0.44720438,True,True
chr20:3406405-3407005|1,1,0.6908096520868595,0.8391043,0.9661374,False,True
chr20:27660000-27660600|0,0,0.456198366615855,0.045754388,6.834253e-05,True,True
chr20:7084000-7084600|0,0,0.3990199610689076,0.45785245,0.2301136,True,True
chr20:13072109-13072709|1,1,0.5161565276698298,0.6820773,0.7423828,True,True
chr20:36129000-36129600|0,0,0.6672119936456549,0.49073336,0.26629993,True,True
chr21:6855000-6855600|0,0,0.5874765867077558,0.56293136,0.37712187,True,True
chr21:30333000-30333600|0,0,0.4675644220608772,0.17075673,0.021049567,True,True
chr20:9321000-9321600|0,0,0.4087310488225221,0.44472077,0.32811168,True,True
chr21:16594153-16594753|1,1,0.41616900598628376,0.10299698,0.24032308,True,True
chr21:21338233-21338833|1,1,0.38633707206499457,0.6236427,0.9108599,True,True
chr20:46550216-46550816|1,1,0.6476257382326692,0.65613353,0.35820824,True,True
chr20:42765000-42765600|0,0,0.5048947265084661,0.33004358,0.40575382,True,True
chr20:41028799-41029399|1,1,0.8596441040849709,0.9788356,0.9750344,False,True
chr20:60627000-60627600|0,0,0.4577353560645394,0.2519389,0.17753662,True,True
chr21:28300000-28300600|0,0,0.3311058392561805,0.26555276,0.246409,False,True
chr21:18882000-18882600|0,0,0.49204289895443726,0.3958674,0.96231693,True,True
chr20:18786000-18786600|0,0,0.5201705279016815,0.19780721,0.11552061,True,True
chr21:44886435-44887035|1,1,0.7680376035251336,0.9459759,0.99183863,False,True
chr21:46504188-46504788|1,1,0.529294401362084,0.5588555,0.47136185,True,True
chr20:1657341-1657941|1,1,0.5787441722462705,0.67759466,0.43689016,True,True
chr20:4351000-4351600|0,0,0.3391092904622787,0.2130181,0.008541838,True,True
chr20:63192000-63192600|0,0,0.6679049571754109,0.27402502,0.20992653,True,True
chr20:32762398-32762998|1,1,0.8692691714786336,0.9894851,0.97908974,False,True
chr20:39090000-39090600|0,0,0.5938449975355375,0.46250886,0.7839372,True,True
chr20:44450236-44450836|1,1,0.6009154179096486,0.43663213,0.30404916,True,True
chr20:32612000-32612600|0,0,0.6906950821879042,0.6344429,0.271748,True,True
chr20:36614004-36614604|1,1,0.686858313222663,0.7218914,0.8728014,False,True
chr21:38575361-38575961|1,1,0.4946893963548431,0.6562174,0.90235746,True,True
chr21:38538970-38539570|1,1,0.392405765181206,0.23394696,0.21273294,True,True
chr21:7987000-7987600|0,0,0.4334576077343113,0.21755226,0.005938448,True,True
chr20:43987000-43987600|0,0,0.44635037618911005,0.13734902,0.16683911,True,True
chr20:59918857-59919457|1,1,0.2910491809085996,0.355073,0.55828154,True,True
chr21:11909000-11909600|0,0,0.4529727294072378,0.046897702,0.005316689,False,True
chr20:41990969-41991569|1,1,0.4231922079213426,0.37648574,0.90972173,True,True
chr20:8708451-8709051|1,1,0.379459628057693,0.6126669,0.9349135,True,True
chr20:32261000-32261600|0,0,0.5575735157677011,0.1255609,0.08636771,True,True
chr20:55180000-55180600|0,0,0.5712060918980277,0.6437,0.07926999,True,True
chr21:11855000-11855600|0,0,0.4328075595977241,0.04096975,0.002609213,True,True
chr21:17817891-17818491|1,1,0.41660831135443493,0.61173916,0.97257364,True,True
chr20:59469018-59469618|1,1,0.6434229175085503,0.8453049,0.35438383,True,True
chr21:30924000-30924600|0,0,0.478480257233727,0.36644045,0.62284845,True,True
chr20:27543000-27543600|0,0,0.44766047158600586,0.04232404,0.0001301251,True,True
chr20:7414000-7414600|0,0,0.5603266949370814,0.5103863,0.018947672,True,True
chr20:49714000-49714600|0,0,0.613084516043143,0.8598581,0.7660763,True,True
chr20:38420232-38420832|1,1,0.580481161078089,0.56316096,0.36906174,True,True
chr20:22093000-22093600|0,0,0.38475413618109017,0.30233708,0.017057944,True,True
chr20:486075-486675|1,1,0.4666047086236143,0.5371162,0.960899,True,True
chr21:16042755-16043355|1,1,0.3562261016818391,0.46091288,0.13536216,True,True
chr21:44099000-44099600|0,0,0.6160453785612019,0.7797091,0.3524716,True,True
chr21:32678344-32678944|1,1,0.34942405529062215,0.69905436,0.9912341,True,True
chr20:63498757-63499357|1,1,0.9023458191748539,0.91625154,0.988977,False,True
chr21:17423000-17423600|0,0,0.5517012384965895,0.46635816,0.40878507,True,True
chr20:31402000-31402600|0,0,0.5005146338345001,0.4809431,0.12831672,True,True
chr21:23678000-23678600|0,0,0.3841427315536585,0.61070925,0.38823014,True,True
chr20:47702218-47702818|1,1,0.6304425388003624,0.8758015,0.95798093,True,True
chr20:26073568-26074168|1,1,0.5286663910821887,0.337941,0.26982874,True,True
chr20:63275339-63275939|1,1,0.6811237318723592,0.9307183,0.98970395,False,True
chr20:42522000-42522600|0,0,0.41515997944473104,0.26341218,0.36692035,True,True
chr20:38846000-38846600|0,0,0.512812222735989,0.28778264,0.1540556,True,True
chr21:32609537-32610137|1,1,0.532409944453857,0.42325014,0.85268253,True,True
chr21:8852000-8852600|0,0,0.3585022712031702,0.39543778,0.30509076,True,True
chr20:47659098-47659698|1,1,0.47805188775161817,0.61714256,0.6315865,True,True
chr21:16933000-16933600|0,0,0.4318316436193224,0.43802938,0.19392946,True,True
chr21:8180000-8180600|0,0,0.566195966988439,0.26974463,0.16827388,True,True
chr20:34581247-34581847|1,1,0.6300350217498885,0.87610596,0.93528074,True,True
chr20:48933000-48933600|0,0,0.6432634224067217,0.63107324,0.25853407,True,True
chr20:27921000-27921600|0,0,0.4541150082210271,0.10316497,0.022960655,False,True
chr21:30828000-30828600|0,0,0.40291067655275314,0.12118735,0.0033498646,True,True
chr20:32693000-32693600|0,0,0.6204093590145324,0.05306663,0.029971128,True,True
chr21:46597000-46597600|0,0,0.7265079495466704,0.6302793,0.51185656,True,True
chr20:62222000-62222600|0,0,0.7564634811629024,0.78423446,0.41481534,True,True
chr21:17189000-17189600|0,0,0.33844718916196015,0.12457621,0.009554394,True,True
chr20:31393000-31393600|0,0,0.5358905922745356,0.67230195,0.28276896,True,True
chr21:14516591-14517191|1,1,0.43955632672777145,0.65335107,0.96357197,True,True
chr21:41804233-41804833|1,1,0.6867422563103093,0.91046673,0.92505306,False,True
chr20:33408400-33409000|1,1,0.7557464724815892,0.90232664,0.9998703,False,True
chr21:43321000-43321600|0,0,0.7493952048949853,0.30141416,0.24672295,True,True
chr20:38102000-38102600|0,0,0.47305127975452965,0.2065716,0.020869508,True,True
chr21:32639370-32639970|1,1,0.525071746282981,0.8400646,0.66601735,True,True
chr20:49822840-49823440|1,1,0.4686881574171304,0.56034225,0.14319816,True,True
chr21:43984000-43984600|0,0,0.6626859181639324,0.8777682,0.55214936,True,True
chr21:42115684-42116284|1,1,0.5570595689060089,0.2229702,0.49200138,True,True
chr20:43054000-43054600|0,0,0.5409578441779684,0.31282413,0.073570006,True,True
chr20:2780000-2780600|0,0,0.37330949654492823,0.28267482,0.061774258,True,True
chr21:28540000-28540600|0,0,0.37612432522035005,0.45023686,0.13017777,True,True
chr21:31958669-31959269|1,1,0.5882312547849217,0.8398138,0.9968907,True,True
chr20:1934453-1935053|1,1,0.5319899576908902,0.3219864,0.9626984,True,True
chr20:41750000-41750600|0,0,0.6247555968261645,0.6387464,0.80444,True,True
chr20:12423000-12423600|0,0,0.39344027169746826,0.07369638,0.008332094,True,True
chr20:27471000-27471600|0,0,0.4453892237178377,0.05258761,0.0005561355,True,True
chr21:31558626-31559226|1,1,0.8554872713346703,0.98633087,0.996505,False,True
chr20:5912000-5912600|0,0,0.3762949955723882,0.37352,0.3241415,True,True
chr21:44669000-44669600|0,0,0.5577332240677254,0.21051428,0.17178911,True,True
chr20:23606000-23606600|0,0,0.7363776426322457,0.60276055,0.85673827,True,True
chr20:46019430-46020030|1,1,0.5298737093427378,0.22788182,0.042934366,True,True
chr20:7285000-7285600|0,0,0.3841870597989605,0.39852098,0.20618583,True,True
chr21:39972000-39972600|0,0,0.4590461645065474,0.54455507,0.17476754,True,True
chr20:14408000-14408600|0,0,0.4302946267560642,0.23339075,0.45078462,True,True
chr20:33370198-33370798|1,1,0.5401709596024818,0.7357342,0.9758379,True,True
chr21:31731362-31731962|1,1,0.8514048462518542,0.9762176,0.9956462,False,True
chr20:15561000-15561600|0,0,0.4637858854033132,0.47199285,0.43906486,True,True
chr21:15877690-15878290|1,1,0.3358051238106141,0.68292564,0.9966427,True,True
chr20:835813-836413|1,1,0.5360575785304096,0.5160573,0.18629918,True,True
chr21:30615000-30615600|0,0,0.4643494707661112,0.28487068,0.47691843,True,True
chr21:34105000-34105600|0,0,0.3951970590159715,0.38729367,0.53742605,True,True
chr21:39852000-39852600|0,0,0.5796302084708919,0.40936825,0.19129406,True,True
chr20:47492000-47492600|0,0,0.46685757328761074,0.38388896,0.10940026,True,True
chr20:10510000-10510600|0,0,0.4641615987896336,0.4999665,0.22745575,True,True
chr21:23198000-23198600|0,0,0.32410405018255367,0.30906576,0.32884347,True,True
chr21:45024000-45024600|0,0,0.5500837792300686,0.23475933,0.25694406,True,True
chr21:45276716-45277316|1,1,0.7534004876419048,0.97520137,0.9950623,True,True
chr21:42468000-42468600|0,0,0.40214864349950413,0.34310168,0.17767593,True,True
chr20:58594245-58594845|1,1,0.6465557300506001,0.71356493,0.41563553,True,True
chr20:41439699-41440299|1,1,0.5364860912139687,0.49882308,0.34503105,True,True
chr21:46056291-46056891|1,1,0.6609977360740867,0.9434753,0.34013835,True,True
chr20:62345517-62346117|1,1,0.6734033834970372,0.81772673,0.9778342,False,True
chr21:32015000-32015600|0,0,0.4928912274780272,0.47548974,0.16423102,True,True
chr20:38630000-38630600|0,0,0.544654879525857,0.1289456,0.046340052,True,True
chr21:17763460-17764060|1,1,0.5431086049303717,0.6005373,0.4530818,True,True
chr20:64285000-64285600|0,0,0.5606445430899889,0.39700016,0.23511823,True,True
chr21:25393000-25393600|0,0,0.35063967020004905,0.48383492,0.6696664,True,True
chr20:56492000-56492600|0,0,0.5137276976610171,0.34920827,0.49623603,True,True
chr20:26858000-26858600|0,0,0.45354380767021446,0.060599294,7.493214e-05,False,True
chr20:32093715-32094315|1,1,0.614075241987136,0.8265603,0.97289485,True,True
chr20:15267000-15267600|0,0,0.6166265299063748,0.43438292,0.10468473,True,True
chr20:63981015-63981615|1,1,0.7565794290135457,0.97660476,0.9782261,False,True
chr21:43946757-43947357|1,1,0.7308394419988162,0.83022875,0.5901385,False,True
chr21:44909983-44910583|1,1,0.7283488700394306,0.8421417,0.9493162,False,True
chr20:39600000-39600600|0,0,0.40105555986059344,0.0120106265,0.0067792605,True,True
chr20:33193340-33193940|1,1,0.5721438997458304,0.7512601,0.8352555,True,True
chr20:50435000-50435600|0,0,0.5936869456673004,0.3573217,0.3278071,True,True
chr20:16732035-16732635|1,1,0.3620762690303031,0.4623937,0.98530394,True,True
chr20:34777000-34777600|0,0,0.5784871268254765,0.11225274,0.24604188,True,True
chr21:41316597-41317197|1,1,0.8493245598866845,0.93473476,0.969942,False,True
chr20:37105000-37105600|0,0,0.5521885400057748,0.2165379,0.07076877,True,True
chr20:56373107-56373707|1,1,0.4596895328135252,0.53445375,0.87869495,True,True
chr20:22068387-22068987|1,1,0.4069391429280504,0.7378362,0.618752,True,True
chr20:55348000-55348600|0,0,0.5070260241166991,0.71740985,0.7583559,True,True
chr20:20723000-20723600|0,0,0.42219136117765255,0.2708522,0.30939704,True,True
chr20:62633566-62634166|1,1,0.6011105673342543,0.9707431,0.62524617,True,True
chr20:59958494-59959094|1,1,0.6274497961569406,0.78288025,0.9198951,True,True
chr20:36010956-36011556|1,1,0.5871299119598318,0.35679296,0.9413368,True,True
chr20:40882000-40882600|0,0,0.5455451933732698,0.30417922,0.18545905,True,True
chr20:57615211-57615811|1,1,0.7215776499486399,0.69449914,0.8976136,False,True
chr20:25165000-25165600|0,0,0.361782211835844,0.6672342,0.15404639,True,True
chr20:45570000-45570600|0,0,0.3474354316777005,0.495788,0.26680648,True,True
chr20:58271062-58271662|1,1,0.3648439523007555,0.43482733,0.96616316,True,True
chr20:47089080-47089680|1,1,0.6680808013638996,0.8337298,0.9982304,True,True
chr21:37249000-37249600|0,0,0.3799037062705946,0.52524906,0.05430141,True,True
chr21:13910195-13910795|1,1,0.29935682745541226,0.39191353,0.34339792,True,True
chr20:35357000-35357600|0,0,0.6091818319016584,0.1113477,0.027439548,True,True
chr20:13372000-13372600|0,0,0.3839325201593172,0.24118957,0.15973863,False,True
chr20:48813000-48813600|0,0,0.6139982873386136,0.635097,0.5814957,True,True
chr21:22114597-22115197|1,1,0.4603765665599928,0.7958955,0.43122083,True,True
chr20:63700301-63700901|1,1,0.7734534684326065,0.9688089,0.9994404,False,True
chr20:46043022-46043622|1,1,0.6572882228316134,0.5908628,0.97334087,True,True
chr20:56660000-56660600|0,0,0.5128072722750515,0.76518565,0.86191887,True,True
chr20:53738557-53739157|1,1,0.5225025292958776,0.82110167,0.8234769,True,True
chr21:44206228-44206828|1,1,0.6466859933169552,0.9747645,0.657864,True,True
chr20:48180000-48180600|0,0,0.4677336694343364,0.36412176,0.08971502,True,True
chr21:27027000-27027600|0,0,0.31089499959022454,0.2918153,0.14990135,False,False
chr20:20228075-20228675|1,1,0.43603375620094353,0.21039426,0.84228206,True,True
chr20:58051000-58051600|0,0,0.3458509806606755,0.098159745,0.020715231,True,True
chr20:63411474-63412074|1,1,0.7446677569228125,0.9461757,0.9115595,False,True
chr20:26444000-26444600|0,0,0.4541150082210271,0.03126569,0.005441009,False,True
chr20:14375000-14375600|0,0,0.33586432104045544,0.35921332,0.22561562,True,True
chr20:1810249-1810849|1,1,0.6671598443992376,0.5602215,0.571097,True,True
chr20:5316039-5316639|1,1,0.7682075428358186,0.9883255,0.9323754,True,True
chr20:35393791-35394391|1,1,0.4804427639346912,0.3680838,0.9804072,True,True
chr20:30324226-30324826|1,1,0.5817069584182428,0.570631,0.48898694,True,True
chr20:17864000-17864600|0,0,0.6615147688482755,0.3189218,0.4161783,True,True
chr20:42477000-42477600|0,0,0.5764693818887726,0.26314685,0.36112353,True,True
chr20:3597699-3598299|1,1,0.440622965922375,0.8028768,0.99744,True,True
chr21:16846000-16846600|0,0,0.3852944193563423,0.20504665,0.31728786,True,True
chr20:45904499-45905099|1,1,0.714270065061449,0.8554045,0.99536043,False,True
chr20:3324591-3325191|1,1,0.4938481509045353,0.47467637,0.5136876,True,True
chr20:62309415-62310015|1,1,0.809272133863254,0.78444827,0.99467766,False,True
chr21:45180143-45180743|1,1,0.5526757413008806,0.9674916,0.9941302,True,True
chr20:48336443-48337043|1,1,0.47890175533828727,0.7413532,0.637942,True,True
chr20:38260055-38260655|1,1,0.7637686447965892,0.9153471,0.9203268,False,True
chr20:44012000-44012600|0,0,0.5229139167392268,0.51417494,0.3594254,True,True
chr20:35231000-35231600|0,0,0.43496532485936357,0.36435398,0.23196116,True,True
chr21:46045000-46045600|0,0,0.34513819586058336,0.3566205,0.014983659,True,True
chr20:50276089-50276689|1,1,0.693645679749776,0.8677714,0.6921464,False,True
chr21:42300000-42300600|0,0,0.5817069584182428,0.28598377,0.22833958,True,True
chr21:10024000-10024600|0,0,0.4560086131206424,0.2739254,0.13565809,True,True
chr20:64084847-64085447|1,1,0.7735053289817024,0.684997,0.73686075,False,True
chr20:142385-142985|1,1,0.5774740026499634,0.43333173,0.50305057,True,True
chr21:19354000-19354600|0,0,0.32124731409204804,0.31936574,0.027006907,False,False
chr20:23894000-23894600|0,0,0.39397785587072087,0.19634993,0.010500683,True,True
chr20:35664459-35665059|1,1,0.8148191089936339,0.9787658,0.9274173,False,True
chr20:58621000-58621600|0,0,0.6052066558070762,0.7669928,0.3401903,True,True
chr20:50115184-50115784|1,1,0.5557479185475036,0.7203479,0.19969334,True,True
chr20:17051000-17051600|0,0,0.43143575677510404,0.17828959,0.26143634,True,True
chr20:37261442-37262042|1,1,0.6473211644859254,0.905635,0.9811353,True,True
chr20:35858080-35858680|1,1,0.37013078749671346,0.5579208,0.9677679,True,True
chr21:18009000-18009600|0,0,0.2893676159052368,0.2396496,0.054495055,True,True
chr20:35267118-35267718|1,1,0.7458103737039857,0.8823059,0.9908634,False,True
chr20:36822000-36822600|0,0,0.7453418709247649,0.52453274,0.267534,True,True
chr20:52006000-52006600|0,0,0.5085972992369353,0.12876701,0.12580004,True,True
chr21:29693595-29694195|1,1,0.49995155962496685,0.7714608,0.99218327,True,True
chr20:8924000-8924600|0,0,0.38758963190062307,0.20413893,0.0020748067,True,True
chr21:14486000-14486600|0,0,0.377770528869091,0.25771418,0.72675306,True,True
chr20:62474698-62475298|1,1,0.7933800572782916,0.9888292,0.9948597,False,True
chr21:30639000-30639600|0,0,0.45471208842696126,0.10535299,0.03517411,True,True
chr20:47582960-47583560|1,1,0.46452481182740823,0.3637778,0.88427216,True,True
chr20:33624716-33625316|1,1,0.5214180531129938,0.5536836,0.9992262,True,True
chr20:34825171-34825771|1,1,0.9026022166921724,0.94285136,0.9678843,False,True
chr20:57957870-57958470|1,1,0.47959274594765955,0.61154634,0.14329968,True,True
chr20:63359247-63359847|1,1,0.7823365136807201,0.9718945,0.99493635,True,True
chr20:40201000-40201600|0,0,0.3253893820955258,0.31923443,0.04089925,True,True
chr20:13784521-13785121|1,1,0.7320297799212152,0.9734432,0.9394188,False,True
chr20:14337103-14337703|1,1,0.5170237879803974,0.7910476,0.80180913,True,True
chr20:23459071-23459671|1,1,0.5199716748575053,0.41645256,0.03817973,True,True
chr20:35917361-35917961|1,1,0.5593728545799644,0.78626335,0.98532814,True,True
chr20:62318153-62318753|1,1,0.7989473942363342,0.7098382,0.9971764,False,True
chr21:23042000-23042600|0,0,0.3150948525427924,0.23148763,0.49679935,True,True
chr21:36450000-36450600|0,0,0.6419308040124134,0.23462622,0.071761645,True,True
chr20:36777000-36777600|0,0,0.5408355129625696,0.5950059,0.6898937,True,True
chr20:46099000-46099600|0,0,0.5572198879487932,0.72720903,0.37826225,True,True
chr21:14913162-14913762|1,1,0.466441015665348,0.58187765,0.15212753,True,True
chr21:43687939-43688539|1,1,0.7440270420274343,0.9230592,0.9008206,False,True
chr20:62412323-62412923|1,1,0.7644601830467502,0.8621463,0.983086,False,True
chr20:6066000-6066600|0,0,0.3690831321495237,0.2290162,0.04461617,True,True
chr21:38102000-38102600|0,0,0.3483288250984612,0.33987403,0.24362525,True,True
chr20:26660000-26660600|0,0,0.444085264193003,0.052183807,0.0030901297,True,True
chr21:13996000-13996600|0,0,0.3612218542548176,0.30679905,0.05507284,True,True
chr20:17792000-17792600|0,0,0.6841831043944399,0.4541966,0.46699902,True,True
chr20:34760097-34760697|1,1,0.4427911224115199,0.42669374,0.110776946,True,True
chr21:42475597-42476197|1,1,0.7720381019940566,0.85596555,0.97468567,False,True
chr20:46747000-46747600|0,0,0.524658952311197,0.2955511,0.20181823,True,True
chr21:29561323-29561923|1,1,0.48217415036898326,0.8033143,0.99745494,True,True
chr21:45495131-45495731|1,1,0.7329920386448117,0.6084791,0.85727113,False,True
chr20:51600000-51600600|0,0,0.5992987104071464,0.7730458,0.36840692,True,True
chr20:17508588-17509188|1,1,0.7202061587814179,0.74270874,0.83453596,False,True
chr20:21330238-21330838|1,1,0.40632880896579093,0.4589453,0.96820664,True,True
chr20:44351567-44352167|1,1,0.5901914427639938,0.3271639,0.3702273,True,True
chr21:26214560-26215160|1,1,0.47440304142323547,0.15528539,0.10963514,True,True
chr20:1982655-1983255|1,1,0.6940558936028863,0.57299525,0.66287607,False,True
chr21:33750021-33750621|1,1,0.45657791169865203,0.685478,0.9820957,True,True
chr21:34564000-34564600|0,0,0.6491389999888115,0.33539215,0.20871677,True,True
chr20:47633335-47633935|1,1,0.4590577929764179,0.62284976,0.90673155,True,True
chr20:43600000-43600600|0,0,0.47119202263460624,0.5011978,0.17181477,True,True
chr20:1231318-1231918|1,1,0.33132647931067566,0.2836307,0.91715676,True,True
chr21:6114000-6114600|0,0,0.5689578673066501,0.30972517,0.18712166,True,True
chr20:10186000-10186600|0,0,0.539964665548194,0.35713187,0.4338091,True,True
chr20:42060000-42060600|0,0,0.5221598740673947,0.35650888,0.26696822,True,True
chr20:41936000-41936600|0,0,0.4957219464450143,0.4530234,0.19827968,True,True
chr20:38147660-38148260|1,1,0.6802914079254442,0.9245548,0.97550327,True,True
chr20:14120000-14120600|0,0,0.47119202263460624,0.08740238,0.022604862,True,True
chr20:29312000-29312600|0,0,0.45134564977165287,0.12587671,0.66840094,True,True
chr20:21627048-21627648|1,1,0.43174266996751137,0.3535002,0.071435265,True,True
chr21:36165000-36165600|0,0,0.4272705755965148,0.68252116,0.4277511,True,True
chr20:10750000-10750600|0,0,0.4571473237399231,0.37497073,0.41629115,True,True
chr20:37321000-37321600|0,0,0.3760662793449594,0.15295753,0.010805511,True,True
chr20:18174000-18174600|0,0,0.38633707206499457,0.13726227,0.017146226,True,True
chr20:2309529-2310129|1,1,0.6343722140587732,0.7276816,0.98974097,True,True
chr21:16555827-16556427|1,1,0.488745859785316,0.34827635,0.32926762,True,True
chr20:36921000-36921600|0,0,0.5397991046981551,0.15850247,0.1605258,True,True
chr20:28495000-28495600|0,0,0.4399481062904652,0.27797335,0.0071744057,True,True
chr21:33987000-33987600|0,0,0.6631258610107428,0.5446292,0.49186614,True,True
chr21:24951610-24952210|1,1,0.40871180790636924,0.61576974,0.9276747,True,True
chr21:40261000-40261600|0,0,0.48007487577154173,0.3425773,0.23444591,True,True
chr20:17627047-17627647|1,1,0.7749082812310853,0.90050566,0.9885671,False,True
chr20:14990000-14990600|0,0,0.5234258816811677,0.4427247,0.26543114,True,True
chr20:16873000-16873600|0,0,0.43603375620094353,0.14088564,0.07257423,True,True
chr20:33676804-33677404|1,1,0.779388937049041,0.9404555,0.9991684,False,True
chr20:10234036-10234636|1,1,0.42782386742091644,0.38267052,0.32569858,True,True
chr21:27798000-27798600|0,0,0.5573632421768221,0.26389492,0.12593469,True,True
chr21:46243164-46243764|1,1,0.6358066582718888,0.82699424,0.9878422,True,True
chr20:62957279-62957879|1,1,0.7557572111053923,0.57881296,0.96678644,True,True
chr20:55664826-55665426|1,1,0.49186238439469326,0.833482,0.35929635,True,True
chr20:12927000-12927600|0,0,0.5886289167841484,0.51326275,0.6243028,True,True
chr21:28768000-28768600|0,0,0.5703711874457514,0.40899947,0.3605743,True,True
chr21:42442295-42442895|1,1,0.5079460741094577,0.597169,0.9904434,True,True
chr21:6300000-6300600|0,0,0.5274185736120454,0.6256366,0.4829898,True,True
chr20:47238457-47239057|1,1,0.5877297093962636,0.97266454,0.97165686,True,True
chr20:33084695-33085295|1,1,0.7051199259647412,0.44201487,0.977238,False,True
chr21:15043194-15043794|1,1,0.32275170323466673,0.7178965,0.9421737,True,True
chr20:6933000-6933600|0,0,0.39127593412923484,0.30155215,0.0724184,True,True
chr21:38740015-38740615|1,1,0.3580704132076122,0.35629097,0.67289674,True,True
chr20:59591000-59591600|0,0,0.6873223067886144,0.7112242,0.15070489,True,True
chr20:60450000-60450600|0,0,0.5002001913345747,0.22475971,0.038608562,True,True
chr21:9261000-9261600|0,0,0.3638100881759915,0.18894124,0.08486037,True,True
chr20:40951000-40951600|0,0,0.5159114639207031,0.35023075,0.21749261,True,True
chr20:14006000-14006600|0,0,0.36057190957723934,0.36686775,0.21988553,True,True
chr21:45279000-45279600|0,0,0.5313162374438203,0.26306942,0.16092595,True,True
chr21:30354000-30354600|0,0,0.4580257207901477,0.18276353,0.10947284,True,True
chr21:46228133-46228733|1,1,0.7635692572958718,0.98580694,0.99523664,False,True
chr21:16522145-16522745|1,1,0.352967884018713,0.37655455,0.03652614,True,True
chr21:39258186-39258786|1,1,0.3606788998129586,0.70786333,0.9684174,True,True
chr21:42903975-42904575|1,1,0.6125166712715049,0.7891294,0.97271603,True,True
chr20:43555000-43555600|0,0,0.4891549469642438,0.21737869,0.052596018,True,True
chr20:32330018-32330618|1,1,0.5234258816811677,0.6614282,0.9888154,True,True
chr20:35708923-35709523|1,1,0.3896805304348976,0.40051267,0.43223518,True,True
chr20:2435000-2435600|0,0,0.5658131633781737,0.49181435,0.4175526,True,True
chr21:34090000-34090600|0,0,0.4079199870040996,0.3660788,0.375626,True,True
chr20:1237913-1238513|1,1,0.3428768661466169,0.22410057,0.9100123,True,True
chr20:64211039-64211639|1,1,0.7091231243089918,0.51918566,0.9040244,True,True
chr20:59165000-59165600|0,0,0.5842819897007642,0.30426854,0.31372514,True,True
chr20:46885000-46885600|0,0,0.5191342485757154,0.3314602,0.23745252,True,True
chr21:44783000-44783600|0,0,0.4586662994088538,0.6165691,0.26301447,True,True
chr21:43643988-43644588|1,1,0.4189773525611981,0.45567033,0.95829874,True,True
chr20:5001105-5001705|1,1,0.9062182417378822,0.9440406,0.9823874,False,True
chr21:37411000-37411600|0,0,0.5353895853662194,0.11915134,0.2832622,True,True
chr21:17726000-17726600|0,0,0.5207890477965003,0.33428025,0.21270967,True,True
chr20:48407103-48407703|1,1,0.4161588817161157,0.5089239,0.49502814,True,True
chr20:33003963-33004563|1,1,0.696230719554987,0.69329745,0.5536196,False,True
chr20:34873000-34873600|0,0,0.6652473921483747,0.79786885,0.62131226,True,True
chr20:18705000-18705600|0,0,0.47841965215921295,0.39173645,0.2339454,True,True
chr21:31930000-31930600|0,0,0.5926679493183388,0.5529393,0.23295625,True,True
chr20:47561000-47561600|0,0,0.5596232249259638,0.24928568,0.24260381,True,True
chr21:43012937-43013537|1,1,0.488200115172246,0.8376876,0.9788594,True,True
chr20:60117206-60117806|1,1,0.5235965257759825,0.6976451,0.23956054,True,True
chr21:42375415-42376015|1,1,0.7280910062333722,0.8398755,0.97785544,False,True
chr20:17975602-17976202|1,1,0.5162557528806155,0.7792544,0.99975663,True,True
chr21:36450000-36450600|0,0,0.6419308040124134,0.23462622,0.071761645,True,True
chr20:16669000-16669600|0,0,0.5283512189449973,0.17665325,0.18405399,True,True
chr20:2328064-2328664|1,1,0.7002972995690818,0.96660334,0.9961712,False,True
chr20:32909630-32910230|1,1,0.7053371332037356,0.8354893,0.9548952,True,True
chr20:46816000-46816600|0,0,0.5865421765575771,0.9230902,0.33527306,True,True
chr21:21867000-21867600|0,0,0.3672421264777232,0.14617346,0.03860578,True,True
chr21:36726017-36726617|1,1,0.5409578441779684,0.7035451,0.9864417,True,True
chr21:33720969-33721569|1,1,0.43154588303893276,0.3922414,0.9164618,True,True
chr20:26510000-26510600|0,0,0.4493851048201418,0.1222931,0.008087302,True,True
chr20:59252837-59253437|1,1,0.5190094816745472,0.51758695,0.59071374,True,True
chr20:399000-399600|0,0,0.6763889004459114,0.35223696,0.20572385,True,True
chr20:30012000-30012600|0,0,0.4448570211910003,0.030102633,0.037944037,True,True
chr20:47309755-47310355|1,1,0.5984159555812438,0.87217253,0.9707092,True,True
chr20:34775992-34776592|1,1,0.5170612048696289,0.71474326,0.9884948,True,True
chr21:10660000-10660600|0,0,0.47015223975909104,0.027154919,0.015811712,False,True
chr21:8234000-8234600|0,0,0.5995766933190192,0.022235457,0.017068021,True,True
chr20:53771000-53771600|0,0,0.6032652582305468,0.5084159,0.29112524,True,True
chr21:22519567-22520167|1,1,0.4485264384170434,0.38296354,0.091859125,True,True
chr21:26320315-26320915|1,1,0.44209004958256815,0.61730945,0.06607072,True,True
chr21:44018000-44018600|0,0,0.5319262646828119,0.42708692,0.3342037,True,True
chr21:32958788-32959388|1,1,0.5446993782447823,0.316651,0.23895465,True,True
chr20:49839298-49839898|1,1,0.38376871238759735,0.3319144,0.9482769,True,True
chr21:18696000-18696600|0,0,0.38878775023641765,0.2818256,0.10108832,True,True
chr20:43699743-43700343|1,1,0.6906087714243989,0.89123803,0.9945866,False,True
chr20:41663000-41663600|0,0,0.2978822220135973,0.18090478,0.032778658,True,True
chr20:33619305-33619905|1,1,0.47639724807855405,0.44743633,0.62023455,True,True
chr21:36609000-36609600|0,0,0.5610638941392437,0.36654845,0.27490956,True,True
chr21:23606000-23606600|0,0,0.4161698765909075,0.16839984,0.00934069,True,True
chr21:34600000-34600600|0,0,0.5698696396695848,0.75002384,0.4451804,True,True
chr20:38033103-38033703|1,1,0.7379611773009543,0.9614422,0.9675454,False,True
chr20:1477037-1477637|1,1,0.6038694766277845,0.20342351,0.77541655,True,True
chr20:2508580-2509180|1,1,0.7413271097224926,0.9372118,0.92604715,True,True
chr20:54714000-54714600|0,0,0.28983381406564646,0.35487917,0.09243806,True,True
chr21:37555000-37555600|0,0,0.5508888491032922,0.7085571,0.48180166,True,True
chr20:16651000-16651600|0,0,0.50437085409685,0.18234858,0.15384491,True,True
chr21:39646321-39646921|1,1,0.4788014464346404,0.72415787,0.45919248,True,True
chr21:44270000-44270600|0,0,0.6237411476919589,0.18630868,0.137447,True,True
chr20:14057000-14057600|0,0,0.3769270877710867,0.63767225,0.120339744,False,True
chr20:34260233-34260833|1,1,0.6473211644859254,0.81413496,0.9873511,False,True
chr20:10601518-10602118|1,1,0.4228137703841326,0.82046044,0.8985234,True,True
chr20:35321000-35321600|0,0,0.4433137769012971,0.6614618,0.42341053,True,True
chr20:19684035-19684635|1,1,0.5739186710554182,0.75457317,0.99192035,True,True
chr21:26645000-26645600|0,0,0.512302038230253,0.3941541,0.13466434,True,True
chr20:8741272-8741872|1,1,0.42820386021991685,0.5364334,0.97300726,True,True
chr21:18018000-18018600|0,0,0.5190750770155619,0.19400015,0.1465534,True,True
chr20:64036025-64036625|1,1,0.7772180810529848,0.67511016,0.80241656,False,True
chr20:29966000-29966600|0,0,0.4287931622152638,0.03756667,0.030516002,True,True
chr20:37174000-37174600|0,0,0.5085972992369353,0.41644037,0.71644306,False,True
chr20:30189000-30189600|0,0,0.24753253778186682,0.32915956,0.030157423,False,False
chr20:58282000-58282600|0,0,0.33981005483755766,0.27602798,0.118279286,True,True
chr20:53562566-53563166|1,1,0.5286074845241308,0.26317906,0.06696729,True,True
chr21:36420000-36420600|0,0,0.6437881733230622,0.37731972,0.5668648,True,True
chr21:6634303-6634903|1,1,0.3937536529080337,0.7692207,0.44359374,True,True
chr21:29063051-29063651|1,1,0.41620228306870466,0.62849134,0.977001,True,True
chr20:4873635-4874235|1,1,0.6688441973997886,0.7970491,0.9930218,False,True
chr20:54480000-54480600|0,0,0.5671808880394362,0.56848365,0.09255601,True,True
chr20:45279000-45279600|0,0,0.6116740535169899,0.30654332,0.12720276,True,True
chr20:10642187-10642787|1,1,0.5617219680125609,0.7537855,0.9171836,True,True
chr20:38288856-38289456|1,1,0.42500739117491265,0.39824027,0.26492414,True,True
chr20:63543013-63543613|1,1,0.7859504278670623,0.7663958,0.996777,False,True
chr21:15765840-15766440|1,1,0.32244435762992163,0.5877284,0.8418381,True,True
chr20:877860-878460|1,1,0.7152053593489499,0.6068734,0.994728,True,True
chr21:43657760-43658360|1,1,0.7993479770727133,0.94051546,0.96085775,False,True
chr21:39615029-39615629|1,1,0.5435688889204756,0.9339435,0.5844087,True,True
chr20:48516000-48516600|0,0,0.6814033356082917,0.42007992,0.11949783,True,True
chr20:36054325-36054925|1,1,0.517526671696918,0.45456097,0.072818816,True,True
chr20:54135000-54135600|0,0,0.506318011345711,0.39659825,0.45261455,True,True
chr20:59099000-59099600|0,0,0.48903230619070215,0.2902408,0.16345417,False,True
chr20:44916570-44917170|1,1,0.6508927101617601,0.7467536,0.9670146,True,True
chr21:9921000-9921600|0,0,0.3464551932970516,0.21153681,0.032842454,True,True
chr20:1276000-1276600|0,0,0.6625612209580805,0.44271004,0.195971,True,True
chr21:23156000-23156600|0,0,0.25499679726430013,0.581945,0.26605892,False,False
chr20:2794236-2794836|1,1,0.6701894000895725,0.9101707,0.99985015,True,True
chr20:46390816-46391416|1,1,0.5499136237106864,0.41480303,0.31097215,True,True
chr21:40441000-40441600|0,0,0.5161337635195954,0.35414007,0.5093387,True,True
chr20:49849379-49849979|1,1,0.53880555640976,0.7443031,0.9550711,True,True
chr20:54366000-54366600|0,0,0.3478911806824684,0.23353893,0.02548923,True,True
chr21:22531000-22531600|0,0,0.332436575608284,0.17901269,0.09671883,True,True
chr21:18378982-18379582|1,1,0.3070328196120534,0.4440909,0.3721845,True,True
chr21:35177000-35177600|0,0,0.5655436781126049,0.44173673,0.23652892,True,True
chr21:37651000-37651600|0,0,0.5881907293607561,0.39857057,0.38820413,True,True
chr20:58673410-58674010|1,1,0.44601515444472833,0.76840067,0.99670285,True,True
chr20:58667296-58667896|1,1,0.39709445391483417,0.65848327,0.97404295,True,True
chr21:18245001-18245601|1,1,0.7966381133993669,0.9626924,0.97518003,True,True
chr20:58835936-58836536|1,1,0.5943099300865085,0.70723885,0.4664786,True,True
chr20:3330345-3330945|1,1,0.564137534519949,0.41364613,0.28340027,True,True
chr21:30636000-30636600|0,0,0.3257909330207997,0.1508344,0.11776264,True,True
chr20:21162206-21162806|1,1,0.4482352115223968,0.7396306,0.96481097,True,True
chr21:36573000-36573600|0,0,0.5049060361455638,0.21420462,0.095239125,True,True
chr20:60516000-60516600|0,0,0.2497252927252443,0.122121885,0.02702951,False,False
chr20:25210000-25210600|0,0,0.5816035955965666,0.44219035,0.42078656,True,True
chr21:37069251-37069851|1,1,0.32489675635238585,0.48527145,0.8194806,True,True
chr20:43673598-43674198|1,1,0.621477691631538,0.5175755,0.9972103,True,True
chr20:55324000-55324600|0,0,0.4565915876331605,0.3986093,0.14035703,False,True
chr21:26378403-26379003|1,1,0.5015511156456719,0.24351436,0.33665857,True,True
chr20:26942000-26942600|0,0,0.4649436717033924,0.11180541,0.0004542293,True,True
chr20:13717067-13717667|1,1,0.522621972516785,0.38903913,0.88725394,True,True
chr21:17648000-17648600|0,0,0.3962291847412599,0.3679141,0.036809597,True,True
chr20:60180612-60181212|1,1,0.5390076488244244,0.7001417,0.9556435,True,True
chr21:38285388-38285988|1,1,0.5102568439230701,0.70989466,0.25473127,True,True
chr20:20191118-20191718|1,1,0.38849253087700264,0.30605346,0.7744959,True,True
chr21:42183000-42183600|0,0,0.6068216283920929,0.15599522,0.31654206,True,True
chr21:34399598-34400198|1,1,0.6322404934092537,0.5884001,0.69088304,True,True
chr21:41480175-41480775|1,1,0.6828841373600943,0.71795726,0.98364395,True,True
chr21:22387000-22387600|0,0,0.3339796805438824,0.51282924,0.77199775,True,True
chr20:63768000-63768600|0,0,0.5905751627676353,0.12628819,0.080309555,True,True
chr21:35285000-35285600|0,0,0.520446291496554,0.23826419,0.04270346,True,True
chr21:46435847-46436447|1,1,0.6972923419016483,0.95513177,0.9996364,False,True
chr20:2955397-2955997|1,1,0.533698975932995,0.239576,0.4325472,True,True
chr20:59885627-59886227|1,1,0.32777174542942455,0.54203874,0.29005882,True,True
chr21:7795000-7795600|0,0,0.47759447210481004,0.060020655,0.007679231,True,True
chr21:42726000-42726600|0,0,0.4837546640519539,0.5845419,0.10478176,True,True
chr20:63339000-63339600|0,0,0.4959481990875195,0.1932821,0.12541945,True,True
chr21:33963000-33963600|0,0,0.6518770549520251,0.5143367,0.35874423,True,True
chr20:64063083-64063683|1,1,0.8667654177412404,0.93688333,0.976004,False,True
chr20:1030240-1030840|1,1,0.5010179322163097,0.6283114,0.17538105,True,True
chr21:11588000-11588600|0,0,0.4488100897682007,0.0664861,0.00023215388,True,True
chr21:44069000-44069600|0,0,0.5054329669145884,0.7766533,0.29343915,True,True
chr21:33462000-33462600|0,0,0.3859198852914425,0.3227383,0.25089076,True,True
chr20:14981000-14981600|0,0,0.48144118050747475,0.279428,0.305411,True,True
chr21:42993000-42993600|0,0,0.6130335957723425,0.68468297,0.7170819,True,True
chr20:8543000-8543600|0,0,0.4535429994500175,0.2819666,0.13679966,True,True
chr20:45501000-45501600|0,0,0.47625593106019626,0.34984818,0.19725072,True,True
chr20:41378000-41378600|0,0,0.5281820202612247,0.7679885,0.5390018,True,True
chr21:44165000-44165600|0,0,0.8022506750711283,0.877189,0.43491793,True,True
chr20:36682217-36682817|1,1,0.4758852991992607,0.6776838,0.5249045,True,True
chr21:43792428-43793028|1,1,0.613511655662736,0.55346215,0.64454734,True,True
chr20:9462000-9462600|0,0,0.5482884884562903,0.6253481,0.077883326,True,True
chr20:57963000-57963600|0,0,0.5740797361071458,0.27505338,0.300007,True,True
chr21:18397578-18398178|1,1,0.3155473147083333,0.16618323,0.10695971,True,True
chr20:60090000-60090600|0,0,0.5385613814097945,0.6760908,0.117226966,True,True
chr21:15423000-15423600|0,0,0.4503437631661081,0.68483496,0.0845845,True,True
chr21:37987000-37987600|0,0,0.4616912524344412,0.23437743,0.08988662,True,True
chr20:33348000-33348600|0,0,0.694847846204538,0.77175564,0.34399167,True,True
chr20:8736891-8737491|1,1,0.34483488984066185,0.27401155,0.9674146,True,True
chr21:24972000-24972600|0,0,0.38105367023693587,0.3523407,0.03352446,True,True
chr21:30642000-30642600|0,0,0.42859670569407277,0.81612545,0.5363663,True,True
chr20:3974031-3974631|1,1,0.3628617117680067,0.3024472,0.05918168,True,True
chr20:51801978-51802578|1,1,0.7494769270840145,0.9715669,0.9917442,False,True
chr20:32825747-32826347|1,1,0.5499206241550599,0.67023987,0.9744639,True,True
chr20:26093000-26093600|0,0,0.3977844263374868,0.40153998,0.14524904,True,True
chr21:42088179-42088779|1,1,0.7017905298535347,0.83940816,0.9910156,False,True
chr21:42147000-42147600|0,0,0.7491087684535839,0.8941818,0.6535389,True,True
chr21:32601971-32602571|1,1,0.6396746666090598,0.8030356,0.9687089,True,True
chr21:33429000-33429600|0,0,0.6188532513715836,0.56276536,0.5391047,True,True
chr21:23300000-23300600|0,0,0.37352157691343446,0.3471702,0.30725938,True,True
chr20:5178655-5179255|1,1,0.5880469510003639,0.84489983,0.9931781,True,True
chr20:18948000-18948600|0,0,0.606196542809901,0.19048516,0.21802089,True,True
chr21:21585000-21585600|0,0,0.37140596177251284,0.50593024,0.10978889,True,True
chr20:44510988-44511588|1,1,0.4692375391627137,0.27347785,0.42601454,True,True
chr21:37013317-37013917|1,1,0.438185694405504,0.6533672,0.9902344,True,True
chr21:30501000-30501600|0,0,0.39530478844456757,0.23371637,0.18303403,True,True
chr20:50708000-50708600|0,0,0.6116086362335432,0.20594539,0.1894521,True,True
chr21:19240000-19240600|0,0,0.2809876072125966,0.45801094,0.5789451,False,False
chr20:45762000-45762600|0,0,0.645620740706268,0.9342152,0.03460657,True,True
chr20:10894315-10894915|1,1,0.4275316687400881,0.43052202,0.23459627,True,True
chr21:18432000-18432600|0,0,0.3914835401144306,0.3922282,0.21660331,True,True
chr21:38273000-38273600|0,0,0.3710040041360431,0.32974362,0.15466347,True,True
chr20:63048624-63049224|1,1,0.7542166203404944,0.5167703,0.600271,False,True
chr20:1927598-1928198|1,1,0.5923691837005588,0.6161015,0.86730725,True,True
chr20:58705268-58705868|1,1,0.5866927272405431,0.7881513,0.5192144,True,True
chr20:50264022-50264622|1,1,0.6147862012399736,0.5819965,0.29139394,True,True
chr20:34477559-34478159|1,1,0.36274039382692264,0.69443506,0.97600037,True,True
chr20:61740170-61740770|1,1,0.6150695439760085,0.5164583,0.5528918,True,True
chr20:20354000-20354600|0,0,0.4886135307366005,0.23013242,0.044187352,True,True
chr20:6054000-6054600|0,0,0.6872207273635563,0.71819276,0.36209336,True,True
chr21:34781889-34782489|1,1,0.5385089562143434,0.25219834,0.25213468,True,True
chr21:5372000-5372600|0,0,0.4344702172760125,0.04313368,0.017277006,True,True
chr21:20093000-20093600|0,0,0.36423834393242455,0.5377229,0.24093509,True,True
chr20:34031303-34031903|1,1,0.5772587509660281,0.48148838,0.7499389,True,True
chr21:32736953-32737553|1,1,0.3528629980834224,0.8535393,0.99787474,True,True
chr21:46381539-46382139|1,1,0.5348495854073176,0.4659706,0.64766866,True,True
chr21:42141000-42141600|0,0,0.615494411745164,0.7759018,0.6256242,True,True
chr20:60330000-60330600|0,0,0.5916219712673051,0.5905974,0.39975402,True,True
chr21:8642000-8642600|0,0,0.3756633242758615,0.2941555,0.08915409,False,True
chr21:46273087-46273687|1,1,0.6452294559155595,0.8669147,0.99490106,True,True
chr20:3688854-3689454|1,1,0.6972487852804127,0.52185065,0.3819292,True,True
chr20:48438000-48438600|0,0,0.5219340498568799,0.18940032,0.311563,True,True
chr20:30372000-30372600|0,0,0.3223777418116711,0.2515424,0.39401963,False,False
chr20:23675000-23675600|0,0,0.4938481509045353,0.15085709,0.11231378,True,True
chr20:29420000-29420600|0,0,0.3722498266478648,0.28675726,0.17454235,True,True
chr20:4498000-4498600|0,0,0.42497010263763907,0.23996148,0.006215602,True,True
chr20:54174000-54174600|0,0,0.7894723585286445,0.94154865,0.95234054,True,True
chr21:30513000-30513600|0,0,0.4509191356740538,0.36250684,0.3337281,False,True
chr20:8716047-8716647|1,1,0.5187887851058177,0.62313044,0.9968989,True,True
chr20:22276120-22276720|1,1,0.5669144260009752,0.73964334,0.53753006,True,True
chr20:31527281-31527881|1,1,0.5057869849816505,0.4659539,0.9517629,True,True
chr20:3579000-3579600|0,0,0.5442070863635378,0.24374685,0.16619372,True,True
chr21:42777796-42778396|1,1,0.6486373194781615,0.9441492,0.79092115,True,True
chr21:33858491-33859091|1,1,0.6211615481582847,0.67256427,0.98507255,True,True
chr20:32703722-32704322|1,1,0.5019395117693097,0.78463507,0.8303303,True,True
chr20:48558000-48558600|0,0,0.4679209006082749,0.356702,0.11924697,True,True
chr20:24957158-24957758|1,1,0.6755366824334603,0.7411591,0.9511578,False,True
chr20:59228000-59228600|0,0,0.5200418413113786,0.415503,0.32214832,True,True
chr20:63294888-63295488|1,1,0.7495689105248695,0.87630653,0.82160383,False,True
chr21:37492862-37493462|1,1,0.3652538593474808,0.5261429,0.99281573,True,True
chr20:63621000-63621600|0,0,0.5886252392366023,0.42861125,0.18269761,True,True
chr21:41843000-41843600|0,0,0.5095038282674664,0.4664519,0.66167235,True,True
chr20:6009611-6010211|1,1,0.3802197575148155,0.6479728,0.95991,True,True
chr20:62243000-62243600|0,0,0.7250646224796533,0.9479479,0.8260692,True,True
chr20:34819001-34819601|1,1,0.444229555785149,0.5358304,0.20199795,True,True
chr20:44118204-44118804|1,1,0.6765368365661037,0.6095938,0.9150143,True,True
chr20:25781735-25782335|1,1,0.5232725987123008,0.58237445,0.31600335,True,True
chr21:17510000-17510600|0,0,0.4904855945874103,0.6129078,0.5308055,True,True
chr20:45789593-45790193|1,1,0.5878965471109457,0.3809951,0.8767812,True,True
chr20:8282000-8282600|0,0,0.35199198861642195,0.60199565,0.39071846,True,True
chr20:60687000-60687600|0,0,0.6216161418713155,0.42989534,0.32494414,True,True
chr21:27597000-27597600|0,0,0.4153619021499668,0.25407586,0.2157365,True,True
chr20:8852000-8852600|0,0,0.4975667329913324,0.41894832,0.32399228,True,True
chr20:9565592-9566192|1,1,0.5500856563529396,0.9290733,0.99207366,True,True
chr20:47957835-47958435|1,1,0.6557134204588692,0.8088352,0.7262073,True,True
chr20:45675000-45675600|0,0,0.40832545551004296,0.20971227,0.32829922,True,True
chr20:36573351-36573951|1,1,0.8624020565691803,0.9629612,0.8329677,False,True
chr20:17345000-17345600|0,0,0.48217415036898326,0.23806809,0.23839183,True,True
chr21:13762000-13762600|0,0,0.7247608365231907,0.985598,0.9970993,True,True
chr21:27743203-27743803|1,1,0.4025579615769423,0.6375928,0.1430811,True,True
chr20:36817106-36817706|1,1,0.5997657297131341,0.5281135,0.86257666,True,True
chr20:35721439-35722039|1,1,0.41839411801387855,0.38017416,0.9890364,True,True
chr21:42873250-42873850|1,1,0.6264046040168171,0.8048725,0.9847408,True,True
chr21:46375000-46375600|0,0,0.4732916426105014,0.71297956,0.90902644,True,True
chr21:23423325-23423925|1,1,0.5995986087744541,0.57041264,0.33519876,True,True
chr21:17785247-17785847|1,1,0.4752833707863324,0.51284796,0.09179279,True,True
chr21:36255000-36255600|0,0,0.5994457737440805,0.16041677,0.06985256,True,True
chr20:49510727-49511327|1,1,0.5777822148878311,0.81697166,0.9809769,True,True
chr20:9579844-9580444|1,1,0.5586912220249963,0.7883444,0.9745848,True,True
chr20:7342000-7342600|0,0,0.34732442285475645,0.26694855,0.0046563144,True,True
chr20:38521397-38521997|1,1,0.44072965880312637,0.694868,0.9959757,True,True
chr21:18696000-18696600|0,0,0.38878775023641765,0.2818256,0.10108832,False,True
chr20:2030000-2030600|0,0,0.4764412568238987,0.36810926,0.17186993,True,True
chr20:59163906-59164506|1,1,0.4639588399580096,0.5425208,0.24962407,True,True
chr21:38094457-38095057|1,1,0.5471684801940203,0.28287107,0.14155938,True,True
chr20:38558152-38558752|1,1,0.3754958780232779,0.80097735,0.59780526,True,True
chr20:62406614-62407214|1,1,0.8573223090839368,0.9444512,0.97931415,False,True
chr21:13396000-13396600|0,0,0.4189773525611981,0.2890655,0.18439579,True,True
chr20:23458364-23458964|1,1,0.5661278766454205,0.5639191,0.38962647,True,True
chr21:7675113-7675713|1,1,0.37374129125455957,0.5994833,0.27495185,True,True
chr21:22177000-22177600|0,0,0.4700768485991206,0.6870856,0.09443541,True,True
chr21:42259201-42259801|1,1,0.6244804795320945,0.76854813,0.18119688,True,True
chr21:46366838-46367438|1,1,0.6906087714243989,0.93475896,0.99934286,False,True
chr20:46666000-46666600|0,0,0.4674759565190438,0.26317564,0.24143142,True,True
chr20:53978000-53978600|0,0,0.3828533532513839,0.40231952,0.20736903,False,True
chr20:12345000-12345600|0,0,0.6237706738561594,0.77610725,0.49423003,True,True
chr20:16429562-16430162|1,1,0.3891168703854244,0.5889584,0.96564317,True,True
chr21:24480000-24480600|0,0,0.47338875015593535,0.09426912,0.007581348,True,True
chr20:60313086-60313686|1,1,0.5679976646894475,0.7873895,0.6442696,True,True
chr20:52141000-52141600|0,0,0.4647565475713383,0.54195863,0.21486066,True,True
chr21:37534000-37534600|0,0,0.5528376115866457,0.5417178,0.33395332,True,True
chr20:57652732-57653332|1,1,0.7771511713337425,0.89961445,0.9577141,False,True
chr20:24054000-24054600|0,0,0.47093656977688914,0.56124735,0.35573107,True,True
chr21:6819000-6819600|0,0,0.4800097805471889,0.35805583,0.07162965,True,True
chr20:48675892-48676492|1,1,0.6640820499356752,0.6618884,0.96818125,False,True
chr20:27102000-27102600|0,0,0.44312094764490684,0.036325067,6.547569e-05,False,True
chr21:12105000-12105600|0,0,0.4516534738358267,0.04741646,0.027237348,True,True
chr21:15466987-15467587|1,1,0.41154125866952507,0.2009898,0.2702801,True,True
chr21:41357000-41357600|0,0,0.45468632958179533,0.61372983,0.7204631,False,True
chr20:49165696-49166296|1,1,0.48722049469399314,0.7077255,0.9835352,True,True
chr20:51688763-51689363|1,1,0.6358267485694278,0.92589164,0.96202856,True,True
chr20:58522980-58523580|1,1,0.5628374109995642,0.68258107,0.806151,True,True
chr20:60495000-60495600|0,0,0.5091210788395011,0.20833226,0.07055431,True,True
chr20:34756919-34757519|1,1,0.5331006313783437,0.79293704,0.9246787,True,True
chr20:21160593-21161193|1,1,0.46737716451200145,0.3125817,0.07043611,True,True
chr21:15705000-15705600|0,0,0.45000635541170725,0.5207785,0.12562324,False,True
chr20:52006000-52006600|0,0,0.5085972992369353,0.12876701,0.12580004,False,True
chr21:44660000-44660600|0,0,0.39613907351975,0.7388397,0.13229915,True,True
chr20:22774000-22774600|0,0,0.6048842630445833,0.43423674,0.6556325,True,True
chr20:36236202-36236802|1,1,0.6946614728765925,0.9787443,0.9587055,True,True
chr21:46561504-46562104|1,1,0.6450276692295616,0.87073404,0.47146547,True,True
chr20:6087476-6088076|1,1,0.4303656173642258,0.24371704,0.8165703,True,True
chr20:33783563-33784163|1,1,0.7386288403263598,0.55148846,0.9914688,True,True
chr20:33021043-33021643|1,1,0.7116636899747689,0.6396472,0.9754048,True,True
chr21:31315000-31315600|0,0,0.6215212344786079,0.2279574,0.10843119,True,True
chr20:37065123-37065723|1,1,0.40399164086512285,0.26368034,0.33649644,True,True
chr20:63792000-63792600|0,0,0.6416607206695131,0.8276635,0.8267437,True,True
chr20:32414000-32414600|0,0,0.42588483828972573,0.43572104,0.062023625,True,True
chr20:51189000-51189600|0,0,0.6615628302457117,0.7767014,0.7154912,True,True
chr20:43894496-43895096|1,1,0.5982687675368729,0.57858175,0.39718223,True,True
chr21:33465041-33465641|1,1,0.329605295665768,0.5157308,0.97000164,True,True
chr20:10433807-10434407|1,1,0.7525917295435137,0.9935324,0.93762887,True,True
chr21:44915000-44915600|0,0,0.6846492419824631,0.55093324,0.37041467,True,True
chr20:9681000-9681600|0,0,0.33642151909956064,0.15266816,0.043451693,False,True
chr21:19384000-19384600|0,0,0.4444711092054853,0.55759734,0.2218112,False,True
chr21:25751933-25752533|1,1,0.4103225275892104,0.5467168,0.99808323,True,True
chr20:21396657-21397257|1,1,0.8888827696781793,0.8050483,0.9816466,False,True
chr20:12000000-12000600|0,0,0.46704403150034607,0.58214486,0.53227764,True,True
chr20:35636000-35636600|0,0,0.5667073937240148,0.5569321,0.12798549,True,True
chr20:52591000-52591600|0,0,0.6057840336128986,0.47614694,0.123956315,True,True
chr20:33804000-33804600|0,0,0.5650890799264875,0.33775106,0.38125733,True,True
chr21:10609000-10609600|0,0,0.4091367664275204,0.14752688,0.027511282,False,True
chr20:31766381-31766981|1,1,0.4997738306405986,0.1988476,0.5392215,True,True
chr21:7624000-7624600|0,0,0.33665279824370936,0.42290643,0.12754045,True,True
chr21:33829444-33830044|1,1,0.5489414693970461,0.8058924,0.99337536,True,True
chr21:41003000-41003600|0,0,0.5117794081326595,0.75514096,0.3632203,True,True
chr20:52072434-52073034|1,1,0.6248931252829187,0.70274556,0.39093885,True,True
chr20:34795000-34795600|0,0,0.41877409184431164,0.61224604,0.77898115,True,True
chr20:58648000-58648600|0,0,0.6544413343557546,0.37691477,0.22333553,True,True
chr21:5522000-5522600|0,0,0.3781848747548043,0.1341352,0.09904058,True,True
chr21:32156107-32156707|1,1,0.3999640707037102,0.73282176,0.2819964,True,True
chr20:36660036-36660636|1,1,0.4995910273947747,0.5041487,0.9579977,True,True
chr21:28732000-28732600|0,0,0.5424154067851449,0.31489918,0.3669595,True,True
chr20:37178922-37179522|1,1,0.8203123245987951,0.9848492,0.99811447,False,True
chr21:14489000-14489600|0,0,0.37500749724861776,0.46035242,0.37852657,True,True
chr20:40492000-40492600|0,0,0.5268282009288909,0.7025552,0.39810055,True,True
chr20:36576102-36576702|1,1,0.5526928227156339,0.6466961,0.5559587,True,True
chr20:48180000-48180600|0,0,0.4677336694343364,0.36412176,0.08971502,True,True
chr20:33606798-33607398|1,1,0.4264314582199875,0.44612554,0.9534972,True,True
chr21:25429465-25430065|1,1,0.46870268369707213,0.50053847,0.1409772,True,True
chr20:62759000-62759600|0,0,0.7310218013915127,0.48015565,0.0600389,True,True
chr20:2702000-2702600|0,0,0.6207851438319023,0.38072336,0.35771546,True,True
chr20:9784057-9784657|1,1,0.41093922601129784,0.31029364,0.07801256,True,True
chr20:20051991-20052591|1,1,0.7749428656968531,0.97669274,0.99945813,False,True
chr21:36945708-36946308|1,1,0.4781631865023918,0.4023451,0.38298082,True,True
chr20:39285000-39285600|0,0,0.5554557300005155,0.27446786,0.18757905,True,True
chr20:60066151-60066751|1,1,0.5445966570700627,0.56689835,0.38841256,True,True
chr21:15138156-15138756|1,1,0.5077349168751825,0.7051571,0.8681589,True,True
chr21:39948000-39948600|0,0,0.3667653013080296,0.15100567,0.020403491,True,True
chr20:60852000-60852600|0,0,0.5691724282920609,0.68211997,0.7384823,True,True
chr20:34457173-34457773|1,1,0.4069391429280504,0.66156405,0.873328,True,True
chr20:55546000-55546600|0,0,0.5335053981497386,0.30586052,0.38985997,True,True
chr20:38357000-38357600|0,0,0.5998916544748888,0.4429831,0.40184733,True,True
chr20:18542101-18542701|1,1,0.5235303666274804,0.5955634,0.9888883,True,True
chr20:24759000-24759600|0,0,0.3225265993733771,0.2501585,0.013888554,False,False
chr20:4174962-4175562|1,1,0.6879383946311683,0.8421835,0.97756565,True,True
chr20:5984699-5985299|1,1,0.4437594679798287,0.5310541,0.99739313,True,True
chr20:63869140-63869740|1,1,0.6724361042324035,0.7048806,0.9837065,True,True
chr21:43288000-43288600|0,0,0.6387443394425854,0.6992074,0.36466506,True,True
chr20:51546000-51546600|0,0,0.5473087059062788,0.46762708,0.28011405,True,True
chr20:63696890-63697490|1,1,0.8170725220378482,0.9239123,0.9989531,False,True
chr20:58343498-58344098|1,1,0.5200418413113786,0.6492144,0.63880795,True,True
chr20:41507000-41507600|0,0,0.3835596031338417,0.75387007,0.6371728,True,True
chr20:46069909-46070509|1,1,0.5266126483513859,0.7554956,0.9338928,True,True
chr21:22015999-22016599|1,1,0.5182377789791592,0.44178638,0.14029591,True,True
chr21:7234000-7234600|0,0,0.4244443289657201,0.041560855,0.015415069,True,True
chr20:42963000-42963600|0,0,0.4380880184218423,0.34281546,0.0846427,True,True
chr20:52097072-52097672|1,1,0.57855248001059,0.2861689,0.7596514,True,True
chr20:5633000-5633600|0,0,0.532495171478198,0.29404286,0.49307072,True,True
chr20:38002327-38002927|1,1,0.5652861830492828,0.556068,0.96303046,True,True
chr20:33396460-33397060|1,1,0.5942869869033245,0.4639611,0.88819957,True,True
chr20:47882000-47882600|0,0,0.47621343053751924,0.20981218,0.3417558,True,True
chr20:29543000-29543600|0,0,0.5012258041609147,0.12870334,0.1522824,True,True
chr20:40591000-40591600|0,0,0.40046304384599957,0.31135476,0.11741055,False,True
chr21:29177000-29177600|0,0,0.36569735781502766,0.5608549,0.2706348,True,True
chr21:41802411-41803011|1,1,0.6226938489794805,0.8239554,0.9984712,True,True
chr20:24300000-24300600|0,0,0.49702721434860136,0.25923994,0.06687767,True,True
chr21:33210000-33210600|0,0,0.5383427081656553,0.46239984,0.0804902,True,True
chr20:27720000-27720600|0,0,0.4444711092054853,0.047334187,0.021328181,False,True
chr20:38546129-38546729|1,1,0.47576351372761433,0.6674274,0.98658353,True,True
chr20:45630902-45631502|1,1,0.6260941229346063,0.43803826,0.1978708,True,True
chr20:8798000-8798600|0,0,0.5225025292958776,0.2779602,0.08475763,True,True
chr21:11765000-11765600|0,0,0.44182321149577686,0.03902071,0.0002842891,True,True
chr20:7963000-7963600|0,0,0.35948980390006546,0.36284465,0.28137615,True,True
chr21:39511508-39512108|1,1,0.564784382138735,0.75860256,0.850511,True,True
chr21:20141000-20141600|0,0,0.4881109953077671,0.07803613,0.07285797,True,True
chr20:33543000-33543600|0,0,0.5227432510049947,0.36191604,0.07848866,True,True
chr20:1058929-1059529|1,1,0.5284516820240132,0.45041957,0.55548465,True,True
chr20:11336000-11336600|0,0,0.47044854063528113,0.41270062,0.07751663,True,True
chr20:33810739-33811339|1,1,0.6242429083145021,0.78391325,0.4280942,True,True
chr20:62754585-62755185|1,1,0.7626698466680231,0.72416514,0.99163544,True,True
chr20:50165729-50166329|1,1,0.6527319587998361,0.8071088,0.7013828,True,True
chr20:2325651-2326251|1,1,0.628152014125771,0.86333764,0.4936298,True,True
chr20:5916071-5916671|1,1,0.49576836660849566,0.4335356,0.3721727,True,True
chr21:28573000-28573600|0,0,0.24642030168785967,0.34404814,0.015959257,False,False
chr20:51562259-51562859|1,1,0.8214043255459712,0.979381,0.97384584,False,True
chr20:54096000-54096600|0,0,0.5495942818234183,0.33743238,0.121044606,True,True
chr20:7441000-7441600|0,0,0.36885742228159946,0.3934453,0.46472448,True,True
chr21:7051000-7051600|0,0,0.4125376000072442,0.69624835,0.49968293,True,True
chr20:3643967-3644567|1,1,0.5970918165269935,0.8852224,0.9186868,True,True
chr21:30906000-30906600|0,0,0.30945180200943584,0.1059612,0.012707689,False,False
chr20:47465000-47465600|0,0,0.6048657071460776,0.16493577,0.13870923,True,True
chr20:49855280-49855880|1,1,0.5424469997839083,0.69555265,0.9201501,True,True
chr20:9963000-9963600|0,0,0.45072733017668093,0.33443442,0.06697376,False,True
chr20:53819000-53819600|0,0,0.4886589360364701,0.14540108,0.032322716,True,True
chr20:20525951-20526551|1,1,0.4231922079213426,0.7723806,0.994234,True,True
chr21:27720000-27720600|0,0,0.47584581483741684,0.23218217,0.06984534,True,True
chr20:14498000-14498600|0,0,0.41997797784916324,0.2002124,0.07197411,True,True
chr21:18297433-18298033|1,1,0.3589820554842648,0.26403186,0.48997235,True,True
chr20:6714000-6714600|0,0,0.5227171339897516,0.6177455,0.4225956,True,True
chr20:2399437-2400037|1,1,0.6732641988098675,0.9529596,0.9870524,False,True
chr20:59708000-59708600|0,0,0.6534220706579972,0.44709483,0.32739952,True,True
chr20:61975000-61975600|0,0,0.4085681005359539,0.58871526,0.33500278,True,True
chr21:38880291-38880891|1,1,0.3914092143946838,0.5157092,0.40259597,True,True
chr21:7381000-7381600|0,0,0.42722214344873904,0.12491538,0.0051527475,True,True
chr21:10577219-10577819|1,1,0.4155684911942026,0.31363964,0.66721624,True,True
chr20:45722181-45722781|1,1,0.5140747157545178,0.6323328,0.26452827,True,True
chr20:33393731-33394331|1,1,0.53502022050691,0.16697605,0.1737,True,True
chr20:2492398-2492998|1,1,0.4613263394684646,0.5115668,0.9647836,True,True
chr20:31759878-31760478|1,1,0.44312094764490684,0.54177314,0.96055156,True,True
chr20:5366000-5366600|0,0,0.3841201477150679,0.28905585,0.06504091,False,True
chr20:13766476-13767076|1,1,0.37394588347701635,0.591079,0.9553296,True,True
chr21:14147000-14147600|0,0,0.40883455272739794,0.47661668,0.06015722,True,True
chr21:32748198-32748798|1,1,0.390158243935088,0.5371086,0.9896247,True,True
chr20:44129000-44129600|0,0,0.6354055060467213,0.30753848,0.1939584,True,True
chr20:38900383-38900983|1,1,0.669057569675139,0.86508054,0.96815455,False,True
chr20:33766740-33767340|1,1,0.7012917942194002,0.9316714,0.9847227,False,True
chr21:13105000-13105600|0,0,0.3542695513319366,0.20225732,0.011179933,True,True
chr20:44378000-44378600|0,0,0.506318011345711,0.24701437,0.036051534,True,True
chr20:3036988-3037588|1,1,0.7247379761812596,0.78447384,0.98448735,False,True
chr20:44732000-44732600|0,0,0.5370124198230282,0.74497414,0.13928972,True,True
chr20:3588000-3588600|0,0,0.3956097977705626,0.11843726,0.031261973,True,True
chr20:17024000-17024600|0,0,0.49307103685728937,0.6366808,0.48253852,True,True
chr21:24465000-24465600|0,0,0.6142192824003231,0.17458828,0.07264978,True,True
chr21:7442882-7443482|1,1,0.39426856607936844,0.26277256,0.060296804,True,True
chr20:45826945-45827545|1,1,0.6862727592066385,0.6847815,0.67362475,False,True
chr21:18486191-18486791|1,1,0.3653099233767257,0.5539487,0.3182195,True,True
chr20:41340701-41341301|1,1,0.7925274905301206,0.95291954,0.99121374,True,True
chr20:42192000-42192600|0,0,0.5129821400426189,0.37367335,0.25476912,True,True
chr21:46648318-46648918|1,1,0.68831890072444,0.8470273,0.9783992,False,True
chr20:4645000-4645600|0,0,0.676971231428608,0.20110542,0.2057339,True,True
chr20:44816000-44816600|0,0,0.5494376853842503,0.286416,0.32942685,True,True
chr20:33735000-33735600|0,0,0.5925185750605174,0.11702857,0.024189303,True,True
chr21:16198000-16198600|0,0,0.3788213653693107,0.31609738,0.16670713,False,True
chr21:42627000-42627600|0,0,0.6081283962246444,0.7467618,0.6610257,True,True
chr21:43588000-43588600|0,0,0.6047393486595865,0.4588586,0.21778569,True,True
chr20:44247213-44247813|1,1,0.8040084209964055,0.96173054,0.9981007,False,True
chr21:38916999-38917599|1,1,0.5451915827797015,0.6933685,0.75133914,True,True
chr20:10912859-10913459|1,1,0.48747249967017037,0.63364375,0.34295264,True,True
chr20:31474326-31474926|1,1,0.6425864786488286,0.86761594,0.35318574,True,True
chr20:5477000-5477600|0,0,0.5478151594243075,0.59537977,0.29597452,True,True
chr20:49877762-49878362|1,1,0.3403886003739834,0.35949114,0.87124825,True,True
chr20:53578033-53578633|1,1,0.38397786463215194,0.6482255,0.94682103,True,True
chr20:42408000-42408600|0,0,0.3130631191236655,0.49615806,0.089483,True,True
chr20:14909348-14909948|1,1,0.42460832864630177,0.80880284,0.49304983,True,True
chr20:3591005-3591605|1,1,0.4846414217884358,0.3989189,0.9905427,True,True
chr20:33714373-33714973|1,1,0.5973852680507795,0.66527486,0.9193789,True,True
chr20:45963172-45963772|1,1,0.7124696407066032,0.9410753,0.9912451,False,True
chr20:32898322-32898922|1,1,0.6471068167722156,0.8341511,0.94971967,True,True
chr21:34099000-34099600|0,0,0.3934703968384508,0.36602578,0.5452948,False,True
chr20:37114872-37115472|1,1,0.5112333264158987,0.74716413,0.9946616,True,True
chr20:5963058-5963658|1,1,0.4358382436091418,0.6750586,0.8583708,True,True
chr20:13292162-13292762|1,1,0.516888423729851,0.8782861,0.99507385,True,True
chr20:6195000-6195600|0,0,0.3168144005224468,0.22753832,0.072778516,True,True
chr21:19732000-19732600|0,0,0.31036944409084716,0.18286863,0.0637369,False,False
chr21:22759000-22759600|0,0,0.479890939767607,0.45594236,0.38118628,True,True
chr20:62885000-62885600|0,0,0.6235523552316478,0.61859167,0.6257668,True,True
chr21:14612575-14613175|1,1,0.3589820554842648,0.4892988,0.73022914,True,True
chr20:35458073-35458673|1,1,0.4211911530244002,0.28418455,0.27267006,True,True
chr20:16912000-16912600|0,0,0.46867321198043466,0.49250656,0.02026002,True,True
chr20:44564000-44564600|0,0,0.41132893358573525,0.5449362,0.10264007,True,True
chr20:58690926-58691526|1,1,0.5291169192257191,0.59719354,0.58528835,True,True
chr20:21648000-21648600|0,0,0.555109771112854,0.39928177,0.10767402,True,True
chr21:29711000-29711600|0,0,0.341130289387639,0.16100134,0.257387,True,True
chr20:1551390-1551990|1,1,0.47878743996192474,0.78537494,0.9974039,True,True
chr21:25420407-25421007|1,1,0.43937015746372515,0.37748516,0.8218895,True,True
chr20:19471000-19471600|0,0,0.5728437068282359,0.40160584,0.3735117,True,True
chr21:31132000-31132600|0,0,0.625264335465064,0.37525985,0.52876556,True,True
chr20:52945000-52945600|0,0,0.4799754835283025,0.3838915,0.058644637,True,True
chr20:5173358-5173958|1,1,0.6707398388300561,0.78058696,0.9910618,True,True
chr20:20199601-20200201|1,1,0.6502151034580554,0.942396,0.98631406,True,True
chr21:34807000-34807600|0,0,0.5215900571605615,0.5263121,0.061281215,True,True
chr21:23882000-23882600|0,0,0.3705802458879392,0.23528108,0.32728446,False,True
chr20:441287-441887|1,1,0.5756234701407951,0.7465265,0.9719387,True,True
chr20:3738416-3739016|1,1,0.5809950068925788,0.73270196,0.97751755,True,True
chr20:47636461-47637061|1,1,0.41214202916849607,0.5941982,0.9916142,True,True
chr20:2501000-2501600|0,0,0.698572959478652,0.189429,0.052340657,True,True
chr20:56546000-56546600|0,0,0.6116086362335432,0.4245058,0.12597986,True,True
chr20:14189000-14189600|0,0,0.3055686065744142,0.22778986,0.1094219,False,False
chr20:15321000-15321600|0,0,0.4523182057524965,0.34184766,0.26642963,False,True
chr21:15777726-15778326|1,1,0.306475769957751,0.3581423,0.99243563,True,True
chr20:55667201-55667801|1,1,0.5570943195551357,0.37059292,0.31122014,True,True
chr20:47753000-47753600|0,0,0.5712723140771296,0.5216916,0.79325116,True,True
chr20:33180296-33180896|1,1,0.6142192824003231,0.383417,0.61384726,True,True
chr21:29123000-29123600|0,0,0.45733715271443764,0.24130407,0.065720834,True,True
chr21:37216192-37216792|1,1,0.5473234366973537,0.32080853,0.4547503,True,True
chr20:37669000-37669600|0,0,0.5193069734708313,0.6917674,0.44764286,True,True
chr21:26393000-26393600|0,0,0.33893127779284915,0.45596474,0.16825059,True,True
chr20:5675000-5675600|0,0,0.4276667112759635,0.2977518,0.40572,True,True
chr20:21357491-21358091|1,1,0.4019440355520679,0.6985171,0.9147629,True,True
chr20:44423953-44424553|1,1,0.7006290082175295,0.9421205,0.99134105,False,True
chr20:45957285-45957885|1,1,0.7350508864602511,0.9057686,0.9968767,False,True
chr20:34732258-34732858|1,1,0.47230748430668573,0.45262644,0.19347018,True,True
chr20:35015707-35016307|1,1,0.5688593479774907,0.75620365,0.9816691,True,True
chr20:48426000-48426600|0,0,0.523701653709754,0.27678302,0.3466266,True,True
chr20:33748771-33749371|1,1,0.661874817165299,0.67106545,0.9919012,False,True
chr20:51060000-51060600|0,0,0.6012559349065848,0.5690303,0.5723225,True,True
chr20:47001172-47001772|1,1,0.6398077266757838,0.7750422,0.9332271,True,True
chr20:1800230-1800830|1,1,0.5049060361455638,0.35982212,0.57778,True,True
chr20:56093000-56093600|0,0,0.4963078671440872,0.09841568,0.18617317,True,True
chr20:6112176-6112776|1,1,0.3692963588777691,0.82811254,0.98693186,True,True
chr20:34942187-34942787|1,1,0.690837247265692,0.8398044,0.9820243,True,True
chr21:44837000-44837600|0,0,0.7939782564149599,0.76220584,0.37740973,True,True
chr21:22258000-22258600|0,0,0.32111078348690314,0.046531472,0.058792416,True,True
chr21:28066000-28066600|0,0,0.34873450002706774,0.36735493,0.3261647,True,True
chr21:31300000-31300600|0,0,0.513173028059279,0.46551836,0.4348237,True,True
chr20:2027000-2027600|0,0,0.7415261772668649,0.60531956,0.122280605,True,True
chr21:37006575-37007175|1,1,0.8558256554867116,0.96622837,0.982419,False,True
chr20:10292698-10293298|1,1,0.47249342177308074,0.6887735,0.7611918,True,True
chr20:46036494-46037094|1,1,0.6630919680816202,0.6281734,0.75375867,True,True
chr20:24789000-24789600|0,0,0.5547857665866918,0.66679525,0.18167433,True,True
chr21:44900019-44900619|1,1,0.7884413716194885,0.94292927,0.9964439,False,True
chr21:41858730-41859330|1,1,0.735875347894064,0.91174614,0.5737621,False,True
chr21:33159000-33159600|0,0,0.4567731859197095,0.5122114,0.26008403,True,True
chr21:13048728-13049328|1,1,0.26631673147932694,0.37962863,0.48037115,True,True
chr21:33541764-33542364|1,1,0.6866261760092304,0.9272626,0.98340803,False,True
chr21:8642000-8642600|0,0,0.3756633242758615,0.2941555,0.08915409,False,True
chr21:39202024-39202624|1,1,0.39684890471193457,0.6917916,0.9966742,True,True
chr21:39177134-39177734|1,1,0.3584091254443932,0.6770157,0.74393296,True,True
chr20:61798000-61798600|0,0,0.7991030885670528,0.829537,0.390461,True,True
chr20:20267193-20267793|1,1,0.6736247009024829,0.8635239,0.2686658,False,True
chr20:14603000-14603600|0,0,0.36760196502304154,0.3049152,0.5013989,True,True
chr20:62355179-62355779|1,1,0.7913577477909394,0.84439176,0.82401705,False,True
chr20:26188323-26188923|1,1,0.3892020491934168,0.5572636,0.023881726,True,True
chr20:50589385-50589985|1,1,0.641798929181956,0.66350013,0.9369231,True,True
chr20:36978000-36978600|0,0,0.4908444058976608,0.4305116,0.11847063,False,True
chr20:57006000-57006600|0,0,0.5804254839488668,0.3073134,0.06896588,True,True
chr20:42870000-42870600|0,0,0.4464730868688795,0.36565346,0.14237493,True,True
chr20:32951000-32951600|0,0,0.40189212369232286,0.31305328,0.0385698,True,True
chr20:42771134-42771734|1,1,0.6283755412346805,0.6803737,0.92819965,True,True
chr20:25186596-25187196|1,1,0.5691724282920609,0.5041487,0.22027408,True,True
chr20:60531000-60531600|0,0,0.4666047086236143,0.41983587,0.34791818,True,True
chr21:7936000-7936600|0,0,0.4539302318436338,0.023320915,0.005378228,True,True
chr21:29306000-29306600|0,0,0.483416840172211,0.34824404,0.15952544,False,True
chr20:45823690-45824290|1,1,0.7672123089475307,0.96166813,0.9950518,False,True
chr21:41376854-41377454|1,1,0.6789978161070254,0.9276245,0.71666366,True,True
chr21:18759473-18760073|1,1,0.6398060387370813,0.72893924,0.7697148,True,True
chr21:39210485-39211085|1,1,0.37271487934385455,0.33601403,0.98329955,True,True
chr21:27138000-27138600|0,0,0.3348853106021968,0.2714868,0.1281327,True,True
chr21:44282000-44282600|0,0,0.7534891983201119,0.93035847,0.6223325,True,True
chr21:29298652-29299252|1,1,0.882850914363663,0.9506634,0.9793138,False,True
chr20:1741087-1741687|1,1,0.4258099488120444,0.36855927,0.33787295,True,True
chr20:44589565-44590165|1,1,0.4051090102731253,0.8281178,0.87361556,True,True
chr20:32687000-32687600|0,0,0.597398507620177,0.3444264,0.22753413,True,True
chr20:36297000-36297600|0,0,0.6378189376767197,0.7068696,0.26485613,True,True
chr21:31003000-31003600|0,0,0.5502476226331305,0.6201143,0.43201688,True,True
chr21:7453000-7453600|0,0,0.5661278766454205,0.23979867,0.14942984,True,True
chr21:45997182-45997782|1,1,0.8037010753933124,0.8177882,0.9929662,False,True
chr20:19300000-19300600|0,0,0.5768573973910818,0.6386215,0.3676679,True,True
chr20:44912552-44913152|1,1,0.5660758785787294,0.9496346,0.9997377,True,True
chr20:38570546-38571146|1,1,0.3295388823006008,0.30420753,0.21055265,True,True
chr20:19597000-19597600|0,0,0.4586662994088538,0.13816275,0.05286041,True,True
chr21:44190047-44190647|1,1,0.5246999164564967,0.187028,0.15103732,True,True
chr20:58621000-58621600|0,0,0.6052066558070762,0.7669928,0.3401903,True,True
chr20:35712718-35713318|1,1,0.4370116163109329,0.5870784,0.8638957,True,True
chr21:20408000-20408600|0,0,0.46681544721533813,0.3866186,0.01860129,True,True
chr21:24897000-24897600|0,0,0.31741955807842404,0.30937412,0.17444247,False,False
chr20:39066000-39066600|0,0,0.5191815531248694,0.18229783,0.20999946,True,True
chr21:17714000-17714600|0,0,0.46480715534220823,0.33177173,0.37982705,True,True
chr21:21141000-21141600|0,0,0.3415709169534316,0.27703637,0.1724831,True,True
chr21:42219003-42219603|1,1,0.8473611299635959,0.9582837,0.9897976,False,True
chr20:14504000-14504600|0,0,0.4033770046231086,0.4296107,0.107822455,True,True
chr20:55625977-55626577|1,1,0.49817427774260387,0.50303835,0.099457994,True,True
chr21:43672064-43672664|1,1,0.5443925194532347,0.93508196,0.9824823,True,True
chr21:20802694-20803294|1,1,0.500558459056988,0.7720332,0.426509,True,True
chr21:37813000-37813600|0,0,0.3542695513319366,0.12896214,0.0065146494,True,True
chr20:48738000-48738600|0,0,0.6493098234039957,0.7839619,0.4029177,True,True
chr20:5420000-5420600|0,0,0.5500761881233205,0.26733604,0.07234941,True,True
chr21:15402000-15402600|0,0,0.4173707807265009,0.66906315,0.2756738,True,True
chr20:48021827-48022427|1,1,0.5458477179858087,0.6779254,0.5270843,True,True
chr21:27705000-27705600|0,0,0.49410675975739027,0.2765354,0.20847891,False,True
chr20:18698148-18698748|1,1,0.49648770262858233,0.768544,0.2348167,True,True
chr20:63546807-63547407|1,1,0.7964577610776573,0.98432654,0.99884146,False,True
chr20:41079879-41080479|1,1,0.3409648366895294,0.48099828,0.9379406,True,True
chr20:36072509-36073109|1,1,0.516600026409918,0.17536631,0.078236684,True,True
chr20:6390000-6390600|0,0,0.5239377973988727,0.12560178,0.49909303,True,True
chr21:22213000-22213600|0,0,0.32709435210974264,0.3631784,0.2341996,True,True
chr21:26273000-26273600|0,0,0.39924786638683957,0.3700268,0.02609942,True,True
chr20:37795000-37795600|0,0,0.4335147148993083,0.35265678,0.067573994,True,True
chr20:9372102-9372702|1,1,0.4264314582199875,0.62567556,0.97834116,True,True
chr20:13888158-13888758|1,1,0.37458270683110045,0.08700936,0.21254289,True,True
chr21:16318000-16318600|0,0,0.4571634153954018,0.5535107,0.48138857,False,True
chr20:51624891-51625491|1,1,0.7271852857378508,0.8059681,0.9843423,False,True
chr20:5747000-5747600|0,0,0.4643823291232431,0.35264903,0.5403843,True,True
chr20:11468000-11468600|0,0,0.35884122497818044,0.29941422,0.0025812443,True,True
chr20:16906000-16906600|0,0,0.459521290178005,0.30069274,0.10310664,False,True
chr21:22660000-22660600|0,0,0.3006138187472897,0.2889214,0.18261416,True,True
chr20:25517452-25518052|1,1,0.4383814417739707,0.870178,0.9581727,True,True
chr20:31405794-31406394|1,1,0.606505340593521,0.4591879,0.5377935,True,True
chr20:20828000-20828600|0,0,0.5594323906699658,0.47162303,0.4672428,True,True
chr21:13315000-13315600|0,0,0.4741357929234396,0.27205303,0.5907259,True,True
chr21:13924863-13925463|1,1,0.3891168703854244,0.71336913,0.85456795,True,True
chr21:28192000-28192600|0,0,0.6331317294655757,0.28924268,0.22498766,True,True
chr20:30852000-30852600|0,0,0.5152630672149603,0.5333531,0.42733815,True,True
chr21:23065368-23065968|1,1,0.41797203730785304,0.52107215,0.20317224,True,True
chr21:31285000-31285600|0,0,0.6452294559155595,0.60375273,0.37206608,True,True
chr21:16576000-16576600|0,0,0.3155621994554091,0.26939753,0.31661245,True,True
chr21:16261395-16261995|1,1,0.37034319132358756,0.28761142,0.33582062,True,True
chr20:42084381-42084981|1,1,0.6465557300506001,0.412546,0.92153096,True,True
chr21:34063000-34063600|0,0,0.5013613713968312,0.17763652,0.24424574,True,True
chr20:61372000-61372600|0,0,0.6966873815899989,0.82331675,0.711282,True,True
chr20:19951000-19951600|0,0,0.511058429220998,0.56690955,0.33048904,True,True
chr21:45939898-45940498|1,1,0.745248102181936,0.8979902,0.9877764,False,True
chr21:39427871-39428471|1,1,0.4078112526206724,0.62110233,0.8534831,True,True
chr21:29348000-29348600|0,0,0.49102562988819337,0.43264338,0.2262517,False,True
chr20:59982769-59983369|1,1,0.5095143947531073,0.6250245,0.99442625,True,True
chr20:41117995-41118595|1,1,0.4637858854033132,0.4238901,0.94147384,True,True
chr21:44903064-44903664|1,1,0.7333369123867212,0.8702585,0.9945339,False,True
chr21:36170170-36170770|1,1,0.5565785405789263,0.093885146,0.08681804,True,True
chr20:33282953-33283553|1,1,0.7008070424220397,0.88353145,0.5940768,False,True
chr20:42870000-42870600|0,0,0.4464730868688795,0.36565346,0.14237493,True,True
chr20:29996000-29996600|0,0,0.4224596392502322,0.026456892,0.047355052,True,True
chr20:25687754-25688354|1,1,0.3914092143946838,0.7453571,0.07737957,True,True
chr20:13378000-13378600|0,0,0.39770878343865745,0.25264865,0.0010848064,True,True
chr21:33093000-33093600|0,0,0.3550377738075566,0.5435803,0.09739019,True,True
chr20:7396000-7396600|0,0,0.4456290442650412,0.24410537,0.51074517,False,True
chr20:16036000-16036600|0,0,0.4335147148993083,0.63622916,0.18346938,False,True
chr20:4912579-4913179|1,1,0.613793889747386,0.84226567,0.96479976,True,True
chr20:8681000-8681600|0,0,0.33442540013272426,0.18065952,0.27726495,True,True
chr21:46645000-46645600|0,0,0.5070136821262349,0.3217345,0.12081634,True,True
chr20:3934693-3935293|1,1,0.5549398748186722,0.5490793,0.97784895,True,True
chr21:45123000-45123600|0,0,0.4857369325205984,0.34698126,0.095835745,True,True
chr20:45783000-45783600|0,0,0.5614389453149494,0.27243602,0.19032143,True,True
chr21:30249000-30249600|0,0,0.48034187644744886,0.4586457,0.57260096,True,True
chr20:38637498-38638098|1,1,0.6097533357467935,0.74402386,0.98583466,True,True
chr21:16384011-16384611|1,1,0.4389818946482904,0.5858255,0.14637707,True,True
chr20:1648751-1649351|1,1,0.5822119359902139,0.8381192,0.9886989,True,True
chr21:21363000-21363600|0,0,0.33154315979117843,0.3439833,0.15491572,True,True
chr21:43741271-43741871|1,1,0.846590733572303,0.54733753,0.9193939,False,True
chr20:23128328-23128928|1,1,0.676971231428608,0.7295221,0.5256791,True,True
chr20:26762000-26762600|0,0,0.46265899357483026,0.037630413,0.00056965154,True,True
chr20:18855000-18855600|0,0,0.4360773284546868,0.1751998,0.07635265,False,True
chr20:59861000-59861600|0,0,0.3445362300785774,0.6335027,0.02137157,True,True
chr20:54897000-54897600|0,0,0.41157365333196366,0.7157282,0.5791522,False,True
chr20:43558858-43559458|1,1,0.6354230337486623,0.8964324,0.73491734,True,True
chr21:46684000-46684600|0,0,0.4592312264877229,0.5259791,0.32339373,True,True
chr21:28348000-28348600|0,0,0.4717083445492625,0.30134946,0.12969744,True,True
chr20:62816841-62817441|1,1,0.8915890939145592,0.92704666,0.919229,True,True
chr21:25384000-25384600|0,0,0.5271787181461386,0.5115722,0.71018463,True,True
chr21:36213889-36214489|1,1,0.46265899357483026,0.5769609,0.97306865,True,True
chr20:10243733-10244333|1,1,0.45000635541170725,0.13768476,0.13017102,True,True
chr20:28915000-28915600|0,0,0.4399481062904652,0.22846958,0.006673247,True,True
chr21:42499442-42500042|1,1,0.6602450711725308,0.85572875,0.8928376,False,True
chr21:46097171-46097771|1,1,0.8332581276637653,0.8990823,0.78402984,False,True
chr20:34708562-34709162|1,1,0.8018031049857344,0.94063675,0.9873,False,True
chr20:9582000-9582600|0,0,0.42301306608407147,0.3940621,0.20943171,True,True
chr21:42369000-42369600|0,0,0.43419444752657904,0.7778338,0.8669194,True,True
chr21:25734032-25734632|1,1,0.5879294371310765,0.6538049,0.9080756,True,True
chr20:37522083-37522683|1,1,0.5846051247013028,0.8344295,0.97872305,True,True
chr21:16069924-16070524|1,1,0.46075346175105264,0.4563603,0.39706257,True,True
chr21:19504000-19504600|0,0,0.37309746487912904,0.26331696,0.010742178,True,True
chr21:32771025-32771625|1,1,0.8386407791626278,0.9901267,0.99593556,False,True
chr21:7555000-7555600|0,0,0.4381082747934021,0.2642126,0.0044688466,True,True
chr20:54610222-54610822|1,1,0.5043657342422964,0.63331515,0.9585253,True,True
chr20:34705173-34705773|1,1,0.6383458518245313,0.6356833,0.87474847,True,True
chr20:18468760-18469360|1,1,0.4149526305407943,0.4187351,0.19207841,True,True
chr20:60933000-60933600|0,0,0.5277582947720263,0.6104506,0.45539123,True,True
chr20:37859735-37860335|1,1,0.562868073347096,0.8070065,0.9978423,True,True
chr20:44217381-44217981|1,1,0.5494258666516901,0.81226456,0.59282744,True,True
chr20:42282188-42282788|1,1,0.3733572827567758,0.57461566,0.85364145,True,True
chr21:14520849-14521449|1,1,0.36264570074923264,0.7022545,0.9274651,True,True
chr21:9045000-9045600|0,0,0.4736620800203731,0.370503,0.018727396,True,True
chr20:64208186-64208786|1,1,0.7203234916212153,0.95171225,0.9978307,False,True
chr20:63282550-63283150|1,1,0.7209279391697567,0.8550782,0.76718765,False,True
chr20:48234000-48234600|0,0,0.6057377352050627,0.3684736,0.14162365,True,True
chr21:6873000-6873600|0,0,0.5183893607113462,0.31407285,0.049215086,True,True
chr20:17600744-17601344|1,1,0.4014849390199679,0.57169795,0.98176986,True,True
chr20:17699754-17700354|1,1,0.6670950788206544,0.8018177,0.7094171,False,True
chr20:34736389-34736989|1,1,0.49997680557599766,0.6817416,0.99358046,True,True
chr21:39556209-39556809|1,1,0.4869268227144521,0.82033354,0.6761033,True,True
chr21:36747000-36747600|0,0,0.6388771262568163,0.82880014,0.6362042,True,True
chr20:50012000-50012600|0,0,0.6362302722675248,0.45044106,0.08113582,True,True
chr20:43126000-43126600|0,0,0.502069501925983,0.22428131,0.44997042,True,True
chr21:21786090-21786690|1,1,0.433259759724943,0.28621143,0.35119557,True,True
chr21:41588000-41588600|0,0,0.3998443667710765,0.38197544,0.0072046733,False,True
chr21:14742959-14743559|1,1,0.3915788543726915,0.46494406,0.7318392,True,True
chr20:32912563-32913163|1,1,0.5017154375216214,0.34287852,0.3268618,True,True
chr20:38048180-38048780|1,1,0.4641615987896336,0.82036066,0.99338186,True,True
chr20:1947350-1947950|1,1,0.7210296354018721,0.9592516,0.8650211,False,True
chr20:8966000-8966600|0,0,0.46339296091460747,0.37024608,0.06965723,True,True
chr20:55705000-55705600|0,0,0.450152001764634,0.20239095,0.23267128,False,True
chr21:10027000-10027600|0,0,0.333758397989096,0.22369218,0.09028436,False,True
chr21:42518209-42518809|1,1,0.6366083962374794,0.88769495,0.97098684,True,True
chr20:4108000-4108600|0,0,0.6569442667348981,0.1708382,0.44178462,True,True
chr20:21513110-21513710|1,1,0.7114229756788507,0.9815803,0.99650204,True,True
chr20:29993000-29993600|0,0,0.4457736361029243,0.03475405,0.078149244,False,True
chr20:660000-660600|0,0,0.6447297658301234,0.09182979,0.04677615,True,True
chr20:58033000-58033600|0,0,0.5743885994646399,0.49580094,0.51253575,True,True
chr20:31336000-31336600|0,0,0.46434259573676245,0.27032518,0.0018820327,True,True
chr20:56801000-56801600|0,0,0.5906012800824113,0.080136135,0.09283533,True,True
chr21:23705054-23705654|1,1,0.35395748924749804,0.42964742,0.5944765,True,True
chr20:39588000-39588600|0,0,0.5601273979157864,0.44004878,0.90933144,True,True
chr20:36190073-36190673|1,1,0.6477554142368486,0.5218925,0.990045,True,True
chr20:35165000-35165600|0,0,0.4398887222237141,0.5759863,0.26961538,True,True
chr20:45954000-45954600|0,0,0.5071868844958126,0.59846014,0.091647245,False,True
chr21:29370854-29371454|1,1,0.510883529318598,0.8118109,0.43534333,True,True
chr21:14015000-14015600|0,0,0.739043429534271,0.63321185,0.5996556,True,True
chr20:59819000-59819600|0,0,0.6488302374110726,0.55847067,0.48847792,True,True
chr21:29360942-29361542|1,1,0.457529287539387,0.27430648,0.5396999,True,True
chr21:33802143-33802743|1,1,0.45373258271396794,0.6439764,0.85432476,True,True
chr21:18935059-18935659|1,1,0.4138759245571813,0.592198,0.17976451,True,True
chr20:15435000-15435600|0,0,0.37437038400604994,0.2812983,0.26667446,False,True
chr20:14132000-14132600|0,0,0.505423707816172,0.25538877,0.15883006,False,True
chr20:753000-753600|0,0,0.46760346117159357,0.1972719,0.42794216,True,True
chr20:46210006-46210606|1,1,0.8343083957093772,0.9812493,0.99931276,False,True
chr21:36369575-36370175|1,1,0.5445306885270339,0.46639436,0.9270816,True,True
chr20:61772881-61773481|1,1,0.728215056639617,0.9247861,0.99854666,False,True
chr21:46236025-46236625|1,1,0.4284592604555516,0.8675744,0.25578177,True,True
chr21:20743315-20743915|1,1,0.44267334156198246,0.44499925,0.94388264,True,True
chr20:13195000-13195600|0,0,0.5135067241069144,0.39850965,0.08310922,True,True
chr21:26909729-26910329|1,1,0.5193069734708313,0.66949093,0.51417094,True,True
chr20:8077003-8077603|1,1,0.3941658666484805,0.651975,0.23930585,True,True
chr20:16471000-16471600|0,0,0.4438403984186791,0.38967526,0.18895675,True,True
chr20:32684000-32684600|0,0,0.6625612209580805,0.2685632,0.17247906,True,True
chr20:34093374-34093974|1,1,0.4177687776072262,0.64933395,0.9032094,True,True
chr20:36706671-36707271|1,1,0.513173028059279,0.3151517,0.9000966,True,True
chr21:13565480-13566080|1,1,0.3650572242895403,0.23553738,0.04376835,True,True
chr21:35444000-35444600|0,0,0.49529247023084916,0.55021715,0.101614736,True,True
chr20:58514358-58514958|1,1,0.8275109447123549,0.94712603,0.97147053,False,True
chr20:42951000-42951600|0,0,0.47314947457656437,0.14722995,0.063367076,True,True
chr21:14126000-14126600|0,0,0.3609196146714174,0.20760408,0.01412661,True,True
chr21:45672000-45672600|0,0,0.4883075443430797,0.21565042,0.20214733,False,True
chr21:41693000-41693600|0,0,0.5102113678752579,0.40973076,0.23290494,True,True
chr20:3624271-3624871|1,1,0.4452429996956058,0.8126163,0.868351,True,True
chr20:46012012-46012612|1,1,0.7716236480039955,0.9754327,0.99970454,False,True
chr21:21072000-21072600|0,0,0.4539471051577297,0.33949378,0.21742496,True,True
chr20:7720000-7720600|0,0,0.510951104510266,0.85191834,0.3355823,True,True
chr20:21158103-21158703|1,1,0.3744012518510321,0.28588158,0.10138392,True,True
chr21:30711000-30711600|0,0,0.4444711092054853,0.5893268,0.28607765,False,True
chr21:28198000-28198600|0,0,0.38649101983710155,0.37961715,0.035938326,True,True
chr20:2316944-2317544|1,1,0.6596172313622308,0.85434824,0.9986205,False,True
chr21:33903634-33904234|1,1,0.4554772855294117,0.6152963,0.9696609,True,True
chr20:64024392-64024992|1,1,0.7128853208607936,0.8475696,0.99477154,False,True
chr21:30114000-30114600|0,0,0.4518783808457052,0.2925603,0.32653272,False,True
chr21:43867000-43867600|0,0,0.645491225245401,0.8830663,0.60684353,True,True
chr20:14929074-14929674|1,1,0.5652476244058755,0.5580724,0.42825046,True,True
chr21:46270100-46270700|1,1,0.4825406642665311,0.89720726,0.8562139,True,True
chr20:33672097-33672697|1,1,0.7480512665036266,0.61609674,0.91174316,True,True
chr21:44318294-44318894|1,1,0.7855662660912227,0.8758859,0.93673354,False,True
chr20:246000-246600|0,0,0.4171968618715263,0.4284327,0.04962434,True,True
chr20:63151669-63152269|1,1,0.6930359823738499,0.94909775,0.5011213,False,True
chr20:15927000-15927600|0,0,0.5112567522798735,0.61474776,0.37823787,True,True
chr20:28345000-28345600|0,0,0.4609419262037881,0.08668821,0.00023363385,True,True
chr20:13531000-13531600|0,0,0.42588483828972573,0.531972,0.100570455,True,True
chr20:702000-702600|0,0,0.5615625678027744,0.35546076,0.20930065,True,True
chr20:21217846-21218446|1,1,0.5489414693970461,0.6541225,0.83980626,True,True
chr21:23096000-23096600|0,0,0.3477594200209947,0.50263035,0.40488264,True,True
chr20:60459000-60459600|0,0,0.3893080690756597,0.5302542,0.2830166,True,True
chr20:4789295-4789895|1,1,0.6546959291618133,0.87202615,0.9185922,True,True
chr20:20546403-20547003|1,1,0.48794518166330814,0.6154822,0.9626894,True,True
chr21:29007460-29008060|1,1,0.46490217726453986,0.39075246,0.3087228,True,True
chr20:19673353-19673953|1,1,0.49307103685728937,0.6349634,0.83628005,True,True
chr21:37108145-37108745|1,1,0.402875762975109,0.521291,0.9127228,True,True
chr21:13069000-13069600|0,0,0.48829363910773,0.508802,0.13814864,True,True
chr20:1729000-1729600|0,0,0.5260493828557526,0.40493906,0.0015333338,True,True
chr21:27609000-27609600|0,0,0.3177171014173325,0.29955402,0.29221126,False,False
chr20:28372000-28372600|0,0,0.4499345918011898,0.044247907,0.00016406651,True,True
chr20:44943152-44943752|1,1,0.5802727139427385,0.46328628,0.99475706,True,True
chr21:44294202-44294802|1,1,0.7763431267274515,0.5454335,0.5940415,True,True
chr21:39387554-39388154|1,1,0.6628105927404193,0.6843944,0.70367754,True,True
chr20:49255507-49256107|1,1,0.5336038198886798,0.708723,0.99126023,True,True
chr20:10265376-10265976|1,1,0.5362245567010708,0.5532809,0.28766543,True,True
chr21:33504111-33504711|1,1,0.47305127975452965,0.9239865,0.99994886,True,True
chr21:32453207-32453807|1,1,0.5068490234550002,0.38303956,0.96978533,True,True
chr20:52333000-52333600|0,0,0.4586888373816912,0.23415436,0.30066863,False,True
chr20:59865087-59865687|1,1,0.34064634042938274,0.5889124,0.98881054,True,True
chr20:53992211-53992811|1,1,0.47607061183505045,0.81038797,0.6145266,True,True
chr21:16048000-16048600|0,0,0.40750102358332513,0.55646193,0.17974564,True,True
chr20:21937596-21938196|1,1,0.45354380767021446,0.46127507,0.39180553,True,True
chr21:11267000-11267600|0,0,0.4436994866071744,0.04783001,0.0003557332,False,True
chr21:31186700-31187300|1,1,0.4456974343936893,0.72737074,0.9674622,True,True
chr21:39379469-39380069|1,1,0.5179250485544762,0.76149935,0.62299347,True,True
chr20:50645192-50645792|1,1,0.7230926851073606,0.7815294,0.48197174,False,True
chr20:46051569-46052169|1,1,0.7410998294023531,0.8222941,0.9856193,False,True
chr20:38861000-38861600|0,0,0.6515064837224108,0.63927805,0.5792895,True,True
chr20:24414000-24414600|0,0,0.5641800532589278,0.6096943,0.3685822,True,True
chr20:32474300-32474900|1,1,0.7705699492885383,0.7439874,0.8913239,False,True
chr21:30186000-30186600|0,0,0.4805250808612358,0.60076994,0.26125523,True,True
chr20:41112624-41113224|1,1,0.49908466299795984,0.6850877,0.96275043,True,True
chr20:48288000-48288600|0,0,0.6498272583873228,0.1545439,0.12448642,True,True
chr20:31792529-31793129|1,1,0.49023785448641877,0.45477793,0.9813386,True,True
chr21:18027670-18028270|1,1,0.48584008751427493,0.4943818,0.3759708,True,True
chr20:14522924-14523524|1,1,0.49805059355917874,0.7459825,0.74088496,True,True
chr21:43876000-43876600|0,0,0.4699995826857685,0.3794778,0.25837493,False,True
chr20:50546000-50546600|0,0,0.4928912274780272,0.69046634,0.8255714,True,True
chr20:41423191-41423791|1,1,0.4296487714702691,0.66790575,0.997127,True,True
chr20:44534000-44534600|0,0,0.5277293002201149,0.29075703,0.14342764,True,True
chr21:40654000-40654600|0,0,0.4700285798622812,0.4064746,0.1462149,True,True
chr21:45963000-45963600|0,0,0.47871710435557857,0.5049601,0.5989678,True,True
chr20:8510000-8510600|0,0,0.41394904372650243,0.21700263,0.32003495,True,True
chr20:13486000-13486600|0,0,0.3587217545813625,0.60065556,0.36448953,True,True
chr21:22474000-22474600|0,0,0.3321997717425273,0.28550264,0.042007443,False,True
chr20:4258000-4258600|0,0,0.5329328868575667,0.27704123,0.19910993,True,True
chr20:44180976-44181576|1,1,0.5390076488244244,0.701805,0.4674513,True,True
chr20:23771000-23771600|0,0,0.5726126097847014,0.47907406,0.33692446,True,True
chr21:38366000-38366600|0,0,0.5346099907939541,0.60805464,0.6181618,True,True
chr20:32984798-32985398|1,1,0.7020175761436102,0.6918732,0.9643694,True,True
chr20:51858000-51858600|0,0,0.5976798384251231,0.07001859,0.051170688,True,True
chr20:10457930-10458530|1,1,0.41295819276963,0.46589375,0.89374113,True,True
chr21:42876401-42877001|1,1,0.5452577596511733,0.60668063,0.24276172,True,True
chr20:20666000-20666600|0,0,0.44659444173831786,0.33573395,0.44679755,False,True
chr20:13225000-13225600|0,0,0.45000635541170725,0.2143964,0.2255482,False,True
chr21:34210000-34210600|0,0,0.5207299865415335,0.43924353,0.07447557,True,True
chr20:38966000-38966600|0,0,0.5136048618436683,0.5115383,0.14145544,True,True
chr20:34576000-34576600|0,0,0.4673567625875527,0.17601831,0.25109115,True,True
chr20:61855000-61855600|0,0,0.7155159297554013,0.20405261,0.28388634,True,True
chr21:32813291-32813891|1,1,0.5515387825485955,0.86427784,0.9029827,True,True
chr20:13558707-13559307|1,1,0.2993337290267456,0.36618778,0.86981624,True,True
chr20:24318000-24318600|0,0,0.6457457666506012,0.214431,0.2244116,True,True
chr20:29489000-29489600|0,0,0.31013989327339164,0.5530849,0.04339178,False,False
chr20:32316018-32316618|1,1,0.538971169418812,0.67791855,0.9979261,True,True
chr20:31063000-31063600|0,0,0.459055999250105,0.013283408,0.05797606,True,True
chr21:28969165-28969765|1,1,0.38330214640902244,0.67870927,0.9884658,True,True
chr21:41679209-41679809|1,1,0.6499103609454082,0.479376,0.41686994,False,True
chr20:609412-610012|1,1,0.8117931947698147,0.98211884,0.9885485,False,True
chr20:52216000-52216600|0,0,0.4221875674688329,0.31526348,0.109813675,True,True
chr20:11705000-11705600|0,0,0.5168302502992336,0.07825487,0.027923113,False,True
chr21:16492000-16492600|0,0,0.4706994266826683,0.44995064,0.49480048,False,True
chr21:32489000-32489600|0,0,0.41073223847091056,0.09410319,0.05018731,True,True
chr20:35612000-35612600|0,0,0.637275932012752,0.4206463,0.2497937,True,True
chr20:54294000-54294600|0,0,0.3824622583438629,0.64438576,0.2734881,False,True
chr21:40144190-40144790|1,1,0.6783980026520675,0.956486,0.9968719,True,True
chr21:6997291-6997891|1,1,0.7567319911893572,0.9197923,0.9693234,False,True
chr20:42161051-42161651|1,1,0.6244804795320945,0.88253385,0.9755544,True,True
chr20:63180000-63180600|0,0,0.7688403291075879,0.56157506,0.38384795,True,True
chr20:34754421-34755021|1,1,0.4765017605557931,0.6971297,0.5234612,True,True
chr21:20678000-20678600|0,0,0.30918637377047364,0.23719339,0.33419886,False,False
chr21:28108000-28108600|0,0,0.40775336833008763,0.21605256,0.14079177,True,True
chr20:25231000-25231600|0,0,0.5727509326475951,0.23680925,0.20496488,True,True
chr20:34900000-34900600|0,0,0.5386751956980531,0.20058662,0.22742993,True,True
chr21:39238178-39238778|1,1,0.37777330295618133,0.6174664,0.9933635,True,True
chr20:60255000-60255600|0,0,0.6047734296157126,0.5898401,0.36661124,True,True
chr20:33837000-33837600|0,0,0.5712973918783196,0.20885088,0.08821121,True,True
chr21:31213097-31213697|1,1,0.41917887669646203,0.7655607,0.9906881,True,True
chr20:48651095-48651695|1,1,0.7134135927425951,0.84553486,0.9949169,False,True
chr20:21816000-21816600|0,0,0.3979902588076949,0.19880575,0.2595155,False,True
chr21:36021000-36021600|0,0,0.5784871268254765,0.6726407,0.4758186,True,True
chr21:18168000-18168600|0,0,0.5020842955473575,0.15249175,0.097421214,True,True
chr21:10795000-10795600|0,0,0.4079199870040996,0.03596561,0.06900177,False,True
chr20:52759000-52759600|0,0,0.48628473994514204,0.5041589,0.33642003,True,True
chr20:25693000-25693600|0,0,0.5575241151957125,0.35125086,0.59031284,True,True
chr20:48679059-48679659|1,1,0.653612502529591,0.6255446,0.95659506,True,True
chr20:18567295-18567895|1,1,0.669057569675139,0.99114054,0.99765813,True,True
chr20:31252000-31252600|0,0,0.3531846777442299,0.12812532,0.0026156115,True,True
chr20:55870000-55870600|0,0,0.3670985753791298,0.17470647,0.007894285,True,True
chr20:23579000-23579600|0,0,0.41334588249660703,0.23433028,0.021684589,True,True
chr21:39599040-39599640|1,1,0.617169467894051,0.34825572,0.39825085,True,True
chr20:61585000-61585600|0,0,0.5525133520605515,0.56068116,0.2512701,True,True
chr20:53336000-53336600|0,0,0.4579074119524283,0.7706752,0.2797421,True,True
chr20:12075000-12075600|0,0,0.5337715342495272,0.7193765,0.72006005,True,True
chr20:4861647-4862247|1,1,0.6192078482721656,0.81558514,0.9930214,True,True
chr20:62264417-62265017|1,1,0.5752308391826921,0.76400316,0.50492775,True,True
chr20:58888473-58889073|1,1,0.8171384387379816,0.9671842,0.8530616,False,True
chr21:6329306-6329906|1,1,0.4057670571292413,0.2801967,0.056205705,True,True
chr20:34290031-34290631|1,1,0.7001585759501869,0.7958579,0.99175054,False,True
chr21:38315000-38315600|0,0,0.4793391646627906,0.2791673,0.05630755,True,True
chr20:30819000-30819600|0,0,0.38063662585287283,0.184057,0.019901002,True,True
chr21:33951053-33951653|1,1,0.6441815101065284,0.6309685,0.16037385,True,True
chr20:51222000-51222600|0,0,0.6567823352529178,0.4038039,0.3381673,True,True
chr20:15937243-15937843|1,1,0.43691912370845687,0.36325485,0.92074263,True,True
chr21:44528151-44528751|1,1,0.7558361766497228,0.7460853,0.9790211,False,True
chr21:35321000-35321600|0,0,0.5588224173801255,0.8865948,0.65379894,True,True
chr20:57709173-57709773|1,1,0.8978419009057368,0.92857367,0.98983455,False,True
chr20:4696000-4696600|0,0,0.45193275170877245,0.5091072,0.2034517,False,True
chr20:35012707-35013307|1,1,0.6136520535442745,0.81245464,0.9508016,True,True
chr20:12897000-12897600|0,0,0.34650924186298876,0.48310494,0.31155205,True,True
chr21:17333000-17333600|0,0,0.4488100897682007,0.09884629,0.0008608264,False,True
chr21:37840357-37840957|1,1,0.41275568473987306,0.5192654,0.96014583,True,True
chr21:33276452-33277052|1,1,0.4913208536349326,0.67441875,0.6124566,True,True
chr21:40594000-40594600|0,0,0.4575269940788181,0.6270628,0.39245677,True,True
chr21:43948028-43948628|1,1,0.6444436265758332,0.93574303,0.9550607,True,True
chr20:63375000-63375600|0,0,0.7423279446497502,0.65831566,0.08712694,True,True
chr20:20675935-20676535|1,1,0.4046065785212381,0.5601756,0.90917945,True,True
chr21:15195106-15195706|1,1,0.5066624230842877,0.11580072,0.08626836,True,True
chr20:8024000-8024600|0,0,0.35868800741399703,0.44945374,0.19114271,True,True
chr21:16045000-16045600|0,0,0.35568665533269767,0.4384448,0.36192507,True,True
chr21:44808696-44809296|1,1,0.5668652387419033,0.8318761,0.9567142,True,True
chr20:53510000-53510600|0,0,0.6188532513715836,0.7239417,0.42941752,True,True
chr20:62941319-62941919|1,1,0.49801410009748476,0.89188147,0.995834,True,True
chr20:48213782-48214382|1,1,0.7504875073999246,0.85569644,0.48542184,True,True
chr20:62006209-62006809|1,1,0.7301822542829997,0.96759874,0.9981042,False,True
chr21:39105000-39105600|0,0,0.5576849761459023,0.65514404,0.4964594,True,True
chr20:46576000-46576600|0,0,0.593992706445194,0.66377354,0.55048764,False,True
chr20:2873459-2874059|1,1,0.8606084106479002,0.97149456,0.9633804,False,True
chr20:29822000-29822600|0,0,0.38137743614107783,0.26102033,0.013988985,False,True
chr21:40066000-40066600|0,0,0.5592929146495067,0.41193628,0.505185,True,True
chr21:45756000-45756600|0,0,0.41397117342842804,0.3303282,0.09699426,True,True
chr20:10180040-10180640|1,1,0.4861021337438819,0.26309443,0.3060854,True,True
chr20:64261000-64261600|0,0,0.5115304100812449,0.5010598,0.79331505,True,True
chr20:62238296-62238896|1,1,0.8917190989950919,0.9519721,0.9899726,False,True
chr20:32792469-32793069|1,1,0.683586840207924,0.5613131,0.9940917,True,True
chr21:14601722-14602322|1,1,0.3155473147083333,0.54828084,0.8977305,True,True
chr20:32870000-32870600|0,0,0.4875828316534871,0.60261256,0.6399656,False,True
chr21:39141000-39141600|0,0,0.5066720210763652,0.3834483,0.41233653,False,True
chr21:12168000-12168600|0,0,0.45354380767021446,0.053279232,0.0021590507,False,True
chr20:27765000-27765600|0,0,0.45487036221136784,0.05670936,0.00018647968,True,True
chr20:19912000-19912600|0,0,0.570998963090164,0.6602343,0.22624922,True,True
chr20:59364318-59364918|1,1,0.6930031067406468,0.77277887,0.28623033,True,True
chr20:3084254-3084854|1,1,0.7852584444168714,0.7950617,0.9614109,False,True
chr20:26516000-26516600|0,0,0.4467349499304441,0.0500885,0.00043392734,False,True
chr21:27645339-27645939|1,1,0.49747882486192824,0.181352,0.061940536,True,True
chr20:59849000-59849600|0,0,0.3393301309984553,0.34786615,0.23596577,True,True
chr20:36814825-36815425|1,1,0.6600625451543898,0.7918169,0.9790359,True,True
chr20:1105000-1105600|0,0,0.5986286028297946,0.24208382,0.38161972,True,True
chr20:28303000-28303600|0,0,0.44312094764490684,0.04441273,0.0003459024,False,True
chr20:46575272-46575872|1,1,0.678868898867393,0.71723205,0.9878997,True,True
chr21:39727691-39728291|1,1,0.5799671278009872,0.71170735,0.3712297,True,True
chr20:276492-277092|1,1,0.6751775282070438,0.78777844,0.99073446,True,True
chr21:33765711-33766311|1,1,0.4234117326016284,0.80356973,0.6284736,True,True
chr20:22744580-22745180|1,1,0.4700285798622812,0.27246064,0.9613665,True,True
chr20:12657000-12657600|0,0,0.5517147317925853,0.23758614,0.21101077,True,True
chr21:30567000-30567600|0,0,0.32512018119188896,0.3057864,0.03347654,True,True
chr20:46385823-46386423|1,1,0.5814247134399438,0.5235538,0.94814503,True,True
chr20:17724850-17725450|1,1,0.6598684346976746,0.8462364,0.9866019,False,True
chr21:12642000-12642600|0,0,0.4499345918011898,0.07030649,0.00021951341,True,True
chr21:21870000-21870600|0,0,0.3585022712031702,0.13481693,0.024896298,True,True
chr20:13586949-13587549|1,1,0.3408779685875678,0.53175175,0.79307187,True,True
chr20:63789520-63790120|1,1,0.7557464724815892,0.96983296,0.9614716,False,True
chr21:43306000-43306600|0,0,0.7469887068293227,0.82729775,0.47683278,True,True
chr21:34732608-34733208|1,1,0.5084346703594186,0.46184036,0.5411371,True,True
chr21:39508726-39509326|1,1,0.4590577929764179,0.85960233,0.7063848,True,True
chr21:21300000-21300600|0,0,0.440622965922375,0.6149971,0.26896685,True,True
chr21:39867209-39867809|1,1,0.574029752435348,0.7902616,0.8829072,True,True
chr20:3918495-3919095|1,1,0.5325492263783437,0.5133986,0.94117016,True,True
chr20:48693000-48693600|0,0,0.5650890799264875,0.6754994,0.41432378,True,True
chr20:25444000-25444600|0,0,0.525132069965145,0.15144607,0.21647216,True,True
chr21:29030472-29031072|1,1,0.41704537245631523,0.7815183,0.9874964,True,True
chr21:33510951-33511551|1,1,0.5468186766373961,0.74477726,0.9916231,True,True
chr20:24279000-24279600|0,0,0.3895332989904966,0.5502957,0.10680327,True,True
chr21:36387429-36388029|1,1,0.5518666940246488,0.4319921,0.9216871,True,True
chr21:17441542-17442142|1,1,0.4511620170457992,0.60712636,0.2104393,True,True
chr20:29159000-29159600|0,0,0.42529130573464347,0.038348824,0.02651698,True,True
chr21:7129000-7129600|0,0,0.667618886434555,0.9200073,0.9985293,True,True
chr20:36087412-36088012|1,1,0.5997500037920335,0.058523327,0.029185262,True,True
chr21:35180000-35180600|0,0,0.4059713310139914,0.67903787,0.3490768,True,True
chr20:42447919-42448519|1,1,0.5284376596611745,0.71104586,0.9401004,True,True
chr20:30159000-30159600|0,0,0.429053913516108,0.41309696,0.017541429,False,True
chr20:35863099-35863699|1,1,0.4543014128055774,0.66351086,0.9432681,True,True
chr20:32028627-32029227|1,1,0.6863652406423705,0.56155014,0.8707743,False,True
chr20:28375000-28375600|0,0,0.45050742173871305,0.03572063,0.0010607662,True,True
chr21:38937509-38938109|1,1,0.6339411186469337,0.8588104,0.89339095,True,True
chr20:483627-484227|1,1,0.5430745959214417,0.86359286,0.9665354,True,True
chr20:63591721-63592321|1,1,0.7201029541575583,0.9748931,0.9702746,False,True
chr21:42231000-42231600|0,0,0.5765490048269386,0.7079713,0.275668,False,True
chr20:9390314-9390914|1,1,0.39086084025059065,0.3948514,0.44549915,True,True
chr20:24918000-24918600|0,0,0.7421614461180192,0.9452826,0.61336714,True,True
chr21:38010177-38010777|1,1,0.5585315858406223,0.3929284,0.45756516,True,True
chr20:6666000-6666600|0,0,0.439062623188799,0.29515842,0.20804015,True,True
chr20:60366000-60366600|0,0,0.46681544721533813,0.5741775,0.30269238,False,True
chr20:1611056-1611656|1,1,0.6439193071733569,0.9366323,0.9932753,True,True
chr21:21975259-21975859|1,1,0.49343066094695537,0.33681893,0.20321672,True,True
chr20:10579000-10579600|0,0,0.42500739117491265,0.35296148,0.03993812,True,True
chr20:23324702-23325302|1,1,0.6177310437805382,0.63030165,0.42083615,True,True
chr20:29339000-29339600|0,0,0.286175298407205,0.12318099,0.06279179,False,False
chr20:50984000-50984600|0,0,0.5539821791753508,0.3987818,0.25590762,True,True
chr20:33957000-33957600|0,0,0.5214745013606471,0.046498545,0.035698112,True,True
chr21:23361724-23362324|1,1,0.40501670353000435,0.28347063,0.22214988,True,True
chr20:48409277-48409877|1,1,0.5435688889204756,0.3301051,0.0832802,True,True
chr21:31463682-31464282|1,1,0.5344423149782065,0.70398915,0.8438351,True,True
chr20:31504000-31504600|0,0,0.6313339005720691,0.19578467,0.1682104,True,True
chr20:46366735-46367335|1,1,0.6125166712715049,0.68245286,0.7630266,True,True
chr20:2072000-2072600|0,0,0.4719953458747942,0.108198665,0.13342133,False,True
chr21:41370344-41370944|1,1,0.5565087297655784,0.6932847,0.5718626,True,True
chr20:46858000-46858600|0,0,0.4497685234484948,0.32090932,0.079766124,False,True
chr20:18213000-18213600|0,0,0.5757777629416775,0.50389427,0.36396214,False,True
chr21:29972000-29972600|0,0,0.48364031710548877,0.51536053,0.05043446,True,True
chr20:31435000-31435600|0,0,0.4590461645065474,0.57957774,0.28207025,False,True
chr21:7936000-7936600|0,0,0.4539302318436338,0.023320915,0.005378228,True,True
chr20:20070703-20071303|1,1,0.5874298431235944,0.69009876,0.9851217,True,True
chr20:3477000-3477600|0,0,0.6267850682639203,0.19789292,0.12162093,True,True
chr20:51879000-51879600|0,0,0.5077161790909838,0.097724855,0.19512132,True,True
chr20:51678000-51678600|0,0,0.6649471905769719,0.7072142,0.39757055,True,True
chr21:31321000-31321600|0,0,0.6561494749143345,0.37903607,0.48477507,True,True
chr21:22939000-22939600|0,0,0.4367243756627566,0.34732428,0.1246308,True,True
chr20:27837000-27837600|0,0,0.44804361610169374,0.049463302,0.000113626695,False,True
chr21:31939919-31940519|1,1,0.33690474736251685,0.45522887,0.92849153,True,True
chr20:35630138-35630738|1,1,0.5926505655229105,0.51568174,0.6837564,True,True
chr20:34749102-34749702|1,1,0.4526089096502873,0.5021018,0.9489394,True,True
chr21:38531000-38531600|0,0,0.5138697625795208,0.7152272,0.6379798,False,True
chr20:17429222-17429822|1,1,0.4558599631573993,0.60611415,0.969558,True,True
chr20:1993610-1994210|1,1,0.6914080287539054,0.7680803,0.9161861,False,True
chr21:24279000-24279600|0,0,0.3909590791456943,0.652735,0.15866067,True,True
chr20:41271903-41272503|1,1,0.35299904350398476,0.6875135,0.32543743,True,True
chr21:14739952-14740552|1,1,0.39261258955178807,0.5311891,0.9095935,True,True
chr20:9939000-9939600|0,0,0.4026348803832632,0.20206013,0.13306153,True,True
chr20:34634314-34634914|1,1,0.4380880184218423,0.78360313,0.96389174,True,True
chr21:26052935-26053535|1,1,0.49805059355917874,0.79650724,0.9915285,True,True
chr20:54558000-54558600|0,0,0.37848244525598984,0.55153376,0.24967365,False,True
chr20:49984050-49984650|1,1,0.7131262230276265,0.81857115,0.993619,False,True
chr20:46102000-46102600|0,0,0.535556595655375,0.36534706,0.2658938,True,True
chr21:41476276-41476876|1,1,0.609419371812068,0.90082264,0.9907808,True,True
chr21:31609000-31609600|0,0,0.5735679443929128,0.8242127,0.33340305,True,True
chr21:29936000-29936600|0,0,0.4446187815834365,0.4146764,0.11685113,True,True
chr21:15054000-15054600|0,0,0.36890510983919167,0.85889196,0.7087399,True,True
chr21:46576000-46576600|0,0,0.47908641208636477,0.17807572,0.11065169,True,True
chr21:45981646-45982246|1,1,0.8656276973034195,0.8839347,0.9395704,False,True
chr20:37738000-37738600|0,0,0.4954087049815807,0.46641764,0.21340106,False,True
chr21:29144000-29144600|0,0,0.5565785405789263,0.3071325,0.14962508,True,True
chr20:21651512-21652112|1,1,0.5578610445883361,0.613089,0.065142736,True,True
chr20:16859003-16859603|1,1,0.4637858854033132,0.2092017,0.27792323,True,True
chr20:35171923-35172523|1,1,0.6922414102040101,0.70235926,0.8911432,False,True
chr20:8861000-8861600|0,0,0.42331442782075607,0.26496682,0.14130269,False,True
chr20:59774189-59774789|1,1,0.6133237706687912,0.89946705,0.9977126,True,True
chr20:22627000-22627600|0,0,0.46527958288870025,0.10574716,0.10218504,True,True
chr21:29144000-29144600|0,0,0.5565785405789263,0.3071325,0.14962508,True,True
chr20:35741640-35742240|1,1,0.7527644587122284,0.98112464,0.9673127,False,True
chr20:64083282-64083882|1,1,0.8431655662356591,0.9699176,0.99991477,False,True
chr21:15115455-15116055|1,1,0.5084817379002339,0.44764644,0.19191694,True,True
chr20:19579773-19580373|1,1,0.5743013109669167,0.6654219,0.9534432,True,True
chr21:38288000-38288600|0,0,0.5126324013723293,0.33277762,0.38524032,True,True
chr20:56000430-56001030|1,1,0.3503013856897074,0.55931085,0.2797958,True,True
chr20:57219000-57219600|0,0,0.6392267098683395,0.31308857,0.45917332,True,True
chr21:46511313-46511913|1,1,0.5502387418424066,0.68093187,0.76957357,True,True
chr20:51000466-51001066|1,1,0.5649702118011858,0.82251793,0.97829676,True,True
chr21:41338200-41338800|1,1,0.572906035334897,0.85344386,0.9925707,True,True
chr21:17258000-17258600|0,0,0.35568665533269767,0.4635884,0.10275854,True,True
chr21:9343231-9343831|1,1,0.5483067888250387,0.32276848,0.33590242,True,True
chr21:42273134-42273734|1,1,0.7781256880728734,0.9283039,0.9928538,False,True
chr20:38702000-38702600|0,0,0.667618886434555,0.42771173,0.24070443,True,True
chr20:31770170-31770770|1,1,0.38099414490069267,0.45591936,0.8847727,True,True
chr21:12144000-12144600|0,0,0.44027547595873495,0.05037594,0.0009250133,True,True
chr20:62909398-62909998|1,1,0.5818601124836332,0.5449175,0.9959235,True,True
chr21:26174000-26174600|0,0,0.5541315405010052,0.3812852,0.16618286,True,True
chr20:29732000-29732600|0,0,0.39767571287497966,0.22928843,0.008834774,True,True
chr20:18306092-18306692|1,1,0.5945842943186831,0.70436174,0.96213514,True,True
chr21:7114000-7114600|0,0,0.5547876593672507,0.56561637,0.09285176,True,True
chr20:35738667-35739267|1,1,0.38179890460415455,0.689195,0.9047383,True,True
chr21:43732346-43732946|1,1,0.554304405514617,0.4388795,0.36834776,True,True
chr21:31585000-31585600|0,0,0.5787064872978175,0.32961926,0.22234188,False,True
chr20:60489000-60489600|0,0,0.6689174625050237,0.5284597,0.50875545,True,True
chr20:50885000-50885600|0,0,0.6354071987862564,0.40388566,0.107637554,True,True
chr21:38165000-38165600|0,0,0.4806267159944805,0.67503345,0.70322704,True,True
chr21:33538870-33539470|1,1,0.5718313543782454,0.29702714,0.8956987,True,True
chr21:29828000-29828600|0,0,0.462471215038424,0.20505911,0.20899676,True,True
chr20:3808301-3808901|1,1,0.49908466299795984,0.5381266,0.3892479,True,True
chr20:34951423-34952023|1,1,0.6226318340964221,0.8291703,0.90338457,True,True
chr20:54714000-54714600|0,0,0.28983381406564646,0.35487917,0.09243806,False,False
chr20:31489000-31489600|0,0,0.5381430190667161,0.20475042,0.05989466,True,True
chr20:19693124-19693724|1,1,0.5352225671401126,0.82274884,0.9963967,True,True
chr20:12258000-12258600|0,0,0.4948263568389914,0.61015445,0.37764728,True,True
chr20:15270000-15270600|0,0,0.43975849450314747,0.34227288,0.16263951,True,True
chr21:33867030-33867630|1,1,0.5727509326475951,0.73744845,0.91047305,True,True
chr20:13126416-13127016|1,1,0.4715216716865025,0.391065,0.28672275,True,True
chr21:39255344-39255944|1,1,0.4371255570114114,0.67509204,0.98068583,True,True
chr20:16876000-16876600|0,0,0.46452481182740823,0.577327,0.5224723,True,True
chr20:3549037-3549637|1,1,0.327981661751365,0.4424178,0.9867954,True,True
chr20:51862524-51863124|1,1,0.618572817909297,0.3089812,0.39170834,True,True
chr21:42539346-42539946|1,1,0.5984257152041238,0.9530817,0.9990404,True,True
chr20:20524105-20524705|1,1,0.5447219039422323,0.5070516,0.95453626,True,True
chr21:40295754-40296354|1,1,0.45392459454108647,0.62648904,0.991189,True,True
chr20:49228587-49229187|1,1,0.6671667449256328,0.653174,0.9943995,False,True
chr21:5069000-5069600|0,0,0.7013049621828994,0.27887484,0.19548748,True,True
chr20:36632294-36632894|1,1,0.7147983125610263,0.84959495,0.93858993,False,True
chr20:23394621-23395221|1,1,0.5099990694369885,0.57993543,0.992859,True,True
chr20:45201000-45201600|0,0,0.4781631865023918,0.1741966,0.19660845,True,True
chr20:47372000-47372600|0,0,0.6270586203172344,0.34573227,0.16717076,True,True
chr21:34180492-34181092|1,1,0.5658823734360048,0.5021336,0.6625412,True,True
chr21:15977327-15977927|1,1,0.3275378528120424,0.18161365,0.25510558,True,True
chr20:15837000-15837600|0,0,0.4673567625875527,0.40256768,0.51580834,True,True
chr20:32201618-32202218|1,1,0.6136520535442745,0.3784509,0.454532,True,True
chr21:23057000-23057600|0,0,0.4229919878601579,0.33596805,0.15901434,True,True
chr20:10987230-10987830|1,1,0.41899298130127993,0.33988026,0.058954973,True,True
chr21:43882314-43882914|1,1,0.6858315180007692,0.79176176,0.84165686,False,True
chr21:44375712-44376312|1,1,0.7046852321718986,0.94585955,0.99775463,False,True
chr20:58588000-58588600|0,0,0.45723883589375874,0.017795445,0.0065034498,False,True
chr21:14299380-14299980|1,1,0.4509191356740538,0.53542143,0.7985307,True,True
chr20:45418678-45419278|1,1,0.6721005661345116,0.5193127,0.9527107,False,True
chr20:35003109-35003709|1,1,0.7678240127029061,0.9199978,0.9999825,False,True
chr20:57365141-57365741|1,1,0.38272359739554684,0.61007375,0.8575713,True,True
chr20:38576000-38576600|0,0,0.4622614870722958,0.6446536,0.73733795,True,True
chr20:30345000-30345600|0,0,0.5323267742345386,0.39125654,0.2967515,True,True
chr21:33343121-33343721|1,1,0.35517574385486833,0.77740425,0.99971193,True,True
chr20:47942000-47942600|0,0,0.6078413065576448,0.29190484,0.062322006,True,True
chr20:44006491-44007091|1,1,0.6643726610274243,0.8590767,0.9977729,True,True
chr20:25057468-25058068|1,1,0.8555724364469458,0.9855283,0.98007077,False,True
chr20:4681000-4681600|0,0,0.5121659572766043,0.38922095,0.1689842,True,True
chr21:40399000-40399600|0,0,0.4766863384344127,0.079171315,0.099634565,True,True
chr20:438249-438849|1,1,0.671006735879213,0.83362985,0.9893634,True,True
chr20:23369440-23370040|1,1,0.633671406010643,0.9236073,0.95912415,True,True
chr20:18057234-18057834|1,1,0.8488677186913438,0.88619035,0.9928203,False,True
chr21:41507273-41507873|1,1,0.8238423639847972,0.98032606,0.98594636,False,True
chr20:36461209-36461809|1,1,0.9048358392302372,0.91571474,0.97442573,False,True
chr21:14723975-14724575|1,1,0.41596784056542435,0.12961406,0.14872661,True,True
chr20:18426766-18427366|1,1,0.4570083070111333,0.4848753,0.95366555,True,True
chr20:64062202-64062802|1,1,0.744900535184951,0.5850543,0.47267935,False,True
chr21:13240000-13240600|0,0,0.3686453716906872,0.4668539,0.03997022,True,True
chr20:28585998-28586598|1,1,0.3580704132076122,0.7728853,0.8541191,True,True
chr20:62933000-62933600|0,0,0.4738473096242525,0.36450788,0.13019882,False,True
chr20:37036000-37036600|0,0,0.5135067241069144,0.22143543,0.21952434,True,True
chr20:21501000-21501600|0,0,0.6131499487158008,0.6484035,0.81778395,True,True
chr20:63630000-63630600|0,0,0.6534220706579972,0.18267824,0.03202062,True,True
chr20:27906000-27906600|0,0,0.4506983942885985,0.04817876,0.012224474,True,True
chr21:41468095-41468695|1,1,0.6175255337009596,0.87620723,0.9913395,True,True
chr20:33710254-33710854|1,1,0.7111075961270902,0.6334282,0.99573874,False,True
chr20:53940297-53940897|1,1,0.48281590370939387,0.59901,0.15146542,True,True
chr20:45515232-45515832|1,1,0.6109951508490458,0.47218254,0.39769885,True,True
chr20:45685601-45686201|1,1,0.6661063867659452,0.4833738,0.9805566,True,True
chr20:17801000-17801600|0,0,0.48136257626150647,0.2843434,0.26938894,False,True
chr21:41397390-41397990|1,1,0.5843025274674619,0.73209566,0.78083026,True,True
chr20:3849000-3849600|0,0,0.6048623416107999,0.19889554,0.1392385,True,True
chr20:9756000-9756600|0,0,0.47100614002186936,0.43271697,0.59059817,True,True
chr20:10049911-10050511|1,1,0.3996956163107952,0.6190202,0.9617377,True,True
chr20:17624275-17624875|1,1,0.7237209499661579,0.35332155,0.9670037,True,True
chr20:57183421-57184021|1,1,0.6601876921508856,0.94507354,0.99295056,True,True
chr20:32228154-32228754|1,1,0.680528167874503,0.56134653,0.9486616,False,True
chr21:44177179-44177779|1,1,0.7149914799677685,0.698618,0.16891447,False,True
chr20:11216000-11216600|0,0,0.4108111932683956,0.3447817,0.40297067,True,True
chr21:45832307-45832907|1,1,0.5822575138532693,0.5866475,0.4358065,True,True
chr20:55345000-55345600|0,0,0.42762488127182063,0.44303814,0.3921951,True,True
chr21:37888000-37888600|0,0,0.556738895188544,0.35360387,0.34246486,True,True
chr20:64259877-64260477|1,1,0.5577332240677254,0.84232974,0.99959224,True,True
chr21:24972000-24972600|0,0,0.38105367023693587,0.3523407,0.03352446,True,True
chr21:19897722-19898322|1,1,0.34541246748414745,0.39281106,0.3534444,True,True
chr21:31202607-31203207|1,1,0.45790671375984565,0.30506635,0.9932829,True,True
chr20:38090000-38090600|0,0,0.500512091557268,0.51690817,0.68204945,True,True
chr20:58237910-58238510|1,1,0.4120362694362021,0.67644376,0.8654841,True,True
chr21:18352602-18353202|1,1,0.33266011834177994,0.5011395,0.9294448,True,True
chr20:52921000-52921600|0,0,0.5274684879451638,0.6084082,0.13934341,True,True
chr21:39300000-39300600|0,0,0.5344423149782065,0.2680982,0.22681233,True,True
chr20:54720000-54720600|0,0,0.33310742981771363,0.39047024,0.10622584,True,True
chr21:39409678-39410278|1,1,0.44434068097316104,0.3981759,0.96527064,True,True
chr20:45462000-45462600|0,0,0.4845568159638329,0.3061549,0.0322458,True,True
chr21:36079004-36079604|1,1,0.5974052274962399,0.8002518,0.8472198,True,True
chr20:48366332-48366932|1,1,0.5726126097847014,0.12128074,0.6423779,True,True
chr20:10489000-10489600|0,0,0.46584576573949715,0.69896996,0.61943734,True,True
chr20:16450000-16450600|0,0,0.4833865993361935,0.48164833,0.36575764,False,True
chr20:57009000-57009600|0,0,0.6606880563795703,0.52250654,0.4986141,True,True
chr21:28915000-28915600|0,0,0.4532219234176114,0.30006233,0.26486728,False,True
chr21:31741000-31741600|0,0,0.4193759148755409,0.1428455,0.020236747,True,True
chr21:46546741-46547341|1,1,0.6153421917477219,0.8610239,0.9779595,True,True
chr20:21399065-21399665|1,1,0.3516683946855123,0.876264,0.9746926,True,True
chr20:33231000-33231600|0,0,0.5386222564887337,0.14147808,0.029472616,True,True
chr20:4867469-4868069|1,1,0.49769233212334074,0.39650446,0.61333466,True,True
chr20:342000-342600|0,0,0.5767788681189925,0.40195578,0.6897027,True,True
chr21:43021130-43021730|1,1,0.6380800876023593,0.9445382,0.9946833,True,True
chr20:26108000-26108600|0,0,0.42082220523412045,0.30533993,0.023888228,True,True
chr20:13750000-13750600|0,0,0.5622330327288987,0.4253051,0.1429612,True,True
chr20:8789274-8789874|1,1,0.4700768485991206,0.23590311,0.94433784,True,True
chr20:47642083-47642683|1,1,0.4339842119044408,0.46671218,0.9950936,True,True
chr21:46458026-46458626|1,1,0.7933542718814859,0.9887722,0.9861135,False,True
chr20:28033000-28033600|0,0,0.4429281355283436,0.044994667,0.00013006729,False,True
chr21:5537000-5537600|0,0,0.5702673639879006,0.59289336,0.26452446,True,True
chr21:12162000-12162600|0,0,0.4311523740710911,0.039646983,0.005553455,False,True
chr20:36940738-36941338|1,1,0.3733572827567758,0.38067645,0.80663896,True,True
chr20:35900000-35900600|0,0,0.42950475924314147,0.3677015,0.43869728,True,True
chr21:19018000-19018600|0,0,0.3375653708958144,0.4947858,0.0985138,True,True
chr21:44495000-44495600|0,0,0.6292832909682933,0.78335404,0.5470366,True,True
chr20:58240214-58240814|1,1,0.4163719407866694,0.6226805,0.7807716,True,True
chr20:23879145-23879745|1,1,0.6931936110015413,0.6686375,0.97192657,True,True
chr20:1603509-1604109|1,1,0.5300428411508797,0.94705427,0.9918772,True,True
chr21:13630806-13631406|1,1,0.3443993152853143,0.60567784,0.7163784,True,True
chr20:34249698-34250298|1,1,0.582319479873535,0.5261394,0.16851307,True,True
chr21:45267289-45267889|1,1,0.6203247253031574,0.8943949,0.99811244,True,True
chr20:13606000-13606600|0,0,0.4969758167282289,0.3626337,0.50962645,True,True
chr20:1817268-1817868|1,1,0.68205786810459,0.48578933,0.42170724,False,True
chr21:44098233-44098833|1,1,0.5814944408632877,0.33796465,0.87118924,True,True
chr21:41318000-41318600|0,0,0.6019825045866879,0.71696675,0.9565939,True,True
chr20:50057000-50057600|0,0,0.6826497174064258,0.7894809,0.65383124,True,True
chr20:10852000-10852600|0,0,0.4891549469642438,0.3143478,0.1885588,True,True
chr20:56397183-56397783|1,1,0.5071893090723077,0.55000114,0.9999069,True,True
chr21:40975000-40975600|0,0,0.502069501925983,0.49283195,0.42964596,False,True
chr21:11990000-11990600|0,0,0.44974367790980857,0.047624152,0.004935582,True,True
chr20:35780000-35780600|0,0,0.5793223630407593,0.14768784,0.2090493,False,True
chr21:45336514-45337114|1,1,0.6894332684211892,0.8529979,0.607886,False,True
chr20:38516069-38516669|1,1,0.39675580755209844,0.53105783,0.9916671,True,True
chr21:37147302-37147902|1,1,0.4580965919677917,0.25606713,0.75897807,True,True
chr21:44773246-44773846|1,1,0.6635041298595694,0.80350506,0.972097,True,True
chr20:20629062-20629662|1,1,0.4903029164934233,0.7502662,0.9891143,True,True
chr20:41756000-41756600|0,0,0.36844375891029063,0.21957494,0.021247085,True,True
chr20:13027000-13027600|0,0,0.5398959559913885,0.7646278,0.30441386,True,True
chr21:37505288-37505888|1,1,0.4770555132461937,0.9292141,0.9971879,True,True
chr21:7222000-7222600|0,0,0.3980893364040627,0.14573635,0.0050676716,False,True
chr20:45948869-45949469|1,1,0.7329920386448117,0.955057,0.9998934,False,True
chr20:1135005-1135605|1,1,0.6740071853395169,0.78830194,0.9943429,True,True
chr20:41084267-41084867|1,1,0.3919922323083444,0.69337267,0.9762788,True,True
chr21:46565586-46566186|1,1,0.6945487002114659,0.943227,0.99539906,False,True
chr20:14426000-14426600|0,0,0.3433780368111046,0.17731528,0.0096974345,True,True
chr20:47780000-47780600|0,0,0.626232348909912,0.14066611,0.095302746,True,True
chr20:9585000-9585600|0,0,0.41660831135443493,0.28481537,0.20937163,True,True
chr21:24816000-24816600|0,0,0.33420152143889026,0.72179735,0.41727585,False,True
chr20:58840585-58841185|1,1,0.7877480602565935,0.9700936,0.99762976,False,True
chr20:63111000-63111600|0,0,0.5481252171491591,0.2733537,0.22524586,True,True
chr20:49330429-49331029|1,1,0.5015232951324251,0.13892464,0.29601854,True,True
chr20:13623145-13623745|1,1,0.35329887015152567,0.3304478,0.90907776,True,True
chr20:31378051-31378651|1,1,0.5588106621163365,0.554805,0.637534,True,True
chr21:10521393-10521993|1,1,0.8436732869051772,0.9321881,0.9777269,False,True
chr20:42546000-42546600|0,0,0.4195921676921992,0.6155328,0.2309107,True,True
chr20:38783000-38783600|0,0,0.4248683748413378,0.14078636,0.13514549,False,True
chr20:54336000-54336600|0,0,0.3174808319997617,0.07512152,0.0010150544,False,False
chr20:9147000-9147600|0,0,0.47474312636089516,0.13375264,0.114101276,False,True
chr21:46636246-46636846|1,1,0.40775336833008763,0.67636204,0.5975978,True,True
chr20:3204236-3204836|1,1,0.7587982850283471,0.92932916,0.98689574,True,True
chr21:29018910-29019510|1,1,0.7497528099269106,0.97717696,0.98640776,True,True
chr20:30327000-30327600|0,0,0.4973004010070478,0.5290849,0.24098188,True,True
chr20:12435000-12435600|0,0,0.4513027903735271,0.40742078,0.31001967,False,True
chr20:56987000-56987600|0,0,0.5274185736120454,0.6657171,0.49184632,True,True
chr21:25375000-25375600|0,0,0.32803192090726013,0.1314568,0.17312394,True,True
chr20:34450698-34451298|1,1,0.4933934849149416,0.26988417,0.114871874,True,True
chr20:22717000-22717600|0,0,0.44617635977615067,0.4171017,0.2532923,True,True
chr20:32079576-32080176|1,1,0.6743691896270944,0.86641085,0.8645533,False,True
chr21:23996000-23996600|0,0,0.3724755619509965,0.31652316,0.04406846,False,True
chr20:38639085-38639685|1,1,0.6574783902384461,0.6025833,0.9854403,False,True
chr20:25504587-25505187|1,1,0.6878232415870449,0.8564769,0.98921144,True,True
chr20:25786400-25787000|1,1,0.6808886186964807,0.752622,0.40921253,True,True
chr21:10726000-10726600|0,0,0.5064334151873352,0.030569823,0.01030052,False,True
chr20:20472528-20473128|1,1,0.44131257566825044,0.8004515,0.9064683,True,True
chr20:38648397-38648997|1,1,0.6549504352899872,0.7310519,0.93363285,True,True
chr21:5378000-5378600|0,0,0.42608273003197555,0.05706763,0.114900246,False,True
chr21:42717000-42717600|0,0,0.4781094745468996,0.12176179,0.27781945,False,True
chr20:1075000-1075600|0,0,0.49712197783972006,0.15221906,0.25093552,True,True
chr20:17948589-17949189|1,1,0.4390914784237961,0.68430513,0.9946068,True,True
chr21:42657000-42657600|0,0,0.715620749924076,0.8040558,0.81267935,True,True
chr20:29300000-29300600|0,0,0.7645791307285734,0.9749877,0.9651918,True,True
chr20:21297000-21297600|0,0,0.5151156872825954,0.5216268,0.26346776,True,True
chr21:32366317-32366917|1,1,0.6104672919146696,0.6137119,0.9794566,True,True
chr21:37221296-37221896|1,1,0.6023913511764458,0.87354964,0.86646205,True,True
chr21:10592072-10592672|1,1,0.5276743855131137,0.55369544,0.8397399,True,True
chr20:53975088-53975688|1,1,0.4526089096502873,0.74543613,0.779377,True,True
chr21:7600000-7600600|0,0,0.555270809639788,0.26161993,0.30502677,True,True
chr20:3159465-3160065|1,1,0.7470954146634697,0.9890416,0.9977457,True,True
chr20:36154595-36155195|1,1,0.8634527062310402,0.9739024,0.9808179,False,True
chr20:13816245-13816845|1,1,0.479890939767607,0.75344855,0.9429479,True,True
chr20:13762000-13762600|0,0,0.31862117483137636,0.5927367,0.16593343,False,False
chr20:38915000-38915600|0,0,0.47871710435557857,0.28855598,0.21661462,True,True
chr20:9381000-9381600|0,0,0.49450957251682176,0.42543167,0.3845407,False,True
chr20:50619685-50620285|1,1,0.664496646340947,0.8993988,0.99314463,True,True
chr20:25461221-25461821|1,1,0.6600641966636224,0.94390094,0.97411335,True,True
chr20:52452018-52452618|1,1,0.5201705279016815,0.5758099,0.54617614,True,True
chr21:41856875-41857475|1,1,0.5500837792300686,0.8902684,0.99699795,True,True
chr20:41750000-41750600|0,0,0.6247555968261645,0.6387464,0.80444,True,True
chr20:2558473-2559073|1,1,0.8216817831977149,0.958182,0.9819165,False,True
chr20:47647065-47647665|1,1,0.48866991931237147,0.8291761,0.991839,True,True
chr21:29480000-29480600|0,0,0.5115831125120927,0.25534546,0.12123429,True,True
chr21:41090000-41090600|0,0,0.5022963627914254,0.4952437,0.17470598,True,True
chr20:51135000-51135600|0,0,0.5262293516321829,0.2651555,0.21813631,True,True
chr21:45285377-45285977|1,1,0.6871318363985334,0.9657655,0.9975696,False,True
chr20:3648000-3648600|0,0,0.624380958433276,0.5028789,0.42413357,True,True
chr20:64204796-64205396|1,1,0.676612904970909,0.7836535,0.759619,True,True
chr20:18393410-18394010|1,1,0.4616912524344412,0.664446,0.93942195,True,True
chr21:18843000-18843600|0,0,0.37479738843429083,0.13787122,0.08391315,False,True
chr21:23798000-23798600|0,0,0.5047248942804233,0.24079113,0.23929963,False,True
chr20:64237089-64237689|1,1,0.6878232415870449,0.9043125,0.89447343,True,True
chr21:37996000-37996600|0,0,0.5087698665413436,0.5775002,0.41520828,True,True
chr20:5573614-5574214|1,1,0.4660407675511132,0.54123646,0.8638534,True,True
chr20:50604344-50604944|1,1,0.6919005297976755,0.8731301,0.97555506,False,True
chr20:20618976-20619576|1,1,0.40099061094121896,0.60045254,0.9353443,True,True
chr21:29581124-29581724|1,1,0.48427628382100607,0.5450536,0.14084303,True,True
chr20:53777000-53777600|0,0,0.5598083338354013,0.15186892,0.029410128,True,True
chr20:40534000-40534600|0,0,0.5775523196343642,0.31591895,0.15346801,True,True
chr21:23072000-23072600|0,0,0.38691047159259284,0.16815327,0.08065502,False,True
chr20:49151281-49151881|1,1,0.5015826587712927,0.771901,0.9874008,True,True
chr20:32427947-32428547|1,1,0.548124719132235,0.90067077,0.9981085,True,True
chr20:32795233-32795833|1,1,0.6622503690943813,0.7630584,0.9982014,False,True
chr21:41898752-41899352|1,1,0.7639759198122367,0.9479516,0.99686384,False,True
chr21:19681000-19681600|0,0,0.49712197783972006,0.394616,0.23609647,True,True
chr20:4933000-4933600|0,0,0.49217200881639966,0.10087722,0.06509788,False,True
chr20:33564000-33564600|0,0,0.5150889166653636,0.38756755,0.50540775,False,True
chr20:54825000-54825600|0,0,0.34289443952943977,0.5500943,0.4374116,False,True
chr20:64195753-64196353|1,1,0.5517253391289765,0.75873613,0.24881977,True,True
chr21:17867000-17867600|0,0,0.43083909546408794,0.24967085,0.022056082,False,True
chr21:35726000-35726600|0,0,0.3882164706570618,0.51609,0.49971506,True,True
chr20:62857094-62857694|1,1,0.6254026846620403,0.91637266,0.9296337,True,True
chr20:25955568-25956168|1,1,0.4736092050322893,0.5135884,0.056506403,True,True
chr20:31937208-31937808|1,1,0.6640005691315988,0.4614603,0.87603205,True,True
chr21:32132000-32132600|0,0,0.5547876593672507,0.34509835,0.28639045,True,True
chr21:36333417-36334017|1,1,0.47687092268128056,0.44107398,0.54384446,True,True
chr20:47018000-47018600|0,0,0.6098961647104894,0.6032498,0.4614861,True,True
chr20:52234631-52235231|1,1,0.5414158282327559,0.24466638,0.38562605,True,True
chr20:19525000-19525600|0,0,0.6367419455964962,0.49083635,0.42986903,True,True
chr20:51712665-51713265|1,1,0.7281148236529327,0.9477472,0.992008,False,True
chr21:36933000-36933600|0,0,0.601079266965219,0.28470847,0.21325383,True,True
chr20:39813285-39813885|1,1,0.5598083338354013,0.61571366,0.23712538,True,True
chr20:28345000-28345600|0,0,0.4609419262037881,0.08668821,0.00023363385,True,True
chr20:32675000-32675600|0,0,0.6582158966331418,0.54669327,0.54321605,True,True
chr20:31336000-31336600|0,0,0.46434259573676245,0.27032518,0.0018820327,True,True
chr21:46182323-46182923|1,1,0.8101772897543146,0.9667721,0.99559456,False,True
chr21:15843000-15843600|0,0,0.3193838186442692,0.36379564,0.12309475,False,False
chr20:8693000-8693600|0,0,0.46150738635216426,0.33926427,0.28202558,False,True
chr21:44382519-44383119|1,1,0.6468916074003453,0.89255095,0.99253064,True,True
chr21:18786000-18786600|0,0,0.3718314192482633,0.28161693,0.18946066,True,True
chr20:51570000-51570600|0,0,0.6571002796102516,0.69915557,0.6114591,True,True
chr21:20795000-20795600|0,0,0.3921063152625394,0.35728586,0.037309155,False,True
chr20:1714000-1714600|0,0,0.37650564629739475,0.28127015,0.012899528,False,True
chr20:21615226-21615826|1,1,0.5073850285962387,0.8532304,0.9911786,True,True
chr21:35624000-35624600|0,0,0.4913990221975048,0.30612528,0.086167865,True,True
chr21:12294000-12294600|0,0,0.43691912370845687,0.07688897,0.00019373506,True,True
chr20:53369000-53369600|0,0,0.6194354294300616,0.17338198,0.088597834,True,True
chr20:1696000-1696600|0,0,0.5223312043088416,0.4746684,0.26857817,False,True
chr20:13384000-13384600|0,0,0.484458850730682,0.45369056,0.44931948,True,True
chr20:38895409-38896009|1,1,0.6979799057376991,0.3854657,0.9968286,True,True
chr20:6285000-6285600|0,0,0.44788905188982103,0.20586354,0.07897173,False,True
chr21:17342000-17342600|0,0,0.583427864854842,0.3288383,0.16322173,True,True
chr20:62828516-62829116|1,1,0.8056830203362411,0.8515567,0.98804873,False,True
chr20:31565994-31566594|1,1,0.7068549714827224,0.7559885,0.96257555,False,True
chr20:50324000-50324600|0,0,0.49783567445258753,0.46073422,0.21303536,True,True
chr20:24969225-24969825|1,1,0.6997957405507595,0.92193365,0.9942259,False,True
chr20:39255000-39255600|0,0,0.57855248001059,0.41783345,0.25126603,False,True
chr20:4357000-4357600|0,0,0.5106039793300623,0.43307754,0.42088848,True,True
chr20:13279597-13280197|1,1,0.6058981464226834,0.92332816,0.99272835,True,True
chr20:30723352-30723952|1,1,0.7129136459540045,0.9765486,0.9935034,False,True
chr20:27627000-27627600|0,0,0.4508893813652556,0.040817462,0.00020272526,False,True
chr20:29553004-29553604|1,1,0.569954886656791,0.2781278,0.11723644,True,True
chr20:2987804-2988404|1,1,0.5701113365314674,0.7759238,0.99188036,True,True
chr21:46421823-46422423|1,1,0.781780499477696,0.91265446,0.9616924,False,True
chr21:30027000-30027600|0,0,0.4385014983624971,0.6926984,0.5318471,True,True
chr20:61852597-61853197|1,1,0.7644601830467502,0.96213955,0.92995554,False,True
chr21:14144322-14144922|1,1,0.3015275183799851,0.40220398,0.58635426,True,True
chr21:37882000-37882600|0,0,0.5662852132991222,0.6084013,0.3423603,True,True
chr20:15174000-15174600|0,0,0.35068731986290175,0.17742907,0.0045233252,True,True
chr20:46816000-46816600|0,0,0.5865421765575771,0.9230902,0.33527306,True,True
chr21:24828000-24828600|0,0,0.42608273003197555,0.50824946,0.23784643,False,True
chr20:56108000-56108600|0,0,0.47093656977688914,0.31635365,0.006551953,False,True
chr20:46099000-46099600|0,0,0.5572198879487932,0.72720903,0.37826225,True,True
chr20:18041233-18041833|1,1,0.6793434392873684,0.70356864,0.9230986,True,True
chr20:50247452-50248052|1,1,0.6557134204588692,0.6162368,0.43744445,True,True
chr20:34492296-34492896|1,1,0.4278648139345055,0.37125713,0.8550871,True,True
chr20:57514291-57514891|1,1,0.5981215617746557,0.9370974,0.9243751,True,True
chr20:18181545-18182145|1,1,0.4687225635130381,0.53901696,0.98956084,True,True
chr20:34432000-34432600|0,0,0.29682813415853493,0.386438,0.17779619,True,True
chr21:42420000-42420600|0,0,0.37564504373032775,0.22129263,0.03576041,False,True
chr21:42534529-42535129|1,1,0.6830013125492502,0.9319134,0.9849888,False,True
chr20:62263390-62263990|1,1,0.6702543708365447,0.628581,0.89388895,True,True
chr20:3327000-3327600|0,0,0.5941403983500089,0.6945265,0.46868622,False,True
chr20:45000219-45000819|1,1,0.4950054722880807,0.86302704,0.9966698,True,True
chr21:45114000-45114600|0,0,0.5200418413113786,0.41057983,0.31117806,True,True
chr20:15102000-15102600|0,0,0.3259890558147792,0.22385216,0.12308403,True,True
chr20:35704367-35704967|1,1,0.3992260090368943,0.7018999,0.99089324,True,True
chr21:34243000-34243600|0,0,0.618287911485533,0.35665488,0.2185115,True,True
chr20:53582000-53582600|0,0,0.5630268013901448,0.88459086,0.93831414,True,True
chr20:60284292-60284892|1,1,0.4667927080203701,0.48027918,0.9921774,True,True
chr21:20998317-20998917|1,1,0.672420283614209,0.9582982,0.99410903,False,True
chr21:17354000-17354600|0,0,0.45525777027337094,0.26953834,0.053762734,False,True
chr21:5018000-5018600|0,0,0.6325917188461198,0.50212693,0.28580466,True,True
chr20:38939000-38939600|0,0,0.5982739473046088,0.5848841,0.1303575,True,True
chr21:35426000-35426600|0,0,0.3914835401144306,0.7170957,0.22146699,False,True
chr20:58966000-58966600|0,0,0.6004775312984627,0.20713317,0.23442118,True,True
chr20:48384339-48384939|1,1,0.7418513467289459,0.8235411,0.8003961,False,True
chr21:31225425-31226025|1,1,0.5196977400125506,0.91849625,0.9995648,True,True
chr20:52033000-52033600|0,0,0.4380880184218423,0.17906696,0.14852174,True,True
chr21:16219960-16220560|1,1,0.5327163665476158,0.15714282,0.053443745,True,True
chr20:18816000-18816600|0,0,0.5795611599943875,0.2942283,0.3539831,True,True
chr20:51618361-51618961|1,1,0.7124622848839882,0.885087,0.9563509,False,True
chr21:40567000-40567600|0,0,0.5084210044179445,0.60258645,0.6227245,False,True
chr21:38747096-38747696|1,1,0.5683293628534413,0.5771949,0.5441987,True,True
chr21:41756224-41756824|1,1,0.7054138549635431,0.94723284,0.99568814,False,True
chr21:44504479-44505079|1,1,0.6814956388913397,0.47019553,0.96694195,False,True
chr21:46541594-46542194|1,1,0.5371787350755561,0.85067505,0.9879132,True,True
chr20:42333000-42333600|0,0,0.4558599631573993,0.1283681,0.042226803,False,True
chr20:58576000-58576600|0,0,0.6941691000460495,0.7238889,0.1409201,True,True
chr20:52429000-52429600|0,0,0.49648770262858233,0.25146708,0.12686089,False,True
chr20:63529777-63530377|1,1,0.7877394544525982,0.83391577,0.9679633,False,True
chr20:4576000-4576600|0,0,0.5568992379750837,0.5670305,0.14011621,True,True
chr20:60621086-60621686|1,1,0.47897134251230805,0.908375,0.56797016,True,True
chr20:44690000-44690600|0,0,0.6572263386680322,0.3543976,0.56986886,True,True
chr21:18846000-18846600|0,0,0.3344441590401313,0.3840558,0.36218265,False,True
chr20:28339000-28339600|0,0,0.45316307514951804,0.04122283,0.003679633,False,True
chr21:41036659-41037259|1,1,0.4673567625875527,0.69246167,0.14039618,True,True
chr20:55219000-55219600|0,0,0.3930793944277087,0.1800749,0.08830188,True,True
chr20:32222000-32222600|0,0,0.6006239556607437,0.36895624,0.21297331,True,True
chr21:37915583-37916183|1,1,0.7271852857378508,0.98023474,0.978309,True,True
chr20:16737100-16737700|1,1,0.33695809090755574,0.8474909,0.9940725,True,True
chr20:43459594-43460194|1,1,0.4105237490213555,0.7400217,0.99750596,True,True
chr20:40927000-40927600|0,0,0.40209576683037085,0.18505171,0.07014174,True,True
chr20:38994579-38995179|1,1,0.4257973419243577,0.7254338,0.91341454,True,True
chr20:22274103-22274703|1,1,0.5568805510364946,0.7679182,0.43755305,True,True
chr20:31771381-31771981|1,1,0.4613188885575808,0.5605126,0.9821962,True,True
chr21:46117152-46117752|1,1,0.803059980322189,0.8558334,0.9071614,False,True
chr21:39438000-39438600|0,0,0.3178686157243685,0.24427903,0.07475616,False,False
chr20:58585000-58585600|0,0,0.6587700593623597,0.4885618,0.49022633,True,True
chr20:38699000-38699600|0,0,0.6325848926161518,0.09414451,0.15990718,True,True
chr21:12528000-12528600|0,0,0.44519704199535975,0.10512368,0.00022820121,False,True
chr20:44300000-44300600|0,0,0.5666739203570393,0.9164249,0.76138633,True,True
chr20:61642000-61642600|0,0,0.6294802324736151,0.69944763,0.29305285,True,True
chr20:1288000-1288600|0,0,0.6440766100120018,0.6782053,0.4808185,True,True
chr20:37885000-37885600|0,0,0.6585041458973875,0.19899577,0.076975845,True,True
chr21:32316165-32316765|1,1,0.707976194877128,0.6715542,0.9964987,False,True
chr20:14981000-14981600|0,0,0.48144118050747475,0.279428,0.305411,True,True
chr20:57318000-57318600|0,0,0.5883821387436449,0.63208467,0.09071932,True,True
chr21:29276000-29276600|0,0,0.2697367363735428,0.46477264,0.3375604,True,True
chr21:6906000-6906600|0,0,0.41154125866952507,0.33424976,0.54180306,True,True
chr20:33640230-33640830|1,1,0.5518866137868771,0.7075028,0.9971306,True,True
chr20:54972000-54972600|0,0,0.4997738306405986,0.45119178,0.37768796,True,True
chr20:41354436-41355036|1,1,0.6828101396680847,0.8309134,0.9904405,False,True
chr20:60405000-60405600|0,0,0.6050622654039511,0.9232195,0.7679019,True,True
chr20:32417000-32417600|0,0,0.35003582019325147,0.6013148,0.43358657,True,True
chr20:63957000-63957600|0,0,0.8024173062229569,0.7967851,0.23672628,True,True
chr20:24469452-24470052|1,1,0.8804540535641714,0.97923493,0.9852305,False,True
chr20:34507607-34508207|1,1,0.4095426078103562,0.2654632,0.91827226,True,True
chr20:1037153-1037753|1,1,0.5669797184725737,0.39348215,0.09218152,True,True
chr21:27342000-27342600|0,0,0.37628302153372006,0.5063321,0.21267141,False,True
chr20:51948000-51948600|0,0,0.4539471051577297,0.1857065,0.100818865,False,True
chr20:42681000-42681600|0,0,0.4937516936410507,0.33767202,0.22635813,True,True
chr21:41448994-41449594|1,1,0.47625593106019626,0.5117513,0.98882025,True,True
chr21:42492457-42493057|1,1,0.4996627894804837,0.8408187,0.9995653,True,True
chr20:54057784-54058384|1,1,0.5715187516826317,0.6814871,0.9687451,True,True
chr20:53024000-53024600|0,0,0.4181944379379499,0.37837163,0.2807234,True,True
chr20:63463383-63463983|1,1,0.7368075110422156,0.74440134,0.6887582,False,True
chr20:47723000-47723600|0,0,0.6115928798260121,0.6257348,0.615599,True,True
chr20:63249634-63250234|1,1,0.7424456883193159,0.9404735,0.9974685,False,True
chr21:24372000-24372600|0,0,0.33331556794434414,0.30451933,0.073051274,False,True
chr21:9258000-9258600|0,0,0.5365134247966514,0.31106097,0.16933258,True,True
chr20:7307058-7307658|1,1,0.47093656977688914,0.72059214,0.26392755,True,True
chr20:31276000-31276600|0,0,0.37309746487912904,0.33210036,0.014915582,False,True
chr20:21136251-21136851|1,1,0.41979194927673813,0.6366833,0.98665583,True,True
chr20:53087000-53087600|0,0,0.5063053157610251,0.48139155,0.34324643,False,True
chr21:35171000-35171600|0,0,0.5625187773363447,0.5536935,0.55061316,True,True
chr20:18295103-18295703|1,1,0.4649131471954969,0.28367978,0.49619353,True,True
chr20:16738601-16739201|1,1,0.3467981939444626,0.6785997,0.5160435,True,True
chr21:9618000-9618600|0,0,0.45754469672129855,0.26313218,0.001289364,False,True
chr20:54876000-54876600|0,0,0.456767703177737,0.04680401,0.0008986862,False,True
chr20:34861144-34861744|1,1,0.6149278823494347,0.79467386,0.98349977,True,True
chr20:7441000-7441600|0,0,0.36885742228159946,0.3934453,0.46472448,True,True
chr21:12477000-12477600|0,0,0.4312398702834719,0.09574345,0.0003269706,True,True
chr20:5313611-5314211|1,1,0.6839498965403017,0.7730753,0.9984787,True,True
chr20:19564000-19564600|0,0,0.5198251203029001,0.43390077,0.33288985,True,True
chr20:33059181-33059781|1,1,0.7197883639061707,0.37877086,0.9511521,False,True
chr20:44786000-44786600|0,0,0.6623755076432493,0.25231892,0.19997935,True,True
chr21:35564000-35564600|0,0,0.5783336326273802,0.6928277,0.47626966,False,True
chr20:52351000-52351600|0,0,0.49751320227102025,0.31957215,0.19011602,True,True
chr20:2714000-2714600|0,0,0.5533251855583713,0.72153974,0.35136774,True,True
chr20:2786000-2786600|0,0,0.5170043618836573,0.14980787,0.08526919,False,True
chr21:44939885-44940485|1,1,0.8663373421432944,0.9794185,0.9747843,False,True
chr21:7597000-7597600|0,0,0.4292521768162193,0.16131946,0.011133389,False,True
chr20:38581073-38581673|1,1,0.6193475271702684,0.5117784,0.88110715,True,True
chr20:9279000-9279600|0,0,0.3925993921354434,0.3908509,0.5321637,True,True
chr21:15960322-15960922|1,1,0.3835596031338417,0.3035605,0.31999323,True,True
chr20:45858000-45858600|0,0,0.6023913511764458,0.304128,0.7803577,True,True
chr21:41901321-41901921|1,1,0.5200418413113786,0.7922007,0.9912059,True,True
chr20:39825000-39825600|0,0,0.5013613713968312,0.4847308,0.53834474,False,True
chr20:40204000-40204600|0,0,0.4564010037261099,0.47562352,0.29104215,False,True
chr21:37096342-37096942|1,1,0.3780121630253512,0.8212948,0.87657887,True,True
chr20:15018000-15018600|0,0,0.4786333320673454,0.40264842,0.03964323,True,True
chr21:42804000-42804600|0,0,0.6413275182821148,0.6941434,0.011161372,True,True
chr20:19699000-19699600|0,0,0.4670026770369425,0.516659,0.34814292,False,True
chr20:939000-939600|0,0,0.510883529318598,0.29077783,0.05839197,False,True
chr20:5445203-5445803|1,1,0.5160244582838497,0.5072848,0.16483493,True,True
chr21:31630000-31630600|0,0,0.5357235979705035,0.23428434,0.18987688,True,True
chr21:43360591-43361191|1,1,0.7611791074384296,0.86556476,0.6337773,False,True
chr20:10294000-10294600|0,0,0.4410132362040686,0.25167632,0.19093415,False,True
chr21:18099632-18100232|1,1,0.37034319132358756,0.49315548,0.035774995,True,True
chr20:43667002-43667602|1,1,0.8584576092749872,0.96399164,0.96305174,False,True
chr21:14288245-14288845|1,1,0.33532675088824226,0.13951206,0.4998119,True,True
chr21:15573672-15574272|1,1,0.3371770550321112,0.28290442,0.06530679,True,True
chr20:53984986-53985586|1,1,0.5011956603432101,0.85511136,0.9945589,True,True
chr21:16107383-16107983|1,1,0.4584927787169669,0.6711516,0.4665822,True,True
chr21:26459000-26459600|0,0,0.4781631865023918,0.15333168,0.04575293,True,True
chr21:21284099-21284699|1,1,0.31366582345836186,0.375436,0.9666032,True,True
chr20:3996000-3996600|0,0,0.41556385328105944,0.34272486,0.38076535,True,True
chr21:44324354-44324954|1,1,0.805840338547335,0.98553085,0.9990945,False,True
chr21:36966143-36966743|1,1,0.8886169455211782,0.9727596,0.9923052,False,True
chr20:41092286-41092886|1,1,0.46685757328761074,0.4760752,0.95301235,True,True
chr21:45282048-45282648|1,1,0.7303145911624315,0.935677,0.9725758,False,True
chr20:39651000-39651600|0,0,0.6128911864177335,0.34232226,0.55944294,True,True
chr20:15318000-15318600|0,0,0.3483288250984612,0.2534149,0.026095845,True,True
chr20:31273000-31273600|0,0,0.3168144005224468,0.30113253,0.024662968,False,False
chr20:42759000-42759600|0,0,0.5095143947531073,0.32368875,0.36461762,False,True
chr20:40837000-40837600|0,0,0.6490197293446797,0.463119,0.14348176,True,True
chr20:25027000-25027600|0,0,0.4388947991888424,0.6487146,0.09655024,False,True
chr21:14308154-14308754|1,1,0.34972004407818025,0.45364273,0.9402653,True,True
chr20:7369000-7369600|0,0,0.4007852330705494,0.28827262,0.09211653,True,True
chr21:14279356-14279956|1,1,0.340201481525128,0.57023704,0.56596994,True,True
chr20:59705000-59705600|0,0,0.44345130994937576,0.2823569,0.14417431,True,True
chr21:43285000-43285600|0,0,0.4493851048201418,0.58649534,0.6327579,False,True
chr21:14152272-14152872|1,1,0.30365839359048513,0.35602397,0.7379147,True,True
chr21:12501000-12501600|0,0,0.4436994866071744,0.16838668,7.960413e-05,False,True
chr20:9819000-9819600|0,0,0.38502426831567355,0.53551406,0.3178026,False,True
chr20:43189345-43189945|1,1,0.8819616077949418,0.9223039,0.9941545,False,True
chr20:2594666-2595266|1,1,0.6034342936907061,0.79535437,0.982027,True,True
chr20:38972350-38972950|1,1,0.34558698726791104,0.66536164,0.7764446,True,True
chr20:36951135-36951735|1,1,0.8368160314011045,0.97261196,0.9958689,False,True
chr20:44337117-44337717|1,1,0.7182336731800063,0.92575884,0.98659736,False,True
chr20:63735263-63735863|1,1,0.8040791204186519,0.91868114,0.99861336,False,True
chr21:16498000-16498600|0,0,0.42464293312058904,0.12924431,0.05689173,True,True
chr20:31561435-31562035|1,1,0.6404727044937177,0.50605434,0.94376224,True,True
chr21:35396000-35396600|0,0,0.6102422470848964,0.5904378,0.36818206,True,True
chr21:45835985-45836585|1,1,0.6964626556016611,0.8532457,0.5949726,False,True
chr20:58247021-58247621|1,1,0.5536599074611898,0.86701035,0.7823174,True,True
chr20:17579000-17579600|0,0,0.5489414693970461,0.4725874,0.038229067,True,True
chr21:35318000-35318600|0,0,0.6099576043453883,0.49321565,0.50256675,True,True
chr21:38807962-38808562|1,1,0.6003497023292907,0.4154767,0.23941591,True,True
chr20:19504000-19504600|0,0,0.4361433325463043,0.17861624,0.08520499,False,True
chr20:6858000-6858600|0,0,0.4332984164665927,0.49134555,0.58615816,True,True
chr20:12459000-12459600|0,0,0.376913153738955,0.50316006,0.32054102,False,True
chr21:26939000-26939600|0,0,0.4075497643042692,0.2814943,0.09915258,True,True
chr20:63281046-63281646|1,1,0.7639759198122367,0.80250984,0.8236918,False,True
chr20:21486000-21486600|0,0,0.47230748430668573,0.2855784,0.27485296,True,True
chr21:25424253-25424853|1,1,0.35329887015152567,0.55006385,0.9408769,True,True
chr21:36969319-36969919|1,1,0.593115969222548,0.21736579,0.29906783,True,True
chr20:41414885-41415485|1,1,0.5908743351351515,0.7581496,0.34441322,True,True
chr20:45666787-45667387|1,1,0.5128246414312997,0.28260517,0.447888,True,True
chr21:25745053-25745653|1,1,0.3277597187882656,0.46237633,0.9851162,True,True
chr21:25724925-25725525|1,1,0.4570083070111333,0.8538689,0.95590985,True,True
chr21:26470345-26470945|1,1,0.5538210489736011,0.47068277,0.4012596,True,True
chr21:41303000-41303600|0,0,0.4536059187988402,0.24264196,0.08741522,False,True
chr20:49252419-49253019|1,1,0.45790671375984565,0.6282349,0.99235195,True,True
chr20:25206289-25206889|1,1,0.5507263384983645,0.6508881,0.4327569,True,True
chr20:50036000-50036600|0,0,0.5466553133344781,0.15091556,0.15721948,True,True
chr20:47168896-47169496|1,1,0.5562367958816172,0.1525048,0.7151915,True,True
chr20:45942943-45943543|1,1,0.652859960477037,0.93095785,0.9998659,False,True
chr21:44093932-44094532|1,1,0.5473087059062788,0.6629509,0.94952166,True,True
chr21:33810921-33811521|1,1,0.5426124151996872,0.7387165,0.9973442,True,True
chr20:62165213-62165813|1,1,0.7446677569228125,0.94416994,0.9907928,False,True
chr21:17978000-17978600|0,0,0.6354055060467213,0.14784439,0.029820817,True,True
chr21:25009000-25009600|0,0,0.5372262538614242,0.2066097,0.26527846,True,True
chr21:30681000-30681600|0,0,0.48927466453010693,0.38452846,0.31144282,True,True
chr21:21534355-21534955|1,1,0.3376873671261746,0.6312671,0.98536426,True,True
chr21:16162000-16162600|0,0,0.3269104393484768,0.38930735,0.35343072,False,True
chr20:52195000-52195600|0,0,0.46906280701793335,0.46956185,0.065302394,False,True
chr20:64091815-64092415|1,1,0.7816214503480201,0.8024107,0.96112657,False,True
chr20:26894000-26894600|0,0,0.444085264193003,0.054492604,0.0056499047,False,True
chr21:24855000-24855600|0,0,0.36844375891029063,0.4788524,0.5978886,True,True
chr20:58291000-58291600|0,0,0.39540340975944566,0.28746182,0.21566543,False,True
chr21:18828000-18828600|0,0,0.4532219234176114,0.28073817,0.0760277,False,True
chr21:25601067-25601667|1,1,0.36810225887173637,0.4144946,0.94755524,True,True
chr20:47804000-47804600|0,0,0.6166075790450523,0.29567155,0.03462864,True,True
chr20:10621113-10621713|1,1,0.47403254642649634,0.58323777,0.8667013,True,True
chr21:34521198-34521798|1,1,0.7102362725037965,0.79633945,0.9989322,False,True
chr20:34054000-34054600|0,0,0.5612800899285908,0.44553587,0.4790033,True,True
chr20:48192189-48192789|1,1,0.6149200480157521,0.8011654,0.6466627,True,True
chr21:35243000-35243600|0,0,0.47927107454952883,0.6423098,0.61027586,False,True
chr20:33383179-33383779|1,1,0.5086096036736895,0.18473265,0.05035678,True,True
chr20:7600000-7600600|0,0,0.5860904275430717,0.68509156,0.12371459,True,True
chr20:18720000-18720600|0,0,0.39426856607936844,0.7060621,0.61962426,True,True
chr21:44543000-44543600|0,0,0.4099237007894925,0.5721319,0.14834689,True,True
chr20:19492000-19492600|0,0,0.5531611616189,0.58785033,0.26321474,True,True
chr21:45486691-45487291|1,1,0.7955424230959723,0.95709777,0.98940873,False,True
chr20:20055647-20056247|1,1,0.43847780343042553,0.2881564,0.12021673,True,True
chr21:26486000-26486600|0,0,0.4081606713425904,0.41724762,0.10144031,True,True
chr20:15126000-15126600|0,0,0.30602403576799464,0.16309081,0.026695887,False,False
chr20:32853877-32854477|1,1,0.5497510486385192,0.265532,0.31237116,True,True
chr20:25303249-25303849|1,1,0.6802897374211012,0.70441324,0.9855569,False,True
chr20:13153837-13154437|1,1,0.5652476244058755,0.6780035,0.80173427,True,True
chr20:879446-880046|1,1,0.5741463383398515,0.7591252,0.9419015,True,True
chr20:49028367-49028967|1,1,0.46207294556755524,0.62095904,0.9430149,True,True
chr20:44598589-44599189|1,1,0.5547876593672507,0.76965094,0.9066623,True,True
chr21:24441052-24441652|1,1,0.4065322215769969,0.30843937,0.03848078,True,True
chr20:22144000-22144600|0,0,0.494570299239684,0.574169,0.2679112,True,True
chr20:4721668-4722268|1,1,0.591310143023492,0.6675753,0.9155684,True,True
chr20:58855032-58855632|1,1,0.7584661967314462,0.992615,0.9990695,False,True
chr20:4075000-4075600|0,0,0.6203384628494104,0.54560244,0.74281406,True,True
chr20:36175414-36176014|1,1,0.6574783902384461,0.7932947,0.9936951,False,True
chr20:53906000-53906600|0,0,0.49764110013087565,0.6477824,0.56830364,True,True
chr21:9618000-9618600|0,0,0.45754469672129855,0.26313218,0.001289364,False,True
chr21:15129000-15129600|0,0,0.4696553896615214,0.36936745,0.16122301,True,True
chr21:20777883-20778483|1,1,0.4651010593292886,0.49309564,0.5546318,True,True
chr21:32378144-32378744|1,1,0.5979982944626648,0.74501526,0.67847985,True,True
chr20:59767094-59767694|1,1,0.6564075187775142,0.42864442,0.9687498,False,True
chr20:37678317-37678917|1,1,0.6104672919146696,0.682251,0.55016345,True,True
chr20:25455372-25455972|1,1,0.5933946505783025,0.80689627,0.9807756,True,True
chr20:11268449-11269049|1,1,0.5124575273772048,0.5926574,0.73865527,True,True
chr20:46000000-46000600|0,0,0.6290095220238523,0.7741936,0.113299094,True,True
chr20:62540000-62540600|0,0,0.7176080427622932,0.84437084,0.65802026,True,True
chr20:39681000-39681600|0,0,0.5006532354063318,0.17903584,0.41106743,False,True
chr20:50630437-50631037|1,1,0.7169903675821431,0.70503414,0.95858413,False,True
chr20:33622995-33623595|1,1,0.6386094148917091,0.5980268,0.9916346,True,True
chr20:20037022-20037622|1,1,0.49060802557790845,0.8061308,0.9884708,True,True
chr20:19060000-19060600|0,0,0.39634195224082136,0.11845814,0.011973057,True,True
chr21:25408000-25408600|0,0,0.4357509292342786,0.14352034,0.042416975,False,True
chr20:43924000-43924600|0,0,0.6162700651316886,0.52811325,0.2912913,True,True
chr20:2855000-2855600|0,0,0.5749210552180267,0.1982977,0.11018639,True,True
chr20:31063000-31063600|0,0,0.459055999250105,0.013283408,0.05797606,False,True
chr21:9087577-9088177|1,1,0.8084441880773835,0.92441493,0.9148937,False,True
chr20:46222000-46222600|0,0,0.609419371812068,0.65190214,0.15691781,True,True
chr20:24949274-24949874|1,1,0.7696848797889545,0.71416104,0.49977675,False,True
chr20:10051588-10052188|1,1,0.38849253087700264,0.52200055,0.998418,True,True
chr20:17360339-17360939|1,1,0.4609419262037881,0.42786533,0.9640265,True,True
chr20:54072000-54072600|0,0,0.5368923877907484,0.14555104,0.13464439,True,True
chr20:60615000-60615600|0,0,0.3820970478447172,0.2765082,0.1504305,False,True
chr20:55747000-55747600|0,0,0.40862982919526697,0.4208431,0.14219174,True,True
chr20:48510000-48510600|0,0,0.6804911876687096,0.5654711,0.11323688,True,True
chr21:32972000-32972600|0,0,0.3666666932873009,0.18916886,0.011315828,True,True
chr20:16420000-16420600|0,0,0.39826699517095454,0.46244377,0.26459846,True,True
chr20:35750000-35750600|0,0,0.3653099233767257,0.22516978,0.15770231,True,True
chr20:58684000-58684600|0,0,0.44910634319903475,0.3656233,0.7351568,False,True
chr20:27975000-27975600|0,0,0.4497685234484948,0.039496258,0.0026241413,False,True
chr20:8309000-8309600|0,0,0.4455814217723921,0.49620014,0.49096647,False,True
chr20:41015000-41015600|0,0,0.5543768921435581,0.20819964,0.13707072,False,True
chr20:63471867-63472467|1,1,0.8609007148298801,0.97165,0.99786276,False,True
chr20:4351000-4351600|0,0,0.3391092904622787,0.2130181,0.008541838,True,True
chr20:5558383-5558983|1,1,0.3720380395486135,0.65188354,0.98715824,True,True
chr21:39010787-39011387|1,1,0.68831890072444,0.8062759,0.24022104,False,True
chr20:10103867-10104467|1,1,0.4450500021568005,0.42300406,0.26436147,True,True
chr20:32587255-32587855|1,1,0.5829400562974036,0.50324064,0.38885367,True,True
chr21:42381764-42382364|1,1,0.5280128151022313,0.62028825,0.9984509,True,True
chr20:38189000-38189600|0,0,0.514987573747766,0.5213824,0.3030574,True,True
chr20:33611034-33611634|1,1,0.5371241684324725,0.76948917,0.993785,True,True
chr20:61162168-61162768|1,1,0.5681722022707615,0.6197572,0.6759683,True,True
chr20:46240662-46241262|1,1,0.7374780307228465,0.9395436,0.992694,False,True
chr20:45204000-45204600|0,0,0.5221598740673947,0.84008175,0.25966787,False,True
chr21:43802086-43802686|1,1,0.7547542388330346,0.9122475,0.9850134,True,True
chr20:47774000-47774600|0,0,0.6698900313343514,0.80826867,0.1969381,True,True
chr20:10507000-10507600|0,0,0.5820182521449584,0.5487787,0.15936978,True,True
chr21:14642701-14643301|1,1,0.36801776658052493,0.2106789,0.9695388,True,True
chr20:38909000-38909600|0,0,0.5489414693970461,0.4176205,0.4082219,True,True
chr20:35189000-35189600|0,0,0.5557538554412936,0.5125518,0.034118745,True,True
chr21:11834000-11834600|0,0,0.44957680664545074,0.032839306,0.02088959,False,True
chr20:54564000-54564600|0,0,0.4907793432422068,0.21993335,0.13788572,True,True
chr21:16537138-16537738|1,1,0.36928167541039014,0.6608151,0.8159329,True,True
chr21:16258000-16258600|0,0,0.363434441834788,0.52329224,0.1696688,True,True
chr20:36558000-36558600|0,0,0.5915016493941487,0.67547053,0.6190246,False,True
chr20:49639377-49639977|1,1,0.5191342485757154,0.6787045,0.9931085,True,True
chr20:8765057-8765657|1,1,0.44345130994937576,0.8210737,0.9951461,True,True
chr20:28657000-28657600|0,0,0.4051090102731253,0.10515626,0.021256229,True,True
chr20:54291000-54291600|0,0,0.4715216716865025,0.40667513,0.028001081,True,True
chr20:24654000-24654600|0,0,0.41823702731107987,0.1550389,0.043451138,True,True
chr21:35732602-35733202|1,1,0.6034108455190295,0.9013242,0.82176256,True,True
chr20:61792000-61792600|0,0,0.7154110863155563,0.71662337,0.22256671,True,True
chr21:36825000-36825600|0,0,0.47181019104175714,0.30907676,0.5433936,False,True
chr21:20513000-20513600|0,0,0.49715494452748366,0.3414757,0.17137514,True,True
chr20:36081669-36082269|1,1,0.5249005049271129,0.14697362,0.01921927,True,True
chr20:9003000-9003600|0,0,0.5089454737942006,0.24831133,0.17026618,True,True
chr20:21609000-21609600|0,0,0.5071868844958126,0.13163592,0.057758622,False,True
chr20:36432415-36433015|1,1,0.6998594832302468,0.43102825,0.9905453,False,True
chr21:46311155-46311755|1,1,0.534099846013946,0.48394707,0.937172,True,True
chr21:39298131-39298731|1,1,0.3638647040769317,0.5647027,0.93144506,True,True
chr20:28156000-28156600|0,0,0.4448570211910003,0.040403634,0.0036229813,False,True
chr21:33813771-33814371|1,1,0.5892223467143767,0.6907708,0.8526691,True,True
chr20:38488317-38488917|1,1,0.44234980258321666,0.5418553,0.9640279,True,True
chr20:39655889-39656489|1,1,0.578170807337866,0.83211917,0.25886282,True,True
chr21:7930000-7930600|0,0,0.43641984456646543,0.0415114,0.0043880055,False,True
chr20:59618000-59618600|0,0,0.7228190290286365,0.5915573,0.15790258,True,True
chr20:5168000-5168600|0,0,0.5531764153907746,0.17079215,0.11826581,True,True
chr20:44153000-44153600|0,0,0.5507334574266997,0.85672224,0.426329,True,True
chr21:43132000-43132600|0,0,0.6204093590145324,0.23262319,0.021342747,True,True
chr20:3199700-3200300|1,1,0.7321288239756386,0.57419276,0.9117074,True,True
chr20:47840000-47840600|0,0,0.6268623856074919,0.91003233,0.90855527,True,True
chr20:22548101-22548701|1,1,0.5578929204287628,0.7154147,0.44892472,True,True
chr20:4475377-4475977|1,1,0.5304739268515903,0.81509364,0.2918851,True,True
chr20:32429130-32429730|1,1,0.58996836138661,0.8786814,0.9868585,True,True
chr20:3582053-3582653|1,1,0.45373419433923695,0.69891524,0.9959841,True,True
chr20:24513000-24513600|0,0,0.4905988445234677,0.77521056,0.010053413,True,True
chr21:44454676-44455276|1,1,0.7312365922220585,0.79467404,0.5715148,False,True
chr21:24660000-24660600|0,0,0.28113949791557863,0.27809566,0.1445776,False,False
chr20:48879000-48879600|0,0,0.43877299399630304,0.60882175,0.5177548,True,True
chr20:32073060-32073660|1,1,0.6150695439760085,0.67944485,0.95046747,True,True
chr21:42129496-42130096|1,1,0.5304751123871674,0.6991076,0.5052426,True,True
chr21:21330000-21330600|0,0,0.294687565116873,0.18428601,0.010286321,False,False
chr21:27300000-27300600|0,0,0.4371255570114114,0.3533468,0.53393036,False,True
chr20:34075739-34076339|1,1,0.6330191433471101,0.9269133,0.9786754,True,True
chr21:44124426-44125026|1,1,0.7086614419853801,0.9447456,0.9165775,True,True
chr20:46688826-46689426|1,1,0.7813907724549412,0.98427755,0.99699366,True,True
chr20:6336000-6336600|0,0,0.4709617010927659,0.19913238,0.106016554,False,True
chr20:39201000-39201600|0,0,0.5752308391826921,0.6398639,0.296112,True,True
chr20:41840000-41840600|0,0,0.48482399694562994,0.66595733,0.37187397,False,True
chr21:41226053-41226653|1,1,0.473015273236881,0.8240757,0.97716904,True,True
chr20:52789000-52789600|0,0,0.5858148736085036,0.88179857,0.5940956,True,True
chr20:39003606-39004206|1,1,0.5385089562143434,0.717932,0.8216144,True,True
chr21:10351000-10351600|0,0,0.43801156536403035,0.3962235,0.050108764,True,True
chr20:61165000-61165600|0,0,0.5649702118011858,0.8779457,0.3988684,True,True
chr21:7430537-7431137|1,1,0.7537673423191288,0.97280055,0.85013443,False,True
chr20:14002103-14002703|1,1,0.33514620226889696,0.6787049,0.9909813,True,True
chr20:25306532-25307132|1,1,0.5468316215864842,0.5081878,0.9842053,True,True
chr21:10438000-10438600|0,0,0.40734619201871314,0.50525576,0.32008252,True,True
chr20:1466419-1467019|1,1,0.8679580600637343,0.9794265,0.995669,False,True
chr20:62672000-62672600|0,0,0.5889285214098349,0.83783203,0.72199225,True,True
chr20:20411726-20412326|1,1,0.4753944298277777,0.9058919,0.998494,True,True
chr20:47004778-47005378|1,1,0.5465036939871689,0.42681113,0.92954814,True,True
chr21:27000000-27000600|0,0,0.4215846392480174,0.5730491,0.076442115,False,True
chr21:30687000-30687600|0,0,0.3587217545813625,0.20160468,0.03675827,True,True
chr21:16487237-16487837|1,1,0.34964329259249766,0.31460834,0.18599758,True,True
chr21:35960000-35960600|0,0,0.49320048813685197,0.17957018,0.14172053,False,True
chr20:33039219-33039819|1,1,0.6022456363331842,0.45011386,0.9874817,True,True
chr20:50510289-50510889|1,1,0.7980330562989574,0.9900586,0.99184203,False,True
chr21:38984000-38984600|0,0,0.5708048820040782,0.7895559,0.409385,True,True
chr20:50171925-50172525|1,1,0.7548482045349056,0.93380046,0.700439,False,True
chr21:8816000-8816600|0,0,0.5282011266315494,0.008227355,0.02360013,True,True
chr21:26687000-26687600|0,0,0.3526631134979976,0.18455052,0.22210675,True,True
chr20:38822000-38822600|0,0,0.38330214640902244,0.51988554,0.21823558,False,True
chr21:25937611-25938211|1,1,0.5143922782452017,0.14910954,0.113052,True,True
chr20:38573997-38574597|1,1,0.4226144998057101,0.7118071,0.9167474,True,True
chr21:32277783-32278383|1,1,0.48683258032328725,0.68763536,0.89218974,True,True
chr20:37468000-37468600|0,0,0.48740166151867786,0.1429545,0.33440772,False,True
chr20:41436973-41437573|1,1,0.3848149021465333,0.39791048,0.8795912,True,True
chr20:40015000-40015600|0,0,0.5417560691003853,0.4112814,0.57785743,True,True
chr20:60783000-60783600|0,0,0.5140611608089046,0.06608809,0.0054774536,False,True
chr20:6318000-6318600|0,0,0.43633493815720553,0.10998805,0.0022425544,False,True
chr20:50129245-50129845|1,1,0.6991291201094422,0.8761052,0.94336456,False,True
chr21:37087100-37087700|1,1,0.46350295859548285,0.5606584,0.9869017,True,True
chr21:44107133-44107733|1,1,0.8504094749089417,0.9618298,0.9707282,False,True
chr21:37472579-37473179|1,1,0.40037458193165704,0.79238856,0.96022093,True,True
chr20:60069742-60070342|1,1,0.5409578441779684,0.71655184,0.6578935,True,True
chr21:29912000-29912600|0,0,0.506171761135234,0.17775643,0.19844368,True,True
chr20:9495000-9495600|0,0,0.5273492318894151,0.25568408,0.17205486,True,True
chr20:59195704-59196304|1,1,0.5404612950373354,0.67383295,0.5842607,True,True
chr20:24831000-24831600|0,0,0.5835797849385767,0.4845268,0.1300326,True,True
chr20:16507657-16508257|1,1,0.5087698665413436,0.92347074,0.9939348,True,True
chr20:9468371-9468971|1,1,0.41238691989778187,0.46904704,0.7828517,True,True
chr21:31684748-31685348|1,1,0.44788905188982103,0.7381113,0.99889475,True,True
chr20:3218331-3218931|1,1,0.7689248815500798,0.74141407,0.9740383,False,True
chr20:22192000-22192600|0,0,0.4250935093084579,0.3821812,0.09697947,False,True
chr20:7747000-7747600|0,0,0.41376851877641385,0.42959306,0.18906866,True,True
chr21:36744835-36745435|1,1,0.6976278906296244,0.8296011,0.98590326,False,True
chr20:1681000-1681600|0,0,0.46704403150034607,0.286721,0.5013031,False,True
chr20:19447000-19447600|0,0,0.5142962451509606,0.3406586,0.10728571,True,True
chr21:46322338-46322938|1,1,0.6922414102040101,0.82276225,0.56800747,True,True
chr20:44837000-44837600|0,0,0.5129821400426189,0.5713417,0.68567795,False,True
chr20:58286013-58286613|1,1,0.5405032542881794,0.86944413,0.9910903,True,True
chr20:25105000-25105600|0,0,0.556738895188544,0.6559315,0.17050369,False,True
chr20:57619961-57620561|1,1,0.6661455148003219,0.8643471,0.66800624,False,True
chr21:5369000-5369600|0,0,0.4605650085187192,0.24202417,0.0027634967,False,True
chr20:55477000-55477600|0,0,0.3479770139487197,0.28635123,0.04877913,True,True
chr20:31757281-31757881|1,1,0.42713732504994195,0.5808191,0.91564924,True,True
chr20:57172899-57173499|1,1,0.6688441973997886,0.7460892,0.9014795,False,True
chr20:4636000-4636600|0,0,0.6453823829735313,0.16165069,0.22710627,True,True
chr20:47226902-47227502|1,1,0.6261737636663425,0.81761473,0.96464866,True,True
chr21:31846000-31846600|0,0,0.4765017605557931,0.16765532,0.16925266,False,True
chr20:4747000-4747600|0,0,0.5562577960206508,0.24956086,0.46425033,False,True
chr20:32891996-32892596|1,1,0.6764934167156774,0.5845565,0.9433238,True,True
chr20:25221032-25221632|1,1,0.7030059130080878,0.6499391,0.9767765,False,True
chr20:21105970-21106570|1,1,0.7481178925714612,0.93338084,0.75330997,False,True
chr20:36618000-36618600|0,0,0.569557781038917,0.21460891,0.050264444,True,True
chr21:45755151-45755751|1,1,0.4300971264491013,0.47204202,0.105999745,True,True
chr21:33114215-33114815|1,1,0.5215900571605615,0.49002993,0.9257451,True,True
chr20:2837931-2838531|1,1,0.682297913691852,0.6799301,0.98872584,False,True
chr20:42432000-42432600|0,0,0.5787064872978175,0.28824288,0.4843017,False,True
chr20:21153817-21154417|1,1,0.35655265591114743,0.5458009,0.31657133,True,True
chr20:31390122-31390722|1,1,0.6388771262568163,0.7169587,0.62022555,True,True
chr20:45546966-45547566|1,1,0.6219976505213892,0.6828288,0.5539689,True,True
chr20:39414000-39414600|0,0,0.5320718736434907,0.23350747,0.27651015,True,True
chr21:46418005-46418605|1,1,0.5333370458934402,0.8741895,0.8370435,True,True
chr21:16222617-16223217|1,1,0.40974557475744366,0.23543243,0.2368283,True,True
chr21:22894000-22894600|0,0,0.3665975811376725,0.4556433,0.22662707,True,True
chr20:18711000-18711600|0,0,0.6045944158683018,0.69654256,0.13283828,True,True
chr21:12609000-12609600|0,0,0.4367243756627566,0.16562542,0.0002746133,False,True
chr20:36906000-36906600|0,0,0.5532084203706615,0.38836983,0.15435374,False,True
chr21:33460112-33460712|1,1,0.4023532855296688,0.62343127,0.92099047,True,True
chr20:35454339-35454939|1,1,0.5933904388532412,0.9150501,0.8499906,True,True
chr20:22537000-22537600|0,0,0.5504795472977013,0.35027525,0.10565249,True,True
chr20:11273033-11273633|1,1,0.39737286991111137,0.4928509,0.51632756,True,True
chr20:5982864-5983464|1,1,0.3949065975709856,0.39076442,0.9907126,True,True
chr21:37135213-37135813|1,1,0.4065018374901824,0.5286664,0.98081744,True,True
chr21:31276431-31277031|1,1,0.5105337215624267,0.7432746,0.9343064,True,True
chr20:40948000-40948600|0,0,0.49852973186538074,0.38232046,0.25231728,True,True
chr21:36336705-36337305|1,1,0.36135080149476084,0.7237187,0.9873705,True,True
chr21:21669000-21669600|0,0,0.580481161078089,0.49933493,0.06836595,False,True
chr20:50768000-50768600|0,0,0.6810270115523755,0.18821274,0.067923166,True,True
chr21:29598529-29599129|1,1,0.3800937965716995,0.30968305,0.90076226,True,True
chr21:38206059-38206659|1,1,0.7016877101864955,0.6989527,0.63763237,False,True
chr20:81000-81600|0,0,0.3882164706570618,0.39364433,0.20958383,True,True
chr21:14708000-14708600|0,0,0.3692963588777691,0.18454877,0.2905058,True,True
chr21:32360706-32361306|1,1,0.528520411114923,0.7852392,0.9927383,True,True
chr20:59836259-59836859|1,1,0.5547876593672507,0.5987112,0.5754769,True,True
chr20:39232339-39232939|1,1,0.5521885400057748,0.6558972,0.38321427,True,True
chr20:36934728-36935328|1,1,0.50437085409685,0.3220357,0.9786018,True,True
chr20:2835738-2836338|1,1,0.6695184089921834,0.748896,0.87231386,True,True
chr20:732000-732600|0,0,0.6334252858740221,0.62061614,0.5055803,True,True
chr20:63459000-63459600|0,0,0.7035152075677058,0.85297036,0.5201197,True,True
chr20:33834000-33834600|0,0,0.438185694405504,0.42185396,0.081012756,False,True
chr21:24438132-24438732|1,1,0.467751688747581,0.5345143,0.10689159,True,True
chr20:23565673-23566273|1,1,0.6555863118909256,0.43020767,0.25127736,True,True
chr20:48274977-48275577|1,1,0.5258143832565756,0.4584021,0.6750855,True,True
chr20:62549144-62549744|1,1,0.7658681292357711,0.88040334,0.32030684,False,True
chr21:15405274-15405874|1,1,0.46320435544404537,0.083280236,0.036467686,True,True
chr20:31660000-31660600|0,0,0.46584576573949715,0.28293574,0.29669368,False,True
chr21:30234000-30234600|0,0,0.41757117238365726,0.5522993,0.15610488,False,True
chr20:36342000-36342600|0,0,0.7244568424636619,0.60557675,0.19266884,True,True
chr21:29048554-29049154|1,1,0.3680485621224832,0.64155877,0.93454725,True,True
chr20:23495000-23495600|0,0,0.39757863001648786,0.103180304,0.028544573,False,True
chr20:39030474-39031074|1,1,0.5777195047406148,0.78736407,0.63095456,True,True
chr21:36730850-36731450|1,1,0.6493098234039957,0.7777741,0.9408894,False,True
chr20:21708399-21708999|1,1,0.6478850684657187,0.8118476,0.9950052,True,True
chr20:63568057-63568657|1,1,0.7848564095863805,0.92351407,0.99799347,False,True
chr20:43579760-43580360|1,1,0.5984257152041238,0.32736295,0.86872405,True,True
chr20:46270000-46270600|0,0,0.6406345278760011,0.5957552,0.4809267,True,True
chr20:40666000-40666600|0,0,0.6942102422720619,0.86305135,0.75514925,True,True
chr20:37213564-37214164|1,1,0.42548912608055883,0.7093618,0.9906131,True,True
chr20:42098120-42098720|1,1,0.6745784797929513,0.63397014,0.9697076,True,True
chr20:21626042-21626642|1,1,0.5211317845250371,0.48679838,0.42876986,True,True
chr20:34872346-34872946|1,1,0.775456939320295,0.9788229,0.9955894,False,True
chr20:64022577-64023177|1,1,0.648533012440241,0.5130269,0.984046,True,True
chr21:27084000-27084600|0,0,0.49462415113454067,0.3525556,0.17400435,False,True
chr20:23038004-23038604|1,1,0.572906035334897,0.4661642,0.5274767,True,True
chr20:62301841-62302441|1,1,0.7828726774914833,0.6537422,0.7431073,False,True
chr21:14975000-14975600|0,0,0.47088453422298965,0.45465425,0.4145376,False,True
chr21:37172443-37173043|1,1,0.41759581144769253,0.6878307,0.996197,True,True
chr20:49915079-49915679|1,1,0.8409194523869948,0.9802654,0.99721056,False,True
chr20:1132000-1132600|0,0,0.5014042316449273,0.13972193,0.09612193,False,True
chr20:60981000-60981600|0,0,0.2625905745208897,0.26279846,0.19015412,False,False
chr20:5174978-5175578|1,1,0.5835457567187701,0.6083747,0.9822124,True,True
chr20:2702000-2702600|0,0,0.6207851438319023,0.38072336,0.35771546,True,True
chr20:32022494-32023094|1,1,0.612321356193583,0.8314622,0.9847477,True,True
chr20:58981068-58981668|1,1,0.893703741983256,0.89829993,0.9709584,False,True
chr21:28549000-28549600|0,0,0.44763705324856196,0.58502764,0.18179034,True,True
chr20:49862766-49863366|1,1,0.3935476027051587,0.5602349,0.22528066,True,True
chr20:2423000-2423600|0,0,0.4745392262795133,0.685754,0.020035263,False,True
chr21:32585120-32585720|1,1,0.6335991385293579,0.78572315,0.9392434,True,True
chr21:14954000-14954600|0,0,0.5302119660592516,0.32043973,0.40580493,True,True
chr20:43714982-43715582|1,1,0.6654877112549001,0.82308555,0.9231527,True,True
chr21:24018000-24018600|0,0,0.3479770139487197,0.64088786,0.3193949,True,True
chr20:62709620-62710220|1,1,0.7737850469426828,0.94665915,0.9898671,False,True
chr21:44074169-44074769|1,1,0.6635871885898699,0.62294155,0.33219373,True,True
chr20:20417000-20417600|0,0,0.5750071270436662,0.40538126,0.30636784,True,True
chr20:35870833-35871433|1,1,0.4802588171771398,0.61422443,0.99788636,True,True
chr20:48705000-48705600|0,0,0.5410016287044385,0.5648899,0.43631753,True,True
chr20:49309000-49309600|0,0,0.40871180790636924,0.28648567,0.07184293,True,True
chr21:42546839-42547439|1,1,0.6031196526493914,0.8725017,0.91611844,True,True
chr20:53185375-53185975|1,1,0.5280128151022313,0.3084204,0.13340418,True,True
chr21:28732000-28732600|0,0,0.5424154067851449,0.31489918,0.3669595,True,True
chr20:34021000-34021600|0,0,0.6110381162234487,0.14733928,0.25711927,True,True
chr20:18493657-18494257|1,1,0.5293662729053671,0.6475771,0.98165715,True,True
chr21:25982043-25982643|1,1,0.5010179322163097,0.8306869,0.97319293,True,True
chr20:8141000-8141600|0,0,0.5575404902398823,0.13913487,0.21971986,False,True
chr21:46544972-46545572|1,1,0.5981583472758625,0.62239105,0.961374,True,True
chr20:18459852-18460452|1,1,0.3581931618192196,0.60977983,0.99399066,True,True
chr20:52646505-52647105|1,1,0.5139012083830676,0.6053263,0.16825533,True,True
chr20:51231000-51231600|0,0,0.595911365830514,0.55392885,0.5147077,False,True
chr21:33081000-33081600|0,0,0.6469464544822724,0.412846,0.38729435,True,True
chr20:543371-543971|1,1,0.7958393571504929,0.96332186,0.99886656,False,True
chr21:31132000-31132600|0,0,0.625264335465064,0.37525985,0.52876556,True,True
chr21:38907855-38908455|1,1,0.501812389155282,0.54458815,0.34293705,True,True
chr21:14276000-14276600|0,0,0.4671045414371897,0.37097952,0.06475374,False,True
chr20:37273000-37273600|0,0,0.6288270543895571,0.37798133,0.37663195,True,True
chr21:19717000-19717600|0,0,0.2816094473410525,0.3469881,0.37211177,False,False
chr20:6015189-6015789|1,1,0.3384923048174634,0.6262996,0.9945544,True,True
chr21:29603000-29603600|0,0,0.45207027302540925,0.29704756,0.58293515,False,True
chr21:14660000-14660600|0,0,0.3490659341385749,0.179136,0.115883164,True,True
chr20:35057213-35057813|1,1,0.4816244156082497,0.59912616,0.9658094,True,True
chr21:16041052-16041652|1,1,0.42464293312058904,0.2939608,0.09257716,True,True
chr20:62547247-62547847|1,1,0.7987176601207813,0.85535663,0.25985202,False,True
chr20:60097220-60097820|1,1,0.5339392409764593,0.7280113,0.16874675,True,True
chr21:27990000-27990600|0,0,0.4292521768162193,0.28771263,0.2664229,False,True
chr21:33270000-33270600|0,0,0.5152630672149603,0.22836182,0.045250352,False,True
chr20:19243576-19244176|1,1,0.5459807004145566,0.49538958,0.25861523,True,True
chr21:13654000-13654600|0,0,0.320016946903153,0.6320777,0.9883392,True,True
chr21:43726000-43726600|0,0,0.5947329220327987,0.24093702,0.29712173,True,True
chr20:1381000-1381600|0,0,0.37246166280058574,0.4619327,0.045681056,False,True
chr21:9677268-9677868|1,1,0.49005736326215843,0.53327775,0.3920634,True,True
chr20:15585000-15585600|0,0,0.6240182739623277,0.3491571,0.045259625,True,True
chr20:30117000-30117600|0,0,0.42820386021991685,0.04110768,0.054579265,False,True
chr21:6318303-6318903|1,1,0.754037858422525,0.93800366,0.86193186,False,True
chr21:46490418-46491018|1,1,0.5066579482670498,0.72216207,0.930022,True,True
chr21:27393000-27393600|0,0,0.452991182183032,0.22968176,0.022195071,False,True
chr20:50285000-50285600|0,0,0.6672898374168469,0.61639273,0.163251,True,True
chr20:19211328-19211928|1,1,0.7648373228487078,0.82781005,0.7846312,True,True
chr20:10878023-10878623|1,1,0.4812579503983553,0.14388263,0.11567165,True,True
chr20:55729000-55729600|0,0,0.42639911767757854,0.16619077,0.04306554,True,True
chr20:24168000-24168600|0,0,0.46263791987673075,0.15017419,0.26818186,False,True
chr21:14498141-14498741|1,1,0.3769270877710867,0.53082544,0.8993344,True,True
chr21:16663000-16663600|0,0,0.29678976791992634,0.4085989,0.048807766,True,True
chr20:23405000-23405600|0,0,0.5904157717994862,0.12720881,0.02558714,True,True
chr20:46250739-46251339|1,1,0.7727600903231158,0.9584382,0.9960217,False,True
chr21:23849000-23849600|0,0,0.3834865527700383,0.19007844,0.09598319,False,True
chr20:43255000-43255600|0,0,0.4886589360364701,0.56990933,0.5543036,False,True
chr21:31414000-31414600|0,0,0.5520261172590878,0.7870578,0.87115693,True,True
chr21:35483000-35483600|0,0,0.43798996627757386,0.115206786,0.16603483,False,True
chr21:39213180-39213780|1,1,0.3426510887534444,0.48150143,0.9143857,True,True
chr21:5243402-5244002|1,1,0.5616493738730501,0.78888744,0.30941406,True,True
chr20:3916749-3917349|1,1,0.44708587146083306,0.7783769,0.93948835,True,True
chr21:14930000-14930600|0,0,0.41837294259069074,0.12434391,0.00015414452,True,True
chr20:42110032-42110632|1,1,0.6883987745889563,0.8674581,0.97342527,False,True
chr20:10275262-10275862|1,1,0.5482884884562903,0.8043522,0.9153686,True,True
chr20:26081089-26081689|1,1,0.7221910624673569,0.9678877,0.9188861,False,True
chr21:40708153-40708753|1,1,0.5499236794543043,0.74296546,0.9898427,True,True
chr21:44399140-44399740|1,1,0.7610183636047603,0.9268281,0.9951389,False,True
chr21:31223105-31223705|1,1,0.4964384381722695,0.73651665,0.98780197,True,True
chr20:44428156-44428756|1,1,0.6383458518245313,0.78658295,0.9541047,True,True
chr20:45951846-45952446|1,1,0.7237209499661579,0.8112155,0.9694508,True,True
chr21:34262620-34263220|1,1,0.516676895869236,0.58812255,0.6845044,True,True
chr21:43057844-43058444|1,1,0.7456032807477898,0.7159043,0.9950211,False,True
chr20:39960000-39960600|0,0,0.47945574267749086,0.83726394,0.3202468,False,True
chr21:46037597-46038197|1,1,0.7596819549766791,0.71459013,0.28421414,False,True
chr20:28489000-28489600|0,0,0.46685757328761074,0.06254817,0.00069924287,False,True
chr20:50143201-50143801|1,1,0.6801827270474409,0.5280709,0.844339,False,True
chr20:33010816-33011416|1,1,0.7259747303487802,0.7043153,0.9366249,False,True
chr20:32660000-32660600|0,0,0.698186669867422,0.70722497,0.32568857,True,True
chr21:18312644-18313244|1,1,0.361071919684012,0.43173474,0.6379068,True,True
chr20:42765000-42765600|0,0,0.5048947265084661,0.33004358,0.40575382,False,True
chr20:39126000-39126600|0,0,0.558502008418074,0.53458226,0.3065383,False,True
chr20:38174000-38174600|0,0,0.49392550214440045,0.57585347,0.25950763,False,True
chr20:50489000-50489600|0,0,0.46490217726453986,0.29898435,0.29078776,False,True
chr21:29133113-29133713|1,1,0.5092966816339383,0.8878055,0.905864,True,True
chr20:18126000-18126600|0,0,0.4558599631573993,0.20440917,0.0074546393,False,True
chr20:48816000-48816600|0,0,0.5825160125240861,0.72744054,0.47242686,True,True
chr20:63408112-63408712|1,1,0.8141493813005034,0.81954664,0.9951676,False,True
chr20:36891000-36891600|0,0,0.6460344594604952,0.2785904,0.32305697,True,True
chr20:5549000-5549600|0,0,0.4580964923719466,0.34254098,0.99885404,False,True
chr20:22607045-22607645|1,1,0.4764412568238987,0.68348396,0.9313704,True,True
chr21:6048000-6048600|0,0,0.5163299876850509,0.34021077,0.27596045,True,True
chr21:33640878-33641478|1,1,0.47249342177308074,0.8811501,0.7760202,True,True
chr20:23555000-23555600|0,0,0.4101257897506315,0.075816974,0.032082755,True,True
chr21:25757903-25758503|1,1,0.40270689867610426,0.60385025,0.99215674,True,True
chr20:48621000-48621600|0,0,0.7168767745674399,0.764707,0.36429054,True,True
chr20:49969000-49969600|0,0,0.49515938137260496,0.44587383,0.13078769,False,True
chr20:47396848-47397448|1,1,0.5427450200640488,0.69352204,0.3666262,True,True
chr20:34132209-34132809|1,1,0.8464947065670193,0.5831386,0.34119523,False,True
chr21:13038123-13038723|1,1,0.75990385288253,0.9564401,0.9989593,False,True
chr21:43780000-43780600|0,0,0.5161565276698298,0.25359362,0.07894918,True,True
chr20:63255000-63255600|0,0,0.7672297236920164,0.7221131,0.9337087,True,True
chr20:13869202-13869802|1,1,0.42680437520622805,0.7167248,0.3615351,True,True
chr20:57003000-57003600|0,0,0.6508092918878569,0.7574391,0.5347563,True,True
chr20:55171000-55171600|0,0,0.42782386742091644,0.08002773,0.00052964,False,True
chr21:41147661-41148261|1,1,0.5679197776971651,0.4431325,0.7979079,True,True
chr21:9366974-9367574|1,1,0.6826548097142894,0.49845004,0.24610344,True,True
chr21:45930544-45931144|1,1,0.7362191676163887,0.6646822,0.5133781,True,True
chr21:28153000-28153600|0,0,0.2917030436597134,0.48681504,0.2551135,False,False
chr20:59903000-59903600|0,0,0.33477230895816223,0.13327183,0.09937744,False,True
chr20:19873000-19873600|0,0,0.4802588171771398,0.27631354,0.07119645,False,True
chr20:25207096-25207696|1,1,0.7373813325909337,0.9385729,0.9910323,False,True
chr21:20468000-20468600|0,0,0.3183950280625407,0.19937755,0.62156606,False,False
chr21:39528000-39528600|0,0,0.6288113603310931,0.8678076,0.74279207,True,True
chr21:34285000-34285600|0,0,0.4548767966264223,0.37328896,0.23172744,False,True
chr20:10038346-10038946|1,1,0.4341803933636509,0.29251668,0.9982091,True,True
chr20:9594000-9594600|0,0,0.511058429220998,0.41957673,0.61561424,False,True
chr20:4132000-4132600|0,0,0.4580965919677917,0.30590722,0.063486755,False,True
chr21:36237113-36237713|1,1,0.6610630942295073,0.8957742,0.99231964,True,True
chr20:60154200-60154800|1,1,0.3215790626456625,0.22963744,0.014492468,True,True
chr21:13270000-13270600|0,0,0.4891097045132223,0.25278527,0.68143874,True,True
chr20:63431039-63431639|1,1,0.7046660959689272,0.74981105,0.6762594,True,True
chr20:59486000-59486600|0,0,0.49783567445258753,0.25897425,0.088584974,False,True
chr21:37238159-37238759|1,1,0.5421161409096605,0.84694797,0.99772805,True,True
chr20:34929100-34929700|1,1,0.6483774277444483,0.7361529,0.98937947,True,True
chr20:57042000-57042600|0,0,0.341130289387639,0.31653664,0.25909045,False,True
chr21:36579992-36580592|1,1,0.5430745959214417,0.4353455,0.3067878,True,True
chr20:2555000-2555600|0,0,0.506318011345711,0.17528558,0.022995671,False,True
chr21:43816000-43816600|0,0,0.7879714212059336,0.77505136,0.21842673,True,True
chr20:48654989-48655589|1,1,0.6341017687768957,0.5475228,0.9530414,True,True
chr21:15570891-15571491|1,1,0.4399526907126947,0.2675583,0.059037786,True,True
chr21:38066000-38066600|0,0,0.4834570303415265,0.16837913,0.4245877,True,True
chr21:40870000-40870600|0,0,0.47336495957347763,0.13575256,0.035972405,False,True
chr20:32889105-32889705|1,1,0.675895630171532,0.45199442,0.9590791,False,True
chr20:14978000-14978600|0,0,0.4032520483385054,0.46019766,0.4376387,True,True
chr20:39678000-39678600|0,0,0.5301369537265511,0.4197442,0.8587365,True,True
chr20:3780878-3781478|1,1,0.6552566820143599,0.65007013,0.9475456,False,True
chr21:10096000-10096600|0,0,0.3189927417985948,0.121052794,0.06876927,False,False
chr20:50702000-50702600|0,0,0.6435111737052092,0.18733327,0.12348266,True,True
chr20:5594000-5594600|0,0,0.5863116057072567,0.40780166,0.028216043,True,True
chr20:59987337-59987937|1,1,0.5286074845241308,0.83234423,0.88718724,True,True
chr20:37676785-37677385|1,1,0.6554153339620513,0.6423388,0.66202897,True,True
chr20:32727592-32728192|1,1,0.5689578673066501,0.5732004,0.9758866,True,True
chr21:21813000-21813600|0,0,0.39341534785475984,0.49037936,0.13573286,True,True
chr20:45492000-45492600|0,0,0.5437130890306057,0.6490318,0.4353976,True,True
chr21:30702000-30702600|0,0,0.37650564629739475,0.2946168,0.28595462,False,True
chr21:41854265-41854865|1,1,0.7176079034812008,0.9899183,0.99847287,False,True
chr20:6096601-6097201|1,1,0.429053913516108,0.8479326,0.9966671,True,True
chr21:11984000-11984600|0,0,0.4516534738358267,0.082760155,0.0047144634,False,True
chr21:19978000-19978600|0,0,0.47834781988736436,0.5550384,0.095190406,False,True
chr21:8630000-8630600|0,0,0.29725137631224563,0.4911571,0.33990633,False,False
chr20:25366000-25366600|0,0,0.45475823440897545,0.16415267,0.2665229,False,True
chr20:13109916-13110516|1,1,0.516888423729851,0.6102447,0.93039924,True,True
chr20:3621000-3621600|0,0,0.5781008734674945,0.43369627,0.8067612,True,True
chr20:58675000-58675600|0,0,0.7298449460220774,0.92107886,0.7182546,True,True
chr20:32805106-32805706|1,1,0.5841873062624966,0.66646403,0.9567166,True,True
chr20:60579000-60579600|0,0,0.4628467827042961,0.6428923,0.2170855,True,True
chr21:18810000-18810600|0,0,0.5500837792300686,0.50457156,0.1504986,True,True
chr20:33243000-33243600|0,0,0.6092760053608358,0.6891468,0.54115766,True,True
chr20:22732090-22732690|1,1,0.3120251367984703,0.3313471,0.05630783,True,True
chr21:22801000-22801600|0,0,0.2816094473410525,0.3790561,0.008532895,False,False
chr21:23246000-23246600|0,0,0.45468632958179533,0.22697462,0.1603568,False,True
chr21:29588538-29589138|1,1,0.3907275079326174,0.5933473,0.97247934,True,True
chr20:18142618-18143218|1,1,0.48328983535832254,0.8842659,0.9979924,True,True
chr20:41445364-41445964|1,1,0.5442070863635378,0.5646041,0.9984875,True,True
chr21:41390402-41391002|1,1,0.6987465507726232,0.5916383,0.95996785,False,True
chr20:43570428-43571028|1,1,0.7183378861658685,0.79060304,0.87091845,False,True
chr20:63865083-63865683|1,1,0.811121483566897,0.9884144,0.99846244,False,True
chr20:4183353-4183953|1,1,0.6265114350716889,0.92205274,0.99480104,True,True
chr21:19246000-19246600|0,0,0.5631855165256561,0.95812625,0.99997294,True,True
chr20:55192000-55192600|0,0,0.40832545551004296,0.4216904,0.12127187,False,True
chr21:30873000-30873600|0,0,0.3811667688313226,0.1826797,0.14590499,False,True
chr20:55606000-55606600|0,0,0.4933065563333376,0.4307423,0.136858,False,True
chr21:26198000-26198600|0,0,0.47731643071033525,0.33329847,0.22040692,False,True
chr20:60921000-60921600|0,0,0.6117512185252595,0.5105768,0.28443182,True,True
chr20:25478622-25479222|1,1,0.671493112413154,0.93609536,0.99799407,True,True
chr21:17297000-17297600|0,0,0.576933588658118,0.4555462,0.07215267,True,True
chr21:40337800-40338400|1,1,0.5262293516321829,0.86591977,0.9910602,True,True
chr21:32531000-32531600|0,0,0.5731407630964807,0.5751361,0.27808788,True,True
chr21:11117000-11117600|0,0,0.4051090102731253,0.04850363,0.010186755,True,True
chr20:30333000-30333600|0,0,0.564269479945873,0.2121373,0.028847,True,True
chr21:32930755-32931355|1,1,0.5922039101847666,0.6223811,0.14711374,True,True
chr20:13060000-13060600|0,0,0.38179890460415455,0.44081467,0.08828818,False,True
chr20:34840000-34840600|0,0,0.43272692666580076,0.21341522,0.03795518,False,True
chr21:45531088-45531688|1,1,0.8380700276746881,0.87236315,0.9959214,False,True
chr21:18563014-18563614|1,1,0.46188056404324845,0.83340675,0.7006185,True,True
chr20:47661472-47662072|1,1,0.6364748258109989,0.89894944,0.9909697,True,True
chr20:63837000-63837600|0,0,0.7858777092868987,0.8316329,0.3584295,True,True
chr20:19280786-19281386|1,1,0.6377002488504887,0.95482117,0.9782139,True,True
chr20:3691039-3691639|1,1,0.7209403301856215,0.526637,0.9893111,False,True
chr20:58895383-58895983|1,1,0.5184932404300764,0.7769605,0.9444557,True,True
chr20:19681690-19682290|1,1,0.5733073252752892,0.47237355,0.7652141,True,True
chr21:44732000-44732600|0,0,0.6752972692069147,0.784835,0.7889177,True,True
chr21:39462259-39462859|1,1,0.3723015960847477,0.4699667,0.97764444,True,True
chr21:40543000-40543600|0,0,0.48656305530892613,0.48546612,0.24952309,True,True
chr21:17767285-17767885|1,1,0.524449662821555,0.43863112,0.5925931,True,True
chr20:31981000-31981600|0,0,0.6128006319800992,0.049365688,0.028065514,True,True
chr21:36861000-36861600|0,0,0.5426622789515175,0.62706816,0.25773302,True,True
chr20:56364961-56365561|1,1,0.5649702118011858,0.7212198,0.8102245,True,True
chr21:10399000-10399600|0,0,0.6253055896611829,0.41691685,0.28842762,True,True
chr21:44063484-44064084|1,1,0.5874452370535508,0.9178919,0.99912137,True,True
chr20:34588152-34588752|1,1,0.4973004010070478,0.7717949,0.8385758,True,True
chr20:45424080-45424680|1,1,0.7151149791703076,0.83078146,0.99952185,False,True
chr21:38588000-38588600|0,0,0.5990045300924434,0.8601243,0.6872457,False,True
chr21:43387000-43387600|0,0,0.7120623975755268,0.860904,0.47678465,True,True
chr20:50066000-50066600|0,0,0.6566558076597045,0.19624025,0.051950157,True,True
chr20:42045000-42045600|0,0,0.45960956575030926,0.5637704,0.15610011,False,True
chr21:40963000-40963600|0,0,0.4509191356740538,0.27195197,0.10439215,False,True
chr20:1405000-1405600|0,0,0.5861171497568058,0.359436,0.6272772,True,True
chr20:5967286-5967886|1,1,0.37267354793676893,0.7523957,0.9988966,True,True
chr20:43057000-43057600|0,0,0.5466871104060331,0.16619536,0.26407695,False,True
chr21:31459000-31459600|0,0,0.5226738489883539,0.2279846,0.2641823,False,True
chr21:12459000-12459600|0,0,0.4275316687400881,0.048614938,0.00069638726,True,True
chr21:39993000-39993600|0,0,0.5230845771231182,0.6938494,0.7945252,True,True
chr20:62033000-62033600|0,0,0.6511235848322127,0.55091834,0.41474125,True,True
chr20:45110073-45110673|1,1,0.7280145675072496,0.84828746,0.97809666,False,True
chr20:49063043-49063643|1,1,0.3625266175323263,0.38418582,0.98766416,True,True
chr21:16087000-16087600|0,0,0.3625266175323263,0.5004287,0.20380998,True,True
chr20:57168000-57168600|0,0,0.6589298863123008,0.9019025,0.4107909,True,True
chr20:1001785-1002385|1,1,0.8457188831399202,0.96887344,0.9840434,False,True
chr21:6570000-6570600|0,0,0.6736449733688494,0.16377418,0.054400865,True,True
chr21:44945000-44945600|0,0,0.7056962249234853,0.91385335,0.8022678,True,True
chr20:37039852-37040452|1,1,0.4149848823688384,0.718209,0.95837766,True,True
chr20:45300586-45301186|1,1,0.6589298863123008,0.7480091,0.98660374,True,True
chr21:45465000-45465600|0,0,0.6477554142368486,0.9184482,0.706083,True,True
chr20:8739059-8739659|1,1,0.4488100897682007,0.41917202,0.96322,True,True
chr21:26934165-26934765|1,1,0.552838119304679,0.9229171,0.9978933,True,True
chr20:48081000-48081600|0,0,0.4065322215769969,0.20993194,0.065039575,True,True
chr21:42137340-42137940|1,1,0.7150175374179264,0.57727045,0.9729413,True,True
chr21:26393000-26393600|0,0,0.33893127779284915,0.45596474,0.16825059,False,True
chr21:39247400-39248000|1,1,0.3657389296730823,0.5071356,0.93628603,True,True
chr21:9369000-9369600|0,0,0.30930633281851766,0.42929113,0.66678184,True,True
chr21:38540000-38540600|0,0,0.4970979770567915,0.2717016,0.3326788,False,True
chr20:15231000-15231600|0,0,0.34592271851010836,0.4757901,0.50128555,False,True
chr21:42276644-42277244|1,1,0.6832759797448094,0.30362785,0.6724213,False,True
chr20:52582000-52582600|0,0,0.5791684171727591,0.4394114,0.3822964,False,True
chr20:37957000-37957600|0,0,0.4533534345887399,0.65191257,0.52086234,False,True
chr20:58726000-58726600|0,0,0.428855672981972,0.090527475,0.05382487,False,True
chr21:31813000-31813600|0,0,0.5203432244908566,0.09596369,0.044753753,True,True
chr20:59940234-59940834|1,1,0.7611936914749331,0.9393969,0.9345512,False,True
chr21:45102000-45102600|0,0,0.516888423729851,0.37120244,0.37901834,True,True
chr21:44329330-44329930|1,1,0.6906950821879042,0.80212176,0.60094637,False,True
chr20:31559346-31559946|1,1,0.6342107473350146,0.77316785,0.61997133,True,True
chr21:38030000-38030600|0,0,0.5771051364565559,0.23418838,0.13205852,False,True
chr20:63618966-63619566|1,1,0.7128380964536442,0.8989047,0.96481043,False,True
chr21:36276799-36277399|1,1,0.6091326200373883,0.7717381,0.94994706,True,True
chr20:47676193-47676793|1,1,0.744215147090385,0.87517816,0.9840448,False,True
chr20:47186000-47186600|0,0,0.5708420405131338,0.23695904,0.33805567,True,True
chr20:32750000-32750600|0,0,0.546039047815495,0.6062456,0.43501174,True,True
chr20:25792000-25792600|0,0,0.7375361713026366,0.9517774,0.9993845,True,True
chr21:31399000-31399600|0,0,0.3068622029047535,0.36268643,0.4437856,True,True
chr20:35954147-35954747|1,1,0.8015579502483254,0.9905635,0.9983181,False,True
chr20:58867185-58867785|1,1,0.533050624820607,0.35867158,0.07876986,True,True
chr20:14009000-14009600|0,0,0.42480784765911633,0.21078114,0.0031281076,False,True
chr20:3225000-3225600|0,0,0.6462951382290286,0.4247368,0.24856752,True,True
chr20:41327000-41327600|0,0,0.5572023571220807,0.21018846,0.40473333,True,True
chr20:13769606-13770206|1,1,0.3828821149640883,0.43210912,0.89913005,True,True
chr20:8760159-8760759|1,1,0.3756431257229278,0.40713415,0.9475058,True,True
chr21:28048236-28048836|1,1,0.46131266241403285,0.25098938,0.16589554,True,True
chr20:1924576-1925176|1,1,0.6548820913823029,0.42283916,0.9770074,False,True
chr21:28936225-28936825|1,1,0.407197655468892,0.18483439,0.98845917,True,True
chr20:40918000-40918600|0,0,0.39737286991111137,0.22031808,0.02971667,False,True
chr21:38150000-38150600|0,0,0.41475168734351475,0.60857975,0.2101263,True,True
chr21:11285000-11285600|0,0,0.4348609810327338,0.04405388,0.009123305,False,True
chr20:645000-645600|0,0,0.5856637112789193,0.38340217,0.2391578,True,True
chr20:4552000-4552600|0,0,0.3062518926049449,0.4099243,0.45206332,False,False
chr21:43448769-43449369|1,1,0.7305413361562707,0.8626693,0.3193374,False,True
chr20:17531000-17531600|0,0,0.8533566812292925,0.9602074,0.99372816,True,True
chr20:25469690-25470290|1,1,0.6854640887863821,0.85550576,0.9678293,False,True
chr20:50564768-50565368|1,1,0.48199090058816146,0.7338691,0.9652772,True,True
chr21:32126000-32126600|0,0,0.39847097846176455,0.6230456,0.21610971,True,True
chr21:41429258-41429858|1,1,0.560485625214996,0.4623033,0.28303826,True,True
chr20:56102000-56102600|0,0,0.4409239463500013,0.27633172,0.14287102,True,True
chr21:33057597-33058197|1,1,0.6787531514266675,0.63768077,0.62559766,True,True
chr21:14510009-14510609|1,1,0.5735263024466606,0.67423123,0.9890492,True,True
chr20:16642000-16642600|0,0,0.5118188705237734,0.39068174,0.51206243,True,True
chr21:39252000-39252600|0,0,0.46434259573676245,0.26189744,0.07536047,False,True
chr20:31864652-31865252|1,1,0.6775679804978008,0.71119636,0.79714864,True,True
chr21:46484527-46485127|1,1,0.355390895600425,0.4413377,0.7911239,True,True
chr20:40015000-40015600|0,0,0.5417560691003853,0.4112814,0.57785743,True,True
chr21:28621000-28621600|0,0,0.4444711092054853,0.35236543,0.010233768,False,True
chr20:62807304-62807904|1,1,0.7406095050212965,0.8435775,0.92143524,False,True
chr20:13858961-13859561|1,1,0.4119459484353896,0.2919549,0.9868433,True,True
chr20:62528000-62528600|0,0,0.618152019516916,0.6160522,0.10447732,True,True
chr20:49637040-49637640|1,1,0.5284376596611745,0.853499,0.9702369,True,True
chr20:14441000-14441600|0,0,0.47786801444510757,0.2575743,0.31051588,False,True
chr20:63428066-63428666|1,1,0.7934114890807134,0.8585984,0.844216,False,True
chr20:32010183-32010783|1,1,0.7129910217553955,0.58002603,0.78090924,False,True
chr21:9666000-9666600|0,0,0.3242269601703814,0.4439462,0.28657326,False,True
chr20:20792000-20792600|0,0,0.6504735565304751,0.6320503,0.49359003,True,True
chr20:38565177-38565777|1,1,0.3523178661294342,0.46577832,0.98651636,True,True
chr21:42697189-42697789|1,1,0.5912015941862614,0.6222279,0.5479159,True,True
chr21:15804957-15805557|1,1,0.3282036816288005,0.507059,0.8040698,True,True
chr21:25897272-25897872|1,1,0.41837294259069074,0.46540087,0.9748658,True,True
chr20:39864000-39864600|0,0,0.48272392828491084,0.5978804,0.33971104,False,True
chr20:55531000-55531600|0,0,0.4031721931645235,0.42441294,0.3689846,True,True
chr21:25642000-25642600|0,0,0.40366366399038445,0.41010782,0.055621095,False,True
chr20:7253827-7254427|1,1,0.5476512621717177,0.22805116,0.24406092,True,True
chr21:38888592-38889192|1,1,0.4059713310139914,0.67879426,0.40147844,True,True
chr20:20582749-20583349|1,1,0.4673567625875527,0.6711633,0.9783166,True,True
chr21:40978000-40978600|0,0,0.528689596732382,0.17575462,0.08090295,True,True
chr20:40174000-40174600|0,0,0.5417443499215284,0.69361025,0.43146038,True,True
chr20:19970628-19971228|1,1,0.5075405575980082,0.7494122,0.7326995,True,True
chr20:54873000-54873600|0,0,0.37309746487912904,0.3033201,0.11437784,False,True
chr20:48627247-48627847|1,1,0.7636307486528205,0.72089183,0.98326945,True,True
chr20:36195063-36195663|1,1,0.7414550945745398,0.54376024,0.42269653,True,True
chr20:43396000-43396600|0,0,0.4952288759267316,0.06336886,0.00016236937,False,True
chr20:34412338-34412938|1,1,0.30567318906479246,0.36581126,0.3366774,True,True
chr20:39018598-39019198|1,1,0.4611233841103034,0.53947073,0.9613353,True,True
chr20:2525000-2525600|0,0,0.7559249887945989,0.94874954,0.86861736,True,True
chr21:10549000-10549600|0,0,0.4260054741265287,0.5516142,0.21070962,False,True
chr21:37585000-37585600|0,0,0.4533735101699755,0.70689535,0.37359694,False,True
chr20:18378768-18379368|1,1,0.4389818946482904,0.63119483,0.1995727,True,True
chr21:19756000-19756600|0,0,0.4732372474381486,0.4562698,0.15704861,False,True
chr20:47291495-47292095|1,1,0.44427817829925625,0.52856696,0.9414498,True,True
chr21:20990000-20990600|0,0,0.586993779965244,0.22174998,0.12918794,False,True
chr20:45416042-45416642|1,1,0.7619158984026659,0.9895564,0.99987125,True,True
chr21:20105000-20105600|0,0,0.5393023695920325,0.6542024,0.3203431,True,True
chr20:64100695-64101295|1,1,0.6818285181087222,0.74452174,0.6847447,False,True
chr21:14027296-14027896|1,1,0.7578236911476722,0.8966017,0.96920097,True,True
chr20:48816000-48816600|0,0,0.5825160125240861,0.72744054,0.47242686,True,True
chr20:35054675-35055275|1,1,0.49601466086526913,0.86912966,0.60654444,True,True
chr21:8399000-8399600|0,0,0.830862717786776,0.955819,0.9650388,True,True
chr21:34561000-34561600|0,0,0.45019892856277044,0.4958435,0.18896802,False,True
chr20:62894112-62894712|1,1,0.5664425365920952,0.95662016,0.99895287,True,True
chr21:23729000-23729600|0,0,0.35340153189711465,0.46950352,0.117382735,True,True
chr20:57861000-57861600|0,0,0.42321238684381723,0.6759138,0.30152714,False,True
chr21:38988666-38989266|1,1,0.6194354294300616,0.92063177,0.6252313,True,True
chr21:46348885-46349485|1,1,0.4813558170750713,0.74862593,0.99827147,True,True
chr20:48690646-48691246|1,1,0.7050861692614653,0.8519624,0.9882712,True,True
chr20:36039000-36039600|0,0,0.44708587146083306,0.16530997,0.06231995,False,True
chr20:13882000-13882600|0,0,0.4867449372564564,0.4042412,0.056536052,True,True
chr20:46034741-46035341|1,1,0.6571737250345348,0.45222446,0.9487049,True,True
chr20:60186000-60186600|0,0,0.4071426515383455,0.26580685,0.18735781,True,True
chr21:15808584-15809184|1,1,0.3610317094162818,0.539825,0.954043,True,True
chr20:49684000-49684600|0,0,0.6172502812906491,0.22724831,0.048239693,True,True
chr20:52918000-52918600|0,0,0.5302119660592516,0.48391744,0.10748198,True,True
chr20:56533289-56533889|1,1,0.5920549911735733,0.6875509,0.775429,True,True
chr20:44936429-44937029|1,1,0.6925820810321157,0.8462993,0.9883812,False,True
chr21:15965106-15965706|1,1,0.3481946713431551,0.3289055,0.5734606,True,True
chr21:7216000-7216600|0,0,0.4105577494119094,0.16754107,0.008585964,False,True
chr20:37357000-37357600|0,0,0.7204124982024794,0.77578914,0.5420607,True,True
chr20:27390000-27390600|0,0,0.46760346117159357,0.12616543,0.00023882139,False,True
chr21:42579499-42580099|1,1,0.7322278448133569,0.8775148,0.91195995,False,True
chr21:27156000-27156600|0,0,0.43359191109885425,0.5366694,0.4384229,False,True
chr20:29849000-29849600|0,0,0.40972164224064533,0.053223733,0.023632465,False,True
chr21:14414000-14414600|0,0,0.4620698866458548,0.40922323,0.16422613,False,True
chr20:44948429-44949029|1,1,0.5555863332489555,0.47381118,0.6331383,True,True
chr21:43669665-43670265|1,1,0.46984198054643006,0.7313827,0.98128796,True,True
chr20:14060000-14060600|0,0,0.43975849450314747,0.39507526,0.31793207,True,True
chr20:7405000-7405600|0,0,0.3640799169354574,0.357944,0.3189019,False,True
chr20:57486000-57486600|0,0,0.40358184977000927,0.1385968,0.0022713146,True,True
chr20:38307380-38307980|1,1,0.6156359952270102,0.43002602,0.96597934,True,True
chr20:26597000-26597600|0,0,0.46265899357483026,0.17079566,0.010096195,True,True
chr20:34241188-34241788|1,1,0.44182321149577686,0.60576546,0.76639813,True,True
chr21:43903718-43904318|1,1,0.6121593521372881,0.8180552,0.9135646,True,True
chr21:36164292-36164892|1,1,0.5112567522798735,0.5547857,0.89669245,True,True
chr20:55411682-55412282|1,1,0.4278648139345055,0.11039197,0.09171662,True,True
chr20:16789000-16789600|0,0,0.44861844841131826,0.17298518,0.030940868,False,True
chr21:28396000-28396600|0,0,0.6041955387523061,0.15681233,0.4082101,True,True
chr21:46219175-46219775|1,1,0.7241106377470158,0.36311334,0.6194732,False,True
chr21:37415264-37415864|1,1,0.5101746603275811,0.19148237,0.07742449,True,True
chr21:29372262-29372862|1,1,0.5363915267494718,0.75630367,0.9049961,True,True
chr20:7069393-7069993|1,1,0.45942607720580386,0.42983493,0.05951696,True,True
chr21:26021539-26022139|1,1,0.496259313754144,0.72341317,0.9771403,True,True
chr20:26903000-26903600|0,0,0.4433137769012971,0.054003537,0.0006574725,False,True
chr20:3864487-3865087|1,1,0.7137633893615335,0.6809897,0.28861424,False,True
chr21:38207000-38207600|0,0,0.6412903168013322,0.4694413,0.6805996,True,True
chr21:13628151-13628751|1,1,0.29028189699777474,0.4054663,0.32053754,True,True
chr20:45306643-45307243|1,1,0.7846996827350974,0.922604,0.85219145,False,True
chr20:25222677-25223277|1,1,0.7241526404402632,0.85892326,0.9930403,False,True
chr20:40831000-40831600|0,0,0.5934503372313534,0.5774214,0.23784429,False,True
chr21:7387000-7387600|0,0,0.6541387594339844,0.55451065,0.9908731,True,True
chr20:47236025-47236625|1,1,0.6035793728983158,0.8335184,0.9976484,True,True
chr20:5115148-5115748|1,1,0.390653352492348,0.6850576,0.99796426,True,True
chr20:462035-462635|1,1,0.8920149510279155,0.97627556,0.99637467,False,True
chr20:44921430-44922030|1,1,0.6847874201902686,0.74168247,0.8599507,False,True
chr20:26570000-26570600|0,0,0.46265899357483026,0.097153224,0.0068334825,False,True
chr20:3471216-3471816|1,1,0.8086505294666695,0.97490895,0.95150155,False,True
chr20:38508907-38509507|1,1,0.5019065693802768,0.6214987,0.55113643,True,True
chr20:2729000-2729600|0,0,0.49001936597505646,0.56317985,0.51133174,True,True
chr20:18396171-18396771|1,1,0.3929378778766138,0.22756518,0.3999286,True,True
chr20:5705000-5705600|0,0,0.5458744396853726,0.33788186,0.27131537,True,True
chr21:34205023-34205623|1,1,0.6172438037147779,0.44344026,0.47588298,True,True
chr20:46057002-46057602|1,1,0.7426350693886512,0.9595755,0.9999083,True,True
chr20:62142174-62142774|1,1,0.661437929972908,0.9573088,0.85845786,False,True
chr21:18343205-18343805|1,1,0.3391508682763033,0.40197104,0.33464903,True,True
chr20:57795000-57795600|0,0,0.6644224742587589,0.7969619,0.46929485,True,True
chr21:33636000-33636600|0,0,0.37798150501915684,0.38907903,0.20917277,False,True
chr20:50574353-50574953|1,1,0.5466676628494068,0.6695082,0.8926883,True,True
chr20:51842384-51842984|1,1,0.528689596732382,0.5872411,0.064900994,True,True
chr21:23834000-23834600|0,0,0.5137276976610171,0.36637563,0.41989395,True,True
chr21:36300000-36300600|0,0,0.5967961069241313,0.11097254,0.07092525,True,True
chr20:57156606-57157206|1,1,0.5683097969252545,0.8999203,0.65838456,True,True
chr20:61948000-61948600|0,0,0.7620567901386477,0.6498128,0.25377014,True,True
chr20:51246000-51246600|0,0,0.5156788449930787,0.48152286,0.3806735,True,True
chr21:39250495-39251095|1,1,0.30446748134349616,0.4088409,0.9801429,True,True
chr21:25712081-25712681|1,1,0.36145855282582395,0.30284417,0.7986,True,True
chr21:9124061-9124661|1,1,0.440037698217304,0.15735105,0.4140943,True,True
chr21:10342315-10342915|1,1,0.8064013840486152,0.98530036,0.96688956,False,True
chr21:14971268-14971868|1,1,0.34491794245655716,0.2658972,0.2091482,True,True
chr20:33435000-33435600|0,0,0.6558405067426983,0.18504909,0.04904109,True,True
chr20:15777000-15777600|0,0,0.40862982919526697,0.23291324,0.38397655,False,True
chr21:42543301-42543901|1,1,0.7271852857378508,0.8392619,0.99884677,False,True
chr20:62159660-62160260|1,1,0.7226835033121071,0.90415907,0.98847175,False,True
chr20:23675000-23675600|0,0,0.4938481509045353,0.15085709,0.11231378,False,True
chr20:40183000-40183600|0,0,0.4973004010070478,0.65420204,0.7836233,False,True
chr20:61165000-61165600|0,0,0.5649702118011858,0.8779457,0.3988684,True,True
chr21:41745458-41746058|1,1,0.7135191773095707,0.9475789,0.9920338,False,True
chr20:36541260-36541860|1,1,0.8442811219165675,0.943305,0.90540653,False,True
chr20:24199533-24200133|1,1,0.5696459136491415,0.7079969,0.66684294,True,True
chr20:37301112-37301712|1,1,0.5701113365314674,0.74448013,0.99539524,True,True
chr20:9379861-9380461|1,1,0.3259890558147792,0.7469028,0.98752034,True,True
chr20:14381000-14381600|0,0,0.32202611749193083,0.242764,0.15619344,False,True
chr21:41876971-41877571|1,1,0.7036674793854214,0.6952016,0.35792094,True,True
chr20:2536354-2536954|1,1,0.7313711233259557,0.9096345,0.7246143,False,True
chr20:18195000-18195600|0,0,0.5112281514322377,0.5831681,0.025796724,True,True
chr21:17417000-17417600|0,0,0.5024747874479162,0.14745462,0.50707275,False,True
chr21:41954000-41954600|0,0,0.8350530288409201,0.8885626,0.8326054,True,True
chr20:37119397-37119997|1,1,0.4781438498658195,0.41834378,0.33175582,True,True
chr21:33601933-33602533|1,1,0.3983234354607062,0.31983945,0.22051093,True,True
chr21:41684000-41684600|0,0,0.6304284358723891,0.77714974,0.68557596,True,True
chr20:40480000-40480600|0,0,0.48070829051234515,0.3613634,0.14471686,False,True
chr20:37184072-37184672|1,1,0.6059283319985131,0.6023305,0.95134884,True,True
chr21:29450000-29450600|0,0,0.5520261172590878,0.21494798,0.08891354,True,True
chr21:13144000-13144600|0,0,0.4276147618186044,0.26163894,0.2491638,False,True
chr21:33786000-33786600|0,0,0.3773487154803645,0.8006003,0.53155434,False,True
chr21:14304059-14304659|1,1,0.3215790626456625,0.4958881,0.12787458,True,True
chr20:4771000-4771600|0,0,0.49037411042147083,0.42542377,0.1579888,False,True
chr20:26108000-26108600|0,0,0.42082220523412045,0.30533993,0.023888228,False,True
chr20:41372000-41372600|0,0,0.6424580884339651,0.17505397,0.29667267,True,True
chr21:12651000-12651600|0,0,0.44312094764490684,0.05184502,1.96926e-05,False,True
chr20:13048829-13049429|1,1,0.440037698217304,0.23563595,0.99164504,True,True
chr20:51309000-51309600|0,0,0.5663389034279585,0.18215194,0.23158999,False,True
chr20:48688356-48688956|1,1,0.6972923419016483,0.8015953,0.9913333,True,True
chr20:49547540-49548140|1,1,0.6054637360594026,0.5848673,0.99433315,True,True
chr21:35768000-35768600|0,0,0.5154626490946721,0.48927853,0.34770307,True,True
chr21:11558000-11558600|0,0,0.44861844841131826,0.07264872,0.0010559729,False,True
chr20:39215246-39215846|1,1,0.5163700562467699,0.36339623,0.38978502,True,True
chr21:29936000-29936600|0,0,0.4446187815834365,0.4146764,0.11685113,True,True
chr21:44254316-44254916|1,1,0.7332467069525351,0.9241081,0.89593923,False,True
chr20:61321000-61321600|0,0,0.5622823497820514,0.6677466,0.42932624,True,True
chr21:10693000-10693600|0,0,0.49369776690812806,0.016795835,0.49869847,False,True
chr20:43324000-43324600|0,0,0.6219327541024449,0.39660063,0.54500234,True,True
chr20:32483061-32483661|1,1,0.8953557331755121,0.96373737,0.9545843,False,True
chr21:28894000-28894600|0,0,0.5474738974469086,0.23346847,0.030951865,True,True
chr21:44052175-44052775|1,1,0.515333216704388,0.9035138,0.9968484,True,True
chr20:35972465-35973065|1,1,0.5597833493429992,0.69087535,0.9790844,True,True
chr20:11204000-11204600|0,0,0.3140650256147071,0.46070674,0.05653944,False,False
chr20:57331645-57332245|1,1,0.3432238551161344,0.32529888,0.8755439,True,True
chr20:62362099-62362699|1,1,0.774364482574254,0.960659,0.97736335,False,True
chr21:44972964-44973564|1,1,0.7787194724326505,0.47867867,0.8150815,False,True
chr21:32883926-32884526|1,1,0.5630268013901448,0.69044596,0.8570822,True,True
chr21:17162000-17162600|0,0,0.49102562988819337,0.420983,0.2994247,False,True
chr21:11132000-11132600|0,0,0.44861844841131826,0.042978514,0.0131870825,False,True
chr21:22033000-22033600|0,0,0.46322772632396936,0.42518646,0.5152613,False,True
chr20:30294524-30295124|1,1,0.6079848607267481,0.31535128,0.104399495,True,True
chr20:3202912-3203512|1,1,0.7559249887945989,0.83058363,0.97740024,False,True
chr20:54045000-54045600|0,0,0.4367243756627566,0.25738177,0.034040667,False,True
chr21:43748779-43749379|1,1,0.679936093709929,0.7482515,0.9250067,False,True
chr20:15924000-15924600|0,0,0.4379116921299209,0.27111593,0.35552996,False,True
chr20:59792000-59792600|0,0,0.5091343907951865,0.41214964,0.28933004,False,True
chr20:52840000-52840600|0,0,0.6526927542573313,0.46610793,0.31133613,True,True
chr20:45057000-45057600|0,0,0.5393400672526208,0.505259,0.2909678,True,True
chr20:28630000-28630600|0,0,0.39602268532837237,0.3489886,0.020368269,False,True
chr20:19282838-19283438|1,1,0.5252097810910187,0.611113,0.5549936,True,True
chr20:54702000-54702600|0,0,0.5959213165740643,0.33956861,0.2735537,True,True
chr21:22189000-22189600|0,0,0.43083909546408794,0.24433543,0.08615525,False,True
chr20:19960510-19961110|1,1,0.5725958156548827,0.33642626,0.9872242,True,True
chr20:54465000-54465600|0,0,0.38074556840434315,0.25463068,0.08845616,False,True
chr20:3209265-3209865|1,1,0.771911765389498,0.93246084,0.991759,False,True
chr21:37849000-37849600|0,0,0.5968118754993683,0.47819796,0.40947115,True,True
chr21:40792000-40792600|0,0,0.5575241151957125,0.24515352,0.15654168,True,True
chr20:34369169-34369769|1,1,0.549263259805103,0.35325953,0.7693068,True,True
chr21:29108882-29109482|1,1,0.4582864823482013,0.61805254,0.44197863,True,True
chr21:37719046-37719646|1,1,0.6159493040255403,0.6905585,0.50482816,True,True
chr21:9996000-9996600|0,0,0.30784953887627853,0.6927503,0.72176224,False,False
chr21:21972819-21973419|1,1,0.3615502346256066,0.3834143,0.9641458,True,True
chr21:33498000-33498600|0,0,0.5419209173235352,0.07543994,0.41472763,True,True
chr20:23234000-23234600|0,0,0.6066495463915534,0.22892058,0.102611355,True,True
chr20:51594000-51594600|0,0,0.5230845771231182,0.64563066,0.41399834,True,True
chr20:30105000-30105600|0,0,0.4406623022098354,0.036246065,0.059233844,False,True
chr21:42855381-42855981|1,1,0.6768518123385074,0.94680053,0.9937621,False,True
chr20:3373747-3374347|1,1,0.4861021337438819,0.55563766,0.99176896,True,True
chr20:61513000-61513600|0,0,0.7084761373717641,0.7712097,0.28298238,True,True
chr20:26528000-26528600|0,0,0.4378931545415143,0.057639647,0.0042943754,False,True
chr20:32572211-32572811|1,1,0.6919540599324966,0.80259615,0.28253394,True,True
chr21:32652987-32653587|1,1,0.41839411801387855,0.6019498,0.9157589,True,True
chr21:21426000-21426600|0,0,0.4274686318097054,0.29454342,0.07593165,False,True
chr20:25288182-25288782|1,1,0.7640621581547761,0.6270674,0.923053,False,True
chr21:14312819-14313419|1,1,0.38167956571529,0.5212093,0.99074554,True,True
chr20:1951247-1951847|1,1,0.5886838567920006,0.7951158,0.4134485,True,True
chr20:58003766-58004366|1,1,0.5982687675368729,0.6455897,0.39465708,True,True
chr20:36766468-36767068|1,1,0.4883075443430797,0.31328583,0.39916185,True,True
chr21:45171383-45171983|1,1,0.4690956681101905,0.7206235,0.9999082,True,True
chr20:58861000-58861600|0,0,0.5198251203029001,0.4329976,0.3661741,False,True
chr21:37912000-37912600|0,0,0.386545728092298,0.4349669,0.3196893,True,True
chr20:19732000-19732600|0,0,0.5390619126943432,0.14885843,0.024646515,True,True
chr20:61997249-61997849|1,1,0.4763997923546325,0.94474703,0.9834868,True,True
chr20:16795000-16795600|0,0,0.43359191109885425,0.3266985,0.12070668,False,True
chr20:12594000-12594600|0,0,0.5170237879803974,0.45551187,0.60854787,False,True
chr20:5578079-5578679|1,1,0.4338533673396097,0.7050456,0.9915297,True,True
chr20:33012606-33013206|1,1,0.644574652346341,0.9217273,0.96299237,True,True
chr21:34507000-34507600|0,0,0.5474927746626833,0.63626623,0.27631396,True,True
chr20:16993000-16993600|0,0,0.4417939950065507,0.2631708,0.004258777,False,True
chr20:45279000-45279600|0,0,0.6116740535169899,0.30654332,0.12720276,True,True
chr20:4876000-4876600|0,0,0.5277582947720263,0.62344396,0.6695076,True,True
chr21:32324190-32324790|1,1,0.5739186710554182,0.9597648,0.70203406,True,True
chr20:21438000-21438600|0,0,0.4268745331723257,0.37445518,0.20466855,False,True
chr20:18279000-18279600|0,0,0.5175795236481784,0.6839064,0.2196388,False,True
chr20:1015000-1015600|0,0,0.5680150279611986,0.22699676,0.2839722,True,True
chr20:9544068-9544668|1,1,0.5740742088839855,0.33392438,0.72550684,True,True
chr20:336000-336600|0,0,0.5699976121368656,0.33463448,0.04933173,True,True
chr20:4702000-4702600|0,0,0.5461757260270337,0.39266112,0.020796536,True,True
chr21:20789000-20789600|0,0,0.4358800812754,0.4829259,0.18595438,False,True
chr21:13935214-13935814|1,1,0.8110453125965902,0.18363729,0.005142911,True,True
chr20:41618039-41618639|1,1,0.8011919645114581,0.9485862,0.87301224,False,True
chr20:44738519-44739119|1,1,0.5407923367854329,0.4316006,0.418568,True,True
chr20:62427159-62427759|1,1,0.7689711935294252,0.6121702,0.6098597,False,True
chr20:1310499-1311099|1,1,0.7124622848839882,0.7790306,0.9899184,True,True
chr21:33945594-33946194|1,1,0.4294778669597758,0.173548,0.058463503,True,True
chr21:33039000-33039600|0,0,0.43253003258484524,0.25605297,0.16281354,False,True
chr21:32688005-32688605|1,1,0.43242743591275373,0.4953512,0.9806625,True,True
chr20:4033000-4033600|0,0,0.8885899546516774,0.5575067,0.2910678,True,True
chr20:23534007-23534607|1,1,0.47373389068262833,0.8774131,0.98064053,True,True
chr21:37606000-37606600|0,0,0.6229659017820657,0.65602595,0.6813085,True,True
chr20:12994695-12995295|1,1,0.42299183235414245,0.7953052,0.78531605,True,True
chr21:43100152-43100752|1,1,0.6013709674134782,0.8247993,0.9503589,True,True
chr21:15309000-15309600|0,0,0.46377020322498613,0.37144414,0.2900906,False,True
chr21:14918471-14919071|1,1,0.44794667356479734,0.84124815,0.84259653,True,True
chr21:7681296-7681896|1,1,0.5085942571242396,0.31341505,0.2811093,True,True
chr21:17948000-17948600|0,0,0.3193838186442692,0.3052023,0.018843733,False,False
chr20:38807000-38807600|0,0,0.7566508293102147,0.92791665,0.5089598,True,True
chr21:42339000-42339600|0,0,0.639950436069061,0.609352,0.6308002,True,True
chr20:5402000-5402600|0,0,0.5010179322163097,0.21098138,0.10190415,True,True
chr20:10204000-10204600|0,0,0.5182705563193842,0.6036931,0.24571693,False,True
chr20:18369000-18369600|0,0,0.44395318862134103,0.12670635,0.018416144,False,True
chr20:29534000-29534600|0,0,0.3353657715653366,0.6224219,0.25091076,False,True
chr20:31994969-31995569|1,1,0.8302049053346575,0.92485166,0.98424304,True,True
chr21:38726000-38726600|0,0,0.5401709596024818,0.22715665,0.19597995,True,True
chr21:33229915-33230515|1,1,0.8556107460627894,0.97626615,0.96694696,False,True
chr20:420730-421330|1,1,0.8130796314522689,0.96704906,0.9738129,True,True
chr20:54831000-54831600|0,0,0.5027982157860446,0.30155277,0.21268395,False,True
chr21:42974363-42974963|1,1,0.8758414338633744,0.9258883,0.9950364,True,True
chr21:45525516-45526116|1,1,0.783761565515019,0.9255085,0.97641104,False,True
chr20:37102363-37102963|1,1,0.5627569487924265,0.72153175,0.8152537,True,True
chr20:54717000-54717600|0,0,0.534106940031917,0.41302842,0.31589973,True,True
chr21:38741020-38741620|1,1,0.5794762934829316,0.68512726,0.5788303,True,True
chr20:63733051-63733651|1,1,0.7569184818540025,0.82318026,0.9983406,False,True
chr20:22765000-22765600|0,0,0.6095304998283625,0.59925467,0.43896458,True,True
chr20:49489000-49489600|0,0,0.5526758197701956,0.2768945,0.33805895,True,True
chr20:9624000-9624600|0,0,0.37948304567580227,0.5280218,0.16180964,False,True
chr20:60012000-60012600|0,0,0.6851683370573203,0.8634034,0.92846704,True,True
chr20:45316041-45316641|1,1,0.7817009853528106,0.928914,0.9987986,False,True
chr20:41555000-41555600|0,0,0.8849996865835482,0.6171412,0.0032155274,True,True
chr20:45542399-45542999|1,1,0.5706851036932103,0.7236116,0.96681076,True,True
chr21:15471574-15472174|1,1,0.42098194473295053,0.40251517,0.678033,True,True
chr21:15021000-15021600|0,0,0.3904459042782026,0.38516822,0.07022934,False,True
chr21:33012000-33012600|0,0,0.5615438898082552,0.39915264,0.12159427,False,True
chr20:25496362-25496962|1,1,0.7483962738123456,0.8808704,0.98782176,False,True
chr20:28135000-28135600|0,0,0.45373419433923695,0.047713812,0.0077984883,False,True
chr21:7825000-7825600|0,0,0.5391367738249387,0.5311883,0.3374428,True,True
chr21:45899321-45899921|1,1,0.6972923419016483,0.9360995,0.9081417,False,True
chr20:17384000-17384600|0,0,0.5052473820043011,0.14363602,0.057382997,False,True
chr20:49090538-49091138|1,1,0.3552540085609384,0.53373957,0.8680991,True,True
chr20:49222715-49223315|1,1,0.5149422008914744,0.75702214,0.9926179,True,True
chr21:21453000-21453600|0,0,0.32067125135284097,0.34122607,0.40187204,True,True
chr20:23985366-23985966|1,1,0.7597885975183123,0.8757727,0.9893606,False,True
chr21:21456000-21456600|0,0,0.34960179755800763,0.1540049,0.17470635,False,True
chr21:43753418-43754018|1,1,0.7645465267725026,0.75387484,0.96373135,False,True
chr20:23396771-23397371|1,1,0.44218448258908755,0.7344179,0.9919248,True,True
chr20:34637575-34638175|1,1,0.5382276506244843,0.51275,0.98557603,True,True
chr20:3759706-3760306|1,1,0.7535028848023126,0.63751876,0.92353064,True,True
chr20:10066000-10066600|0,0,0.45549408874377634,0.766819,0.18923713,False,True
chr20:1405000-1405600|0,0,0.5861171497568058,0.359436,0.6272772,True,True
chr20:9138000-9138600|0,0,0.3833040969848491,0.40142024,0.120155565,True,True
chr20:53608210-53608810|1,1,0.7211339524045277,0.96904534,0.96316415,False,True
chr21:28429921-28430521|1,1,0.4531823392724147,0.48839575,0.62127,True,True
chr20:46370142-46370742|1,1,0.5559370045607429,0.5618686,0.85675186,True,True
chr21:33577998-33578598|1,1,0.37267354793676893,0.2772967,0.8926391,True,True
chr20:35027000-35027600|0,0,0.4220168394161475,0.19204932,0.067591935,False,True
chr21:28618000-28618600|0,0,0.3599224754142956,0.4945726,0.6127746,True,True
chr20:52455277-52455877|1,1,0.4279261045408577,0.47936666,0.3010268,True,True
chr20:36360000-36360600|0,0,0.6242953190656376,0.43385145,0.14427319,True,True
chr20:56537000-56537600|0,0,0.5592138383676712,0.25654417,0.108234785,False,True
chr20:62660232-62660832|1,1,0.7771740153207438,0.87283295,0.9845191,False,True
chr20:50096371-50096971|1,1,0.47018696339989385,0.7647203,0.9962135,True,True
chr20:44486405-44487005|1,1,0.46685757328761074,0.5321776,0.9911187,True,True
chr21:18262592-18263192|1,1,0.32732560448415443,0.4355132,0.94203746,True,True
chr21:29027673-29028273|1,1,0.37437480588652,0.17011756,0.33767426,True,True
chr21:5150000-5150600|0,0,0.5801745558747224,0.3442836,0.09015509,False,True
chr20:56021000-56021600|0,0,0.5437700580248027,0.3058283,0.052428335,True,True
chr20:63111000-63111600|0,0,0.5481252171491591,0.2733537,0.22524586,True,True
chr21:36043481-36044081|1,1,0.37225707547277204,0.85068715,0.9988005,True,True
chr21:21741000-21741600|0,0,0.361071919684012,0.5247123,0.2292491,False,True
chr20:34111795-34112395|1,1,0.8098337070121087,0.97229195,0.99758863,False,True
chr20:45195000-45195600|0,0,0.4149848823688384,0.15713695,0.013644829,False,True
chr20:23093000-23093600|0,0,0.58596601977671,0.4071008,0.21351074,True,True
chr20:2603000-2603600|0,0,0.4159577696931977,0.27709007,0.10446411,True,True
chr20:26133738-26134338|1,1,0.7154583479827148,0.7448442,0.9371847,False,True
chr20:4627000-4627600|0,0,0.5951737634700373,0.14315155,0.025715122,False,True
chr21:37336000-37336600|0,0,0.5414999211117203,0.18825631,0.055734266,True,True
chr20:4966000-4966600|0,0,0.4237096091494855,0.60458225,0.36449954,False,True
chr21:24009000-24009600|0,0,0.4465426550621796,0.3007291,0.10801807,False,True
chr20:22957000-22957600|0,0,0.6974588872455819,0.7114924,0.26031315,True,True
chr21:15477487-15478087|1,1,0.4981925262481716,0.44817415,0.08064156,True,True
chr21:14753023-14753623|1,1,0.4580965919677917,0.45349416,0.70061505,True,True
chr21:46462221-46462821|1,1,0.4300650051454979,0.8076433,0.9413202,True,True
chr21:23171000-23171600|0,0,0.3175877165662877,0.4856757,0.119559824,False,False
chr20:915605-916205|1,1,0.7228881407826403,0.5961831,0.9984236,True,True
chr20:53912000-53912600|0,0,0.623930003961296,0.8296838,0.4194834,True,True
chr20:9365213-9365813|1,1,0.3564675297469777,0.8312479,0.6397621,True,True
chr20:56933000-56933600|0,0,0.4797070092150393,0.3428599,0.18567291,False,True
chr20:18705000-18705600|0,0,0.47841965215921295,0.39173645,0.2339454,False,True
chr21:41345435-41346035|1,1,0.4234117326016284,0.69590044,0.39480916,True,True
chr21:25561713-25562313|1,1,0.7149914799677685,0.96879536,0.9749468,False,True
chr21:31160144-31160744|1,1,0.5175440952805684,0.8238026,0.9814875,True,True
chr20:51075000-51075600|0,0,0.6558780823585055,0.521388,0.5081125,True,True
chr20:25798002-25798602|1,1,0.7205128487739706,0.65007985,0.5269068,False,True
chr20:61939000-61939600|0,0,0.7362644985660821,0.881619,0.80025864,True,True
chr20:50138000-50138600|0,0,0.6288347204982929,0.6863239,0.40815634,True,True
chr21:14181457-14182057|1,1,0.3888436795007214,0.61046773,0.99256927,True,True
chr21:40939000-40939600|0,0,0.39106836748541135,0.3240644,0.1101576,False,True
chr21:31420000-31420600|0,0,0.46113626173452127,0.58773065,0.6066462,False,True
chr20:9072000-9072600|0,0,0.406704335455616,0.21611577,0.6298017,False,True
chr21:10657000-10657600|0,0,0.4760507029180273,0.0347961,0.0037945583,False,True
chr20:44897000-44897600|0,0,0.44574568997063363,0.3832869,0.053942207,False,True
chr20:20057000-20057600|0,0,0.4955428261436332,0.34770045,0.07926509,True,True
chr20:31723434-31724034|1,1,0.8483448967486427,0.9740737,0.9962076,False,True
chr21:30237000-30237600|0,0,0.43430283930929403,0.76461446,0.67749214,False,True
chr21:7061104-7061704|1,1,0.39426856607936844,0.26277256,0.060296804,True,True
chr21:46402182-46402782|1,1,0.5508953808968204,0.89674026,0.99781823,True,True
chr20:38132039-38132639|1,1,0.6688135137354317,0.83925736,0.9754317,True,True
chr20:41018000-41018600|0,0,0.5088370892678357,0.18283902,0.123661,False,True
chr20:32358531-32359131|1,1,0.8902224209630053,0.93292505,0.96180034,False,True
chr21:8546000-8546600|0,0,0.35025043539196343,0.3735809,0.59705335,True,True
chr20:1328784-1329384|1,1,0.6911043285232013,0.8816917,0.9837083,False,True
chr20:37737183-37737783|1,1,0.5105598397189913,0.4126224,0.34812716,True,True
chr21:41241646-41242246|1,1,0.5780265988465033,0.91955477,0.9977968,True,True
chr20:44478346-44478946|1,1,0.5382276506244843,0.55184394,0.3187667,True,True
chr21:46078000-46078600|0,0,0.7389797123426008,0.89357454,0.7231241,True,True
chr20:31249000-31249600|0,0,0.4339842119044408,0.7158358,0.2898095,False,True
chr20:12426000-12426600|0,0,0.45468069924246046,0.22359884,0.0010511206,False,True
chr21:16630671-16631271|1,1,0.49547301616559253,0.4720716,0.16398439,True,True
chr20:13808601-13809201|1,1,0.42232690469611767,0.52310467,0.69744545,True,True
chr21:34385343-34385943|1,1,0.5779793331163887,0.8238186,0.54427826,True,True
chr20:44108000-44108600|0,0,0.5248698771090419,0.3285767,0.2731349,True,True
chr21:21468482-21469082|1,1,0.3639913954912905,0.4146536,0.6970265,True,True
chr20:52159822-52160422|1,1,0.608324014589008,0.7923011,0.762605,True,True
chr20:21205283-21205883|1,1,0.485108131876673,0.5492258,0.86270064,True,True
chr20:20528000-20528600|0,0,0.6690406117707688,0.84967184,0.41627914,True,True
chr20:57342539-57343139|1,1,0.37374129125455957,0.59818083,0.85067314,True,True
chr20:59168000-59168600|0,0,0.3231451799201674,0.10902819,0.10492538,False,True
