source,epoch,mse,l1
mlp,1,0.9623443707823753,0.30614366568624973
mlp,2,0.8090165480971336,0.3901291824877262
mlp,3,0.7261451780796051,0.4195798709988594
mlp,4,0.6592390388250351,0.45864568650722504
mlp,5,0.6049729809165001,0.4950157329440117
mlp,6,0.56002576649189,0.5261578112840652
mlp,7,0.523297093808651,0.5522833094000816
mlp,8,0.49182596430182457,0.5756799057126045
mlp,9,0.4636280909180641,0.5959074646234512
mlp,10,0.4404343441128731,0.6153350248932838
