name,label,gc,motif_position_composition,residual,baseline_plus_residual,kmer
chr20:87622-87922|1,1,0.43809255835287814,0.21493119113891537,0.37821681342344865,0.36609315461824476,0.27647414760980565
chr20:157404-157704|1,1,0.3667873434225768,0.17156130302758596,0.380992799006519,0.3467045484732846,0.41193933574237124
chr20:325257-325557|1,1,0.9743805875388902,0.9988762557144065,0.9975966674253116,0.9981850690016493,0.9987902209718962
chr20:380584-380884|1,1,0.8748880506511179,0.9600717947075086,0.8896255360101009,0.8944486583053833,0.9086389629178937
chr20:407343-407643|1,1,0.7019138501727052,0.7817141638350704,0.8415833513993244,0.8447328139443354,0.7209062889577823
chr20:408019-408319|1,1,0.9810507734193638,0.9979708664691385,0.9989226685157111,0.9990996008245446,0.996766436830887
chr20:462505-462805|1,1,0.8363504875354357,0.9828127564327498,0.9974674801924416,0.9975600733671594,0.9910697867098297
chr20:543779-544079|1,1,0.5833865528176031,0.714763146492966,0.9301947342948741,0.9302321264843759,0.8797021092671267
chr20:647177-647477|1,1,0.3754140652245017,0.25503639313287024,0.0643203591031212,0.06336247413098206,0.19918800756674043
chr20:648103-648403|1,1,0.3096658061262949,0.25503345673941225,0.11001823443891932,0.10313417700730343,0.1889407936397972
chr20:652963-653263|1,1,0.9819896405485236,0.9987586305480085,0.990073261535267,0.9935207178649657,0.9970795403930242
chr20:676642-676942|1,1,0.8058327466735772,0.8005471274377894,0.9536125907100267,0.9517591676940637,0.945225724532338
chr20:768489-768789|1,1,0.7499962619859769,0.6949767976199481,0.6912199496343786,0.699418663574038,0.7993193073976366
chr20:833666-833966|1,1,0.9625994409427728,0.9911896771526572,0.9967526650261436,0.9965898642520353,0.9936578740281092
chr20:1002300-1002600|1,1,0.9821608725378906,0.9988685352322424,0.9990390751266066,0.9992134312807156,0.9985831140948549
chr20:1113228-1113528|1,1,0.7242664460533,0.2285383573181966,0.511778984452207,0.5269266423684833,0.43188526296456453
chr20:1118552-1118852|1,1,0.9299814621266271,0.9895977480147942,0.9977997003799487,0.9977569961786198,0.995079058737542
chr20:1135175-1135475|1,1,0.7231163942846045,0.5300921143973915,0.7243734822001159,0.7244946637296138,0.7629209981821892
chr20:1184407-1184707|1,1,0.7376074021563217,0.609183042430789,0.8137685429441428,0.8321422244904833,0.6930314202548948
chr20:1225989-1226289|1,1,0.9691786278832449,0.9947324446633427,0.9949285683169764,0.9955142062749339,0.9958186843451663
chr20:1266250-1266550|1,1,0.9718321469374795,0.9746432740030831,0.985003317116304,0.9847311405720549,0.989261137790554
chr20:1313647-1313947|1,1,0.3468067506050491,0.4735503666761916,0.3409193086794877,0.3227193784500365,0.5376998719214847
chr20:1319977-1320277|1,1,0.8079116065374997,0.5999867038851681,0.6839824533361729,0.6641242080352918,0.6312985257003937
chr20:1325746-1326046|1,1,0.6831112204495645,0.7713557277516381,0.949062522955803,0.9513461228649657,0.9419521393799611
chr20:1329128-1329428|1,1,0.6587407744985989,0.4949340066719269,0.6401173454269177,0.6430515465335211,0.6521773346127813
chr20:1369369-1369669|1,1,0.44198673719705783,0.33136142277614217,0.45544492250172175,0.4629941987210233,0.48818940493989643
chr20:1393043-1393343|1,1,0.9159873811877847,0.9885429931160225,0.9960197264296662,0.9961353111786772,0.9957418692723514
chr20:1466833-1467133|1,1,0.9711080294764514,0.9965964594320569,0.9996531150295983,0.9997103827078041,0.9984316395453667
chr20:1478659-1478959|1,1,0.40008367220161817,0.37135568099336447,0.17788307628864494,0.19245136872087706,0.5235550478436285
chr20:1491409-1491709|1,1,0.6922157685617958,0.5845523760376938,0.7681959276437049,0.743847348113445,0.7111534295443135
chr20:1557690-1557990|1,1,0.5390284723855115,0.4078907064678136,0.48757812926577865,0.4900474775565606,0.5946664707323188
chr20:1570847-1571147|1,1,0.6976736057469781,0.43533320381645035,0.514425229453805,0.5169564422187604,0.560258419364976
chr20:1588686-1588986|1,1,0.4827275374576133,0.3571736934483861,0.6610714205611675,0.6477374258643247,0.3028782018176769
chr20:1597898-1598198|1,1,0.7528598098386345,0.4795899543523516,0.7757825129750275,0.7884897981721435,0.562180474847483
chr20:1619998-1620298|1,1,0.41932535022639544,0.2811162767916243,0.5443836545903503,0.5517043338090127,0.2811331651757049
chr20:1657768-1658068|1,1,0.3937506040057241,0.28448588703132677,0.4268054775266632,0.43297863971743833,0.26383070188027
chr20:1686496-1686796|1,1,0.29195748473517663,0.19537224632362643,0.2910265177824472,0.27572454389697854,0.1625572044186961
chr20:1894067-1894367|1,1,0.9369475763388635,0.9894327630855213,0.9945395057532921,0.9938391322165683,0.9956203666165518
chr20:2102888-2103188|1,1,0.9806245272268311,0.9990317105571807,0.9985596969773758,0.9990010149617805,0.99609226659344
chr20:2508904-2509204|1,1,0.6872053639980137,0.8327230726543222,0.927429236910393,0.9247834727289355,0.947490672417666
chr20:2536524-2536824|1,1,0.8708367079703421,0.7114435726092632,0.7405947949591645,0.7159787231132816,0.8156377481299584
chr20:2652582-2652882|1,1,0.9726507042705841,0.9977085039872255,0.9980226367083156,0.9982612740264326,0.9929537012802232
chr20:2655421-2655721|1,1,0.581612653086576,0.3518272614902489,0.587674736258649,0.5925193495489078,0.29758127461987466
chr20:2664205-2664505|1,1,0.5428128604016348,0.819109738662859,0.985768458367894,0.9864699800812384,0.963515465878864
chr20:2800616-2800916|1,1,0.950710391266955,0.9891381362503314,0.98709445685671,0.9903467197304078,0.9928254952059985
chr20:2814937-2815237|1,1,0.8157058973184866,0.760758939030258,0.8629550118101876,0.8701893181934538,0.6895071448575872
chr20:2816314-2816614|1,1,0.8885397140609332,0.6832088616791182,0.8721823719374162,0.8699805336518629,0.8427892281323327
chr20:2840010-2840310|1,1,0.961003449495037,0.9903695039134808,0.9964475138322174,0.9961977368383502,0.9887066940890837
chr20:2864157-2864457|1,1,0.7595617014569382,0.7052257073093746,0.7603539207439957,0.7713031543013978,0.7287708348641062
chr20:2873468-2873768|1,1,0.9853948302054885,0.9996447227649263,0.999859245177596,0.9998939403662408,0.9990575083954536
chr20:3046002-3046302|1,1,0.9705194766952336,0.9966123196436477,0.9972374439544941,0.9976803319653423,0.9951860301278228
chr20:3084732-3085032|1,1,0.9051688476254731,0.8580841955782768,0.887459740371802,0.8884302692416488,0.9294733680469837
chr20:3149167-3149467|1,1,0.2463391066874401,0.13547488295123822,0.402809314651805,0.38901686764507526,0.12777906350014967
chr20:3159851-3160151|1,1,0.8188561392381286,0.9279403716743884,0.9259386081574659,0.925458765269872,0.973496118084194
chr20:3170474-3170774|1,1,0.5427464953141168,0.5728358825725434,0.07319762485063691,0.0669483259736606,0.10572228138712152
chr20:3173538-3173838|1,1,0.9794777217818552,0.9965747661821094,0.9978840040868879,0.9979466946144893,0.9973368034833621
chr20:3204015-3204315|1,1,0.9053967550663208,0.9251955076502759,0.9496909609420441,0.9504115965931111,0.951599549251937
chr20:3208626-3208926|1,1,0.674974478642775,0.5078387902350189,0.2288059672941412,0.23588652547299135,0.48274753701162576
chr20:3237666-3237966|1,1,0.8337670957123792,0.8987853399648923,0.9788605265056223,0.9779553330926674,0.9022092969310554
chr20:3240025-3240325|1,1,0.8827967650973017,0.9583186381215312,0.9895379185056342,0.9898050022530879,0.9758245389554893
chr20:3681999-3682299|1,1,0.9800634802577487,0.99657015107474,0.997670427838687,0.9976655498926604,0.9974740198597929
chr20:3707189-3707489|1,1,0.7840567580111611,0.545980859144683,0.6570857961156945,0.6346361273166363,0.3990844317048232
chr20:3712560-3712860|1,1,0.8258210370108369,0.7375683602974317,0.8086293428140678,0.8007223405904708,0.7719442026549068
chr20:3732635-3732935|1,1,0.9778120515191967,0.9966819267384881,0.9956980430985881,0.9965306532552959,0.9955096406308346
chr20:3768376-3768676|1,1,0.9469587265456154,0.9885520216082646,0.992099251338247,0.9916383724173811,0.9942830225281161
chr20:3781437-3781737|1,1,0.602209663716173,0.546853095942803,0.8670220675440066,0.8472116513836168,0.7215673470123201
chr20:3795739-3796039|1,1,0.8990495322123307,0.9557176907787319,0.9724159515186506,0.9728010521249406,0.9840399267995784
chr20:3820506-3820806|1,1,0.9337871012689647,0.9929638685025807,0.997851449158237,0.998176131523391,0.9973389786463527
chr20:3846787-3847087|1,1,0.9734549949048954,0.9965634921162779,0.9967697280903407,0.9970500626021547,0.9987869540386942
chr20:3888992-3889292|1,1,0.9455679152374616,0.9865757931652598,0.9947829523769879,0.9950991593193539,0.9914945710008968
chr20:4015541-4015841|1,1,0.9757391255902791,0.9937653740754742,0.9983020099069962,0.9982476350301958,0.995711068704906
chr20:4148778-4149078|1,1,0.9874316640447733,0.9990899442061897,0.9994450096960326,0.9994895359531561,0.9986611790867371
chr20:4164441-4164741|1,1,0.382670144468062,0.2858468126791246,0.343868658041067,0.3426422109551535,0.29272865107250823
chr20:4187465-4187765|1,1,0.5696471162274891,0.5352344752960675,0.6720708941800417,0.6644418093851991,0.5459951839501438
chr20:4249201-4249501|1,1,0.9828383677557915,0.9984789743125371,0.9982871466727348,0.9985416097704932,0.9974946580828163
chr20:4686406-4686706|1,1,0.9878051569720182,0.999304916346796,0.9974775342809331,0.9981157065302197,0.9976299406106465
chr20:4815136-4815436|1,1,0.7162590610558234,0.559827062669277,0.8183828535925758,0.8282983381536949,0.4487869129284598
chr20:4823463-4823763|1,1,0.9035592106862073,0.9698951506933268,0.9911541486660581,0.991011910816238,0.9836623980257061
chr20:5001491-5001791|1,1,0.974729846724636,0.9908079648777525,0.9962768892296511,0.9964165061280665,0.9936996155914727
chr20:5113076-5113376|1,1,0.8974412504463454,0.9802540174684872,0.9648484645794174,0.9713343233490611,0.9885549652897817
chr20:5120139-5120439|1,1,0.5503604532456877,0.6990583887061272,0.8880289765820866,0.8871017592736049,0.7065663306918236
chr20:5126581-5126881|1,1,0.9361396738552036,0.9915154117124073,0.9990018622542435,0.9991092648300179,0.9951506324612316
chr20:5314378-5314678|1,1,0.7666950208155986,0.5972147747802133,0.4579452511038789,0.463113996164218,0.6280276841345114
chr20:5316708-5317008|1,1,0.955818188975103,0.9917487570421146,0.9854718080548833,0.9880721790650774,0.9938327402054772
chr20:5609836-5610136|1,1,0.31193864769395124,0.3908556697001188,0.7535057888794384,0.758440002777741,0.7012355079456956
chr20:5911352-5911652|1,1,0.9602060383336671,0.9940764524779062,0.9965129545106655,0.9967475312665248,0.9977818345574662
chr20:5950486-5950786|1,1,0.8124953723842735,0.9674873143118269,0.9927695383888973,0.9931410712009446,0.9930194613328202
chr20:6115940-6116240|1,1,0.35180311431138694,0.23304815421501504,0.19663591855852908,0.18118434999834143,0.2587398538493347
chr20:6123019-6123319|1,1,0.9355744949003058,0.98368459787004,0.9961206136075038,0.9958793361451675,0.9855829920531011
chr20:7940447-7940747|1,1,0.09806819409853415,0.15630969496757588,0.19899267562621817,0.19662078022160076,0.33528265188444095
chr20:8132216-8132516|1,1,0.9651221049035628,0.9966365359465591,0.9982827084108755,0.9983368279650566,0.9975216481282967
chr20:9069037-9069337|1,1,0.939807904949952,0.9909634629225363,0.9962767853197804,0.9964654989718297,0.9945421753287332
chr20:9168879-9169179|1,1,0.42936473751989124,0.2982789191538595,0.39332731419654954,0.3799182592318492,0.38670990237614533
chr20:9370933-9371233|1,1,0.30723421903119297,0.26042365082136454,0.5195203729264197,0.5561134469050312,0.3655998513210935
chr20:9514241-9514541|1,1,0.32677767924663187,0.38120076335997694,0.7376094275618159,0.7350741202539572,0.7070299055048468
chr20:9799434-9799734|1,1,0.1080967320251932,0.06571349327901306,0.05852797255827748,0.05567751433169942,0.06658251371645599
chr20:9838859-9839159|1,1,0.9542266582657687,0.968182647044456,0.9902244876824928,0.9900579316262189,0.9875079759114191
chr20:10034945-10035245|1,1,0.9719962558382347,0.99400239257584,0.9972454848042434,0.9973083671193671,0.9966728664770667
chr20:10224244-10224544|1,1,0.15354575623770061,0.18399775699807477,0.10610602404237508,0.1218663219780493,0.24169658230542418
chr20:10420540-10420840|1,1,0.1981752618991092,0.29362370906422636,0.6628572363113481,0.6851132311033081,0.4588508219508251
chr20:10434187-10434487|1,1,0.5241170153017872,0.9221651489305648,0.9819335146789401,0.9828170169111424,0.9794946779356978
chr20:10435265-10435565|1,1,0.5375304621512237,0.7356949060763278,0.9658377644561663,0.9625318304400132,0.914125492846773
chr20:10673988-10674288|1,1,0.9347684173009451,0.9637467738771845,0.9295758454264373,0.931318924367075,0.9847715429873463
chr20:13009161-13009461|1,1,0.44293325243024273,0.4128193777357778,0.5585339092577212,0.5925431701867401,0.45597097953558535
chr20:13784878-13785178|1,1,0.8722707805421354,0.974103883187216,0.9797410926171927,0.9817608206854054,0.9895924538822739
chr20:13975063-13975363|1,1,0.0321685873474301,0.02713712523449635,0.03331263683512229,0.027296271986777927,0.051655472461118
chr20:13995234-13995534|1,1,0.9659275916440316,0.9957280593185244,0.9985614459136678,0.9986180814950373,0.9967444332321734
chr20:14337563-14337863|1,1,0.45889183209755285,0.3888099737072042,0.8294734364977329,0.8215046679261719,0.6470001157337857
chr20:15196799-15197099|1,1,0.3054297894176042,0.268453717615128,0.23747768339952507,0.23885110773251766,0.19411135018099016
chr20:15565240-15565540|1,1,0.05674391704730723,0.043590067674379236,0.15981695896770315,0.15831430022853574,0.12954117182044353
chr20:16573437-16573737|1,1,0.886655628189526,0.9373257683634775,0.9640614254631187,0.9645303390843464,0.9689543932631902
chr20:16729979-16730279|1,1,0.878479378202574,0.9797270323615808,0.9922426196807845,0.9917790692109051,0.9840278626493267
chr20:17226990-17227290|1,1,0.5675875459239594,0.774790114258514,0.7691642104017955,0.8060233860432692,0.931325769131834
chr20:17531327-17531627|1,1,0.9270782628045816,0.9891501524157604,0.9980579218271142,0.9980776007101473,0.9955779736025828
chr20:17558810-17559110|1,1,0.369032260989214,0.31000303244773686,0.37780208228122175,0.3609711695816448,0.4400283739052867
chr20:17569209-17569509|1,1,0.9021516801630715,0.9583335595349142,0.9763076619547525,0.9768632304573399,0.972849348885123
chr20:17570069-17570369|1,1,0.9794286840006363,0.9981175006332909,0.9993674949115429,0.99946440939576,0.9984868283738643
chr20:17682231-17682531|1,1,0.9754974547452613,0.994936440118725,0.9974028746630574,0.9976474904658142,0.9956738386899776
chr20:17699916-17700216|1,1,0.49768850666417447,0.28820189265628526,0.4607708717737285,0.4818714129496641,0.6550850998214949
chr20:17968500-17968800|1,1,0.9699350428166755,0.9955457319918654,0.9924681048515276,0.9933033540985301,0.9931986290391703
chr20:17969018-17969318|1,1,0.8029023331192459,0.9641898100655998,0.9860201984287409,0.9863850046075371,0.9865899736905267
chr20:18057905-18058205|1,1,0.6998994497931054,0.8459140981590735,0.9441592671955723,0.9427680788398715,0.9567632801147634
chr20:18142711-18143011|1,1,0.49275101577027547,0.6274692506246087,0.8588981176242602,0.8670370107783456,0.7948853997996917
chr20:18145049-18145349|1,1,0.240359968378876,0.32142624066853887,0.6305033750559513,0.6437703768305993,0.4707839548303709
chr20:18268026-18268326|1,1,0.6825941830319735,0.526199860015603,0.08854240416319728,0.09663450507703313,0.5755576503859406
chr20:18288477-18288777|1,1,0.9329988236473836,0.9784832686685232,0.9911931709171158,0.9913089209878262,0.9830895561603481
chr20:18298014-18298314|1,1,0.35921584488286334,0.27075590873339844,0.415079095067937,0.42119100163757345,0.3803225049004126
chr20:18433684-18433984|1,1,0.2272123073879348,0.19415619733518713,0.19481124786707413,0.17920907141393191,0.17253691746467323
chr20:18467019-18467319|1,1,0.7284449039789282,0.8364121864921509,0.9832144193688641,0.9815534432719346,0.8964543435525952
chr20:18497171-18497471|1,1,0.7689658050330433,0.8580357561520287,0.8739743714584085,0.8679071729280599,0.9199348338429166
chr20:18507362-18507662|1,1,0.7372810825652454,0.9358555376643932,0.9888616704840026,0.9890261317936625,0.9914526022578145
chr20:18567384-18567684|1,1,0.8705101535652258,0.9727131662139274,0.9613434560566158,0.9705053741345748,0.9853040255700138
chr20:18588004-18588304|1,1,0.9867410196148297,0.999127601658893,0.9986613768918011,0.9989353310255876,0.999005382707781
chr20:18627893-18628193|1,1,0.32933801048453426,0.20939342449712345,0.2768971884700155,0.27647582869567194,0.30956785362035205
chr20:19212465-19212765|1,1,0.9918688348880084,0.9998446444436578,0.9992364416672069,0.999544838684258,0.9987773314057162
chr20:19757556-19757856|1,1,0.887043219954381,0.9583734244140104,0.9924429801368662,0.9917881279392661,0.9826979351765842
chr20:19833037-19833337|1,1,0.2727488603404316,0.2198492144305963,0.01239080437657296,0.013729072929217163,0.1971913678879326
chr20:19885001-19885301|1,1,0.29338766228598845,0.34204231239139066,0.5149478972573197,0.4849307962708651,0.5238140539011087
chr20:19889489-19889789|1,1,0.729143540900263,0.8159346119715021,0.964480668514976,0.962357091881738,0.9306820349576798
chr20:19935069-19935369|1,1,0.6079754073460751,0.6013618168061762,0.8837449204258239,0.893903533399357,0.5019152139437206
chr20:20016988-20017288|1,1,0.842371303975864,0.9032866902522984,0.9837497170495882,0.9824264874541211,0.9838915146363966
chr20:20052455-20052755|1,1,0.9168128284715922,0.9812732148758261,0.9973796229715061,0.9976353375924144,0.9917346126673163
chr20:21126032-21126332|1,1,0.9700743031820144,0.9925555747732469,0.9942775597153525,0.9950565944565927,0.9963390853461603
chr20:21303293-21303593|1,1,0.9594284736726671,0.9935489386195117,0.9967076822151691,0.9968714785246385,0.9964071903795567
chr20:21514022-21514322|1,1,0.829880908315357,0.9300365050285652,0.9102353885671511,0.9108521093055932,0.9384298281210648
chr20:21705638-21705938|1,1,0.9660989623812877,0.9966926729007448,0.9973215471443011,0.9975943695735494,0.9969282468119168
chr20:22584252-22584552|1,1,0.9127958709488185,0.9591196774173503,0.9962202731562446,0.9959574892322797,0.9919382246532644
chr20:22585479-22585779|1,1,0.404405455891653,0.46754339326365724,0.7622781019765386,0.7504785852958471,0.32561162443439423
chr20:23086313-23086613|1,1,0.6795983789644396,0.6944839610098871,0.7666325195913021,0.7790387823532892,0.8557952036002621
chr20:23361477-23361777|1,1,0.9503950756406034,0.9899617497219033,0.9959226737873436,0.9960199428814349,0.9855417809354701
chr20:23421450-23421750|1,1,0.8980863163631402,0.9755617506888224,0.9902868471720371,0.9902034663669589,0.9898855841100286
chr20:23491068-23491368|1,1,0.7596867368030366,0.5394393924610346,0.653574399584364,0.6499115787838274,0.5422390360426131
chr20:24469142-24469442|1,1,0.966935715568645,0.9913540078126881,0.9983308372146066,0.9981873257159263,0.9925516068916745
chr20:24528904-24529204|1,1,0.2843620293135353,0.2868971819063276,0.5016906489337566,0.5078062731052131,0.4392087475738128
chr20:24949222-24949522|1,1,0.9128713580339096,0.7320664886101482,0.7584044643963929,0.753040115426252,0.44784843989251527
chr20:25058128-25058428|1,1,0.9718184701005432,0.9896015576272804,0.9924023395307655,0.9921023313995545,0.9947497506780515
chr20:25195678-25195978|1,1,0.9838366994826021,0.9981633592153928,0.9963853138881733,0.9968933801776674,0.9981770652716965
chr20:25236436-25236736|1,1,0.8852399960266197,0.8081386281286278,0.9051879450588065,0.8975964052284301,0.89224282718126
chr20:25248049-25248349|1,1,0.9441427861944762,0.9957742808095789,0.9983838155908893,0.9987598726729979,0.9975968007909317
chr20:25390824-25391124|1,1,0.9754219403693877,0.9916157795913836,0.9978096179602796,0.9978933122267188,0.9978565910391988
chr20:25407679-25407979|1,1,0.926692340178057,0.9869328567556972,0.9985498844085732,0.9985352865207758,0.9918298887340494
chr20:25585520-25585820|1,1,0.9622790770406766,0.9938204322451746,0.9913130424964387,0.9914505649385584,0.9910489558081019
chr20:25624101-25624401|1,1,0.9247365601394966,0.9889849793307772,0.995840176764576,0.9964460472347615,0.9948284185379171
chr20:25696842-25697142|1,1,0.8850873941548412,0.9824254868876906,0.9752279109559475,0.9783736199989836,0.981739789241444
chr20:25863269-25863569|1,1,0.9247806591077345,0.9882919738489102,0.9977236596460919,0.9979912612950838,0.9950022201106118
chr20:31390496-31390796|1,1,0.42611097235147605,0.17380973686233392,0.3658069896391388,0.32941858448276023,0.258365931325137
chr20:31440596-31440896|1,1,0.7450484938051108,0.5988426212325687,0.6705354884943029,0.6721214202731133,0.5484147384014876
chr20:31475238-31475538|1,1,0.9274619611362985,0.972915704308107,0.9785023663422612,0.9791210471515353,0.9900750395563327
chr20:31514392-31514692|1,1,0.943853577931258,0.9873146909150294,0.992534549456709,0.9941846306464893,0.9970443704572661
chr20:31593583-31593883|1,1,0.8673757217281449,0.6354151915065578,0.3721771852077372,0.37735018811208443,0.4138017127508222
chr20:31637862-31638162|1,1,0.9198086147428305,0.9683549883573441,0.9918418635578135,0.9914540264923453,0.9620705378565073
chr20:31739273-31739573|1,1,0.891154788938189,0.988545251341625,0.9921653820272929,0.9925060075004413,0.9939752781793629
chr20:31818436-31818736|1,1,0.7152220249514516,0.4897445115488176,0.3112781811711957,0.2958682779249806,0.3289556408567088
chr20:31819306-31819606|1,1,0.7704770131272962,0.704612864564648,0.935155399608843,0.9287089810494878,0.8595580445503134
chr20:31870584-31870884|1,1,0.976600551249978,0.9938296714658945,0.9904500612721573,0.9920081623415659,0.9933863433352312
chr20:31879767-31880067|1,1,0.8453929457855809,0.9726639575048331,0.9907653675598854,0.9914556006871927,0.9960979604982496
chr20:31886337-31886637|1,1,0.4458880631708965,0.2782111914556105,0.22550651142717376,0.2590536538676866,0.23159408136181114
chr20:31952031-31952331|1,1,0.7924212235444451,0.8933832363416027,0.95565965164599,0.9461352066521099,0.9660204563858841
chr20:31968124-31968424|1,1,0.9866961909860056,0.9989221378661122,0.99733996838788,0.9979709766388418,0.9991819484157617
chr20:32010402-32010702|1,1,0.7741824715621337,0.7196400835209151,0.6658785166431515,0.6932159691112091,0.8673655025656964
chr20:32052192-32052492|1,1,0.9418321343931001,0.9872796071123092,0.9961616750002609,0.9961554466314703,0.9926393505328516
chr20:32109388-32109688|1,1,0.6190121018930592,0.7776902049711949,0.9534299076521368,0.9542910182290912,0.8702792226486961
chr20:32207221-32207521|1,1,0.9397589929468334,0.9570650582609953,0.9214606390644136,0.9221549724734469,0.9118662548210145
chr20:32277606-32277906|1,1,0.9697739085406714,0.9953475679621749,0.9981592192568389,0.9982597078983495,0.9931502946048517
chr20:32483474-32483774|1,1,0.9925227661938718,0.9982804152511203,0.9958954396067201,0.9960833985775404,0.9922574060478154
chr20:32565279-32565579|1,1,0.7862136007670609,0.5657983602889767,0.47744236941372437,0.46797982451338993,0.314656833721927
chr20:32585066-32585366|1,1,0.9875300648023855,0.9989725217124954,0.9995994289683664,0.9996085121208621,0.9981379695676218
chr20:32706716-32707016|1,1,0.2615240336947929,0.2772051685181038,0.401486173335412,0.40680517258930615,0.31495859386684827
chr20:32743444-32743744|1,1,0.9625222398229879,0.9943519377229102,0.9930999460463684,0.9938821192975913,0.9981641083052726
chr20:32762335-32762635|1,1,0.9825006217188501,0.9990663660816327,0.9993987318367361,0.9995267662530232,0.9990936360816556
chr20:32819904-32820204|1,1,0.9859721593828822,0.9992817884863079,0.9982335595107857,0.9986714648526462,0.9971408123049053
chr20:33004422-33004722|1,1,0.7183104327886372,0.4580923828266997,0.6448450031347309,0.618089042121899,0.5233674859056777
chr20:33163483-33163783|1,1,0.6496027211982838,0.5641507434681835,0.062123451043998995,0.05223486749205841,0.20371673773685514
chr20:33217302-33217602|1,1,0.7854423957957016,0.40286998892582154,0.2880874985123037,0.2780040449982119,0.3040973083038519
chr20:33283167-33283467|1,1,0.8847941727941878,0.8614049769633159,0.9189693132641231,0.9252045830088038,0.9124561897231718
chr20:33401508-33401808|1,1,0.3411009546242964,0.4725056790792738,0.7513300418722005,0.7823182168809167,0.5180094603940779
chr20:33465528-33465828|1,1,0.830017894290379,0.49056133590824264,0.78690295707458,0.7769194980817054,0.3969741603121705
chr20:33490067-33490367|1,1,0.9893108779165344,0.999804550158416,0.9997552573395695,0.9998405971579529,0.9960852312619956
chr20:33562292-33562592|1,1,0.6438385677455558,0.5294377900146482,0.7753924056288808,0.7868878160248169,0.5925050457029112
chr20:33662277-33662577|1,1,0.8823032287712237,0.7621345744355706,0.8842993641247716,0.8810331765447008,0.8241837216836824
chr20:33674417-33674717|1,1,0.9715363524587155,0.9964349774912998,0.9986232217808162,0.9987014720649042,0.9971754500132891
chr20:33686372-33686672|1,1,0.9622164886902956,0.9976528260669386,0.9990123606535314,0.9993471118685737,0.9990755051131932
chr20:33720258-33720558|1,1,0.6996129374491736,0.8065745694995123,0.9304641478761664,0.9258331982268925,0.8575764353228943
chr20:33811300-33811600|1,1,0.978031407404524,0.9982119490445367,0.9995878019666732,0.9996332512907085,0.9956221096291594
chr20:33993603-33993903|1,1,0.9712471996433222,0.993252286654762,0.9955339492434991,0.9956961001501372,0.9942288688267579
chr20:34112225-34112525|1,1,0.8383272641681581,0.980661683130239,0.9947281372330373,0.9957605471514063,0.9925958235637391
chr20:34260287-34260587|1,1,0.729519673609958,0.5252393233036302,0.5265289317294893,0.5345675606431399,0.47473058128343865
chr20:34363223-34363523|1,1,0.9278437976683793,0.9935590097498405,0.9955544984971059,0.9954866974762206,0.9906632689084521
chr20:34516372-34516672|1,1,0.941435670554273,0.9905974474812894,0.9937256193772231,0.9942291785636582,0.9936520766625574
chr20:34546816-34547116|1,1,0.7816399713349085,0.6691307496105484,0.7577789516890339,0.7548439826297274,0.5840432469868637
chr20:34558116-34558416|1,1,0.5841739601834032,0.783299978955666,0.9376361999302139,0.9395437739153418,0.8638110489368724
chr20:34677081-34677381|1,1,0.9473222095869585,0.997439176677196,0.9973690360278322,0.9980681546837222,0.9988539727009096
chr20:34704294-34704594|1,1,0.9777183401384725,0.9974647731280515,0.9976863579166141,0.9980194439004755,0.997317828875803
chr20:34822241-34822541|1,1,0.2910824116761751,0.239348233427256,0.10469849880148453,0.09663939594664457,0.14263416908869814
chr20:34825640-34825940|1,1,0.9374630734315347,0.9828260785005204,0.9661516064947446,0.9686010777509131,0.9918177593255806
chr20:34876562-34876862|1,1,0.974621767258434,0.9982871301237416,0.9994729413068038,0.9995588634528103,0.9984035101093583
chr20:35147317-35147617|1,1,0.3725096785600765,0.657831821425571,0.9349373129982134,0.9305547370388115,0.9650774635511977
chr20:35172026-35172326|1,1,0.7714049052930215,0.6987527123613032,0.9343405896260539,0.9261388685365918,0.6997177275794044
chr20:35226617-35226917|1,1,0.9976123437778818,0.999950256363693,0.9999067439691939,0.9999402048237302,0.998989487362841
chr20:35278111-35278411|1,1,0.9220713124522149,0.9672464830584464,0.9649098343134856,0.9662746999511491,0.9849632296684558
chr20:35279064-35279364|1,1,0.7423738734149442,0.587898078058554,0.8701365292193226,0.862187309350339,0.7227703587218174
chr20:35292407-35292707|1,1,0.8757316710523587,0.7507170268148843,0.8216085444628438,0.8234525493808895,0.7060042183924885
chr20:35307080-35307380|1,1,0.7183104327886372,0.40070428410919956,0.2499052361179658,0.257834279503328,0.5317624391204621
chr20:35394107-35394407|1,1,0.26328920228730046,0.19074858144585266,0.045331086709309874,0.04326721653126884,0.15210344433680228
chr20:35411962-35412262|1,1,0.7621564372232109,0.9152840912864144,0.9538157631763444,0.9567248346257878,0.9250749056590013
chr20:35438217-35438517|1,1,0.27061480767341073,0.22273569195145662,0.40052315748988787,0.43481398562889073,0.4699168312787091
chr20:35454731-35455031|1,1,0.44678273192784385,0.5769057761124061,0.7955873901944369,0.7941761446420037,0.8428966571721654
chr20:35542029-35542329|1,1,0.9442063166037015,0.9809898064813238,0.9891722783336675,0.9895983912354611,0.9939248163882016
chr20:35615787-35616087|1,1,0.9656086389707873,0.9963059514599124,0.9966584306730173,0.9969982086100844,0.9979574093091356
chr20:35632666-35632966|1,1,0.7321225449098647,0.5681206845002867,0.7875226255972642,0.7907777968645368,0.6799934060883398
chr20:35652488-35652788|1,1,0.16888139339111205,0.08823454119545096,0.06841510343703035,0.052382972292405024,0.1145392067506815
chr20:35655199-35655499|1,1,0.3797247475107172,0.24588580079435268,0.42800271404706347,0.43193351551238524,0.24699931673937736
chr20:35664889-35665189|1,1,0.8473844389567029,0.9660293638588502,0.9904641534702262,0.9901645831410609,0.987269118868713
chr20:35699074-35699374|1,1,0.9696235715250624,0.9956083350229427,0.9981632202423129,0.9980403078171766,0.9985447543916456
chr20:35742249-35742549|1,1,0.7385531237035916,0.8700478744345881,0.9361476157256686,0.9390067523776605,0.8773789950822488
chr20:35771965-35772265|1,1,0.9858998553186406,0.9984592907262573,0.9996344619168116,0.999681246932153,0.9989344379902316
chr20:35954470-35954770|1,1,0.9263052511526754,0.994719041727364,0.9973921808112793,0.9976397939104985,0.9985292851114597
chr20:36064793-36065093|1,1,0.9075673910635109,0.9567423749499566,0.9692309899361808,0.9759979430459502,0.9846650190122215
chr20:36091797-36092097|1,1,0.6741989250255782,0.7436790379777408,0.771380251874992,0.756434437549531,0.6520542100473671
chr20:36154690-36154990|1,1,0.9829973565930341,0.9949085858378206,0.9984833024080706,0.99871643684181,0.9958672130566946
chr20:36236428-36236728|1,1,0.8468617096837892,0.9685511148196854,0.9909657317256866,0.9907744969445161,0.9913912735796475
chr20:36306291-36306591|1,1,0.9936334185952436,0.9998184708915584,0.9998147133640116,0.9998378025783378,0.9985841666399028
chr20:36331422-36331722|1,1,0.7310849093338718,0.47635416519654455,0.43972687106537894,0.4303207341642779,0.43744876575746083
chr20:36541469-36541769|1,1,0.9734549949048954,0.9878339382805927,0.9918332453184121,0.9918410333193579,0.9722799326335815
chr20:36573425-36573725|1,1,0.9886226726537305,0.9995956620877648,0.99989856316753,0.9999177922222351,0.9996317115591579
chr20:36591979-36592279|1,1,0.42693169630274946,0.422957710850612,0.838843916206025,0.8424215444413308,0.6348453392754406
chr20:36606948-36607248|1,1,0.22065252030361568,0.17763505470074228,0.18745397126962904,0.198858730517685,0.13595670952102296
chr20:36646185-36646485|1,1,0.505266660665811,0.5558040551536456,0.879761743609599,0.8685963645826253,0.7488346775410782
chr20:36746076-36746376|1,1,0.9516925720164842,0.9955581856541538,0.995974833095525,0.9968058073235739,0.9866520973565659
chr20:36873054-36873354|1,1,0.8374827359948712,0.6916578318401916,0.693439682722368,0.6948259497405618,0.5793133274134562
chr20:36876088-36876388|1,1,0.8481868398372946,0.7886944108115529,0.7855891644224089,0.7731140776468387,0.7665826625389803
chr20:36951670-36951970|1,1,0.921892304140564,0.9706262176956824,0.9947615512616309,0.9940498908015785,0.9829526591179604
chr20:37096204-37096504|1,1,0.8271428051864855,0.8653260794455346,0.8996093083277714,0.8980204089654545,0.7930006767899842
chr20:37179044-37179344|1,1,0.955373863760131,0.9953065667685796,0.9978033249647942,0.99793277309959,0.9972280611842491
chr20:37289605-37289905|1,1,0.9525329131145533,0.9954226592294607,0.9987846512598901,0.998897783296512,0.998635816191901
chr20:37344663-37344963|1,1,0.6597711393785273,0.4854474137295388,0.650955059624403,0.6317984253141281,0.686172254778057
chr20:37383545-37383845|1,1,0.5798366401083264,0.6807092772207215,0.6180246076190171,0.5990423266045956,0.7205628977306373
chr20:37694013-37694313|1,1,0.9075845084727199,0.9729305314260295,0.9872476091113032,0.9859313099714803,0.9879827516777124
chr20:37744591-37744891|1,1,0.23643230408993432,0.15553115086828817,0.23583584710393904,0.2526540210303071,0.13893273488518496
chr20:37777188-37777488|1,1,0.28102392447445723,0.2621652818395458,0.4313643449743965,0.44191941121368566,0.3147650305816981
chr20:37840099-37840399|1,1,0.5204349732064979,0.5264721794056021,0.8604157075611876,0.8417299904146839,0.7043001879910923
chr20:37903079-37903379|1,1,0.9899159856071472,0.9991814107804222,0.9964912823499352,0.996706438035755,0.9981997751899085
chr20:38033445-38033745|1,1,0.906606004204827,0.9953718122932752,0.9954282192024804,0.9956046624209326,0.9981292698504198
chr20:38260226-38260526|1,1,0.843906986282603,0.7765423188058022,0.8151416930745605,0.8208553888734298,0.933113550024963
chr20:38300150-38300450|1,1,0.7475682425047341,0.5897612418162337,0.6207311232371387,0.6025460525233599,0.6973298914486917
chr20:38304106-38304406|1,1,0.7736770751970065,0.7659035811907307,0.95222084173882,0.9456681119149192,0.8165634623331777
chr20:38346432-38346732|1,1,0.8631191764217666,0.6708571465346868,0.8356395480109776,0.8309087016477475,0.6592774932931403
chr20:38472401-38472701|1,1,0.7353385711134677,0.8744037082138911,0.967772518306423,0.968252485552542,0.9597283264124045
chr20:38581147-38581447|1,1,0.7535044452936445,0.526485719366849,0.6226924281250378,0.6306696666140312,0.5976142736320404
chr20:38724436-38724736|1,1,0.963253654438457,0.9945345891929397,0.9990498175574147,0.9990405955128613,0.9946294266316874
chr20:38748417-38748717|1,1,0.9808383301019868,0.9991415257228874,0.9996012906546519,0.9997007324466686,0.9960510543007952
chr20:38805647-38805947|1,1,0.9695112482863579,0.9922778111469926,0.994880607972363,0.9949865128460645,0.9952701854894409
chr20:38962310-38962610|1,1,0.9577312386741603,0.9873018657953567,0.9942444374480035,0.9942459564906586,0.996378342926689
chr20:41136916-41137216|1,1,0.9826241595865579,0.998941755586599,0.9992444538377783,0.9993972302944618,0.999291240693404
chr20:41300063-41300363|1,1,0.14617216656104057,0.09912977837050706,0.2870311057650301,0.2766911679883781,0.14384136323193436
chr20:41317684-41317984|1,1,0.9814571362272084,0.9975881619496002,0.9981665331654851,0.9984375705063596,0.9951305060238439
chr20:41340771-41341071|1,1,0.9159275215815622,0.9275049863013861,0.9748104149323074,0.9749450922207477,0.9458148579456324
chr20:41366807-41367107|1,1,0.9786049776385649,0.9967806695060867,0.9984091651152405,0.9985142558646919,0.9974072810006706
chr20:41618362-41618662|1,1,0.8043634188044662,0.8833543526331652,0.9328278503852911,0.9376008962984671,0.8942463666502543
chr20:43189719-43190019|1,1,0.9942733682587006,0.9998750611126784,0.9998846174363274,0.9999086369275231,0.9994677199872235
chr20:43514409-43514709|1,1,0.9150861761246645,0.9504566316818691,0.9693151874565379,0.9706407411267989,0.9373230013134617
chr20:43558977-43559277|1,1,0.6277309586014242,0.6206188566422554,0.7466732537605317,0.7425709243646296,0.6610356514329151
chr20:43565174-43565474|1,1,0.8405842425229265,0.7513566817079593,0.8153922980013462,0.7921745827387172,0.7284972267256431
chr20:43567953-43568253|1,1,0.652396847522663,0.5519256918084876,0.44931514301318054,0.4289093074695116,0.5281482976945485
chr20:43657506-43657806|1,1,0.9479001791679064,0.9887150659078502,0.987248711419543,0.9900261426850081,0.9862218088305412
chr20:43667064-43667364|1,1,0.9799795020887342,0.9991670237584697,0.999519065401706,0.9996148255585635,0.9987935148332411
chr20:43916080-43916380|1,1,0.9676043121282177,0.9945587395197023,0.9957675766254659,0.9959129221507936,0.989007726171017
chr20:44187177-44187477|1,1,0.84480598876531,0.8760496813195838,0.9651254789971309,0.9599983040279293,0.924222986713925
chr20:44210760-44211060|1,1,0.939963579159182,0.9904109194847553,0.9976727221340911,0.9980127367227405,0.9964324304840118
chr20:44234768-44235068|1,1,0.4414122304480102,0.415565748833465,0.5244093180783015,0.5068938321115748,0.5098294792352578
chr20:44247010-44247310|1,1,0.9270782628045816,0.9547349193572723,0.9741848373314795,0.9741258155978418,0.9845724134114867
chr20:44311191-44311491|1,1,0.909027763258749,0.9861067457170652,0.9960201336131905,0.9954808073443563,0.986395313042452
chr20:44355649-44355949|1,1,0.900224656383863,0.9044835793069435,0.964908573739875,0.9648699427222066,0.9631714984219245
chr20:44367938-44368238|1,1,0.15958554335488118,0.10836939504075091,0.2189052878260652,0.19562459972972543,0.1260031259738371
chr20:44401199-44401499|1,1,0.8951343914948745,0.8755978841171139,0.9412485182981297,0.9434773201195387,0.7897265269795344
chr20:44475877-44476177|1,1,0.9623588057902557,0.992464632521295,0.985639066421175,0.9869531587165435,0.9932417908264715
chr20:44522038-44522338|1,1,0.6817726307221463,0.7801200240703018,0.9295653908223026,0.9311949544283813,0.9378123688630124
chr20:44531825-44532125|1,1,0.9861665833342073,0.9992443047901491,0.9993390752868153,0.999467407702242,0.9980609474561475
chr20:44582533-44582833|1,1,0.5633686469460365,0.6310773768761679,0.768427411581864,0.7713529215987109,0.6199325027286565
chr20:44651688-44651988|1,1,0.9811052753802386,0.998828496089721,0.9993870483843362,0.9994848103479956,0.9982752522004865
chr20:44714811-44715111|1,1,0.8264404748237562,0.7045452125737703,0.825935588334906,0.8285378921527853,0.8492778386836061
chr20:44745815-44746115|1,1,0.9779274503515648,0.9987191448742444,0.998398992973666,0.9987503645744333,0.998915279935997
chr20:44810410-44810710|1,1,0.9956036053023563,0.9998788064837257,0.999954596986239,0.999961983093299,0.9986088392718484
chr20:44885667-44885967|1,1,0.9666080985518697,0.9979923247866197,0.9986794855228147,0.9990159250390002,0.9988360438753495
chr20:44910010-44910310|1,1,0.960042027734045,0.9926496665733476,0.9978017629092,0.997946204462326,0.9967544400915402
chr20:44960385-44960685|1,1,0.9001092461605562,0.9786705167867589,0.9939343854027554,0.9941088640528033,0.9963054013177866
chr20:44966462-44966762|1,1,0.9518162047408628,0.9752903468120613,0.9879252078765027,0.9887092841849376,0.9892176119768172
chr20:45101113-45101413|1,1,0.7207685561948901,0.7538896756818608,0.9153894319508108,0.9096266892897525,0.9085633266458439
chr20:45115145-45115445|1,1,0.6712579286538233,0.44252904974072405,0.5921975287348245,0.5836880600966412,0.49011326828193913
chr20:45293112-45293412|1,1,0.8796794068487216,0.9471598194307919,0.9900871478013177,0.9897750821960939,0.9625184290926525
chr20:45363111-45363411|1,1,0.9070816979789303,0.9774007941834623,0.9859480341117349,0.9872123119155229,0.9951223247850963
chr20:45378314-45378614|1,1,0.5594128985457195,0.2581442121835629,0.08777790958155868,0.09892920847530413,0.21942235891985057
chr20:45405670-45405970|1,1,0.9235907081220409,0.9768330131679331,0.9906092967224607,0.9901417613803443,0.9936179775484419
chr20:45408239-45408539|1,1,0.8460579775512598,0.8573939978357079,0.8769971572515438,0.8666341526143563,0.9398561682741113
chr20:45416091-45416391|1,1,0.901680273202649,0.9739831021599736,0.9952942926914233,0.9953011565363661,0.9967481066980778
chr20:45515611-45515911|1,1,0.5506893176272346,0.34186915453346534,0.34260796827366624,0.3276871538107104,0.24006656886627545
chr20:45542662-45542962|1,1,0.33544082455400037,0.264064382077262,0.3140464596796111,0.3193593823068904,0.33970029457766876
chr20:45547390-45547690|1,1,0.5744963582602725,0.3400007259755893,0.47259547087485515,0.4669950604352595,0.3503435500214088
chr20:45579272-45579572|1,1,0.7826264432355582,0.4474078950576462,0.5421303690573648,0.5169621742182887,0.5270742334892742
chr20:45631233-45631533|1,1,0.6929993127166592,0.4786759036020548,0.49066539979530494,0.4950599684080945,0.5204511510278945
chr20:45704646-45704946|1,1,0.3734191598354214,0.24328407168532243,0.33421048460700203,0.36857007977057227,0.4023131581236238
chr20:45705008-45705308|1,1,0.21019856870489764,0.19430397946449304,0.16807977519880057,0.17484785916075593,0.23218355190014434
chr20:45812596-45812896|1,1,0.925248530584345,0.983413782173214,0.9976525063780147,0.9977048364427568,0.99278176816659
chr20:45834007-45834307|1,1,0.9726582435741945,0.9921239760155068,0.9986812876345788,0.998580840443225,0.9963491850552848
chr20:45843655-45843955|1,1,0.8196244356985165,0.687314749265952,0.82974303856468,0.8243573913251866,0.7853452640068997
chr20:45855240-45855540|1,1,0.4695658585554608,0.3876477068342233,0.27494920930710365,0.2669804147875054,0.13366365141954603
chr20:45881177-45881477|1,1,0.7256212741926642,0.6916988384930376,0.9140446773236357,0.9179884506735505,0.8440989583784801
chr20:45887611-45887911|1,1,0.3507378407844176,0.30761582053460496,0.1272010663677834,0.11835401848756306,0.15322376607343677
chr20:45891005-45891305|1,1,0.9231902354680551,0.9801589834803732,0.9923184987999022,0.9933897997139669,0.9920593125139631
chr20:45934648-45934948|1,1,0.9640423448914748,0.9954318752136645,0.9984891615082874,0.9985363684065371,0.9982483724377368
chr20:45971556-45971856|1,1,0.9132154881654766,0.970253416874689,0.9869224083333783,0.9870806989934321,0.9765101494031065
chr20:45972192-45972492|1,1,0.8029023331192459,0.952354405668794,0.9773431252211604,0.9762481619473925,0.9739818044885621
chr20:46021705-46022005|1,1,0.9764628293273027,0.9937559977952868,0.9959038658529616,0.9961918520052028,0.9961458182931545
chr20:46029165-46029465|1,1,0.9633145380263592,0.9953011630243863,0.9975057925010902,0.9978723665265884,0.9963345644639227
chr20:46118264-46118564|1,1,0.914267813713034,0.912973119002433,0.9229765316250569,0.9203060760883293,0.9148042091756629
chr20:46364387-46364687|1,1,0.9297426764269001,0.989536096167585,0.9939256925793614,0.9944206879942649,0.9969021852166603
chr20:46406581-46406881|1,1,0.8707158615667259,0.9725582779256908,0.9902149118925904,0.9893412273868142,0.9914382205080842
chr20:46459297-46459597|1,1,0.596549079131014,0.7327821239590947,0.9357669520565691,0.9296434952227738,0.8989544926197248
chr20:46513548-46513848|1,1,0.6665331318850698,0.915914530358062,0.9512618092183617,0.951937999517328,0.9936856673721297
chr20:46642555-46642855|1,1,0.732153242345555,0.6653955128341387,0.5262315730577015,0.5079092697134419,0.8049696676829227
chr20:46651448-46651748|1,1,0.9247365601394966,0.9522799261095896,0.9667081584272775,0.9622393677036404,0.959228766529224
chr20:46689136-46689436|1,1,0.9730814667635281,0.9972330460328174,0.9979262166714055,0.9982365851056608,0.9947188926452186
chr20:46708260-46708560|1,1,0.623999759209452,0.3344326338249111,0.28321528928148115,0.29410447400813444,0.5868798281526842
chr20:46894566-46894866|1,1,0.9889382373962925,0.9984065811001858,0.9989239969340948,0.9989767656910196,0.9971756055165105
chr20:47318988-47319288|1,1,0.7190779423422319,0.7898435576554537,0.888962920533037,0.893517519244975,0.9456207251930778
chr20:47356688-47356988|1,1,0.5521882550868392,0.5208498963274785,0.7953182676771443,0.717118042648623,0.7653868204648112
chr20:47357568-47357868|1,1,0.7461013807313699,0.8763178731373696,0.9302476674677739,0.923602303593839,0.9261090578169077
chr20:47369114-47369414|1,1,0.5667676097802229,0.3901054387693959,0.30548718126692365,0.29708976794881636,0.44655245435244756
chr20:47412166-47412466|1,1,0.5261120526793873,0.415286854893681,0.12411855869033406,0.119951931499849,0.1363950526867994
chr20:47785470-47785770|1,1,0.9893328646731748,0.998831483850869,0.9996000966785952,0.999609095085012,0.9990331080534779
chr20:47786616-47786916|1,1,0.6862714695299175,0.8571300673283795,0.9512916200859945,0.9517419040676159,0.9851226373588606
chr20:48888174-48888474|1,1,0.4084161832753469,0.36188505822142947,0.17620072746307217,0.19683114830358597,0.1890741945616346
chr20:48921678-48921978|1,1,0.9746329876914159,0.9981518692804402,0.9992575312951143,0.9993247918568903,0.9959708525341117
chr20:49046289-49046589|1,1,0.9384770774986904,0.9895728988897511,0.9919126653688674,0.9921604135861868,0.9809464346195677
chr20:49188323-49188623|1,1,0.9784244936598234,0.9964631421719056,0.9994160217156033,0.9994298400842437,0.9982855255092828
chr20:49219368-49219668|1,1,0.8029023331192459,0.9639302131149401,0.987690289522698,0.9885605572242419,0.9925742136956667
chr20:49278046-49278346|1,1,0.9879355438823708,0.9988192399691828,0.9991768721559315,0.9992893577476746,0.9975281053889501
chr20:49482657-49482957|1,1,0.9699244692728479,0.9883030071407801,0.9938280840732947,0.9939184646882576,0.9957696297431343
chr20:49484267-49484567|1,1,0.9602445625768224,0.9941920782733331,0.9958773352422846,0.9960803325084431,0.9913636053436911
chr20:49568126-49568426|1,1,0.9743760328518635,0.9753473776382994,0.9841827489523626,0.984251198535556,0.9883526021048741
chr20:49915507-49915807|1,1,0.9274619611362985,0.993973916325194,0.9967754845822366,0.9974825051328561,0.9974080251558879
chr20:49936349-49936649|1,1,0.9640942618220157,0.9949974760711277,0.998863942635922,0.9989669824376679,0.9973847446947799
chr20:50081605-50081905|1,1,0.2703297012981265,0.22263877416790662,0.5137835321796947,0.5047554877725987,0.20673456048179256
chr20:50096723-50097023|1,1,0.27618206098618725,0.3652759899702301,0.6642783106947665,0.7048472565124193,0.39955867439742143
chr20:50113135-50113435|1,1,0.8538359816902269,0.9650748162080652,0.992973507689353,0.9930262655388868,0.9763158175577503
chr20:50115943-50116243|1,1,0.6414663501875061,0.8521528142211559,0.8910364698883114,0.8914123338393137,0.9294279166021393
chr20:50124537-50124837|1,1,0.9037407121191592,0.7620838142284893,0.7563369843755802,0.7733639142666485,0.8084556245931284
chr20:50128167-50128467|1,1,0.8613068378560575,0.704541729592249,0.8268047103671009,0.8317764183601354,0.8827520199320267
chr20:50129601-50129901|1,1,0.7957247648602369,0.70757486999759,0.7632919827692388,0.7756714345371274,0.6956962563407786
chr20:50143517-50143817|1,1,0.7655164297830226,0.660244480529795,0.3762676888347835,0.3520430756968966,0.378350773098365
chr20:50153712-50154012|1,1,0.9862477225940169,0.9994403390604986,0.9998269491023632,0.9998491104779937,0.9990127982648025
chr20:50166189-50166489|1,1,0.40966993928656315,0.53259168799708,0.6974620908885525,0.6911649315301122,0.8402904156554433
chr20:50510333-50510633|1,1,0.9542266582657687,0.9931265135888043,0.9961028880938183,0.9965034924863476,0.9943039447732336
chr20:50730987-50731287|1,1,0.9683808667530233,0.9975346145171569,0.9976657643763851,0.9980192724351075,0.9975218738319638
chr20:50795011-50795311|1,1,0.9725119357948222,0.9949723579381877,0.9933994148380174,0.9937570305350608,0.9938204739130415
chr20:50905544-50905844|1,1,0.08695090931478565,0.15191305154176216,0.38172140077379435,0.42948431169831336,0.10913924049825395
chr20:50931157-50931457|1,1,0.9604674374528674,0.9939941498446789,0.998762654808135,0.9989317512905376,0.9965416614107994
chr20:50958521-50958821|1,1,0.34871860885338635,0.725056850771452,0.9051065647785468,0.9140209590713506,0.8801798908800224
chr20:51023096-51023396|1,1,0.9818659487071303,0.9988406706564285,0.999709490175093,0.999713050960396,0.9984206732180185
chr20:51526016-51526316|1,1,0.6065703887006662,0.5229918599767024,0.2345438142884836,0.218425040920726,0.5640162466774856
chr20:51542688-51542988|1,1,0.987841999488106,0.9981150278736004,0.9978842120351746,0.9980172965325608,0.998168182912015
chr20:51562522-51562822|1,1,0.9382124458258749,0.9913842280738675,0.9866785184689316,0.987243904973361,0.991439717224071
chr20:51768379-51768679|1,1,0.9968562748342832,0.9999793331505691,0.9999197584532313,0.999936903286561,0.9983904439791415
chr20:51802629-51802929|1,1,0.5245189022685269,0.6928829852914005,0.8305196047495269,0.8194801800290687,0.8154310155690179
chr20:51862912-51863212|1,1,0.6665331318850698,0.5087107482569952,0.5214179776986922,0.5167545311703332,0.44052318544126084
chr20:52972350-52972650|1,1,0.6769506006243561,0.5623099405707279,0.8543909856983282,0.8409323568731105,0.644543840974533
chr20:53583156-53583456|1,1,0.12124353487903913,0.23890249523497542,0.6935665881427456,0.6628537726475742,0.5947509299809248
chr20:53611618-53611918|1,1,0.17385307702635347,0.2682982699427555,0.5158378336087576,0.5091504436686514,0.5390764899548868
chr20:54070536-54070836|1,1,0.7398211792819297,0.5639397618040128,0.4350890466814578,0.4219905025407719,0.613690586671647
chr20:54173539-54173839|1,1,0.929410838443631,0.963192471075222,0.9464876860092158,0.9478887525390931,0.9799121193420625
chr20:54207797-54208097|1,1,0.8815583140723701,0.9740104390911107,0.9858667085448479,0.9872208286786832,0.9913581492334632
chr20:54475543-54475843|1,1,0.9374457434658927,0.9863465005433064,0.9954867218833384,0.9952437604423444,0.9819212285624068
chr20:56005465-56005765|1,1,0.7072180259303879,0.8299704806891139,0.9275268438487915,0.9195634621941959,0.860548730685328
chr20:56358924-56359224|1,1,0.9877313501089892,0.9970395686539845,0.9994951359606683,0.9995116272618652,0.9947285950588161
chr20:56392204-56392504|1,1,0.7100150488834102,0.9304525615228922,0.9644959623886836,0.9646621558944947,0.9744903716511971
chr20:56411988-56412288|1,1,0.29167331572734106,0.39585939997896713,0.7701579875707955,0.7342110073934819,0.6729418839372802
chr20:56468482-56468782|1,1,0.9185341636469373,0.9859704490485192,0.9946690565973894,0.9955542563265865,0.9983469660772886
chr20:56524694-56524994|1,1,0.7190779423422319,0.5901696716194065,0.884355766624814,0.8803172181671272,0.6876265267843759
chr20:56533267-56533567|1,1,0.6735623122279191,0.6246025842014996,0.8247211508833326,0.8229538064016949,0.7297390937137079
chr20:56629256-56629556|1,1,0.9011590588923049,0.9895801381977555,0.9871890998987102,0.9895440791014202,0.9974755270960914
chr20:57266218-57266518|1,1,0.9795858009560698,0.997430109043842,0.9993904800246565,0.9994249705522312,0.9973122230492503
chr20:57351205-57351505|1,1,0.9410397974482015,0.9973993520310623,0.9925207820749121,0.9933150797370441,0.9968468025207574
chr20:57483345-57483645|1,1,0.3705981710647521,0.4912420919842725,0.7082802237325349,0.6926244521163017,0.8436823904616384
chr20:57525166-57525466|1,1,0.9593171367059321,0.9102944181413452,0.8338369655455201,0.8407005757694732,0.7979131907241461
chr20:57620415-57620715|1,1,0.6030329151372281,0.7059787162411008,0.8271930616313283,0.8244310930098764,0.7592144774935087
chr20:57710004-57710304|1,1,0.9819874361245438,0.9987335945428172,0.9994079265435655,0.9994889422339426,0.998517756979094
chr20:58150861-58151161|1,1,0.8942463737859689,0.9525692347258673,0.9851915188302167,0.9852971551989129,0.9222227757849659
chr20:58309665-58309965|1,1,0.9870690869471427,0.9989457817927482,0.9993986940094897,0.9994822669815173,0.9974822938672208
chr20:58389181-58389481|1,1,0.9535695625425816,0.9965264777942642,0.9948755205750801,0.9957316873768223,0.9904851387255698
chr20:58514876-58515176|1,1,0.9199165870515446,0.9548331573339172,0.9581523244015706,0.9570882144269219,0.9640526417307117
chr20:58622915-58623215|1,1,0.7423107141828081,0.6075651302712252,0.4524797807134023,0.46161927103257894,0.5770495393293011
chr20:58650202-58650502|1,1,0.9876794474372601,0.9986896347635349,0.997339812904414,0.9978053417603262,0.9904495231484208
chr20:58651233-58651533|1,1,0.9347684173009451,0.9352204005390077,0.9720187203626942,0.9706367197536466,0.9484142845151677
chr20:58675759-58676059|1,1,0.7048107896424773,0.7502892694903731,0.8309502340897966,0.8315085407540846,0.8293267762244935
chr20:58678992-58679292|1,1,0.3468067506050491,0.3705707512216608,0.41563345650224065,0.4229166347563446,0.49680539587939127
chr20:58689081-58689381|1,1,0.4673900762829848,0.4477719562579211,0.6163670289090201,0.5833697152653398,0.2982753565525045
chr20:58691353-58691653|1,1,0.4797151564248843,0.5340978703616094,0.6908029045901791,0.7161456235396622,0.573604867815159
chr20:58693088-58693388|1,1,0.9906683155053186,0.9991839477945661,0.9989816570506034,0.9991907302905577,0.9961402548407332
chr20:58700888-58701188|1,1,0.8891222817125634,0.8155599114197166,0.84294076287119,0.8358314993119945,0.7936948809489421
chr20:58714622-58714922|1,1,0.8896134088886033,0.6719244920105095,0.8628028794017908,0.8524842747089585,0.8258940018120473
chr20:58839698-58839998|1,1,0.7781733234243211,0.9422700519500813,0.991543219655525,0.9894889195253924,0.9673185470000362
chr20:58889130-58889430|1,1,0.982755083355001,0.9989536058218402,0.9996683908977537,0.9997141122868973,0.9990652802613442
chr20:58981225-58981525|1,1,0.9856964885462963,0.9995591842665436,0.9990032861044993,0.9993035900894802,0.9983115067870587
chr20:59007243-59007543|1,1,0.985969055224661,0.9968583596484094,0.9962965700832559,0.9967705824213895,0.9964643925790652
chr20:59019013-59019313|1,1,0.7608924345233774,0.5886111617323954,0.4904066207050887,0.4809157614177642,0.40737603827225244
chr20:59032324-59032624|1,1,0.9726582435741945,0.996363733798241,0.9978380048922505,0.9981059388046912,0.9985069081704344
chr20:59042775-59043075|1,1,0.9797835901096682,0.9980575600521348,0.9962556418355777,0.996920326165364,0.9978252126296515
chr20:59300177-59300477|1,1,0.9509613018702784,0.9789451513008476,0.9951192067187186,0.9952966333316073,0.9939870987404656
chr20:59604490-59604790|1,1,0.4034229508671992,0.5519306884656623,0.9025703361514282,0.8952646740185612,0.8275143254884868
chr20:59721176-59721476|1,1,0.7104494240084519,0.4501571264118254,0.6771080910575386,0.6728647676706644,0.4683413367469215
chr20:59933347-59933647|1,1,0.9587578693827731,0.9914880744535169,0.9959358486576664,0.9964005299254052,0.991270185467265
chr20:59940339-59940639|1,1,0.9256372069941281,0.9892829795785455,0.9986888288106721,0.9986958751638562,0.9971651691341566
chr20:59996324-59996624|1,1,0.17436482594021893,0.10917450189201341,0.08010793029375651,0.08524661807202434,0.20244216518382124
chr20:61252388-61252688|1,1,0.9919435100483068,0.9998603967240216,0.9997732674063804,0.9998361835787271,0.9984720040000368
chr20:62122425-62122725|1,1,0.9852553955413446,0.9987296198414781,0.9987129188819864,0.9987808367073141,0.9964802859239005
chr20:62143383-62143683|1,1,0.992748845659109,0.999858270816932,0.9993406559321514,0.9996237571623859,0.9981526810703515
chr20:62161424-62161724|1,1,0.9447170026291081,0.8672715308929057,0.9576331292128711,0.9609836649282719,0.8929489242062513
chr20:62183144-62183444|1,1,0.9270782628045816,0.9852772844577026,0.9956093883555667,0.9957707293160188,0.995672280333041
chr20:62220267-62220567|1,1,0.9886627028592279,0.9979545108054951,0.9994162151914453,0.999416285920581,0.9956289428929957
chr20:62238471-62238771|1,1,0.9928508681798218,0.9993443165820766,0.9997693122058836,0.9998070334137549,0.9979198020259143
chr20:62302027-62302327|1,1,0.8684410534868071,0.893803476997402,0.8839285368915826,0.8831514191359279,0.8745406067169976
chr20:62367301-62367601|1,1,0.9907074162419672,0.9991809360510782,0.9984982952321404,0.9984916161424738,0.9976329520665451
chr20:62387027-62387327|1,1,0.9791058099529556,0.9977902062071037,0.9988077861219589,0.9988135190524385,0.9962035415818845
chr20:62475984-62476284|1,1,0.9810951239953564,0.9983246351383069,0.9989985271996958,0.9991264635561709,0.9983112621881557
chr20:62642453-62642753|1,1,0.9882390977194881,0.9990968409284675,0.9988983940925323,0.9990456343716851,0.9972103208489079
chr20:62656399-62656699|1,1,0.9464199472937443,0.9306417566246622,0.9285968528385785,0.9355070716451815,0.9478472405970801
chr20:62708786-62709086|1,1,0.9804339650397663,0.9986714490231419,0.9994391277140259,0.9995015014347041,0.9976273302954974
chr20:62796455-62796755|1,1,0.9891945848090188,0.9987716997576949,0.997094448700177,0.9975078411611825,0.9976736691989818
chr20:62804785-62805085|1,1,0.9837946259063182,0.9997011760404075,0.9997606306490947,0.9998385648448974,0.9992412070225601
chr20:62816163-62816463|1,1,0.8864449094097204,0.8944175789921628,0.8785956889590743,0.8802178734661742,0.8226396128506864
chr20:62836351-62836651|1,1,0.8580264531019628,0.876634522909293,0.9409949587656044,0.9426812474324797,0.9803718877326371
chr20:62861811-62862111|1,1,0.9877914162258292,0.9980708546776458,0.9992746482145897,0.9993988226282637,0.9950174462572394
chr20:62926494-62926794|1,1,0.9489652573452817,0.9941037123512959,0.9871399231732141,0.9893434062713222,0.9946378023293823
chr20:62937475-62937775|1,1,0.9492596794414417,0.9906801828587504,0.9908226484785193,0.9911981384484132,0.9892848177158182
chr20:62952659-62952959|1,1,0.9668525956794785,0.9644045960135192,0.9455785391524302,0.9491232892617325,0.9728744126214244
chr20:63216120-63216420|1,1,0.98399195137981,0.9990840661815593,0.9993682040541497,0.9995227617470316,0.9990606562051074
chr20:63235861-63236161|1,1,0.8941565042196156,0.5909705424757477,0.2912405778013845,0.28143367191996455,0.508500125095059
chr20:63254452-63254752|1,1,0.9844476797377296,0.997511576409395,0.9986295392838153,0.9988637327899444,0.9961003402378836
chr20:63293165-63293465|1,1,0.8748880506511179,0.6748045256553501,0.7908297304610258,0.7907841439423869,0.40461067796267075
chr20:63329084-63329384|1,1,0.9061034354485847,0.7246281606105854,0.9081284896424793,0.9078183602496698,0.6944936613316237
chr20:63361291-63361591|1,1,0.9788878219119234,0.9944687194442416,0.9908833840241894,0.992196588693778,0.9906369075304943
chr20:63420296-63420596|1,1,0.5561284140875548,0.6745228931681942,0.6817905513533643,0.6771766671184027,0.6797952835556045
chr20:63472644-63472944|1,1,0.9792281650463077,0.99676575348835,0.9947694656863728,0.9947321025932799,0.9516751640048771
chr20:63521090-63521390|1,1,0.9579615743158177,0.9904323753312593,0.9913048566361771,0.9921228387348879,0.9961603353940859
chr20:63537330-63537630|1,1,0.9496230809397235,0.9098219943622873,0.9611496550600752,0.9611782570162267,0.9264062827342536
chr20:63547736-63548036|1,1,0.947232834487229,0.9266714556470411,0.9256176022584038,0.9194888704203601,0.9556227400761733
chr20:63552982-63553282|1,1,0.8708367079703421,0.7242968542114075,0.6621186014432164,0.679038031400265,0.657056295154163
chr20:63574228-63574528|1,1,0.9667582102211355,0.9925905807100558,0.9881015814109092,0.9897587223005808,0.9963425253846293
chr20:63627064-63627364|1,1,0.9830037526684536,0.9994785420731229,0.9992245228798184,0.9994220681842569,0.9986582499755877
chr20:63653413-63653713|1,1,0.9733319405290627,0.9929330223848248,0.996015574590718,0.9957407063117257,0.9573017297408071
chr20:63658265-63658565|1,1,0.8991605186403403,0.9893454623903696,0.9955221521212531,0.9960260703306499,0.9987211826255392
chr20:63663169-63663469|1,1,0.8110109618629102,0.7664738909491257,0.7226527674994486,0.7392619567490952,0.8219932590362566
chr20:63698422-63698722|1,1,0.731388828548193,0.8956555880346867,0.9407360268106346,0.9519071602244984,0.9444027186330964
chr20:63707333-63707633|1,1,0.9724081015250334,0.9956589129800882,0.9956995606549491,0.9962397826353714,0.9946878808473191
chr20:63717309-63717609|1,1,0.2548241070368116,0.43343017201160705,0.3425535790742052,0.38622193136826677,0.38219669726929767
chr20:63734691-63734991|1,1,0.8892398757009821,0.7544772904191162,0.8762309084589859,0.8590508325943125,0.7044181380739308
chr20:63736314-63736614|1,1,0.9337059642371527,0.9317759273597814,0.9777635883896263,0.9764960119563874,0.9302220974307563
chr20:63738102-63738402|1,1,0.9626963345561739,0.932432167039857,0.9440069618204506,0.9413894699583161,0.9232425092262261
chr20:63741197-63741497|1,1,0.9298712906371337,0.8460570811345359,0.7672148306655691,0.773713784674066,0.9349069246279093
chr20:63865221-63865521|1,1,0.9560421922373592,0.9980076176788815,0.9984233815429363,0.9986964177973241,0.9977899025436241
chr20:63873636-63873936|1,1,0.8819988488308496,0.8114205894083775,0.8446735655162397,0.850896082128481,0.8141942290992623
chr20:63882772-63883072|1,1,0.8186827129160352,0.5584996550189946,0.7298978236731244,0.6975392596283619,0.5564975630140239
chr20:63894974-63895274|1,1,0.9841142139668877,0.9994143239719121,0.9995183274804949,0.9996103744868688,0.998301914849522
chr20:63956405-63956705|1,1,0.9538055153392316,0.9954899600486025,0.9817944070988752,0.9859811309881189,0.9667488074414382
chr20:63969919-63970219|1,1,0.9749976593205735,0.9980401798247572,0.9996866108968716,0.9996770468429678,0.9983161059772954
chr20:63978895-63979195|1,1,0.9454264873928588,0.9815729532586476,0.9966836265572901,0.9969069136304761,0.9929125614886178
chr20:63981082-63981382|1,1,0.9348192699296309,0.9952975007536409,0.9975040704574303,0.9976402245701697,0.9977888761532473
chr20:64063156-64063456|1,1,0.9844489574036484,0.9992714107404475,0.9975296329876966,0.9980800192816158,0.9963865830248657
chr20:64077228-64077528|1,1,0.9072537615593648,0.8171693417063606,0.869256197610958,0.8601400577127822,0.7831990794841431
chr20:64079498-64079798|1,1,0.9664392121065483,0.9898252981565376,0.9960394316695405,0.9960515035243862,0.9965410287526512
chr20:64084387-64084687|1,1,0.695873757353819,0.6929629301226549,0.7471139508729273,0.7496968531385289,0.6293596629882651
chr20:64091933-64092233|1,1,0.928625164815311,0.9182508429556847,0.9746045309324387,0.973227866227625,0.9588125790210036
chr20:64151735-64152035|1,1,0.6966326644267509,0.6671476806933281,0.7174306184887065,0.7277519090225527,0.6806802142295173
chr20:64164556-64164856|1,1,0.5391192337006905,0.6831741972615323,0.7594770374809674,0.7808706732106935,0.94402241195161
chr20:64255698-64255998|1,1,0.9849975024950632,0.9991575320539698,0.999210662153449,0.9993147759296082,0.9983592797897879
chr21:10521418-10521718|1,1,0.9713906381887696,0.9981152343981681,0.999207658235043,0.999275898509858,0.9986100682041735
chr21:10543899-10544199|1,1,0.38406076860256816,0.2547018347161376,0.23161240014334583,0.2398675551746416,0.21927421659179358
chr21:13516062-13516362|1,1,0.8278894861660734,0.8403081312042877,0.7142762878534213,0.7176895564072363,0.8982632346647267
chr21:13609743-13610043|1,1,0.8590998492604857,0.9499197652440249,0.9719794031021866,0.9679049207412014,0.9085856874334811
chr21:14210919-14211219|1,1,0.15958554335488118,0.1830526341279565,0.33943454033582815,0.3582516121926416,0.3790792604613085
chr21:14216108-14216408|1,1,0.8738833997591189,0.9826775691735969,0.9967922684171047,0.9969372464445982,0.9914377783816435
chr21:14383135-14383435|1,1,0.8411629558061939,0.9508314445478024,0.9921360451199073,0.9940739212173942,0.9819025934438445
chr21:14546304-14546604|1,1,0.11239710710026143,0.09821831356982162,0.25887293502257586,0.32218875268989416,0.09160509852824962
chr21:15064977-15065277|1,1,0.9226001836613595,0.9867746897287516,0.9967644812203562,0.9970180116836432,0.9966830719822136
chr21:15729932-15730232|1,1,0.9806845888763555,0.9993930863074791,0.9989165921509972,0.9991642791362739,0.9993792479851779
chr21:17612890-17613190|1,1,0.9814202141845371,0.9991557432068248,0.9990397393503283,0.999161935424569,0.9984216319860159
chr21:17819345-17819645|1,1,0.9319039094727994,0.9940029560153008,0.9978073359085002,0.9981178198678499,0.9965680258941539
chr21:17901167-17901467|1,1,0.6139992100161732,0.5215781612139994,0.23851201112044895,0.22061080686421428,0.744663668212574
chr21:18245128-18245428|1,1,0.9694843558617093,0.9958848478092894,0.9972532654601848,0.9973776248105376,0.996560588205647
chr21:25607470-25607770|1,1,0.9328319825391944,0.987853932677919,0.9900129467911181,0.9917094120420198,0.9912506743930368
chr21:25639208-25639508|1,1,0.8994928999347503,0.9649226800459664,0.9888116478155656,0.9876949451324658,0.9824081028223761
chr21:25724570-25724870|1,1,0.0677169611235873,0.10458444476139778,0.2780253128304464,0.26742558085461265,0.14265105095732475
chr21:25735320-25735620|1,1,0.9628538449878262,0.9951639095304975,0.9886950291558334,0.9894742979713176,0.99758528472206
chr21:26021927-26022227|1,1,0.20993243854780472,0.3163286611958336,0.35315801642905,0.3971515388497589,0.3811523807391077
chr21:26170646-26170946|1,1,0.9838855137941851,0.9993508521275708,0.9991506332987811,0.9992906333185313,0.9985552940485151
chr21:26171256-26171556|1,1,0.30250533398886503,0.5870957995741672,0.8669981063101336,0.875394332264179,0.7639961239963069
chr21:26573221-26573521|1,1,0.5691386375266282,0.781272542723687,0.9389974943837559,0.9398112422722086,0.9175012855352698
chr21:26966637-26966937|1,1,0.6239472499043333,0.8781796576897992,0.9866176359745419,0.9855209310108707,0.9518798888374335
chr21:28885354-28885654|1,1,0.3985463681681755,0.5132840265151497,0.8105604297558929,0.793723530849159,0.6828308920617783
chr21:29019338-29019638|1,1,0.6952735850198879,0.9627814019306631,0.9404728085211774,0.9455264195512751,0.9710799388093089
chr21:29024618-29024918|1,1,0.7936386920581786,0.9339412636047094,0.9885800788604068,0.9891999039857432,0.9896081121948277
chr21:29073636-29073936|1,1,0.8609481208058499,0.9609129737422156,0.9861382919584634,0.9873011295110423,0.9797813305640629
chr21:29077064-29077364|1,1,0.8995806310153612,0.9202462563637094,0.8677724436361096,0.8625514996612286,0.9378406647285079
chr21:29121940-29122240|1,1,0.4706040831769161,0.29773690587489526,0.12098892926215683,0.11780480611251573,0.544744871939768
chr21:29130609-29130909|1,1,0.7456878133693169,0.6999896760678911,0.7953840958241757,0.7950373313104936,0.8649924231514593
chr21:29145536-29145836|1,1,0.21150371760707404,0.23483064123316524,0.3197341022936312,0.3541112534169163,0.627289655323093
chr21:29298872-29299172|1,1,0.9874911099755325,0.9992532016179786,0.9995695873279914,0.9996551860516556,0.9989954642528548
chr21:29309848-29310148|1,1,0.09142711353214579,0.14232669625442185,0.18327811443966185,0.20130251306660057,0.10640310598951129
chr21:29939660-29939960|1,1,0.851612089292954,0.9155610334178809,0.9805013374493602,0.9800053667494132,0.9616485776710041
chr21:31732107-31732407|1,1,0.9903145420361249,0.9995945574190163,0.9997245679400034,0.9997555473478839,0.9992030918431527
chr21:31873269-31873569|1,1,0.9803657626237187,0.997817288967025,0.9983019331707653,0.9985653125619259,0.9932661664144441
chr21:32279015-32279315|1,1,0.8649206431323816,0.9699453910847851,0.9963747409927338,0.9964436453579765,0.9923498479141302
chr21:32298805-32299105|1,1,0.7522807489888125,0.7835869725427885,0.9206893918425112,0.921761306179463,0.82591641447672
chr21:32393001-32393301|1,1,0.9606707341519497,0.9895203689753805,0.9962432292327972,0.9966445324263908,0.9917045264641836
chr21:32411673-32411973|1,1,0.9240712727823784,0.9851487784040424,0.9805552704207375,0.9807309782995791,0.9915955658919419
chr21:32585512-32585812|1,1,0.2221664825446865,0.31379630491133154,0.6337817234090894,0.666564627086466,0.5010463828959586
chr21:32603190-32603490|1,1,0.7385531237035916,0.6761195646358007,0.6129393849024538,0.632497345854355,0.7086133072797215
chr21:32612361-32612661|1,1,0.8645506492269284,0.9559364173139534,0.991044421604497,0.9912966005464525,0.993864186556493
chr21:32727896-32728196|1,1,0.9741855330449624,0.9949636827089742,0.9990511620435897,0.9990706143606947,0.9983577040215257
chr21:32771721-32772021|1,1,0.8445694647113582,0.9918770558174405,0.9981328653892263,0.9983817175776057,0.5657645867240397
chr21:32813675-32813975|1,1,0.4388155372090685,0.41434249297064113,0.7565944315195096,0.7583367244330332,0.5546932160848179
chr21:33229900-33230200|1,1,0.9798228563438327,0.9996512153696822,0.9990237077081413,0.9992524096162971,0.998685331415328
chr21:33233603-33233903|1,1,0.0696718068898888,0.1681265403207915,0.13789704437468084,0.12916468065209188,0.2716094799713376
chr21:33260679-33260979|1,1,0.03262006381262725,0.05846712705831078,0.010156902325309598,0.009801324152394361,0.08417127077863497
chr21:33264645-33264945|1,1,0.7283260774025716,0.6704094457669328,0.1743786087376995,0.1580096502593226,0.4171079061248892
chr21:33276705-33277005|1,1,0.15613545165073117,0.10420979298780979,0.06196893504983203,0.07873263253924356,0.09198854824321825
chr21:33324923-33325223|1,1,0.952866768348431,0.9901845918811136,0.9817137746793476,0.9846556239376931,0.9939284650671381
chr21:33402832-33403132|1,1,0.7264599388530691,0.8270234786639643,0.8075813658316662,0.8037706742849333,0.832960940664635
chr21:33491387-33491687|1,1,0.9203326550200368,0.9744883819151395,0.9916433044741277,0.9913592511532324,0.9923064787499245
chr21:33542101-33542401|1,1,0.9240712727823784,0.9851326764485581,0.9981316185742726,0.9985260347290553,0.9952801562125716
chr21:33543023-33543323|1,1,0.8092895686917057,0.9426129964352371,0.9853037857855939,0.9856802237525591,0.9751054224295218
chr21:33588665-33588965|1,1,0.9683856077246498,0.9966968173722053,0.9992374786834135,0.9993030314919616,0.9979431145216187
chr21:33642453-33642753|1,1,0.9626492824260442,0.9957666179366276,0.9969724582032489,0.9973563629264982,0.9950100071559541
chr21:33687053-33687353|1,1,0.5111722020573737,0.4963552622926265,0.025719734987702025,0.026359784686833383,0.033876983785001556
chr21:33915775-33916075|1,1,0.7256212741926642,0.9021090692954625,0.9718984460043169,0.9697145983050054,0.93392242684803
chr21:34073157-34073457|1,1,0.9872764156823639,0.9990719713329107,0.9988275601007821,0.9989125461448386,0.9975857350328723
chr21:34087681-34087981|1,1,0.3961367165455243,0.2091255893568813,0.05803659240239016,0.054152181496599026,0.08317873933566179
chr21:34363940-34364240|1,1,0.2719555227206631,0.2274735798694573,0.24096100163780626,0.24077393428418467,0.3661227179572911
chr21:34375465-34375765|1,1,0.9227118203268565,0.9884990568459692,0.9895947317827375,0.9893150772580499,0.9941653620956115
chr21:34423905-34424205|1,1,0.23180523173465725,0.23528932909168288,0.5498274821612874,0.5447735035778951,0.2259997094188385
chr21:34459588-34459888|1,1,0.9472383007574343,0.9763306776035843,0.9905944169171832,0.9910984090689628,0.9736699972381798
chr21:34512199-34512499|1,1,0.31777256244219754,0.36141199175009175,0.5599499915842299,0.6317956568031021,0.47256470195253675
chr21:34521486-34521786|1,1,0.6936920362326946,0.5421115711715374,0.78447479797194,0.7960846562751842,0.6833256000940955
chr21:34526964-34527264|1,1,0.2447793312050249,0.36904552999167123,0.392160781589667,0.3950571481777902,0.44581559476992416
chr21:34615037-34615337|1,1,0.9796263057640915,0.9987278675401623,0.9993203502588031,0.9994353453435496,0.9984964596739764
chr21:34669260-34669560|1,1,0.9749976593205735,0.9960521540786482,0.9920862503231398,0.9937084695438977,0.9946317219674059
chr21:34888682-34888982|1,1,0.9529253983473676,0.9938713787381037,0.9983393078956333,0.9983821005859613,0.9979892826897093
chr21:35049266-35049566|1,1,0.2531527461768045,0.2368021675103718,0.4584673082982546,0.4424942823998309,0.356881038249327
chr21:35984699-35984999|1,1,0.27390952479387876,0.3613036029075342,0.3770920867061752,0.4011078324091787,0.5456991988566479
chr21:36060303-36060603|1,1,0.9127589434488349,0.9802468060104307,0.9969629984102183,0.9969832051194715,0.9941292245503941
chr21:36069974-36070274|1,1,0.9564081415391841,0.9932245091941193,0.9903626422294657,0.9915546753715713,0.9932570719267131
chr21:36156776-36157076|1,1,0.9808190747332672,0.9983755284067927,0.9995200138551568,0.9995202854511652,0.999188782401315
chr21:36320147-36320447|1,1,0.9818390616937599,0.9974972989491737,0.9982080081454778,0.9984952094815712,0.9977138345333066
chr21:36385342-36385642|1,1,0.9878051569720182,0.9991883059883954,0.9988398235440309,0.9989861387815414,0.9978857862212183
chr21:36480063-36480363|1,1,0.513080294239009,0.40030657673199876,0.7191281365805687,0.6873983517505609,0.6391731262992929
chr21:36487408-36487708|1,1,0.11776098512281806,0.14680642398246463,0.4210816389152953,0.40615589850799244,0.13839064196997766
chr21:36709163-36709463|1,1,0.9625525127855453,0.9845668074537246,0.9823680005541316,0.9838310762976049,0.9874839033308043
chr21:36966658-36966958|1,1,0.9944163892985248,0.9991000599472835,0.9996460956760188,0.9996865856696103,0.9988828459814033
chr21:36990196-36990496|1,1,0.9718576517784523,0.9967917769418349,0.9963563798690477,0.9967733424783627,0.9913080723260944
chr21:37006026-37006326|1,1,0.9342165230117131,0.9895692678214347,0.9836803812266485,0.985896455524892,0.994462654186641
chr21:37072711-37073011|1,1,0.9539738206331904,0.9826504455498127,0.9865216695550182,0.9869404556124202,0.9719428000773201
chr21:37076672-37076972|1,1,0.45063860310496934,0.643167215644658,0.1991906627216551,0.19987530537616638,0.22576540353883298
chr21:37221361-37221661|1,1,0.6594763991497526,0.678505798786867,0.8931368129109563,0.8941540753072881,0.8749062787354331
chr21:37267323-37267623|1,1,0.9326050245665256,0.9882904072572717,0.9946642290649723,0.9954176156452339,0.9954560438268208
chr21:37367552-37367852|1,1,0.991563629516393,0.9997008604641463,0.9995867059301666,0.9996504352248929,0.998428881355701
chr21:37420275-37420575|1,1,0.19165606410184324,0.25252573949281026,0.2748867934398914,0.34992582773876574,0.4063382181818232
chr21:37464695-37464995|1,1,0.06358834414113912,0.057336440044311855,0.3415598326224405,0.2866240201065011,0.090773725252427
chr21:37472637-37472937|1,1,0.23488106732334074,0.16538898577095323,0.3750294393913274,0.3716574219532518,0.4143638320131806
chr21:37916359-37916659|1,1,0.9267261289754559,0.9846554320806091,0.9945363576847224,0.994915755500017,0.9967373930747792
chr21:38121337-38121637|1,1,0.6393607707106743,0.7317578807852584,0.846311297541457,0.8359790373251612,0.8587910969979975
chr21:38256941-38257241|1,1,0.36900542968662065,0.38293870537877617,0.3994028084256112,0.41184512823229247,0.6822097752828369
chr21:38272458-38272758|1,1,0.3629931023199254,0.32057382420080993,0.5776376076551518,0.6249095667595906,0.5098671197851181
chr21:38498466-38498766|1,1,0.4115068727042915,0.3032365781510278,0.6315573797285812,0.6572729343640551,0.4789528147582437
chr21:38660584-38660884|1,1,0.9832488973245167,0.9995059276015691,0.9977887691186743,0.998500869199687,0.9934097408302082
chr21:38805879-38806179|1,1,0.9764020553465259,0.9982339202858757,0.9985799482412342,0.9987861597583947,0.9979151579122506
chr21:39183403-39183703|1,1,0.9494374798420785,0.9926633136522118,0.9923058263143473,0.9934470359298235,0.9928537155626233
chr21:39313621-39313921|1,1,0.9644588850116356,0.9983119718615399,0.99868264801121,0.9988993796683748,0.999023326676095
chr21:39349052-39349352|1,1,0.9840917038816374,0.9963600816978238,0.9984546501956596,0.9985006343184611,0.9927120830377603
chr21:39380364-39380664|1,1,0.8207239691710815,0.9398752060215507,0.9833260159738273,0.9827192586345606,0.9540624676241353
chr21:39387731-39388031|1,1,0.43490036005292876,0.6801025036848579,0.7523454765659927,0.8046262609497491,0.8924961829985385
chr21:39390664-39390964|1,1,0.5538704052234956,0.4592413173321606,0.4720546715660789,0.4479738452235131,0.5427174766102748
chr21:39443495-39443795|1,1,0.46351983148385956,0.4363895934217797,0.2821861705398152,0.282964659757203,0.27612154439912867
chr21:39445737-39446037|1,1,0.9603008553594389,0.9972519696311902,0.9979942976554174,0.9984368128976849,0.9969606532459975
chr21:39451856-39452156|1,1,0.741481290571414,0.6123613872483419,0.7491287010473633,0.7594727747521671,0.8691336913040353
chr21:39608593-39608893|1,1,0.5696471162274891,0.3178968812881352,0.6609029364260793,0.6488237537761005,0.28494386021283535
chr21:39657283-39657583|1,1,0.6355343503130246,0.40123962721924716,0.24501762755175435,0.2273823771846168,0.3602902207082608
chr21:39788638-39788938|1,1,0.2008357176710984,0.2485704742087174,0.7671667666556902,0.7570257968388994,0.2960962239024355
chr21:39867388-39867688|1,1,0.5121000770831688,0.6050090022973673,0.8746118811512446,0.8802680483970768,0.8008145033502374
chr21:40847147-40847447|1,1,0.7713680733924542,0.890098058671692,0.9580140660119533,0.9610141931579358,0.9793940418552599
chr21:41167526-41167826|1,1,0.9353429986459422,0.9937352139721951,0.9951494462485608,0.9958333217520559,0.9976584459882596
chr21:41168110-41168410|1,1,0.9904082201352207,0.9990466233352618,0.9988220908164274,0.9990097404654219,0.9972705041930017
chr21:41316588-41316888|1,1,0.9826352157459979,0.9930521611444724,0.9919195603932629,0.9923202082400483,0.9861200456502788
chr21:41361721-41362021|1,1,0.6885404685413102,0.49549038703993215,0.6280400386079616,0.6181350470197265,0.7346012657955002
chr21:41420268-41420568|1,1,0.9239407616711015,0.9708086373955755,0.9939084026478896,0.9933347711876909,0.9941786049520596
chr21:41426073-41426373|1,1,0.9514404432928646,0.9962682976806561,0.9976931933186329,0.997923658006876,0.9976398802282075
chr21:41767041-41767341|1,1,0.8941150321336518,0.9844471374597461,0.9926712165995372,0.9934500138060092,0.9970615929457147
chr21:41768641-41768941|1,1,0.4750529237348963,0.543344650533521,0.9040785017666086,0.9113891788197218,0.7544034096209133
chr21:41863304-41863604|1,1,0.2894618744381239,0.18641614955702174,0.19372952425565879,0.18706324234285623,0.23780308728228552
chr21:41879499-41879799|1,1,0.9612425592974739,0.9929379670960222,0.9948115792452815,0.9957147408617947,0.9932768905462206
chr21:41926680-41926980|1,1,0.1772831740326648,0.23021747508599547,0.2017871362667296,0.20414975444440914,0.35804848167368003
chr21:42010343-42010643|1,1,0.9819274521371159,0.9985979416233599,0.9984006652218507,0.9987138598017604,0.9990503045291366
chr21:42219090-42219390|1,1,0.9630856052375918,0.9966770499050432,0.9990703993195763,0.9992007419740959,0.9962291117864769
chr21:42255934-42256234|1,1,0.6017380456255071,0.44889666634851444,0.3280403310152985,0.3341020666740898,0.3347726995290022
chr21:42315513-42315813|1,1,0.7988244113749372,0.5947331133226582,0.852346425339324,0.8622644036515719,0.6482298517399742
chr21:42351164-42351464|1,1,0.6973441358004346,0.4768302618142071,0.7896618544395657,0.7901782395067752,0.6320801833941091
chr21:42366783-42367083|1,1,0.5705780449795936,0.5461048040506506,0.4764341076657366,0.4725999487976765,0.3964356383561591
chr21:42389036-42389336|1,1,0.6103352248268095,0.49844236985220985,0.8672819770835586,0.8565471261919686,0.743565871139931
chr21:42396041-42396341|1,1,0.5561323700416978,0.6257856048079802,0.8092721559096646,0.8096813386684734,0.7752662870110988
chr21:42403874-42404174|1,1,0.8995138605933206,0.878647829250616,0.8887397959121772,0.8717551882155045,0.9628739715744806
chr21:42495897-42496197|1,1,0.840373360267261,0.9053908662973338,0.9117061924967561,0.9153157276305993,0.9544987924503443
chr21:42499592-42499892|1,1,0.6476029997049291,0.7444809473717207,0.8998499456228861,0.895294603326385,0.7066283384427887
chr21:42513810-42514110|1,1,0.9873521956811891,0.9994492104659898,0.9996774864843163,0.9996763967846917,0.9987412140160183
chr21:42879523-42879823|1,1,0.7869730593917023,0.9167863885298955,0.9775996654594508,0.9811218712185982,0.9670113263416643
chr21:42893263-42893563|1,1,0.9723754351216093,0.9903876749833841,0.9956873992395991,0.9957554742989021,0.9954792469017739
chr21:42974512-42974812|1,1,0.966255395255728,0.9981871348338294,0.9980723382975987,0.9986297243262863,0.9979569205274379
chr21:43075061-43075361|1,1,0.9124177691714465,0.9826180495393179,0.9976207009584895,0.997677137770103,0.9884921911677218
chr21:43107543-43107843|1,1,0.9759001741600581,0.9981736820527147,0.9993785614276699,0.9994266412487101,0.9986166464185124
chr21:43427120-43427420|1,1,0.9916876729361983,0.9998045932653408,0.9998214354687803,0.9998904116562217,0.9992776716630688
chr21:43659456-43659756|1,1,0.976600551249978,0.9976888998306818,0.9990030579941692,0.9991700897614033,0.9987055808602096
chr21:43719082-43719382|1,1,0.9836381696826826,0.999328453617961,0.997838380874838,0.9984263966751897,0.998291103664951
chr21:43734043-43734343|1,1,0.8486512566859266,0.8670390241165955,0.8528961537066523,0.8557802616047104,0.8304130982607636
chr21:43741463-43741763|1,1,0.8484588586254961,0.7743999843960322,0.8033586113336967,0.7933092391429049,0.6447751350930969
chr21:43776297-43776597|1,1,0.9842980669911551,0.9989975711903241,0.9988202325665938,0.9990227918749427,0.9984084148709824
chr21:43789527-43789827|1,1,0.9742471653402458,0.9957331390071721,0.9969695281788911,0.9974989265401416,0.9966000574855038
chr21:43865173-43865473|1,1,0.9943598770378982,0.9997860989131567,0.999720613020412,0.9998028541455791,0.9988707893614843
chr21:43867172-43867472|1,1,0.563123794571956,0.6166107761194172,0.5912286446513869,0.5965970551187388,0.7191366892941444
chr21:43946933-43947233|1,1,0.8504325011409053,0.5234657947032092,0.7698513488028408,0.7625108589138315,0.7090644325816828
chr21:44012281-44012581|1,1,0.9851715166534325,0.9984276205474238,0.9993077753695602,0.9993498882986593,0.9987585347204365
chr21:44107315-44107615|1,1,0.978573020909593,0.9987114888584444,0.9988586396751423,0.9990329410141797,0.9981600007093218
chr21:44133560-44133860|1,1,0.961634989166829,0.9938987732820349,0.9940499568398021,0.9949876717329034,0.9961547109078552
chr21:44240955-44241255|1,1,0.9850287670066732,0.9977274638586829,0.997865742454046,0.9979554441511053,0.9975630041965414
chr21:44261856-44262156|1,1,0.9488786747763339,0.9245327895450354,0.9474099465334044,0.9448614167155801,0.9195236961794878
chr21:44285914-44286214|1,1,0.9730814667635281,0.9940682845081461,0.9863172415624655,0.9894419562661839,0.9926976901750033
chr21:44300023-44300323|1,1,0.9931108690484907,0.9998200461616799,0.9996262756253019,0.9997388275111786,0.9989047582394882
chr21:44338234-44338534|1,1,0.8666166737459546,0.8556104800216077,0.8959988655983795,0.8959546104326706,0.8336440130467557
chr21:44339246-44339546|1,1,0.971685342004413,0.9974101536976973,0.9982930255926614,0.998533316231203,0.9987597007571926
chr21:44350091-44350391|1,1,0.9898339106144415,0.9996116740223232,0.9990609704583919,0.999278512200868,0.9962648613561064
chr21:44353573-44353873|1,1,0.8079116065374997,0.6808327256166096,0.8273606192502503,0.8187954272350094,0.847477522439488
chr21:44425600-44425900|1,1,0.9543491578618785,0.9798048547703583,0.990978463222947,0.9919108154473677,0.9795472624564687
chr21:44455460-44455760|1,1,0.9870973961691454,0.9977317696683038,0.9987003463859019,0.9988520514883209,0.9975080816569455
chr21:44627765-44628065|1,1,0.9205749511218254,0.8257491272990231,0.7018515220643557,0.6735814962224017,0.8895411780630985
chr21:44699850-44700150|1,1,0.7189560124872686,0.6144706115438697,0.7050710379352945,0.7137520860359002,0.8418744464568682
chr21:44711561-44711861|1,1,0.9235234513371252,0.9327936793043469,0.9066795857723592,0.9135639278476085,0.9789044348121484
chr21:44752603-44752903|1,1,0.5510887142233348,0.4809108610352549,0.35709385824502315,0.377642114296212,0.5019346130610509
chr21:44801793-44802093|1,1,0.9409176131560656,0.9926095785696523,0.9968477029778627,0.9970201627017742,0.9888861750055603
chr21:44818049-44818349|1,1,0.9858726969473235,0.9995679540576242,0.9991105313618103,0.999320706143208,0.9983108820192212
chr21:44873679-44873979|1,1,0.9738494611085344,0.9983895494374154,0.9965076627665933,0.9973263962976879,0.9932227297481362
chr21:44931883-44932183|1,1,0.9646969581427746,0.9923815922375181,0.9952557270912353,0.9960359059130544,0.9905282684185344
chr21:44939979-44940279|1,1,0.9851715166534325,0.9990207733080572,0.9984125860681853,0.9988199892200196,0.9986077072351508
chr21:45004561-45004861|1,1,0.7967619075981658,0.8483794077044249,0.44465847120527635,0.4563535923184811,0.8353311741118992
chr21:45073791-45074091|1,1,0.9774810454889074,0.9971377328522856,0.9944364185814116,0.9943008500897947,0.9863716036556092
chr21:45168030-45168330|1,1,0.1179461686059216,0.2677202408048056,0.09460025269037729,0.10392811380019155,0.16593389499018485
chr21:45405115-45405415|1,1,0.9906245922661004,0.9987569725173792,0.9946714480717779,0.995366623884204,0.9933773006013962
chr21:45455472-45455772|1,1,0.9101176670302668,0.7428184964071741,0.9063339875017804,0.9056811384970838,0.8934163577849897
chr21:45541827-45542127|1,1,0.9789235049562743,0.9910414002637162,0.986012011750842,0.9877840138507047,0.9657258393500805
chr21:45544391-45544691|1,1,0.821496428374456,0.734349375935274,0.7759761751916201,0.7885074620691063,0.7150702099725418
chr21:45563014-45563314|1,1,0.31407459612531835,0.3326596338951871,0.40177473067349445,0.3829019799206368,0.23870541033016204
chr21:45981720-45982020|1,1,0.9702234135467961,0.9742558448660178,0.9916041348739435,0.9904476324913459,0.9914060176632201
chr21:46001240-46001540|1,1,0.9146645302526605,0.9573112337886559,0.9674528567095908,0.9687223296527004,0.9514990326328465
chr21:46098073-46098373|1,1,0.9879193304921134,0.9987374487307363,0.9996243495845936,0.9995122094033584,0.9966439488455869
chr21:46111377-46111677|1,1,0.9501609634727187,0.8559382527588612,0.8995314063409915,0.9106120721085044,0.8489368921161944
chr21:46184439-46184739|1,1,0.943805663886458,0.7440938280698667,0.16275941579663147,0.19973946925662048,0.16298963413410716
chr21:46228753-46229053|1,1,0.9775298770510467,0.9931491681445805,0.9981279511410424,0.9980831864653097,0.9957247627931193
chr21:46286254-46286554|1,1,0.942548313358199,0.9947051793497229,0.9966532191109284,0.9973293009192746,0.9964130425387822
chr21:46318142-46318442|1,1,0.8755872742146791,0.7760031569799007,0.7994306572571152,0.7978995324075483,0.9112420312028213
chr21:46635106-46635406|1,1,0.8365696970966534,0.9139359313012213,0.9345152506787102,0.9393953916152457,0.9710883475309193
chr21:30954000-30954300|0,0,0.1312593280538328,0.1729042958149221,0.15366152442571265,0.15144142106562497,0.2563307247751434
chr21:8531000-8531300|0,0,0.2530310630478498,0.07749892443348037,0.015739958432781122,0.012247038569314537,0.07952871537419028
chr20:53729000-53729300|0,0,0.4750529237348963,0.42135363361880807,0.028356066502689625,0.027671518545621984,0.17088118483871736
chr20:28072000-28072300|0,0,0.18801795553267422,0.2380986278705331,0.014353511000187906,0.013587942442000869,0.12493193894608115
chr20:32444000-32444300|0,0,0.203896873055828,0.30414742545434514,0.572958736417007,0.6287574514594729,0.17320837797800853
chr20:4465000-4465300|0,0,0.06810227155600261,0.04057238393698188,0.06929208877139185,0.05426459864494689,0.057276167550666814
chr20:7993000-7993300|0,0,0.1352309471269528,0.08293631877608969,0.1300273906556214,0.1207788841315518,0.053115859086955874
chr20:1855000-1855300|0,0,0.4753537593553745,0.32451313877979343,0.5693739725618264,0.558340117785308,0.4159390544251682
chr20:18252000-18252300|0,0,0.308571720789555,0.24185011302484802,0.6046199224047986,0.5776553024572042,0.24742323877987932
chr21:27132000-27132300|0,0,0.2090107310315761,0.23908203510790094,0.4147274871778155,0.40215200925216704,0.3060321818311711
chr21:10159000-10159300|0,0,0.25182396152821296,0.09349254465563692,0.005694509359682402,0.005724616739110818,0.09550476845206844
chr21:37441000-37441300|0,0,0.04316559714729015,0.06557252912872757,0.015169805500317674,0.015127628973123673,0.044329480487196087
chr20:52960000-52960300|0,0,0.5184459889580867,0.3412065321888755,0.022680022765620488,0.02343864051099061,0.09042851710359495
chr20:63687000-63687300|0,0,0.8599274553396367,0.9564271373638193,0.9549527825515048,0.9554863132908914,0.9620673919075019
chr21:43561000-43561300|0,0,0.08117468769466724,0.10461907841626819,0.008621766438645314,0.010230357952117877,0.04103464390879266
chr21:18612000-18612300|0,0,0.2807521934057934,0.12447890158262995,0.07562033197224796,0.04980402192231797,0.08504450036464516
chr21:7837000-7837300|0,0,0.35261783999228963,0.25053745909441877,0.36566058871913165,0.3901582664441396,0.20909089273532516
chr20:57060000-57060300|0,0,0.2168253009160104,0.10791299152437356,0.004116338578588103,0.005128098917547288,0.0780433810928134
chr20:58774000-58774300|0,0,0.3563915155031409,0.23081359591480063,0.058840813924348714,0.0657542374819011,0.11510073124048752
chr21:39768000-39768300|0,0,0.1988013925528916,0.1715685056982828,0.2708079902516048,0.22031032458835154,0.17756353461482016
chr20:28945000-28945300|0,0,0.11545749650670653,0.11213405349496672,0.008693464129736502,0.009094402324489846,0.05079014230164343
chr21:27393000-27393300|0,0,0.1694614272113158,0.12465250579911628,0.06064120065801538,0.055563145824031185,0.08525460550006954
chr21:12579000-12579300|0,0,0.18652620073782575,0.24885450348437618,0.07779115937002662,0.09400116653309606,0.06853386173277912
chr20:354000-354300|0,0,0.6563340710385351,0.39558200059234794,0.41111355695105667,0.43265780144335186,0.576344631479722
chr20:41510000-41510300|0,0,0.5428128604016348,0.3985210925478035,0.611625980463563,0.5975776804257682,0.31419372198924983
chr21:31639000-31639300|0,0,0.6260570554532413,0.5400125228423035,0.021833395815472532,0.024387968902406017,0.017025260658540924
chr20:58165000-58165300|0,0,0.09904970378747695,0.09669292380919343,0.03541682386970162,0.024608857553864556,0.10908880757761293
chr20:3669000-3669300|0,0,0.741481290571414,0.42181624084346525,0.323109241650767,0.3310903829778969,0.34022549725281787
chr21:22198000-22198300|0,0,0.05370376711618407,0.10208405221144484,0.004543883476163449,0.004477876340431083,0.061908957285571505
chr21:18627000-18627300|0,0,0.06220045075815578,0.12196140706749013,0.022349614110217866,0.03301682880814859,0.14495963687284022
chr21:30543000-30543300|0,0,0.10724784742675669,0.06871261540200119,0.006250412387183286,0.006067220095637965,0.05552222849698118
chr20:18300000-18300300|0,0,0.06185220610450648,0.09766041390752139,0.12389341492370404,0.1406057564311354,0.1289636453787356
chr20:9429000-9429300|0,0,0.293471128778392,0.23496070017963805,0.4171924679403243,0.3946793626086312,0.1919122594985636
chr21:32237000-32237300|0,0,0.431760912388849,0.20162678748550644,0.10013508105080787,0.08833983361022137,0.35970069090025547
chr20:2426000-2426300|0,0,0.053779634142990015,0.04904530986019769,0.002467667436883098,0.002502255124274289,0.013495059897151331
chr20:56840000-56840300|0,0,0.43971881726684864,0.4457838929042832,0.10251369704768963,0.10422749632094096,0.6917972255931149
chr20:8519000-8519300|0,0,0.586685764963585,0.4530552098325547,0.2247541115979792,0.27121326852563493,0.5982776706670804
chr20:31570000-31570300|0,0,0.8264404748237562,0.7319185771977655,0.7705173491220161,0.7763684541573733,0.800464632882811
chr20:50633000-50633300|0,0,0.5016279688133229,0.4152662371433156,0.023850752387327975,0.022533358275084514,0.029800723067973444
chr20:44459000-44459300|0,0,0.17017223808764723,0.1381300410311903,0.0400092403218274,0.04265874725729747,0.05739697107851413
chr20:42435000-42435300|0,0,0.07477023316197834,0.07013903452571235,0.028536984061464734,0.030835203091503435,0.07144301177992983
chr20:3105000-3105300|0,0,0.22688355134849023,0.28496961457236847,0.12610953862522925,0.11245009207826948,0.21349500575522634
chr20:636000-636300|0,0,0.3768012814219912,0.2537703682185595,0.1124264521159226,0.1220581224917698,0.28160617762104684
chr20:13021000-13021300|0,0,0.12230918082158904,0.12149566116425328,0.0023960753211981754,0.0021925086474299123,0.05729089268828114
chr20:951000-951300|0,0,0.1794153525006185,0.4846175694100136,0.23149823618339818,0.24845192928612736,0.23490282250193067
chr21:12552000-12552300|0,0,0.1582513858348519,0.2051079535614206,0.008953803839795002,0.009902884727230644,0.09071874249235944
chr20:55210000-55210300|0,0,0.08783198770022217,0.0832662673127136,0.002080015544176261,0.0022092812607639135,0.034228431119488555
chr21:9933000-9933300|0,0,0.05315370068719332,0.044171792459736306,0.04001877820810597,0.034641016598179586,0.047493843770764314
chr20:26792000-26792300|0,0,0.19780910094930845,0.18171465347070795,0.0005508008744732038,0.0004050930673157373,0.12742312692603447
chr21:5381000-5381300|0,0,0.09922415867630313,0.10526828552453138,0.018313524888101354,0.01665314344340318,0.055126239291395714
chr21:22114000-22114300|0,0,0.1483459962273711,0.14228271253670247,0.015168039687942702,0.01854226399177573,0.09728074931011385
chr20:40435000-40435300|0,0,0.36399222396016645,0.18634762980231995,0.15957244593658476,0.15518767275513604,0.23992267970447836
chr20:48516000-48516300|0,0,0.6529047790915983,0.7278725592424409,0.8820129290510701,0.8760185053392265,0.4005088208170761
chr21:46405000-46405300|0,0,0.3082502520236973,0.2886389063252318,0.05905516118994683,0.060325235315284075,0.08335414238361011
chr21:26288000-26288300|0,0,0.19780910094930845,0.13897779427646176,0.15081322241796372,0.12386368312317042,0.2211934999080735
chr21:44660000-44660300|0,0,0.12797369606795142,0.16833211076288646,0.022270183546633085,0.02249832470432676,0.1655350737542895
chr20:40015000-40015300|0,0,0.40536672568005777,0.47358482728607526,0.7029613083322649,0.7550023837635947,0.3778637489890918
chr21:14123000-14123300|0,0,0.14664883423696393,0.11075477499420974,0.15669583518553548,0.14199198946549407,0.052497330874511354
chr21:41309000-41309300|0,0,0.34991141991095,0.3105216460765408,0.3620953324820172,0.4162783218994832,0.23723096178915132
chr21:10420000-10420300|0,0,0.5035371330332908,0.5439786301973758,0.0620227599391975,0.05973718871774933,0.04581546327940087
chr21:29906000-29906300|0,0,0.07113129207186787,0.06799278722291786,0.3596128533564518,0.3578439110774499,0.16718453713355153
chr21:14426000-14426300|0,0,0.12372013776970865,0.11109354422648338,0.011256253012732734,0.012586649106674876,0.07067100545057134
chr21:16012000-16012300|0,0,0.17436482594021893,0.18974077036895795,0.41722364841355086,0.4182631790821268,0.1984534460469551
chr20:40966000-40966300|0,0,0.5503604532456877,0.36210984213653474,0.7377663009269765,0.7487899095065678,0.2508482037822232
chr21:33510000-33510300|0,0,0.1762039463772444,0.13579615611045287,0.22368697357502945,0.2471579283280067,0.07848263243913015
chr20:14126000-14126300|0,0,0.3145107403324191,0.23134501183143286,0.07610693504251179,0.07386303166773757,0.16149825367219933
chr20:60738000-60738300|0,0,0.10696447766212383,0.0803834579941091,0.060101786138290016,0.05966422630820277,0.12479451498245947
chr21:17792000-17792300|0,0,0.06550627627150853,0.058628715146992263,0.12753169466771835,0.10515236099805729,0.20536312784840755
chr21:30432000-30432300|0,0,0.2353693913113161,0.13394080638368383,0.08537563766141024,0.09085969398474977,0.12023496689248572
chr20:55183000-55183300|0,0,0.07606191610698176,0.052202604075693194,0.1291009730766392,0.1150323202299229,0.03912270495780966
chr20:39597000-39597300|0,0,0.5802739109900846,0.6341753617909086,0.8827265377462643,0.886552997705288,0.5888137424452782
chr20:32696000-32696300|0,0,0.4206695859139759,0.40026830224202475,0.22871429664550608,0.26853596598163737,0.49310971698091005
chr20:44489000-44489300|0,0,0.23506307321607994,0.16311682647912873,0.13272941107846437,0.1292404928938402,0.192686256327003
chr20:51138000-51138300|0,0,0.4452856099518354,0.6604546055888907,0.29101909171628093,0.2760388706694373,0.30228353932101054
chr21:17519000-17519300|0,0,0.5583757074857312,0.3544243523654031,0.7587920858303931,0.7696933509670884,0.22748124452046586
chr21:35027000-35027300|0,0,0.7771162040460443,0.7658212655506524,0.9060307225875606,0.9056636270081722,0.823058869272026
chr20:7756000-7756300|0,0,0.28973588016802043,0.19417512947513083,0.658973623110962,0.6432783856936597,0.21975659964884986
chr21:39666000-39666300|0,0,0.404549698770518,0.35467882451784405,0.6467628029675235,0.665561995526772,0.5487506028076518
chr20:55789000-55789300|0,0,0.013859852839981703,0.014850791851412547,0.002376866435886964,0.0023063517790114074,0.018994185788544844
chr20:37771000-37771300|0,0,0.22857904978767202,0.22665295764979365,0.08586812794681165,0.09554677799338149,0.23445091244351726
chr21:12768000-12768300|0,0,0.2046050387449376,0.29820496148762815,0.07458344009748066,0.08050700647574738,0.10233550373138893
chr20:59987000-59987300|0,0,0.13154424664821274,0.19810080175406083,0.19867852720513446,0.19316776872749206,0.28277057867482164
chr20:26498000-26498300|0,0,0.2843620293135353,0.4221736035049836,0.015205005364374868,0.013853247465356131,0.43739483380880795
chr20:33933000-33933300|0,0,0.36110232613687687,0.47740621890279233,0.24401528944120718,0.2800947981287091,0.10294669099761257
chr21:17588000-17588300|0,0,0.22549376245203662,0.17246884545230773,0.0707900509846113,0.051765648022785556,0.18333144254535969
chr20:62339000-62339300|0,0,0.16202146754381697,0.3989217282374307,0.32325206676386287,0.3331486169830593,0.2077125543859973
chr20:53045000-53045300|0,0,0.2906228320124956,0.2203178471951693,0.22498286513894838,0.22237918107522725,0.2828544076466028
chr20:35648000-35648300|0,0,0.13759227102112556,0.1594773398408648,0.16063123822074846,0.17785219406653516,0.06234037885931319
chr21:21771000-21771300|0,0,0.019559784516118346,0.02638497795417059,0.02010668051257603,0.02004006727718687,0.046077809749423694
chr20:41243000-41243300|0,0,0.4264575389662803,0.26845335286679695,0.2770802796968684,0.2574467409515063,0.1599807415618582
chr20:34594000-34594300|0,0,0.22065252030361568,0.18115791720393384,0.0034136255625268797,0.004404551074597378,0.01853021884057454
chr21:35111000-35111300|0,0,0.08431888997406183,0.026583280109982205,0.0128835795320472,0.01007121020805413,0.019831244526867624
chr20:27468000-27468300|0,0,0.21262646081555533,0.2234726157379878,0.02271640556686524,0.022492783364375105,0.045632038077863826
chr20:23603000-23603300|0,0,0.574171743623118,0.48575161669647376,0.4764874718821921,0.4677379414904873,0.36919907403173047
chr21:17042000-17042300|0,0,0.5261120526793873,0.33949440308083306,0.5045480471211236,0.4990932536234025,0.5219363878113369
chr21:6546000-6546300|0,0,0.781497855258322,0.8582629643088375,0.8622984690533668,0.8733993384106489,0.9107100030456236
chr20:5258000-5258300|0,0,0.04427187517323689,0.08401709768033214,0.004852470845160868,0.005179581326671633,0.06783462919962137
chr20:8885000-8885300|0,0,0.23811671622777603,0.23448355313379698,0.20976311476496323,0.24858080498715776,0.2245964541338088
chr20:39771000-39771300|0,0,0.08203740571345507,0.11565522537658338,0.06787646128630717,0.06575804472469442,0.1603848577334447
chr21:29114000-29114300|0,0,0.2513633825699328,0.3026472420288919,0.025005723792013403,0.02476539050220668,0.03721807849513131
chr20:42192000-42192300|0,0,0.2463391066874401,0.1398738809979831,0.09312622767517538,0.09407820514848074,0.10452010926717907
chr21:24450000-24450300|0,0,0.07380656419764,0.10988763050084346,0.23616111661635536,0.23433828428111578,0.15883262094993716
chr20:33351000-33351300|0,0,0.2272123073879348,0.16197956581910083,0.06685974964435693,0.060973990579393976,0.18173246232313575
chr20:24849000-24849300|0,0,0.2973320892512649,0.28805182497616455,0.011927526300238536,0.014113414853098527,0.3096774524619309
chr21:24915000-24915300|0,0,0.21173852012985928,0.11964754718039164,0.006212827459159861,0.005854109795356597,0.06208245931605769
chr21:33660000-33660300|0,0,0.2818832877390172,0.26968516921108265,0.1922999525832659,0.1831505345117985,0.45134060695983663
chr20:8408000-8408300|0,0,0.09724772795067695,0.07723201596863134,0.006393865154952556,0.008133154884942779,0.020073547736356546
chr20:6300000-6300300|0,0,0.17864563259855476,0.13552903686555898,0.5567548845293572,0.5149009747245952,0.2791777484192502
chr21:12618000-12618300|0,0,0.15958554335488118,0.31365925416381985,0.004367916484616899,0.006359820537072434,0.07508694848932806
chr20:35456000-35456300|0,0,0.5147737649219883,0.6513077927059815,0.04772991218631106,0.044907247219257075,0.24440636373564484
chr20:60207000-60207300|0,0,0.45801611963881106,0.4698696442812842,0.020719115142382453,0.01782651145399054,0.06465289307121909
chr20:15675000-15675300|0,0,0.07397549602513478,0.03976692698988093,0.09382418122707362,0.06849941944695964,0.10388981286513455
chr21:31918000-31918300|0,0,0.13417207507594273,0.14288038004513912,0.3372369647120156,0.3385482968665818,0.3915927629133297
chr20:47438000-47438300|0,0,0.2447793312050249,0.2601906654078939,0.10530052348641401,0.09448394086745923,0.11357789785577603
chr21:35588000-35588300|0,0,0.25878195279491806,0.19505278185681743,0.3668267650753393,0.36041719162397456,0.20646938058010805
chr21:25384000-25384300|0,0,0.5280141589366566,0.6979486135605125,0.2792432271767355,0.28177252165703603,0.367901292030136
chr21:16147000-16147300|0,0,0.17160574548693114,0.17772505786101622,0.11131904667217837,0.11311061095513912,0.26478406531474385
chr20:23957000-23957300|0,0,0.2501127273031085,0.08713315167568841,0.22561555438367242,0.1874393238364859,0.19883100597953934
chr21:22414000-22414300|0,0,0.13417207507594273,0.07882218188899334,0.026448749836123525,0.026584983386223393,0.06867931204577522
chr20:5618000-5618300|0,0,0.5776078358275875,0.499549220634927,0.013015563430791766,0.01435651987217068,0.06465482995246197
chr20:59837000-59837300|0,0,0.19287770185029965,0.1961923882276751,0.3138791417662265,0.3131511065990523,0.1493094956916925
chr20:42570000-42570300|0,0,0.5166434510000529,0.26104990789122573,0.19401413299015316,0.14975360518242584,0.5252215209325154
chr21:46348000-46348300|0,0,0.785931746961998,0.6656494794503841,0.6869808601600035,0.6812599733588878,0.4560516548013067
chr20:20669000-20669300|0,0,0.0816680753054271,0.08952286464677155,0.04375625368000032,0.04893518228166494,0.059365660631641136
chr21:40939000-40939300|0,0,0.19243666993152278,0.09212598048697664,0.3395608517013589,0.31708342508112314,0.10387325786337241
chr20:9579000-9579300|0,0,0.22697785273136448,0.16661126002184043,0.33888248637208557,0.34737251787041445,0.1983875760208265
chr21:6543000-6543300|0,0,0.31407459612531835,0.16882657720532737,0.05013865104892037,0.05792130949511644,0.14548205256442698
chr20:60882000-60882300|0,0,0.5261120526793873,0.4825001947217801,0.8053216122943642,0.7997182356744093,0.7053179654437042
chr21:35990000-35990300|0,0,0.2701989542197808,0.29516262601469684,0.40610033630133846,0.39694892422768,0.25222915735632895
chr20:31459000-31459300|0,0,0.20395311871458402,0.29432334394004755,0.13037917157332282,0.12781909385615675,0.11477098009096014
chr21:36321000-36321300|0,0,0.17856887762875465,0.3398830284805475,0.4789502920124036,0.49494584336498915,0.3799863512207924
chr21:12693000-12693300|0,0,0.16501340211464066,0.24761156239718746,0.014644166241008073,0.01738876020941763,0.07714105184474099
chr21:35123000-35123300|0,0,0.08607783533339634,0.06621108298641115,0.0036711887305081133,0.0038318548167430243,0.05667306982456946
chr20:20768000-20768300|0,0,0.6225533455430049,0.4973339130660439,0.14639018100253245,0.1412748018567776,0.4259468379834959
chr21:21525000-21525300|0,0,0.04775511945698777,0.1441038573590998,0.018067661351749396,0.01953670290362782,0.13092332182578564
chr21:40489000-40489300|0,0,0.2136743629570387,0.10847024755075714,0.03600888103551713,0.023219512158595485,0.14871510568392177
chr20:5261000-5261300|0,0,0.09627274251109671,0.057868195505696995,0.028334956659911918,0.030858567302907456,0.05751197297375915
chr20:38540000-38540300|0,0,0.10800408699165479,0.12751483842588163,0.11439715552605517,0.12209383438869692,0.125911614272883
chr21:8432000-8432300|0,0,0.8764907338529696,0.9816201286474195,0.9390058571949047,0.9476116280317854,0.9772525857398361
chr20:11108000-11108300|0,0,0.30994341673364795,0.2287795586670145,0.45392822224085394,0.449765009866041,0.3607312811363999
chr20:53621000-53621300|0,0,0.5709264081381666,0.5043852746018941,0.1141011955731556,0.1118858725368783,0.07438488792698612
chr21:7411000-7411300|0,0,0.07524160113510817,0.057958267663850156,0.03745809510396861,0.029289069182549393,0.05706603266409267
chr21:22108000-22108300|0,0,0.028768125559109285,0.028738728223497278,0.04515911922942576,0.04550492689171512,0.03942508426733192
chr21:38933000-38933300|0,0,0.5925777649699242,0.3543946028422313,0.28437893491935773,0.2853121814717611,0.17453591093882706
chr20:43102000-43102300|0,0,0.3000523573521859,0.11762989132497857,0.06986235791431557,0.066577962111195,0.10626634713106291
chr20:46387000-46387300|0,0,0.3163443842072764,0.31677434121488407,0.6591690605976663,0.6968671033493806,0.22231295939400286
chr20:49897000-49897300|0,0,0.06040290891392991,0.07701881706571057,0.0068562981848147445,0.007456160855494848,0.11408894943566569
chr21:41786000-41786300|0,0,0.193927042774052,0.3087564250310469,0.047916590957341236,0.04561874690948744,0.11870408635079578
chr20:20387000-20387300|0,0,0.8166825258337221,0.9094513206933794,0.42253643597585955,0.46127425914695286,0.7260455938372339
chr20:52582000-52582300|0,0,0.3648881245456184,0.17094352623823136,0.040351458301832586,0.0365143204205205,0.16870472630912758
chr20:5393000-5393300|0,0,0.38114858901780463,0.27420516826340957,0.26757761373325956,0.267348309000351,0.401179344419386
chr20:44732000-44732300|0,0,0.4904103083074037,0.5442662309881577,0.36604434594424584,0.3627147499734343,0.7056293771466182
chr21:40813000-40813300|0,0,0.21262646081555533,0.16931392171259538,0.26903827749265385,0.26314273446767406,0.08486750551635376
chr21:6135000-6135300|0,0,0.8673074268436234,0.7473428195375671,0.4836413396275999,0.4798980482634336,0.6182375699162338
chr20:36909000-36909300|0,0,0.546700815677123,0.6671270858166676,0.1408244186755003,0.1590027482295323,0.085913903106351
chr21:46177000-46177300|0,0,0.11686443215699475,0.06860389035950358,0.007924300845610884,0.007542348780871755,0.03410980395008185
chr20:63357000-63357300|0,0,0.8023402763446646,0.4968376236916545,0.299722468436307,0.37039937710682325,0.2824967194052872
chr21:41192000-41192300|0,0,0.6182598078150895,0.31607183930240906,0.05507057248241679,0.05549887111224287,0.5076542317915642
chr20:1837000-1837300|0,0,0.6227002153540628,0.33243303842293476,0.30344051137856837,0.23760187784620349,0.29536266763697355
chr20:48426000-48426300|0,0,0.2567414001893958,0.15679274124602638,0.1452548482762416,0.14605236168798913,0.08348739410499761
chr21:29363000-29363300|0,0,0.4863129743260955,0.41962177699045716,0.7120121042554676,0.7001380953777527,0.4558869921613037
chr21:21474000-21474300|0,0,0.10091018636125233,0.09923763243966974,0.09294104918964448,0.08410795166679316,0.11268044951403082
chr20:42867000-42867300|0,0,0.2056281208169291,0.12028402651490264,0.0894169255862411,0.08202860509833518,0.15845142887822392
chr20:52333000-52333300|0,0,0.1981752618991092,0.12597408746018826,0.011132096297598025,0.01047637555621601,0.11448096830897998
chr20:44189000-44189300|0,0,0.42259656358588116,0.2897157359476431,0.36284517905786345,0.3548583262204143,0.38449031437981407
chr20:55585000-55585300|0,0,0.09702858058475596,0.047339459663295405,0.01850665736041256,0.019195472427519896,0.0756252725456122
chr20:23915000-23915300|0,0,0.16539447640389002,0.09325562612962744,0.3862906363742957,0.3520632395978828,0.11109734927792773
chr21:24318000-24318300|0,0,0.028568265619159636,0.057574844551022894,0.024842477997740718,0.0346462894578147,0.023810008819989525
chr20:8246000-8246300|0,0,0.08878275268375731,0.031291938303400504,0.037204020998265995,0.027757872476220295,0.059992602357631125
chr20:43609000-43609300|0,0,0.31193864769395124,0.20391729200325,0.01692956860023479,0.015457337164138666,0.025944952820932038
chr20:29432000-29432300|0,0,0.11766756184034145,0.062285234714650806,0.1548861689726027,0.16957148441325554,0.15411709095569057
chr21:19117000-19117300|0,0,0.03838264978867687,0.06025317750686436,0.02974160389187359,0.03009879771817006,0.10432974848767498
chr21:20618000-20618300|0,0,0.11239710710026143,0.0930822968463358,0.126520417517507,0.12280281629820766,0.13335748917137522
chr21:16735000-16735300|0,0,0.17436482594021893,0.07986853005261246,0.007137594647122006,0.006282701169542523,0.07607044089192004
chr21:38654000-38654300|0,0,0.22882762333604045,0.28868769861166704,0.11951589078509237,0.13293619503652856,0.19505956551148856
chr21:39459000-39459300|0,0,0.14422960163215248,0.2809368552346655,0.06714101469716884,0.07180246639446042,0.21078358454892004
chr20:19243000-19243300|0,0,0.0419495621966434,0.046961001716567245,0.043683059170885954,0.04914440540903912,0.05127028059041047
chr20:12066000-12066300|0,0,0.878829617272595,0.5749867258974604,0.15857054864943781,0.1671399342181628,0.611364108294488
chr20:13843000-13843300|0,0,0.5470537779517679,0.4678204735225903,0.03679614454384465,0.03694756691299849,0.06141482435968621
chr21:18564000-18564300|0,0,0.1210204637214401,0.09331173571390494,0.10213907455697413,0.09883878144442275,0.2516476888955783
chr21:43519000-43519300|0,0,0.23167601621374165,0.1743139831668036,0.06479982247412021,0.07438142130821086,0.1017323817091444
chr21:38960000-38960300|0,0,0.22065252030361568,0.1546158847697947,0.21438868930913083,0.2071220611938,0.11977567618579504
chr21:12312000-12312300|0,0,0.161421508764226,0.3443019048570845,0.01920243374323668,0.03275565685678339,0.08644504586932794
chr21:43270000-43270300|0,0,0.43490036005292876,0.5278948997724101,0.7826434042557844,0.7764629639358527,0.6890792629679482
chr21:33087000-33087300|0,0,0.2564552626484207,0.21840477631982907,0.09975734047363977,0.09381942693885581,0.21426331542192248
chr20:1669000-1669300|0,0,0.26158180981069107,0.24794673122209318,0.2539936824968876,0.25546344840111757,0.13530514854505477
chr20:12501000-12501300|0,0,0.14475805692156904,0.2437479666797609,0.37927628895233784,0.3743487533398448,0.3424113068988418
chr21:32288000-32288300|0,0,0.04155555131107391,0.04410996262509899,0.023937133532799772,0.020521816939209875,0.027725987830186562
chr20:8717000-8717300|0,0,0.34991141991095,0.22133752759207018,0.3265658853004465,0.31985013379494076,0.24242378918832838
chr21:44696000-44696300|0,0,0.20745820207872864,0.2528734167866774,0.33085712684060625,0.3417607510828985,0.278412089421984
chr21:28561000-28561300|0,0,0.14491986214129496,0.08203261941056234,0.004675699060718099,0.004555778276526997,0.056629502029137135
chr21:42078000-42078300|0,0,0.7041249085986943,0.4663302688219302,0.3721072563314485,0.3374519051582009,0.3236341022784939
chr20:38039000-38039300|0,0,0.057889966696905576,0.05452466874892879,0.12572251452625902,0.11006455530432,0.04505459041336236
chr20:15519000-15519300|0,0,0.47923084878159705,0.6981439687432048,0.15520721385023303,0.16652646574772512,0.2655412496688726
chr20:54321000-54321300|0,0,0.1029343525901245,0.1366788698107122,0.1980346066461219,0.19303829357661562,0.09532600885386558
chr21:43765000-43765300|0,0,0.4883136157615598,0.4688150432614357,0.16253524857680068,0.17238608067640046,0.21462217423434332
chr20:38762000-38762300|0,0,0.5501678668348029,0.29706952655665075,0.40691051207350754,0.39659859329933167,0.2249895098242961
chr21:35075000-35075300|0,0,0.12124353487903913,0.15212758137885646,0.24600299951061974,0.2462977712422134,0.18617713569057895
chr20:40450000-40450300|0,0,0.1285712468308512,0.1462513620874437,0.2708349430641683,0.27101236277556895,0.13107115116947948
chr21:28054000-28054300|0,0,0.048958548091242775,0.12812372530431426,0.23180012957386523,0.2517720642886252,0.10840834518795259
chr20:23849000-23849300|0,0,0.19730775814996995,0.05113238694289944,0.005957997195257433,0.004706063238937504,0.025489626574398832
chr20:50525000-50525300|0,0,0.3224183236272646,0.31680745430032575,0.1770487043298025,0.15006027433400004,0.15406341510020424
chr20:34450000-34450300|0,0,0.05100886743224997,0.031193515427824805,0.043994893259219674,0.04198012129772499,0.04621121317462166
chr20:24135000-24135300|0,0,0.8968002692826331,0.9234220696377318,0.9675722859000215,0.9654710190089149,0.9738929881189811
chr21:35354000-35354300|0,0,0.2609448890262521,0.17655182704886713,0.05305730850266767,0.05033478071664779,0.15487110379521568
chr21:25963000-25963300|0,0,0.30674933660703035,0.34291870568079524,0.06636920803800629,0.07847010240569478,0.05046949609604761
chr20:14591000-14591300|0,0,0.024406000155370536,0.050058970333818044,0.04022851439080672,0.04225008205772123,0.05502314423553955
chr21:38558000-38558300|0,0,0.32746512650404536,0.2296063322593701,0.23213532113384192,0.255285395094769,0.22763654587985444
chr21:43585000-43585300|0,0,0.404549698770518,0.2697415508051929,0.06501505947033463,0.06756872458242501,0.1664632378432937
chr20:27696000-27696300|0,0,0.17436833893206388,0.33122662430082367,0.01596283088411004,0.022584789832691365,0.05237963342464178
chr20:44861000-44861300|0,0,0.5705780449795936,0.5141280636630711,0.05541946021948596,0.06021947124317088,0.09956537412992679
chr20:56579000-56579300|0,0,0.6017380456255071,0.47811797713486076,0.39468814747240993,0.3638992260677544,0.3325086129153829
chr21:11177000-11177300|0,0,0.1609287982577829,0.17239346620690985,0.0034124889006860314,0.00230769903375214,0.08140758436673301
chr20:46639000-46639300|0,0,0.4980976117459806,0.3960841611595014,0.08929810614660923,0.09896969743317768,0.44432157245056203
chr20:15519000-15519300|0,0,0.47923084878159705,0.6981439687432048,0.15520721385023303,0.16652646574772512,0.2655412496688726
chr21:39333000-39333300|0,0,0.1711234029741382,0.1688924156219834,0.025377469256136997,0.02895840073051145,0.032397446350716036
chr21:14792000-14792300|0,0,0.27018999606902033,0.12389870082812944,0.034888086219837765,0.03804738315411024,0.07861588656636573
chr20:4420000-4420300|0,0,0.1316152396415061,0.11291693337740022,0.000258390617147711,0.0002644863607004124,0.07484639007831223
chr21:27237000-27237300|0,0,0.10260443166495184,0.14977064540377083,0.020177266288064488,0.0218054812109544,0.07046680350407636
chr21:18867000-18867300|0,0,0.14174316458662412,0.18402623188850895,0.005291463862741864,0.005894480301035577,0.1617885620787283
chr20:19099000-19099300|0,0,0.7463104331260774,0.6574605871965257,0.5246574329793361,0.5342523974783318,0.6615927002313758
chr21:5279000-5279300|0,0,0.12669428018155654,0.12284807035518017,0.03354098968840159,0.03337420297035394,0.05936620151891467
chr20:52762000-52762300|0,0,0.17641594152242127,0.12446327439715914,0.17158255917265722,0.16814667283707152,0.08606344402550149
chr20:3111000-3111300|0,0,0.7693381577065582,0.5223108359056039,0.35391885186199856,0.3352310510252676,0.5894027906805648
chr21:38960000-38960300|0,0,0.22065252030361568,0.1546158847697947,0.21438868930913083,0.2071220611938,0.11977567618579504
chr21:17558000-17558300|0,0,0.22530337254266633,0.17935452920352765,0.11086925796284151,0.12337822995284721,0.2448443740939864
chr20:32693000-32693300|0,0,0.41035371606060683,0.35463591876695083,0.025739166044461127,0.023965532629687685,0.03766741478811397
chr20:1801000-1801300|0,0,0.1080967320251932,0.09911460229880613,0.14321290469752224,0.17163955912902643,0.0852282671605457
chr20:9633000-9633300|0,0,0.38212608365761863,0.14517459303306893,0.24460412719557592,0.24999660412992777,0.3368126689310567
chr21:21495000-21495300|0,0,0.022843390314723624,0.040250077497284334,0.13076496140375812,0.12343886441042491,0.02749343387274413
chr20:15579000-15579300|0,0,0.21769003043571925,0.19379204522684426,0.4896193531227934,0.48616165567703595,0.28037729809581285
chr20:53894000-53894300|0,0,0.4394781809470536,0.535653064802767,0.04837552466893714,0.046611713856179356,0.13323438267727059
chr21:35963000-35963300|0,0,0.32611210342122965,0.1047209691102682,0.07373219475739208,0.06439469320207113,0.1915302989474938
chr21:39132000-39132300|0,0,0.08020940548870409,0.09071592560478255,0.060650306904894306,0.061020186120141574,0.16752313040639896
chr20:27882000-27882300|0,0,0.20236197559019353,0.18681540628407942,0.0005013998321265575,0.0003722306608329517,0.10591026568433211
chr20:7063000-7063300|0,0,0.0953065000935158,0.10872405018984856,0.03469966420123782,0.040222807842650754,0.10497903079671547
chr20:52072000-52072300|0,0,0.3099380572380906,0.19717386976196963,0.02645098324735213,0.025166391105558395,0.1155957090854319
chr21:30012000-30012300|0,0,0.04427187517323689,0.033410625049085416,0.07509879641950766,0.056231371818135326,0.0514364830439331
chr21:6801000-6801300|0,0,0.8958103158287302,0.9077082189408815,0.9297578675287556,0.9248547198136643,0.9408995395594062
chr20:7123000-7123300|0,0,0.1187761549646591,0.05479011104050218,0.04911744104116811,0.049529120660634536,0.06131162379045491
chr21:10390000-10390300|0,0,0.2550746609831235,0.05338124608296454,0.005633746623251081,0.004609348686907227,0.016645178493473144
chr20:36339000-36339300|0,0,0.5831209978191007,0.4952746932855507,0.21222649842508262,0.19014654946772955,0.1475379265623461
chr20:23507000-23507300|0,0,0.04475125279299599,0.04057947351054873,0.08961628935827248,0.09645592162292092,0.02863886646065493
chr20:45270000-45270300|0,0,0.2790486907162257,0.14840196559720134,0.14829119277968222,0.14492164326756926,0.07395979725407933
chr21:33309000-33309300|0,0,0.38212608365761863,0.17547734131964468,0.24020279813811002,0.23828974695186655,0.2732065394676053
chr21:43021000-43021300|0,0,0.45643340118361975,0.37291902529042376,0.20146503957029238,0.20063438364455066,0.3092421813933946
chr20:14735000-14735300|0,0,0.05542009675157735,0.07571497960980701,0.007994314787803486,0.007460449845379685,0.06946846973135004
chr20:59027000-59027300|0,0,0.16141832273283443,0.14456783760054448,0.2116693723701729,0.24625529514428457,0.12363711915511327
chr21:21855000-21855300|0,0,0.08962554696824995,0.11269662305625835,0.12366472928696265,0.1256944188148403,0.1729413708315433
chr20:26951000-26951300|0,0,0.203896873055828,0.2415309224192083,0.0001288468293106812,0.00011819914016985928,0.0909307362036577
chr20:28372000-28372300|0,0,0.19693404454427696,0.23426315183759458,0.0022845909242687895,0.002213846699106026,0.08679679885682692
chr20:25093000-25093300|0,0,0.2684495479711945,0.34017150362313864,0.07749551148756796,0.09147848186923935,0.17851218339658492
chr20:21804000-21804300|0,0,0.3802414918446415,0.08944075257960012,0.0518861937842963,0.04612878018175303,0.16647860582230106
chr21:34882000-34882300|0,0,0.08795442291767018,0.07938843747255324,0.1466989915554982,0.13896939028867586,0.11869281598826006
chr20:22723000-22723300|0,0,0.863836497418621,0.4709327559974474,0.7410224265258316,0.7327148292382849,0.5464587847551168
chr20:23471000-23471300|0,0,0.08552058362968352,0.08896927958603723,0.16353515379546724,0.15158390790387746,0.07533447376330202
chr20:13138000-13138300|0,0,0.2801546577296622,0.16566173048677452,0.014027242107383067,0.0155620239507366,0.12279699541309974
chr20:13048000-13048300|0,0,0.06150541843780392,0.05728271386514316,0.00778154703974201,0.007044822896072379,0.04247921771361907
chr21:23576000-23576300|0,0,0.06576750764837866,0.07267331852052523,0.1244566156855469,0.13855608321747023,0.14287393809695578
chr20:30204000-30204300|0,0,0.4730159558255126,0.29845323123197226,0.036496147027670414,0.034009037427868996,0.0734209629502975
chr21:25972000-25972300|0,0,0.08521971622170364,0.04842917480194238,0.023928070146782793,0.02461619265327727,0.04269642087568443
chr20:61474000-61474300|0,0,0.3242624778094147,0.37885842890799276,0.07259268527373207,0.08222210101456022,0.34759222249108546
chr21:31747000-31747300|0,0,0.20442242502434066,0.22553422955853777,0.08660110701015339,0.09201987550919032,0.07180253127957067
chr20:58141000-58141300|0,0,0.4259494831094928,0.26720313168042914,0.35557740622828826,0.3529196629228069,0.4386157646751882
chr21:22126000-22126300|0,0,0.07772721114531202,0.04711161524282161,0.22322712527609861,0.22028987450402146,0.041212987862219615
chr21:26768000-26768300|0,0,0.15744359312071138,0.14147001858073296,0.021060202361115582,0.019557143758846218,0.028405556196853646
chr20:6549000-6549300|0,0,0.019340661476733488,0.021526987294714497,0.0018892178836955231,0.0018279130258675625,0.029288721360204155
chr20:58831000-58831300|0,0,0.12260301432134633,0.19472068678733478,0.21463687661582415,0.19762815927756341,0.10861776657912249
chr20:47879000-47879300|0,0,0.404549698770518,0.30393350494815596,0.06505769055400934,0.045804831981007356,0.07874817989057241
chr20:30213000-30213300|0,0,0.059270915299324954,0.047688950892327435,0.06669322292371249,0.05810019309154272,0.060075971238199743
chr20:47651000-47651300|0,0,0.5937195946071977,0.21339720608097765,0.6626355637392064,0.6446626009803853,0.7269421019915824
chr20:43417000-43417300|0,0,0.6756907920825157,0.379019573434825,0.7538651550478151,0.7494756756279091,0.489000944516623
chr20:51753000-51753300|0,0,0.1432847064369444,0.1560937595670607,0.007702381385701277,0.007510710486793366,0.04336784387648136
chr21:27624000-27624300|0,0,0.05192240953782951,0.07996625602613304,0.1066463503124221,0.11145012917574493,0.12160849189287315
chr21:28372000-28372300|0,0,0.037313934891449484,0.0844893437356838,0.008754548475509964,0.011200705464065121,0.10889912423804089
chr21:7045000-7045300|0,0,0.4206695859139759,0.34573103053827453,0.573103480675816,0.5976045561310112,0.3176868555034311
chr21:16648000-16648300|0,0,0.19287770185029965,0.1754783230471127,0.4173366887376505,0.4138415459447637,0.2763824607007349
chr21:42273000-42273300|0,0,0.8472098890588275,0.8227621869290578,0.8630856933431997,0.8252778817395877,0.8795053261397568
chr21:8528000-8528300|0,0,0.2014053759305286,0.14315291375415495,0.18477131811083064,0.17909462014641309,0.13079641962106392
chr20:38987000-38987300|0,0,0.3996659356946822,0.40380117985819675,0.36561041328499816,0.3796549514813004,0.32936818516090066
chr20:8690000-8690300|0,0,0.06601375556941241,0.10355597246929409,0.025233268355589644,0.026947012267031525,0.17551380896167135
chr20:57990000-57990300|0,0,0.0992016410317755,0.11355720012422613,0.07515922466699132,0.08507531585174537,0.08827011049562065
chr20:24045000-24045300|0,0,0.040861328886454516,0.027602182174606405,0.04281783185735182,0.03876688080964738,0.02048024846358537
chr20:62288000-62288300|0,0,0.8510065198073913,0.6005038369301082,0.44213798529058995,0.4217416157824772,0.7284718750439381
chr20:2819000-2819300|0,0,0.6734411052783467,0.37825547991450437,0.14578499140380147,0.14713511426048767,0.24282417954484378
chr21:30717000-30717300|0,0,0.12598061808079708,0.07849217646768471,0.07021001413602461,0.0591587244040473,0.14626242280795848
chr21:40738000-40738300|0,0,0.14743342672308826,0.13141632174224172,0.12844806606425238,0.13728637469762553,0.17443601925744587
chr20:15183000-15183300|0,0,0.2056281208169291,0.11001418812172052,0.1410871361785942,0.13091700015299695,0.15743891709505362
chr21:27729000-27729300|0,0,0.050149448447936576,0.05594086002500026,0.033751976047814304,0.03358913294912232,0.055693011396238216
chr20:42768000-42768300|0,0,0.27061480767341073,0.12742659565904438,0.1488769531205461,0.15616827816163437,0.22700401054427
chr20:4537000-4537300|0,0,0.030822593663099744,0.021258506342470174,0.001513200229203259,0.0011792638909367897,0.021307757781839878
chr21:37147000-37147300|0,0,0.18359277189590745,0.23286938113183983,0.3311432745925446,0.33357533934012246,0.347262714701105
chr21:40369000-40369300|0,0,0.24800632524653876,0.3053703806804177,0.45110719906361646,0.430852848184341,0.24256743303954167
chr20:4678000-4678300|0,0,0.4229875226130409,0.3200186500120464,0.31418002365380143,0.337032441707048,0.31324402695199727
chr20:62228000-62228300|0,0,0.8855365127837869,0.7739265551010882,0.6955066234394449,0.6988981816717809,0.658759682064075
chr21:28090000-28090300|0,0,0.6780948864548365,0.6091574031106781,0.6950220433196997,0.669191815623093,0.7687514070688102
chr21:24729000-24729300|0,0,0.03683036642452441,0.07102539029205342,0.07743452955944427,0.08559321976901699,0.11461299489615466
chr20:43690000-43690300|0,0,0.5430970279185054,0.555343217388891,0.46467212214551795,0.4675552391635131,0.49822016986343753
chr21:31906000-31906300|0,0,0.3150972311703597,0.19191519732646536,0.3012839466745397,0.29449121987490723,0.19250276494789267
chr21:28807000-28807300|0,0,0.1557748511432739,0.09851672381305412,0.20352193574682703,0.17236514691808297,0.2977692273847378
chr20:11903000-11903300|0,0,0.043835545485030256,0.08870334251416287,0.06426835123554538,0.060251200668695666,0.06763027429519619
chr20:1129000-1129300|0,0,0.5558395832842378,0.5187154225375599,0.0693843588421412,0.07795008210588034,0.051038092037862644
chr20:10774000-10774300|0,0,0.10595120385951293,0.04285012957402163,0.004194445265787267,0.004045044118045637,0.015450793572126986
chr20:38531000-38531300|0,0,0.06286366655957923,0.03757570858093886,0.21362004087219222,0.19297498715120917,0.04348067311595417
chr20:11531000-11531300|0,0,0.05946363918886528,0.030380952473654688,0.003590011705595207,0.0027993324227320554,0.019571795133957962
chr20:8339000-8339300|0,0,0.161421508764226,0.1349681500718763,0.018933223400772137,0.024987568829851346,0.1307703110312543
chr20:26942000-26942300|0,0,0.23416129662215662,0.26529845264547236,0.023957307061137748,0.023045582101535584,0.09987168344087267
chr21:10645000-10645300|0,0,0.23684116663033436,0.07502763583284124,0.2726625309887882,0.24144439872542287,0.3089340190989688
chr20:55063000-55063300|0,0,0.08288835169425077,0.0616896676220981,0.0002563274665152085,0.00029463538540997955,0.11170403197543805
chr20:28510000-28510300|0,0,0.14916473226640917,0.24596285168450652,0.006379062662196231,0.007448185503703352,0.08032281428265713
chr21:41348000-41348300|0,0,0.14294099199452173,0.19872947827429147,0.38079518839552107,0.3983163503944056,0.42866922522701406
chr21:15873000-15873300|0,0,0.11776098512281806,0.17811794249644214,0.023354541702419726,0.022045612996862685,0.1159037617082295
chr21:8162000-8162300|0,0,0.25640624947799784,0.1358255047703292,0.2517594921124072,0.2304190897374524,0.09627104101263026
chr21:40660000-40660300|0,0,0.14367648123233437,0.1263841069516562,0.028016696401607536,0.02740440921810586,0.14968924256396304
chr21:24294000-24294300|0,0,0.1694270778716062,0.1958731597517023,0.41077651177742125,0.4111984401560549,0.13539885487389766
chr20:13276000-13276300|0,0,0.3869164451210773,0.33810389439063493,0.24892137244715212,0.24385575506572238,0.29963641088251
chr20:4045000-4045300|0,0,0.4200820321552581,0.2777148018219392,0.08354441837447509,0.08379652511909087,0.25795289060301346
chr21:32408000-32408300|0,0,0.4356156475292063,0.41454329730305994,0.3007248342570599,0.30770277782781125,0.5751593281257535
chr20:42900000-42900300|0,0,0.33169338959044325,0.15760005168012184,0.09748067565755188,0.0929818337448498,0.16285187330097894
chr20:6390000-6390300|0,0,0.27554047269583615,0.18750638495012417,0.16451352576623327,0.1617273816793962,0.12780944367479125
chr20:50177000-50177300|0,0,0.6640287599827565,0.5014740118398568,0.06312848393780288,0.05952024758160564,0.09438849229748138
chr20:40141000-40141300|0,0,0.1950307557309197,0.1581260123696476,0.08309865843144974,0.08258670273416892,0.22138283643731965
chr20:45354000-45354300|0,0,0.3060737010676346,0.3270916890689751,0.12302356932873376,0.12371037590800282,0.17058309995605198
chr20:45219000-45219300|0,0,0.04750027909454202,0.023860533221991415,0.15873944495335873,0.10502062039846928,0.07060313648980834
chr20:33108000-33108300|0,0,0.4342059919538681,0.17649304428540238,0.034697000726961746,0.03507552608033262,0.18195031269877573
chr20:51441000-51441300|0,0,0.6381885468489347,0.6168943114808003,0.012433186924981807,0.015579634201345885,0.03498705460867733
chr20:51723000-51723300|0,0,0.23308123301779443,0.09664111898900749,0.0005046176724820178,0.00040514316094720577,0.095512398448255
chr21:44177000-44177300|0,0,0.8884487345874714,0.6671170902611776,0.8142689013146766,0.7951309270491991,0.440827858357583
chr21:14864000-14864300|0,0,0.1794153525006185,0.15291370501037171,0.15432126448137562,0.14674067217637832,0.1656963286769635
chr21:23294000-23294300|0,0,0.09239924354108525,0.0918568494373012,0.12950930383150344,0.11554950102977764,0.08213724722820331
chr20:927000-927300|0,0,0.35114128887881185,0.25075410728410374,0.3767677455171518,0.39299213279658024,0.1889546397414145
chr20:32549000-32549300|0,0,0.0677169611235873,0.10231846833025234,0.011580253202882458,0.012045166352764205,0.07157588772232804
chr21:44978000-44978300|0,0,0.9137018938997564,0.8576219911213311,0.8790795827957113,0.8796174894916452,0.7681117529914574
chr20:28075000-28075300|0,0,0.1512712571305807,0.2540734159737427,0.009396577547416539,0.01713706890999417,0.02239375620738704
chr20:53612000-53612300|0,0,0.33232348200067807,0.19632922922487125,0.08712749114988007,0.07876535610643925,0.10009925659124529
chr21:32231000-32231300|0,0,0.5071704453655145,0.47796329954765643,0.004185111915992435,0.004444660606744373,0.061042059103473045
chr21:8699000-8699300|0,0,0.06257380298579313,0.05801559662004674,0.014002862492746954,0.011140671420460428,0.03879609221388724
chr21:34162000-34162300|0,0,0.5930776498710756,0.5125800765369898,0.8484638606892604,0.837854938401858,0.6258526873721765
chr20:17111000-17111300|0,0,0.17783345443104084,0.18117920409981192,0.023223312877298934,0.022375091767619454,0.07745725095766043
chr20:53687000-53687300|0,0,0.37552068514666503,0.4257576242013166,0.020660529238322817,0.022081718187539276,0.033858475353484
chr21:8342000-8342300|0,0,0.06073561939873001,0.040082512998696036,0.1379291041490378,0.10960268094025696,0.066161786365016
chr20:36336000-36336300|0,0,0.6913462117275089,0.5058914297847118,0.314776829509409,0.3494731311642936,0.38030662981352453
chr20:60261000-60261300|0,0,0.08446480416003685,0.08996144039098074,0.18826285757187508,0.17924299627670484,0.09530075956452708
chr21:46153000-46153300|0,0,0.960042027734045,0.9524507689240278,0.8723691733817857,0.86809327529848,0.9391645775547395
chr21:19330000-19330300|0,0,0.020111211812588126,0.005273927434926748,0.01312956290521488,0.009383408202003781,0.049637162764249974
chr20:33297000-33297300|0,0,0.6256565439248463,0.3269409293834697,0.0498481169400753,0.04549658063434495,0.022963104974369056
chr20:6843000-6843300|0,0,0.18800640565343274,0.16463034937894108,0.23348582051916644,0.24416946799866723,0.16189714935350458
chr20:19042000-19042300|0,0,0.2400090197432337,0.1669484622173865,0.06999279090468702,0.07282840748925982,0.24011260393675127
chr20:28303000-28303300|0,0,0.1525686533670337,0.24334184170916912,0.003256184978903284,0.0032136087248433357,0.0712731078917055
chr21:34033000-34033300|0,0,0.19820042268679863,0.18923683006497244,0.17959400545491705,0.15858567900939646,0.37107758892584175
chr20:28195000-28195300|0,0,0.17436833893206388,0.2319642412607194,0.0021791712881208815,0.0019834977683874273,0.05141939680645423
chr21:27039000-27039300|0,0,0.12564196516376974,0.0666963433707485,0.11503472561261326,0.07712682198852527,0.11023027565948836
chr20:28495000-28495300|0,0,0.14847194288851046,0.13645320653036136,0.04031065871360734,0.03650989496915276,0.17002807417286986
chr21:12270000-12270300|0,0,0.18748716720137742,0.2966478938653781,0.014852297653101598,0.017024478604399183,0.054577978342869544
chr20:55339000-55339300|0,0,0.1483459962273711,0.18828772910684866,0.12547200066992428,0.12722681459332247,0.1996648804169235
chr21:42198000-42198300|0,0,0.160694048063506,0.13205218459924445,0.006897841730513411,0.006844654523471719,0.02094713931538541
chr20:59456000-59456300|0,0,0.6879638266210882,0.5154351422802222,0.6534397981719214,0.638130091105844,0.5912503186119278
chr21:38783000-38783300|0,0,0.24167340446808538,0.09288156683639046,0.08957527136056101,0.08285734050336463,0.10475273715215812
chr21:42594000-42594300|0,0,0.21143423507445358,0.21951312782816676,0.41395709869350195,0.42410314425370826,0.21952361745597843
chr21:20513000-20513300|0,0,0.4996150660575348,0.5179552074805579,0.1097166453640143,0.10988589830366295,0.1205221275275056
chr21:7288000-7288300|0,0,0.14050064792421482,0.1614567342260811,0.022204363843323284,0.022205246471787236,0.03163015992976248
chr21:31987000-31987300|0,0,0.510962158781658,0.24771232943082164,0.08120288052359255,0.0865150708887077,0.11164045485554133
chr21:46330000-46330300|0,0,0.3573337069352735,0.22622216563718214,0.053948962631566594,0.052596535686684515,0.1631267775856998
chr20:25672000-25672300|0,0,0.3977033980739912,0.22931704148254103,0.024758941870152183,0.02212279333718609,0.03337073127577902
chr20:59063000-59063300|0,0,0.08641470127642081,0.0586893300635877,0.06132378976022698,0.04672983311511798,0.056592852496395334
chr20:14753000-14753300|0,0,0.24684827110798105,0.17044349776493634,0.11506862163164726,0.12621436706321662,0.0986865225380901
chr20:11048000-11048300|0,0,0.0915278049869718,0.11449124658017304,0.2546269013104179,0.25653233997499414,0.2289502192334218
chr21:12495000-12495300|0,0,0.1830045926220538,0.30043174358341906,0.030876848367033277,0.03416759819326507,0.07773593407819111
chr20:5156000-5156300|0,0,0.4205733811122733,0.22965400868168584,0.17003998063845796,0.159526529527038,0.20590771810040867
chr21:17087000-17087300|0,0,0.06432977536472578,0.05508200027941758,0.09319572664512668,0.08002129991123297,0.028495080394156738
chr21:27903000-27903300|0,0,0.0999312105646928,0.10848300906474533,0.020410332154253506,0.018033705711543873,0.1590137334882703
chr20:17384000-17384300|0,0,0.09702858058475596,0.08420891006110266,0.17391312295952227,0.17118014990404537,0.10404882828083474
chr21:13597000-13597300|0,0,0.06266303104791214,0.04464689456406419,0.09569336853906729,0.09885674516252732,0.17332395711281423
chr20:41657000-41657300|0,0,0.41071915389995955,0.313964852943228,0.24124601455553774,0.24556731912461674,0.2233916599961133
chr21:35423000-35423300|0,0,0.413170967936598,0.1835290451375853,0.043530369492420264,0.02945937265237741,0.07366232988381798
chr21:37177000-37177300|0,0,0.5446579357287198,0.3918419996074594,0.41286071646274736,0.4255238436504906,0.35559173015222806
chr20:60597000-60597300|0,0,0.30075924846348534,0.22123275821462282,0.3510039501073956,0.25696973266578566,0.21978636564442328
chr20:58933000-58933300|0,0,0.28081303034821925,0.24544439015144892,0.01522148057604848,0.015529717430928826,0.06624240371094814
chr21:16678000-16678300|0,0,0.09994269447420623,0.09655958421728715,0.19615653617554285,0.21111229199604525,0.26229383499256315
chr20:60681000-60681300|0,0,0.16879149139007826,0.16908323518310278,0.2008179829877591,0.22177952121219985,0.13190251500063355
chr21:20273000-20273300|0,0,0.2915404667320149,0.2190229981033542,0.15335261889401888,0.14196913068625305,0.38780112228537
chr20:20225000-20225300|0,0,0.12348568362197634,0.21898402966520705,0.2367325275451184,0.24887590261947937,0.28441841845849025
chr21:23948000-23948300|0,0,0.3298276018669173,0.39587108427132234,0.26001446583587673,0.2602064911469623,0.158425529468123
chr20:55252000-55252300|0,0,0.07397549602513478,0.0928589097492554,0.14488825063713007,0.17750644355254294,0.09515043012532975
chr21:20879000-20879300|0,0,0.0746387744644616,0.077416200762984,0.06937940822805816,0.06854186870086641,0.053055320943180016
chr20:54987000-54987300|0,0,0.08052643388750041,0.05845724738863543,0.04082793891703135,0.04029121323177616,0.09755598400974569
chr20:32312000-32312300|0,0,0.4484251567039787,0.5247520582144756,0.03878273129092567,0.04529087216132051,0.19652554223658825
chr20:9393000-9393300|0,0,0.38225337044060825,0.1622433119139769,0.3342834289529654,0.26309495778069636,0.2889327234258279
chr20:55186000-55186300|0,0,0.3279671588538597,0.15133013522217975,0.10452836184122605,0.10068289826854251,0.056861832211108236
chr21:44780000-44780300|0,0,0.24800632524653876,0.29733556292272895,0.483387989831019,0.4996613029147032,0.2801123086974984
chr20:3930000-3930300|0,0,0.19693404454427696,0.07483134868500763,0.02675784668734059,0.018014975949289184,0.09880086627696223
chr20:59975000-59975300|0,0,0.2467135789096796,0.17976730681629205,0.04443159152693243,0.044722228701410204,0.08770007820480687
chr20:47096000-47096300|0,0,0.05878547052729772,0.027406024463695628,0.018842718559420792,0.017553665659346854,0.03402385079413889
chr20:756000-756300|0,0,0.5110332042087787,0.41715846890476505,0.039849276914950625,0.0483845589394876,0.46934455105318423
chr20:57054000-57054300|0,0,0.8119833792630505,0.7089467411727791,0.7709524188533968,0.7564630653731762,0.7194315095678309
chr21:22984000-22984300|0,0,0.054537055643303654,0.10054327612825258,0.010122950671841133,0.01000088502266108,0.12031255384149427
chr21:19831000-19831300|0,0,0.04135924904822066,0.06869201697797944,0.03343859223786018,0.03215668516423409,0.09731414736483476
chr21:44390000-44390300|0,0,0.35261783999228963,0.3864273846115991,0.03844923812574885,0.0374128296865705,0.09222154380389853
chr20:55561000-55561300|0,0,0.19990938725535531,0.1107000407962327,0.026090108699823956,0.024411664811222228,0.07499724061743421
chr20:61852000-61852300|0,0,0.8409050215070482,0.732162889523534,0.7462736984987337,0.7476047028747551,0.810922049516125
chr21:42996000-42996300|0,0,0.5990888133373513,0.38473266873336326,0.014054198697136856,0.01363932606084643,0.10996280515102821
chr20:33699000-33699300|0,0,0.9407340580758384,0.9730853111381617,0.4946495340924255,0.5576792590119182,0.8617401376108893
chr21:25609000-25609300|0,0,0.10454289558413261,0.1605631160831002,0.1343889662206644,0.16126245468958503,0.24905962737504156
chr20:19531000-19531300|0,0,0.3620854997820324,0.2079612508544622,0.42029059173679784,0.4375646997303456,0.43717500982118224
chr20:38201000-38201300|0,0,0.7048107896424773,0.5297100428179882,0.033268453003330936,0.03152606967157493,0.12929059158841202
chr21:12747000-12747300|0,0,0.12462006011937002,0.16163056216771587,0.011726181923292648,0.012306171128101577,0.058472374223322444
chr20:60810000-60810300|0,0,0.35180311431138694,0.22730954549804108,0.2857116625749977,0.28491570242085956,0.13015543610091776
chr20:20324000-20324300|0,0,0.08611817884663601,0.1264317071090556,0.09439809728826143,0.10062979180786888,0.14978380432997046
chr21:11408000-11408300|0,0,0.11996793064851219,0.22222688559210974,0.00045152936353766383,0.0004627111420862047,0.03899427747788181
chr20:60615000-60615300|0,0,0.10800408699165479,0.0680340872006687,0.1594687062481831,0.11621107122145494,0.21220685908718318
chr21:38240000-38240300|0,0,0.11262322409493829,0.15215245615789355,0.05661377454700156,0.0596425571117539,0.06786314896801285
chr20:63186000-63186300|0,0,0.5777576236556894,0.15170655568234476,0.07502937673325301,0.06888477925875973,0.0619622201415628
chr21:34486000-34486300|0,0,0.42514889467734446,0.4186705591473841,0.5321734405099567,0.5419707766311392,0.39627005981525315
chr21:42639000-42639300|0,0,0.5035371330332908,0.513287225065806,0.0072667772882145714,0.008515138355740503,0.07908622238001115
chr20:9252000-9252300|0,0,0.07784394895835453,0.050225614124825485,0.0812280140547014,0.0761527999734355,0.03272857766161384
chr20:7687000-7687300|0,0,0.08104452530773339,0.08163742040178182,0.00826920593962907,0.009300588968139378,0.0540624479274947
chr20:52849000-52849300|0,0,0.44198673719705783,0.39718945884585144,0.05600319167374232,0.05255712714038115,0.12622928959670318
chr20:52591000-52591300|0,0,0.7090457563025018,0.599525785163607,0.5497481475324014,0.5644387313194308,0.5925506084668939
chr20:58237000-58237300|0,0,0.7376135035818623,0.9247696002701815,0.9245666143706287,0.9254899170242764,0.9292216525332423
chr21:20093000-20093300|0,0,0.04916344632010663,0.05387196440895878,0.06210968995564202,0.05516389976525512,0.062381852601218174
chr20:33234000-33234300|0,0,0.6227002153540628,0.2833679242387172,0.07996598243492847,0.08742284138160412,0.09902774037635766
chr20:18462000-18462300|0,0,0.08872112656503378,0.08305931140144932,0.0043942253107659285,0.004766362217122015,0.07054603937247776
chr21:13570000-13570300|0,0,0.026952322030042546,0.04279643728924679,0.012248759966980409,0.012989615816732978,0.05670732293528311
chr20:40879000-40879300|0,0,0.029984047243267278,0.04352233395670293,0.025757037724877144,0.026159355356155028,0.05931847409623993
chr21:39198000-39198300|0,0,0.08287626411309351,0.08573816791639594,0.14318327844281561,0.14836665026031193,0.18701173357333156
chr20:6738000-6738300|0,0,0.14722531835746294,0.09470971556273751,0.05722142177814382,0.0511112076905746,0.18146863201149555
chr21:16537000-16537300|0,0,0.12117951924013023,0.28242225786680253,0.5250692427896309,0.5733836402492023,0.4395181447563019
chr21:18246000-18246300|0,0,0.1294375446631287,0.16696820816562136,0.2573083143786073,0.2553683580969227,0.1292846473208522
chr20:28201000-28201300|0,0,0.161421508764226,0.22706063290320072,0.10275173055798725,0.09529816464599991,0.09176490120086435
chr20:9270000-9270300|0,0,0.04665980576607019,0.05196777757722913,0.19756423971214232,0.21790025278673095,0.107793314103538
chr20:33543000-33543300|0,0,0.5521882550868392,0.40624741545268445,0.038634262898442656,0.033993016633748686,0.024924939269201477
chr20:41606000-41606300|0,0,0.522207603523979,0.5862172858610445,0.06507669247649331,0.0703830842116712,0.13283626048701272
chr21:44513000-44513300|0,0,0.5448690770250855,0.45156480660843,0.3002716516255602,0.3169916603280958,0.5521877595688116
chr21:33333000-33333300|0,0,0.14416818054070285,0.12481911224805514,0.004875103419757355,0.004786669497978546,0.05349633617539977
chr20:24006000-24006300|0,0,0.7478445400640691,0.6200621854047574,0.6634004180363974,0.6414250537751749,0.6302343652139545
chr20:49699000-49699300|0,0,0.057712594881394394,0.03431828916702131,0.08879498121088844,0.07091698881271719,0.08740137439144488
chr20:62942000-62942300|0,0,0.29527540376658046,0.27955982586943673,0.24294785632203944,0.23901030723216582,0.17315237420125587
chr21:37429000-37429300|0,0,0.09419054399161128,0.10733135082426914,0.11036145548601627,0.10015139002565726,0.08276185253380966
chr20:14123000-14123300|0,0,0.06652682267896258,0.07725415940127454,0.07986998927109389,0.09747012905219711,0.05286139047990602
chr21:22303000-22303300|0,0,0.09149443383177717,0.05145954459584221,0.003108652857589972,0.0032860989829616005,0.03171960666225422
chr21:38735000-38735300|0,0,0.160694048063506,0.20388256129691282,0.1810173394106447,0.1920367136573825,0.15276393464219568
chr21:37708000-37708300|0,0,0.14706699756855118,0.07044362005378356,0.20034457561424057,0.16147664200243517,0.06983874311739306
chr20:28915000-28915300|0,0,0.16576626592428953,0.14270908024502163,0.012808771316836592,0.011502822555170855,0.15426139609024064
chr20:13336000-13336300|0,0,0.2132867068046172,0.21694393356949687,0.1271180004099883,0.1475668272817773,0.3401045198134671
chr20:62276000-62276300|0,0,0.5465017858564729,0.4717171014673662,0.06592589413604644,0.06094761262868118,0.0896442949215518
chr20:7819000-7819300|0,0,0.11886002669941505,0.06258528895283436,0.017543379474822273,0.013358400799562173,0.09495827897495408
chr20:13597000-13597300|0,0,0.2026223103315487,0.21635740106902848,0.016352947651009128,0.013931476335467851,0.18585696477329253
chr20:7492000-7492300|0,0,0.17156194830946705,0.18192404324110398,0.037730580315319305,0.03811537356905342,0.1918255930896527
chr20:21933000-21933300|0,0,0.05136775242226087,0.04007531122699991,0.011083915362846595,0.010673030927200053,0.0469777126101568
chr21:32843000-32843300|0,0,0.20442242502434066,0.15672139927902806,0.0964724733631532,0.07891363652176886,0.055811282227893305
chr21:12759000-12759300|0,0,0.17156194830946705,0.2584722477953418,0.007127274475782711,0.007178674992199218,0.07123932640408297
chr21:8129000-8129300|0,0,0.037313934891449484,0.04121375067872073,0.07930591107489378,0.08098574899178473,0.06361196808029032
chr21:45156000-45156300|0,0,0.464601608109902,0.013607444358233307,0.012182720851346569,0.014172207203932047,0.055325724959806234
chr20:52246000-52246300|0,0,0.05768349179034741,0.06375531929471337,0.07987486635451103,0.08993554780342145,0.042196993971194884
chr20:4366000-4366300|0,0,0.3054297894176042,0.18340468639690158,0.07337177044651128,0.06557810787594573,0.061770552198218275
chr20:17024000-17024300|0,0,0.37161026094196364,0.2616667947048541,0.35663073992424976,0.3403425660933233,0.35070290148823124
chr20:27096000-27096300|0,0,0.22484899054367458,0.28792746715884576,0.047968999424134746,0.04534387830291587,0.13714230441903222
chr21:12867000-12867300|0,0,0.18359277189590745,0.19473899180888127,0.00021754523292904569,0.00035118047797388306,0.055731234409278865
chr20:37690000-37690300|0,0,0.33693016308753504,0.3147092036136598,0.10948821538920872,0.10675587315553237,0.33841100430486976
chr20:33519000-33519300|0,0,0.2737192277137434,0.19349672407041374,0.06642998416019548,0.0728458418660698,0.13488780007727777
chr20:11783000-11783300|0,0,0.5359318413957472,0.42413642374160043,0.05768024005642541,0.059454464866454546,0.2770804919956025
chr21:16708000-16708300|0,0,0.1179461686059216,0.11087228817894723,0.12368143740778158,0.12244778991330899,0.08280195537598573
chr20:2687000-2687300|0,0,0.24800632524653876,0.3434217670362389,0.5109420497819778,0.5211257446769134,0.25710817827208204
chr20:48459000-48459300|0,0,0.8621003513363782,0.7204620906198627,0.5441784912167119,0.5391132150784792,0.7528700874133937
chr21:20126000-20126300|0,0,0.08351466246467387,0.07496585738699078,0.04207740529033247,0.041025453004228926,0.10246433936207497
chr20:53354000-53354300|0,0,0.3155388074435704,0.27976538177604543,0.5349504762744246,0.5364305300861647,0.16603644939038023
chr21:14279000-14279300|0,0,0.01854683068444991,0.007512781046225921,0.011913433024499048,0.00897121773816931,0.017724982690466524
chr21:24711000-24711300|0,0,0.10697237776947266,0.09632287408623116,0.005118529959396003,0.0035888378450483678,0.09800400855214214
chr20:23369000-23369300|0,0,0.1859561457355935,0.12741059551708675,0.10460348824551215,0.10582990960549127,0.1425293986755819
chr20:9780000-9780300|0,0,0.08788437327824597,0.09853887766625452,0.16292268020625444,0.1565142307791219,0.06869989285352826
chr20:6069000-6069300|0,0,0.42320532030638985,0.17945588337165544,0.14619247106758532,0.1556440655934467,0.08012575188064461
chr20:60723000-60723300|0,0,0.12484599175559317,0.14193188024178482,0.023525127832918182,0.022503657716425592,0.057731799850808806
chr20:27480000-27480300|0,0,0.1757850576003232,0.25619520134349655,0.015665557415088245,0.017082858226816718,0.08263760701743998
chr20:20537000-20537300|0,0,0.09434894294019719,0.10664786261471218,0.17126885045255422,0.16775619702741223,0.20167012452751623
chr21:19165000-19165300|0,0,0.2157922737852096,0.249812767011332,0.1419145430228139,0.15644273331828842,0.19785339480869277
chr21:26609000-26609300|0,0,0.23008498880297612,0.16718524786669212,0.1711288751538556,0.13890839770807373,0.15228932346083382
chr21:41762000-41762300|0,0,0.6371698625350072,0.7032707734129792,0.7995286427001325,0.8094407668955045,0.8396504227204836
chr20:51441000-51441300|0,0,0.6381885468489347,0.6168943114808003,0.012433179327387746,0.015579624446262172,0.03498705460867733
chr20:54903000-54903300|0,0,0.15043597457729346,0.08464814162714837,0.005708880858210331,0.004069416332545382,0.07427720276986335
chr21:45501000-45501300|0,0,0.3278269836147103,0.11351907541577329,0.051976230396368166,0.048537416158520336,0.15486215076002063
chr20:52969000-52969300|0,0,0.28710784899581343,0.5073461969081617,0.5594407168878278,0.637032331699771,0.5965363846812738
chr20:19066000-19066300|0,0,0.26328920228730046,0.2696870643523163,0.08764131462350237,0.10172982414071612,0.31666547883535745
chr20:26636000-26636300|0,0,0.13659375417081668,0.21722771810416963,0.04441007785973319,0.051664072872112304,0.06490255197343736
chr21:42705000-42705300|0,0,0.46378613282361386,0.5933608707498438,0.5822064590299528,0.6472564978439213,0.5791637185257105
chr20:4696000-4696300|0,0,0.12669428018155654,0.22539853705217658,0.08553197645551168,0.10975326817357836,0.1760451092651692
chr21:25864000-25864300|0,0,0.20333322956757705,0.17565750634926428,0.14617274003021236,0.16488558399170689,0.28690152489737086
chr21:9963000-9963300|0,0,0.31777256244219754,0.3037184215646641,0.04025520737274336,0.039815688895304756,0.046226245469074605
chr20:50654000-50654300|0,0,0.3584243144290105,0.4554923462422996,0.2643173883302607,0.27467832094574346,0.24486447620483265
chr21:29210000-29210300|0,0,0.07476672803276654,0.11224209063491133,0.1714869637780625,0.17828598054287428,0.10149357536244791
chr21:27159000-27159300|0,0,0.3104000840643714,0.3411530513870642,0.4035302530048501,0.43268967953747056,0.5736895364237803
chr20:46348000-46348300|0,0,0.781497855258322,0.5498304812567141,0.8124682278044442,0.8095707377249284,0.7162247302538612
chr20:63255000-63255300|0,0,0.9468520924406432,0.9429859132619967,0.9645410696410983,0.962912659909057,0.9069969908420806
chr21:22078000-22078300|0,0,0.13323588581448598,0.18613282775576404,0.19951367025338188,0.20004264241928468,0.14465790656249758
chr21:10954000-10954300|0,0,0.13804295196363445,0.19919325438137603,0.011020146759706242,0.011810732973489634,0.047134742691385796
chr20:51105000-51105300|0,0,0.23167094376377603,0.24955846094252945,0.3155030767889628,0.31196676268192874,0.1466075336384557
chr21:37543000-37543300|0,0,0.059354550981558084,0.07578680657304925,0.010738947402324589,0.011378102410531528,0.08933157414492206
chr21:34312000-34312300|0,0,0.2583799922082512,0.33896156177645487,0.7296290322883136,0.7096953841617807,0.1629820649033119
chr20:6978000-6978300|0,0,0.07385665010668178,0.03088328918286257,0.11549176662423304,0.07404141609712292,0.02804933192718026
chr20:57420000-57420300|0,0,0.1899666262623423,0.16189607284700397,0.017575659607826286,0.021498011145427463,0.1953204490043717
chr21:29366000-29366300|0,0,0.15806560548158877,0.18525313091545684,0.3870832746658293,0.4156418813562131,0.21448778708880506
chr20:8927000-8927300|0,0,0.1635362476740554,0.16977227580790855,0.0829918079710842,0.08128790638706132,0.11458443836286784
chr20:40246000-40246300|0,0,0.13297489786093952,0.10266311084777519,0.1986050957894079,0.21381233513022152,0.13271356235275605
chr20:53477000-53477300|0,0,0.18566327229200158,0.13893428467329896,0.027227709532583504,0.026089251404135195,0.17362777570628027
chr20:34315000-34315300|0,0,0.34068790278625394,0.26813024564026733,0.016933582725024498,0.018164490691831684,0.021490790694420295
chr21:15132000-15132300|0,0,0.2008357176710984,0.1523432125505617,0.04355321263038888,0.04733803666504472,0.062441892181982275
chr21:46057000-46057300|0,0,0.8936001112873522,0.7813999971249158,0.6377193162525043,0.6627077234256262,0.675967909904819
chr20:38408000-38408300|0,0,0.4484251567039787,0.28259690358797396,0.07579761998933585,0.07927309577616826,0.41826240797936876
chr21:23852000-23852300|0,0,0.08028780439460532,0.09435775677119455,0.19460605543243434,0.18204847863495444,0.1536838380580968
chr20:12291000-12291300|0,0,0.19434592001849166,0.2030971966418757,0.21611342676825615,0.2653982246053924,0.12012028450064292
chr20:51105000-51105300|0,0,0.23167094376377603,0.24955846094252945,0.3155030767889628,0.31196676268192874,0.1466075336384557
chr20:636000-636300|0,0,0.3768012814219912,0.2537703682185595,0.11242640159299845,0.1220580609810081,0.28160617762104684
chr20:44453000-44453300|0,0,0.2792722229903156,0.21978413269922276,0.019923349454526493,0.015367801813477975,0.06157432527412405
chr20:1591000-1591300|0,0,0.11152495545117679,0.0720788922319184,0.21241250926069868,0.1742839444704431,0.10406652921020235
chr21:33771000-33771300|0,0,0.3869164451210773,0.2849108828656013,0.24734301097896594,0.2567085350215709,0.33653906481285917
chr21:43420000-43420300|0,0,0.8444401641204431,0.7672823109861664,0.8910343563269948,0.8956072524190295,0.7687054550358271
chr20:9174000-9174300|0,0,0.27618206098618725,0.3185194721300984,0.2599534025763836,0.24241797104934767,0.17760702101213072
chr21:27615000-27615300|0,0,0.1582513858348519,0.11796700418906636,0.0063699669218906345,0.007208128941514262,0.06888609324115968
chr21:16459000-16459300|0,0,0.07689043087756282,0.07524148331152,0.20377827063503526,0.18019697830908402,0.04131896556954039
chr20:31684000-31684300|0,0,0.546700815677123,0.38134903801439207,0.3920901445927852,0.40566116692498516,0.4856783113299789
chr21:24657000-24657300|0,0,0.240359968378876,0.24542777035329652,0.3660058088246693,0.39216932091660206,0.4596573253127818
chr21:42630000-42630300|0,0,0.59888784352766,0.4946570570949583,0.3705734885606492,0.3646656523638508,0.48484645664182663
chr21:25681000-25681300|0,0,0.13042667546309888,0.13607058653476703,0.1973535991251577,0.18232776279882137,0.0753426728078777
chr21:14843000-14843300|0,0,0.18367762604583285,0.17843655939882347,0.1566060026289803,0.1513060605539076,0.3037928967646966
chr20:33975000-33975300|0,0,0.07282920072597725,0.09723264332758827,0.006793693840598764,0.007020508078345086,0.22311256325048398
chr20:63672000-63672300|0,0,0.821652224427949,0.8045365755841181,0.2550479547656432,0.252604141606961,0.40539168525047803
chr21:25417000-25417300|0,0,0.03880152162775057,0.0873950914236991,0.1549831355756047,0.1600815826442383,0.11714780720236832
chr21:17087000-17087300|0,0,0.06432977536472578,0.05508200027941758,0.09319570454186667,0.08002127689102011,0.028495080394156738
chr20:23411000-23411300|0,0,0.11766756184034145,0.18325471892412382,0.02111108628878595,0.030222630990128705,0.11964919553059307
chr20:43327000-43327300|0,0,0.3454439292104341,0.2434632055146766,0.09521632971517578,0.09747409072920898,0.18117391948717437
chr20:38240000-38240300|0,0,0.34310937737052355,0.4824287731208791,0.11460849253416125,0.10763254583306325,0.19936168906688254
chr21:15072000-15072300|0,0,0.19333383176042926,0.17950426201578346,0.2200521045985743,0.22117662958409043,0.10343371724323841
chr20:43900000-43900300|0,0,0.27379664871167464,0.14236745144149535,0.34760997155460654,0.3068561387637207,0.25275086523391177
chr20:44105000-44105300|0,0,0.38212608365761863,0.24404816183081926,0.03365727239740427,0.03326670432086609,0.19653201372658846
chr20:56834000-56834300|0,0,0.2901786900490672,0.33372027999065534,0.731996394224618,0.7560217054756442,0.4133071695839146
chr20:60786000-60786300|0,0,0.5843590117932845,0.5315307764324635,0.7039234326665063,0.6844898522182348,0.6393602682124961
chr20:11828000-11828300|0,0,0.08359764639241804,0.08532509989548225,0.07808951566608402,0.10021010937942368,0.04540131049620703
chr21:38705000-38705300|0,0,0.05973380242612808,0.08103906053299081,0.26055306354640656,0.25983087014539885,0.09144344762434324
chr20:42810000-42810300|0,0,0.7010515276241187,0.6065806958197242,0.049597443067846976,0.05026509333532692,0.17545591930748422
chr20:18276000-18276300|0,0,0.40536672568005777,0.46365266773859115,0.03840597571883932,0.039173403369382735,0.17210384958453367
chr20:99000-99300|0,0,0.12516474156872007,0.1263272024889721,0.004933108773247172,0.005256516994841652,0.04986431013908327
chr20:45768000-45768300|0,0,0.3009466787659824,0.25473257266923705,0.03375366471820052,0.030413872967629638,0.10734553610739461
chr21:20120000-20120300|0,0,0.050718113098099565,0.07887195316137352,0.18902755171620764,0.17771447677191776,0.07487965007273549
chr20:31210000-31210300|0,0,0.24049087096308422,0.11698597866325511,0.003023413850881642,0.0028288944698278322,0.08242305477204688
chr21:31081000-31081300|0,0,0.4371720023221245,0.37236629125268644,0.2249352351739842,0.2285692169580808,0.21528867044814945
chr20:20780000-20780300|0,0,0.09799142629748908,0.07505715869681681,0.06716408139696164,0.06730561944097103,0.022637063054304334
chr20:14519000-14519300|0,0,0.0712607366220515,0.12007471271936646,0.3497761588305932,0.3375674964605405,0.28679085712154795
chr20:41192000-41192300|0,0,0.7736797669505706,0.3247265307869338,0.1321546531938337,0.1275603324358196,0.2245732625802836
chr21:15987000-15987300|0,0,0.09253487423765158,0.07716375595978087,0.02812483977061176,0.027103759140741496,0.06515668825314554
chr20:31555000-31555300|0,0,0.4901966733432675,0.21410086315030136,0.20690260106666974,0.21377385213269462,0.16206671869068973
chr21:27924000-27924300|0,0,0.08254313429588847,0.06886558266126283,0.013322853251839531,0.01108369381801209,0.06999517687380513
chr20:2303000-2303300|0,0,0.6958866521414945,0.7372101548460906,0.058631334104834704,0.06662273906556841,0.1668169190772526
chr21:44768000-44768300|0,0,0.8584629880542025,0.7271129102125778,0.6220180111845764,0.6377615725145745,0.7867863657572505
chr20:5102000-5102300|0,0,0.17897374229220972,0.16389925950547046,0.3756986566914773,0.4291356026191168,0.12801444083604127
chr21:30261000-30261300|0,0,0.18429710552211825,0.14129147960085345,0.01641204437280895,0.016189814531781144,0.07401817523924964
chr20:447000-447300|0,0,0.44651132727512594,0.31999538326878113,0.03190188852943656,0.03115450958465889,0.059633320615720034
chr20:44612000-44612300|0,0,0.17998774380301227,0.07193051967609315,0.009365340403038653,0.009085727263025907,0.021885396146710034
chr20:32615000-32615300|0,0,0.3797247475107172,0.2576938783757528,0.08573949823683943,0.10597003297743622,0.31660682869155593
chr21:44540000-44540300|0,0,0.9103274520016187,0.832697326482383,0.921182404753272,0.9348672028750854,0.9461433755534334
chr21:10930000-10930300|0,0,0.1551908048648307,0.16251951362094408,0.02901019643360901,0.02781475820192252,0.044299404800303505
chr21:43915000-43915300|0,0,0.3279671588538597,0.3296451607769785,0.04491607804705932,0.043999799498456976,0.09865532843337302
chr20:43600000-43600300|0,0,0.06553941761602163,0.028867009382864985,0.19057770123922899,0.15009608964952897,0.043530630258861176
chr20:52966000-52966300|0,0,0.14953874255144048,0.13814673867041352,0.2085228001813938,0.19546968582026078,0.1357364859029177
chr20:52822000-52822300|0,0,0.30276332661227967,0.18739975528866393,0.26597972835403144,0.2665213110036422,0.3192545316081305
chr21:21039000-21039300|0,0,0.049322049368169064,0.05289584413677352,0.0070001987332978235,0.006495267764562931,0.02477342779835808
chr20:53522000-53522300|0,0,0.31673841063761093,0.535053552482895,0.09399686743779866,0.10879642272538544,0.2726423621086017
chr21:37558000-37558300|0,0,0.5014814645776124,0.3749557976339186,0.014439486798798034,0.014523397165624806,0.04520766113325917
chr20:19996000-19996300|0,0,0.5831209978191007,0.4747766363918702,0.06054482691549291,0.057921347481648865,0.038923634700443265
chr20:50108000-50108300|0,0,0.42545101728981516,0.3901218627596817,0.17432489418078248,0.17226099678960052,0.3300384376972458
chr20:25630000-25630300|0,0,0.16685114348257246,0.05749020614143746,0.13448543598287407,0.09292854351278541,0.03353601789577631
chr21:32306000-32306300|0,0,0.8198389072025996,0.8112645244588242,0.8369609832048868,0.8177572058619246,0.82986550850125
chr20:14360000-14360300|0,0,0.2124957697536817,0.2324733091271986,0.04486175834964115,0.04521003039692271,0.14592368168914963
chr21:15765000-15765300|0,0,0.14416818054070285,0.2876023578814325,0.28919656127517823,0.3639072338714987,0.21556664666011988
chr21:37345000-37345300|0,0,0.39877225531936555,0.21123601989917398,0.05204941056453145,0.04847087643982774,0.0385838887850464
chr20:30858000-30858300|0,0,0.032581530299380906,0.08106177460310451,0.07283252125146357,0.07041931289751745,0.06960374749875904
chr20:29141000-29141300|0,0,0.39378823269037666,0.6739643375550333,0.042099267861765884,0.06527878339697123,0.3173045369634984
chr21:22480000-22480300|0,0,0.09723548291402027,0.11423575828362029,0.11709029648707707,0.12794017071819921,0.17654798440194863
chr20:62000000-62000300|0,0,0.3397906016453437,0.3748265335891592,0.6614546740973852,0.6419300744868762,0.603887896179244
chr20:59897000-59897300|0,0,0.23812026339911826,0.1283466534474618,0.20822395527237555,0.17886156112545187,0.073328106468565
chr21:34462000-34462300|0,0,0.1748317347259636,0.07951236662595663,0.00033240258566571995,0.0004643517050906514,0.09594199104756376
chr20:9897000-9897300|0,0,0.07884070587988126,0.04724412133375048,0.14798133100067717,0.10843583309767525,0.16479843628958682
chr20:28414000-28414300|0,0,0.15692629937712624,0.21923854330988932,0.019698944907594423,0.020030574336698477,0.07305696700786846
chr20:41219000-41219300|0,0,0.544616838810814,0.6314059429264662,0.034462848898159135,0.036338833079919745,0.11254291479230086
chr21:37933000-37933300|0,0,0.0999312105646928,0.04695661603620714,0.004558974349475137,0.00473645525407875,0.05966954998669096
chr20:7837000-7837300|0,0,0.1721126027795421,0.20251139443215516,0.4962643485309107,0.5052182311130977,0.20768063158676855
chr20:47669000-47669300|0,0,0.708075225621574,0.7094086877200764,0.8709818351044851,0.864939568942518,0.7868956866061452
chr20:50108000-50108300|0,0,0.42545101728981516,0.3901218627596817,0.1743249207025735,0.17226102807741583,0.3300384376972458
chr20:1645000-1645300|0,0,0.6420572652095603,0.5364337854496065,0.7327973605902267,0.7281392346180852,0.5141706565178598
chr20:45087000-45087300|0,0,0.21055690426482113,0.1390649158511325,0.04774146759262836,0.047213008007206965,0.09111595459634476
chr21:10090000-10090300|0,0,0.1582513858348519,0.08926406193743044,0.005221226940442296,0.005980863081238287,0.0807574519870569
chr20:44573000-44573300|0,0,0.3725096785600765,0.2828852535458579,0.3981181760978738,0.4028077462425057,0.5330187000768227
chr20:32216000-32216300|0,0,0.254750487467145,0.16145702220021768,0.05199765410052711,0.04647377809824008,0.27496286261554603
chr20:61492000-61492300|0,0,0.3135349332563461,0.046975619655679444,0.1051916470652569,0.10801443810244774,0.02008302688925168
chr21:44663000-44663300|0,0,0.02746904456992442,0.0771534208212862,0.011108410812005911,0.010960074185352591,0.1295657234458986
chr20:12852000-12852300|0,0,0.1187761549646591,0.09688693840331075,0.021226917830348198,0.019459910011514574,0.1196471591797114
chr20:29906000-29906300|0,0,0.11989377336042721,0.2173960483138208,0.008508112020922885,0.009337103892937945,0.07148582928520703
chr21:39633000-39633300|0,0,0.296993676501874,0.14355856984899307,0.14469937220308218,0.1359680437887677,0.17807108095021645
chr20:31222000-31222300|0,0,0.23179450526388753,0.11942972462429541,0.17544494058421334,0.16795054315731225,0.04571364867258878
chr21:13969000-13969300|0,0,0.296993676501874,0.1778558275421823,0.18200520487002875,0.19228532532091863,0.16492483128798302
chr20:37102000-37102300|0,0,0.3888462235194868,0.4970898068658793,0.08319779365272556,0.0953067675342485,0.1200668918439498
chr21:28198000-28198300|0,0,0.09516205780249902,0.05282986822872804,0.003976297945293694,0.00471250439977889,0.03216048575347537
chr20:61396000-61396300|0,0,0.4830810036152843,0.5380357508351838,0.6674934093172304,0.6338257499936596,0.6334734941191488
chr21:35771000-35771300|0,0,0.1408084328848346,0.10376583007176043,0.26138743140555265,0.2488090089918213,0.11958491137182695
chr21:8588000-8588300|0,0,0.30994341673364795,0.21045548645356066,0.009901373102871916,0.00896788942877271,0.13139975179068808
chr20:61186000-61186300|0,0,0.22373101436579057,0.1505980988168986,0.26958668268756153,0.2900467000355362,0.14618169407856607
chr20:51414000-51414300|0,0,0.3122343886606308,0.24229653466264695,0.22299021079617398,0.21166038242609356,0.18067116007193904
chr20:4390000-4390300|0,0,0.020912378490858256,0.042964825106465605,0.005564424924840777,0.005263527442068691,0.02861416589858561
chr20:12648000-12648300|0,0,0.25182396152821296,0.14964219089271344,0.20181292813430454,0.17107556936436377,0.2351981883185765
chr21:16768000-16768300|0,0,0.0926434340025824,0.10715815872041654,0.08195483593349587,0.080349127599771,0.10809167745962321
chr21:8852000-8852300|0,0,0.07234715623993052,0.053485179955636016,0.11979964933874061,0.13341072511202573,0.04393391051673665
chr20:59729000-59729300|0,0,0.870107137710204,0.7778397475356857,0.7654648338331388,0.7682598680499216,0.792353601797855
chr20:12261000-12261300|0,0,0.26161424421765345,0.27748195061244374,0.04780825777111383,0.07208381869476445,0.05744923240550036
chr21:28417000-28417300|0,0,0.3360467988594287,0.23594326681847602,0.3547144574656071,0.36690490737506204,0.47347353592901814
chr21:25372000-25372300|0,0,0.2056281208169291,0.21879163087921172,0.33796102066221884,0.3693469566621968,0.2887162945621476
chr20:55873000-55873300|0,0,0.05348877694108498,0.0759506821108444,0.09414458741636582,0.09475115899402364,0.023433734457945724
chr20:26468000-26468300|0,0,0.2292210331105309,0.3114603726948688,0.0030513945607698583,0.004352098948135935,0.10607551794887242
chr21:27129000-27129300|0,0,0.05636286262423102,0.03425298564515551,0.046743946867047644,0.03518203148628508,0.04407494139130282
chr20:54816000-54816300|0,0,0.3918357190018757,0.15115214258639414,0.006277605745578934,0.006768833595272714,0.05795585133102029
chr21:46387000-46387300|0,0,0.7437824322447822,0.6220910243631621,0.5867409490091571,0.5973049778788979,0.7479447938054874
chr20:29285000-29285300|0,0,0.09239924354108525,0.1507172011281176,0.024140115316188857,0.026122673561598097,0.077739593681437
chr20:37009000-37009300|0,0,0.6040341944507479,0.6040131610253716,0.06656369018056398,0.07002669511328424,0.21905230284329044
chr21:26141000-26141300|0,0,0.09799142629748908,0.08068463507119503,0.05773560733434833,0.05722826071543925,0.12575773667645168
chr20:17804000-17804300|0,0,0.322126692268981,0.13815187904652548,0.05651126138483258,0.05817814020942451,0.15270845026124966
chr20:33933000-33933300|0,0,0.36110232613687687,0.47740621890279233,0.24401528944120718,0.2800947981287091,0.10294669099761257
chr20:41249000-41249300|0,0,0.034501603803032015,0.039698102582005686,0.04955985761359517,0.042065245270363434,0.0779982688067627
chr21:18279000-18279300|0,0,0.07800999536049776,0.26747654321753184,0.6260230945533808,0.6355260217832034,0.35976993692644194
chr21:21000000-21000300|0,0,0.10091018636125233,0.07346958947647511,0.1829282989275465,0.18511031178694337,0.14767122151756307
chr21:24585000-24585300|0,0,0.5390284723855115,0.6007042846369468,0.3610522490217924,0.38910520585486014,0.43121355357897145
chr20:46270000-46270300|0,0,0.5866575742951904,0.5210224302811158,0.3690771044206066,0.3977112532955717,0.41726995995717475
chr21:5381000-5381300|0,0,0.09922415867630313,0.10526828552453138,0.018313524888101354,0.01665314344340318,0.055126239291395714
chr20:61702000-61702300|0,0,0.4693044884531459,0.5520092707378512,0.5855177023696297,0.579212354302097,0.36260397238111564
chr21:22930000-22930300|0,0,0.04222005905639115,0.041340055351972764,0.03402065349532935,0.030917066029322465,0.038759215028936866
chr20:13330000-13330300|0,0,0.39302286125608965,0.1964145203426547,0.015161837877872612,0.014883563975627696,0.028904815236181235
chr20:33534000-33534300|0,0,0.12149457932751634,0.15469973701827378,0.012098793172105193,0.01573826591685762,0.05146594659593411
chr21:18270000-18270300|0,0,0.10706757578736975,0.09624917932543538,0.15143620275874975,0.160751815980426,0.02456643547719592
chr20:20996000-20996300|0,0,0.4084161832753469,0.5634926813431334,0.06457358442814147,0.059526389285114695,0.2301261093099288
chr20:29237000-29237300|0,0,0.20412110181335985,0.1749945980283537,0.07799665241418531,0.0761591786401315,0.1636294321619157
chr21:44420000-44420300|0,0,0.49199970496998985,0.3064299869936686,0.2837686082197464,0.2911885423840606,0.22860463052515703
chr20:19852000-19852300|0,0,0.4978095536304851,0.2742479761949069,0.13441243491344781,0.14543309557214024,0.23184315559681112
chr21:46498000-46498300|0,0,0.6243801294165461,0.31525606005607854,0.361233164106683,0.3604319513029349,0.2825206662910933
chr21:32216000-32216300|0,0,0.12669428018155654,0.16761696816025665,0.29650464234356594,0.2794865194515056,0.0804320414001824
chr20:16261000-16261300|0,0,0.2648920632522487,0.23755753670537877,0.3668317220951452,0.3943893755482794,0.45483945186468644
chr20:59252000-59252300|0,0,0.26509056738147946,0.269049564666575,0.38524441906456136,0.4062675174636335,0.3951028384929993
chr20:34129000-34129300|0,0,0.6426544451154694,0.6574727581258579,0.10094989962800066,0.08648984968732783,0.2316993652032545
chr20:50996000-50996300|0,0,0.49208254904466936,0.3299789958457326,0.13274137133258312,0.12322572299236399,0.3247615645957049
chr20:64066000-64066300|0,0,0.7976525480512613,0.5425489047754185,0.6298930644937754,0.6262156342463551,0.6582316483088669
chr21:35975000-35975300|0,0,0.35921584488286334,0.45810071940963737,0.3515943189738536,0.37221554581905403,0.4274505197625241
chr21:39363000-39363300|0,0,0.3985463681681755,0.3819730938578929,0.06453952431622448,0.0723625991290935,0.11765182896070868
chr20:9090000-9090300|0,0,0.11796334986244303,0.1074817294550061,0.30679911875242316,0.3095386608933828,0.22120411053228858
chr20:18666000-18666300|0,0,0.2414557937083016,0.1250102923381338,0.055378386327905586,0.03635321574568099,0.10397490997694643
chr21:15213000-15213300|0,0,0.2367038418943161,0.2515900652994294,0.1232485610551427,0.12976161714758297,0.14490325511142133
chr20:21450000-21450300|0,0,0.11903656834437244,0.09119761221389729,0.15735530622604138,0.11337699209527946,0.10170696986401807
chr20:34576000-34576300|0,0,0.14204206688307763,0.0943497161061875,0.026285362580327147,0.02197842256951166,0.03951023867294892
chr20:61405000-61405300|0,0,0.59888784352766,0.7532755087667935,0.753028867548918,0.7485332197553722,0.7260461839886305
chr20:18270000-18270300|0,0,0.21909107886830928,0.13286459218978777,0.19041361814397476,0.1837833707361442,0.09922987419253813
chr21:46099000-46099300|0,0,0.8169731886782626,0.9119023951873523,0.6308976924486559,0.6639385811170111,0.82826570528813
chr21:13027000-13027300|0,0,0.4458880631708965,0.22891743967034583,0.02392822654604286,0.021897605875291153,0.017503149171909538
chr20:23612000-23612300|0,0,0.29416309116412714,0.2654033108899833,0.49386347321905033,0.49808220484917753,0.2736345656226924
chr20:38294000-38294300|0,0,0.7633264417292834,0.47612363928767704,0.37558931321598815,0.3644880602173235,0.4888488597638051
chr21:10030000-10030300|0,0,0.08202744457430451,0.09194304362511009,0.30493420743054306,0.2990347640335103,0.07880654044226541
chr20:34774000-34774300|0,0,0.05476913871956045,0.11587047401782952,0.14806222692440482,0.1823241030132095,0.1435928157193153
chr21:6342000-6342300|0,0,0.10389835259541978,0.11181148191264294,0.001026262971702855,0.001183065350642007,0.07519816232470493
chr21:40648000-40648300|0,0,0.08970868882582352,0.05002280210859659,0.16449252041217124,0.18441112842857318,0.11610870773806502
chr20:38573000-38573300|0,0,0.09328969289382008,0.23393793163368487,0.10793745601879699,0.13731662893221064,0.0870747661181361
chr20:20747000-20747300|0,0,0.42983660985674654,0.3365015038526238,0.4494659574384613,0.4670891166756582,0.3150653777199071
chr20:29858000-29858300|0,0,0.13562146343655476,0.23606835852981525,0.008959157699651532,0.009791892565656308,0.059823575953059295
chr20:53834000-53834300|0,0,0.33498910220767053,0.3185089205945222,0.60446650424485,0.6918218456725065,0.3030524172227818
chr20:58312000-58312300|0,0,0.4939635698075323,0.49586039905010115,0.16320610513579803,0.14772473157373386,0.12499373064449051
chr20:2630000-2630300|0,0,0.06652682267896258,0.12334939960780318,0.12794742453286279,0.1318685516693778,0.10307502818328472
chr21:9372000-9372300|0,0,0.10204685898146872,0.08579298701095665,0.04602039630525616,0.04384964140771698,0.09190048381641532
chr20:17009000-17009300|0,0,0.1748317347259636,0.1749229256801314,0.12536310466296754,0.1511599368576359,0.11200734104622495
chr21:7492000-7492300|0,0,0.28488096704838245,0.12777239097049292,0.013772033765254196,0.012606385651025297,0.06397017990002332
chr21:34381000-34381300|0,0,0.7337997014484523,0.6322310263416782,0.8157990625998186,0.8059620248345178,0.8048442390493427
chr20:20153000-20153300|0,0,0.08622365108014039,0.08110873944134503,0.004616071076228546,0.004886654660646506,0.07292970798779916
chr21:24666000-24666300|0,0,0.05041038985917446,0.07092132696508233,0.12796452808684006,0.12766726184698163,0.12304573824964012
chr20:3723000-3723300|0,0,0.2901786900490672,0.2240970065328432,0.09677511186671849,0.10080583691832816,0.06748042162396817
chr20:58426000-58426300|0,0,0.5446579357287198,0.3025408979750313,0.03572874594068129,0.03151687664532692,0.018658097149241375
chr21:12183000-12183300|0,0,0.18721412290217268,0.20731294246472734,0.055151333383387784,0.04263923529908216,0.09184813200074476
chr20:23114000-23114300|0,0,0.5430361234084832,0.3964340387579093,0.30861801304206443,0.2892408285229999,0.5986094940588848
chr21:23888000-23888300|0,0,0.12598061808079708,0.10901571879385234,0.17718659662590075,0.17065376218550418,0.187401884217319
chr20:58522000-58522300|0,0,0.22241478738323034,0.27075224753377347,0.4833813845665438,0.520245163527999,0.5451308039477637
chr20:43957000-43957300|0,0,0.13999955071152123,0.09278435372173932,0.14938349633597445,0.11137123283883651,0.17580131249703995
chr20:1378000-1378300|0,0,0.49199970496998985,0.3730731715790715,0.5214521813419044,0.525641339220316,0.4401884092238011
chr20:14084000-14084300|0,0,0.2719328840262067,0.4205279110818627,0.395975978559262,0.3802180309880787,0.17023992211863825
chr21:16921000-16921300|0,0,0.03938316740788034,0.029509014553099674,0.020891050757904726,0.017761601934892877,0.05261503298291184
chr20:42813000-42813300|0,0,0.07155533058742264,0.07107099098650409,0.05548375413676518,0.05337086572006381,0.036931821389052266
chr21:17303000-17303300|0,0,0.23008498880297612,0.14894824610189264,0.05365298528046554,0.055252252423287865,0.11467221592685929
