name,label,gc,motif_position_composition,residual,baseline_plus_residual,kmer
chr20:46541626-46542226|1,1,0.6466302133652778,0.7369236796820414,0.989708027944406,0.9898215165065304,0.8759524490456181
chr20:32621000-32621600|0,0,0.6389169798002092,0.44583468666135084,0.1990402434703773,0.1961555039663712,0.08573045745254038
chr21:26444000-26444600|0,0,0.46422917505217837,0.4193422120881397,0.47084630747078154,0.4722257865547014,0.13593440543551893
chr20:44118322-44118922|1,1,0.6267495826398324,0.5147608075388552,0.9375307623904022,0.9386115759255785,0.5922278458332413
chr20:60042000-60042600|0,0,0.524526838280612,0.4695725681632537,0.27654577929326885,0.2906817087796412,0.511358120678217
chr20:45648438-45649038|1,1,0.4982407329145908,0.49454210235234114,0.28042323061689944,0.278970184537751,0.4634903327253349
chr20:54231000-54231600|0,0,0.48947307907945226,0.4629876810346712,0.3467024795957176,0.3679454713392472,0.4796068836574869
chr20:46049321-46049921|1,1,0.5627994746149538,0.45328029937000375,0.9522904794205397,0.9567554407151025,0.5377244880071143
chr21:39405613-39406213|1,1,0.4535882214248617,0.4332393381029534,0.9872099336170588,0.9858719633082598,0.563681809405764
chr20:48765000-48765600|0,0,0.4792167524917071,0.4955082808073338,0.6835127110490679,0.6876952077389084,0.49241725286570437
chr20:9621000-9621600|0,0,0.41268719282071076,0.4110285990708163,0.38431792309244495,0.39007473221676614,0.37836830798704774
chr20:17099000-17099600|0,0,0.4523018629751693,0.4376436874714888,0.025494171870807138,0.028648494962226635,0.0664475679646853
chr20:1867000-1867600|0,0,0.5604187910523618,0.5434477034403764,0.4253179740347226,0.45359152613514875,0.5228154930772763
chr21:45741000-45741600|0,0,0.6077503875929766,0.579094914086638,0.26763061954888784,0.30082795360291714,0.37608285166445216
chr21:10601757-10602357|1,1,0.4227157765659737,0.4291821625654985,0.1871969714406367,0.17788042144863464,0.5911414308454883
chr20:9529341-9529941|1,1,0.5195165127818001,0.5405567232554299,0.9875851551121838,0.9886521397882938,0.774381041502225
chr21:46508956-46509556|1,1,0.5276221033792966,0.5148784373074053,0.9917501958545843,0.9928551015441874,0.7951799314156003
chr20:46474387-46474987|1,1,0.44744890719333175,0.4012611056115615,0.7095212567942041,0.7138224402320786,0.10052935199306993
chr20:41351520-41352120|1,1,0.6373103220128306,0.5193481049236599,0.8861579680674351,0.8842084003944918,0.5306907574677093
chr21:21147000-21147600|0,0,0.5320852997760408,0.6222322861841554,0.25977112634671595,0.29418589903760056,0.35042023093159874
chr20:11870426-11871026|1,1,0.40746318442763,0.4169208056955528,0.7566143880619204,0.7466702535966109,0.3105139413739654
chr20:22171000-22171600|0,0,0.44219270030026797,0.3665104120188381,0.2306161031726842,0.22765037647401992,0.3395683473135784
chr20:49666000-49666600|0,0,0.4876326121244641,0.45982803246081655,0.5021769003457229,0.5192241712561118,0.5237955346461678
chr20:64270000-64270600|0,0,0.6678418673176756,0.9021872751502725,0.04900258432748627,0.04069066922329199,0.13810440622605452
chr21:33576064-33576664|1,1,0.4162356336720273,0.4034642556952815,0.9652527457058717,0.9680111397533818,0.3480098598347014
chr20:58900000-58900600|0,0,0.51668338804304,0.5653628934936646,0.5259347364050877,0.5628962127149872,0.4612672215808274
chr20:5876000-5876600|0,0,0.38809355571202037,0.43957238190089276,0.016510436704985722,0.019775891439345186,0.1793390753287876
chr21:44939000-44939600|0,0,0.624753804442072,0.6909958921793806,0.3799537252491736,0.36828117782715947,0.772410805830512
chr20:503394-503994|1,1,0.501911502936266,0.5342476176099517,0.5961926797080934,0.5608854283016047,0.6488479720472368
chr20:3797321-3797921|1,1,0.677113479063653,0.7111195118100567,0.7677823138144588,0.7660256321696934,0.7464083663253447
chr20:62465163-62465763|1,1,0.7181971855365016,0.6368402830241182,0.9381490835383439,0.9322988636268716,0.7675963139507969
chr20:55375000-55375600|0,0,0.4913486901961673,0.4593923676041575,0.29498784141241535,0.29662544172973854,0.4361104890449536
chr20:42110186-42110786|1,1,0.6186716440559881,0.6816690215946637,0.9426662226286524,0.9473059171157789,0.8439801286309776
chr20:38988512-38989112|1,1,0.4920322971469673,0.4788765817470427,0.9067101645001652,0.9070395751048616,0.5212467712981927
chr21:16717000-16717600|0,0,0.44463241749087384,0.39664128493448686,0.03704447307600325,0.03789356132005324,0.17979481255353352
chr21:27573000-27573600|0,0,0.3382326987863202,0.3756129459114117,0.5273510366246705,0.5281506483617294,0.5773861556973398
chr21:41406443-41407043|1,1,0.5080592984547895,0.5807901964912194,0.9935182887118976,0.993631894460924,0.8116063568065986
chr20:8687000-8687600|0,0,0.53430352892284,0.48507188597900436,0.13872722128487364,0.13521164203664243,0.19804415942013265
chr20:37753000-37753600|0,0,0.45513818820184576,0.3988282208406697,0.6034224817665992,0.6279374741031339,0.30944181308653107
chr21:32498000-32498600|0,0,0.5675863291083899,0.5534930536053891,0.23575658371442576,0.2461238050957606,0.3006067848795729
chr20:45474000-45474600|0,0,0.4523018629751693,0.3536631657489285,0.05411659361359521,0.05360079839393619,0.10638271304504755
chr20:33619216-33619816|1,1,0.4880625360346502,0.6306785842308751,0.6743156891517658,0.6785614951885416,0.5798922068746547
chr20:45144000-45144600|0,0,0.44809512096368603,0.4293398179104904,0.2905380340562198,0.33616740712232757,0.4416004619265323
chr20:57498400-57499000|1,1,0.5545943819004171,0.5881490790645555,0.5262793320910151,0.5101859527614576,0.6187176850224873
chr21:45120493-45121093|1,1,0.502534186221642,0.517350510085654,0.6078483644282751,0.6188231848415094,0.7725825564089499
chr20:54028671-54029271|1,1,0.5542095256598313,0.6593531348126062,0.9952269082617569,0.9952732250885536,0.9356179352489475
chr21:18953275-18953875|1,1,0.36607520783228,0.35181235079869394,0.6752760090225397,0.6714874765773703,0.197082478946742
chr21:5150000-5150600|0,0,0.5672965971759419,0.5072704617890104,0.11535263825775227,0.12472404963434293,0.44777358921568106
chr20:15315000-15315600|0,0,0.42800387885075936,0.40716993556588776,0.05118438905715378,0.048733006480676445,0.4121021285060555
chr21:23732000-23732600|0,0,0.4134269260211829,0.4161885035700735,0.3858609570642581,0.3957373645740922,0.41613968160778586
chr21:31021000-31021600|0,0,0.565846809199603,0.5461563896031403,0.3167818376734197,0.30516499886085907,0.3375233125452163
chr20:26219000-26219600|0,0,0.37442021430206646,0.42505061880875744,0.4214658362161063,0.4314992320020894,0.5340614265469222
chr20:57407242-57407842|1,1,0.7241106553310782,0.8233322544690086,0.9608955335577158,0.9547957350098885,0.8303190245273431
chr20:52432000-52432600|0,0,0.41572817262603523,0.35460825815077973,0.2349047885241879,0.26447353620913483,0.435268449001687
chr21:21108000-21108600|0,0,0.39431886940853345,0.4231702345431697,0.5930111087821659,0.5908758149731653,0.46963387431636494
chr21:24300000-24300600|0,0,0.3755384075141773,0.35831583474493056,0.20923230198302217,0.2213107370498259,0.16133249918923928
chr21:20444000-20444600|0,0,0.4564406458804297,0.45793479359547046,0.2665941787417539,0.2622805316070709,0.6568570271171067
chr20:45541853-45542453|1,1,0.5247343139910474,0.5312847097982196,0.2701431407644387,0.2658937117919383,0.6287971220355121
chr20:12249000-12249600|0,0,0.4501727684784737,0.4116785375666385,0.11388834811016568,0.12117970438945538,0.18053225184631747
chr20:63431068-63431668|1,1,0.6523258883084424,0.650021064201669,0.5755005216140777,0.5558869024038247,0.7188031523492606
chr20:41417048-41417648|1,1,0.47755347935151754,0.4934963395412256,0.9550424211177888,0.9592694485790708,0.39738110575197205
chr20:26690000-26690600|0,0,0.47315399506057915,0.5465829246953829,0.007142150611683308,0.008708749604648623,0.09575749913377475
chr20:4072363-4072963|1,1,0.5888203479535984,0.4897384238776147,0.5581202371958037,0.5346056033791927,0.7155870427244687
chr21:45561000-45561600|0,0,0.5743699631978983,0.5863857772414146,0.35794443716289887,0.36021535129136745,0.5115815314511734
chr20:43636844-43637444|1,1,0.530958047185471,0.633376021536956,0.8050013727835212,0.8140744548731734,0.29999262498865675
chr20:49567000-49567600|0,0,0.559730830545648,0.5779947668551225,0.5029434098232424,0.49021799641799424,0.6541813789861325
chr20:3888248-3888848|1,1,0.6170154208423665,0.6648608546856888,0.35118273655574345,0.3362229736949707,0.6923833233130393
chr20:52304654-52305254|1,1,0.4685441931039313,0.4814446467364876,0.24672066701485004,0.2566799648968261,0.5972563466732866
chr21:40720000-40720600|0,0,0.42570270947678174,0.4156738406222355,0.14880154133025056,0.140108823200685,0.2131865915488877
chr20:12483000-12483600|0,0,0.4474866220683376,0.3920571619744179,0.8875605718159206,0.8909534301167394,0.6216360190002131
chr21:36968253-36968853|1,1,0.5075294664614337,0.4769575128613032,0.42040128602268645,0.41493310103916203,0.4978578393605002
chr21:39435272-39435872|1,1,0.4540411206827004,0.4771758432617683,0.3888668618684437,0.3877183478373229,0.45124036723764704
chr20:34375000-34375600|0,0,0.540996887055947,0.5791869375908535,0.25715539733305093,0.2285995013715779,0.41266481428685
chr21:38603000-38603600|0,0,0.5578685698779196,0.5225631367812331,0.35602407357349153,0.3288191363055442,0.6284481413797047
chr20:23600000-23600600|0,0,0.46905315746541143,0.39410429759165655,0.056227645686226645,0.052320865684795076,0.3558899977007561
chr21:33602044-33602644|1,1,0.4784338162529025,0.4256538312894364,0.5764676526577823,0.595698634608059,0.44686714002814065
chr20:35696159-35696759|1,1,0.549856550114027,0.4550266575339695,0.9485845273318774,0.9467184184500541,0.4657209979548428
chr21:12339000-12339600|0,0,0.4702058723008595,0.5415341588004355,4.713105235836915e-05,4.901781806453919e-05,0.177276723767241
chr20:44423717-44424317|1,1,0.640544661843266,0.6172794904039499,0.993805454171466,0.9948217626958494,0.866782534514649
chr20:18489689-18490289|1,1,0.5046257767709343,0.5536838405708288,0.9793916269442868,0.9800108704116609,0.3601020129100478
chr21:39516000-39516600|0,0,0.47086853562528064,0.45749498714665787,0.2697504817108133,0.28241462466638984,0.4079188535820099
chr20:22984000-22984600|0,0,0.547959769757223,0.5138065521776402,0.5621668203406381,0.5586626404155116,0.6095664129832771
chr21:20651000-20651600|0,0,0.41257772123184294,0.49161928917587505,0.25857230497477335,0.2625164764652079,0.6168540246257771
chr20:63375000-63375600|0,0,0.6907437622701461,0.5934935684209596,0.0830189874043863,0.08503397232274891,0.5160637108712129
chr20:60519000-60519600|0,0,0.5401435531600723,0.5858472072171996,0.4760578657894528,0.5175506907027603,0.6733115991331805
chr21:45300092-45300692|1,1,0.6768100032013467,0.7587959224597051,0.8070392498424084,0.7901041558438903,0.9443301041276057
chr20:43513175-43513775|1,1,0.6433655385887295,0.5006155535670976,0.8507185644743908,0.8499975248470729,0.7070558480311934
chr20:35465442-35466042|1,1,0.5510062320501653,0.5026360674003203,0.88564587839204,0.8846983005303293,0.5747760802450094
chr21:18450000-18450600|0,0,0.4298224547380104,0.4442046937769608,0.4952844882540016,0.4811079802762501,0.6285485776648593
chr20:43465554-43466154|1,1,0.5285583032031298,0.47415390736282004,0.4240095914294999,0.4411537469139035,0.18179062078639718
chr20:34931116-34931716|1,1,0.6304727229739499,0.5440211202159716,0.925258558843063,0.9200926025043303,0.5735889974372161
chr20:49264563-49265163|1,1,0.5743699631978983,0.5615969809052151,0.9791264543884263,0.9791271526540376,0.46124942616531267
chr21:29181929-29182529|1,1,0.4778558877511455,0.5011191107060128,0.7647370756851419,0.7614028862289951,0.8477517675401058
chr21:23906000-23906600|0,0,0.4430011850526205,0.474824501542522,0.19227896970188552,0.205355793243438,0.39114820780035703
chr21:38919215-38919815|1,1,0.5419921362902518,0.503168463938459,0.8887059230068702,0.8920294587705415,0.647573201787365
chr20:47684041-47684641|1,1,0.5890131767335248,0.648001043191668,0.9834771031575336,0.9847177113195068,0.8610720633858172
chr21:43552000-43552600|0,0,0.504852443866592,0.5444504157583612,0.31363984520412863,0.34381331152999317,0.5863711606282113
chr20:672000-672600|0,0,0.6170474874619136,0.5438763678007678,0.23874625476592456,0.25594437152676863,0.23059125006550166
chr21:8318000-8318600|0,0,0.5322167209842433,0.4856600974986061,0.07778177548629006,0.08812968785923525,0.26971559311348897
chr21:41471680-41472280|1,1,0.6035451128456488,0.6087332817297718,0.9760651770589802,0.9780832706929382,0.681856520000254
chr20:37055355-37055955|1,1,0.5144104404620794,0.5099870446226662,0.1903350632878535,0.17783348290324352,0.3110807540267935
chr20:59805740-59806340|1,1,0.6582023375460467,0.7313395755357869,0.96936852800725,0.9674044151809494,0.9550933530344369
chr20:52801000-52801600|0,0,0.530958047185471,0.5170214216450635,0.8047806984890955,0.7986893654748589,0.42225899027369634
chr21:32180000-32180600|0,0,0.5549382782123894,0.5016652066410987,0.6362242946310622,0.6077769291031718,0.6608301597999333
chr20:62553164-62553764|1,1,0.7230206844558393,0.8172012397159999,0.9718884777600216,0.969885147021767,0.9447491973771992
chr21:44303000-44303600|0,0,0.6124752781778579,0.6653067981841976,0.07621651209288144,0.07221989950178798,0.20637482595335443
chr21:26828000-26828600|0,0,0.44567643285422587,0.3296956481044386,0.28231982470365397,0.23685652771427024,0.3994239291727652
chr21:32744612-32745212|1,1,0.4126061770387101,0.41757530044046515,0.5459984426282739,0.5593841613033672,0.2891023882134789
chr20:33012502-33013102|1,1,0.6300649353275019,0.6606483178483388,0.9407617718162407,0.9445842571968976,0.9063688079093446
chr20:41168466-41169066|1,1,0.6579485022931676,0.5272339427808581,0.808718614131403,0.8288879975741473,0.6630383410150076
chr21:36007018-36007618|1,1,0.5600678969142086,0.5383426871570133,0.4607510039544979,0.48627685940730897,0.6158532266635168
chr21:14498291-14498891|1,1,0.4033829244456423,0.41776101583879766,0.9194269680366324,0.9297018130231125,0.6258619541021566
chr20:61573000-61573600|0,0,0.6026109718430923,0.4928190712699616,0.41198264393887235,0.4489814933572561,0.47641122496959254
chr20:11222000-11222600|0,0,0.46682564186726744,0.3937869975083525,0.11394598238015528,0.1069105121797266,0.3449818484616573
chr20:5489000-5489600|0,0,0.5204305127657388,0.42309154533673876,0.4629828200216416,0.4921935295410798,0.5119409267871673
chr20:48627314-48627914|1,1,0.6959718429487052,0.6071172258292298,0.9850539781366217,0.9859594482175696,0.8017282849875876
chr20:45630569-45631169|1,1,0.5542191251119923,0.490576023853077,0.6226020670004536,0.6252958566211835,0.6009448685480967
chr20:12865376-12865976|1,1,0.5468642854968846,0.3847379550186182,0.2583565573957666,0.2615725904426094,0.3432585803260762
chr21:24049219-24049819|1,1,0.4464708784716938,0.46568327531651865,0.5804225900950956,0.5280338118745181,0.7830921439676867
chr20:23037922-23038522|1,1,0.5644315477294456,0.4983955308755353,0.3926547677371699,0.3959930754187707,0.3734882802746967
chr20:6110210-6110810|1,1,0.512094692304706,0.48716918869366815,0.9900936101116,0.9890572854462251,0.6558260369556583
chr21:39492000-39492600|0,0,0.4799659924988815,0.45993948667044987,0.06590704179144606,0.056469999735457375,0.181387892215876
chr20:10921000-10921600|0,0,0.404144489054475,0.3928901184239312,0.25263179372400607,0.22625396505412926,0.5387967474089668
chr21:31207000-31207600|0,0,0.41466338128043134,0.3594119593677616,0.5113565800570508,0.5219309637554576,0.4458643533661725
chr21:36240000-36240600|0,0,0.5103661022424171,0.4936823368943773,0.19025317045499035,0.16705420265749832,0.13102941581955482
chr21:23294000-23294600|0,0,0.43165361686806475,0.42281451740698034,0.2095169420177915,0.21716808387014386,0.22384621937587476
chr21:42954000-42954600|0,0,0.5531077614199122,0.5672360464288752,0.04355092645390422,0.05445120001148549,0.1990310532305984
chr20:10259056-10259656|1,1,0.472865779716788,0.3669683020091023,0.23427427984663635,0.23516880452522163,0.3431206611125374
chr20:8788148-8788748|1,1,0.43474297095584724,0.4486655168387907,0.9769941033763513,0.9790750115979427,0.595684161258304
chr21:11384000-11384600|0,0,0.46268989053436643,0.537594107689058,0.04843290536442905,0.050495554043345256,0.129363487750681
chr20:24432000-24432600|0,0,0.5876299584878395,0.5464093875324815,0.023086497799304263,0.02191615870064845,0.11554953449747676
chr20:33081211-33081811|1,1,0.608039910825617,0.5460498044169683,0.9693296487531143,0.9719060038953784,0.6878873169556308
chr20:59836204-59836804|1,1,0.5464900096655064,0.5370936494681013,0.7100107310661581,0.6829758836748938,0.6465940686231784
chr20:9915000-9915600|0,0,0.4902501432682414,0.4471795070707812,0.12671535354989288,0.13457635998662157,0.24599833301060514
chr21:34821395-34821995|1,1,0.525756324695064,0.5162175743623787,0.5619798679545396,0.6120276232500222,0.5940244616408497
chr20:3203115-3203715|1,1,0.7311154336120326,0.728413562520971,0.9228396328288311,0.9134101435219963,0.7252446851872343
chr20:5456440-5457040|1,1,0.5352314018390744,0.4423447465349459,0.3583725973306585,0.3394573792626489,0.348843636613385
chr20:6473238-6473838|1,1,0.4964576094109794,0.3915220180518108,0.25281650109231696,0.2320110272069368,0.458069119548198
chr21:34288000-34288600|0,0,0.6305639405269876,0.4266048453050794,0.1118767403404214,0.10556723277449179,0.43191727646655587
chr20:47039000-47039600|0,0,0.5174368992990358,0.4929708855281991,0.0784058259055381,0.07357697357860778,0.29473697533381865
chr21:31559716-31560316|1,1,0.6123074988724939,0.7775865020103446,0.7091614631607489,0.714110498876241,0.9584300648814293
chr20:20015000-20015600|0,0,0.4818428680963545,0.44296430744990417,0.37773607723121433,0.38027598378610983,0.6327151122979081
chr20:45906058-45906658|1,1,0.56129828073897,0.5108424191916718,0.8638620648532518,0.8550941861048302,0.6326982595036013
chr21:5354000-5354600|0,0,0.48164440264763675,0.3802136420348773,0.0027909952890141716,0.0030146067746706184,0.06971450182564945
chr20:3359292-3359892|1,1,0.42405208821725743,0.33238377276050085,0.8967974097419635,0.8958555510007266,0.4573496141187679
chr20:48861000-48861600|0,0,0.595201616390566,0.5387495220531083,0.4962291013739606,0.485968935660683,0.7538737555231487
chr21:24711000-24711600|0,0,0.4606127219850216,0.4648841260236254,0.05256917372020281,0.047509977316152835,0.36046281381251455
chr20:10277384-10277984|1,1,0.46739500406071055,0.44625335046355186,0.8130401734093924,0.8186378002316382,0.6494546229098466
chr21:17793277-17793877|1,1,0.47163295788618886,0.5232877648294595,0.8173735698293829,0.822217323506441,0.7715911834539124
chr21:13069000-13069600|0,0,0.507051993523219,0.49729103149905135,0.2604270296936985,0.2565805799368264,0.3918871592791853
chr20:61738789-61739389|1,1,0.6692907806735553,0.7649353135025593,0.7165606957325227,0.729795103012954,0.9124390894354012
chr21:8222660-8223260|1,1,0.6385626210883805,0.8822264858573571,0.6369018963853911,0.6419338771786149,0.6818857039892343
chr20:59395285-59395885|1,1,0.5129484786458153,0.4998026495094251,0.46299279342114175,0.43500336141639667,0.6973654379654218
chr20:63687337-63687937|1,1,0.7317394969704354,0.7358261566179843,0.9951485907437572,0.995139133437041,0.746651586572478
chr21:33907152-33907752|1,1,0.5253230556750607,0.5404790702200791,0.98125033167347,0.9820518206976853,0.5180132175068192
chr21:21339000-21339600|0,0,0.38336718289797944,0.3884784863114287,0.13132294875404546,0.12828715655252815,0.46933433390207036
chr20:2334815-2335415|1,1,0.6857943002576089,0.6406852133729976,0.9274881885619954,0.9297011011853112,0.8978024267078181
chr20:26639000-26639600|0,0,0.472629431628382,0.5028331840219176,0.00044491537982243017,0.0005018652249181103,0.043759344033421174
chr20:35724421-35725021|1,1,0.44791652176815083,0.5122821940532338,0.9892824799091536,0.9889918080367481,0.611318764600181
chr21:44153000-44153600|0,0,0.6101502568496244,0.6318984668930077,0.4619674827718459,0.4386698696308766,0.7500543929284618
chr20:19889265-19889865|1,1,0.6091208547962633,0.6478840397713319,0.2928516639639279,0.27924768293516505,0.8201987430292063
chr20:13417220-13417820|1,1,0.4750168336733316,0.452071804998105,0.9188613256392154,0.9121254395087739,0.8159816691503904
chr20:28411000-28411600|0,0,0.46849086565074094,0.5236085304991659,0.006310309862951866,0.006796503778060272,0.04708780648577659
chr20:64222810-64223410|1,1,0.6617701820178649,0.7269827204094922,0.9610037550658328,0.9593449074754062,0.7243160382943534
chr21:44366453-44367053|1,1,0.7054473347222923,0.8134159026425913,0.9926632036573484,0.993314813037505,0.8665234507223201
chr20:41630000-41630600|0,0,0.48120583119228294,0.47530202109414976,0.05829573594117969,0.05961314917314198,0.2855797288234216
chr21:19133823-19134423|1,1,0.5081578075156804,0.4848315374900393,0.39858825894457756,0.38779868515665206,0.29414152552116657
chr21:36663000-36663600|0,0,0.5622396348177345,0.5852132897167232,0.5565574025557005,0.528863293075552,0.758489564820719
chr20:10173211-10173811|1,1,0.6097810107893276,0.62117173291246,0.5214615410139246,0.5237368331064511,0.8910050397110015
chr21:37333000-37333600|0,0,0.46263046307561995,0.4708511162266549,0.03074507827731803,0.03420332111832378,0.20447367224989255
chr20:21947348-21947948|1,1,0.4203016306094016,0.4402772372605231,0.3647790065100058,0.3524012281354414,0.8179685941272314
chr21:6906216-6906816|1,1,0.4367092343586286,0.44936606871539686,0.6960163705020441,0.7354903352929555,0.5014623346455737
chr21:38654000-38654600|0,0,0.5087942550928274,0.4978723034392846,0.39999634279613944,0.38648371337453713,0.42067055672175035
chr20:9217089-9217689|1,1,0.4712879797765044,0.474609102585357,0.955068119897374,0.9506061433763321,0.5981111716207735
chr21:44699000-44699600|0,0,0.61687635352469,0.6363843168190838,0.5724270154782803,0.5635341075019965,0.47487212897843034
chr20:1031198-1031798|1,1,0.410552020387438,0.4188561893385875,0.10469536064704622,0.08885964829790957,0.474395965177357
chr20:11543000-11543600|0,0,0.48512146401609696,0.4304907101394703,0.12006934837837596,0.0884217611810676,0.4830181948266533
chr21:43774029-43774629|1,1,0.6284741818117208,0.6665819118686497,0.9963310281613146,0.9963573231515823,0.8272572146006967
chr20:4264000-4264600|0,0,0.5310726012740264,0.5353074073295219,0.1191976552442845,0.10287335995872916,0.5624223046190678
chr20:2838177-2838777|1,1,0.6716751476441088,0.6915005352355515,0.9998944848845422,0.9998821338745935,0.7676267730839186
chr21:41819400-41820000|1,1,0.7263897121155052,0.7878572692914343,0.9222199957850402,0.9326946248082416,0.8553358980695028
chr20:16257061-16257661|1,1,0.5916714745299054,0.5712041693361534,0.23014010838113189,0.21855020138975648,0.5334383269645481
chr20:31775566-31776166|1,1,0.48948856435636817,0.5058506182746556,0.9552539287585059,0.9626246918397147,0.46165618650911316
chr21:46249285-46249885|1,1,0.5320852997760408,0.5180301687544124,0.20776242211108562,0.1886162692105324,0.6467953540549508
chr21:14973914-14974514|1,1,0.4144769743970354,0.38038061189666994,0.9526888067962246,0.9532943566380655,0.7980372770185414
chr20:11732000-11732600|0,0,0.4657530465944179,0.38986417865610484,0.04621379177585946,0.04960502088369201,0.1285957238846
chr20:16049529-16050129|1,1,0.4981628260457501,0.5304946191286676,0.6060879066989737,0.6045648924591353,0.8267970804591542
chr21:19657000-19657600|0,0,0.3706707922352692,0.32993640446686756,0.1691078809983473,0.18274522541702184,0.3208860901454147
chr20:486161-486761|1,1,0.48396975590952285,0.4625124111816666,0.9332158677543366,0.9295004368144795,0.6997218118804017
chr20:61033000-61033600|0,0,0.44599713540681135,0.43646640148364896,0.11919474124711313,0.12230164211716235,0.2562275393626365
chr20:3634010-3634610|1,1,0.5535471784550157,0.546626171294927,0.571137513627498,0.5915953782422897,0.6896536432242547
chr21:19774000-19774600|0,0,0.35558816181697117,0.447884337017524,0.26543733734324093,0.27197189679361256,0.4988320967276209
chr21:35690000-35690600|0,0,0.48933722066665,0.4628262236442101,0.24381313882946012,0.24391151356768942,0.4275869223898829
chr21:42198000-42198600|0,0,0.47764208743191017,0.4137277546276087,0.12559016567058512,0.11895588246639587,0.20770061360385741
chr20:37046889-37047489|1,1,0.4191090272481372,0.43880695505501266,0.978552343513088,0.977885187151452,0.5709218561695393
chr20:62618000-62618600|0,0,0.6888868876997294,0.7110272631713527,0.5419469129536452,0.5169689419252903,0.7233805742366903
chr20:48951022-48951622|1,1,0.5468309973861003,0.5899196574153656,0.9632796293231061,0.9636685869971024,0.6028844079642066
chr21:17468000-17468600|0,0,0.5249249628186838,0.4842664654981282,0.20840894575190932,0.19552708651551587,0.458119695345546
chr20:27645000-27645600|0,0,0.47846061860378575,0.5453179671829491,0.00020105603756100018,0.00023933161308497067,0.0891939378850441
chr20:38618000-38618600|0,0,0.5640427453166744,0.564879367418398,0.24355082118081875,0.24117209201747514,0.2966273758858609
chr21:36507000-36507600|0,0,0.5732520776428124,0.5276471129115878,0.2741011157181037,0.2688427338802686,0.3578378460101524
chr20:50426000-50426600|0,0,0.5446448642684955,0.49170918034194633,0.31562257768922186,0.2945775640264557,0.3082119927023052
chr21:40051806-40052406|1,1,0.5320487345478702,0.5485328448368834,0.7473347266615132,0.746636270001522,0.4293174434712764
chr21:37021000-37021600|0,0,0.536855946293975,0.4677721191043104,0.1268786350027186,0.1149546027562149,0.15078942982590968
chr20:17882000-17882600|0,0,0.6888242653838454,0.6299311832623222,0.21409492583178016,0.21329516889682976,0.7575561829356529
chr21:22771000-22771600|0,0,0.4750938826851456,0.5127387727147412,0.5604075074972548,0.5359981689710208,0.5138293972749389
chr20:44777000-44777600|0,0,0.48900674839773334,0.5439429370622595,0.3355546933320963,0.3690219216210103,0.6075355811663068
chr21:16906000-16906600|0,0,0.4237024436220389,0.46656726147117383,0.018878567912238867,0.019254085383812018,0.5390531732391589
chr20:31922662-31923262|1,1,0.5589882297524754,0.48503492736757975,0.3055584477525779,0.2970012530596979,0.5553776069056023
chr20:57072000-57072600|0,0,0.6107702758861119,0.5727742443534666,0.3318565130054869,0.3219787460746698,0.3765010910217765
chr20:37555000-37555600|0,0,0.5557750599412672,0.5865433758841604,0.24245780708823816,0.21446569796592926,0.3984596285910074
chr20:10601430-10602030|1,1,0.48616797685472724,0.5324850670886859,0.8912902828032251,0.8857807810268692,0.8779419225790128
chr20:30633000-30633600|0,0,0.6045816661289825,0.46584984728066325,0.017456674309822937,0.014474358680334223,0.23251949074620443
chr20:63651000-63651600|0,0,0.6687342466050953,0.549158039747872,0.1661890199801946,0.16440288015884377,0.19227861435348986
chr20:18024651-18025251|1,1,0.5709720261611491,0.5622362659674256,0.9872283987441699,0.9865191583303944,0.9238515451594701
chr21:10546000-10546600|0,0,0.4601372696745146,0.4745139736610152,0.14405092753755544,0.15060706897982862,0.30165940923570594
chr20:55423309-55423909|1,1,0.4680421933771354,0.41033305396118996,0.2663134859735015,0.2740350999993901,0.4150872128603011
chr21:45624809-45625409|1,1,0.4975611459071247,0.6118222909616674,0.7926765179594943,0.8262810327392164,0.6390326832460836
chr21:42918990-42919590|1,1,0.5576377736081202,0.6510419128404502,0.7887886240693447,0.797254254573786,0.6674825662038528
chr21:33573007-33573607|1,1,0.43076359753551613,0.5170127630601189,0.9630011457947993,0.9611227352011367,0.8383968216731835
chr20:46897000-46897600|0,0,0.48296028402588276,0.6140351496246252,0.5912944723271045,0.5827585192224044,0.8443251003515782
chr20:64132000-64132600|0,0,0.6792431110854952,0.6095926340597643,0.07039136283387669,0.08580854841067766,0.01144319785645055
chr21:16306000-16306600|0,0,0.4017512815310419,0.38903102850574023,0.6278670534395319,0.6045359923792146,0.660674903448723
chr20:48441000-48441600|0,0,0.5020595783166916,0.5969669916078228,0.6852445475525182,0.6821685350854829,0.829964339451396
chr20:34678000-34678600|0,0,0.5236050446460501,0.6655508566631543,0.1257406329122527,0.11733393368882687,0.27919041554900736
chr21:10126847-10127447|1,1,0.6048688659484845,0.49410627973354176,0.026863368460925623,0.026951671080823515,0.4983207777394292
chr20:48645756-48646356|1,1,0.6603766360136385,0.6972480256500991,0.9953615285314975,0.9957625150836045,0.8961631984859793
chr20:17846000-17846600|0,0,0.6245528002137517,0.5197674603810281,0.588468302750627,0.5696911850990896,0.5056281019486089
chr20:35433551-35434151|1,1,0.6496803166951584,0.607178246923697,0.9944577303951212,0.9942043056327988,0.7984602162012621
chr20:48675967-48676567|1,1,0.6229404878610711,0.6200389966418262,0.9533919250455345,0.9559666413158582,0.7131178391454616
chr21:20390000-20390600|0,0,0.3939471358461235,0.4255633433270276,0.26432904801670537,0.2764399092757465,0.5065077035282382
chr20:35972328-35972928|1,1,0.5274436676193213,0.4449461293727976,0.9699033324528706,0.9702166343512204,0.5793405506990731
chr20:8321000-8321600|0,0,0.4374840246147331,0.43667627383263125,0.35727483612836136,0.35433516766380296,0.5259265527014241
chr20:12048000-12048600|0,0,0.510223316022879,0.4442604531452349,0.4235612218755113,0.4228906671976454,0.554488097977133
chr20:34078204-34078804|1,1,0.6442226501799988,0.5517086319337221,0.5426197378785123,0.5751819740069422,0.7613697253184482
chr20:3015548-3016148|1,1,0.4578035696608526,0.45369351713616674,0.8210556373940218,0.8062848768362221,0.48494094098647955
chr20:14204000-14204600|0,0,0.6223562181410529,0.4741253826468031,0.06662287695063267,0.0763996891387982,0.40894318685542347
chr21:37636000-37636600|0,0,0.566683953032185,0.5741364335924367,0.2396840163273622,0.23783756494922573,0.5673124714355744
chr20:53363000-53363600|0,0,0.5795629664822209,0.4829419442515874,0.12934772792539462,0.1304963284602618,0.3875289900252712
chr21:8690000-8690600|0,0,0.528108776315268,0.6243645780698441,0.05051420949970238,0.048381803713193006,0.3493010143720379
chr20:1402000-1402600|0,0,0.5524287981682107,0.5039691178514717,0.07335253389587908,0.08308191413531363,0.4824003527810853
chr21:31213171-31213771|1,1,0.46060500097165513,0.4838042391812533,0.9568831804622366,0.9615299862216794,0.660565635127297
chr20:10534000-10534600|0,0,0.5810536397535374,0.4978905905299184,0.38814401739537024,0.39166247892959394,0.38689579107487576
chr20:46366664-46367264|1,1,0.5948561612042117,0.5185345714201534,0.5791824652112457,0.5536498904784136,0.732277140150694
chr21:21717000-21717600|0,0,0.3243622267904666,0.3034204536125363,0.0021666464899905485,0.0024530755118882513,0.022181986417801114
chr20:45307842-45308442|1,1,0.6612908386722824,0.5923883577555292,0.5585778379871313,0.5293813048765603,0.5832669092879444
chr21:41423000-41423600|0,0,0.5985863919358906,0.6150173443656982,0.053734579051258384,0.05472693243630271,0.6331085095811444
chr20:49756000-49756600|0,0,0.5431408284438112,0.5188371966812705,0.758879982696297,0.7633888263845814,0.7373601921132868
chr21:35969000-35969600|0,0,0.4592028194180635,0.48347886841509824,0.7029275384929166,0.7042089113953833,0.6106064272876055
chr20:59993949-59994549|1,1,0.5527482273484234,0.5800300255686082,0.9818602993378728,0.9820003244961838,0.9051445114360022
chr20:20535502-20536102|1,1,0.46920524518853285,0.5433916905987454,0.8046394894450338,0.8232210914831135,0.8278733323491068
chr20:9699000-9699600|0,0,0.4648614628970273,0.4540028064933973,0.47838337562807604,0.4700193646117491,0.30758120858876
chr20:5174882-5175482|1,1,0.5446028753398295,0.5045273784003461,0.9735315834566632,0.9764300467978766,0.5383408879892564
chr20:17324000-17324600|0,0,0.5452573017437369,0.5021922792777609,0.2951322655815938,0.315834697070817,0.354381272428229
chr21:44133801-44134401|1,1,0.7125915509524156,0.9098836520220526,0.7805071332368976,0.7981307133582378,0.874073738506747
chr21:42462000-42462600|0,0,0.588016373713445,0.5259669368323788,0.21892403855663267,0.19394656352782952,0.33323608192646703
chr20:32732000-32732600|0,0,0.5676544161676815,0.4988956366796214,0.09908653014738626,0.1127581239435887,0.20710691797228922
chr20:35381724-35382324|1,1,0.5221751347843314,0.520769340230789,0.6798394224357,0.6970770298054596,0.45575761000054504
chr20:30150000-30150600|0,0,0.43474297095584724,0.4057160878067743,0.10208892104867448,0.0996433308584758,0.14152959672454132
chr20:16537000-16537600|0,0,0.5981047765265435,0.5200359564554203,0.10424570338470186,0.0948294611238671,0.2838126241436582
chr21:42636000-42636600|0,0,0.5726654040305313,0.5168045927974219,0.3885151217446558,0.42665451721717734,0.6120701966824275
chr21:35450000-35450600|0,0,0.5540985391285448,0.5312905144666873,0.04752240422736809,0.04833662658988183,0.32953762867792413
chr20:5598520-5599120|1,1,0.48812516413417995,0.494862758889302,0.9129861205296483,0.9011833979371064,0.6341876600568749
chr20:31576000-31576600|0,0,0.5770542225575829,0.5519670156840203,0.062299578872023614,0.0607589651851465,0.3513822308557765
chr21:14621000-14621600|0,0,0.5691622464735964,0.5375727216524501,0.3452428520330253,0.36255299759084536,0.5818169557631624
chr21:25102987-25103587|1,1,0.4791896069888374,0.47244825594226314,0.18712011723489314,0.18067131322818067,0.2001138284380947
chr20:20756000-20756600|0,0,0.5692100280392908,0.5743785915886092,0.13059402160419353,0.12698507225936123,0.3521059106311601
chr20:33531000-33531600|0,0,0.5204305127657388,0.5071245880144308,0.3724367708783667,0.34946468607131365,0.35862433695064977
chr20:61234000-61234600|0,0,0.5600552665716807,0.5686511285752658,0.22470093530285074,0.21982021775257082,0.4490890628941583
chr20:16357000-16357600|0,0,0.4502687731293493,0.3600462996095548,0.09523436250179536,0.10884749472288667,0.12487870716582317
chr21:19483000-19483600|0,0,0.3995949680633136,0.3668076092789809,0.4308863023720352,0.3907656713755716,0.21274036838469362
chr20:55801000-55801600|0,0,0.45739151418879487,0.40731659630029166,0.15942602324421556,0.1817043645623626,0.3541573122969821
chr20:12950185-12950785|1,1,0.6383626437170676,0.5580731934632096,0.8154963340858267,0.8333849135554013,0.5639942159532598
chr21:39909000-39909600|0,0,0.4850402368539623,0.47302915406803386,0.642285975357214,0.6445403936925767,0.7023220642584489
chr20:1405000-1405600|0,0,0.5698697000493187,0.4676212897631406,0.3668315350505861,0.3844379221237585,0.40373228786909593
chr21:25757709-25758309|1,1,0.42172137547072835,0.4571692402644179,0.9941708574439917,0.9939624522067791,0.728143883490481
chr21:43466757-43467357|1,1,0.6348306813931817,0.7130982788203064,0.6715507892196644,0.6730525340809494,0.8846290626508423
chr21:16574971-16575571|1,1,0.5217722089523522,0.6315940697357092,0.5423371038100343,0.5474118040364562,0.17886747957840568
chr21:18589319-18589919|1,1,0.4453809547315348,0.43863447664173716,0.6413866392900638,0.6156036700717424,0.6619146986685297
chr20:46459321-46459921|1,1,0.5269151002175418,0.5782729281529827,0.6423881784587308,0.6802808848186307,0.7819355102508684
chr20:63372000-63372600|0,0,0.7203886299433095,0.6572653472750656,0.021424559010973974,0.01828108403806854,0.17075379460578183
chr20:39765287-39765887|1,1,0.3966602862924999,0.39742488383769936,0.07327645534621884,0.07816832005056608,0.575210986675539
chr20:11783000-11783600|0,0,0.5459164744517779,0.45337681929442797,0.15671183902440655,0.1633358521964866,0.28205852080723065
chr20:10987163-10987763|1,1,0.4374241423601465,0.3891070391803361,0.09867328953507333,0.11442561159450003,0.5466326974522168
chr20:11840000-11840600|0,0,0.5755079450221781,0.5344302625019755,0.05411641486750347,0.05658866581377207,0.18164045461695913
chr20:33417622-33418222|1,1,0.5788715564347756,0.6428304568331555,0.9704373045877558,0.9704099736060116,0.7895701140769102
chr21:44490093-44490693|1,1,0.6463360621260074,0.743259523979029,0.15049031313228084,0.1339685136910521,0.7159658852111368
chr21:46427321-46427921|1,1,0.6404684431176276,0.6940981419188933,0.9824420117694683,0.9809645660162566,0.9123529893369441
chr20:1578393-1578993|1,1,0.5698119826756264,0.6210369504804992,0.9969286163580507,0.9967976600501942,0.8981123298629387
chr21:30018000-30018600|0,0,0.47612550154754846,0.37643125454643395,0.11905283192697888,0.12609554833563025,0.18805701470121147
chr20:20273000-20273600|0,0,0.48007390432931163,0.43449320237389094,0.3020280488055679,0.29580092124812596,0.250913794554835
chr20:32315917-32316517|1,1,0.5038556294423127,0.5014751441844346,0.9490631046482821,0.954277714682684,0.7468089813993349
chr21:42795000-42795600|0,0,0.5455593532119303,0.5768815225018458,0.5767137511113415,0.539296190175173,0.5429385190262745
chr21:37342000-37342600|0,0,0.550908363031308,0.5212372467205292,0.1234405390352115,0.12633403577492525,0.16653360260078096
chr21:36321000-36321600|0,0,0.43651410009935887,0.5559544509154872,0.5889723377966631,0.5921767468361381,0.3408175975383507
chr20:36366744-36367344|1,1,0.6644197590902381,0.6624931796067728,0.49248926301401663,0.500814751211062,0.8216577016039736
chr21:37840127-37840727|1,1,0.4624766119126928,0.5003617365573354,0.9532809891868733,0.9548526241326799,0.7758211712963342
chr20:13708000-13708600|0,0,0.4431130326265004,0.38385082344205407,0.08711987373562512,0.09759603932900403,0.21049509706830188
chr21:25210000-25210600|0,0,0.49446083129968527,0.5851512963724904,0.7084803848979465,0.7086980040694523,0.20018170410626784
chr21:12171000-12171600|0,0,0.4730034854705285,0.5735406663195282,0.0005345518618983052,0.000547039372188462,0.07643243481567091
chr20:59195568-59196168|1,1,0.5736762951566562,0.615011490420511,0.8174144013197502,0.7922938111789964,0.8285739449811972
chr21:45315000-45315600|0,0,0.45457876199291053,0.40408968937528134,0.01206805525667254,0.011437176072500851,0.08814423070928193
chr20:41489720-41490320|1,1,0.5157252142963893,0.5161274677685513,0.9919726418671594,0.9932045240212493,0.6250715455319483
chr20:8684631-8685231|1,1,0.4848522617909288,0.5808545146278695,0.8202279270294549,0.8273595504827808,0.6959716306062793
chr21:29948000-29948600|0,0,0.5304309113034609,0.5156524083672449,0.5040076139040367,0.47936038997487573,0.32247260949214185
chr20:28930000-28930600|0,0,0.4459491105371161,0.5017969328527904,0.024400317544525388,0.024203694270829225,0.4527829105658894
chr21:26300000-26300600|0,0,0.507325768882034,0.513885927165441,0.1557441292423909,0.1565963286910185,0.375391419409373
chr21:16630495-16631095|1,1,0.4976658258436222,0.40450403856110023,0.5081578592829568,0.5276484916152082,0.5233564074182664
chr20:58987407-58988007|1,1,0.5088662642217374,0.48807018000109537,0.9899943137746785,0.9900460818144724,0.49232535218037693
chr20:41741000-41741600|0,0,0.44655109078709915,0.43387519801180313,0.04899077154423169,0.053795063118132806,0.17973963495707523
chr20:12384000-12384600|0,0,0.458301842434458,0.46713437019060744,0.2917280803772621,0.29856292097473597,0.4249581340403049
chr21:27417000-27417600|0,0,0.4331059307799455,0.4340814814764022,0.33277905206470165,0.3173236808397501,0.6204311814803299
chr21:39298281-39298881|1,1,0.4237024436220389,0.40385778729352995,0.8776061590890146,0.8549485261936699,0.7148403596649417
chr20:8357000-8357600|0,0,0.43646326764653753,0.4305304698179604,0.28194959456390417,0.2997952640859624,0.5282696606958517
chr20:54423000-54423600|0,0,0.4471249243839222,0.38252023785188427,0.4726669087066178,0.45223097903006937,0.4334748424883629
chr20:438540-439140|1,1,0.6258785312532427,0.5843367138100004,0.9833135033066671,0.9825758427170648,0.7600304795034047
chr21:15825903-15826503|1,1,0.4330644834779147,0.5011703980242902,0.9835536835755775,0.9831993135151416,0.6088794100667178
chr20:51837000-51837600|0,0,0.5473236214706396,0.5145395216344564,0.4629446169496253,0.46342507971747543,0.2534356927268752
chr21:32352605-32353205|1,1,0.6383401354878193,0.5178698186517031,0.9029926361318502,0.9044212050939512,0.7650796894615088
chr20:63327651-63328251|1,1,0.6841431508575978,0.6453317747962887,0.9843051172775403,0.9845798587032806,0.4375174793093931
chr21:43936000-43936600|0,0,0.6877298340191266,0.6818931976457249,0.5322899408163557,0.5208683815854221,0.8412812525413231
chr20:7705000-7705600|0,0,0.4818428680963545,0.4804487780707931,0.18744802939220134,0.2079068189441291,0.48602407697768396
chr20:16060000-16060600|0,0,0.4870312527868815,0.45666361512854975,0.0867018331486717,0.08425607338325433,0.49975376455116366
chr20:47397044-47397644|1,1,0.5376206438541922,0.518883439917261,0.4430220056099118,0.49398779765070133,0.7195089828701543
chr20:36144000-36144600|0,0,0.6157899047049492,0.5410691511863862,0.17016976324270083,0.1615902271231558,0.3899934010286641
chr20:63103254-63103854|1,1,0.6852686566289381,0.6771499799318176,0.406931640129364,0.37148319166829163,0.24155445255328728
chr21:24576000-24576600|0,0,0.4383782935588781,0.40239279136268197,0.037185838433501456,0.04351547811494665,0.3842337339945879
chr21:27846000-27846600|0,0,0.40228815802244033,0.38247873297561086,0.1626803991136129,0.1767789847004118,0.3929252981729256
chr21:32366454-32367054|1,1,0.5596928321834378,0.5898012748073092,0.9833987711916395,0.9847143359264802,0.5314011974077306
chr21:10606000-10606600|0,0,0.48339896457514836,0.5021921151350788,0.5378962838388485,0.5291036506498835,0.7015078730101597
chr20:47309903-47310503|1,1,0.558597722410977,0.5797882686091056,0.9904943438090386,0.9898149573040642,0.9006755010435892
chr20:52315000-52315600|0,0,0.5251235426939592,0.49287937332563214,0.32382846676989335,0.3141020474907525,0.4616145742584875
chr20:58483000-58483600|0,0,0.5800309939522564,0.46486939500183344,0.3312702608494357,0.31094488298715617,0.5100513955405946
chr20:34480298-34480898|1,1,0.4587345002504485,0.4886938182618064,0.9317360211879815,0.9353804053994725,0.2893457352858082
chr20:360000-360600|0,0,0.6258785312532427,0.6361115692551644,0.3891750289937416,0.4233752450982058,0.5032981417419524
chr20:51684000-51684600|0,0,0.5269368354953027,0.5546040261308827,0.06261930656861242,0.06228795367416499,0.24395862949100666
chr20:10915000-10915600|0,0,0.5277319927875468,0.6236484530733524,0.16989086978127035,0.19443365290962691,0.28993928962061355
chr21:25897372-25897972|1,1,0.43711756345905617,0.42807032451465965,0.9583139149611061,0.9596704856043191,0.6738469224953384
chr21:40921000-40921600|0,0,0.6126518922435794,0.547584227040588,0.5306567404027432,0.5350241114487182,0.7467450787277655
chr21:46693000-46693600|0,0,0.4750938826851456,0.3902741770441068,0.46033899078625024,0.47306824019092825,0.27131420009469337
chr20:50741000-50741600|0,0,0.5830152847890953,0.592071817328474,0.18616083568707448,0.19267759335894127,0.5472936644501643
chr20:61429000-61429600|0,0,0.5050903940477172,0.5148731475048803,0.20375216823003434,0.19439683980927733,0.7782436319081142
chr21:6903000-6903600|0,0,0.5210315330524612,0.5299064932616548,0.4526470433437765,0.45173392779556576,0.374231611719354
chr21:41435536-41436136|1,1,0.5854252684047725,0.5578476433842464,0.9638928548319919,0.96254024540957,0.7747557742590374
chr20:33214836-33215436|1,1,0.6051424893208959,0.5445136036646829,0.3168148474524916,0.3484453668360178,0.5390814957324037
chr21:16625293-16625893|1,1,0.3856728869812054,0.36755672318258925,0.2799606515740112,0.2859843158194284,0.3883079485382896
chr20:20759000-20759600|0,0,0.5237304961738941,0.5324379767359209,0.18901233371938134,0.17896935929851118,0.5118442103515898
chr21:32336856-32337456|1,1,0.6586971610277482,0.5687507691902633,0.9568645965282148,0.9567158554236643,0.2166644810181501
chr20:49263182-49263782|1,1,0.5582331775306333,0.4903586408882919,0.9712418473572989,0.974074031327856,0.7265567796969187
chr20:26723000-26723600|0,0,0.4738867542704584,0.527849816615814,0.011928873560251501,0.01434818155766512,0.09486467891792447
chr21:41858927-41859527|1,1,0.6997114759363662,0.7037893706200276,0.6877822835282031,0.6750616162193208,0.9214985067298461
chr20:41238495-41239095|1,1,0.4493627810563264,0.4679776337136435,0.41520457155091994,0.42606857797816167,0.40949067344248513
chr20:38521196-38521796|1,1,0.45502975501926657,0.4421145688105098,0.988555090842364,0.9891744098335992,0.6446041763130731
chr20:16612000-16612600|0,0,0.57304967172311,0.4761058159048093,0.3508497909815422,0.35795017985827626,0.4476882687100644
chr21:31700870-31701470|1,1,0.41473978562564984,0.39147274172026625,0.9754083746374885,0.9758588964453973,0.37282419397787975
chr20:1787807-1788407|1,1,0.4918165628682342,0.4515378610232969,0.4666452892117532,0.43039609123330697,0.5941873578283402
chr21:30555000-30555600|0,0,0.3710148588361417,0.40766976286101236,0.06409610834699775,0.07210857840023936,0.4933529314803053
chr20:43396000-43396600|0,0,0.5077421958972637,0.4824374252017712,0.00021238915333183933,0.00022501917828577392,0.05722967330047575
chr21:40438000-40438600|0,0,0.48498479029193287,0.4215617090770589,0.2495937324822089,0.24466584315843354,0.45308661665360433
chr21:29598636-29599236|1,1,0.44261973296732604,0.44221274699759516,0.9562354380264881,0.9570512671293713,0.6989081789752912
chr21:17108000-17108600|0,0,0.45834386238799185,0.39112908697891724,0.12299322381134156,0.13483135713409783,0.44670332028873616
chr20:55024000-55024600|0,0,0.4474485751283312,0.42526951284457337,0.4094969853212225,0.41501844730915205,0.5566717817205336
chr20:48864000-48864600|0,0,0.45313017882538326,0.4685029063146935,0.3546769175095346,0.40193658310847613,0.5093818295844688
chr20:45952220-45952820|1,1,0.6706745434895013,0.5435508131354415,0.9986712084769728,0.9987583348148182,0.7486931186790149
chr20:28084000-28084600|0,0,0.4725619140848857,0.5410220608706159,0.0009414181214948831,0.001155073265200717,0.07899314996746838
chr20:23309000-23309600|0,0,0.6980568900788169,0.6834647807507613,0.19816944119989036,0.2595818559171958,0.1425739229064428
chr21:28741000-28741600|0,0,0.4946765233637471,0.43917584136213167,0.25520689283467435,0.2582271479901319,0.22610019286163935
chr20:33097316-33097916|1,1,0.6328499580211067,0.5125317105540466,0.9622497573460134,0.9604397331507143,0.49990748893898324
chr21:31357010-31357610|1,1,0.5293424756061564,0.456405966428178,0.11453533654364766,0.12644316914239526,0.4140548574124158
chr21:9753000-9753600|0,0,0.5045315315278651,0.5871693804874479,0.3247947407149402,0.3421057646117359,0.6942480333546789
chr21:15847362-15847962|1,1,0.4488422798829822,0.3857856186646055,0.5696957333404143,0.5462371898807397,0.6144836143893815
chr20:526641-527241|1,1,0.5128131972069723,0.5110330580198718,0.07269979631980696,0.07181027110615178,0.08501569449473868
chr20:1810373-1810973|1,1,0.591378841675205,0.6436248234000287,0.43596275640572824,0.4365463965018385,0.39532135571476673
chr20:50954984-50955584|1,1,0.3943847432073665,0.43465228332649103,0.9904854953616982,0.9922870408709987,0.6465430824529367
chr21:29027572-29028172|1,1,0.386219600528336,0.4114710930885372,0.5580681777928601,0.568687176473054,0.4331731841495064
chr21:16945000-16945600|0,0,0.5237304961738941,0.48161801980076624,0.3211805415684457,0.31959184527342205,0.5764965004809696
chr20:26285000-26285600|0,0,0.45456499805616496,0.4541578738576962,0.0108881678410747,0.011009150066591639,0.04579717509557263
chr21:44417626-44418226|1,1,0.7006678545611661,0.7459135962411456,0.9787750767172988,0.9823039249642578,0.45076911495947575
chr21:37465000-37465600|0,0,0.4450849585273954,0.4228197958393048,0.40382693358994076,0.38772713315264556,0.5436504241009033
chr21:44972896-44973496|1,1,0.7185200661435345,0.7209800057882495,0.5803904140623871,0.5616539317361636,0.5815781180616382
chr21:30684000-30684600|0,0,0.511571497357571,0.47927248460604216,0.05904011895520011,0.06216513513689646,0.35887409779791746
chr21:24036000-24036600|0,0,0.44362488779954035,0.42907467792609527,0.022606358855458038,0.020542728705021836,0.4563913641294528
chr20:41415337-41415937|1,1,0.5878842800025283,0.47930799543912966,0.994754325354556,0.9941864818691034,0.4557501213434379
chr21:45492234-45492834|1,1,0.6743340512796447,0.8186433866769945,0.9935222160734419,0.9931169976744845,0.9584999624405771
chr20:62242020-62242620|1,1,0.5520092636409617,0.5653641001775446,0.9820040808874405,0.9843882904533932,0.5814119646747914
chr20:13369000-13369600|0,0,0.49715818436057185,0.41971217890925344,0.27139157820714016,0.2561138273947177,0.14451153677069745
chr20:50186119-50186719|1,1,0.611363850247963,0.6074119147131245,0.5866452597877486,0.6109034423807009,0.5619655605783053
chr21:16555646-16556246|1,1,0.46582484862963147,0.5530401884458866,0.13054826485814075,0.13784115888426463,0.3668095855832853
chr20:61705000-61705600|0,0,0.6612033575948484,0.6971596821186697,0.48021405436077486,0.4583084049145509,0.7668861111224929
chr21:21441000-21441600|0,0,0.39200654567371235,0.40395653101107326,0.7604291422371058,0.7762857343485516,0.6749073542337969
chr21:23318000-23318600|0,0,0.6214267544887847,0.6377906358845472,0.06690775630248282,0.060535270874224396,0.6264552212645927
chr20:18636000-18636600|0,0,0.43933123076913877,0.47736095054566646,0.5737239541751827,0.5862359289726715,0.5589050097053442
chr20:31870821-31871421|1,1,0.6440520667282013,0.7062881779706273,0.6269328832142942,0.6506344496976478,0.6651482670889729
chr20:29663000-29663600|0,0,0.4541547405327541,0.45163895593397546,0.219131712674714,0.2156751053866538,0.6074479391166606
chr20:63790489-63791089|1,1,0.6882379977032184,0.8813406206204563,0.9943507661786203,0.9944171094101415,0.9773293820497276
chr21:43658019-43658619|1,1,0.6708595492520094,0.9137283117407026,0.5418754331676334,0.551590888736678,0.7675156966013394
chr21:44390603-44391203|1,1,0.6452290191702231,0.5459555165238114,0.9687258014242034,0.9698841341273364,0.8255680539523743
chr20:38382549-38383149|1,1,0.484114556315154,0.44378769106292104,0.24727225359956825,0.25881944200336504,0.7480833179224382
chr20:33059077-33059677|1,1,0.6462784002654766,0.5496564628885288,0.899795262448121,0.8938965995369323,0.2670423073497183
chr20:4987000-4987600|0,0,0.5505412847513107,0.5794913758833523,0.8170541284332128,0.8150895305863246,0.7051632074471401
chr20:16525904-16526504|1,1,0.42683289386738027,0.4146382233680342,0.46935358854641357,0.4614523511509803,0.45042363230971805
chr21:19711000-19711600|0,0,0.46310710496252633,0.42416768339094213,0.064474746289396,0.06800228001854323,0.5592738116381579
chr21:40055539-40056139|1,1,0.4738787010692333,0.5358164712421467,0.9850573065803747,0.9856631229730318,0.7058333633902633
chr21:7921000-7921600|0,0,0.4759813203437119,0.5068465872551298,0.001747565633611202,0.0022175275957071346,0.03786595014292714
chr20:55426259-55426859|1,1,0.4259099757524602,0.35551274566543245,0.27580598446060584,0.2780656604086913,0.35370815410453793
chr20:21530019-21530619|1,1,0.527458257443945,0.5455421647681837,0.7568077876738782,0.7620148090709423,0.9525434985911279
chr20:48333000-48333600|0,0,0.5253230556750607,0.5075720947225419,0.5181636662386708,0.5175794364526397,0.5094232062898915
chr21:29996000-29996600|0,0,0.5008614828431759,0.4485276882966538,0.1228811324113334,0.11653013190172141,0.19267356225626237
chr20:62318349-62318949|1,1,0.7440122476237805,0.7676869615531661,0.9958620062920619,0.9955036828053716,0.8632601440315747
chr20:6498000-6498600|0,0,0.48353287012304114,0.5042216618261247,0.4522461309845352,0.45145536781299805,0.7183695737953676
chr20:35927479-35928079|1,1,0.5680600088458115,0.5473241622851197,0.5603369431263315,0.5638346784154351,0.7258838634124636
chr20:15261000-15261600|0,0,0.42781589833869477,0.3578465925971808,0.24354053158400957,0.22572769466633888,0.234985247097579
chr20:57215207-57215807|1,1,0.6252714774245831,0.5436410242320052,0.43670315149551103,0.41602657730258186,0.7395444046307076
chr20:43393000-43393600|0,0,0.5798538550602966,0.4317410456998815,0.14883910589638,0.14844512209086982,0.27585617253628847
chr20:63831000-63831600|0,0,0.8593907067791797,0.9967277478334139,0.12071930757400857,0.08896438952937469,0.2626858267985663
chr20:57373174-57373774|1,1,0.5256620790984439,0.6270217896736303,0.9967519155002952,0.996028404770057,0.9176435633761008
chr20:46729052-46729652|1,1,0.5953089922491405,0.647584964192768,0.9966650240900684,0.9965376978764592,0.6525390066831654
chr20:55336000-55336600|0,0,0.3896590208009299,0.3625485473422061,0.03530956891217868,0.03421522893422648,0.31432608784673355
chr21:13639214-13639814|1,1,0.42631253404987374,0.3613864383586083,0.3177230275502883,0.32386576684773916,0.5225810563199693
chr21:40795000-40795600|0,0,0.5278615466724298,0.44768901442997244,0.2588803593764159,0.24252269351744637,0.16881226500599186
chr20:26870000-26870600|0,0,0.48653009106260175,0.5646968326384,0.00019536287330026853,0.00021937854640282208,0.12233392761742741
chr21:34234000-34234600|0,0,0.5557322013360723,0.5572395853939087,0.2440626690082641,0.23074384301807707,0.3732259468262881
chr21:21726792-21727392|1,1,0.38429083226606137,0.42460621433317447,0.4321084634207151,0.4175937053193399,0.6941303771348374
chr20:63540698-63541298|1,1,0.7331152085838721,0.8224412233074632,0.9982231511438606,0.9980965448579707,0.9356514250183635
chr20:45957379-45957979|1,1,0.6826825816949351,0.657368495038812,0.992770751645625,0.992949736525776,0.7969099767488652
chr20:50012000-50012600|0,0,0.6100047542902752,0.6192186144561623,0.15506141690633726,0.15529942385891457,0.5948465996839657
chr20:53196063-53196663|1,1,0.4850402368539623,0.5508440870660601,0.2534400177985383,0.2766457250256397,0.6462164270008266
chr21:44144520-44145120|1,1,0.6387788660380758,0.7145833027545635,0.9975710213433951,0.9977086940878869,0.9515918686871948
chr20:42891000-42891600|0,0,0.5277236762206379,0.459916910073195,0.5272493609364978,0.5426266120482685,0.3159933078913056
chr21:9801000-9801600|0,0,0.5094343421766976,0.5108687106781263,0.4031516889745994,0.3756699054649663,0.03309415851890825
chr20:20074001-20074601|1,1,0.5271431953323232,0.5486691953847938,0.9091179848263253,0.915472874321855,0.7260108823648075
chr20:8699000-8699600|0,0,0.5242555573914035,0.5140251568847188,0.5396264044029213,0.5388845654942892,0.726623799652275
chr20:57111000-57111600|0,0,0.548077303477508,0.4804445707579559,0.32022294341253443,0.3206917500783528,0.37633482124245743
chr20:56015000-56015600|0,0,0.5538429604429495,0.4909975963083838,0.12795552098842694,0.10857972979509085,0.7977558522795573
chr21:41991588-41992188|1,1,0.575490529855398,0.6891564822163982,0.9820638955443386,0.9786545108774021,0.8769164461468396
chr20:1630005-1630605|1,1,0.6430796302712056,0.5595492336221253,0.9178424460256422,0.920507833863925,0.6808842235958731
chr20:5448413-5449013|1,1,0.5556796271704366,0.5745325495635153,0.7142509146053295,0.7309365767497923,0.7864304093224374
chr20:35288284-35288884|1,1,0.7118078043007549,0.653594612151846,0.9909313829368429,0.990736354910892,0.6862888126218625
chr20:7399000-7399600|0,0,0.4445802017884287,0.4194632388669552,0.335412748640625,0.33418890071329643,0.5992516291387531
chr21:10471000-10471600|0,0,0.4488584292024289,0.4669487814370731,0.09028904130183255,0.08565181604295843,0.1875552117548826
chr20:50021000-50021600|0,0,0.3921007954030463,0.3789336768968901,0.2594502146314622,0.2713344701434907,0.33192910712663615
chr20:3594178-3594778|1,1,0.5440393426582214,0.5456628040468599,0.9224190396058508,0.9278539192232985,0.6329382977958176
chr20:53915000-53915600|0,0,0.5546041382176453,0.5543463757273692,0.4388996468717242,0.4325750544525094,0.5498648221277317
chr20:18009000-18009600|0,0,0.5310464600666138,0.517630443311763,0.639491432750516,0.6473460473713377,0.8138300916778851
chr20:3264223-3264823|1,1,0.5571522810120498,0.589957205956104,0.4420840430917415,0.4406587755914055,0.6620136538969781
chr20:62132989-62133589|1,1,0.6930085010550051,0.7696559136529595,0.9535831198089375,0.9515271653158844,0.9128036053340448
chr20:3717000-3717600|0,0,0.6120270345080578,0.6880565493643964,0.16373327527200907,0.16952847612421948,0.21133196201114557
chr20:47736641-47737241|1,1,0.6837311829764209,0.7761248533294225,0.9983139929404667,0.9985921821986372,0.9213340863805796
chr20:37996161-37996761|1,1,0.5612452411231206,0.51986777019425,0.9888632996945198,0.9882780775879793,0.8037308267198974
chr21:38237113-38237713|1,1,0.5423676089940906,0.44823964558009916,0.4138327304678119,0.38908306489799793,0.4730933652684731
chr20:7291000-7291600|0,0,0.46862032838959683,0.37660471434699694,0.19896802460505392,0.18186159735955182,0.19524359307300193
chr20:7069000-7069600|0,0,0.44791865517019797,0.4132554349361369,0.26339389384967155,0.2824750377629657,0.2740157301659077
chr20:50162794-50163394|1,1,0.5680600088458115,0.5344728345642372,0.36044439108190435,0.35344828606923034,0.6292280340741196
chr20:56450298-56450898|1,1,0.5703224030123759,0.5656095249493881,0.7314003572229794,0.7197532225959392,0.588841209991535
chr20:57072000-57072600|0,0,0.6107702758861119,0.5727742443534666,0.3318565130054869,0.3219787460746698,0.3765010910217765
chr20:64076345-64076945|1,1,0.7297956328770722,0.6361844776940562,0.9842236790422413,0.9841461373892452,0.7078699858124862
chr20:187817-188417|1,1,0.5164426765836877,0.4386860824743029,0.2247949575702368,0.21985050962474723,0.4577557032708883
chr20:8810000-8810600|0,0,0.45357234795403556,0.4896899660389377,0.5884277110520705,0.5997012683634415,0.6141203902343692
chr21:46075000-46075600|0,0,0.4837184603308233,0.4704681092252847,0.05704361225483053,0.05723036310165899,0.10820048078356329
chr20:35547111-35547711|1,1,0.5712461902144588,0.5781740929687871,0.9714360837840921,0.9757537277356969,0.6436815713638283
chr20:17459000-17459600|0,0,0.461703339953541,0.42887175135561645,0.171674405882734,0.18320130037551402,0.2456765355432145
chr20:49864438-49865038|1,1,0.5067156146155051,0.5151467141034715,0.973585893271115,0.9755855216164377,0.7176651190557253
chr20:58792000-58792600|0,0,0.6054671095148313,0.5182123921595088,0.7896903967770821,0.7629703172325744,0.6697716974181233
chr20:37223577-37224177|1,1,0.5031751679495323,0.49270154178304465,0.967219622454373,0.9709994693678063,0.8042417469112635
chr21:11219000-11219600|0,0,0.4637771430050841,0.5460690951146088,0.0007904397617887038,0.0008681684248635072,0.11218154266446205
chr21:9264000-9264600|0,0,0.49566741847935714,0.5134384850634863,0.04996688397710133,0.058418010368507904,0.21548576612569195
chr20:35049693-35050293|1,1,0.4676581629052818,0.5078427951038179,0.9533393959536265,0.9560263679580122,0.6463810898949335
chr21:39390397-39390997|1,1,0.5917572933607734,0.6155380141559471,0.9934698121286587,0.9936444257305844,0.8095145350928733
chr20:48921000-48921600|0,0,0.6943922818636318,0.83406124087149,0.5829295170163011,0.5913842047001313,0.5676141036366544
chr21:29174411-29175011|1,1,0.47227457630109687,0.5128723000270297,0.994466861095718,0.9952029853045329,0.768352923539183
chr21:37864000-37864600|0,0,0.5406776290322849,0.5536118531355583,0.17347624837865813,0.17756426129849084,0.4317693075066639
chr21:25420499-25421099|1,1,0.4798902932732613,0.48628000550265094,0.7898778425908844,0.7856480124711552,0.5142816017421675
chr20:62303267-62303867|1,1,0.7386847011719022,0.9592119233009577,0.9566328985636213,0.9499271001325484,0.9520221520662905
chr20:50867000-50867600|0,0,0.5454384742531748,0.5258506161291275,0.2171788739882867,0.23004727461562033,0.22115095712512867
chr20:47286983-47287583|1,1,0.5022355970803036,0.5560867960156719,0.6991341402985032,0.7005729791218386,0.6677465009825703
chr20:33366707-33367307|1,1,0.5009607511376444,0.4877345198375545,0.9565972988781515,0.957596447035148,0.44847523170336506
chr20:34732294-34732894|1,1,0.48978240194484135,0.4291282417506659,0.3150926268617385,0.30125040353882027,0.40817786745125245
chr20:57342428-57343028|1,1,0.4250699111876658,0.46816523313731684,0.8441998933744332,0.8488755720954096,0.7066228093961876
chr20:63079691-63080291|1,1,0.6246640292900637,0.5303618410930226,0.3137200778547265,0.34606444074030424,0.6042335572961403
chr21:38252000-38252600|0,0,0.484497153529275,0.4380733249310793,0.15208808429316426,0.1559449835719172,0.25648654852947295
chr20:13728164-13728764|1,1,0.47808786499328293,0.48710516416576616,0.8069126717547365,0.7971309150209342,0.5988739645106956
chr20:13931470-13932070|1,1,0.3582053518784558,0.3695092625473104,0.8974943879680094,0.9002110112249476,0.5355148153082548
chr20:23009968-23010568|1,1,0.5919359876751153,0.5813428324561106,0.9212655511931721,0.9268873402694207,0.5831932734896986
chr20:35708955-35709555|1,1,0.43655361724680675,0.4403631064207133,0.3512826607724039,0.37614129000467306,0.34603660323754454
chr20:62264328-62264928|1,1,0.5593552276563792,0.5826916186695595,0.6987868418782855,0.6925056660749941,0.6956041427191066
chr20:38687000-38687600|0,0,0.4521922726706006,0.4017815374855092,0.061658601031124666,0.05615211663334027,0.45504801776038173
chr20:56162000-56162600|0,0,0.49335024956194423,0.494693975652797,0.39999533559601685,0.41865834066206026,0.538244806334146
chr21:7690000-7690600|0,0,0.43607598848451085,0.43777173890814647,0.31300411747751344,0.29550058267763674,0.7196637312099545
chr21:28585000-28585600|0,0,0.47253112249847257,0.41808773614003686,0.05030849494611478,0.0512388117955699,0.11557500013431807
chr21:14642832-14643432|1,1,0.4388952300976072,0.4233052398274113,0.9880950108429031,0.9877465862751498,0.3558257107755681
chr21:43684252-43684852|1,1,0.5589693670713506,0.577916324173627,0.9691391534698659,0.9700435515136606,0.5430477047438963
chr20:62273008-62273608|1,1,0.5908055582678969,0.6826547834799818,0.6926015616596022,0.7039386597318288,0.8824953561849408
chr20:54585000-54585600|0,0,0.46268989053436643,0.4855591616604471,0.1778187887643406,0.1719578870312181,0.29922646697151706
chr20:14165000-14165600|0,0,0.5722072382142475,0.4507620318331695,0.14822283169781558,0.1465321499099135,0.5089857560216717
chr21:32492000-32492600|0,0,0.5876554193736858,0.4511549219813604,0.6161164624440645,0.597354411883836,0.36904353797845135
chr21:29352278-29352878|1,1,0.5676491300444334,0.5566739413366987,0.15132323504254644,0.15477937984351253,0.17496878887936246
chr20:60600000-60600600|0,0,0.5715856882431062,0.5018398867425893,0.09771778324337954,0.10460440726061632,0.2455041078488096
chr20:34588306-34588906|1,1,0.4739712788061944,0.4528166287608076,0.9102341956356296,0.9087126112492612,0.7989147987569517
chr21:42120786-42121386|1,1,0.607558674605692,0.6202612796610815,0.9860707694597616,0.9850479672949062,0.8501422792839279
chr20:58369000-58369600|0,0,0.5665807489049272,0.6149359245414056,0.13616926841582064,0.14041203685798392,0.43368297248367565
chr21:29372134-29372734|1,1,0.501911502936266,0.5050426613896608,0.8830877835100694,0.8817689972384929,0.801674035833644
chr21:45128101-45128701|1,1,0.5360910753367587,0.6166560324206196,0.8442500108899296,0.848304931344325,0.9302859520592599
chr20:54612000-54612600|0,0,0.48974132951299193,0.42986159128587287,0.12373401633470553,0.12696767502259668,0.4565295555693349
chr20:17481283-17481883|1,1,0.6109049872065104,0.6211174175011166,0.9983454836682155,0.9984183329008545,0.7537431175922499
chr20:21160647-21161247|1,1,0.48120583119228294,0.37382276136057563,0.09895930655520065,0.09836053404528364,0.21849117471836427
chr20:44372708-44373308|1,1,0.5490724250223061,0.5266281014226428,0.44170970726465464,0.4743292180939732,0.543747231009948
chr21:25751688-25752288|1,1,0.4177590784154131,0.4333955666318472,0.9934308090950276,0.9938336475282326,0.6559523421902572
chr20:1895138-1895738|1,1,0.7537947680506201,0.9255897552666568,0.48023504484778257,0.4824324927318976,0.6749605310204314
chr21:33516840-33517440|1,1,0.5031751679495323,0.5523564769069376,0.949243376538877,0.9507390667209417,0.7514618613925897
chr21:32330000-32330600|0,0,0.4318313196436127,0.46640666064481506,0.2434961987410476,0.2505098752856195,0.5392966850073119
chr20:36378000-36378600|0,0,0.5749312905369988,0.4969944788429319,0.3958150097025667,0.37281968345024497,0.6328853610257509
chr20:49360000-49360600|0,0,0.561436975901142,0.4917337955283894,0.12994241584639538,0.14461464085261835,0.3090278196048611
chr20:1125197-1125797|1,1,0.5494248012263531,0.5515811515666217,0.9739501191498633,0.9760532910984938,0.859847522529086
chr20:57300000-57300600|0,0,0.530882578641164,0.5349433462046844,0.6837673566652055,0.6775987299645246,0.7753493030714321
chr20:1141000-1141600|0,0,0.4005742148674986,0.36887942642259,0.16215250662852118,0.15592332815274715,0.37672685907561404
chr21:40426000-40426600|0,0,0.5157252142963893,0.47399775984544373,0.266282100699412,0.25828594657993725,0.41936688866538524
chr20:61743262-61743862|1,1,0.6552018020155742,0.7200693600119316,0.9952708181464391,0.994971176767644,0.9229234582758892
chr20:38018843-38019443|1,1,0.4728792428130538,0.5175449342829408,0.08675247736556739,0.08806200115047932,0.353191513545784
chr20:5672000-5672600|0,0,0.5564476874698464,0.6080457058358576,0.15417788243616212,0.14810786238073861,0.46287906828558323
chr21:32000000-32000600|0,0,0.5827336982321671,0.5968916938626646,0.9490911676908209,0.9527169980195311,0.8711847795859724
chr20:21396232-21396832|1,1,0.7859929587849596,0.9809875137207118,0.9927945422061908,0.9910046477397686,0.7591208817190631
chr21:18138000-18138600|0,0,0.371598250564589,0.345617575835959,0.6112870287576728,0.6129083401789868,0.62638198585996
chr20:4096000-4096600|0,0,0.47271426451563714,0.4473230968847436,0.07170964856218479,0.07572508698605765,0.300059503952491
chr20:20483000-20483600|0,0,0.520243678894054,0.4712181862507136,0.4358036075461747,0.43595034961577606,0.9074794329811091
chr20:60006412-60007012|1,1,0.6115347471360495,0.4834085243907051,0.38487319268700293,0.37681903236647984,0.38717471133542336
chr20:1982802-1983402|1,1,0.6234479567392405,0.4672588566271122,0.8274338581390716,0.8353091183119353,0.47071727903158755
chr20:840000-840600|0,0,0.6176505752244366,0.4871549670609991,0.25019241477185267,0.2689501966694264,0.5487716219649099
chr21:17126000-17126600|0,0,0.545606728702533,0.5767905238729638,0.013294938254578796,0.01433717639489398,0.27919365997478723
chr21:31867000-31867600|0,0,0.5416424844788822,0.4077030877073055,0.48816463519089764,0.49662198811868336,0.8638202495493448
chr21:35231000-35231600|0,0,0.5002362341492195,0.41646222197382926,0.25539794686659645,0.2716289151843213,0.6407577328617429
chr21:11852000-11852600|0,0,0.46905315746541143,0.5569167635021467,0.0006348749229154327,0.0006917246344643821,0.06763101434053412
chr20:60300000-60300600|0,0,0.556842556944234,0.6350090769314247,0.6280228416871686,0.6254578793870732,0.9127747909576952
chr20:17615228-17615828|1,1,0.7227500666772413,0.67376347631115,0.8530151575477162,0.8438447340896852,0.7062311698287975
chr20:5411000-5411600|0,0,0.5111578992131902,0.47593114370247597,0.5176651347127674,0.5148007361738342,0.7285898766966946
chr20:10037957-10038557|1,1,0.43607598848451085,0.40387889428031676,0.9979660982793628,0.9980310986717047,0.5451505661477012
chr20:33385469-33386069|1,1,0.5240224773375665,0.48487419167328244,0.981315309120902,0.9804440381378527,0.5208884196754965
chr20:10189851-10190451|1,1,0.4768218204730408,0.3870677339487114,0.18848572136901767,0.16870540162870595,0.14172181849840523
chr20:21708257-21708857|1,1,0.6601268840222858,0.7818451394166744,0.9511973191466008,0.9573847849456046,0.8298285260478119
chr20:43627000-43627600|0,0,0.5100420333221023,0.49929867128306105,0.11204106463553339,0.11297407809677958,0.4396669406382098
chr20:62798286-62798886|1,1,0.6584897808380592,0.7244175713715767,0.9117617922165652,0.9222447930457387,0.8713734873889422
chr20:54165532-54166132|1,1,0.47764208743191017,0.46785000429555745,0.9751326812969215,0.9783218224236903,0.66590451612791
chr21:28831000-28831600|0,0,0.5139375488137768,0.6013272641705779,0.5375456858989275,0.5440859962230896,0.16764177801089025
chr20:33873000-33873600|0,0,0.5720772650412367,0.5071725876342238,0.29748557839366224,0.3270466589973737,0.41241298440730983
chr21:42375567-42376167|1,1,0.6729742411872398,0.6477661269248287,0.976571086753175,0.9763924005005495,0.8290831406787075
chr20:19147000-19147600|0,0,0.503243258406294,0.5176815384567388,0.10590628108967574,0.10739995262018259,0.4908604852561626
chr20:47187752-47188352|1,1,0.65274471611361,0.6949373184662411,0.853376782391032,0.8502717098585066,0.789730038024732
chr20:32930097-32930697|1,1,0.6148912861992094,0.5731374224196255,0.9818882725756508,0.9833920294242526,0.7246516662774055
chr21:14824114-14824714|1,1,0.4349358875507427,0.4142096503442246,0.5228501955892769,0.5248339113908643,0.35147306024998637
chr20:4498000-4498600|0,0,0.4476835195340036,0.43200357101800746,0.03142417796108976,0.03406966794749699,0.172309634482991
chr21:37489874-37490474|1,1,0.4559179231237173,0.5068850172130414,0.989127512706931,0.9885118657937297,0.8290583764726572
chr20:39171000-39171600|0,0,0.5233944522692615,0.3933214154711983,0.1936956068578546,0.18399144360680775,0.13756242421688447
chr20:56090000-56090600|0,0,0.4926161266719246,0.4758277717995519,0.5832491456585389,0.5728855070119665,0.4186044877705343
chr20:14085320-14085920|1,1,0.3618746055469594,0.42284655715512015,0.9136738460942736,0.9296196153704255,0.5184581424135021
chr21:11153000-11153600|0,0,0.47463991685450296,0.5474490519000392,0.005239226407231624,0.005542365601640328,0.08752896902215636
chr21:7990000-7990600|0,0,0.46167738503534855,0.5045185698773293,0.006707548675693388,0.006034441614646363,0.1844702168188971
chr20:60468000-60468600|0,0,0.5262672845637423,0.586566863522818,0.5959949395677266,0.5863833854055891,0.8469545518679437
chr21:33177000-33177600|0,0,0.5730233676830944,0.6644414607802019,0.17738082654051188,0.18124356502885727,0.5202523710313623
chr21:46136193-46136793|1,1,0.65060114513879,0.5605860579124253,0.6197665834749403,0.6141478692786494,0.7021707122161007
chr21:16181290-16181890|1,1,0.4112346765210042,0.40330087328079006,0.8059015760976436,0.8202045971502431,0.6278959489755631
chr21:39028398-39028998|1,1,0.6177889491849125,0.4789505014687827,0.6061391947149177,0.6034084317611882,0.5351339038092683
chr21:42685891-42686491|1,1,0.6748203070092288,0.8869445153630898,0.9816161196500454,0.9786738809944536,0.9739748960876016
chr21:28771000-28771600|0,0,0.5188806363389307,0.4609441762030085,0.17349982333633365,0.16603791330431883,0.36123371915155245
chr20:32079473-32080073|1,1,0.6235262574987545,0.5551171301817629,0.8518427479357308,0.8541785693502751,0.7414516093117706
chr20:35655043-35655643|1,1,0.5251825910735131,0.5918666294769402,0.9973680268999308,0.9973710563746152,0.6720711442389551
chr20:39924000-39924600|0,0,0.3977397439911506,0.4174324624951264,0.21251197630537288,0.17855638814634062,0.3605091045779369
chr20:10717000-10717600|0,0,0.5180485165642408,0.5281302954913281,0.3692637836406329,0.37795820874055536,0.6243146463534291
chr20:1127125-1127725|1,1,0.49483324343563273,0.4240268504544981,0.9500728557533609,0.952671076269063,0.5409732202545486
chr20:64195612-64196212|1,1,0.4964576094109794,0.5303105323371095,0.3643088539746667,0.3573081480518341,0.3757250587211342
chr20:40318000-40318600|0,0,0.5119898410809027,0.4605884565213266,0.12683466180925548,0.1163827541862435,0.35857102410570735
chr21:18027571-18028171|1,1,0.48007390432931163,0.47092429979026873,0.24491767043669907,0.2553119290757606,0.5207083039867305
chr20:5630000-5630600|0,0,0.5013054983366504,0.4360404656727621,0.5658798225938086,0.580544848526083,0.34671314619578353
chr20:43891000-43891600|0,0,0.4727410400585869,0.4451331998466994,0.049596561324072405,0.05386181508428813,0.1499347581114308
chr20:5106009-5106609|1,1,0.531262699252451,0.5101283660175802,0.7262300165742405,0.713244917247453,0.2643784751646133
chr21:30726000-30726600|0,0,0.4722957364491387,0.44819974576564414,0.32747449972140397,0.3660334785459379,0.29306454708505186
chr20:31489000-31489600|0,0,0.5303854544257287,0.49877790708762587,0.053127244119801534,0.05668322926506409,0.15788898663767695
chr20:48051776-48052376|1,1,0.5535098302856857,0.45895230374406354,0.5150956480482941,0.4969101906549445,0.4646850338544171
chr21:20882000-20882600|0,0,0.40789465934748576,0.40730989546262636,0.21560181431773742,0.21851042255375702,0.4280689382147673
chr21:34147000-34147600|0,0,0.5784220509995083,0.5925923635903456,0.46522298404696194,0.4888164200407176,0.4130364940090584
chr21:17258000-17258600|0,0,0.4065445171965559,0.427875168061506,0.17029268387397437,0.16577001602578634,0.4614442831899077
chr21:43525000-43525600|0,0,0.5178448089525359,0.45905219450381185,0.2112185858678897,0.19462604038801712,0.3832693007954829
chr20:723000-723600|0,0,0.6436325696106703,0.6366697730125993,0.6729780110643068,0.6822645390819394,0.849083118444244
chr20:63915000-63915600|0,0,0.5510062320501653,0.5609057599534115,0.43885244536168755,0.48153653263038265,0.8326347249382694
chr20:42741000-42741600|0,0,0.5438559377744591,0.529499866319482,0.34763056325240405,0.34798644879208657,0.18773568820105513
chr21:42010920-42011520|1,1,0.6910658029246581,0.926153546523854,0.4874156571828189,0.5072946767830255,0.9313273588726467
chr20:17969500-17970100|1,1,0.5225357579958992,0.7104329892390445,0.966554902598596,0.969041793392732,0.8870618206727198
chr20:53015000-53015600|0,0,0.5490678890610826,0.5037555309976344,0.16474627554887078,0.19820116142978864,0.3609604154446938
chr21:14351000-14351600|0,0,0.5067156146155051,0.49278076624609835,0.304412715472325,0.3133160652390669,0.48269804110108394
chr20:2102467-2103067|1,1,0.7504065981038729,0.9542653456274514,0.919022344242436,0.9312476867137294,0.8636050786533729
chr20:32780017-32780617|1,1,0.6918279827067044,0.6854163227177571,0.981509817383428,0.9815549037867753,0.5636444444759198
chr20:38217173-38217773|1,1,0.6942290404394468,0.7423489725321929,0.9882458857287011,0.9879927014732703,0.75072414118625
chr20:50075000-50075600|0,0,0.510344605481858,0.5090891169598881,0.12372259396998203,0.11551635998839249,0.24828691939932196
chr21:30069000-30069600|0,0,0.43314544247950726,0.3511024257866447,0.05715979131579668,0.05561989429306803,0.21147603198200743
chr21:33426583-33427183|1,1,0.5014957910467703,0.5271955349714927,0.6751890245482521,0.6903949140027746,0.433273809025861
chr20:18210000-18210600|0,0,0.6396249121724612,0.6922311622685325,0.010429877573879035,0.010644501097975104,0.011729502246568624
chr20:58698383-58698983|1,1,0.6935976190519273,0.698961348595125,0.9261400711819283,0.9282437686451098,0.8351822695905097
chr21:35786000-35786600|0,0,0.4364809069702206,0.3588082956629611,0.15184682571373118,0.14910211691043676,0.3940200192503894
chr21:11987000-11987600|0,0,0.45941583654087564,0.5681907984299283,0.0008295659832892259,0.0008722039146198678,0.12690038081112595
chr20:47226980-47227580|1,1,0.5759779538815122,0.5947839971832585,0.9494095248798188,0.9525754546883941,0.6931218530960548
chr20:34637684-34638284|1,1,0.5365161805241876,0.47018010468062094,0.9697591914856432,0.9686736331012511,0.617048504625033
chr20:61045000-61045600|0,0,0.5885346530514007,0.45870236437143763,0.06511072557480577,0.1308763891862345,0.07363490880571999
chr21:29763277-29763877|1,1,0.521340761898197,0.4719002393611536,0.9016433786297201,0.9019780028161946,0.387554518311075
chr21:41024000-41024600|0,0,0.5492074120817648,0.5319653361216662,0.7684315869070049,0.7462335549567873,0.5931021111919087
chr21:21972941-21973541|1,1,0.40800159697755867,0.38077551198042264,0.9821815885488872,0.9838753016276204,0.5402934163602862
chr21:25729500-25730100|1,1,0.46760255333314943,0.48851841276252406,0.9951050903660505,0.9947767363340393,0.6843175721996219
chr20:9222000-9222600|0,0,0.475313502037089,0.4656969975817038,0.24366991507901758,0.2576177076165772,0.45501796904725156
chr21:32885631-32886231|1,1,0.5564174611700122,0.5187223699796594,0.2776620415815003,0.3179882240068789,0.3794467696460219
chr21:39357000-39357600|0,0,0.42539931502565437,0.40109506716498455,0.05574274656421104,0.05097628486591735,0.5272665769622495
chr20:35759000-35759600|0,0,0.5627237824953075,0.5513480505176369,0.11711499986651902,0.11711929917092477,0.22701977870206766
chr20:43646635-43647235|1,1,0.46201006485923884,0.4000847247518059,0.5284075407434469,0.5120929997242193,0.5388949305951796
chr21:29348000-29348600|0,0,0.5056940871409105,0.5506057993043664,0.4505024009486292,0.4354082139060906,0.3299971455919458
chr20:33372396-33372996|1,1,0.4610987352087791,0.45830663218568446,0.9201636896596596,0.9111067695973898,0.3400857574118163
chr21:31345000-31345600|0,0,0.4153605243639247,0.35626420813707405,0.3216878845527819,0.31338869972415656,0.44662679860169374
chr21:17228000-17228600|0,0,0.4252045044326312,0.3500188166626385,0.021579941247401816,0.02012559736152179,0.1859876707793498
chr21:44300000-44300600|0,0,0.8320042339785968,0.9904862954160488,0.9073023704135144,0.8823428910075706,0.5949023894366811
chr20:37737077-37737677|1,1,0.5307699061865621,0.5049093146838077,0.34616856531627277,0.3547524091666702,0.45920632847444975
chr20:1375128-1375728|1,1,0.5073315221730461,0.5118439867988588,0.9178845139033484,0.9131843436931748,0.830314520479602
chr20:2399260-2399860|1,1,0.5895509613776315,0.6033972055513083,0.9900693791048054,0.9894717734307467,0.9718578159217439
chr20:49489000-49489600|0,0,0.5450207470922646,0.5005811850450129,0.2647991328895554,0.30420241068851184,0.3389900630491023
chr20:15318000-15318600|0,0,0.4033626129031581,0.40114222908586433,0.07630598687572085,0.08050839026886294,0.2689412705655204
chr20:57528000-57528600|0,0,0.45987320355228667,0.5229190071083738,0.2568180832616573,0.2559999727910857,0.4386632924905416
chr21:39462074-39462674|1,1,0.4383782935588781,0.43554179846527824,0.9875509826505313,0.9882292193966491,0.5775675308020257
chr21:15981000-15981600|0,0,0.5273414967586048,0.46786765067595537,0.007099717270044077,0.007352448338245601,0.20164900707580508
chr20:8450000-8450600|0,0,0.4281053893863628,0.4141337777203254,0.5079378874554409,0.5289927955509807,0.4238993587698868
chr20:33848166-33848766|1,1,0.6051689753797815,0.700020097479904,0.9806310353704946,0.9813902649785861,0.9344443438944238
chr21:35831000-35831600|0,0,0.562612838820321,0.5280028632349956,0.3471708113430682,0.3222941318218361,0.26285832544771576
chr20:36723000-36723600|0,0,0.5144104404620794,0.4005122041297955,0.18971730437219586,0.19025692086027385,0.22572634432716318
chr20:19053269-19053869|1,1,0.5719408619070587,0.48630375466645764,0.4042379008840795,0.4015518708134298,0.26202379276402604
chr21:21543000-21543600|0,0,0.3889574497614523,0.4115737008763288,0.30190128130401167,0.36017807037180005,0.39454221716551013
chr20:8738960-8739560|1,1,0.4700698936769223,0.4630963659263918,0.959367569186003,0.9568648835343235,0.5896814497533754
chr20:45369000-45369600|0,0,0.43550501405834957,0.4509957866824055,0.5879681693735413,0.5732746222035112,0.75530580751403
chr20:64022456-64023056|1,1,0.599609966152382,0.6271680297344437,0.9882973976187175,0.9874579610669979,0.5898955921973218
chr21:14957000-14957600|0,0,0.48778963069779446,0.4478619940991244,0.15697351698547593,0.14876813797610386,0.40004281944182546
chr20:8372000-8372600|0,0,0.3776159130295716,0.3830296268554094,0.6197875203223131,0.6241685688963913,0.6318993686890874
chr20:32706319-32706919|1,1,0.5479867934683073,0.5348732305532895,0.7466897360990875,0.7518192649012027,0.3643204151872334
chr21:20069000-20069600|0,0,0.3981407190802679,0.43395579735464657,0.46157207121598176,0.46949491185028536,0.43287180433057854
chr20:52674084-52674684|1,1,0.5335199145942499,0.4696435199292535,0.4979953573961568,0.49838295648742725,0.3746374800759993
chr20:40897000-40897600|0,0,0.583704784158459,0.5104732208490157,0.7028581505537564,0.7047876941224478,0.6075534914798415
chr21:5565824-5566424|1,1,0.4559338610019229,0.4669687317192971,0.05749429257670903,0.0513222144416547,0.26872974778027053
chr21:43399000-43399600|0,0,0.7477224928037044,0.8587888441435177,0.5063890641265795,0.4806962967640189,0.8518942338767819
chr20:4912677-4913277|1,1,0.6194850355706906,0.6563517464718371,0.9381917729402428,0.9390587501819536,0.8538685282057061
chr20:3585000-3585600|0,0,0.4989958623436019,0.4509457760312056,0.29429755655019463,0.2673275965255089,0.3643147886659687
chr20:9705000-9705600|0,0,0.4552135265802621,0.392465408338057,0.11578137177163243,0.11339865310582169,0.2803250304560034
chr20:10656157-10656757|1,1,0.5144104404620794,0.5368662735920345,0.7706643039118122,0.7491301614846086,0.7924027150478645
chr20:38013556-38014156|1,1,0.5590096910777592,0.5360373088416698,0.9542035200804424,0.9558655129192221,0.5848948583410795
chr20:63444533-63445133|1,1,0.7130738083850013,0.767291430306728,0.9939087775649468,0.9941553268165997,0.9368018070858966
chr21:15192137-15192737|1,1,0.48118630471621177,0.4544951433085694,0.37757253258657697,0.3610725979358117,0.26302722929138933
chr20:648616-649216|1,1,0.6133415077730173,0.5252951582105416,0.9964251775492149,0.9963827852566163,0.65856974097352
chr21:43028401-43029001|1,1,0.5359942534071249,0.6506283831001334,0.9191811424266744,0.9226839018914602,0.8012216215504558
chr21:39511379-39511979|1,1,0.5575159171278806,0.6629253374109129,0.5934786724853726,0.5508756663036466,0.3428355625288095
chr21:20045000-20045600|0,0,0.645165146842402,0.45885019708181435,0.061386774475909164,0.07319014536739143,0.34163035080539544
chr20:35917183-35917783|1,1,0.5423626726511444,0.5394983727695521,0.9912558609195025,0.9924200382263401,0.9019235976849935
chr20:45681000-45681600|0,0,0.5494215146122039,0.5070339906740515,0.21125250834827877,0.21114828740391686,0.12540990020107842
chr20:28993000-28993600|0,0,0.44362990812672515,0.4856112032684772,0.051224234765774534,0.06437680236982797,0.059893313425120415
chr20:44726786-44727386|1,1,0.6473041030954522,0.5897954217791018,0.9893206329760318,0.9902452657687567,0.9008310792035567
chr20:38465000-38465600|0,0,0.5665679492797674,0.5935889064278945,0.1312983723562762,0.1257028999010478,0.41183908324213275
chr20:27636000-27636600|0,0,0.46726618855633806,0.5637042607018404,0.001956749858494149,0.0021722847431311382,0.08712200912617502
chr20:51666000-51666600|0,0,0.5861021802175421,0.5881609997318048,0.13474569795828908,0.1469988612079356,0.6726128159194058
chr20:2663265-2663865|1,1,0.6208159226492403,0.6206691122750138,0.9982110381503135,0.9982369950328323,0.6922752163602925
chr20:46354664-46355264|1,1,0.6609858883002343,0.7049742357959841,0.9991209682822142,0.9992873348349429,0.9310376553276487
chr20:49810000-49810600|0,0,0.5464745086201903,0.47779605243692197,0.29740708080494166,0.29051796092479915,0.3113149944288839
chr20:49482345-49482945|1,1,0.7899538783398519,0.9467340141772179,0.9817163233983568,0.9806496415770392,0.8977778133324867
chr20:46846000-46846600|0,0,0.601649885528775,0.4781632994459942,0.22822236078412592,0.2329833099153348,0.4581880100644709
chr20:60474000-60474600|0,0,0.5107680813888098,0.45834106157078824,0.2014362751366632,0.17874074554690303,0.45212673030108647
chr21:18265653-18266253|1,1,0.4096875096385463,0.39905852292421323,0.40704952258631444,0.4264320683712643,0.42719605078329526
chr20:33399000-33399600|0,0,0.5221298313671732,0.43380638464938515,0.11944202265885602,0.11749329787173554,0.36900596256285545
chr20:22274245-22274845|1,1,0.4662420595224202,0.4444445547525365,0.44831569081015427,0.44929702837970986,0.8277680203352534
chr20:57652297-57652897|1,1,0.7371449814426946,0.8527159055742468,0.9965538191673411,0.9964668685988972,0.9189073636300636
chr20:7663000-7663600|0,0,0.47769835863379084,0.3643076259426377,0.010063483943117764,0.011572171977738464,0.05623808026761757
chr21:17767397-17767997|1,1,0.5012796619581624,0.47935062512903537,0.4757689728819032,0.4576607157162556,0.7206034202407451
chr20:58238010-58238610|1,1,0.46087758140892354,0.4548018190525231,0.8588286611136818,0.8648012696459985,0.611550383044974
chr20:3289916-3290516|1,1,0.5102584193615434,0.4689216488521609,0.7801515214482971,0.7567392763184161,0.21933874004795537
chr21:9570000-9570600|0,0,0.6203221354820223,0.5205374383417009,0.6254489221643456,0.6256910071380224,0.7234745995919395
chr20:20643248-20643848|1,1,0.37972092042526906,0.43007881741648946,0.699195833704134,0.6830901671080232,0.5132082655349227
chr20:32696000-32696600|0,0,0.5849163294884172,0.5628612346026562,0.16896480553485554,0.16670835661624875,0.21037772379686967
chr20:372000-372600|0,0,0.6245528002137517,0.508673865008822,0.5775152104324582,0.5815518084673218,0.3360243536497801
chr21:12219000-12219600|0,0,0.4570488627352113,0.518482834095127,0.0075998184444693185,0.008526809673758804,0.06282686343710564
chr21:36633269-36633869|1,1,0.5379481584662511,0.4610837228710736,0.32302185244948317,0.3240077059998772,0.4933800557757063
chr20:28192000-28192600|0,0,0.479165506506121,0.5158531865110332,0.002126375362229439,0.0024346221902081092,0.04512908583151341
chr21:27444000-27444600|0,0,0.5788133033252258,0.6318528317314804,0.19239396721786114,0.19412739872864934,0.22518970593408746
chr21:26382224-26382824|1,1,0.5153218979011026,0.555162527578188,0.2273698883903402,0.26126573445936474,0.4521626190241296
chr21:19258000-19258600|0,0,0.3368727065740813,0.2573426296932333,0.5951198063036474,0.5961899116473179,0.18182780747308427
chr20:48966000-48966600|0,0,0.4302160568510183,0.43424877396864925,0.24920307046735243,0.2193005833274152,0.7058936997061002
chr20:16777000-16777600|0,0,0.47742140900782715,0.4032815871825072,0.5272277268313782,0.5133177167871881,0.6133136037092922
chr20:59931853-59932453|1,1,0.5092745478677428,0.5786914001457288,0.8207695887483045,0.8175849406182432,0.7923212187153105
chr21:37492716-37493316|1,1,0.4143413312483821,0.4346006060163786,0.9595061303806801,0.9594026112814101,0.38625985358136905
chr20:20052421-20053021|1,1,0.6384637763456456,0.8611694647888163,0.9194930475122048,0.9153513373514371,0.9703420107309602
chr21:42807000-42807600|0,0,0.571791202190506,0.6224318592661862,0.11455027413534033,0.12861437066985582,0.5184951260250227
chr21:34142107-34142707|1,1,0.4675476561913128,0.46761553744473705,0.9876747771029762,0.9888934710150646,0.43611350492322837
chr21:41186041-41186641|1,1,0.6248556747778273,0.5982800875181034,0.8699158165504584,0.8737412578389673,0.6650561953043816
chr20:39786000-39786600|0,0,0.4880312917275868,0.4340075913438834,0.2153589409708382,0.21978399506608226,0.1957054301515814
chr20:900000-900600|0,0,0.5617150103870774,0.5597984404084201,0.3150518728636075,0.3227366165806828,0.48322860980587895
chr21:11117000-11117600|0,0,0.43886633309197,0.4143842401147212,0.025394872934148747,0.0336051976848915,0.07660029757417226
chr21:46396964-46397564|1,1,0.5838365593946522,0.6934092378917153,0.9991586774229494,0.9992204182439315,0.9320532919044944
chr20:2795115-2795715|1,1,0.6595884023581797,0.6839477344227076,0.9996149829107246,0.9996531257652764,0.8880657313506313
chr20:59515316-59515916|1,1,0.6499649804418937,0.7022632275643365,0.5116587907431915,0.5008089933675944,0.8478369040484652
chr21:43039000-43039600|0,0,0.6754748391214067,0.6222764041162564,0.407555936637036,0.4093646879995863,0.7290711906056425
chr20:22414000-22414600|0,0,0.4721203856245321,0.4295572990807314,0.6093560621468125,0.5874579217722904,0.6130214658121754
chr20:43921000-43921600|0,0,0.6102794135839738,0.4849505049761099,0.5953103625310183,0.5898031345225458,0.6672208134772911
chr21:7555000-7555600|0,0,0.4708476664448633,0.4236241787400739,0.009624164123374699,0.01034195779435128,0.1921626133442983
chr20:64024254-64024854|1,1,0.6268309877426946,0.5641234630287041,0.9851025562596553,0.9864010773242274,0.8025097382963857
chr20:839154-839754|1,1,0.5832965633528612,0.6605593872140193,0.7317424413663257,0.734849303516067,0.8303195380194376
chr21:33291000-33291600|0,0,0.6096845698408492,0.619913434068651,0.14076292501625468,0.14469921181441464,0.10311200766118188
chr21:33312000-33312600|0,0,0.4252045044326312,0.47931774147462586,0.06967643974359751,0.06987330313735732,0.5708995448152399
chr20:27096000-27096600|0,0,0.47638360458782286,0.5089665715257428,0.0002350522551207782,0.00027062829141722686,0.04645473379520715
chr21:21294000-21294600|0,0,0.400528113502328,0.3845583090624956,0.715558424751823,0.7239679513672467,0.42268320268217063
chr20:14471000-14471600|0,0,0.5749920203590914,0.48425413038746273,0.11946023091827265,0.12063067044109771,0.3144469264855023
chr20:44114575-44115175|1,1,0.6480423727348034,0.5896444664492663,0.9382023816477489,0.9503131182116089,0.7015189983925004
chr20:11132000-11132600|0,0,0.44421677846670377,0.4587054873725501,0.5624543863420495,0.5624458626355703,0.7175338993621799
chr21:21870000-21870600|0,0,0.40227535131395814,0.3843622117141903,0.044535717783593075,0.044176586216406806,0.15297275627549378
chr20:5702000-5702600|0,0,0.6535598985867744,0.7719726066059731,0.008208925644730185,0.008370159177548393,0.507350933864202
chr20:36442426-36443026|1,1,0.643916099008733,0.504850140617126,0.8743154893052775,0.8560226845199788,0.32212380399777296
chr21:43475738-43476338|1,1,0.5267776703530811,0.5219227507614692,0.2221113642266722,0.21769349437276378,0.27340134222305273
chr20:8585000-8585600|0,0,0.5413238082709291,0.46681686818826396,0.2599297568134713,0.27703193745844595,0.5918443287895963
chr21:38450000-38450600|0,0,0.48339896457514836,0.5480263143480992,0.2723524000799631,0.29697820159477917,0.252245872235814
chr21:18294143-18294743|1,1,0.4920969781972726,0.4709695406661061,0.9580012137970245,0.9576421994474722,0.8105246584811119
chr20:12465000-12465600|0,0,0.4413124493127639,0.44314975754577923,0.08691134213458643,0.08414004629857193,0.3610648555256142
chr20:39057000-39057600|0,0,0.5681167298902946,0.5768382311977777,0.6587453300766676,0.6554115781347669,0.7843310543989728
chr21:23961287-23961887|1,1,0.5319284652044959,0.5136280408720346,0.6215095009794448,0.6203609378397207,0.7189670376497909
chr21:29987000-29987600|0,0,0.3785849222951232,0.3500251433487911,0.018961056602201338,0.01752140402203893,0.4024136241613012
chr20:8736727-8737327|1,1,0.4214149618529987,0.3539546207071224,0.9292240401336437,0.9321939100308857,0.23673569207062514
chr21:9343207-9343807|1,1,0.5485191727490294,0.5698742051371057,0.36990527856883887,0.3454096441319727,0.35180177393749856
chr20:29423000-29423600|0,0,0.4998079200224887,0.45749155041368444,0.7852633376331519,0.7893790533566982,0.4453151700944067
chr20:4069973-4070573|1,1,0.5162701472905716,0.39840405998665385,0.12901343769498486,0.12928316113261404,0.6207716250459377
chr20:51004505-51005105|1,1,0.7353625714639714,0.8516408902244561,0.996475048622954,0.9966134495198762,0.931514446230271
chr20:32532115-32532715|1,1,0.5708996314564518,0.5323666233613857,0.7250534987924051,0.739488049859191,0.3961895653877618
chr20:7972000-7972600|0,0,0.53299646341867,0.4347871458069161,0.3258062842765587,0.31882026977461847,0.33505337565336757
chr21:10555000-10555600|0,0,0.5120913059256956,0.5359595117479475,0.08449835859660886,0.08152024086806099,0.1663390307619174
chr21:7936000-7936600|0,0,0.5002055722543713,0.4719572138517461,0.008344507623335717,0.012867691773117161,0.01653148234651797
chr21:32363028-32363628|1,1,0.5971900382466796,0.5268100286086583,0.9925091140328967,0.9924671677148192,0.6693903806412728
chr20:2846000-2846600|0,0,0.5363005081206451,0.535878174195115,0.08254844002872204,0.08613671925742086,0.12239691127906535
chr20:59660000-59660600|0,0,0.5945381106772926,0.6422627269991884,0.13764134940511183,0.14255261361779392,0.49831329452770023
chr20:5426915-5427515|1,1,0.49338197315256815,0.414471524513016,0.5026076799209939,0.5169112836926738,0.5288253814295435
chr21:24906000-24906600|0,0,0.48396360631858476,0.45898525689658753,0.2615052682239586,0.2565798045413826,0.4605253118146342
chr21:7825000-7825600|0,0,0.5326916081701542,0.44461514967280175,0.31095117643962733,0.3501867839567074,0.4825977686995061
chr20:44418124-44418724|1,1,0.6306212847969465,0.5418673356890275,0.805772077428838,0.7876090562758987,0.4771568627588188
chr21:36385759-36386359|1,1,0.6013273247164639,0.7216609065280412,0.9103898447805101,0.9120728949423514,0.8626552015525953
chr20:18894000-18894600|0,0,0.43187137671089887,0.4370916074448653,0.03220342183466198,0.04306647154342813,0.12415891671231342
chr20:33318000-33318600|0,0,0.599609966152382,0.5615251938655708,0.5463107514329905,0.5186822402282696,0.6640650728530836
chr21:39780000-39780600|0,0,0.39917996180628773,0.389935076376765,0.2460828224666264,0.24848254748124765,0.4341684008472985
chr20:2447000-2447600|0,0,0.5888065524041222,0.6119713082848306,0.030834939884358748,0.030407760471771943,0.2620882620361441
chr20:10907340-10907940|1,1,0.39991894859589433,0.3942962659479092,0.3472068664501534,0.3366479934916842,0.2577460873707758
chr20:4465000-4465600|0,0,0.45506912453121484,0.3907994526727035,0.17768519590268267,0.1880613418499596,0.5511273037891375
chr20:33714435-33715035|1,1,0.5687703415587771,0.6341176783596408,0.9371615271403871,0.931971809125625,0.508924385643226
chr20:62828463-62829063|1,1,0.7230534006523234,0.7562427258261931,0.9723057462100066,0.9677848591262388,0.7723874417869429
chr20:1741181-1741781|1,1,0.4995157469369446,0.5652776262250273,0.6508917839803466,0.6100722258805759,0.2377675547107605
chr20:58250651-58251251|1,1,0.4844079217295736,0.4346088509442057,0.7033557679810007,0.6928661197371103,0.32935644168577716
chr20:56093000-56093600|0,0,0.5102405121752634,0.42544727930168064,0.07479582635933221,0.06277216216097051,0.0959901387812487
chr20:34291230-34291830|1,1,0.6520556511210808,0.6679425097229629,0.9223236709256679,0.925437203292172,0.4704384956401772
chr20:60154106-60154706|1,1,0.3710590536428845,0.4486115457029395,0.06887700154361438,0.07260233365390288,0.39846262723304166
chr20:44396000-44396600|0,0,0.5959699273105866,0.5497825201757824,0.3178322762483904,0.30979178578579486,0.5900105122738387
chr20:62642059-62642659|1,1,0.8042082534919229,0.9786755221375066,0.6050697437149988,0.5857498129113878,0.8625228754695585
chr21:33976084-33976684|1,1,0.6347287401550102,0.6286381074736773,0.45613165982762927,0.45567070137985893,0.6372279554989645
chr21:16798000-16798600|0,0,0.4355258254360945,0.4558113586385653,0.36712155872836927,0.37595107230921576,0.5825675555181985
chr21:24576000-24576600|0,0,0.4383782935588781,0.40239279136268197,0.037185838433501456,0.04351547811494665,0.3842337339945879
chr20:33644046-33644646|1,1,0.639277323400799,0.6621445699107762,0.9970263878791634,0.9965064687366778,0.8618447866244282
chr21:32676054-32676654|1,1,0.41859546586374996,0.4124563883914082,0.8327423614468745,0.8211774893163089,0.6872773133639144
chr21:46243106-46243706|1,1,0.5945674725508161,0.5743016049234365,0.9467095861334918,0.9431017244380185,0.6289589782131282
chr21:15397683-15398283|1,1,0.5618757386288148,0.5518819588236868,0.08613459622688563,0.09000264235531205,0.19148395981582647
chr21:39981000-39981600|0,0,0.4737996469623917,0.4624640279242663,0.6223033773718578,0.6137729352038422,0.5162017039635953
chr20:10298967-10299567|1,1,0.47197896524381866,0.520450268976294,0.9677039941536997,0.97175415858885,0.7986716973819511
chr21:33984000-33984600|0,0,0.6156003657149868,0.6369370203216685,0.5811381967645778,0.5688951931479499,0.8175378477626218
chr20:3669069-3669669|1,1,0.6746688712935407,0.5080664036659196,0.8631400349339943,0.8743454306562025,0.5466909576493866
chr21:27768000-27768600|0,0,0.45785466735777575,0.4398794406226966,0.03807425447087155,0.04461571412339878,0.12940916116502282
chr21:23846000-23846600|0,0,0.5229541300890382,0.5089515331403346,0.06989321835375575,0.06868323014135752,0.24340835616100995
chr20:56882000-56882600|0,0,0.5542095256598313,0.5976016926709112,0.35537296765966864,0.37655117509838937,0.5833157345857672
chr20:61393000-61393600|0,0,0.6137280154886773,0.6857695293270253,0.6811080665547756,0.6805607979706619,0.93916862969526
chr20:2963971-2964571|1,1,0.4545099749089012,0.3572486795938329,0.9095295535236875,0.9155589722357078,0.42056411465829996
chr20:11954000-11954600|0,0,0.49322281882242447,0.503450337425492,0.396337295422161,0.4016067565503469,0.36029745485157466
chr20:31813000-31813600|0,0,0.5255127408726628,0.5352037872383586,0.20149586381738346,0.23324358304316406,0.18317071507489388
chr20:8708369-8708969|1,1,0.42405208821725743,0.41245216434105714,0.942445428841661,0.9363426255841417,0.7204157311446042
chr20:21612247-21612847|1,1,0.5409089041666858,0.5333015668458219,0.6875175216609298,0.6984350509280315,0.5983757662733872
chr20:30324525-30325125|1,1,0.5836366915349254,0.5695988739499251,0.598343100761671,0.6132657183595561,0.5970415288291769
chr20:54960000-54960600|0,0,0.460263478979062,0.40290277932026014,0.09493726013111853,0.10438444294638206,0.4803066050467904
chr21:42561777-42562377|1,1,0.605192174970894,0.6344625497460239,0.9538440334184944,0.9519685569571116,0.8307595013094012
chr21:42528000-42528600|0,0,0.5516423528672716,0.5246768829462383,0.5540223585961015,0.5365061249182322,0.7662659521575882
chr20:32216308-32216908|1,1,0.616386834527585,0.541459491095284,0.9478545423985361,0.9464519586053761,0.6142757063147866
chr21:17835525-17836125|1,1,0.44553592560567606,0.38418941223723946,0.9909104002451133,0.990960783902824,0.5691713120397234
chr20:23747598-23748198|1,1,0.6632424386065479,0.5633638002327507,0.7998408755864619,0.7890410782634011,0.37645869854822833
chr20:3369000-3369600|0,0,0.5241286825644333,0.6432910073210526,0.16528261704657227,0.15419201342699987,0.4371754102777748
chr20:63144446-63145046|1,1,0.4426858571842654,0.41584851370726006,0.25670988354272334,0.2640964408231966,0.4397309885051354
chr20:33813000-33813600|0,0,0.536259500978184,0.5548606096707818,0.3672832583815637,0.3575508663632661,0.5889142677703523
chr20:23117000-23117600|0,0,0.556773809621962,0.4847235948016263,0.3263637100023345,0.31085240384168733,0.7188361818724318
chr20:60354000-60354600|0,0,0.5073679720927537,0.5157068014345684,0.47444138831492216,0.4791397565370907,0.7101821993787414
chr20:6087582-6088182|1,1,0.4232132126164595,0.3976965851123855,0.8867506213768437,0.8888349278325115,0.3098133571221839
chr20:25906000-25906600|0,0,0.385993744003219,0.37380881936005683,0.05140672142178995,0.0470423405710843,0.15865907830129058
chr20:34727106-34727706|1,1,0.4928871210265387,0.5625277868585252,0.972402688347333,0.9673749907403585,0.6275595791187722
chr20:44006246-44006846|1,1,0.6611858235245408,0.6557383400254201,0.9957593903860156,0.9956047994601748,0.7684753585732003
chr20:58045000-58045600|0,0,0.5863548252706122,0.5274129563853635,0.628809602721611,0.6129488581436389,0.6550722397047305
chr20:44762000-44762600|0,0,0.6388637273814738,0.5477766121520529,0.49308599700680256,0.48507881572227485,0.44093375524891826
chr20:45705562-45706162|1,1,0.5055206763473507,0.42279973884897676,0.6503369621892016,0.6586201958044259,0.35869197515832013
chr20:5084000-5084600|0,0,0.5528008453034475,0.6373856482362705,0.08737604412365615,0.09204285422414986,0.2748602699705975
chr20:64227114-64227714|1,1,0.6647176801336186,0.7353952868485688,0.9565875791804528,0.9558932518373275,0.8697909884971319
chr20:12474000-12474600|0,0,0.4092023257163559,0.3644626892365101,0.16875317684874566,0.1687640011958373,0.25524163949666034
chr21:11459000-11459600|0,0,0.4626187985059594,0.5263903112011575,0.06131058460763592,0.06187758350826595,0.15701415986602515
chr20:9562723-9563323|1,1,0.5097988363137486,0.5285245231184185,0.9873647368290372,0.9885671074000255,0.5863003294587055
chr20:47648704-47649304|1,1,0.542764695464913,0.497853349312554,0.9103410166018261,0.9124391960430295,0.6607959274757713
chr20:9846000-9846600|0,0,0.4030711714137757,0.38261090749009935,0.042436907182428665,0.042700486195756455,0.25417413643005693
chr20:36255277-36255877|1,1,0.6617261606863803,0.6311362175763389,0.9722080378572685,0.9737526858845126,0.8444289401779369
chr20:50771000-50771600|0,0,0.6286706165268023,0.5433446710902801,0.2231772834197883,0.2104738873663083,0.22260355228201767
chr21:46553868-46554468|1,1,0.6489547864822859,0.6678669621993617,0.44560083096396874,0.4476148675467418,0.5652433084357588
chr21:26503281-26503881|1,1,0.3869302961089417,0.4198328746685514,0.4554583560205869,0.47618781012421474,0.6283573041478844
chr20:36682277-36682877|1,1,0.5247950163663672,0.4936053922183499,0.6159160004412546,0.5985704285349556,0.727821148266865
chr20:35658681-35659281|1,1,0.4763886526501494,0.5223102162660649,0.8784022709954691,0.8730946437631061,0.38275306339933196
chr21:42777696-42778296|1,1,0.6102691348044009,0.6724944056084249,0.6907127562988551,0.676044207340275,0.9007651999291925
chr21:32087000-32087600|0,0,0.4412476716063881,0.4269577924282966,0.23676105527994815,0.23321397275048122,0.4383265318287142
chr21:22009057-22009657|1,1,0.4031676581279528,0.39139953660761845,0.8697260783965273,0.8662375079470861,0.4499204610272213
chr20:16933000-16933600|0,0,0.45834386238799185,0.42550606637802657,0.042185360943938856,0.04052800188199798,0.2012263559767476
chr20:13915000-13915600|0,0,0.5623181909024538,0.4936897374582816,0.4177686545190124,0.41102617775658623,0.5443510724619806
chr20:49252529-49253129|1,1,0.5054554428069268,0.5005221341074769,0.9414181595524833,0.936797811576574,0.6151154364160827
chr20:9570578-9571178|1,1,0.5162785641138417,0.43462686831740965,0.32571648231628364,0.34135743983702305,0.5802324257036255
chr21:42693000-42693600|0,0,0.645649114975039,0.7675139721312036,0.2249331262326564,0.20906406275418304,0.495090591745947
chr20:38376324-38376924|1,1,0.6002087613309557,0.554760672631869,0.7894602646556721,0.775105941908125,0.8838121580826286
chr20:27696000-27696600|0,0,0.47403358042857136,0.5454407774796683,0.0009063486515621444,0.001049574569978749,0.09661536507121977
chr20:24528000-24528600|0,0,0.45968150251909273,0.47532336780061824,0.1394774056490177,0.14086591660397554,0.655943425282856
chr20:58961857-58962457|1,1,0.5677464947963224,0.4960918526383586,0.08049103456024903,0.07923775192614219,0.4246413465950718
chr21:37144224-37144824|1,1,0.43523434683618045,0.4776029375173102,0.9937225602881035,0.9940301903917027,0.6596750512642564
chr20:27711000-27711600|0,0,0.4638851989836577,0.5646061035849665,0.0013163198329171314,0.001468315179177807,0.05604854718071783
chr20:62193115-62193715|1,1,0.6148912861992094,0.6997312858618041,0.932400787095614,0.9296920739115041,0.880560780705696
chr20:31057000-31057600|0,0,0.45548491191149565,0.32434821606046804,0.1433573777595484,0.2073523774528805,0.014081488350430379
chr20:22684547-22685147|1,1,0.6340887923088326,0.5811579518697642,0.40818268215805725,0.4285860147903327,0.6180310802366576
chr21:7084944-7085544|1,1,0.4969631923816156,0.465491156777798,0.1501255355312795,0.16172925717210382,0.3849139059960719
chr20:52996000-52996600|0,0,0.42297472861893226,0.4111618359224504,0.39945284858239144,0.39252909977130407,0.4861652567082828
chr21:41867076-41867676|1,1,0.595639503145196,0.6212162401900787,0.44918020268289044,0.45280535387471027,0.6052898989761694
chr21:46363179-46363779|1,1,0.5273458487798346,0.63645801465371,0.9978971287728357,0.9983332311014629,0.932553412461984
chr20:30171000-30171600|0,0,0.45171523492326177,0.41192259663433234,0.5278099896550428,0.5104564853721826,0.5225575319446619
chr20:54702000-54702600|0,0,0.5815484369768134,0.6215622262102591,0.30880789285841975,0.29810005229182934,0.32740984987667
chr21:46388441-46389041|1,1,0.7012706508624788,0.7994186498695233,0.9794702047486811,0.9812752057946444,0.9224056424641741
chr20:16379862-16380462|1,1,0.5117320373790433,0.5821535437099323,0.9992410026769324,0.9991764758654904,0.8962551010347611
chr20:38717000-38717600|0,0,0.6274672166910397,0.5677558583226635,0.18262360755933715,0.18085244246854937,0.4896730354404314
chr20:60001042-60001642|1,1,0.5647715855401131,0.6389596702577699,0.5074110422732481,0.5210860212962006,0.7475192410897942
chr20:62672000-62672600|0,0,0.5689172375077345,0.6738813345681911,0.8083852048132265,0.7955424682579961,0.805289352781219
chr21:38126000-38126600|0,0,0.5215166528069491,0.5359873350555812,0.321750932411879,0.3152468767750714,0.5800866209074713
chr20:57202322-57202922|1,1,0.6463396706901716,0.6775408655156759,0.9747165798549552,0.9750725884217132,0.7810898714595333
chr20:3489000-3489600|0,0,0.5286281965031716,0.47498504488074644,0.2727284586670817,0.3022499208535625,0.19760971675435368
chr20:13693000-13693600|0,0,0.5808235625935946,0.5731380925733723,0.35626018409860055,0.33985685789788256,0.6726180598593161
chr20:48471651-48472251|1,1,0.5722336936625061,0.5846651088113769,0.7359850086128551,0.7434105511145037,0.3735778317673401
chr21:23111000-23111600|0,0,0.4837184603308233,0.4628072504186574,0.21292597173726172,0.19434013326680416,0.759035409733455
chr20:34624000-34624600|0,0,0.5234698624927766,0.46130330917857304,0.3687504338477887,0.38082530664738434,0.2726854682671348
chr21:15123460-15124060|1,1,0.48848017536186544,0.46850516600755754,0.36133533666508183,0.3521903972644159,0.39856874740324816
chr20:29954000-29954600|0,0,0.4546775255989713,0.48143684500304235,0.03169430066823431,0.028717940663079995,0.030347574707559333
chr20:49069904-49070504|1,1,0.41582855791841855,0.3544319290019359,0.910469609039672,0.9021773269538285,0.5675100814269859
chr21:9711000-9711600|0,0,0.4910786826013637,0.4315688069284143,0.258650844352588,0.2544485537071324,0.2826461761569437
chr20:57503300-57503900|1,1,0.6140409654038226,0.7472792140103905,0.8197178302112155,0.8401208388540237,0.9410788015785826
chr20:4360000-4360600|0,0,0.5086189514436235,0.41825469948328853,0.06173206519139207,0.05746298664293899,0.21530235604739012
chr20:34643925-34644525|1,1,0.4910724623624635,0.4244410246839441,0.8933870307815526,0.8860621536148974,0.5155807430894782
chr20:20635316-20635916|1,1,0.40642392619827994,0.38124482241480867,0.9772146987557601,0.9750952780038267,0.43614497998849694
chr20:57072000-57072600|0,0,0.6107702758861119,0.5727742443534666,0.3318565130054869,0.3219787460746698,0.3765010910217765
chr20:23828000-23828600|0,0,0.6196632682140056,0.47751546722166915,0.33226017065864477,0.3134361293642803,0.6309782768900467
chr21:32183000-32183600|0,0,0.4805718429115976,0.37655607666458735,0.4267725648614795,0.44769433617891347,0.27480125067755595
chr20:28672000-28672600|0,0,0.4441031523814393,0.5024533239154155,0.010659399823008136,0.011917938484460764,0.09728228605605281
chr20:36175250-36175850|1,1,0.6438936038246296,0.5704826769461576,0.9874120107293084,0.987080334941224,0.6830288171532463
chr21:46528791-46529391|1,1,0.42306952702055994,0.4857507479015611,0.9514266974068424,0.9504895326488833,0.6509327260997306
chr20:6119271-6119871|1,1,0.5106363780968676,0.48502090343747356,0.987650767794768,0.9866690627858264,0.7448212975578842
chr20:33640040-33640640|1,1,0.6088433866178841,0.6845725553831925,0.9962978179785211,0.996499996215598,0.950968309348771
chr20:32898192-32898792|1,1,0.6092106394445359,0.5674338975461348,0.9633350638880301,0.9660171715348123,0.8354449331486163
chr21:14666000-14666600|0,0,0.428785536571504,0.450945837852492,0.29689721370252303,0.29593536013908767,0.5873300938786896
chr20:36940810-36941410|1,1,0.44737626460371965,0.43681724138857353,0.3106378338409524,0.3218841095505658,0.28959343912093755
chr20:44429222-44429822|1,1,0.6278762202210567,0.6094976766099637,0.9137361782339087,0.9195971979805486,0.7467849728255284
chr21:30960000-30960600|0,0,0.5302660955749741,0.48374870308574025,0.15831328597900185,0.14914999861550352,0.6175461466038943
chr20:9714000-9714600|0,0,0.40679602984626206,0.3991182367858101,0.4117253311456042,0.4089356955413309,0.5431933412354153
chr20:43673505-43674105|1,1,0.5969737858577409,0.5218426783977321,0.9939335476159915,0.9939960985792722,0.732871438016288
chr21:33063975-33064575|1,1,0.5943169419492852,0.6280490901741053,0.8992416244977288,0.8975707515057881,0.8343943597985446
chr20:10420457-10421057|1,1,0.4746406435708135,0.4373617914640111,0.9886344309231369,0.9881595167480033,0.77906340045056
chr20:10114000-10114600|0,0,0.5017217750054845,0.47218818197296375,0.19776983614362284,0.20163141371157217,0.26089749692855674
chr20:48228000-48228600|0,0,0.571510320014578,0.5798187276187682,0.4854152339196636,0.5137259046242425,0.745911389445959
chr21:42633000-42633600|0,0,0.6605184179624645,0.6534317002660296,0.3579651028766722,0.3620748045119855,0.8604029532398575
chr21:25601166-25601766|1,1,0.4129470607635955,0.4104345857132895,0.9653000621759007,0.9685984457472261,0.6048087890641751
chr20:21205190-21205790|1,1,0.5098485716915705,0.5610575414883382,0.9619340357832186,0.9590976291439547,0.6144693358642763
chr20:22669219-22669819|1,1,0.5004771558340706,0.4093776407249629,0.27670643177829507,0.28836372457202863,0.4735739142762874
chr20:5594000-5594600|0,0,0.5740886281376656,0.6374845802878099,0.04577360511592972,0.04493233292662784,0.2985265498832052
chr20:19606000-19606600|0,0,0.5214707916242819,0.3782670595824294,0.2117877470064299,0.20387388048449598,0.32617745626404543
chr21:33945509-33946109|1,1,0.4698151050199962,0.45473778450766716,0.0678410387665663,0.07193463926856145,0.20054443382281054
chr20:24942000-24942600|0,0,0.5249713510403204,0.35881166730334635,0.11494841734505055,0.10317740515870179,0.20358691215774968
chr20:31481986-31482586|1,1,0.6302905143536452,0.5451195294854784,0.9906894110619108,0.9903707602680175,0.7824782200183602
chr21:21906000-21906600|0,0,0.4739712788061944,0.46068643031579165,0.14499368814738045,0.12630703267654872,0.4357392470463312
chr21:33624459-33625059|1,1,0.3911527926558209,0.39296242866589526,0.8236171835512227,0.8242614969138092,0.2504813650214395
chr20:63924000-63924600|0,0,0.4756760612102521,0.5516883732076912,0.18115329788246995,0.18605112230658094,0.4281949995321205
chr20:51607283-51607883|1,1,0.576247067127696,0.5967377371955118,0.9853512247597084,0.9851885347839486,0.6542029591874339
chr21:12612000-12612600|0,0,0.46151789020789713,0.5234096788755287,0.00028292512884171936,0.00029932277256856417,0.1640160932925415
chr20:60021000-60021600|0,0,0.4946765233637471,0.4142026774609909,0.08499480570726281,0.07937775141234389,0.5142387830714267
chr20:53543000-53543600|0,0,0.575629141343959,0.6148815354881128,0.09901923992458239,0.0901676311048797,0.24792938666094425
chr21:23948000-23948600|0,0,0.4930760626699193,0.5122325081234721,0.24940912295062267,0.2525849655579398,0.2200998433960205
chr20:36525265-36525865|1,1,0.6416946867786519,0.5669553670556526,0.47295314581573344,0.48057886870806854,0.6297645303501155
chr21:5372000-5372600|0,0,0.45850130834846803,0.38947816252255574,0.022530423532876806,0.024839555773080765,0.04374250646585271
chr21:23933000-23933600|0,0,0.44926742032737543,0.4498209737118047,0.5714094295059674,0.5540126115649064,0.6884456418055784
chr20:2066000-2066600|0,0,0.47730230947990393,0.43862479685071626,0.39579632340040094,0.3985458068197531,0.4397715136960611
chr21:8042000-8042600|0,0,0.4486707097812366,0.5079934532859052,0.007018185048171867,0.006117847870347318,0.18154915464932306
chr20:36439453-36440053|1,1,0.6775727291535414,0.5965172439700474,0.9732120916167253,0.9732711521455559,0.8507454788713223
chr20:14900000-14900600|0,0,0.38646030220898886,0.4382091582016442,0.11687007846543535,0.1102593606118478,0.4579335764574341
chr20:33360190-33360790|1,1,0.5448759438071202,0.5100045459308382,0.938822112966847,0.939080307691927,0.5444379805073725
chr21:24426720-24427320|1,1,0.4078875444959175,0.33243579684883773,0.33685948817711187,0.34334421211693883,0.43373418203911274
chr20:30702000-30702600|0,0,0.424270328387901,0.3926158416914052,0.4258253080756961,0.4013838255245011,0.21901378810185082
chr21:29348000-29348600|0,0,0.5056940871409105,0.5506057993043664,0.4505024009486292,0.4354082139060906,0.3299971455919458
chr20:9577059-9577659|1,1,0.5118754749190617,0.5382683857240546,0.6589893611418088,0.6726947231567757,0.5104508236813351
chr20:19964651-19965251|1,1,0.5553147693907196,0.5743923037955116,0.9316651042296321,0.9289838756767775,0.9212367546348743
chr21:36754116-36754716|1,1,0.607089540942152,0.7145447459697809,0.9940564989903671,0.9944408769115342,0.9617655142776913
chr20:7330000-7330600|0,0,0.40147260697813664,0.46350849698339447,0.40134031886890703,0.3840245917545438,0.38154905028795333
chr20:59982622-59983222|1,1,0.5189500504560188,0.4959190414734382,0.9918862241273223,0.9924809210295332,0.7297689698720284
chr21:14743072-14743672|1,1,0.40631231397524875,0.43376957421320084,0.6744984946605221,0.6466879911838932,0.4202345375743416
chr20:27243000-27243600|0,0,0.486342952721425,0.5382641744104237,0.002073228428991403,0.0024255628078145622,0.05961556001403019
chr20:32174000-32174600|0,0,0.4264410798127817,0.44043354347491404,0.05173720818285293,0.05431964911990431,0.12369977894693208
chr20:34262531-34263131|1,1,0.589406441610544,0.6066359141090332,0.8727306190499584,0.8798794877404805,0.753683085525303
chr21:11855000-11855600|0,0,0.4584261332382111,0.5376622117669518,0.012118354118141399,0.012848205419729593,0.06379312278853164
chr20:28435000-28435600|0,0,0.46196961732875214,0.5385898240134015,0.0022473732504354436,0.0023921035905979248,0.06807941165537901
chr20:18493762-18494362|1,1,0.4794254042735098,0.48354979040309143,0.9672844677019684,0.9652570112174543,0.7106645634777959
chr21:15567687-15568287|1,1,0.46348140452674724,0.4130530963773336,0.10330441252136958,0.09859352051042415,0.18535067472169336
chr20:4174729-4175329|1,1,0.6718795108938721,0.7256318540181572,0.970057047808962,0.9705906199890005,0.8148151897280522
chr20:6052503-6053103|1,1,0.7272364424526454,0.8695689504950637,0.9967896781833314,0.9964277788060195,0.9591712286298987
chr20:63696459-63697059|1,1,0.7506434875949674,0.8344415942794194,0.993892779714033,0.9936485206992045,0.9210109610519926
chr20:60360880-60361480|1,1,0.4916125683567212,0.43705260777949606,0.30557096865671135,0.3058369350874972,0.6559661669373601
chr20:28630000-28630600|0,0,0.436217479471314,0.4110317750788597,0.08448687120617203,0.08026101890354473,0.2766831191407988
chr20:63619153-63619753|1,1,0.67500942481101,0.7662753536897832,0.9481636150500719,0.9466787403344087,0.889963898154952
chr20:57610066-57610666|1,1,0.6954951069476925,0.7151517328623137,0.5101104766332026,0.542565256896198,0.8536137688978546
chr20:1534140-1534740|1,1,0.47623323712481663,0.435277643961425,0.31871709707011564,0.29292828590698494,0.7376735798326599
chr20:46040072-46040672|1,1,0.6118580582233271,0.5223792301186029,0.9928410815293398,0.9936655499142348,0.8105360759725628
chr21:21418172-21418772|1,1,0.3931190692280104,0.3896333486357301,0.8896195951855919,0.8922680751108577,0.36648522759736624
chr20:13597000-13597600|0,0,0.4856708459633486,0.42474457043062974,0.029279312212158643,0.03161727632193848,0.15163357596489307
chr20:18070540-18071140|1,1,0.585257211764811,0.5829140209610691,0.2255078625887432,0.23710008401669694,0.7165058922434079
chr20:51454387-51454987|1,1,0.5442689305700581,0.548257159728686,0.9961342536922103,0.9962172547987975,0.6158676068210754
chr21:23930000-23930600|0,0,0.36366130580558076,0.41024988335413387,0.34687951129394706,0.3391778155396726,0.4666041349914757
chr21:17651000-17651600|0,0,0.5575343978766792,0.5780123891881671,0.7844489672703071,0.797645655661342,0.6708532615412716
chr20:33177846-33178446|1,1,0.6091587653552915,0.611908614560468,0.8852706415291394,0.8871224746215132,0.6879509083001336
chr21:40873000-40873600|0,0,0.5227025941976464,0.4020370108600359,0.10288891030315339,0.09565464693935831,0.23519398403052266
chr20:63726000-63726600|0,0,0.5680305127451158,0.6417635861650605,0.03993722618874077,0.036382079656672624,0.16535474422334445
chr20:54816000-54816600|0,0,0.4554945903375431,0.41100219559446854,0.17495795123608182,0.15139057449027152,0.2864528974927314
chr21:21171000-21171600|0,0,0.4293465019450561,0.38937710585867313,0.07931914000417342,0.08256085926241338,0.35799819484771117
chr21:41576124-41576724|1,1,0.520410209768066,0.4717875073534579,0.4258036520691669,0.40694648151334833,0.43645051626537446
chr20:53822000-53822600|0,0,0.5626234689991153,0.6204900146402814,0.30581455060750906,0.30958121695331847,0.1244252857476629
chr20:5150000-5150600|0,0,0.5656207977202972,0.5300946018747286,0.47513585351184134,0.49401734732171265,0.6298999406038261
chr20:13441000-13441600|0,0,0.5296998422432715,0.4869473401935797,0.1586988209196104,0.19373422507077667,0.4801997837752992
chr20:38447165-38447765|1,1,0.6442762746981889,0.7365927635082556,0.8209972578481075,0.8211267599563687,0.8486208327160173
chr20:45489691-45490291|1,1,0.5997426603423575,0.4283595017035521,0.3236257221304923,0.3116697294194658,0.25339002067727706
chr21:35633000-35633600|0,0,0.5205054506993058,0.49773116282938573,0.3154998843914192,0.294213064097744,0.669988029555451
chr21:10804000-10804600|0,0,0.4275950724774252,0.4199878185075898,0.0021158522505368834,0.0015979149259355509,0.11214595568929903
chr20:2780000-2780600|0,0,0.4194444606617988,0.5080114102257985,0.051042629748602984,0.048707337954829004,0.4129661157640557
chr20:49909000-49909600|0,0,0.5955332389911617,0.6395560018911414,0.26094509858056397,0.2645479958748503,0.3572134468840969
chr20:1882000-1882600|0,0,0.5512953351695686,0.5253715466700396,0.316055359999599,0.30527438883452623,0.6543322153827511
chr21:27558000-27558600|0,0,0.44136843272630877,0.44068787272527143,0.3587122784323092,0.38291827532361433,0.7271185874089341
chr20:879547-880147|1,1,0.6039053263868139,0.49074413173020576,0.9534808275230483,0.9522459684996746,0.7638571609664314
chr21:13459000-13459600|0,0,0.37699128994476844,0.4064425367643151,0.05336361086450494,0.04821685272701501,0.45005823166192577
chr20:33663231-33663831|1,1,0.7611351944691636,0.9458711110503458,0.9405154852067109,0.9332905801184238,0.9070631730429097
chr20:62473277-62473877|1,1,0.6617261606863803,0.7946409921746317,0.9878516494420725,0.9875339242990826,0.9616738872648953
chr20:49945081-49945681|1,1,0.5070909259257089,0.4651334094178616,0.3279697470154451,0.33902459360325493,0.3645467987344676
chr20:16756000-16756600|0,0,0.5181478794204197,0.4818376521676857,0.03564811893875217,0.037231835877355235,0.31809753534769936
chr20:5991167-5991767|1,1,0.4526350502562421,0.408738876078981,0.43007749477893703,0.457414737251913,0.5081959597419149
chr21:14495000-14495600|0,0,0.40785736547705187,0.40939131298086895,0.2796669601089789,0.30843179628840106,0.23879934822061283
chr20:50645397-50645997|1,1,0.64719943444036,0.6748367895662385,0.3626556361727441,0.3560450350949579,0.7598777821009116
chr21:29315000-29315600|0,0,0.4803272231878557,0.45375075404032017,0.4938036961009371,0.4882999242706484,0.4195669066400941
chr20:44039000-44039600|0,0,0.6427274860813165,0.467535872412609,0.2238613168326455,0.21814208334380383,0.1999149821347839
chr20:51351000-51351600|0,0,0.5790781775665753,0.5176847542779971,0.03617398204918089,0.0402538617032064,0.22436313185036746
chr20:3615527-3616127|1,1,0.5154688526879166,0.5493126608823542,0.11113416121971069,0.10394500191598316,0.3686665970131128
chr20:4651000-4651600|0,0,0.49958952566784703,0.4323449660448601,0.2993079825743289,0.3044041558304276,0.19956540421408178
chr21:34864000-34864600|0,0,0.6480232366810522,0.6079126147945667,0.46835120926582074,0.47263026463777086,0.8842249569492797
chr20:49288744-49289344|1,1,0.46771285386194844,0.5183344885178245,0.9842212920095516,0.984068016563616,0.695836237765407
chr20:41393000-41393600|0,0,0.6494024841181598,0.5282168615739052,0.49969508676965385,0.48442762899429626,0.3008132077753824
chr21:18009000-18009600|0,0,0.3563965016567305,0.3693005938109836,0.10226258909832471,0.10260816109033487,0.24149443795176087
chr20:20258258-20258858|1,1,0.5590481119496398,0.5581583636251043,0.29688474157137373,0.3161155116569404,0.7810697743694663
chr21:26324000-26324600|0,0,0.5329010819665072,0.5004862678644482,0.169932560197874,0.15421564314458314,0.5172086512649667
chr20:4708000-4708600|0,0,0.5209423749048001,0.49155549727710823,0.36606224775870305,0.3828058681739243,0.6929404258604358
chr21:17659368-17659968|1,1,0.5118668025204398,0.46157563221279485,0.11189001476734142,0.1097068278228193,0.47149581869911217
chr21:42568059-42568659|1,1,0.5756827881301781,0.7098438348182307,0.9825476416448442,0.9810391443006934,0.7971171897758531
chr20:2316767-2317367|1,1,0.609305796817658,0.5632825435049797,0.9482298131630369,0.9472127204276595,0.6385279745705252
chr20:54693000-54693600|0,0,0.512375853522902,0.4856940653409879,0.3583640755502231,0.33217253975588185,0.6936960732753975
chr21:32810353-32810953|1,1,0.564812698592954,0.5728564377823446,0.13580853377790575,0.1372683625795897,0.26931206139544767
chr21:37646246-37646846|1,1,0.581350670810078,0.6733094394142877,0.8407141741996719,0.8483414240893203,0.4655779203506111
chr21:33027000-33027600|0,0,0.7534161677086241,0.9532693366141881,0.9835149687681407,0.980651776858668,0.9188006377792054
chr21:10559193-10559793|1,1,0.4546141692568605,0.4140995188827116,0.2878420067867902,0.305808776783525,0.275432053171958
chr20:45607839-45608439|1,1,0.5129697133169558,0.4730123695959564,0.2450633021496138,0.23312614105983012,0.2846455764712818
chr20:33201231-33201831|1,1,0.5655064561800623,0.5402238156663401,0.8269719414799916,0.8142817568075739,0.7657761343818078
chr20:2396205-2396805|1,1,0.6557482833954373,0.6068986387338231,0.9895391272274695,0.9897377180658263,0.8338897569671466
chr20:31428334-31428934|1,1,0.4017512815310419,0.44214001194587915,0.2601847875199585,0.2458195706088948,0.5188630482922555
chr21:10921000-10921600|0,0,0.4512646377279107,0.4837135777266921,0.01523583166620865,0.01699709638347561,0.10901260178935097
chr20:13569285-13569885|1,1,0.3924611184085232,0.3898597318063269,0.917531390610916,0.9111303969615616,0.5239219360350469
chr21:36882000-36882600|0,0,0.601004675926817,0.7063356847437369,0.11927287139191264,0.1365564750386966,0.18156276116609263
chr21:32631500-32632100|1,1,0.44978668714897924,0.47099427041536807,0.9962509447896697,0.9950693127221224,0.6582103839151116
chr20:12978000-12978600|0,0,0.3951807208846871,0.41067222893901706,0.13521949334158312,0.13884253592435972,0.36602625567710384
chr20:38565055-38565655|1,1,0.4083135535562672,0.39698808823442505,0.9882467596150337,0.9891518100085354,0.6720845928112877
chr20:33601529-33602129|1,1,0.5295519538556207,0.46004087028827373,0.31645750004675227,0.3184641017766139,0.2725267196403856
chr20:61720000-61720600|0,0,0.6613617236420872,0.714165244158541,0.39166600817075575,0.39742491903337424,0.37102687281169516
chr21:35618000-35618600|0,0,0.4183182150781353,0.40171498569453107,0.11293474564204524,0.12803137019911692,0.25025897941553576
chr20:2955308-2955908|1,1,0.5306598367489289,0.4628863649439875,0.5688648003828336,0.5736908858649102,0.4021167940986514
chr21:37191033-37191633|1,1,0.379417925358497,0.4652877491043482,0.891686343121769,0.8951865292764818,0.6523229818042884
chr21:38774000-38774600|0,0,0.5450612866889434,0.4984184585597468,0.2365234522274897,0.2248067971691803,0.4241623679236526
chr21:42819000-42819600|0,0,0.501306903557483,0.447637162222488,0.32985045672081736,0.37137412064079706,0.41003278179677094
chr20:63651000-63651600|0,0,0.6687342466050953,0.549158039747872,0.1661890199801946,0.16440288015884377,0.19227861435348986
chr20:53603000-53603600|0,0,0.5785257351986169,0.6403367042943479,0.05848079439608613,0.06484816594897534,0.1283240843932701
chr20:45804845-45805445|1,1,0.5578768242346304,0.5255403311943911,0.9551984268071408,0.9521358852538884,0.5101186548064209
chr21:18024449-18025049|1,1,0.48063523273905157,0.43370000155746474,0.5525872353502023,0.5678215551721489,0.5548245515253188
chr20:41162151-41162751|1,1,0.6263685781620908,0.6063546746633128,0.9941794922201462,0.9950664282327751,0.857684843783533
chr21:33352457-33353057|1,1,0.4388952300976072,0.4483355733599263,0.3536542887257938,0.3702331769698465,0.3045837209570221
chr21:46648157-46648757|1,1,0.5773968965446582,0.6205125005222418,0.9563333694471612,0.9597330433766431,0.7417219234175162
chr20:44807000-44807600|0,0,0.5966705700082162,0.5990446167946938,0.46259563805324155,0.4960654955865954,0.5396292323012268
chr20:21636000-21636600|0,0,0.45309183785905405,0.41600901833227805,0.0128911293680289,0.013685068915406802,0.07477552660675857
chr20:51279000-51279600|0,0,0.4805357401478152,0.48710648991512556,0.1062842523902507,0.12669242051361645,0.6002367417680273
chr21:28615000-28615600|0,0,0.5233478116668581,0.5488321073857552,0.8021931945693711,0.8234878216635798,0.5578521389400177
chr20:27138000-27138600|0,0,0.4715356239655105,0.5034672416267313,0.012968151143531363,0.015732558265126706,0.04571083370796185
chr20:29264000-29264600|0,0,0.4384311550598723,0.46097027626267895,0.01746185152214254,0.021201024525166458,0.03535892388920012
chr20:44160106-44160706|1,1,0.7349097350636083,0.9575361575542273,0.9443441432874351,0.9275255503163172,0.8560586234438093
chr21:38154132-38154732|1,1,0.5107512594621987,0.49158073519037937,0.32080355921663245,0.30296353998755954,0.4542215799021666
chr20:11000459-11001059|1,1,0.46694257599836736,0.40085254662678765,0.14487681885017495,0.13381392320811705,0.18754204804559507
chr20:29552853-29553453|1,1,0.5486874650192286,0.47877926091935996,0.4323279287792215,0.44625622201789306,0.589996348732526
chr20:8384000-8384600|0,0,0.5077421958972637,0.541128622943156,0.08722867620294691,0.0886214225114564,0.4126948739263809
chr20:49544147-49544747|1,1,0.5935422050351722,0.5715772526260248,0.8463447806351916,0.8523588567484846,0.5016608072108127
chr20:52687648-52688248|1,1,0.5009607511376444,0.4597660461718682,0.4644039606172075,0.44544549414209095,0.3952580151073913
chr20:30570000-30570600|0,0,0.5401196187651336,0.5975151119350764,0.7195821360964427,0.7184842993802232,0.9039797148785669
chr20:26987000-26987600|0,0,0.4703939076746067,0.515755922709431,0.00024149278497378018,0.00029034272396765765,0.020441442195131356
chr20:3565047-3565647|1,1,0.5244856809587616,0.5826247817842477,0.9670433087360458,0.9693223329953327,0.7184960336160999
chr20:33393765-33394365|1,1,0.5315324776240252,0.45922294635749955,0.2265779036649487,0.20791935462249894,0.22001703012881724
chr21:8699000-8699600|0,0,0.44744890719333175,0.4382280143859935,0.16989190886812483,0.16515383966618466,0.23310951931917145
chr20:32593392-32593992|1,1,0.6454545993897254,0.5297279632180615,0.13679122261795945,0.12863088272424936,0.6136621817871026
chr20:27129000-27129600|0,0,0.4638851989836577,0.48297302303423145,0.003436141848877151,0.004294314756050073,0.07040197080400977
chr21:40822000-40822600|0,0,0.4668616764933472,0.4835454902415892,0.17464280721357103,0.16774646480152453,0.13807950156513293
chr20:6030984-6031584|1,1,0.42819597893562583,0.4398111238716135,0.8744365387970185,0.8766976335386332,0.7517832274910471
chr20:13237808-13238408|1,1,0.5104326482532102,0.44027976489418874,0.3329385592615958,0.345758545651976,0.42247084721675005
chr20:60969000-60969600|0,0,0.6294907060594968,0.5323050376706892,0.2331393066433477,0.23033192734394592,0.41752050944276603
chr20:22375355-22375955|1,1,0.539809131787582,0.5710192518549125,0.670392182708742,0.6735321416352316,0.7235459220340866
chr20:46621000-46621600|0,0,0.4493284536160874,0.4180312181876243,0.2026709604951084,0.19453936594599572,0.49332050413804923
chr21:46490299-46490899|1,1,0.5553145908309639,0.5277763753157583,0.6813536921396159,0.6862448048581072,0.8411438264507096
chr21:14520920-14521520|1,1,0.3959549538089485,0.5118660887260921,0.9406017427708578,0.9494500959313942,0.64863295338116
chr21:21360000-21360600|0,0,0.37293957163577335,0.37360356126632394,0.44028800983084354,0.4590469706810095,0.523461711447127
chr20:26750000-26750600|0,0,0.4707960646585552,0.5218612506836914,0.00201098808574277,0.002284758219658019,0.11595921232536992
chr20:60990000-60990600|0,0,0.5669607823983099,0.5792153105039856,0.46371864199053,0.4522802612236165,0.7957286775618736
chr20:58352972-58353572|1,1,0.4210314173607406,0.49264977993340286,0.9882026981548082,0.9877617592690653,0.8151173808141515
chr21:43915000-43915600|0,0,0.544419423336749,0.5537786133496645,0.22564188983227054,0.21810664774254623,0.11493851992912607
chr20:35694584-35695184|1,1,0.489714342721204,0.552504372547537,0.267713859407256,0.25931531165638666,0.5588836391479625
chr20:1391420-1392020|1,1,0.6053318736052633,0.5794409738916705,0.6097867657211953,0.6010859173838445,0.38041204594448375
chr21:25055133-25055733|1,1,0.4153689673213679,0.4188495190958116,0.5942716315172167,0.5968650867696885,0.5878720735198804
chr20:53498000-53498600|0,0,0.5926375660368657,0.6049970308941112,0.19551990419669132,0.20043457983442248,0.457454274991314
chr20:52903000-52903600|0,0,0.5287049263243229,0.4276816141708453,0.1980559671072076,0.19865452649581142,0.3787438698434867
chr20:13840000-13840600|0,0,0.5814216947019767,0.4962384115197633,0.24007811200731288,0.2217413317705872,0.3278685009403053
chr20:5186386-5186986|1,1,0.6003927197244094,0.6059833452739815,0.9927898781810757,0.9936859183990885,0.886641690991172
chr20:55936000-55936600|0,0,0.48470523079271466,0.4225104594027461,0.2790277958205677,0.255179808640003,0.6463721398192064
chr21:21876000-21876600|0,0,0.4341289128490475,0.38230247412128004,0.06868592073704653,0.06952578548499574,0.3900080488054833
chr20:28624000-28624600|0,0,0.5367841006380938,0.5334474166850663,0.1982953633699591,0.19676927543637546,0.500899817257859
chr20:417225-417825|1,1,0.6621332241500526,0.5797679976568987,0.9938221935271107,0.9944029453879594,0.40519919646533736
chr20:3738357-3738957|1,1,0.5523921830070743,0.5147659489078587,0.952094177518757,0.9525829126674354,0.6684755911478024
chr20:47298571-47299171|1,1,0.4711839440777516,0.5495412550976583,0.9961221652689292,0.9957256534877719,0.7378948080263565
chr21:18420000-18420600|0,0,0.429900893033764,0.4445429770047614,0.13775457740281835,0.12720167771997476,0.2797876125335325
chr20:16528139-16528739|1,1,0.48571753742923257,0.47080014144998444,0.930279308562039,0.9366915191404027,0.6970071568259476
chr21:20678000-20678600|0,0,0.3678985027152129,0.3919583524499952,0.27323245195735507,0.26157777898365553,0.18616183028824992
chr21:11285000-11285600|0,0,0.45941583654087564,0.49358697638458615,0.04470129038788033,0.04669947295390877,0.08002844575451305
chr21:15382872-15383472|1,1,0.48367947512060194,0.5073178834468467,0.16841638936756495,0.16766942875878843,0.6157420593646354
chr20:54182255-54182855|1,1,0.49250821670382755,0.5065497471362168,0.1663962830073716,0.1870936260524841,0.49165684807396115
chr21:40660000-40660600|0,0,0.46159517399165223,0.4255536964358468,0.15592370118107785,0.17391429850827742,0.4781669543625149
chr20:32996057-32996657|1,1,0.5428136274428423,0.3920486589650984,0.39513996332715745,0.38308947773848717,0.40825233990395976
chr21:40945000-40945600|0,0,0.43997600036763457,0.40938492780068425,0.005132821662487804,0.005992351474743315,0.12022932490122092
chr21:36969300-36969900|1,1,0.5858166073935677,0.6208870179755801,0.1390147618111212,0.14122811997412266,0.17468271309733394
chr20:4117000-4117600|0,0,0.45356264713611405,0.44639060112770046,0.4057007762030083,0.4088986398084853,0.6146608083745662
chr21:39375000-39375600|0,0,0.5044105274948488,0.5254043681483964,0.46977189608059944,0.4999082786271339,0.39666904091840477
chr21:25734074-25734674|1,1,0.5831351348216128,0.7254992411499213,0.6224484074377024,0.6265888970185283,0.7055801245201928
chr20:62498000-62498600|0,0,0.6732353455464252,0.5022841740389786,0.3293206613978198,0.24811211218323145,0.021566117632299615
chr20:44413393-44413993|1,1,0.6783826076149054,0.6713844281611856,0.9045383303721316,0.9065688455601811,0.7355363554676786
chr20:45876413-45877013|1,1,0.6021023067324474,0.5675128529065313,0.35718704751318214,0.37535606585688674,0.5782363869434728
chr21:34156000-34156600|0,0,0.5685047351808712,0.5196097588963262,0.4357280534908093,0.39818951170080064,0.40580620517165134
chr21:11321000-11321600|0,0,0.4633251704747522,0.5553032385292023,0.001115372741224907,0.0011423472602588134,0.062381205597827734
chr21:31591000-31591600|0,0,0.5845119808126407,0.48801212191626187,0.06158329197002498,0.0646861674665479,0.04456163259061233
chr20:33573673-33574273|1,1,0.5593297567848229,0.4719058609430126,0.2618835721102151,0.2568069716560581,0.29398928913360906
chr21:25297000-25297600|0,0,0.45359677196369286,0.4481111442173857,0.08802225538902457,0.09760437065385685,0.3797747344623913
chr20:46563250-46563850|1,1,0.6283902587442134,0.6628386210419686,0.8894579629626489,0.8912845975854523,0.23998620921970262
chr20:1603841-1604441|1,1,0.6127886026912672,0.5569568574621775,0.9903238418375254,0.9899107184177877,0.801021380555666
chr20:31279000-31279600|0,0,0.5194710328239315,0.6336581333855681,0.017145744827200785,0.01819236799591157,0.33432629126580743
chr20:7183092-7183692|1,1,0.4852805576266204,0.3784993296268054,0.2013739858722868,0.19008543109150056,0.26532847665786935
chr20:34861261-34861861|1,1,0.6057029748963955,0.5449327336520087,0.9661623924398671,0.9709569990634662,0.5077703561455196
chr21:38216000-38216600|0,0,0.5655064561800623,0.4470285699724589,0.3739012767184094,0.39021818782962814,0.3682299033475406
chr20:1702000-1702600|0,0,0.46388200041642835,0.41677949109743295,0.1804311265110777,0.19229252292388488,0.19374447610107173
chr20:53861000-53861600|0,0,0.48296028402588276,0.4872562323378922,0.6249720181358264,0.6204920655086463,0.6948383497103495
chr20:27345000-27345600|0,0,0.46860633902683996,0.5174611825414626,0.00017358196506776097,0.00017867820875580077,0.06876040911284743
chr20:52702000-52702600|0,0,0.41740570691706336,0.4201395777203864,0.10920913288656851,0.1271084814887666,0.4018223045862053
chr21:36372073-36372673|1,1,0.41632615011806723,0.47561800018363,0.9947201186490109,0.994718007653533,0.6292368164550102
chr21:10441000-10441600|0,0,0.4589585378863198,0.45775605728283236,0.0401759083819764,0.04646480693013858,0.505853120574179
chr20:46015949-46016549|1,1,0.5661035965970984,0.5400132805623016,0.9878160601172536,0.9884613878706334,0.46961350596395374
chr20:56414000-56414600|0,0,0.4514938742811795,0.4750821181689324,0.3230712845858396,0.31587622842016416,0.4729015355390647
chr21:44423180-44423780|1,1,0.6582068330870795,0.6679694134130095,0.9491317616403245,0.9481085416262989,0.8748451024684615
chr21:41441415-41442015|1,1,0.6424055864726754,0.726733735177216,0.9960248914943417,0.9965989462258937,0.9127533553459474
chr20:43807000-43807600|0,0,0.4182672438108317,0.4320463155401531,0.025054084035418485,0.029150887879138446,0.16340625203253334
chr21:13556092-13556692|1,1,0.3776574641975523,0.44249723569308214,0.1390828861900569,0.1291357171349932,0.573006073567292
chr21:33262260-33262860|1,1,0.5062850787985842,0.4856307738478262,0.22152297261834353,0.22144048908382516,0.5012654468257461
chr21:39205973-39206573|1,1,0.4545387004338689,0.4292879853874123,0.9688232286695826,0.9713282357949299,0.6746322690405152
chr21:38739028-38739628|1,1,0.3837328826353285,0.381332000428194,0.571172688881049,0.5893577637726892,0.6826527329877243
chr21:38234962-38235562|1,1,0.5229340333854963,0.5821290527842128,0.3210605709878119,0.30426814783606765,0.2722617671739348
chr21:25633000-25633600|0,0,0.5190617100607962,0.59053782477615,0.5594521886537623,0.5385017334039155,0.39528960060774215
chr20:20166096-20166696|1,1,0.44935719537554886,0.4662192321593651,0.6625589858491465,0.6774089297690897,0.7484262679332037
chr20:34432000-34432600|0,0,0.3578925681557891,0.3827950350685924,0.09561020625708229,0.09183279331505387,0.3552486548208958
chr20:62216625-62217225|1,1,0.7098756694057861,0.7212968777562592,0.9990995109182477,0.9991336433504027,0.84875614224251
chr20:25687529-25688129|1,1,0.47132736335283265,0.4485065687794405,0.2558868294784301,0.2260093643545544,0.731460385455738
chr20:50127886-50128486|1,1,0.6765260607931686,0.686266614939377,0.995081490991934,0.9955011286979036,0.9009656147504791
chr20:48126000-48126600|0,0,0.6413577550089984,0.6391278875546192,0.12922438132162242,0.14344639489045233,0.5588341998469148
chr20:56042000-56042600|0,0,0.4737996469623917,0.4508836317211578,0.2369992590372357,0.24220926722657315,0.6165620040739325
chr20:64321000-64321600|0,0,0.5336203241758104,0.5222059646422313,0.11093565717896849,0.11806037581656426,0.27539425704922854
chr20:36132000-36132600|0,0,0.6077614866517704,0.5067593676014353,0.40059201196134836,0.3928522661968757,0.611198588250528
chr20:42448028-42448628|1,1,0.526381205099338,0.5037673930549473,0.9160363348429922,0.9231409120992335,0.6198327002047183
chr20:63135000-63135600|0,0,0.8030442065607494,0.763390600479697,0.009661076789707807,0.006493880171664796,0.053949577208715974
chr20:36108000-36108600|0,0,0.5501611767686144,0.46422809323284064,0.10680671830755568,0.11660053227796324,0.16212276370777484
chr20:61894609-61895209|1,1,0.6314580602354375,0.7286390054024151,0.9912072263501818,0.9910820445528211,0.9339948718400223
chr20:37654000-37654600|0,0,0.5708887685383984,0.4803290252729329,0.06090804452970874,0.06769194663986458,0.22464650911759598
chr20:45704143-45704743|1,1,0.5712837488022121,0.45419725485997314,0.8898632789466396,0.8981926032495067,0.8872961705058326
chr21:40753417-40754017|1,1,0.4668616764933472,0.4551555979860695,0.3606657864570739,0.33060663973776994,0.44313603361760584
chr20:49363000-49363600|0,0,0.5030854792502717,0.4420405810186459,0.2541640206197395,0.24505324469346101,0.3194926948562292
chr21:38923212-38923812|1,1,0.5188040496764699,0.4648143189297917,0.9463235549893532,0.9459417263763243,0.8733976033849409
chr21:28738000-28738600|0,0,0.510344605481858,0.47516120106419474,0.8392961861483469,0.8398884925334503,0.5759781477573994
chr21:46039000-46039600|0,0,0.6999485668633174,0.7345142441071396,0.8532893149375516,0.8518225505034824,0.6579988540318006
chr21:29025408-29026008|1,1,0.4624921716218751,0.44261665014224244,0.17468746611482314,0.15374337694695092,0.5548406612769368
chr20:1597882-1598482|1,1,0.6127209510614338,0.45017149355362057,0.43794772288604883,0.4588449502806613,0.30437674438742834
chr20:44598315-44598915|1,1,0.6059764392878849,0.555133718400829,0.5308993327416359,0.5298171603389739,0.4965113620355663
chr21:22420000-22420600|0,0,0.334415656067408,0.3623299425829046,0.2315903568601164,0.2549054279407961,0.12226064442613675
chr21:43312000-43312600|0,0,0.5586205577117258,0.4916370675530619,0.08931168685398624,0.09643485441465478,0.42323399473225165
chr20:32855000-32855600|0,0,0.5163029757480452,0.5552131241908207,0.5288219079491269,0.5159405906012468,0.551547176193909
chr21:22534000-22534600|0,0,0.47695895775067587,0.45154433638918035,0.1186141626352655,0.1314720109132427,0.3687821078536188
chr21:45615442-45616042|1,1,0.6546922268969649,0.8092793152196673,0.2794671497215658,0.26026747740858064,0.6779990164949947
chr20:20288308-20288908|1,1,0.5215394157892544,0.5331051462390204,0.9875486378274735,0.9883491318640777,0.633194521837262
chr20:44737269-44737869|1,1,0.5491519800849628,0.5245959133420591,0.34583097072954544,0.3137852360568463,0.8809267016471076
chr20:35336000-35336600|0,0,0.5063250965615134,0.48730805281853085,0.29506733883523406,0.26848579563502917,0.33726068878196863
chr20:29573000-29573600|0,0,0.5527482273484234,0.5280453411337229,0.06161545970671867,0.06711637373296533,0.2396280599227638
chr21:44091622-44092222|1,1,0.5329010819665072,0.6028823883588849,0.9818471720790514,0.9829374468433018,0.668289265946641
chr21:6045000-6045600|0,0,0.6749633213706671,0.6172504091609536,0.5142658676384531,0.5014334296057165,0.7146756057239889
chr20:25336000-25336600|0,0,0.43711756345905617,0.3919300526187709,0.43566235547939364,0.4207322343540727,0.4844535020616947
chr20:7657000-7657600|0,0,0.4764146944499337,0.3450827343924599,0.34850870780412335,0.3236444439274465,0.47203536296530824
chr21:8600000-8600600|0,0,0.4330753492097471,0.2630663145080999,0.2249836759068726,0.22771782709705915,0.05924305337932219
chr20:15363000-15363600|0,0,0.501306903557483,0.4952207381863006,0.6243716205428838,0.6128107910451215,0.4515260225122693
chr21:10135000-10135600|0,0,0.607089540942152,0.587642533568964,0.08913202331558207,0.08829753634205179,0.4522127360925461
chr21:38702000-38702600|0,0,0.520911587862545,0.5507090553636786,0.41473679959271964,0.4230118922358921,0.6036682347079143
chr21:19663000-19663600|0,0,0.40679602984626206,0.416864510380758,0.5084797117810222,0.5131655375935968,0.5993165036240425
chr20:26219000-26219600|0,0,0.37442021430206646,0.42505061880875744,0.4214658362161063,0.4314992320020894,0.5340614265469222
chr20:17183000-17183600|0,0,0.5123074398442399,0.47059955445826923,0.022430792624594006,0.023981208790182756,0.06884143369601861
chr21:43159466-43160066|1,1,0.6391687489074253,0.6265187959585211,0.013092934070418605,0.010681908432852218,0.19239622993093095
chr20:25354000-25354600|0,0,0.5483188374072817,0.5134853116096467,0.7892471125880287,0.7802249547459937,0.4971946193381193
chr21:10516017-10516617|1,1,0.4130815484783157,0.4452572902112633,0.983464650349305,0.9817660896784083,0.3359524363018271
chr21:37270000-37270600|0,0,0.5477004898185679,0.5292964821617073,0.3479653298759663,0.33738368458541973,0.4925457197623953
chr20:61423000-61423600|0,0,0.6071347115798061,0.5102810655817965,0.4574667381960418,0.44226998656424704,0.525605979539121
chr20:53627000-53627600|0,0,0.5434829938782264,0.5714679731242538,0.08095136097994796,0.08057285085431633,0.15718102024076885
chr20:12117000-12117600|0,0,0.39157142186789035,0.3943758587379432,0.026674751794606464,0.02851837182252472,0.3124894287779208
chr20:47957962-47958562|1,1,0.625763711515223,0.6054934517335712,0.6291805132096232,0.6365720402971443,0.8954924270569867
chr20:18553934-18554534|1,1,0.5368085607563945,0.5475705298592577,0.9678751676220727,0.9698254908088212,0.8324593106067927
chr20:63492986-63493586|1,1,0.6835530948451823,0.6601035209251308,0.9680481412260629,0.9654099513195025,0.604315395379833
chr20:40124089-40124689|1,1,0.5349459297875542,0.5083386240877565,0.25899646502442214,0.25258964524525457,0.6053719105035127
chr21:7030000-7030600|0,0,0.4972787485343241,0.5693749188485098,0.14021190217822874,0.15080147684642964,0.1754677276446525
chr20:28282000-28282600|0,0,0.4768218204730408,0.5122210129250505,0.00011382666883748815,0.00013698301428120466,0.07577668549589225
chr20:62609000-62609600|0,0,0.5608874633931459,0.5576883182317901,0.7804933299143619,0.7595478875343776,0.6326835363855834
chr20:12459000-12459600|0,0,0.42437847198700174,0.46462433093354844,0.5123919219310789,0.48306187978435605,0.49689873754179964
chr20:46306000-46306600|0,0,0.6298022027215885,0.6166304286835951,0.504840708389029,0.49423317890154905,0.7921815222309609
chr20:28627000-28627600|0,0,0.5299730037137664,0.4516804932097625,0.3675344071736682,0.33925954549694454,0.20062899436858106
chr20:13801185-13801785|1,1,0.3902205514021104,0.4220464675997582,0.9759847777009167,0.9750907390362579,0.6442657075018791
chr20:41210000-41210600|0,0,0.4870286051902307,0.3777881109831095,0.006078144225485795,0.006468868571648646,0.11644076973163182
chr20:50903700-50904300|1,1,0.4736828125459571,0.4644043598311883,0.9770388067864783,0.9780436522487943,0.6491740300233071
chr20:23261000-23261600|0,0,0.39760763604245347,0.451985987390249,0.502606395220103,0.503499570785972,0.41814075870563994
chr20:32703157-32703757|1,1,0.554272655473312,0.49469122681801025,0.5288672286506103,0.5057596033711971,0.650903349795509
chr20:43963000-43963600|0,0,0.6177512441054779,0.5623277003188956,0.28802646593541165,0.25505707088122825,0.785318767585243
chr21:37105000-37105600|0,0,0.5011072484790453,0.46997358050576893,0.43878232301291853,0.41552296033716607,0.8418230555279672
chr20:25339050-25339650|1,1,0.4587756683155945,0.4882712540003076,0.9713830295648103,0.9676151527780292,0.3833430703451578
chr20:4246000-4246600|0,0,0.6145856994233452,0.572852399677667,0.2413529079112007,0.22643800415516369,0.49668532975822105
chr21:30228000-30228600|0,0,0.47334848212848724,0.38962805504678466,0.24932429767759107,0.27298401239810804,0.314959184107069
chr21:22372000-22372600|0,0,0.39610833138237583,0.3929543193024447,0.1360897684397041,0.13459385286361214,0.5689011064552197
chr21:13618048-13618648|1,1,0.39800521531571637,0.42091282276469394,0.7476791569526882,0.7436869760871127,0.7009898008539295
chr21:26444000-26444600|0,0,0.46422917505217837,0.4193422120881397,0.47084630747078154,0.4722257865547014,0.13593440543551893
chr21:22654000-22654600|0,0,0.4725619140848857,0.4533621109784001,0.23002491494707789,0.2358256112427945,0.38577406014333143
chr21:21654806-21655406|1,1,0.45850130834846803,0.39755241123518803,0.18282615091515816,0.18413922047417067,0.6463815459810153
chr20:14450000-14450600|0,0,0.4031676581279528,0.3917111092614548,0.28314058778560236,0.30878398816643227,0.2782359599047663
chr20:7954000-7954600|0,0,0.45502975501926657,0.42512912416374427,0.014066477557233201,0.015166244546184546,0.1480767924357145
chr21:15972010-15972610|1,1,0.41132919817287555,0.3905040618513386,0.43413191147601105,0.4600417141097228,0.5965599666487666
chr20:41473216-41473816|1,1,0.5513513446351547,0.5530157042697731,0.9941902224584355,0.9940569409603018,0.8671720114362975
chr21:18714000-18714600|0,0,0.48290479645906453,0.49041757567610383,0.19362478960878393,0.18699162754740983,0.34454899767586533
chr21:6819000-6819600|0,0,0.49937949810633736,0.41340987311136723,0.11418675796382656,0.11968445094759579,0.3483253504260735
chr21:34027000-34027600|0,0,0.5499024028101467,0.6137300266219783,0.16765294034321124,0.1622705291354273,0.4129317850983039
chr21:45909054-45909654|1,1,0.7142751475341528,0.7171317764623952,0.9305653187971396,0.9324832062300035,0.8056176093322518
chr21:39322501-39323101|1,1,0.6340887923088326,0.577497975390865,0.9298547204603475,0.92499302384383,0.6964850461336177
chr20:16852000-16852600|0,0,0.44136843272630877,0.3657475271869585,0.029901617723197722,0.032690753395243105,0.16816612907083825
chr20:59885663-59886263|1,1,0.37833968122618344,0.43625506903562256,0.4482831192723126,0.4565085906118409,0.3998306515086521
chr20:40043171-40043771|1,1,0.40421500637814733,0.3797744175594833,0.2817167714260339,0.25357785911831776,0.3305122589644101
chr21:44441391-44441991|1,1,0.6838025415692189,0.6750983112179878,0.9953187089421118,0.9956187534047375,0.8455331830457223
chr21:34792309-34792909|1,1,0.7217254276074361,0.8646937294219776,0.9762454825062145,0.973775553718441,0.8014869272252084
chr20:33063314-33063914|1,1,0.6660226526279542,0.5990683654687746,0.8321519360643262,0.8414470804063872,0.530475024207602
chr20:19522000-19522600|0,0,0.5402956684873828,0.5338924596147493,0.27758896723348836,0.287302242586983,0.5463359406398908
chr20:22858000-22858600|0,0,0.5014949861858629,0.49440308243009895,0.147065081023216,0.15065982818846885,0.29766156580389524
chr20:25458228-25458828|1,1,0.6828443746578132,0.690923449349567,0.9777468052779617,0.9765762621774382,0.9434076108576293
chr20:43459470-43460070|1,1,0.4183182150781353,0.5265758965964918,0.9787271298278348,0.9780009594759803,0.7496492941043599
chr21:44759000-44759600|0,0,0.7309908592667217,0.7265988927491767,0.2758111315794342,0.2827526771525576,0.573161446509999
chr21:27846000-27846600|0,0,0.40228815802244033,0.38247873297561086,0.1626803991136129,0.1767789847004118,0.3929252981729256
chr20:34105244-34105844|1,1,0.4763886526501494,0.4685206531636542,0.9576902855383731,0.9574903844954697,0.4461820775794278
chr20:5069048-5069648|1,1,0.5590615542901672,0.5575690455979001,0.5271863532675355,0.5675390281463977,0.40190794559573045
chr20:35213000-35213600|0,0,0.49270017488016243,0.5228297579100675,0.4521659914674514,0.4368001447346455,0.4017446796242557
chr20:6045000-6045600|0,0,0.5170705041257525,0.52324981711315,0.09803287557061367,0.09936203797662173,0.33137544311313705
chr20:3933900-3934500|1,1,0.6248556747778273,0.5952658992074592,0.9867512156242138,0.9871788352091886,0.8033336313467577
chr20:59162000-59162600|0,0,0.4100389652664941,0.4169133485476696,0.036187085748104864,0.0351012981696627,0.2240226626292137
chr20:63312119-63312719|1,1,0.7149792129520538,0.6701404364625807,0.9627829236744935,0.9637479513402776,0.6831856853147196
chr21:19651000-19651600|0,0,0.4160303255931799,0.46031949401416195,0.39967137497986815,0.3628819656319503,0.5194788006834572
chr20:38488102-38488702|1,1,0.4351022004165789,0.42195755156024095,0.9758754557572095,0.9743858454956821,0.6159156212972668
chr20:21762000-21762600|0,0,0.39191421533417775,0.40554589454353185,0.30857540525121296,0.3092704887696698,0.5405735080494292
chr20:1570836-1571436|1,1,0.6137707542351105,0.5473762811903435,0.9937664370896719,0.994176068318532,0.7446132630581893
chr21:14567000-14567600|0,0,0.45410032024460756,0.4661872913401015,0.8297047770645531,0.8158090357345034,0.5449139990453081
chr21:43171770-43172370|1,1,0.7331829205424901,0.7718523834598641,0.9906126608377678,0.9912122802842284,0.8589744717080181
chr20:22400810-22401410|1,1,0.5483062173360294,0.5248381532682925,0.732676740181237,0.7451961005680064,0.7599817182580599
chr20:35480000-35480600|0,0,0.5075519019322081,0.4288172893388108,0.8080904405136462,0.7892517587439881,0.506075351072268
chr20:4039000-4039600|0,0,0.5319772861136739,0.41045761357156507,0.22612899325367147,0.2194061059725695,0.5793297555963581
chr21:10105000-10105600|0,0,0.35916755093303565,0.36232344813726514,0.04923260209989806,0.04956208110320833,0.35618900671062087
chr20:24948000-24948600|0,0,0.46210190532905887,0.4106568513604054,0.007675741060940982,0.008078348806317496,0.1972329277447058
chr20:43458060-43458660|1,1,0.7706833410689089,0.9842672221511884,0.9731776284537274,0.9641809987803026,0.7613831079967438
chr20:11348000-11348600|0,0,0.46995102861364074,0.4079683828918786,0.4462339170138707,0.4054834362331138,0.5161861606489457
chr20:59361090-59361690|1,1,0.5457723584305836,0.5081716168026574,0.25561522696060696,0.2439329129909737,0.4112247041389913
chr20:32693000-32693600|0,0,0.5908055582678969,0.6456355533381563,0.039063560748492536,0.03778093812494459,0.04576727767677952
chr20:50129389-50129989|1,1,0.6614612620644544,0.6490466342473188,0.9386675023247188,0.9370237261527052,0.8270745754904111
chr21:36132773-36133373|1,1,0.5731853622389358,0.5890961397052288,0.9979155911783495,0.9980424871053437,0.6422517184166253
chr20:53651000-53651600|0,0,0.555308866014184,0.6601321769565491,0.06851628375313375,0.06072492020671955,0.23143311831193358
chr21:45595272-45595872|1,1,0.5986309525674007,0.5816984919071828,0.4974161509778927,0.44224008123167496,0.45255156039504935
chr21:42137138-42137738|1,1,0.6822102117245002,0.7273899977909098,0.9974706815195213,0.9976253243521157,0.7809074015243843
chr21:45507260-45507860|1,1,0.7240499428016568,0.6527464034537221,0.27873958166158147,0.24640146490996523,0.5764375275304386
chr20:34534327-34534927|1,1,0.6459340982638535,0.6051593039219939,0.9566485585732014,0.9579828973695225,0.6718588259159755
chr20:27063000-27063600|0,0,0.4815044534090508,0.5351354023718313,0.000139749961760831,0.00016606394691821787,0.12218297930333771
chr20:53132000-53132600|0,0,0.573014048092129,0.5021698499505168,0.15097123078429522,0.1497701994890855,0.0643616769966721
chr21:25709133-25709733|1,1,0.407600118556757,0.472265994855002,0.20816989176062442,0.19923057335908598,0.44417854260162776
chr20:37254028-37254628|1,1,0.5549916542137944,0.5165629623974044,0.4340665813147867,0.4330340695569043,0.5693473402549206
chr21:15804820-15805420|1,1,0.4214149618529987,0.38267964565962986,0.9483988626289824,0.950864360366492,0.5696610624100821
chr20:3954000-3954600|0,0,0.47176712333298715,0.3995518950132107,0.04207927314162885,0.040005967762936065,0.4155194892338741
chr21:32650045-32650645|1,1,0.4255754384567937,0.45363376454993637,0.9701456436738766,0.969174480838244,0.3534272500046832
chr20:42615000-42615600|0,0,0.5202917484689561,0.47778486938502135,0.0014493709702427867,0.0019113949526536201,0.12479739039883876
chr20:54162561-54163161|1,1,0.49901090820093674,0.5115376217181072,0.9587653335098303,0.9605054076789626,0.5549109878972953
chr20:34529551-34530151|1,1,0.6080407101281007,0.5809546995748742,0.23811593709675352,0.22983756238989134,0.4332580131918092
chr20:18443163-18443763|1,1,0.5316570444957923,0.4875048852274508,0.9858658601825984,0.9856823375242757,0.8144571278730733
chr20:52585000-52585600|0,0,0.4992448970710128,0.43937675165779855,0.2891320020787132,0.2765042674543224,0.427113506723131
chr20:37519049-37519649|1,1,0.6209107608242148,0.6469089794829213,0.9607535903200565,0.9631103499692812,0.7814578486004246
chr20:44181183-44181783|1,1,0.5299481350740597,0.590450861805764,0.4967174171274783,0.5022367203065493,0.8365389730182301
chr20:42118199-42118799|1,1,0.6008404529859991,0.5466029656868363,0.965833257483211,0.9683708076692291,0.6716808178150788
chr20:3717000-3717600|0,0,0.6120270345080578,0.6880565493643964,0.16373327527200907,0.16952847612421948,0.21133196201114557
chr20:20465000-20465600|0,0,0.5925943595613179,0.49554531145254455,0.37386805085594077,0.3666085586542239,0.36558694460838187
chr20:14471000-14471600|0,0,0.5749920203590914,0.48425413038746273,0.11946023091827265,0.12063067044109771,0.3144469264855023
chr20:62942686-62943286|1,1,0.4778558877511455,0.5036083083029749,0.9888146456303083,0.9891507214350231,0.5624154934412156
chr20:47231000-47231600|0,0,0.5561023822827084,0.5309218023668704,0.5749192715070425,0.567813562301836,0.8090176540569187
chr21:45543000-45543600|0,0,0.7478983078705521,0.8397575259159219,0.6533679390564698,0.6490267229559074,0.8521318653311102
chr20:17508695-17509295|1,1,0.656840572708443,0.713170454073272,0.9256682557521659,0.9257110547436761,0.8038381317503791
chr20:27462000-27462600|0,0,0.47330925152088,0.5350790428006497,0.0022997364179812275,0.0027827335582303364,0.045454679384259324
chr20:34525967-34526567|1,1,0.5910995523067373,0.6230896978826482,0.9705293793350218,0.972440818755228,0.8689411404672385
chr21:13105000-13105600|0,0,0.40679602984626206,0.4446254032857642,0.02498282928460436,0.02612367086909951,0.15834576768038613
chr20:55069000-55069600|0,0,0.39666459279114563,0.41074213266557735,0.29528470721561695,0.3007069944610149,0.39866505881085645
chr20:20255000-20255600|0,0,0.5365320472641949,0.50651205079059,0.6626212666421176,0.6710015527817432,0.7287091355626905
chr20:6588000-6588600|0,0,0.5249713510403204,0.4641989635330655,0.221565939119764,0.22920746894184302,0.27890621075009836
chr21:21285968-21286568|1,1,0.4191774996312509,0.40633182384252664,0.9584061514423976,0.9575475962862381,0.21312664115702604
chr20:48447000-48447600|0,0,0.4912442145626452,0.5008502581869974,0.3171060813384316,0.27824042371286406,0.728968941840881
chr21:14582187-14582787|1,1,0.4225147032465068,0.39584712268174355,0.8023574318083492,0.7956760393527762,0.6934520558087383
chr20:32608009-32608609|1,1,0.7022441607232162,0.669201867244033,0.5462854654190251,0.5736943607210874,0.7258574779795249
chr20:37802566-37803166|1,1,0.47163295788618886,0.5407980297598629,0.9801400144353207,0.9813884843006571,0.6997690654903285
chr20:1800362-1800962|1,1,0.4816725396402383,0.4294782096630713,0.11856483375690835,0.12045031415264995,0.30669755593100095
chr21:38633000-38633600|0,0,0.40952610584893717,0.3752820088376783,0.12103547968213992,0.12333592417157468,0.47568940413240035
chr21:18864000-18864600|0,0,0.4504390637190418,0.3620268680179421,0.024482083790537686,0.02147673106340164,0.11356973660997143
chr20:1939000-1939600|0,0,0.6126218616567441,0.5357300222265805,0.25488749577297715,0.2506947015725103,0.7063760467803555
chr21:42379911-42380511|1,1,0.6338379541964128,0.6504494465898139,0.6436700098115786,0.6810432581948148,0.7658954611267313
chr21:23216000-23216600|0,0,0.5350619023206895,0.5737681797870744,0.1291808054741086,0.1348390401077762,0.20756566417915404
chr20:21232433-21233033|1,1,0.490053294134602,0.532106921470604,0.8702168791275197,0.8663048162296377,0.6085948627469777
chr20:48480000-48480600|0,0,0.4686094241277395,0.4210022826581735,0.3111550528161946,0.3287774018077098,0.3694867893909342
chr20:7195000-7195600|0,0,0.5069093317013958,0.42573408756236186,0.22367120435732438,0.21573271231144928,0.35715255971011806
chr21:45252000-45252600|0,0,0.7049903641256272,0.7668995815279165,0.42262326561666325,0.41669179571000353,0.8116918976858076
chr21:39588000-39588600|0,0,0.43360726748891926,0.42436302050131525,0.10553120085757361,0.09903325020301866,0.4898111636989456
chr20:59264000-59264600|0,0,0.42709870895841645,0.44458908717692286,0.459286789078203,0.4568262281064846,0.37990947347946985
chr21:22016109-22016709|1,1,0.5188611877380147,0.5087686592746526,0.14536387651196284,0.14337908732469437,0.4422700658328938
chr20:56960000-56960600|0,0,0.5770239360574726,0.5521874954438115,0.29847606944118366,0.29091062461437317,0.7124565376314669
chr20:36072377-36072977|1,1,0.4773425201847574,0.4492849944103115,0.18112757616288605,0.17200371109503013,0.34060314657477936
chr21:28975000-28975600|0,0,0.4030750445554052,0.4156869736198376,0.04393882901090919,0.05134286023290045,0.20710767555127585
chr20:16486000-16486600|0,0,0.47330925152088,0.4576076622404296,0.3050389213283152,0.290681255318505,0.2656047215886165
chr21:29130494-29131094|1,1,0.5784220509995083,0.5802122335490579,0.6021980593189862,0.606547245893901,0.7414859355782192
chr20:6834000-6834600|0,0,0.5093937213496504,0.5602613571832799,0.2054512426929224,0.1730595314954413,0.19780991735561657
chr21:24526042-24526642|1,1,0.47044694181639746,0.4408857477171097,0.3108249384720607,0.3120694001486624,0.2696685302205069
chr21:29057891-29058491|1,1,0.5268381924441179,0.5283012958839995,0.12404533376826996,0.1371288672524071,0.29326643679675934
chr21:41789000-41789600|0,0,0.4736453916583231,0.4373619150413671,0.32920671925217543,0.3549550682566831,0.4027086224159358
chr21:18331872-18332472|1,1,0.4335876979494419,0.43292779499566786,0.5516724997657783,0.5379015392894585,0.4887253937082748
chr20:52342000-52342600|0,0,0.3907607050203326,0.3934876809565809,0.26137607877614716,0.2974188043139844,0.6028245758718799
chr20:12276000-12276600|0,0,0.6123395095703963,0.46666663284877624,0.2176495689099028,0.17755369935135662,0.5570343351069582
chr20:27837000-27837600|0,0,0.46726618855633806,0.5145026502305131,0.0001619814598797197,0.00017894059528775102,0.062267567634868105
chr21:44642000-44642600|0,0,0.4238099637044162,0.4355452264706584,0.09924254641706994,0.1192154709284906,0.4869676259397326
chr21:36213780-36214380|1,1,0.5194710328239315,0.5473828653158966,0.9517289246843733,0.9576274003883128,0.6621982272595648
chr20:60253058-60253658|1,1,0.641584241148345,0.5588558473817571,0.7403627989368229,0.7437718582156093,0.8612641184098981
chr21:46210443-46211043|1,1,0.7096486620416851,0.6413315177445421,0.31988159207465217,0.3125253905662023,0.6216650935148764
chr21:18649467-18650067|1,1,0.4304764996814758,0.445567538835508,0.4913713590317652,0.48939168763941987,0.7471998341432433
chr20:2618000-2618600|0,0,0.5063530957194311,0.5128757665243426,0.41634013769217837,0.4402533482744907,0.516332709450561
chr21:26468330-26468930|1,1,0.5185028878563837,0.514321676769459,0.44427822384244553,0.41913195784452845,0.5208307734456517
chr20:8256433-8257033|1,1,0.472865779716788,0.3916376614476765,0.294643768235452,0.2924322888431634,0.4724633518529565
chr21:44273000-44273600|0,0,0.6815549517364188,0.6344302435681329,0.49366633340884686,0.4816976812427057,0.7262943858519394
chr20:25090000-25090600|0,0,0.5930115067121189,0.5132187719226786,0.9301700565680324,0.932708589906934,0.8226051083012694
chr20:33669171-33669771|1,1,0.6557904365245697,0.5135185690820865,0.970693863364989,0.9670906671218555,0.6862156204453123
chr20:36607414-36608014|1,1,0.5468412743984469,0.5270007461670821,0.9924745974991814,0.9930242997230798,0.7006030321060125
chr21:13051495-13052095|1,1,0.5041095647111318,0.5816260496386001,0.21458049180591943,0.2359976628078283,0.7696339556300025
chr20:3648000-3648600|0,0,0.5965375356506026,0.4642956903047057,0.48401223181983927,0.4786561179751303,0.5456271087855353
chr21:7744000-7744600|0,0,0.577273923417556,0.6626792995361501,0.5817193243886959,0.5872916562194915,0.33154170522600834
chr20:11618000-11618600|0,0,0.5437315558997479,0.5769573255881861,0.3257924587639667,0.326207506315924,0.5391592766429708
chr21:27180000-27180600|0,0,0.4245645405811657,0.40167223683283637,0.46389284022287963,0.4410448051275479,0.47466737793952823
chr20:29828000-29828600|0,0,0.593777812101727,0.6041817926105115,0.27762394533656415,0.3020742879030762,0.8559294910183759
chr20:33195000-33195600|0,0,0.5160362707103108,0.456775288682158,0.024354069022738786,0.024695002580552197,0.2349570953250993
chr20:3600645-3601245|1,1,0.42709870895841645,0.41409127832525,0.8734385621256106,0.8785558286902617,0.3583196315312173
chr21:42420000-42420600|0,0,0.42507783071678673,0.3242844414389646,0.1338007415690965,0.11459952034532547,0.20265051535034045
chr20:51693801-51694401|1,1,0.6547523572901565,0.7399235379585029,0.9482714688928462,0.9433370716717766,0.9045897532027455
chr21:16927000-16927600|0,0,0.3595650498027401,0.33134210728150737,0.39560623027571556,0.3843953767090515,0.5247262968172313
chr20:20637200-20637800|1,1,0.37153106886974674,0.4261024297196792,0.8352799810357175,0.8264297895958947,0.709536896881559
chr20:60567000-60567600|0,0,0.5717873031033761,0.5397776743767991,0.3931189094901881,0.3856709474755935,0.3914307750935186
chr21:9759000-9759600|0,0,0.5282362339503752,0.49132121102749365,0.5282271081677012,0.5088565636552579,0.7602374137895969
chr20:2006631-2007231|1,1,0.5738839549731627,0.6271419948991112,0.4833014594859723,0.48643948600891207,0.6792522529816681
chr21:33797078-33797678|1,1,0.5037960852589096,0.5421715963188679,0.9937345583320024,0.9940835815198733,0.8978697631371707
chr20:64000776-64001376|1,1,0.64719943444036,0.6740092481744613,0.9771433379853567,0.9772696756489072,0.6028092699767637
chr21:30753000-30753600|0,0,0.47876512265273763,0.41662468363828026,0.2437083435829662,0.2480153331510188,0.5528146326871782
chr20:6066000-6066600|0,0,0.41672356573693586,0.36104306285093746,0.11282810826063724,0.10527387369456441,0.4031303421381959
chr20:14636145-14636745|1,1,0.5082127172982056,0.5269460298299175,0.23258360865307176,0.2672243942079897,0.677498571005427
chr21:46222437-46223037|1,1,0.6884329170834947,0.5900365555066199,0.9464396141593292,0.9451016798307211,0.4144589248656299
chr20:33412125-33412725|1,1,0.6886882585016179,0.6009552756533384,0.9934895323818044,0.9939769058775864,0.8600145752378257
chr21:44093762-44094362|1,1,0.5281708008052644,0.5587025438638202,0.9553999104352586,0.9594369564079616,0.8663948141844425
chr21:22939000-22939600|0,0,0.4599562193831659,0.3787044550086897,0.19170573447260475,0.17265272625245082,0.5439993146977896
chr20:62914105-62914705|1,1,0.5419012891069037,0.6296642062948672,0.9513924780644968,0.9549149437648345,0.7324213317022802
chr21:19402000-19402600|0,0,0.36833081261080114,0.36460180350147037,0.0989897774444728,0.08871999693642224,0.3520566275588217
chr21:21903000-21903600|0,0,0.5944383469629496,0.7039835824061109,0.027295081698052226,0.02685060028277962,0.4175133741831898
chr21:7210000-7210600|0,0,0.452236886765472,0.451388450265629,0.00787826949995105,0.00770198840333226,0.10109661696131801
chr21:12507000-12507600|0,0,0.4634351602492873,0.5233970880548221,3.450223933729567e-05,3.710819090348293e-05,0.08778821845165843
chr20:21103172-21103772|1,1,0.5994038531465504,0.7090507660619472,0.19756022627671901,0.2166247697154878,0.7966141915022398
chr21:45789000-45789600|0,0,0.570605863000032,0.5442684420796363,0.07619478996997187,0.0721006120699578,0.12472985374926537
chr21:46633000-46633600|0,0,0.5216211693993424,0.4474864465740004,0.10072593581611466,0.10623588693951441,0.14703860724560844
chr20:4859083-4859683|1,1,0.4860053135276986,0.5327966059753048,0.9953978754239354,0.9957136123838022,0.6343288062050907
chr20:20262655-20263255|1,1,0.4713605485475253,0.49687471735294075,0.8335040771611518,0.82540452179032,0.603981695314804
chr21:28966878-28967478|1,1,0.5048544732128796,0.4937681966608079,0.9942086747363801,0.9940042172246837,0.5945770308480989
chr21:10330000-10330600|0,0,0.48571753742923257,0.46113071390938437,0.2687969530334804,0.27152289235103066,0.535513920370066
chr21:36477262-36477862|1,1,0.5745822529307955,0.5821525175811915,0.41436940969632774,0.44476168255511606,0.7895090986013069
chr20:14177000-14177600|0,0,0.4945131581634531,0.5098135400239157,0.021042577615322123,0.01835036289148487,0.1386254898523895
chr20:57726000-57726600|0,0,0.6067010466938131,0.5475698731874957,0.3462122729413006,0.3252106675108603,0.4566741345677924
chr21:46381393-46381993|1,1,0.5236274041407459,0.5625777361959223,0.963385337385365,0.9615003690034587,0.6329306482616339
chr20:14129000-14129600|0,0,0.4149054207535178,0.39258839743298973,0.032477064610968276,0.033292898816578154,0.5270649834618263
chr20:44887347-44887947|1,1,0.46830002032541107,0.4014380455000111,0.43356423640059344,0.4332788912697904,0.5105787958998397
chr21:44098056-44098656|1,1,0.5714376082529972,0.5841729839306329,0.9491732304244823,0.9520291158622768,0.5778678774309278
chr21:39177270-39177870|1,1,0.3846819743947744,0.3802603621404905,0.7137230759700831,0.7052714244302767,0.7042826536334909
chr20:49153770-49154370|1,1,0.47298027185778235,0.48792233963709797,0.9687175392610076,0.9684111114688195,0.6169311906831951
chr20:10237706-10238306|1,1,0.5512516075834045,0.45169917941153387,0.6302294713747644,0.6123686181707105,0.6101943298385007
chr21:33265601-33266201|1,1,0.5553145908309639,0.6901481522879592,0.7359318665339858,0.7434135310402692,0.933617622301002
chr21:32268816-32269416|1,1,0.447695722815355,0.42109166041977647,0.5094985757961761,0.5200979555320034,0.31415268000268687
chr21:30393000-30393600|0,0,0.44421526145581114,0.40131390276108625,0.4244750616671979,0.39051964614821016,0.5284956033129429
chr20:59030128-59030728|1,1,0.41028153654028804,0.4329518889062968,0.9292644942536393,0.9367426518417222,0.7540577551780576
chr20:53137152-53137752|1,1,0.518308603472002,0.5161341559813625,0.48379195004310566,0.4638947249306067,0.7695538036860331
chr20:51174000-51174600|0,0,0.43125158309055783,0.4107848467554504,0.2420777411374647,0.21148643451300964,0.47783770585958124
chr20:24558000-24558600|0,0,0.4259666411883598,0.4294091123325907,0.13276574763127366,0.12393735308560404,0.34000857743216567
chr20:33540000-33540600|0,0,0.39156288681896523,0.3705819687644438,0.2980246788628978,0.2836673927479307,0.3476548373285012
chr21:29759719-29760319|1,1,0.48471515704823137,0.4709655796279878,0.5160308550962961,0.5366013650838904,0.41245602733286346
chr21:39216876-39217476|1,1,0.50096560751266,0.4934906228795292,0.1998030302400314,0.19177364576934106,0.12644427787820944
chr20:50587031-50587631|1,1,0.6262622353770346,0.5459676062635499,0.8309483960124068,0.8281920437152086,0.6477536399036856
chr20:45909370-45909970|1,1,0.639789892402909,0.6054080019883417,0.9934103027770009,0.9928827446672928,0.8186641855207019
chr20:23714000-23714600|0,0,0.4441633431969654,0.4713205647989032,0.5466307794073132,0.5529657228753803,0.6765119549060284
chr20:50468000-50468600|0,0,0.5396196192591617,0.5006693801745725,0.3645618871033869,0.39270712900845184,0.6496528618609
chr20:32093562-32094162|1,1,0.6157049707499823,0.5921759364389557,0.9695584784937213,0.9710540288751066,0.7186685187319387
chr20:12462000-12462600|0,0,0.42587853409016146,0.4532345115664216,0.07171614768329038,0.07297419381361224,0.5989246747861479
chr20:41029130-41029730|1,1,0.7734215421603433,0.9581729076485256,0.8165119683220683,0.8172012615392925,0.787410898216808
chr21:7309000-7309600|0,0,0.446040229256106,0.43502833592049567,0.02465524576912949,0.02948199400702773,0.041724091386454124
chr20:31559310-31559910|1,1,0.5949783948994961,0.467597667188297,0.5009978661036928,0.49570446486081,0.5726050958515608
chr21:17763286-17763886|1,1,0.4938103250744008,0.4838310899746158,0.5099486771218992,0.5145772107128208,0.8067655496800942
chr20:13955830-13956430|1,1,0.3624700089316588,0.3784113995124951,0.5670707271758468,0.5498128774960409,0.23804333851823808
chr20:17438000-17438600|0,0,0.4748013252527245,0.48905958646030084,0.6557298883736468,0.675976375667005,0.553869317064514
chr21:5738000-5738600|0,0,0.45357234795403556,0.49467396673525815,0.3230934800942755,0.3283868970883967,0.6277758444416015
chr20:41204765-41205365|1,1,0.5403681576271746,0.46669079806541475,0.9890399845844475,0.98932154884634,0.812492566291041
chr21:29534000-29534600|0,0,0.47086853562528064,0.4269436055979845,0.4917784602339578,0.500332149256836,0.6072282556228537
chr20:13528210-13528810|1,1,0.41632945409467365,0.42689766032685106,0.9053221097072791,0.9130962636458431,0.6143662602108859
chr20:42378000-42378600|0,0,0.5237304961738941,0.46061635328897754,0.3515439680034529,0.3581828927431098,0.306404380919873
chr20:50180000-50180600|0,0,0.5992365286019509,0.6302729602392361,0.30561814570913837,0.3119128625144501,0.19393027972202706
chr20:38879000-38879600|0,0,0.5295831752481209,0.5586251994912067,0.8131634552635371,0.805159383841547,0.6820100015102095
chr21:37354000-37354600|0,0,0.3891044322876571,0.43090210941983736,0.02221764060339623,0.021769044276564307,0.3356062235785017
chr20:54702000-54702600|0,0,0.5815484369768134,0.6215622262102591,0.30880789285841975,0.29810005229182934,0.32740984987667
chr20:44177671-44178271|1,1,0.4827275234680851,0.540867506058959,0.6065213474795781,0.6187808234865064,0.5860475254380525
chr21:25414000-25414600|0,0,0.47686953038672975,0.37588244666743986,0.13860398017674996,0.15700120631187886,0.10251180594068772
chr21:23540000-23540600|0,0,0.4736453916583231,0.5740215794570005,0.4449940336431327,0.45575418738674356,0.538921242351256
chr20:32792325-32792925|1,1,0.665221682391604,0.5462629655394227,0.9886124854815714,0.9885170287411991,0.43534021771693276
chr20:22449292-22449892|1,1,0.5500310846182208,0.5758364891570574,0.7588116244272533,0.7469452305450338,0.6769089907124337
chr20:10555930-10556530|1,1,0.4741874462358197,0.4148267476397998,0.6036887800079093,0.5908768384715988,0.5458740612936085
chr21:42477143-42477743|1,1,0.6191901827283904,0.6354789557522791,0.28762490041572086,0.2938579365859173,0.5361785852930318
chr20:37771000-37771600|0,0,0.4935862611157573,0.4847024931857145,0.35263871338672936,0.3345800961731401,0.5352509274102141
chr20:9990000-9990600|0,0,0.46558562094181466,0.4016348572163101,0.20494789157792798,0.20334079332302707,0.24320985049653665
chr20:60249193-60249793|1,1,0.5731853622389358,0.5642460997302967,0.31171531430419325,0.34776415224064555,0.6362815315889986
chr21:22834000-22834600|0,0,0.3551978004677113,0.34697913602357955,0.01755069147639749,0.01937457961735515,0.20084169885655975
chr20:24834000-24834600|0,0,0.5450207470922646,0.5247271850470641,0.5325921832118657,0.5358356560787528,0.7975224687089606
chr20:25921000-25921600|0,0,0.4211668694360574,0.41899645707185174,0.1772572141621784,0.1766562447593211,0.47233716460153563
chr21:32607415-32608015|1,1,0.5233944522692615,0.60230882789582,0.8559245368235416,0.8659867981717314,0.45908829273064283
chr20:13270203-13270803|1,1,0.5063636369545599,0.47495756101903497,0.9737531430625093,0.9730596708226824,0.749765016948626
chr20:40912000-40912600|0,0,0.6124929643569502,0.7153296005091216,0.2934090358784498,0.2999085964231274,0.7427362326322797
chr20:17645000-17645600|0,0,0.5892087810195719,0.6285280585986528,0.533711616349092,0.5089797103976736,0.8108842952578302
chr20:32069387-32069987|1,1,0.4559179231237173,0.4406538428511366,0.6300683177286649,0.6226462858124315,0.5142734913439846
chr20:50105000-50105600|0,0,0.4102711958337349,0.4181139600864754,0.5382238519695774,0.5720559720671963,0.3864686613765201
chr21:37885000-37885600|0,0,0.5615621892700798,0.41766006798689487,0.42151819657246564,0.4358143250652584,0.41261277734824964
chr20:3159000-3159600|0,0,0.5625982702219661,0.636385801045049,0.508874640177466,0.5419700413620547,0.7181439685064537
chr20:499004-499604|1,1,0.5129484786458153,0.5923895007735378,0.8278427033985009,0.8166482976688608,0.8245704407782171
chr21:21399000-21399600|0,0,0.39985110587081185,0.37060342951536124,0.5013937075594777,0.48399960625268196,0.4821837285876032
chr21:43004025-43004625|1,1,0.5016978392829105,0.4858947528115472,0.15238456269337597,0.15279991497669357,0.27636722221086363
chr21:39894000-39894600|0,0,0.48616797685472724,0.3749933652555824,0.21127537542292749,0.19926837982450374,0.25105764891339477
chr20:62633667-62634267|1,1,0.5910995523067373,0.6733701376322955,0.6778702882820242,0.6743506493087784,0.9202360294372179
chr21:21978000-21978600|0,0,0.4736828125459571,0.47422895516632707,0.16561027940652998,0.17553361752021993,0.21420545194232965
chr20:13282000-13282600|0,0,0.5633534876220166,0.5354603725435033,0.3170115364708565,0.32877149457088256,0.4554985467490206
chr21:24183000-24183600|0,0,0.4385868773565742,0.3947196108703207,0.42543814289196646,0.4120601523917382,0.49353674207478215
chr20:59528000-59528600|0,0,0.5137311648720169,0.4851112011319227,0.07148611079976556,0.06912113737761498,0.5002921161521415
chr20:42063206-42063806|1,1,0.5545760319199704,0.5168181216454301,0.33759819063771856,0.33880916113991644,0.8430229864618296
chr21:20711000-20711600|0,0,0.463534509159314,0.47927505325609054,0.3541610147970348,0.35922218020666363,0.45211100463988585
chr20:34581371-34581971|1,1,0.6391528332915605,0.5613157532030733,0.9656695480192872,0.9650495241689454,0.7092549353769051
chr21:25843000-25843600|0,0,0.4931489904082589,0.4764247148431923,0.647443249381705,0.6783272493939819,0.325735127380249
chr21:8603000-8603600|0,0,0.4433133617689699,0.4179254284651409,0.5274306462719945,0.5307127616716354,0.6681168911678108
chr21:42234000-42234600|0,0,0.6208159226492403,0.5683321413245792,0.2672078949635694,0.25841034904050497,0.8135526925940746
chr20:35672543-35673143|1,1,0.5359137819518113,0.6048545216207687,0.9567742666813246,0.9611221448538196,0.5734877468472569
chr21:43864000-43864600|0,0,0.6953789775302257,0.875092111569859,0.39163698127997154,0.398512255883505,0.9152196217591599
chr20:28186000-28186600|0,0,0.46681957571520855,0.5133937353067118,0.00018869696627866236,0.00021880840102849703,0.06475824956074358
chr21:33754996-33755596|1,1,0.4140183380013433,0.3813380345859987,0.2356681633470649,0.23266901764320225,0.2644946388266892
chr21:31126851-31127451|1,1,0.4955439066707654,0.5357095545547774,0.9903024297486589,0.9900171306428972,0.7503839203972795
chr21:16858000-16858600|0,0,0.37147008766141,0.473561818660472,0.6278752475119909,0.6366932955203454,0.5055373714915031
chr21:46599202-46599802|1,1,0.50524349287815,0.5242118722309601,0.9725321527897195,0.9729230523406235,0.6426863075544327
chr20:21759000-21759600|0,0,0.479165506506121,0.4072893196836338,0.0964439249505346,0.09960300338116365,0.4679227224201091
chr21:31801000-31801600|0,0,0.5929930108312135,0.5761383687360103,0.15948592120949848,0.1740345965114712,0.4200588289068673
chr21:6324000-6324600|0,0,0.587547415577524,0.526634678515483,0.8223209941797021,0.8315182894860571,0.8055247163280869
chr21:9639000-9639600|0,0,0.4283173175524941,0.47280245192627895,0.39755601971020654,0.4024926563427849,0.8456214117836518
chr21:13363000-13363600|0,0,0.5443568764531149,0.4376851932971892,0.19885812435375821,0.18764915693095857,0.46426726157357046
chr20:48265224-48265824|1,1,0.48948856435636817,0.46833945403831617,0.4346792025745369,0.432469726623228,0.5951107252391716
chr20:18510521-18511121|1,1,0.5315915323012338,0.5155568094012006,0.9504382709621616,0.9467379544231972,0.6357744447981913
chr21:37099000-37099600|0,0,0.41290833601586496,0.4611026536158779,0.22714927054095602,0.2287437783502718,0.32585996101459425
chr21:35339000-35339600|0,0,0.46714500456447633,0.41935239508857153,0.090890586366619,0.09587186585920882,0.2803753893090977
chr20:42387000-42387600|0,0,0.45262111248748615,0.47259921667031835,0.39334110616138557,0.38860453493170616,0.7723180976632369
chr21:39231983-39232583|1,1,0.42658695894614906,0.4261976754230419,0.9980702926765939,0.9981881935267868,0.7376473882381593
chr20:29870000-29870600|0,0,0.4629623524888853,0.43717182048075537,0.04774052098385512,0.0479240676517604,0.509535057230599
chr20:54033000-54033600|0,0,0.42819597893562583,0.4236912530743514,0.007769613477155557,0.00788504495655541,0.14377151827531479
chr21:46639000-46639600|0,0,0.3693653096029644,0.3468003538667129,0.057835527287813195,0.05668484883409698,0.29273143760640247
chr20:4883522-4884122|1,1,0.5662472812635996,0.5054074564804363,0.9897174258792094,0.9900665983013364,0.8013118812427218
chr20:62165121-62165721|1,1,0.6779604467799378,0.8266177063260208,0.9406512438184,0.9388500548842946,0.9150030429598777
chr20:58243404-58244004|1,1,0.5294855830641536,0.5348905811916693,0.8241965206187478,0.8415585438512883,0.7838972910196063
chr21:6810556-6811156|1,1,0.4738787010692333,0.5719263718186756,0.7808583212845397,0.7962022806024662,0.5347743854505818
chr20:34090301-34090901|1,1,0.49107521802598775,0.4514760482547666,0.895562377722961,0.9117510513682078,0.11593931991648096
chr20:31498000-31498600|0,0,0.6307063221030116,0.5518797500010006,0.3524065886295078,0.3372883914800565,0.3508350948981349
chr20:29354000-29354600|0,0,0.463534509159314,0.4466640816001512,0.2384191982594083,0.249867326801209,0.3050842340361596
chr21:33864850-33865450|1,1,0.607558674605692,0.6481336985388421,0.9846002153386075,0.985929410421801,0.7704133811802327
chr21:26231000-26231600|0,0,0.5731403080610149,0.5336067732498087,0.010949939756625926,0.008788117252111304,0.6057795281681606
chr20:15552100-15552700|1,1,0.5096032309810856,0.48122012049207824,0.5150767556205879,0.5228697316587958,0.587310001365474
chr21:44421969-44422569|1,1,0.6325634758102675,0.6683888370667921,0.5279817015418838,0.5368399281020672,0.8634058814794373
chr21:21777000-21777600|0,0,0.5385288808290682,0.48270571654423133,0.07533432719945801,0.08079683646752965,0.16923468687668064
chr20:57280113-57280713|1,1,0.5888065524041222,0.5922164763757729,0.6842218653288332,0.6709385231787388,0.7422158164121516
chr20:31225000-31225600|0,0,0.44280943556476315,0.4518410077206888,0.01254674632291327,0.014555766924237835,0.024223778584827292
chr20:34979089-34979689|1,1,0.6704702253090973,0.7072791185891267,0.9831319617579035,0.9841872172099428,0.6752917619512507
chr21:9792000-9792600|0,0,0.4388715516935717,0.3939426456304244,0.40589932141073143,0.40844389819987625,0.5022168318138609
chr20:40651000-40651600|0,0,0.411628416355572,0.37496328958086816,0.060092030521336555,0.062338021677779736,0.20717790180299483
chr21:37159398-37159998|1,1,0.4698371853042495,0.5192318908559077,0.763434379770296,0.7518333268505402,0.4393282042435544
chr21:33252361-33252961|1,1,0.4367092343586286,0.46555916529106617,0.4074959982518381,0.40352076954185956,0.6720632719410969
chr21:39063000-39063600|0,0,0.5794387501338093,0.5102335513005314,0.2614051324677793,0.25472382710994834,0.7572220680734021
chr21:43633120-43633720|1,1,0.45092251576954234,0.4304225180002438,0.9287538507754106,0.9297307210144807,0.432747521422333
chr20:35180000-35180600|0,0,0.5902170031756772,0.5633502849218722,0.4384611256729608,0.41653905199714164,0.2700457320552881
chr20:20589064-20589664|1,1,0.45456499805616496,0.4920966014487927,0.5234640140642385,0.5621125434787779,0.7916870682169962
chr21:15219956-15220556|1,1,0.46223411838884504,0.5504300480876335,0.4250972057933135,0.4263432689655385,0.2522581988824304
chr20:23843000-23843600|0,0,0.5461156812729491,0.5190725132043882,0.6116301522164135,0.6069154601715957,0.600900473859343
chr20:25132000-25132600|0,0,0.5375072432837577,0.5367143963710098,0.024393502338242532,0.02578654837219018,0.3620039649501129
chr21:44328930-44329530|1,1,0.6702768739608185,0.6799904860670328,0.5118494486859405,0.5169552295501023,0.7204345314508785
chr21:24960000-24960600|0,0,0.5314365856216012,0.5361449291124878,0.1692200643817898,0.15676152753234557,0.28782586735667304
chr20:62660111-62660711|1,1,0.7058791886000501,0.7015860099240107,0.9528822672652795,0.9497892007253633,0.8796249569953127
chr20:47661595-47662195|1,1,0.6050151865702192,0.6608684989290797,0.9834063049641788,0.9841999624842965,0.8936902241818142
chr20:60271766-60272366|1,1,0.4743284503104785,0.4250763878002812,0.526647746287046,0.5221719708853253,0.7027015982456091
chr21:32319113-32319713|1,1,0.614843426426826,0.5548205020750004,0.9809692443333057,0.9809637005028332,0.7719775435377978
chr20:35120000-35120600|0,0,0.5658748514790838,0.5860082531954758,0.30989348249075505,0.3158660539348619,0.17491688145442758
chr20:2751399-2751999|1,1,0.7075433885749133,0.8351837308124357,0.9917962322748776,0.9917842560866946,0.8712517627006777
chr21:35612000-35612600|0,0,0.5575666679403302,0.49099314378647607,0.23144283880486405,0.216033875396341,0.2976405674123907
chr20:41254334-41254934|1,1,0.48019488654118947,0.3678285633139457,0.06743593082568843,0.07322368229755953,0.25355936716263766
chr20:18807000-18807600|0,0,0.4654258065521141,0.4253529980606394,0.19028049876664385,0.17674485785597002,0.1908136463976972
chr20:10104093-10104693|1,1,0.5058702648437916,0.491480351435288,0.33832771345030604,0.3403645170298244,0.5872853099793912
chr20:48825000-48825600|0,0,0.5287049263243229,0.5364533288749109,0.6147473964913012,0.6123069654350838,0.6173130984509935
chr20:61852453-61853053|1,1,0.6995136619837932,0.7487479987132275,0.9666737449575297,0.9677547466233245,0.9032711491655544
chr20:32327255-32327855|1,1,0.5438929464185458,0.5294881336936182,0.974217871848501,0.9733328328368233,0.89229550946285
chr21:14378111-14378711|1,1,0.44940972411756863,0.43207577183365015,0.9946719607545813,0.9949000209139252,0.5487809154303915
chr21:19702000-19702600|0,0,0.47826766386497044,0.449496412743583,0.1659588079687295,0.16271505187251642,0.4533716429736107
chr20:56198000-56198600|0,0,0.4700698936769223,0.5010317699030626,0.2986425200850326,0.2910041818255011,0.3798808181182171
chr20:14417000-14417600|0,0,0.4097366541766522,0.4172609978256069,0.05180294347681219,0.052447024510042475,0.03549470398393786
chr21:45411000-45411600|0,0,0.678038715446841,0.667887199272545,0.5930765748667193,0.5985909681343397,0.8431886752078156
chr21:14798000-14798600|0,0,0.3764794505456133,0.3626159668667296,0.11907970177173986,0.09589875334672876,0.3615668462108777
chr20:58985792-58986392|1,1,0.4960802900386869,0.5118869508393974,0.9647856952355323,0.9639389460704976,0.5784696133228857
chr20:3007043-3007643|1,1,0.4629539866569711,0.5045996753396675,0.5943054775596236,0.5950667534016418,0.551411746238499
chr21:43783000-43783600|0,0,0.6005326639559396,0.5903839251863732,0.7243970067510686,0.7309323624215281,0.7193665079291207
chr21:26480128-26480728|1,1,0.4667413934871217,0.5019144296009403,0.9955368180816889,0.9962382269404548,0.6136029235758028
chr20:54285000-54285600|0,0,0.5253230556750607,0.4872620253233083,0.3189339534393966,0.29818475579675485,0.5112307475742446
chr20:36660083-36660683|1,1,0.5203304688194988,0.5919673363162473,0.7685667225058204,0.7593675344139119,0.5053470176642043
chr20:27660000-27660600|0,0,0.4747701865272619,0.5513732198429793,0.00011270971214670601,0.0001258206497833888,0.06342009196124808
chr20:16105000-16105600|0,0,0.49709403894703547,0.39567183357913444,0.19577100846571027,0.1668517209673903,0.5056009564548158
chr20:46379698-46380298|1,1,0.5123220570083676,0.49132558886266525,0.547109002746341,0.5285775210358322,0.6246597907581075
chr21:39499522-39500122|1,1,0.5216731520747334,0.5161843312064143,0.8784390372885272,0.8850592806663174,0.445361047742608
chr20:279029-279629|1,1,0.73949548802964,0.930107964338405,0.9252146076857053,0.9164893779736991,0.5697757002122558
chr20:64120000-64120600|0,0,0.6685343965977878,0.6753498537895283,0.41414575905288503,0.44555416760082156,0.5500127411896247
chr20:22271200-22271800|1,1,0.6066048731655602,0.49166140645376344,0.64374434604846,0.669786509322488,0.502083319725523
chr21:46484456-46485056|1,1,0.4062451098857656,0.38800001158863456,0.7922072412730607,0.7775897819818505,0.4786222875038433
chr20:46024000-46024600|0,0,0.5817258910220188,0.5481107033827414,0.34173205661257694,0.3518237498627907,0.3241892460016191
chr20:46227326-46227926|1,1,0.7328636785829749,0.8650767698827542,0.9876703395203195,0.9893275599107625,0.9376485096497141
chr20:17660227-17660827|1,1,0.566270787515648,0.6067635464316821,0.9999025381026855,0.9999170210117831,0.6957885098198862
chr20:5100630-5101230|1,1,0.49264420244164164,0.5184463247430307,0.9838738856565498,0.9831810902614787,0.837320929923236
chr20:47246216-47246816|1,1,0.5341663621406559,0.6091800896638507,0.8958759765584677,0.886124499746301,0.7819771856882198
chr20:13292073-13292673|1,1,0.5150639662518622,0.5759398799600488,0.9872794856325718,0.9886646311412872,0.8825157172450866
chr20:63700229-63700829|1,1,0.7125952970709956,0.8321681654064577,0.9986396964310368,0.9985605371208836,0.9458444468475179
chr21:26753000-26753600|0,0,0.33930978440359616,0.38305283117284494,0.11622856850208917,0.12858682284085965,0.4216185518697503
chr21:33942733-33943333|1,1,0.5571764582269518,0.5065568886958977,0.09388068430426832,0.099221326110551,0.3401517118298512
chr21:39250588-39251188|1,1,0.38402590485414767,0.4506422556546476,0.9824953182410213,0.9832958358028282,0.40724090517519934
chr20:27729000-27729600|0,0,0.4678452408142869,0.5478500307767549,0.0003511647861621443,0.0004329951873353657,0.08018471091696827
chr21:39428202-39428802|1,1,0.45546050021388135,0.46538584813737177,0.8518284126314561,0.8336367008468926,0.38739691186696945
chr20:3921568-3922168|1,1,0.5472749520869797,0.5836284834294728,0.4581745132914747,0.41574208427012826,0.31365943435368954
chr20:34129000-34129600|0,0,0.5701156349420005,0.6825926779319716,0.5514217147492017,0.538437242632401,0.6343003503035053
chr20:52072000-52072600|0,0,0.5520093551738365,0.48060647705285653,0.36196115177551913,0.3538537358580601,0.3536228215792768
chr21:28930209-28930809|1,1,0.41763174970104605,0.48848713880420075,0.984366643666941,0.98584353091915,0.6231217360411163
chr21:33348249-33348849|1,1,0.4881725303147895,0.47242546434076294,0.3394183893432152,0.3374818969824199,0.38026756289201447
chr20:51720000-51720600|0,0,0.4626187985059594,0.47631252553695186,0.4763494020489583,0.4645797332280611,0.5137762697511944
chr21:36141645-36142245|1,1,0.558962204136899,0.5551607022555196,0.42313189573909377,0.42475464088367026,0.710102242620158
chr21:16417157-16417757|1,1,0.46595307105269995,0.43328787698339344,0.44515098939807973,0.4162194163925138,0.7495661977977087
chr21:45111000-45111600|0,0,0.5749312905369988,0.5843173029405955,0.30021717903554723,0.27822070425652234,0.7783756492376133
chr20:5549000-5549600|0,0,0.4753532589950315,0.46442849406504527,0.9980882258210416,0.9980457880791207,0.35065361739701445
chr20:35987094-35987694|1,1,0.5952228723100599,0.44239562030723667,0.9667768502178226,0.9680511064827018,0.6381672154624425
chr20:10096000-10096600|0,0,0.478874035286218,0.508507080159995,0.27302340402206654,0.2730019684255598,0.43503914675227573
chr20:42270152-42270752|1,1,0.5705296852602552,0.5042096659602067,0.40094443051856876,0.4056282907566042,0.7505568911660849
chr20:21741000-21741600|0,0,0.5148193404476055,0.40779626941888575,0.09561140971718558,0.0944407084714162,0.16163908952827238
chr20:35721576-35722176|1,1,0.465274488217893,0.46922302729194726,0.8331937805567822,0.822795368409859,0.6072923917071843
chr20:31849573-31850173|1,1,0.6993850595390386,0.871883229437499,0.9922479179484905,0.9916338633033052,0.9021427755957983
chr20:43732000-43732600|0,0,0.5465697224050224,0.5049117566817528,0.4387783411786031,0.4563080418535835,0.3157793121748368
chr21:37951401-37952001|1,1,0.5317853284694027,0.44827415298980533,0.23121003471378027,0.2502387252856594,0.4755968594478499
chr20:430049-430649|1,1,0.6770068775429625,0.6263915058485761,0.7710128795488288,0.7509228140883122,0.8010561542067223
chr20:63448760-63449360|1,1,0.6652312182447283,0.5948177983889641,0.31697086412358794,0.31295438191825176,0.7737979617039129
chr20:38186000-38186600|0,0,0.3839218152916874,0.35441641353903036,0.03557166355146406,0.03536870543029626,0.24842758541856677
chr20:9405012-9405612|1,1,0.40818866224292755,0.36169761758538654,0.40404315601139307,0.40125602165780205,0.650324470044129
chr20:45105000-45105600|0,0,0.5477004898185679,0.49516139470663023,0.19280864620747626,0.21065141943783525,0.752052579326605
chr21:37232150-37232750|1,1,0.5405675704581075,0.6950850877920399,0.9957219175126242,0.9962131553966398,0.9372507655305384
chr20:1150000-1150600|0,0,0.5036128076106124,0.49012107598125504,0.0917910320528518,0.10201383693819989,0.5984007852901981
chr20:4792326-4792926|1,1,0.6077643722532842,0.6043977678159442,0.9838047427535919,0.9837006023060474,0.8676765501317307
chr20:1477102-1477702|1,1,0.5534885212295332,0.5018183230537356,0.8503856294276502,0.8461314916312611,0.31553407515273607
chr20:30261000-30261600|0,0,0.5422844491764955,0.4667106677762727,0.05176982477153647,0.05024042971965978,0.47405380365818406
chr20:52750000-52750600|0,0,0.49877626410375453,0.5038420079219105,0.17584069429275265,0.18073456825626855,0.5541271031875871
chr20:22453187-22453787|1,1,0.4855719307030967,0.48850498007594795,0.6954190543110428,0.7038140016941391,0.6090784474898623
chr21:44573000-44573600|0,0,0.6328296569255839,0.6024601529529242,0.31418430645414014,0.2991924593504624,0.5054290700237013
chr20:31475926-31476526|1,1,0.6381135168120288,0.568516657485909,0.72173724909103,0.7087755953017169,0.6257464737228915
chr20:31600000-31600600|0,0,0.5963151677260398,0.631805253037842,0.09021652098243318,0.1021395533897482,0.11727394028087573
chr20:39702000-39702600|0,0,0.519693095590094,0.44524462565928197,0.3704240179365341,0.366434563372225,0.40764750973761055
chr20:47757162-47757762|1,1,0.6215187270487226,0.7216415821650783,0.998051663049172,0.9982894868693383,0.9687938659613997
chr21:29654562-29655162|1,1,0.49561795477773357,0.421012681447239,0.9764546078026667,0.9750332414964467,0.5936278540443247
chr20:16417000-16417600|0,0,0.5395316058072613,0.48656603983591173,0.2801229519605283,0.26712238237717034,0.4853599855197574
chr20:46177896-46178496|1,1,0.6641648402716526,0.6554888881022528,0.9706976515403313,0.9706608568619797,0.7756888907356114
chr21:15315000-15315600|0,0,0.49408303607923076,0.43919994562648623,0.1503825024008556,0.13558406797974587,0.5516265353790971
chr21:40621099-40621699|1,1,0.5273302728293497,0.4851984493111326,0.15086142772267888,0.15353833088376337,0.4148749400192849
chr21:19915000-19915600|0,0,0.39559043890751333,0.412065240574484,0.2733591185061192,0.27695622408697007,0.6728234509884145
chr21:26321000-26321600|0,0,0.5130392480636097,0.5309581785701132,0.1663275274073551,0.17161412317639582,0.545834516630012
chr21:31930000-31930600|0,0,0.5776804427490414,0.5543860742761915,0.35472069053069705,0.3633651255829081,0.6524840170315971
chr21:7129000-7129600|0,0,0.6275770924614684,0.7189871614638683,0.9964255668846306,0.9965532436140488,0.9243104861192496
chr20:22068138-22068738|1,1,0.5141424663975863,0.4754414393042523,0.7059836546805445,0.7274665990957353,0.6624033403718593
chr20:20032207-20032807|1,1,0.4211668694360574,0.5425034598306372,0.972208210561749,0.9704904431148124,0.6674121888816316
chr21:31927000-31927600|0,0,0.5842343213351247,0.6084162966661748,0.09578764272841614,0.08899481932002495,0.16988883539731933
chr21:17916919-17917519|1,1,0.5450612866889434,0.5201105983421187,0.38649448141430554,0.3598584315747298,0.5833632580038243
chr20:60978000-60978600|0,0,0.5578538791195942,0.5827839448203664,0.3419593752130068,0.3356027693929404,0.4134324768900602
chr20:36813000-36813600|0,0,0.525756324695064,0.5230621510146184,0.36422383455647195,0.3869257100358275,0.49166464681783884
chr21:28822000-28822600|0,0,0.39650083519219076,0.2945306371892102,0.11283813596395258,0.10403004277191147,0.1793705443605492
chr20:58090000-58090600|0,0,0.6147960092450151,0.5198621236231243,0.2360832403787876,0.21746423642302334,0.22099033773272994
chr21:31702078-31702678|1,1,0.41342093815391995,0.4454497099168402,0.9903884890193161,0.9912516468936139,0.42161947618945705
chr20:35493128-35493728|1,1,0.6087081909508891,0.5001989603782694,0.9478537507408957,0.9508326647828088,0.4431682704324063
chr20:34558907-34559507|1,1,0.7767160589376184,0.9366804821530835,0.9896064500426645,0.9882284553713836,0.9137007918233906
chr21:23684000-23684600|0,0,0.490420874080978,0.46257203195771235,0.17091052879395968,0.17358453770728144,0.31883412826091334
chr20:17225350-17225950|1,1,0.46907690484384096,0.5812832144189607,0.783715075099677,0.7916202635011319,0.6716542990532729
chr20:1924463-1925063|1,1,0.5974498062387237,0.607969172104784,0.9745025289918114,0.9766275986363202,0.5423132644971528
chr21:35540000-35540600|0,0,0.5316878223917463,0.5503184151884207,0.264180973211942,0.273600599277379,0.3618724843934774
chr20:41112481-41113081|1,1,0.534066427759562,0.6125883790867604,0.9542102461002687,0.9514699078985209,0.5602267490660998
chr20:24300000-24300600|0,0,0.5119057799178254,0.5548354241398925,0.05291274893085582,0.05950202290955436,0.26176419096725617
chr21:14093000-14093600|0,0,0.7098936579120365,0.6290296201207239,0.2767245262412836,0.2668095820523383,0.6001621256713401
chr20:34507394-34507994|1,1,0.4160303255931799,0.4276474351457722,0.8196766738132818,0.8102166176007045,0.204682314929533
chr21:25748735-25749335|1,1,0.385372881578507,0.400296679188427,0.8266848985871963,0.8378695035196395,0.685561458132826
chr20:44795000-44795600|0,0,0.6099510678131007,0.568714240737841,0.04553333465385181,0.0444664121476572,0.3284580707018241
chr20:32114000-32114600|0,0,0.5373736186543485,0.489904382772834,0.11821439935467531,0.1139622850066554,0.2423436422016603
chr21:43639000-43639600|0,0,0.3950537389068614,0.4366965897266265,0.09271518946797729,0.09132458553439203,0.2833157533466509
chr21:12648000-12648600|0,0,0.44795372876822676,0.48819529357682095,0.0013570454211074899,0.0016056528199282598,0.05932171392682988
chr20:2450000-2450600|0,0,0.46719050231110565,0.4126386382054606,0.024175000617985064,0.027503584953030444,0.25654750525562126
chr20:7276000-7276600|0,0,0.5058702648437916,0.4309975449360613,0.09445839499887938,0.09835049961379508,0.32182194326559643
chr21:29537084-29537684|1,1,0.5049361023197568,0.524985252674554,0.43469131972191016,0.4346801549322234,0.553429841099451
chr21:19303068-19303668|1,1,0.44428648217929717,0.4254998674700527,0.5434068477124687,0.5340013981907424,0.7457823171319696
chr21:45486560-45487160|1,1,0.7086345470109356,0.772064666480467,0.9637567775095248,0.9639987826411273,0.9491099531243806
chr21:44033000-44033600|0,0,0.4220037242491357,0.48113211237634806,0.7102937853619589,0.7161250811760549,0.5056402138212847
chr20:30687000-30687600|0,0,0.42471780720106744,0.3940954970579474,0.26351764109363957,0.27732599329829066,0.17876864712783574
chr20:21388972-21389572|1,1,0.42543460507485537,0.4048712872335632,0.6030016252052879,0.5543124592209878,0.4779771120827864
chr20:16717371-16717971|1,1,0.5224148048639213,0.5115441084650952,0.10094473866667142,0.10356860202926271,0.42531984291246927
chr20:35012765-35013365|1,1,0.5960848371506882,0.5939063923138093,0.8909300668809262,0.8847875907552928,0.7132456387640765
chr20:38060000-38060600|0,0,0.5159923540822966,0.48635425008253375,0.3462088411002841,0.3627386236751333,0.3934459773293376
chr20:59252677-59253277|1,1,0.500245425797569,0.43437546313442804,0.7939984081816349,0.8210398531196792,0.4875829161231696
chr20:44858000-44858600|0,0,0.5520554230929914,0.5887808616151665,0.14573577413054284,0.13727656473854757,0.12259923782118223
chr20:60081000-60081600|0,0,0.5322642443200076,0.4817353325799237,0.40324946771097114,0.39367770197887414,0.655818857386062
chr20:35681680-35682280|1,1,0.4850402368539623,0.4190869060872082,0.8407052988283062,0.8400616294197609,0.1602047689097187
chr20:64037626-64038226|1,1,0.7011584313254535,0.8289091482908464,0.9316469165273288,0.9319849486506128,0.8694968142338863
chr21:15102788-15103388|1,1,0.4426858571842654,0.45222013118584703,0.4162432875180101,0.4171951872233531,0.48997077857702803
chr21:39300000-39300600|0,0,0.5332895710880606,0.4829246014762474,0.11037227664612285,0.10636150193623452,0.32987925840283266
chr20:37177000-37177600|0,0,0.49380917210028064,0.4110172078970487,0.13619933544737908,0.1484070371137535,0.3019777630137569
chr20:54154460-54155060|1,1,0.4641365437028028,0.495266042882366,0.6183294566714287,0.6455777547613426,0.6056072192732808
chr20:40360000-40360600|0,0,0.4793142871330328,0.4093094411945082,0.43936819921189224,0.43228017162776505,0.4888486416199879
chr21:46462411-46463011|1,1,0.45219724037672987,0.4547136544054451,0.5490962304817673,0.5365923336675932,0.5954938604065845
chr20:50619831-50620431|1,1,0.6253574693044672,0.6560770064402832,0.9622383354050817,0.9612635180369483,0.7797260954187306
chr21:41180132-41180732|1,1,0.5712461902144588,0.5550172833573106,0.19800855171314247,0.19781065994314345,0.8545031761292569
chr21:8225873-8226473|1,1,0.6312612079236207,0.8297557338493522,0.5580265152409847,0.6003331405046105,0.7057992042153144
chr21:9124120-9124720|1,1,0.46965793399761846,0.45856835057521994,0.427304846643872,0.42532731533647244,0.087753666067038
chr21:42111205-42111805|1,1,0.720399233320433,0.63780314331831,0.6523720053879069,0.6091863129521199,0.4559642532535347
chr21:22231000-22231600|0,0,0.39479424599961316,0.35300654159149747,0.15087873927605472,0.14340078352006227,0.29144505315833524
chr20:46528000-46528600|0,0,0.5214254211477634,0.41788650118870446,0.24410876244839225,0.25728935378564444,0.4766371171158267
chr21:6111000-6111600|0,0,0.8306154101169855,0.9867603762604819,0.6969624843703611,0.5863666994865395,0.349182490182474
chr20:62546557-62547157|1,1,0.7113542883481665,0.7126424952529765,0.523347724096819,0.5367965991640374,0.7411821285098599
chr20:23411000-23411600|0,0,0.45507686875096703,0.4305334508115137,0.1716411958042019,0.1719230864601589,0.3428965316386362
chr20:47972000-47972600|0,0,0.6005187033228924,0.6773203070449939,0.30117618645785843,0.27654818610585075,0.8191257964210653
chr20:41684000-41684600|0,0,0.496247092495844,0.4525820030550373,0.18106502980899902,0.1768181712067941,0.21640603491083524
chr20:14684542-14685142|1,1,0.5005354304543982,0.484231436072553,0.619018511675673,0.6171056544161349,0.7897196638038068
chr20:35669384-35669984|1,1,0.5912154449481664,0.5176860802312733,0.7660204544724182,0.7561347942908022,0.37459787173837844
chr21:43359185-43359785|1,1,0.6286706165268023,0.7023330949216181,0.4677688823038484,0.44693362583337526,0.6707071184608775
chr20:39756000-39756600|0,0,0.4680610667657152,0.3859287408823669,0.3274197380558683,0.33113147554822475,0.7111669546076776
chr20:48007719-48008319|1,1,0.5494248012263531,0.5819204632662831,0.21122428297980453,0.20241312055429225,0.5098596013126818
chr20:37060968-37061568|1,1,0.3917023212629324,0.42340727082186813,0.997130936355933,0.9970633416614552,0.5358205538207997
chr20:58390000-58390600|0,0,0.5531392246294794,0.5902015683515963,0.39611460931530146,0.4011208160620195,0.8682491139137702
chr21:33165390-33165990|1,1,0.5114894863123659,0.541325544668907,0.7086939801605445,0.7489135012078604,0.6183404899516638
chr21:46549470-46550070|1,1,0.5732520776428124,0.6462539768359719,0.9893184190293853,0.9884082930235791,0.9147615509564374
chr20:3811229-3811829|1,1,0.5733293522132856,0.6252260247150233,0.47478391210616394,0.5065382457380293,0.8247990548104338
chr20:34919134-34919734|1,1,0.5789788522937974,0.5201343809542182,0.9823506921599348,0.9857710194893889,0.4414100756957982
chr21:17201000-17201600|0,0,0.42055356814474487,0.405366449548575,0.04524809433097506,0.045088784027700515,0.3796606450351263
chr21:27117000-27117600|0,0,0.45175764260193824,0.4924864419537392,0.34878756627079815,0.3304230925234035,0.5177558795590631
chr20:19049340-19049940|1,1,0.6311601203273189,0.599090314452983,0.7851777568117306,0.7691977419491446,0.907228242420363
chr20:6495000-6495600|0,0,0.4631457250385044,0.5057677292536409,0.25413776044437103,0.22696760646163824,0.5264221994016656
chr21:37699000-37699600|0,0,0.4950115727707912,0.46739804944207625,0.38829260857559267,0.388235763477662,0.4311651699191029
chr21:33802129-33802729|1,1,0.47095577241802195,0.5512192804651145,0.7855518513858453,0.8022478554559305,0.659761468300216
chr20:6699000-6699600|0,0,0.5356607040328984,0.5677454255795428,0.36282190103976625,0.36367591032453245,0.2150830342062721
chr21:38822373-38822973|1,1,0.6483521500063639,0.7727601602809354,0.9951340247763446,0.9954305157429645,0.9213677304878867
chr21:45663000-45663600|0,0,0.5644215925405538,0.6692477679834846,0.4073219551133612,0.4856563801799954,0.7876330567007441
chr20:3381197-3381797|1,1,0.46573877221164744,0.48440472053685596,0.9553546877297655,0.9606272629305279,0.7850577647555744
chr20:51639203-51639803|1,1,0.5945674725508161,0.602113407232182,0.9933900854978311,0.9935728950054208,0.6946126948163543
chr21:42472569-42473169|1,1,0.48287134091726003,0.5273144683718927,0.8950069770180525,0.8972564574808687,0.6162913236837775
chr21:32189000-32189600|0,0,0.5934390863102962,0.5317838826520549,0.2235922714375352,0.23065617204630295,0.4379239515889978
chr21:40042372-40042972|1,1,0.5987669131337243,0.69301592357901,0.9992344565500999,0.999241738619214,0.9421243655223674
chr20:49093839-49094439|1,1,0.43934729414834417,0.4327992704786128,0.9743311686967686,0.9751476966955743,0.825845543245125
chr20:45666868-45667468|1,1,0.5391495045583541,0.4031344905096717,0.6912573661888963,0.7002007061099857,0.3991153611995392
chr20:36244396-36244996|1,1,0.5672965971759419,0.5156077726307849,0.9898481901001401,0.9900856448495617,0.7500715647449987
chr20:22589110-22589710|1,1,0.4867400655575501,0.3889008653716436,0.4396478626694706,0.4264274658034254,0.7569173250533309
chr20:35582000-35582600|0,0,0.6651404824335724,0.6179747392709729,0.9974609707333366,0.9973076869551403,0.6496629412804187
chr21:24531000-24531600|0,0,0.4970978867774794,0.48310228531733934,0.3415391091151055,0.3199668655159017,0.22494520184174766
chr21:33915676-33916276|1,1,0.626563628264878,0.7555434699962242,0.847216076624772,0.8438492146893118,0.9161048920752888
chr21:15808508-15809108|1,1,0.39327736921400075,0.466777141161423,0.9030608159965057,0.9089821183927405,0.461690038749952
chr20:63520983-63521583|1,1,0.782786126503637,0.9557916292672439,0.9116455815641721,0.8893497982446805,0.9020290037729467
chr20:31942644-31943244|1,1,0.6556368325745282,0.510730137930631,0.8552981847060444,0.8423327165043027,0.8204675416379174
chr20:53240000-53240600|0,0,0.4862671724381674,0.4431803059229629,0.24170553065469597,0.2056945558766117,0.4484295026025223
chr20:10991297-10991897|1,1,0.5077446701332861,0.46835713222091024,0.40280222175663155,0.41206123255886373,0.5211930625035718
chr21:43736653-43737253|1,1,0.657946214435526,0.6991900754275362,0.08424727293038997,0.0959360230159559,0.5540722372481012
chr21:44324190-44324790|1,1,0.7402735108132713,0.7724788820563805,0.9813086834469167,0.9805818486403,0.9272059554741587
chr21:30948000-30948600|0,0,0.4418934328863619,0.36491451974577854,0.11449713512711653,0.10422912136566131,0.31810380564111207
chr21:14375518-14376118|1,1,0.5245920655382597,0.610663712311184,0.9415358583348559,0.9413437752466471,0.6520462822649716
chr20:45435670-45436270|1,1,0.5572057592735865,0.5123332077744746,0.5971734781274126,0.5882731249012867,0.7453278411431612
chr20:34942326-34942926|1,1,0.6365069141154786,0.5592819466391228,0.9626816918920065,0.9665623077474123,0.6947389093225199
chr20:56436863-56437463|1,1,0.6319599617749487,0.5946144983807842,0.9520762674120148,0.9532200406759812,0.7116811250437539
chr20:60036000-60036600|0,0,0.5556923055830675,0.5323519306646832,0.4820106758225493,0.5221019442044951,0.6250521142280042
chr20:58462000-58462600|0,0,0.5922131347923723,0.5342010678936822,0.37734411794873113,0.3752444048802138,0.5000184577185686
chr21:33156261-33156861|1,1,0.531262699252451,0.47595265558167543,0.7136898534949628,0.7137416422653817,0.5816631482698718
chr20:53276000-53276600|0,0,0.5157252142963893,0.5017101439847912,0.4887716192564213,0.4775328403141004,0.38936582546428544
chr20:44064476-44065076|1,1,0.6378947420491896,0.5472520868797426,0.8997854840882096,0.8990158292169852,0.7154955190727137
chr20:24142665-24143265|1,1,0.6028883126138265,0.47665128213688623,0.14310895249310251,0.14557066347967884,0.44822394161532764
chr21:31714000-31714600|0,0,0.46588199937051394,0.432293845408258,0.16885227107129783,0.1766365530874127,0.3036497378375376
chr21:36630000-36630600|0,0,0.51359740879929,0.45397587677649487,0.7290608360007257,0.7463027943431725,0.43998245601549785
chr20:390986-391586|1,1,0.6611858235245408,0.7884117805886448,0.9845789789614229,0.9846847282561112,0.8388213904521765
chr20:22510498-22511098|1,1,0.5557615242048412,0.6711440480539493,0.8883051028361655,0.8829342759016264,0.5701671416981664
chr20:17975383-17975983|1,1,0.5252699773877086,0.607681693334408,0.9945610020754093,0.9942907671863727,0.7497690846184452
chr21:41395286-41395886|1,1,0.5600913059604296,0.4716073914081407,0.9873956510882869,0.9868109152870673,0.563040713926698
chr20:36211971-36212571|1,1,0.6078764265036741,0.5473394123879171,0.919851828694554,0.9238029339195505,0.3892456286171178
chr21:14312643-14313243|1,1,0.41654299459742683,0.37368805213053746,0.9776579755107973,0.976358556417475,0.31782595173091904
chr20:18426858-18427458|1,1,0.5184517451465701,0.484346450561852,0.8388839064236416,0.8587818012126827,0.5654796628994813
chr20:64048661-64049261|1,1,0.7965484677450257,0.9762078389185184,0.998398655008724,0.9977175405543428,0.7736560129863479
chr20:51984000-51984600|0,0,0.4744186457185317,0.4351149815550155,0.2618270167902616,0.2734998066374514,0.1396233237099216
chr20:25752262-25752862|1,1,0.4102030349267852,0.4711681098622303,0.9745200854914038,0.9793892308647792,0.5373954248506801
chr21:46612000-46612600|0,0,0.3910538301093267,0.3337093253765554,0.01917289380499312,0.018787488040665958,0.35451224024668154
chr20:25363000-25363600|0,0,0.5075294664614337,0.5437727124441765,0.11426326738411031,0.11352835156459001,0.379385303067611
chr21:11687000-11687600|0,0,0.47755347935151754,0.5555914852854194,0.014632458113283347,0.016431874925040512,0.05918431959845229
chr20:4258000-4258600|0,0,0.5297917718132406,0.38774243323781415,0.2311358805697101,0.23794608245072277,0.3098181403347562
chr21:16507000-16507600|0,0,0.41058589590655364,0.43031630317032477,0.5890799100633758,0.6179927830922557,0.41981605693337354
chr21:41421537-41422137|1,1,0.5734357947546349,0.5635817130932194,0.13688717860134209,0.15292681205662165,0.6177380139349804
chr21:45228000-45228600|0,0,0.5553324250115722,0.5715594965146915,0.7732281154811075,0.7790288660079625,0.6337014584212175
chr20:53273080-53273680|1,1,0.5649741569561704,0.5188758998539318,0.15599764012840225,0.17069794327075227,0.27719085915412045
chr20:45418551-45419151|1,1,0.611517551188475,0.4859777755698175,0.955072412141262,0.9520514176153624,0.7000722731033721
chr21:8144000-8144600|0,0,0.6254611306336888,0.45834741076079194,0.03935533758275685,0.03212231848085502,0.5598197969506752
chr21:18825000-18825600|0,0,0.44030955722349535,0.4323837500906402,0.0949621017578107,0.09345443772450221,0.6582550817822157
chr21:41338077-41338677|1,1,0.5615072438846237,0.5884000028050833,0.9678255475147103,0.9693562453741841,0.7829845519130871
chr20:28291000-28291600|0,0,0.47096009291632157,0.5147048294969302,0.00016709462548846523,0.00019301769286678418,0.06617199665208168
chr20:53789000-53789600|0,0,0.4977412031822978,0.5103679029562069,0.13860169703987282,0.12174120891971779,0.11918002118237421
chr20:10042821-10043421|1,1,0.4488422798829822,0.4245209241111893,0.9338020449186375,0.9400292410021162,0.6218081973284895
chr21:10705000-10705600|0,0,0.5660348781612139,0.629740910657567,0.014033862350888418,0.023374586970772954,0.019059733575611824
chr20:56370039-56370639|1,1,0.5249691566911419,0.5125366458947852,0.9901061192061353,0.9904060828575695,0.8184696647567997
chr20:32030700-32031300|1,1,0.6882379977032184,0.8634442831669094,0.98169902245161,0.9803908971870261,0.9397471548449167
chr21:44037491-44038091|1,1,0.5424523300544778,0.6534833478325738,0.9590071819928262,0.9654898015704044,0.8550858475566387
chr21:7378000-7378600|0,0,0.4031486916826927,0.38761851715581835,0.034045554328764355,0.030146304577363364,0.08099719925558982
chr21:45220535-45221135|1,1,0.6603873920377346,0.8072945100933907,0.9836148452842883,0.9820809142662232,0.9408893534710104
chr20:3555000-3555600|0,0,0.5962094060933762,0.7593904514623792,0.09881061512454507,0.10754965490355452,0.30254329623634796
chr21:24081000-24081600|0,0,0.3831752389477036,0.38833139894659213,0.19500734280959015,0.20565798816439768,0.30186021421982734
chr20:64213233-64213833|1,1,0.6195911925374596,0.5938231417783276,0.9660918654162787,0.9652121292934397,0.5135014561186315
chr20:12102000-12102600|0,0,0.3906441476046842,0.41674929324596094,0.3369883833027117,0.34646007494573455,0.5230529748044863
chr21:20257045-20257645|1,1,0.5108473356356252,0.43559698520405127,0.228552190011427,0.23584183079353846,0.3769097634799644
chr21:30209035-30209635|1,1,0.5556751930709838,0.5229032925000078,0.8107481286338167,0.8196899681412907,0.7201561043307041
chr20:12846000-12846600|0,0,0.5327140334859853,0.4894968299335422,0.36236625336955414,0.3680973618317138,0.7816073666853374
chr20:57519076-57519676|1,1,0.4966686112554439,0.5329867423547388,0.9334393930381472,0.9319842779179603,0.8697856864777882
chr21:17777318-17777918|1,1,0.4568651617568406,0.4256821677607474,0.32960754956850263,0.32709095997831744,0.41045572286782606
chr21:19372000-19372600|0,0,0.5005357988956028,0.4843710101870563,0.13134494251702156,0.11196175561838365,0.20763286977007925
chr20:7480000-7480600|0,0,0.48921410592776626,0.4382486427365899,0.20052519886413356,0.20093190676773337,0.3000348760588989
chr20:37746167-37746767|1,1,0.5208274247696475,0.5092382376210934,0.997083411298408,0.9971489193531593,0.7195119441370978
chr21:38975546-38976146|1,1,0.5306562965599652,0.4669807934702181,0.883058231358626,0.8842725457250884,0.6719974550321245
chr20:46255000-46255600|0,0,0.6055802952025366,0.5660072695486955,0.20778418538639815,0.21524237592600703,0.44486630111138903
chr21:34523409-34524009|1,1,0.5361481907228942,0.5396629255460137,0.9844240048620667,0.9828683366498483,0.6414347493016583
chr21:39570000-39570600|0,0,0.5023280170336919,0.5088942570473968,0.5315203492799689,0.5240143416576084,0.48548854520182066
chr20:60609000-60609600|0,0,0.4269445463077589,0.3708674998327416,0.01323426252373952,0.013921421422840028,0.16306972349990823
chr21:40243000-40243600|0,0,0.44362990812672515,0.40869613926992976,0.40571801988152545,0.4217836260504285,0.6751514048003128
chr21:30465000-30465600|0,0,0.3939031695642721,0.455208692707591,0.2431816090406555,0.23149321237320727,0.3284711128233321
chr20:6195000-6195600|0,0,0.37631692828668367,0.38063806043380277,0.15942966467171982,0.16166957021960057,0.35373264639105034
chr20:20192000-20192600|0,0,0.5157252142963893,0.543438481946354,0.24413733477624766,0.2770530363992644,0.31421061770888015
chr21:46435603-46436203|1,1,0.6781964785037777,0.8378351368554784,0.9890227399613553,0.9902220111261748,0.75543521245819
chr20:21243944-21244544|1,1,0.5637146048443156,0.5848783871515121,0.82990520735974,0.8246766773747924,0.856045853099194
chr20:48756000-48756600|0,0,0.5839790865922649,0.47329193233923506,0.25022663380592913,0.2253192970734645,0.5232015991106834
chr20:4885608-4886208|1,1,0.5898193196602789,0.5480922904298735,0.8820283568965366,0.8772728571670879,0.8392111610973382
chr21:46561447-46562047|1,1,0.5932353824556269,0.6871936929089589,0.8896971891333376,0.897136681448115,0.8619166769844696
chr21:42697114-42697714|1,1,0.5805994956697971,0.5593894656258913,0.26933135524296664,0.27255158374590843,0.6308574554496963
chr20:61447000-61447600|0,0,0.524824875597772,0.5967480170437041,0.18648703201708725,0.17653585531449645,0.22522213971977023
chr20:3768000-3768600|0,0,0.7463415097233337,0.9324016155822246,0.7629319220577102,0.7633590608419547,0.9234811027200679
chr20:8881321-8881921|1,1,0.5315395385165519,0.5587949110528234,0.9849395715501936,0.9870104603119312,0.6370899256953172
chr20:47262127-47262727|1,1,0.5186676723781029,0.6020997090446116,0.9449400230230579,0.9399994723232223,0.7666407808160443
chr20:31651000-31651600|0,0,0.5651311402850437,0.5666925536067479,0.3312369114688262,0.34736246784710356,0.6068013369549885
chr20:56618000-56618600|0,0,0.6118580582233271,0.6330705056157458,0.343621923212607,0.3547350463186982,0.3241145994926393
chr20:58072000-58072600|0,0,0.5345608274761292,0.5064566371901508,0.3068317046876368,0.3008116143447268,0.6372243315433915
chr20:60678000-60678600|0,0,0.39150566591550706,0.4639190097070563,0.18085159323866298,0.19453804999177218,0.544569836540684
chr21:40600000-40600600|0,0,0.4996858927032674,0.4451940505445353,0.05143720059413505,0.054587551581152756,0.3848116753029725
chr20:62027000-62027600|0,0,0.591505569974364,0.6436315749614211,0.3542352429042847,0.3424728267288361,0.6858289633187159
chr20:18021000-18021600|0,0,0.6293703864288362,0.5500835124747325,0.8009923800150501,0.8006678855532514,0.4636871316808771
chr20:28471000-28471600|0,0,0.4634351602492873,0.5388645620191898,0.003266581123804137,0.0035086199226446123,0.061368210178904474
chr20:57331532-57332132|1,1,0.37386161922370637,0.3949943065566091,0.9382826290480606,0.9391236909467956,0.34447803366152396
chr20:23439843-23440443|1,1,0.5809134625341119,0.4872150966207605,0.9734338136217192,0.9732941049362488,0.7122009843584569
chr21:37450000-37450600|0,0,0.5253627564492575,0.4825980345198191,0.27949622265190954,0.27855135985114776,0.7372564773090242
chr21:13630640-13631240|1,1,0.39290947923107516,0.3445822538406405,0.9033961219510143,0.9082290440943033,0.35022871181383375
chr20:33787476-33788076|1,1,0.6387706075673282,0.5621376477608159,0.3227213092277611,0.31453424887426856,0.8188240754031447
chr21:44787664-44788264|1,1,0.43484880637906753,0.4254160263613451,0.9978025746973989,0.9979101034973282,0.7488716938900789
chr21:18306000-18306600|0,0,0.4150055334803733,0.44007795241266556,0.40712706584698355,0.41946611093897956,0.5685041559416598
chr20:1635298-1635898|1,1,0.6040531210638588,0.5646411082181333,0.998930422503437,0.9988598415349844,0.7890111068977943
chr21:44058802-44059402|1,1,0.5300009665998044,0.6922277829922849,0.9754583458663502,0.9764117888590924,0.9555045698343253
chr20:26987000-26987600|0,0,0.4703939076746067,0.515755922709431,0.00024149278497378018,0.00029034272396765765,0.020441442195131356
chr20:35192000-35192600|0,0,0.5057494576576465,0.515201636094919,0.731177354906279,0.729981187023657,0.6110462905544621
chr20:25510439-25511039|1,1,0.6348504660080924,0.5555517385111811,0.9686542011093965,0.9683476884491302,0.8220022096203055
chr20:55630899-55631499|1,1,0.48736493982568574,0.5222741100259221,0.4264758672118942,0.45638056859227794,0.702669663767901
chr20:25987819-25988419|1,1,0.6195911925374596,0.6847291324939163,0.5819021170241575,0.5838298079126805,0.7930191251773224
chr20:5519000-5519600|0,0,0.48007390432931163,0.39006797397790693,0.24491259278495067,0.239610470747067,0.15606888565909205
chr20:37747000-37747600|0,0,0.4943585206511843,0.5342992652490226,0.06111742607430837,0.05561693955808892,0.2084657288001804
chr21:44903234-44903834|1,1,0.6970321750711946,0.7416474209147136,0.993176282726889,0.9931685499813251,0.8988248318060802
chr20:38327287-38327887|1,1,0.5992308394422775,0.5218033110298985,0.9273930903389028,0.9367791775660052,0.6430783744550893
chr21:36756454-36757054|1,1,0.4762085169154155,0.5242141161147267,0.9989892136530513,0.9989518576304351,0.7306612013809177
chr21:44397446-44398046|1,1,0.708084247167183,0.7200889533667848,0.951834262939708,0.9554210712699377,0.9350570434918579
chr20:20526061-20526661|1,1,0.43655361724680675,0.49939170799245514,0.9849325884554055,0.9840740835015869,0.769411840875908
chr20:18351000-18351600|0,0,0.46953353307230355,0.4805730837304662,0.5646756101765839,0.5996748930286168,0.4676393515526797
chr20:23546000-23546600|0,0,0.6196936901275208,0.5366331015525635,0.31362200975388005,0.3603376564374019,0.410212984514212
chr21:37410269-37410869|1,1,0.49371811293422835,0.4983463333102816,0.42431649661444415,0.42359203383655136,0.48802021147661395
chr20:9045000-9045600|0,0,0.5308696231767512,0.48531925946694676,0.07138770179773209,0.08035973603396915,0.45715235064425613
chr20:45886844-45887444|1,1,0.6438344361174099,0.5549107772841365,0.5231487993647014,0.504762304605775,0.5092240522351997
chr20:963819-964419|1,1,0.6557595062295392,0.6731389838916413,0.9364763105555644,0.9347415029321372,0.6967734325544552
chr20:22411000-22411600|0,0,0.42842448296700963,0.4103587146129826,0.5365644724048397,0.5254448067353539,0.40538478954610574
chr21:46531826-46532426|1,1,0.4877390487720448,0.5387385135475566,0.9586852858577803,0.9609584498065975,0.6615521945865144
chr20:56042000-56042600|0,0,0.4737996469623917,0.4508836317211578,0.2369992590372357,0.24220926722657315,0.6165620040739325
chr20:10873000-10873600|0,0,0.48928785020251536,0.4128954747325681,0.33149316571874543,0.356652987975617,0.5126442498431301
chr21:18522000-18522600|0,0,0.4310736461097077,0.4528052789784951,0.48768333309910783,0.47652323593571755,0.5165089538769879
chr21:11429000-11429600|0,0,0.47830544004183223,0.5532059285343996,0.03374841258066931,0.03599684514968852,0.1729993463481803
chr20:58271204-58271804|1,1,0.41638044210099207,0.397036565048334,0.9745794544180097,0.9745596281479095,0.4762482713392533
chr20:58363000-58363600|0,0,0.46679455547831183,0.5034809004386165,0.39763490218729414,0.3857952951786794,0.5851143990834602
chr20:49234634-49235234|1,1,0.6227758049969404,0.524670535161663,0.9913947383221274,0.9913851872622775,0.7516585250188457
chr20:13298641-13299241|1,1,0.6374166916109351,0.7014736832204421,0.9967430811531536,0.9967025289924044,0.9576881919389563
chr20:28565099-28565699|1,1,0.5263621286742867,0.5210691427968693,0.44865253652801196,0.4447540543267112,0.6407842044739614
chr21:9677071-9677671|1,1,0.5245755259072861,0.41398861342366683,0.2695835948951663,0.2653028049989829,0.20626278085077443
chr21:6855000-6855600|0,0,0.57304967172311,0.5487226086141969,0.45055300017535765,0.48648300705967074,0.6805079859061686
chr20:30006000-30006600|0,0,0.4637771430050841,0.500445501282711,0.035296333472316685,0.03758224552819911,0.0567215252606794
chr20:14051000-14051600|0,0,0.40469669497638244,0.40025125288193986,0.3862926352841039,0.40762014787541245,0.4358293085798994
chr20:37306000-37306600|0,0,0.5329753025295869,0.4853292731758123,0.5278269480664063,0.5205744578242445,0.40833689537388473
chr21:46415768-46416368|1,1,0.5571398923067357,0.6174733679743915,0.9922006711475123,0.9922393197184699,0.9234325725899171
chr20:3135702-3136302|1,1,0.4640575781082701,0.4587195565885632,0.42632396006114603,0.40485634748864,0.566653029349527
chr21:39351000-39351600|0,0,0.49331199328184266,0.4864713233075409,0.12493085978556576,0.11465444104554366,0.44059802900783346
chr20:33900000-33900600|0,0,0.5699712169423166,0.5998362241798072,0.18849408509575302,0.17978697063370475,0.17064515722799733
chr21:29675000-29675600|0,0,0.40934899935896907,0.38419337758456884,0.4025455630879168,0.4286594811895067,0.5373272203354083
chr20:382132-382732|1,1,0.6048705987362913,0.5460404913554603,0.2354245048108251,0.2266820433121288,0.7127941006562564
chr20:49183000-49183600|0,0,0.4662420595224202,0.46380656265888975,0.4653594029058809,0.5015484170733595,0.253317185395653
chr20:21882000-21882600|0,0,0.4645135951656959,0.44737131946881564,0.12098281406588203,0.11485135528307308,0.2833139313373312
chr20:33396635-33397235|1,1,0.5730263002156353,0.47382352634192215,0.9534825866114132,0.9521965839914444,0.5307607408482441
chr20:31883720-31884320|1,1,0.4350574842800657,0.4153763801540249,0.19870225945253242,0.18226384094945666,0.2697733211542595
chr20:33528000-33528600|0,0,0.5167958068036295,0.4962549429418634,0.36531222723439116,0.4088071838541466,0.6103639379296103
chr20:38492629-38493229|1,1,0.3942602779177594,0.4270939232880626,0.8082926296218165,0.829215488361134,0.3190235476757646
chr20:25420548-25421148|1,1,0.5226069236424588,0.47138549731184126,0.14484136879234177,0.1637094428383845,0.3437398620879017
chr20:25496502-25497102|1,1,0.6654966572674887,0.5757203664590479,0.9774839185966938,0.981390996262678,0.8866015771092376
chr20:27768000-27768600|0,0,0.48037321505341457,0.5167879558023691,0.00012156183210653233,0.00013246002066686163,0.10057693836805269
chr21:25456000-25456600|0,0,0.5506525985280952,0.45633182117192117,0.16357825294155587,0.14662202916510755,0.3829756919233151
chr20:38562231-38562831|1,1,0.45502975501926657,0.39606721521567123,0.9721222660587757,0.9710697823986609,0.47058928504695496
chr20:21279000-21279600|0,0,0.5057494576576465,0.45742952719566393,0.1801765696944997,0.179792274814433,0.2677509149404739
chr21:44354347-44354947|1,1,0.5861021802175421,0.6808610407415793,0.8029866527524535,0.8209275647930733,0.811557992097907
chr20:40342000-40342600|0,0,0.6768484162759155,0.5222000738944795,0.26990149543377506,0.24545126450764937,0.25427209707645876
chr20:17942106-17942706|1,1,0.49437170277512965,0.49555852759280317,0.6554440454252866,0.6633966421733245,0.8619839636487098
chr20:22520419-22521019|1,1,0.5857529440138536,0.5152063782072955,0.7420036337404253,0.7372161507560154,0.7854993811890508
chr21:33927000-33927600|0,0,0.46726618855633806,0.4415096118617553,0.013441725266209396,0.013255172412874949,0.2648005175976441
chr20:41975000-41975600|0,0,0.5492752424254739,0.49248811267558806,0.49408377679656545,0.45590099450895344,0.4682954675965418
chr21:31974254-31974854|1,1,0.5375704785760701,0.6373422311862361,0.9678392154591843,0.9663679078097271,0.8668232073155331
chr20:2744000-2744600|0,0,0.5175814744709445,0.5671489836500336,0.04672824987482621,0.04796884434169999,0.14716210240856534
chr21:10552356-10552956|1,1,0.38650171959164437,0.3923326750308305,0.337164501642797,0.36233202974136436,0.4705965694928351
chr20:53461267-53461867|1,1,0.5622583577415293,0.6784104093610082,0.17899677298613392,0.19888610841368434,0.7117718190137641
chr20:84000-84600|0,0,0.5032352526632903,0.45304207937294944,0.09085270724089331,0.09178511441969,0.3043525017651112
chr20:3082501-3083101|1,1,0.8047279329841865,0.9752929599845744,0.9962823733352016,0.9950019348426965,0.8722377690261749
chr20:35958753-35959353|1,1,0.4460139390453166,0.44631795738040203,0.12827205651377427,0.146357745019174,0.34684374605696694
chr20:13787011-13787611|1,1,0.44655109078709915,0.503985478040194,0.878094746955004,0.8911352363920294,0.780554356717598
chr21:10609000-10609600|0,0,0.44460492978730826,0.3894382736024342,0.040951746330614415,0.03897903099867528,0.1463836945973427
chr20:28777000-28777600|0,0,0.45658991739204724,0.44047173695206454,0.0015804472408477075,0.0015450273906083552,0.11417077142397869
chr21:5753000-5753600|0,0,0.5039940353327639,0.5224389355699719,0.3321519553337018,0.33960341862739124,0.41222107976600325
chr20:50292942-50293542|1,1,0.6333922205980024,0.642955840692982,0.3075206957312323,0.29364385863173326,0.674592885977576
chr20:25288124-25288724|1,1,0.6971525604286981,0.7252081442459614,0.967532845539693,0.969909468038869,0.7923771636634951
chr20:51729677-51730277|1,1,0.615916678106905,0.6655415686195915,0.9893234369145837,0.9890059694779104,0.8943808820204295
chr21:41750944-41751544|1,1,0.6348057564765217,0.6220571736185408,0.9752900449606229,0.9734252138236333,0.8384182681770397
chr20:46165000-46165600|0,0,0.5650473716313509,0.5926546104207815,0.07192337024647259,0.07187094376098545,0.13184286381033805
chr20:2432189-2432789|1,1,0.6412371040136261,0.5614259200348025,0.9289945655909575,0.9284984313151815,0.39318490357101654
chr20:47238837-47239437|1,1,0.6587602654325821,0.8842340631806482,0.98425263860364,0.981485332971185,0.9686716063778561
chr20:20441000-20441600|0,0,0.5405675704581075,0.5245678957318533,0.6254759939749679,0.6433572207467871,0.7878149449596595
chr20:23444470-23445070|1,1,0.5975211333954971,0.48386931915453113,0.8212760795368591,0.8102657030706389,0.6582683182518426
chr21:36327000-36327600|0,0,0.5600552665716807,0.6227035956173784,0.17980959645661193,0.17038023035151817,0.1915616112974043
chr21:45180029-45180629|1,1,0.5981768827815306,0.6065609454892898,0.9886534951719036,0.9865946831979024,0.9462534099203647
chr21:10609000-10609600|0,0,0.44460492978730826,0.3894382736024342,0.040951746330614415,0.03897903099867528,0.1463836945973427
chr20:64207293-64207893|1,1,0.6174442559126715,0.6858181742828695,0.997321246164882,0.9975849703330374,0.9708876757884634
chr20:18393510-18394110|1,1,0.48361228712388515,0.5216585972711232,0.9614971741639537,0.9627378653402057,0.6951392015038099
chr20:20492000-20492600|0,0,0.4426699905232301,0.4488187588009911,0.10431956986092622,0.1025210865067667,0.36153138530879303
chr20:39753000-39753600|0,0,0.4791896069888374,0.3790357393314627,0.12312330180896558,0.12996336352171728,0.1817626588375596
chr21:11195000-11195600|0,0,0.47028605706541055,0.5012290663399382,0.015441013674657772,0.015827720192105058,0.04018915096258375
chr20:52117000-52117600|0,0,0.5699150402076768,0.5151730696115918,0.05820501807080386,0.056586192054829676,0.26967633421302195
chr20:36411000-36411600|0,0,0.601014063867918,0.5851114615878787,0.31142676558614857,0.2956797248062858,0.37563477614791363
chr20:50564668-50565268|1,1,0.4837184603308233,0.49002531695852264,0.898059707263564,0.8999022153652314,0.7700528228295261
chr20:20520799-20521399|1,1,0.5346707132770202,0.49050942504538114,0.9944596756119483,0.9950955218934205,0.8026091147022603
chr21:29329186-29329786|1,1,0.4431473866425252,0.47351438067030543,0.9926571613742714,0.9924718882301865,0.7398437224843596
chr20:19387000-19387600|0,0,0.37094422837947666,0.4037917274650053,0.02409381987437732,0.02597891976734947,0.18458438769309132
chr20:3873000-3873600|0,0,0.5303142142013594,0.446162479830689,0.0810187478824709,0.09103225763141493,0.22228844819346982
chr20:27990000-27990600|0,0,0.46523566526751786,0.49496012931150324,0.002645126027181806,0.0030253662571471944,0.053085100602337454
chr20:49015979-49016579|1,1,0.4225147032465068,0.4450133279555394,0.29416480908935194,0.3201197978875343,0.44815755239474975
chr20:32088267-32088867|1,1,0.4578035696608526,0.41172935045355824,0.3567511838099485,0.34956025213300296,0.3745872744031325
chr21:23042000-23042600|0,0,0.37560129033032535,0.38507162873241674,0.669266416773569,0.6727599061689873,0.23689021912682176
chr21:41837762-41838362|1,1,0.5812401524853836,0.5216267607206185,0.9790641007879831,0.9768617545317432,0.8525709320325475
chr20:13285000-13285600|0,0,0.5990669500361875,0.4886367442728643,0.1955430189028449,0.18530608081985853,0.2658614334959144
chr20:61540000-61540600|0,0,0.5712461902144588,0.5970028339872199,0.9145562475141698,0.91518934518767,0.9068735943701699
chr21:7024324-7024924|1,1,0.5432790278350219,0.5316304853518892,0.653834141767727,0.6605992898992671,0.5481100149366844
chr20:48810000-48810600|0,0,0.5331054519002382,0.5310575578689684,0.37762381858172306,0.37395204901367357,0.2834768884093092
chr20:64210905-64211505|1,1,0.6552376118642503,0.6590824694117201,0.8412648341183872,0.8385057400966247,0.5775905679652895
chr20:42879000-42879600|0,0,0.5240224773375665,0.5310584793647753,0.21149221671298135,0.20186678229346441,0.5837269974294927
chr21:20654553-20655153|1,1,0.5002806259762753,0.4729031352955598,0.11755633290928466,0.1157818162837693,0.40438541405918427
chr20:62658376-62658976|1,1,0.708365481339758,0.7810825322441699,0.9206309384000165,0.9160949476032743,0.8671028450430224
chr20:25526297-25526897|1,1,0.6131018339016346,0.6339873052442443,0.9933297063148164,0.9937511927763256,0.8836488563193895
chr20:31792434-31793034|1,1,0.48019488654118947,0.46672037265700905,0.9855229141946588,0.9839313804743293,0.4572889420980787
chr20:58678000-58678600|0,0,0.5652159059020785,0.6499095095446207,0.621580784808013,0.617956220216768,0.366414440587244
chr21:36070184-36070784|1,1,0.636764153528388,0.7917352569052059,0.97045627934664,0.9744553016715483,0.935284861481668
chr21:25831000-25831600|0,0,0.5220180010267745,0.5256538738572483,0.19593946711189203,0.1838777123027121,0.4458821254415335
chr20:44531000-44531600|0,0,0.5542884385842413,0.6072620444859119,0.10876272452739333,0.11139182696379255,0.4010476337243938
chr21:44474000-44474600|0,0,0.5785186458525047,0.6050178480000642,0.630531755198485,0.5887621212222538,0.4846843196741632
chr20:50940632-50941232|1,1,0.44234067619728834,0.46604342975100793,0.7934707256164432,0.8083934026125366,0.5422248541291083
chr20:5906000-5906600|0,0,0.4503204503372759,0.4868695617086741,0.36514795039496495,0.36294749536930093,0.7042175118142868
chr20:39033905-39034505|1,1,0.5242834489962584,0.4960947110673691,0.9691753605715884,0.96744615806815,0.6451444009076096
chr21:16714000-16714600|0,0,0.39781070016149783,0.3445439833476391,0.4222674971146962,0.43026422823777244,0.45735588124522725
chr20:27933000-27933600|0,0,0.4634351602492873,0.5173902566469116,0.00013949332872021335,0.0001578009992662967,0.060175648797871906
chr20:39228000-39228600|0,0,0.490053294134602,0.4560708471017925,0.5303970655161175,0.5361614253654444,0.7677020895995381
chr21:45976517-45977117|1,1,0.6346754277201339,0.6405553148372007,0.25111041429461484,0.22676812906251603,0.8605533702073125
chr21:12141000-12141600|0,0,0.46714500456447633,0.5491021004242312,0.0008903917196032619,0.0009747733119749222,0.06339353900538262
chr20:45000091-45000691|1,1,0.5169571232032105,0.5049830663039041,0.9889302388380854,0.988954297424709,0.83085665080535
chr21:44286256-44286856|1,1,0.7174188248915581,0.6373064666018838,0.9963281381411608,0.9969240144756293,0.8621526774803469
chr21:40129000-40129600|0,0,0.5615072438846237,0.49142533437770003,0.5238821594903835,0.5291521656962357,0.5329439443310525
chr20:55741000-55741600|0,0,0.4359830086403931,0.421316993852841,0.6058055596195742,0.5929436650125748,0.40234459531633704
chr21:28996000-28996600|0,0,0.4436809658199677,0.4919278903225614,0.5296511526206396,0.5666023378464953,0.7602965129850414
chr20:7207000-7207600|0,0,0.4493284536160874,0.4937376937994906,0.7866132724144853,0.7707711970283089,0.6608208429948219
chr20:21365120-21365720|1,1,0.46739500406071055,0.47860694701843987,0.9960017567069333,0.9956594379607259,0.7965880986148188
chr20:35081000-35081600|0,0,0.4526350502562421,0.4356657316567447,0.06459339945773285,0.061365656987108635,0.2906942401948895
chr21:19483000-19483600|0,0,0.3995949680633136,0.3668076092789809,0.4308863023720352,0.3907656713755716,0.21274036838469362
chr20:27639000-27639600|0,0,0.47846061860378575,0.5410821413673531,0.0007665052996774255,0.0008546141263471671,0.08863038119146188
chr20:35291000-35291600|0,0,0.6588234060350359,0.5794944738420303,0.21867915048129546,0.212372768718678,0.6930450520699368
chr21:28744000-28744600|0,0,0.44599794703394924,0.41939865388457115,0.2905356688984765,0.26818615901437937,0.20170035591797564
chr20:38637407-38638007|1,1,0.578595710858661,0.5333298511799164,0.9621285020422422,0.9618125248284348,0.6645565446999007
chr21:34072000-34072600|0,0,0.5693747568364556,0.5443069251504992,0.13321829376209685,0.1253883868940533,0.5172704045876042
chr21:34021000-34021600|0,0,0.5277236762206379,0.4400497162118482,0.2879186320811482,0.295602441160427,0.36642427462886035
chr20:28015000-28015600|0,0,0.4703939076746067,0.5300564102176761,0.003260383559358278,0.0034586487408383997,0.07106642191851548
chr20:30541693-30542293|1,1,0.47007679390316104,0.4641814509545336,0.8087263471172699,0.826796545492053,0.4672001237502158
chr20:18099000-18099600|0,0,0.5702233200568336,0.5833067626065597,0.24386741872963208,0.24503936592862122,0.23567857454459715
chr20:23804222-23804822|1,1,0.47363177670011986,0.3930895053769749,0.38058651000599975,0.38609624293902745,0.6334185570564393
chr21:30654000-30654600|0,0,0.4340695906804331,0.38024756643525864,0.16206169720979033,0.13890058832974622,0.5096513567906076
chr21:16744000-16744600|0,0,0.4484214599802519,0.41145918860348074,0.12195114154131599,0.1268544185855147,0.46860613441781107
chr20:13117205-13117805|1,1,0.5307699061865621,0.48942258359764873,0.9951384928288185,0.9952439452083915,0.5746799134001519
chr20:26196318-26196918|1,1,0.3855875199387964,0.39686394634226924,0.350580311946007,0.34006690209316537,0.6842079058709737
chr21:9339000-9339600|0,0,0.639640826607272,0.6357287067354124,0.2232229510153069,0.22848140786823584,0.4367465585777414
chr20:25867725-25868325|1,1,0.6903365784130558,0.8001507088956978,0.6174939147318428,0.5992952502721205,0.9084057400162353
chr20:2816206-2816806|1,1,0.7203708842153089,0.6295108466278712,0.9912422604254129,0.9916247165814539,0.8950839859177041
chr21:46348711-46349311|1,1,0.5077991457534864,0.5472224724471492,0.9901966505456727,0.9905030981923614,0.4220380844914018
chr21:17246000-17246600|0,0,0.5267776703530811,0.39970095043254344,0.01569116742888287,0.014745149467095719,0.08333721242809604
chr20:60359396-60359996|1,1,0.47185047691967313,0.46910728861595075,0.0782770995261804,0.07820398504838075,0.5282217977323659
chr21:13939127-13939727|1,1,0.344366381642619,0.427776366161995,0.9108336640402116,0.915555747640741,0.6795786266644118
chr20:30882000-30882600|0,0,0.36004837156150565,0.38888331882076554,0.02666251526757227,0.022807770397365732,0.26343112918687667
chr20:62102000-62102600|0,0,0.6335017588565292,0.6314730420960338,0.9868453992057469,0.9874814617636232,0.8566640190838991
chr20:60585000-60585600|0,0,0.5167460981076453,0.4824214560670804,0.347274234293258,0.33131516367207725,0.5283978389915323
chr20:5182086-5182686|1,1,0.4891897698917271,0.4681866866892509,0.29898725116524416,0.3035349504051325,0.4106127639987205
chr20:47012000-47012600|0,0,0.5007038652391173,0.4701406288613852,0.771172818352085,0.7649058240569261,0.5080466481452708
chr20:33930000-33930600|0,0,0.5812541394582692,0.5690303320786761,0.3674477646112611,0.4024079300970857,0.3377646436298807
chr20:17947344-17947944|1,1,0.46459058823426397,0.49960151046593554,0.9759874088934352,0.9778535728289822,0.6711331563226061
chr21:44690000-44690600|0,0,0.5098241582793432,0.5005871913735568,0.40040667613330233,0.4601869140872677,0.37619241121680264
chr20:34393469-34394069|1,1,0.48289268092267273,0.437215768688599,0.8808209407302618,0.8770121787212942,0.4412462202687225
chr20:46648000-46648600|0,0,0.5149636563870779,0.4894982099204356,0.6801616540292308,0.7075106359102242,0.4451708005446429
chr20:18162076-18162676|1,1,0.5861991407263513,0.5983471843770348,0.9975117092946076,0.9978276931168383,0.7498325751130338
chr21:44231143-44231743|1,1,0.5770774980080636,0.6287381628147033,0.9800308059549981,0.9796782189216715,0.8833087153520753
chr20:58633000-58633600|0,0,0.6068197474892658,0.583302719281481,0.30311259873588303,0.27743410416433184,0.6978716540600199
chr20:11744000-11744600|0,0,0.40205013209689927,0.38700655382169513,0.24181077678318436,0.26917374589851406,0.4039699425641678
chr20:62012633-62013233|1,1,0.5448759438071202,0.6503239936345707,0.9761979007590392,0.9783785939195426,0.9136570785716449
chr20:9567000-9567600|0,0,0.49483324343563273,0.3946817204213478,0.25503248823201163,0.25309238090787856,0.21640392530961383
chr20:44954919-44955519|1,1,0.5702674401748533,0.5414608641182482,0.9838054021282981,0.9820208238403363,0.7286284476803397
chr21:21702000-21702600|0,0,0.3533926657907044,0.3079089310787627,0.3163625585231431,0.3198072445188857,0.42434171445588137
chr21:5015000-5015600|0,0,0.7020385658931624,0.7293526782594684,0.40007268802323737,0.385320220387813,0.6373174008716515
chr20:35554071-35554671|1,1,0.6117894301713708,0.46747416957334703,0.5973929060654812,0.6217823120782514,0.2694026189165223
chr21:20162000-20162600|0,0,0.4977171273454948,0.48216229718889564,0.17242814659118774,0.1742533399134222,0.13488475582688783
chr20:34951559-34952159|1,1,0.6089894625239967,0.5374228278114364,0.9609397954791069,0.9624232885790437,0.8457356105410813
chr20:59987152-59987752|1,1,0.5420419602724443,0.5662197810072624,0.9157399746757325,0.9160750555748364,0.8830630881299605
chr21:20726892-20727492|1,1,0.40600089781808374,0.4294939498555193,0.5849655514640759,0.5792742428783043,0.5738113810609857
chr20:42759000-42759600|0,0,0.5100771595469633,0.471122703677279,0.2433899768160441,0.24095295916015078,0.32153894833612895
chr21:13144000-13144600|0,0,0.450075293478039,0.4339467557379354,0.44801835329130296,0.46905123164008816,0.3414143473981321
chr21:41153000-41153600|0,0,0.5554096011621599,0.46611865817135095,0.2374297485731709,0.24213348370961393,0.30698616771026493
chr21:14612612-14613212|1,1,0.3982740721494018,0.4551313970930571,0.675884543809647,0.6865156265813158,0.40700878415591474
chr21:46663082-46663682|1,1,0.6390370339867324,0.6453792331825204,0.9386128247904674,0.9420491061407739,0.6889111389661595
chr21:18609000-18609600|0,0,0.3385669087901474,0.3049671707949074,0.5361906938199783,0.5563876782080437,0.2620569511562328
chr21:29561548-29562148|1,1,0.5702233200568336,0.553811064982709,0.9951473438458698,0.9957869435783897,0.7662465506250465
chr21:13372000-13372600|0,0,0.6906108674465001,0.5698446444761178,0.14144691485214722,0.14305399610579483,0.3646463002986706
chr21:33099000-33099600|0,0,0.575339787488519,0.5443410801268082,0.44335378908629397,0.4532086846063785,0.316384920038642
chr20:39750000-39750600|0,0,0.4343375098377257,0.4564879519624551,0.13375766096156388,0.12682015448819717,0.35193233051704104
chr20:50894211-50894811|1,1,0.5247996120390569,0.5807353368470505,0.33352975545153124,0.30910211853131797,0.4917983332967608
chr21:19531000-19531600|0,0,0.5251902879240621,0.5250679330131064,0.2570629083684379,0.25813661449280484,0.13603100038196636
chr21:37658893-37659493|1,1,0.56368172743254,0.5439622596877932,0.5842572933403172,0.5969165886794203,0.7518975764993544
chr21:41390264-41390864|1,1,0.6387212623839289,0.7141259259770067,0.9795315560657454,0.9769765849184168,0.8467857051919544
chr20:993000-993600|0,0,0.6494078015517236,0.5798388317776751,0.5225312145902494,0.5529249503881576,0.6206156356393339
chr20:20768000-20768600|0,0,0.693810279723636,0.7050010981162325,0.3720637088800675,0.4297128406701521,0.8473309953137199
chr20:48861000-48861600|0,0,0.595201616390566,0.5387495220531083,0.4962291013739606,0.485968935660683,0.7538737555231487
chr20:9243000-9243600|0,0,0.433594555390608,0.3847576353110453,0.04753827016459554,0.049546912520549984,0.47940406861373225
chr20:17315000-17315600|0,0,0.6416485628136893,0.7366271336566655,0.630957413865261,0.6643212022041082,0.8250967356541415
chr20:63346562-63347162|1,1,0.726963385678034,0.7857023677880268,0.9939624784856185,0.9936831888897882,0.9277920712188804
chr20:15630000-15630600|0,0,0.48324441866623813,0.4734603451078118,0.3625730596787648,0.3298500681899616,0.634032360869728
chr20:60123191-60123791|1,1,0.5767954797835302,0.5542444774621289,0.3080396377245325,0.31283452882011487,0.7706836991326819
chr20:53723000-53723600|0,0,0.5104401298822505,0.49573015527528674,0.12296319781993248,0.12716128802342613,0.36336207617473393
chr20:42918000-42918600|0,0,0.583285026494819,0.4987983205209531,0.3150291456864932,0.31108052776998213,0.8379709942284895
chr21:42534397-42534997|1,1,0.6541307026676352,0.6865435440439213,0.9817873488722781,0.980059851471413,0.9439027992317853
chr21:40013085-40013685|1,1,0.6204009916362908,0.7233586123344102,0.8956234476589108,0.8988615388173747,0.9805195881519823
chr20:36324000-36324600|0,0,0.49989369329689326,0.48821611499537837,0.1681320173189931,0.1674870865587998,0.25539256061531285
chr20:15354000-15354600|0,0,0.46739500406071055,0.40166746009074616,0.010848514869606163,0.011612119633116747,0.09057124893394342
chr21:37163750-37164350|1,1,0.40850327123592267,0.4392994364838163,0.9185294331500758,0.9254381485959011,0.5560860234250234
chr20:16515363-16515963|1,1,0.4192116860095524,0.4204245124227586,0.9724389365580834,0.9707297634764896,0.428791159701724
chr20:42472261-42472861|1,1,0.5582331775306333,0.6362930165741832,0.998348636510884,0.9984024864642873,0.9329640099359149
chr20:13171000-13171600|0,0,0.3760408326994755,0.40152619817956803,0.4872714371333467,0.504029570517668,0.38853732014294523
chr20:38648342-38648942|1,1,0.6310690658184582,0.5985940046617872,0.9886698644145812,0.9898139733434042,0.7000192262492115
chr20:21610970-21611570|1,1,0.4968947483435948,0.39811654853891587,0.2019711048766378,0.20830171753441165,0.3756294487918259
chr20:31483858-31484458|1,1,0.690701794289031,0.8576762513876987,0.8982721738098546,0.9056509283833771,0.9191277405567235
chr21:45982333-45982933|1,1,0.7385004063181146,0.8879996266714653,0.9880023745112126,0.9879234322437873,0.8772612141726549
chr21:27231000-27231600|0,0,0.4001524929756203,0.3946973297865614,0.2841324179627179,0.28026940216523677,0.3955759921623672
chr20:41786000-41786600|0,0,0.421224412341371,0.4568496824226902,0.31963745951028893,0.31153018103388636,0.2534809293191895
chr20:24435000-24435600|0,0,0.5334600206711733,0.5069856817252767,0.045416028542748996,0.04975920159585917,0.13704725313536037
chr20:41459000-41459600|0,0,0.5855245171584661,0.4889731956059342,0.4515525355260204,0.4060174595087155,0.4136696370360091
chr20:63361517-63362117|1,1,0.7515602536060324,0.8863723817692029,0.5878067875195658,0.5709797845794641,0.7431552195449764
chr21:42558657-42559257|1,1,0.5829563558609576,0.6276114402871382,0.9726667722116441,0.9742237005540137,0.9027220823910247
chr21:38609000-38609600|0,0,0.45037184621569326,0.471958612564608,0.43392194191418343,0.42444478031041977,0.41012249630377795
chr21:25330000-25330600|0,0,0.4100389652664941,0.44905597374454587,0.26452270416528906,0.27567737764225186,0.37082216397057066
chr21:32080216-32080816|1,1,0.4741430501165974,0.4479972180259121,0.5715578425507202,0.5489375971397279,0.28286225040135815
chr20:39105000-39105600|0,0,0.5875508741188241,0.5316784161192104,0.2799179776589297,0.2794084508145668,0.4278847023235684
chr21:38207834-38208434|1,1,0.6534917713405498,0.6875960893482067,0.40093478917648856,0.44746774415070745,0.3949605163413294
chr21:10726000-10726600|0,0,0.541287676263524,0.4847324498087412,0.008754742074532347,0.010124692381197816,0.020799251422761168
chr21:9261000-9261600|0,0,0.4114222961257941,0.3577736293118092,0.11302059488337114,0.12151021302208836,0.24084574197192343
chr20:33383220-33383820|1,1,0.5468302208657639,0.6469658474596,0.035887548503797675,0.035052438807989555,0.1107633364199493
chr20:32177000-32177600|0,0,0.7546657783088656,0.8858307550855491,0.008289739329639605,0.006903218468146433,0.19249383063230419
chr21:31900000-31900600|0,0,0.5951060616366836,0.5771788363275505,0.24689747958626918,0.2303270407680872,0.43710352473638875
chr21:9325282-9325882|1,1,0.5910045845971295,0.744490891711857,0.5415051443729714,0.541181862714704,0.8564546682010702
chr20:19636000-19636600|0,0,0.5346764670570334,0.5395730253960879,0.22071218731662468,0.2174377400455406,0.31643418466387974
chr21:38084000-38084600|0,0,0.5076280085319063,0.5430655647627828,0.2610768670192291,0.2734395811876703,0.4730746527586809
chr20:23629164-23629764|1,1,0.592643034335222,0.5460862215890648,0.4972529024240826,0.5061611905942408,0.5796498059173013
chr20:34449110-34449710|1,1,0.38942494113742654,0.3879938959068934,0.9228540460870276,0.9233465938413059,0.4707389288257468
chr20:878026-878626|1,1,0.6274965887181723,0.5923234176119365,0.9882904344571215,0.9877447107891388,0.6421579982789409
chr20:35738716-35739316|1,1,0.4250699111876658,0.46867334668300353,0.8620536153909527,0.8644257862049588,0.6739967249311315
chr20:40990000-40990600|0,0,0.5043744832670222,0.5094923968981532,0.27111715705555367,0.2768708420529222,0.31930294967770984
chr20:34591000-34591600|0,0,0.3760408326994755,0.37339084319472554,0.1484046809515175,0.15729685656309644,0.2985883064671296
chr21:41402966-41403566|1,1,0.5874275381903307,0.532645228866525,0.9803154702471789,0.9816556704021381,0.7223927648170603
chr21:42412723-42413323|1,1,0.6072408315877948,0.6555597905524616,0.9804185799489282,0.9808149244026504,0.9588547197240223
chr20:53940984-53941584|1,1,0.5044392376573241,0.5254186681182124,0.5485887597297263,0.5555160095001079,0.3277411561404108
chr21:42201276-42201876|1,1,0.6172463894047971,0.6525726339893597,0.335189397547704,0.35238125113969376,0.707883969442903
chr20:63407074-63407674|1,1,0.722783515913231,0.7972968166069964,0.9933010080762784,0.9933248812343768,0.5701569854434296
chr21:43351000-43351600|0,0,0.5369158605164969,0.5258499975140417,0.39630029136398315,0.44600621194013823,0.36390427408327125
chr20:62966224-62966824|1,1,0.7232656598692119,0.7187418855928166,0.9411064507157717,0.9451623875647951,0.7264645677143723
chr20:47876000-47876600|0,0,0.5035950024615156,0.4951160385131337,0.49412587276469383,0.5038539842622831,0.671358788059415
chr20:19576000-19576600|0,0,0.5243983897413155,0.47614907990796046,0.42246519015046075,0.4198034423346283,0.5916291033855519
chr20:7885289-7885889|1,1,0.507206299958541,0.5779363303769155,0.9984747614178239,0.9983355464385352,0.8429453921897733
chr21:26231000-26231600|0,0,0.5731403080610149,0.5336067732498087,0.010949939756625926,0.008788117252111304,0.6057795281681606
chr20:20629289-20629889|1,1,0.5482650916229966,0.5941787283960523,0.9972850657989567,0.9966412901646768,0.8160771528856092
chr20:46849000-46849600|0,0,0.500062280701187,0.4813799638907446,0.12202146237681498,0.1133689161598609,0.21918107508821202
chr20:54909000-54909600|0,0,0.3842866042548179,0.37006142103257994,0.15470338468438596,0.1539431276967093,0.19522416710771634
chr20:18186985-18187585|1,1,0.501385701991712,0.5492864666158221,0.5428128740841096,0.5158363827928526,0.405328311823855
chr21:45804000-45804600|0,0,0.5706197689401838,0.5398786963858061,0.7860783771598797,0.8020348064818708,0.5796367516937222
chr20:56174000-56174600|0,0,0.4712879797765044,0.43262596272489684,0.09253887493953526,0.08920593908293403,0.36303279325302157
chr20:54414000-54414600|0,0,0.38212778103190265,0.3286524149822638,0.14955959967769422,0.1461560345972955,0.21743619570122039
chr20:34743040-34743640|1,1,0.5861689067192433,0.3907597962598324,0.8999585507761071,0.8956497727101851,0.44446999075196886
chr20:20555000-20555600|0,0,0.4474866220683376,0.4415380066413748,0.08076776172896187,0.07851421417517937,0.34344713723309145
chr20:16849000-16849600|0,0,0.4694654271193722,0.42293140557088854,0.21242218576954505,0.2171540149870086,0.3548263903376993
chr20:675000-675600|0,0,0.748516722530678,0.880918039561841,0.9404203182774895,0.9438100705449561,0.794834194493499
chr20:47831000-47831600|0,0,0.6153964068695207,0.5889802988004159,0.49197429261975945,0.502248478523383,0.6729513343182771
chr20:32885204-32885804|1,1,0.6507999815827259,0.734965409740551,0.9861131569979295,0.9876705232597323,0.8034298182039564
chr20:45933000-45933600|0,0,0.600856478672533,0.627910326496626,0.32653629921502,0.296427853818932,0.8070412810760815
chr20:11630000-11630600|0,0,0.42881888401552426,0.4903684602855896,0.138422650872458,0.15930822689428276,0.22165677278223309
chr21:43354000-43354600|0,0,0.7283296332634133,0.6679377581529038,0.2706549234732828,0.2423594286566666,0.7030705643982663
chr21:18051000-18051600|0,0,0.4922735905738409,0.4896835297732258,0.09807019922298045,0.11291986950691454,0.1415464380156239
chr21:41315000-41315600|0,0,0.4497150088047887,0.49036037317079173,0.5792935626422138,0.5998464877579934,0.8267490205860866
chr21:44454751-44455351|1,1,0.7020074750627572,0.7548239148603708,0.5234224816321513,0.5192989790125674,0.5843432484193849
chr20:8567000-8567600|0,0,0.5083879557025255,0.4424770105271249,0.37052350864250316,0.3568600554464805,0.6242058394276445
chr20:38430597-38431197|1,1,0.626003706519406,0.5346225709091191,0.8871363220190264,0.8861155387673262,0.5219492028962788
chr20:13519000-13519600|0,0,0.45686059185269967,0.4062838188018804,0.04182510410539566,0.04302170542813902,0.10910951349436443
chr21:24891000-24891600|0,0,0.4059046105000812,0.329524241815511,0.19937747369096134,0.19290385918090827,0.4569697597058067
chr21:14348000-14348600|0,0,0.4899133372502835,0.5205374804375829,0.19833572089952842,0.19652551446531275,0.41148946948430437
chr21:41712699-41713299|1,1,0.5213692547870512,0.5896538381949844,0.37113848998425175,0.39425634123485204,0.6367359921704019
chr20:38628626-38629226|1,1,0.6212147915378684,0.5166364720985582,0.3316864777693819,0.3171469009473505,0.6965990611487649
chr20:42480000-42480600|0,0,0.5266538091763375,0.4619455097120217,0.30246790069137314,0.3086613960723846,0.3695289104051562
chr21:36397114-36397714|1,1,0.48487321929057364,0.5218347673388775,0.7937754620696847,0.815118335853588,0.6266728539444976
chr21:40003000-40003600|0,0,0.5081586121695107,0.46345495933320136,0.13425578470235258,0.14408390795071854,0.3725819075488823
chr20:22360000-22360600|0,0,0.37583187231628584,0.4283263660004307,0.01912223972466139,0.015472748447569086,0.2216796113161273
chr21:27180000-27180600|0,0,0.4245645405811657,0.40167223683283637,0.46389284022287963,0.4410448051275479,0.47466737793952823
chr20:25300583-25301183|1,1,0.656026467791034,0.5714759557975178,0.6961014506375077,0.7002448002516417,0.6214632153359538
chr20:5471553-5472153|1,1,0.64884651508963,0.6848775155182315,0.7660865914864432,0.7723238930350809,0.875051157453728
chr20:29858000-29858600|0,0,0.4488422798829822,0.45903041508703185,0.0960902331354423,0.11968295246821764,0.05248209666401676
chr21:43109041-43109641|1,1,0.5740841302531535,0.6072310406881842,0.6767589984043842,0.697193998816176,0.8938862683904207
chr21:8639000-8639600|0,0,0.3878614587045995,0.3839059638475957,0.3594988685223943,0.34296177151230145,0.38368992643030525
chr21:17594031-17594631|1,1,0.46307662270165695,0.477683451327217,0.9859797411606274,0.9873616708921844,0.5239502276500111
chr20:43642178-43642778|1,1,0.48487321929057364,0.47781009194720164,0.9837533222154683,0.9798452548426145,0.6707170672083771
chr21:14108779-14109379|1,1,0.38192134789606264,0.39383067900783175,0.3102282016094244,0.33296843557477335,0.24570412986317114
chr21:35228000-35228600|0,0,0.4918165628682342,0.47618087565461836,0.24705533749775263,0.272915899499568,0.45784564129218813
chr20:53740103-53740703|1,1,0.5210315330524612,0.6288189496304728,0.8321955804518198,0.8308382842379644,0.7631483841794511
chr21:15823738-15824338|1,1,0.39486029535075456,0.4215960124173415,0.6969255083637343,0.6898274988124581,0.45651834351735926
chr20:58891000-58891600|0,0,0.8449742853191503,0.9920673740551644,0.20683363499698404,0.19080757347606658,0.48442506218637077
chr21:20684888-20685488|1,1,0.3868889593857575,0.407032727378942,0.5379597002240812,0.543567418646523,0.6875681939603712
chr21:41960000-41960600|0,0,0.5708131180395453,0.4989994158918094,0.21499321414185119,0.19829823178318376,0.2511402789033694
chr21:44139949-44140549|1,1,0.649958047778688,0.736348852112041,0.9870292557503696,0.9878496807956504,0.8717004867963344
chr21:36730744-36731344|1,1,0.6025422101087953,0.7492663295222695,0.9760120650081482,0.9749554404934322,0.8451521907350789
chr20:39814310-39814910|1,1,0.49279272492271065,0.4417227128294958,0.3208495191072517,0.3428087388271648,0.3296351230920675
chr21:44851326-44851926|1,1,0.5251916117123955,0.6310851332590076,0.9955428266904467,0.9951238350856513,0.8780500297416414
chr20:17960000-17960600|0,0,0.5760350977051111,0.6681309959786488,0.2900635018583912,0.28967148128588327,0.3517190429528616
chr21:30552000-30552600|0,0,0.42507783071678673,0.43963802835199384,0.027678384815128375,0.031152197690999275,0.4988088733108246
chr21:28744000-28744600|0,0,0.44599794703394924,0.41939865388457115,0.2905356688984765,0.26818615901437937,0.20170035591797564
chr20:5555000-5555600|0,0,0.519849713807338,0.47334630376639997,0.041637353640669415,0.038161047628924874,0.376387385146985
chr20:51270000-51270600|0,0,0.5068246794627909,0.5594806759794483,0.1398919275064476,0.17101510481031867,0.4019985592897222
chr21:29156000-29156600|0,0,0.4179116593712136,0.45447887912453605,0.48634181535832366,0.4916610036652354,0.7700999960055458
chr21:14113038-14113638|1,1,0.39156288681896523,0.3575675681326929,0.10666657229631914,0.11237524562441585,0.28516710428012
chr20:17120000-17120600|0,0,0.6433655385887295,0.5878646586704325,0.18628903678639333,0.18361358437347342,0.29537612224503984
chr21:14299137-14299737|1,1,0.4437374926889167,0.4596446396433564,0.9028659343237425,0.897544558164741,0.5705000433047427
chr20:38267000-38267600|0,0,0.46849086565074094,0.4207703030257337,0.25582999763453373,0.2712108505209911,0.3774325010465272
chr20:24813000-24813600|0,0,0.6032250244184568,0.8414515281574078,0.16550069994200367,0.14646786662381042,0.02497519650928814
chr21:13943561-13944161|1,1,0.42015379500859107,0.5029470838397377,0.42042045881754686,0.41535761199630367,0.6943529899593692
chr20:22642000-22642600|0,0,0.48427640176114944,0.4122253809618879,0.2424528504935968,0.24138057551602,0.2806870561997489
chr20:54717000-54717600|0,0,0.5325125529436541,0.5105632773785224,0.32054646441957213,0.3719097770670694,0.605253888410312
chr20:42351984-42352584|1,1,0.5668074137439228,0.5243809471406377,0.9976344731894514,0.9977575629677431,0.5755229319078441
chr20:2558155-2558755|1,1,0.67305924260485,0.8030396408500824,0.5951059016624629,0.6015165266882442,0.8413828777016958
chr20:38585134-38585734|1,1,0.49841103835293726,0.5515404714509999,0.6522303996489002,0.6414601279383025,0.6553404772686997
chr20:36828911-36829511|1,1,0.6517231419293574,0.6570595744159234,0.9888540265282592,0.9893814371170111,0.7469826486490874
chr20:44223418-44224018|1,1,0.47373429142284823,0.5528363848948443,0.29065169050222195,0.28276482671320424,0.536199243564694
chr20:63570310-63570910|1,1,0.7239659965637913,0.7611397505840153,0.9979757414100551,0.9978248854250525,0.902456439174333
chr21:11045000-11045600|0,0,0.472865779716788,0.4496050105744468,0.036599689722039495,0.037392633247765664,0.04549885369995143
chr20:31303152-31303752|1,1,0.5012796619581624,0.4516330728746063,0.5266256867330427,0.5112894910408061,0.45326796174747
chr20:16870000-16870600|0,0,0.3743241657034517,0.3927005302141233,0.15805447936972833,0.1828490768563465,0.2650510083609736
chr21:45475175-45475775|1,1,0.7337039580064534,0.8435214403680775,0.7121154276794388,0.7047025027914495,0.9417034905833728
chr20:57366506-57367106|1,1,0.5065051967752331,0.42571625122744544,0.9773535491014408,0.9770579873581129,0.5986220688533713
chr20:10333000-10333600|0,0,0.5081586121695107,0.3697782531177077,0.26729863697680395,0.2605338649573654,0.5449018153950809
chr20:48634474-48635074|1,1,0.6326488154073803,0.5760099038348899,0.9259532669828043,0.9277226711675262,0.726389180386081
chr21:5519000-5519600|0,0,0.5945381106772926,0.6546980760141433,0.30809765530294236,0.29231349947902896,0.9084340369201533
chr21:26210000-26210600|0,0,0.5325952583482261,0.5477224204778429,0.4916898812687041,0.49419974945092887,0.3998641325952612
chr21:15726000-15726600|0,0,0.49064242816295844,0.40361946215126737,0.4107014280600513,0.3813492813088648,0.2850744271058297
chr20:17852000-17852600|0,0,0.5298124030700452,0.5269979404616435,0.9769753801110853,0.9760461195732636,0.5746096093684314
chr20:50744000-50744600|0,0,0.5843939561516275,0.6523309720502639,0.2328196143563801,0.1984885010654396,0.442566860672601
chr20:63051321-63051921|1,1,0.6568647116216317,0.5893495772005924,0.5845306279500645,0.6043401429238175,0.7908668428072904
chr20:51795000-51795600|0,0,0.5640731097707679,0.6576594258460378,0.1957785429078747,0.18499813471972948,0.3808026055312726
chr21:24445163-24445763|1,1,0.41877558274930266,0.3765654732809948,0.25622509624626055,0.2584912061197665,0.5422531109787564
chr21:36459989-36460589|1,1,0.6290855683351597,0.7137192851687653,0.7765287813363557,0.7989471080650865,0.7847887861244878
chr20:41267311-41267911|1,1,0.5011334170844509,0.44173972146317886,0.16471827962196545,0.18370916071971366,0.6134236196431689
chr20:45561918-45562518|1,1,0.5782986727024501,0.48837641369835155,0.4768285762048233,0.48601070891314196,0.6571943300406639
chr21:25606354-25606954|1,1,0.5000408814817223,0.6413291426141984,0.9909216288734447,0.9908153086218161,0.9398861905808665
chr21:25133343-25133943|1,1,0.5302070646776154,0.5818519345324554,0.8203573135924621,0.8052160044714525,0.29609320026839525
chr21:25941007-25941607|1,1,0.46739500406071055,0.4628983584172351,0.18879578653241721,0.2004949504971049,0.3900260623921565
chr21:43288000-43288600|0,0,0.6050133995757795,0.6394940836638462,0.4292665631507679,0.42157820438249066,0.6114621386999305
chr20:49165984-49166584|1,1,0.4509950822370699,0.40036426931775215,0.9584664552008358,0.954369914915399,0.6963862292320716
chr20:24316906-24317506|1,1,0.5513123061216696,0.44303460131833633,0.3952897598166015,0.3939759243307064,0.46920239291744875
chr21:29210000-29210600|0,0,0.4321927543620728,0.4129156196709891,0.2589373200480592,0.2488085143422417,0.49496627949859423
chr20:47015880-47016480|1,1,0.5532185309184241,0.5263446205811494,0.9513452145895555,0.9538098882411502,0.8264374870470651
chr20:28309000-28309600|0,0,0.47242235072596034,0.5239666362723439,0.0020140796778945953,0.0021699259354932532,0.04922997146504412
chr21:44102477-44103077|1,1,0.5822757041701069,0.7514439266866896,0.9864852578735207,0.9861833462369851,0.9803047372032019
chr21:33531256-33531856|1,1,0.44470120963594806,0.47888707263067826,0.9676566779977313,0.963581948903889,0.7759465105986204
chr20:61082692-61083292|1,1,0.5969606766566404,0.5252410663897942,0.6971519890201343,0.7069546265690703,0.8056576762050025
chr21:22041134-22041734|1,1,0.4956251009751832,0.5208100376965148,0.12126263092587865,0.12573624161404362,0.6132355969671488
chr21:41132000-41132600|0,0,0.5590481119496398,0.5508136270079668,0.5677682327554446,0.5640479724146005,0.6766501358789863
chr21:34419329-34419929|1,1,0.5818084149379619,0.6117609789195367,0.9991081617218657,0.9991855483006526,0.9049393457817309
chr21:19897783-19898383|1,1,0.3961767775192471,0.3954174744353575,0.4939530348492846,0.5038449832928185,0.5447228022718898
chr21:12108000-12108600|0,0,0.4721203856245321,0.5670472532083191,0.001995486654359062,0.0021979772401330253,0.046293293860356924
chr20:27483000-27483600|0,0,0.4696248651012972,0.49162999955064585,7.417036450177291e-05,7.72960046742896e-05,0.03706530198186225
chr20:64100514-64101114|1,1,0.6241497514923203,0.616790759989221,0.6413729452669577,0.6582465131549904,0.6198875713251529
chr20:25255000-25255600|0,0,0.6532751205230406,0.5758693757679382,0.4663554905490155,0.48053954639933166,0.591256330523291
chr20:15828000-15828600|0,0,0.4059046105000812,0.36727171340948606,0.15912109408075492,0.16722576701967343,0.346331275236216
chr20:46117000-46117600|0,0,0.5694558317435782,0.6440985171926719,0.11888833573983447,0.1082163117948612,0.19892347797480872
chr21:18204000-18204600|0,0,0.38396648860655763,0.4192231093618064,0.3147429148547385,0.3109896349654433,0.5222189498217114
chr21:24522588-24523188|1,1,0.47028605706541055,0.46905359352691955,0.3997868180108087,0.427889296325659,0.6939131298029813
chr21:33102000-33102600|0,0,0.5449760695076139,0.5551153568029459,0.22664491072927262,0.19377754069015382,0.5176922849487119
chr20:10639654-10640254|1,1,0.5782509928566405,0.630237073922659,0.9984487927239952,0.9987506395156589,0.7982041035990445
chr21:33829323-33829923|1,1,0.5703224030123759,0.6360239713050808,0.9802409553367785,0.978463932486542,0.8546706538444385
chr20:2111000-2111600|0,0,0.551402563896377,0.6253874441009037,0.22042615103075994,0.21463049371071594,0.5514534293109878
chr20:47682868-47683468|1,1,0.676658834754224,0.7250978878369276,0.9977713123116478,0.9980227248638587,0.8468805012780537
chr20:17303000-17303600|0,0,0.2552553312032758,0.14107874827268635,0.28208702144840964,0.3011312072912318,0.050583985211728466
chr20:33100125-33100725|1,1,0.5934478964395999,0.5510489002771719,0.9787731580402097,0.9766164822006385,0.6757606229931902
chr20:35726000-35726600|0,0,0.5180422777733963,0.5924314132577182,0.35521277965475795,0.35928158719877396,0.3678126338847672
chr21:21849000-21849600|0,0,0.42750978179639776,0.4762141600873359,0.07253454812387503,0.08351287152134862,0.2758995895114182
chr21:40186958-40187558|1,1,0.5104993223963931,0.5298796081826952,0.9558892922213141,0.9575096871061892,0.6758300647393732
chr21:7219000-7219600|0,0,0.44201942424135177,0.4591379727009683,0.006586759477567584,0.005871910911602755,0.12343960039487553
chr21:44943383-44943983|1,1,0.6480130731149644,0.7173870017863219,0.9927389557092459,0.9931670787236473,0.8929423101559864
chr20:20022155-20022755|1,1,0.42570270947678174,0.4292286156275932,0.562759338302857,0.5497636740987265,0.5454960775203919
chr20:45823078-45823678|1,1,0.659570473095353,0.7290730624472741,0.9387307274943855,0.941199106950458,0.6133974410508714
chr20:37546000-37546600|0,0,0.5926922365944159,0.6432401751144593,0.12661515816026309,0.1400826503198302,0.3162395992387613
chr20:32519098-32519698|1,1,0.6305639405269876,0.570955051827484,0.5457605566979564,0.5221173379055277,0.7918194141637541
chr20:25142530-25143130|1,1,0.5727322271324764,0.4660182963927921,0.8520475756194521,0.8450668133486976,0.7523773633003668
chr20:13090782-13091382|1,1,0.4989958623436019,0.5183358241840927,0.9554286633954215,0.9598889732181574,0.18766024502357145
chr20:654019-654619|1,1,0.5437315558997479,0.5894036911941778,0.6950365095219535,0.6887984815529189,0.7623158001312672
chr21:22744000-22744600|0,0,0.5229340333854963,0.4895873580386404,0.354115757941392,0.3724035751895805,0.5264262133912476
chr20:44500133-44500733|1,1,0.5523978365240969,0.5008425976667364,0.38713776193011695,0.39228162713340026,0.6819557224227912
chr21:23858656-23859256|1,1,0.5016007021204479,0.4443549489599346,0.29886605850291387,0.2999027297150014,0.2535080623763802
chr21:30888000-30888600|0,0,0.4304729955449634,0.32376944630734283,0.25093768545117223,0.26535358617631266,0.35462499040662204
chr20:4822102-4822702|1,1,0.6250902794024539,0.7561502888491345,0.6502010592732594,0.6576306148880978,0.9293657413908208
chr20:58547511-58548111|1,1,0.4955439066707654,0.5019945680318391,0.4502560963942792,0.46695189837163387,0.7062672731613695
chr20:33612000-33612600|0,0,0.4426858571842654,0.4747318222794296,0.08441720903623932,0.09110670062916323,0.5942282500646697
chr20:35980158-35980758|1,1,0.6180581383375959,0.5873728696180807,0.9884992324008602,0.989256551000136,0.8476312113425736
chr21:40603000-40603600|0,0,0.3900545644006227,0.3428448621572675,0.0964414274928625,0.08378638445008343,0.4600299009260897
chr20:8990000-8990600|0,0,0.5393975064655826,0.534044072964519,0.22204755875749166,0.23160992586094203,0.1654216676127177
chr20:20153000-20153600|0,0,0.41962276395652465,0.45757795689210295,0.00910628404216721,0.010430990617533546,0.1971030803654169
chr20:50042000-50042600|0,0,0.5886809898143078,0.6313235304485431,0.29952891927965414,0.29669584284574163,0.4820386230224391
chr21:31958542-31959142|1,1,0.6000677340841438,0.6381848785571351,0.9652461431924453,0.9659660085497198,0.8400564079639984
chr20:59026168-59026768|1,1,0.4076696162820806,0.4681150130335417,0.9084433164792581,0.914285022187015,0.6093392032433169
chr20:18255000-18255600|0,0,0.5010759400675294,0.5010141078589556,0.34452721059011215,0.3819451053237525,0.2526153677883565
chr20:25303327-25303927|1,1,0.614703419258751,0.5354495114523443,0.9640670649445251,0.9621402364459197,0.855660181943711
chr20:11270377-11270977|1,1,0.5722880916096359,0.5143179373156704,0.1907983967747171,0.19530780491041594,0.5436348440782882
chr20:58318000-58318600|0,0,0.4610820325306345,0.43208631836714145,0.13882212673018163,0.13830444632964975,0.3316926349554361
chr20:7891000-7891600|0,0,0.43277875875705685,0.3854194992222607,0.04287660608185796,0.041623807715563475,0.2602613648873964
chr20:43795000-43795600|0,0,0.556577082631051,0.5094200533040706,0.24694934255947357,0.2564714641833639,0.3414009792273418
chr20:50594413-50595013|1,1,0.6727980322328243,0.6585866417993368,0.9593271965316372,0.9607535739429697,0.9200026707437858
chr20:21417000-21417600|0,0,0.45739209866952235,0.42354329830459425,0.011237455058879908,0.012422715025772461,0.09886874190454238
chr20:19799321-19799921|1,1,0.5457644001369262,0.5775973079148828,0.6459186473920233,0.6574786151793065,0.7320927807000097
chr20:59066000-59066600|0,0,0.39559043890751333,0.3464413010978708,0.20885397920340018,0.22478171686722853,0.5122402069798027
chr21:20129000-20129600|0,0,0.3694807880069387,0.35236143079794946,0.1885779963606054,0.17586704001431458,0.5932766080174642
chr20:45441000-45441600|0,0,0.49774631143251474,0.44867827305595476,0.04995400293947962,0.04556373608166628,0.3975777753371591
chr21:11267000-11267600|0,0,0.46478545221861856,0.5311841715149853,0.008674476840601625,0.009299914689851387,0.06630579148278898
chr20:62663186-62663786|1,1,0.6238501683895998,0.5833513967147316,0.5377780326352253,0.5419286562500791,0.5521769927223835
chr21:8763039-8763639|1,1,0.475653776739792,0.46493191770923376,0.1502813621693474,0.155257304129148,0.1853618427345332
chr21:15276000-15276600|0,0,0.5486875455959751,0.4622452039093496,0.16996214898752687,0.1867904608567869,0.3904165290703214
chr21:21702000-21702600|0,0,0.3533926657907044,0.3079089310787627,0.3163625585231431,0.3198072445188857,0.42434171445588137
chr20:10045273-10045873|1,1,0.42958197507959756,0.41900770429586937,0.7241012645458834,0.7416958637219494,0.22200427524791985
chr21:9528000-9528600|0,0,0.5528088157159128,0.5257248191449482,0.37566914171642346,0.36243319581760564,0.2600793961803957
chr20:11966000-11966600|0,0,0.5535447618094921,0.48951988526362755,0.46827128020550557,0.46199117008020246,0.8414429161870304
chr21:30033000-30033600|0,0,0.5345561670655679,0.4410059744687301,0.17402331304628219,0.18865270454539107,0.5559116853713133
chr20:15027000-15027600|0,0,0.46490297452715734,0.4379145572124674,0.24128984850163587,0.24041799911615486,0.22121671728476497
chr20:3630000-3630600|0,0,0.5440393426582214,0.5537630514572611,0.28437121072947913,0.3051374769035405,0.7296187959776719
chr20:63420000-63420600|0,0,0.6568948200899947,0.7654757679305229,0.570327613433197,0.5549288509116512,0.6065688820856556
chr21:37078000-37078600|0,0,0.4102030349267852,0.45293662218335634,0.14065545909226662,0.15889750971407018,0.2945459394809841
chr20:23048000-23048600|0,0,0.7182962009442695,0.9357965112673874,0.998320528149995,0.9978763045972344,0.9760744349602093
chr20:61582000-61582600|0,0,0.6848615159017714,0.6420630400942478,0.33200288619662693,0.34307701965342907,0.6830002512041718
chr20:13822000-13822600|0,0,0.5363939258517605,0.5695011412861085,0.7480338573021433,0.7481554504678267,0.53779097932477
chr21:39984000-39984600|0,0,0.47730230947990393,0.566840480140626,0.899764224780461,0.9046073133674964,0.6878265088721237
chr20:51393000-51393600|0,0,0.5153218979011026,0.4465171501821125,0.5088955668255768,0.5115434211176648,0.43263840895562866
chr20:63305116-63305716|1,1,0.6792546954526911,0.6979359541852559,0.9823180232566542,0.9832607267399652,0.7324267018544882
chr20:54513000-54513600|0,0,0.4507388409436018,0.41823216517386896,0.22706468665471402,0.218530450306352,0.3815255552329712
chr20:5585968-5586568|1,1,0.41878666262250047,0.39137964910655476,0.8906649759866192,0.885702301333215,0.29936171690168345
chr21:38285286-38285886|1,1,0.4931649842836798,0.5384715710593634,0.2393933719983246,0.25867660057276654,0.5719289256331117
chr21:38801000-38801600|0,0,0.4779936307143252,0.5050235655439538,0.43287123705240493,0.4269784970903379,0.5373255521593941
chr20:32157493-32158093|1,1,0.6813721336922819,0.7382540092941843,0.9935565238632104,0.9944837056472633,0.8649393641086004
chr21:41906865-41907465|1,1,0.5946477113736475,0.6608901258895761,0.9685405061711512,0.9648612096752966,0.8667554662319761
chr20:46936000-46936600|0,0,0.5349963658664972,0.4983593526188103,0.1915848382661499,0.19243723808345867,0.1723727809622439
chr20:33297224-33297824|1,1,0.6565670077393914,0.5346723246154812,0.9459446876060177,0.9423673304224933,0.62999671736111
chr20:60058606-60059206|1,1,0.660933830723691,0.6770679498319816,0.5148203034306413,0.5151517273453137,0.8415038043584744
chr20:40234000-40234600|0,0,0.43986177647364944,0.38260222227921,0.5204652093127715,0.5423417369770637,0.442474925939375
chr20:11459000-11459600|0,0,0.43554466096683625,0.4297651255759909,0.36239435891685334,0.3756543061157202,0.3357644466683092
chr21:43644091-43644691|1,1,0.47550354836614595,0.5203596638464253,0.9724711536825263,0.9723554451721619,0.5628542401956803
chr21:32420000-32420600|0,0,0.5673174290506189,0.5512849698461265,0.26045697761696984,0.26013165767770885,0.17004086273217453
chr20:55544458-55545058|1,1,0.4968450302937559,0.45712517495258526,0.32841277407134073,0.32456089797659304,0.5737504462622428
chr21:14308070-14308670|1,1,0.39377403196620253,0.43785783323461447,0.9618730719451296,0.9608289438174408,0.534040120104094
chr21:15867000-15867600|0,0,0.37049285506610485,0.4230929354380047,0.16190953863136484,0.15043190264847842,0.4011800113766247
chr20:22000000-22000600|0,0,0.4432254939424698,0.37607646375926684,0.36674565949975496,0.39322122523502895,0.3547506449230735
chr20:6939000-6939600|0,0,0.44428648217929717,0.4113526346264965,0.40324119919155904,0.4190162356609228,0.45296362928819006
chr20:28018000-28018600|0,0,0.4804754116870731,0.5082127536604091,0.003274280801455087,0.004046541036751455,0.07889128739468579
chr21:15966478-15967078|1,1,0.5311479618779676,0.4947631066707148,0.4363364367120826,0.4673531262053676,0.39370404026596795
chr21:42753689-42754289|1,1,0.5922131347923723,0.6776260695461306,0.8749455934261106,0.8756776698324727,0.6906826573912292
chr21:23534000-23534600|0,0,0.4451274632044444,0.45179060034532437,0.398884615584422,0.3703647490398422,0.6700186198715856
chr20:49438287-49438887|1,1,0.5862793677114455,0.6234282607136254,0.5456227779248195,0.5329785907934995,0.5223315800612621
chr20:8756745-8757345|1,1,0.527924129148469,0.49025609532584313,0.3430527727096276,0.3714397909230284,0.5727609449044475
chr20:37000000-37000600|0,0,0.7778802528797926,0.8803800543503497,0.08310296664713494,0.06222431497625994,0.21348545076297162
chr21:36507000-36507600|0,0,0.5732520776428124,0.5276471129115878,0.2741011157181037,0.2688427338802686,0.3578378460101524
chr21:16111000-16111600|0,0,0.405735563642686,0.35231169171731147,0.30123838841217027,0.2946539845687729,0.4736792239103469
chr21:34385177-34385777|1,1,0.578867791303747,0.5597793078101627,0.6038457914709595,0.5870413922929251,0.7743455239971536
chr21:28198000-28198600|0,0,0.432333889134621,0.402253810601439,0.047651271185836924,0.05425391162815699,0.37097796429246555
chr20:50768000-50768600|0,0,0.6318687037780326,0.5991807303366253,0.1478304401064487,0.14009092802537026,0.2895135159299009
chr20:14336000-14336600|0,0,0.38336718289797944,0.34490324217882073,0.2611135739243639,0.2562968421420956,0.4423886734861888
chr20:35947184-35947784|1,1,0.6050133995757795,0.49172550532802595,0.873302258084902,0.891065454590108,0.6291129207508357
chr20:4633000-4633600|0,0,0.5086324519166685,0.4328035065852072,0.24929261543510858,0.26704134248611733,0.3252761460014585
chr20:40957000-40957600|0,0,0.5989122769411932,0.613561097548743,0.3023385179593385,0.3163518931292857,0.8237497191424676
chr20:36184816-36185416|1,1,0.5873140364529063,0.5190487866421237,0.9829435868516613,0.9851601288608938,0.5407011071115962
chr21:46279836-46280436|1,1,0.6005881850332776,0.5697078104322373,0.7313167008938947,0.7404200135012268,0.4787286037938676
chr21:39255527-39256127|1,1,0.4718174242585392,0.5475545725209594,0.9757570132656644,0.9760119454514601,0.5769022933360979
chr20:54003000-54003600|0,0,0.4966638776808227,0.5010571947415734,0.2872919666999427,0.2925877820374204,0.1349874453142909
chr21:33597100-33597700|1,1,0.524526838280612,0.6029274980621188,0.42725987251782044,0.42657764629716804,0.6301684840238462
chr20:38303864-38304464|1,1,0.6758021296580491,0.6990932618010599,0.9522825926823991,0.9495053865798968,0.6010083214053055
chr20:38994520-38995120|1,1,0.44693260840411875,0.45293942934438647,0.8785197239764704,0.8914972072040785,0.7248697297331067
chr20:2822000-2822600|0,0,0.6203221354820223,0.5845385897709743,0.34000453671756514,0.3379516241774067,0.3340949709845928
chr21:8570000-8570600|0,0,0.4220079830864929,0.31795541885278095,0.24084969283963134,0.24076890292448952,0.36320991966343813
chr21:23045000-23045600|0,0,0.3564007250058131,0.3215766144767107,0.15123067737652485,0.14640425144600216,0.38634091930714604
chr21:31789000-31789600|0,0,0.5966849193521679,0.6431431039143377,0.0412165711582056,0.04568053647332794,0.09586882954126799
chr20:19588000-19588600|0,0,0.48524177133917984,0.49127730512067086,0.24249599298906607,0.24035307112755658,0.4069834524581194
chr20:3122283-3122883|1,1,0.5494827097164123,0.5209272304495708,0.6669590376541694,0.6786552155195515,0.6411370272548741
chr21:45960000-45960600|0,0,0.6170570601766818,0.5234191322251616,0.38965850962021165,0.4015255853896607,0.527904167245493
chr20:21706137-21706737|1,1,0.72058768903886,0.9008396833334638,0.9729439547365631,0.9710478665370436,0.84905239491734
chr20:4789396-4789996|1,1,0.6135884836349187,0.5973833843505253,0.9640069373706658,0.9628365330301387,0.7880085816834453
chr20:32084090-32084690|1,1,0.6429666879692749,0.5842702793617349,0.9866905039132311,0.9879911369313401,0.646110487544955
chr20:3561975-3562575|1,1,0.5033812313771359,0.46452206808171437,0.9960470005558525,0.9955881673751564,0.5257013829676078
chr21:24844478-24845078|1,1,0.43934729414834417,0.4745458172791526,0.10190633695747546,0.1004950644290315,0.4665012292214132
chr21:44315943-44316543|1,1,0.7355132183262854,0.7830755024322562,0.993848790432847,0.994216148165368,0.9265116993530484
chr20:53924000-53924600|0,0,0.5359137819518113,0.4980465633874886,0.31741400790186836,0.35476725819079485,0.41598988947949983
chr21:13348000-13348600|0,0,0.35040036363866767,0.4028580756524502,0.19077125706404327,0.1705887006700929,0.6406836122260056
chr20:31861374-31861974|1,1,0.769317438010091,0.9391732402653401,0.967119145665308,0.9594503465309661,0.8291939746746438
chr21:41804313-41804913|1,1,0.6681538874343398,0.6206883522953448,0.7871031670455768,0.7850958908025883,0.8095573639708454
chr21:20795000-20795600|0,0,0.4268990230955795,0.37097692018559353,0.15988078947364498,0.16566430366741883,0.32149083283458746
chr20:37066583-37067183|1,1,0.4380969850777749,0.4989208051782767,0.9977224740659589,0.9978932952020128,0.6780265466055121
chr20:33672121-33672721|1,1,0.7002195851383404,0.6567690188281463,0.5872789305498165,0.6151938431479652,0.4575983838181316
chr21:43982003-43982603|1,1,0.6118331438579762,0.6980201316811537,0.8786523966680302,0.8774051304719344,0.8825294144643833
chr20:46485367-46485967|1,1,0.4266995713172105,0.4677832240194674,0.5682568724460457,0.5440991276709835,0.8487379469877946
chr20:1840000-1840600|0,0,0.5865289462555862,0.527878655483531,0.2531568743306028,0.24603490382090873,0.6018761879085925
chr20:42891000-42891600|0,0,0.5277236762206379,0.459916910073195,0.5272493609364978,0.5426266120482685,0.3159933078913056
chr21:35294000-35294600|0,0,0.5374604228439449,0.5462429822970446,0.2645774461705544,0.2642227434345739,0.7181069938962623
chr21:39787866-39788466|1,1,0.4214149618529987,0.4797570252619194,0.6663898419424296,0.6504908229391547,0.6457399223203232
chr21:41675000-41675600|0,0,0.4337606047309342,0.37131028473294925,0.698087324921458,0.6988792482538236,0.5187472111595686
chr20:38906678-38907278|1,1,0.5367508329301505,0.38924077089660686,0.22357035578604822,0.22843788625287517,0.19152609182665706
chr20:12609000-12609600|0,0,0.45024764269463374,0.4331471314392832,0.5278815093445006,0.5162697180657656,0.3942941393131302
chr20:15693000-15693600|0,0,0.5090521743651304,0.48317422347191835,0.3139389767753971,0.30228149576926566,0.3961755824008509
chr21:6666225-6666825|1,1,0.45686059185269967,0.47424621745593304,0.5265164861606574,0.5250111874033127,0.7852121963767874
chr20:13913643-13914243|1,1,0.44360644450860903,0.4242971027823138,0.9439552036020247,0.9438769616235186,0.4167463718513487
chr20:25144122-25144722|1,1,0.5167958068036295,0.48730046073569755,0.25071289018622117,0.2623839627478086,0.42033549272584264
chr20:945000-945600|0,0,0.6294661985187584,0.5824091573826254,0.44315436007877534,0.43986877779677597,0.6416564968154571
chr20:1362096-1362696|1,1,0.5135366580309647,0.5219307394512449,0.5555703093723748,0.5643019313946699,0.5763529323492023
chr20:13669000-13669600|0,0,0.42553484874561925,0.49087599782381,0.05620226284551656,0.0539182975280979,0.19932347742663353
chr20:20171480-20172080|1,1,0.4873863523473442,0.4447117997982008,0.36415809024624474,0.35848129556935615,0.4396675705588988
chr20:46546028-46546628|1,1,0.6546491498704708,0.47880137185684335,0.8072906160856398,0.8007657455584203,0.5475433980881386
chr20:41909000-41909600|0,0,0.3954093315610488,0.4217378092864823,0.09573768749060665,0.09309962381810766,0.5680373901004189
chr21:27096000-27096600|0,0,0.4230269996656319,0.4366334069010014,0.18508427233800556,0.1855540802043994,0.31888182372938506
chr20:21180000-21180600|0,0,0.46726618855633806,0.5551307018894275,0.22164218387788823,0.2113430401793672,0.3964244189121518
chr21:24510000-24510600|0,0,0.4636016211477716,0.4303016359408125,0.6259736710476593,0.6327649343730907,0.7316974643638301
chr20:32906261-32906861|1,1,0.6831252903065568,0.5718871683234711,0.941497936078397,0.9434241024201238,0.5527690873876274
chr20:50143320-50143920|1,1,0.6474630094944775,0.6012957651753759,0.8942482999343442,0.8998824513589758,0.4090734848907952
chr20:14102000-14102600|0,0,0.5213692547870512,0.5574095075581676,0.2943410425547802,0.313187895948803,0.1623937676018483
chr20:49880623-49881223|1,1,0.5531175762993356,0.600423113546928,0.8714261792741287,0.880867513538435,0.9000971371813548
chr21:16009000-16009600|0,0,0.32138931277667204,0.3152565563513507,0.10434039842246244,0.10166442222945292,0.1021391220042517
chr21:20525000-20525600|0,0,0.38270046708452127,0.3598641390420911,0.04220761471531076,0.04209937928834626,0.2646416194725216
chr21:26693000-26693600|0,0,0.4488422798829822,0.4349784971219833,0.1408260580549745,0.1442214707237362,0.46380446222669236
chr21:25516154-25516754|1,1,0.44379986807370164,0.3857900068125008,0.3029682695210715,0.29820509789770006,0.4072176066269064
chr20:38405124-38405724|1,1,0.5123777277138303,0.38184492561500977,0.7268259281886261,0.7171310853780725,0.3955378989548547
chr21:31672053-31672653|1,1,0.5816965496145838,0.6253089096165783,0.8907040889239929,0.870365294412334,0.7951420449464311
chr21:36321000-36321600|0,0,0.43651410009935887,0.5559544509154872,0.5889723377966631,0.5921767468361381,0.3408175975383507
chr20:41354344-41354944|1,1,0.6562715080282551,0.5691490016931179,0.9627996037896485,0.9600438906698285,0.6861044503902428
chr20:19075000-19075600|0,0,0.5807357657842144,0.5469836335618489,0.39802044498689604,0.415982708255391,0.740143075025722
chr20:52876000-52876600|0,0,0.4916125683567212,0.42828319507315354,0.27588113899873545,0.2694993059135614,0.1739904907302614
chr20:38399000-38399600|0,0,0.5251235426939592,0.4483723256758594,0.34579759274748084,0.3582643576793283,0.10386105844945612
chr20:49822760-49823360|1,1,0.4766560820265108,0.4576506714129191,0.6540833526212915,0.6797175993539375,0.6128634359491439
chr21:36399220-36399820|1,1,0.5412596801333049,0.6214976351533017,0.8714147216419905,0.869949145866883,0.7893611302088605
chr21:43792371-43792971|1,1,0.6038710130116162,0.5868123599521653,0.7232549268775964,0.7163062727874601,0.3096019191260634
chr20:5198000-5198600|0,0,0.6410678176992781,0.5726554769169242,0.2700174241929407,0.2864277280793646,0.2240343772315764
chr20:59907123-59907723|1,1,0.38489480868166864,0.3444636607177073,0.9329350631172321,0.9233285124436053,0.7785896903547909
chr21:26258000-26258600|0,0,0.4648614628970273,0.4310760515153502,0.09189803390425341,0.09073269797185574,0.4110375996388459
chr20:46750000-46750600|0,0,0.5798098239054262,0.5134939761019812,0.49140907812677065,0.5152956083926635,0.7264071458932866
chr20:58705197-58705797|1,1,0.5545843394172001,0.5880121528940048,0.5583252349311988,0.5570709301143965,0.8056969137485441
chr21:8627000-8627600|0,0,0.4545302020413075,0.41704457526553756,0.27179880275941876,0.28248714132705016,0.6674696572386831
chr20:16504246-16504846|1,1,0.4437324533209977,0.45694782120217226,0.9891160877420588,0.9902540477256411,0.45642997819875564
chr20:9468270-9468870|1,1,0.46154421648196825,0.44447699753538944,0.9438266977758373,0.9409290334612458,0.5152633056098305
chr21:31124393-31124993|1,1,0.5935422050351722,0.599373601372128,0.35598995042813936,0.33917967012671585,0.5758779902161776
chr20:3150237-3150837|1,1,0.558962204136899,0.4854259259134222,0.47036330489866013,0.45659764383891555,0.625149972405065
chr20:19549000-19549600|0,0,0.5087942550928274,0.3989514704556325,0.32115761896645495,0.2968980140547677,0.18356795959526373
chr20:21075000-21075600|0,0,0.4996193416148542,0.49788771219739414,0.454647025097907,0.4534936924106128,0.5672807860508005
chr21:16057000-16057600|0,0,0.4917805155606509,0.5354413516323054,0.500872364714254,0.5206061190751826,0.533119517265195
chr20:15117000-15117600|0,0,0.40557725216574875,0.4696673652079199,0.6507116622517337,0.643843095478682,0.38157846209943747
chr20:61015000-61015600|0,0,0.574881258774063,0.5339835510576543,0.3375024986749692,0.3355817592717832,0.4610536227126946
chr21:46205640-46206240|1,1,0.6505217503645443,0.6809623853695609,0.9784830257598995,0.980069233915314,0.9194626104884098
chr21:30696000-30696600|0,0,0.4470060896334535,0.43668974773704844,0.2865271143014435,0.285861384714829,0.3973082844426429
chr20:57399627-57400227|1,1,0.6809832364162541,0.7218354588784783,0.4572954123648472,0.4567442556446118,0.7666105646503697
chr20:34585279-34585879|1,1,0.5319772861136739,0.4848691200299628,0.981280256608723,0.9797812570933527,0.7992702527630219
chr20:57105788-57106388|1,1,0.5948960297880475,0.6216620639917502,0.37418290366769885,0.35927489957556047,0.5127586136270424
chr20:57807000-57807600|0,0,0.6205904999740106,0.497509463282706,0.1752035019355309,0.18684629665699162,0.2667425358581822
chr20:52810000-52810600|0,0,0.43157114924030343,0.40741310239324235,0.2106136544465923,0.2136340349180284,0.26941758089206075
chr21:30936000-30936600|0,0,0.7057626777979187,0.5328555616029969,0.06270956063668535,0.06034521819338127,0.5398273188366949
chr20:56390364-56390964|1,1,0.5446829941005472,0.5581305013089223,0.541756108234588,0.5490126564379693,0.39871500103842583
chr20:23447000-23447600|0,0,0.501385701991712,0.49169698472855744,0.1888927356430329,0.2218776899942275,0.3880207218012132
chr21:38660000-38660600|0,0,0.7349548623500864,0.9342458437440352,0.5969332744423256,0.5737516768267256,0.8686818216625742
chr20:31297000-31297600|0,0,0.441528713230887,0.3755934505775282,0.010799111935002192,0.012319465899730172,0.2211544282591701
chr20:62825516-62826116|1,1,0.7330740394478912,0.6827859471794906,0.8437733871813494,0.8367539610921986,0.6966604627992147
chr20:32573331-32573931|1,1,0.6297947646254987,0.5190945290429008,0.36449449389877336,0.3779166353210567,0.5029248012429723
chr20:50531000-50531600|0,0,0.5600558437316056,0.593917504740464,0.4676082190914772,0.4539514374147914,0.29347487620710916
chr20:20591013-20591613|1,1,0.4532604121576653,0.4801977932698429,0.9822934541274443,0.9846489577576764,0.8590832482272313
chr20:861000-861600|0,0,0.5044392376573241,0.42575018515622404,0.2949139959041702,0.29381392693480535,0.5003141617869962
chr21:45267412-45268012|1,1,0.6138960784787637,0.7424948995212473,0.996116883930366,0.9962046533056208,0.8586586726005552
chr21:32769641-32770241|1,1,0.40475187918274835,0.4259240925074774,0.9353352983437243,0.9364581180711832,0.6654298232488466
chr20:2748248-2748848|1,1,0.635322123759698,0.5228466537586021,0.8667640664879739,0.8741709125951916,0.2641461646365559
chr20:36264000-36264600|0,0,0.5897450903118148,0.5913658114404013,0.33096535829470247,0.3272276720267995,0.6895867801749451
chr20:20639599-20640199|1,1,0.48680292795207053,0.4314245431464745,0.7703139771264799,0.7972423927440883,0.6592766357222277
chr20:28580443-28581043|1,1,0.37650401676742884,0.41380707353491225,0.4551649206191727,0.4469157550215385,0.49407067070897676
chr20:45423915-45424515|1,1,0.659140669703922,0.568079875743328,0.9765711797727095,0.9773011454609491,0.7651130028708368
chr20:31981000-31981600|0,0,0.5876498458983092,0.5370944646729675,0.08170592249272583,0.09260777290545974,0.052849354605876905
chr21:46291033-46291633|1,1,0.5516610070952881,0.5586152254814358,0.7439675086619258,0.7410328557546652,0.5073827613738702
chr21:15830230-15830830|1,1,0.35339120858355233,0.33334641068209436,0.9319094653584352,0.9347914184579719,0.48938839395661116
chr21:36402457-36403057|1,1,0.4703939076746067,0.6025808323210501,0.5752938063294346,0.5638491414951252,0.7498196487012642
chr20:52042000-52042600|0,0,0.5468642854968846,0.5179859456954492,0.27224426802390456,0.23996110047168503,0.4396293169144713
chr21:36219071-36219671|1,1,0.4876326121244641,0.5492268140596313,0.9494365803349475,0.9542854090961862,0.7297222559292993
chr20:43204000-43204600|0,0,0.5283631887363694,0.4110655619613144,0.25929202681798014,0.2442864715783846,0.5518764484839809
chr21:33307884-33308484|1,1,0.4582751723893096,0.3515483918904909,0.3275417165011998,0.3550949488648143,0.5868047582965635
chr20:35285169-35285769|1,1,0.6387788660380758,0.5616808359007474,0.696275475904079,0.6681600794779592,0.6661780880426613
chr20:58975000-58975600|0,0,0.4450849585273954,0.49677036168254884,0.06947831309458954,0.06739989963558983,0.49066194603191887
chr20:11273082-11273682|1,1,0.4559309445622906,0.43198156137900573,0.63705380651045,0.6663444180585893,0.6282135008129365
chr20:58807000-58807600|0,0,0.5821863702264611,0.6973832903146245,0.3473287736466172,0.3278929929512473,0.5495178533793721
chr20:4753000-4753600|0,0,0.5437619932539238,0.5148618063757084,0.0846250523263576,0.07821496615193897,0.16000567150533385
chr21:29748533-29749133|1,1,0.479077964092196,0.5011819594349868,0.166852014389797,0.17552218727220628,0.7848287867676035
chr20:63765000-63765600|0,0,0.6334421812203509,0.7024772168775821,0.24161488919433075,0.26524537210304483,0.3364923846024793
chr21:36253471-36254071|1,1,0.5643428928233161,0.6032831448514018,0.953077463241948,0.9508438055338627,0.6706554847152991
chr20:53144000-53144600|0,0,0.5000251215825958,0.46390007254198473,0.060811369552296365,0.054543230791112014,0.3806884981905795
chr21:27060000-27060600|0,0,0.4385126006734317,0.42665759801068975,0.13291978489002682,0.12518918367587373,0.4688503430519655
chr21:29555001-29555601|1,1,0.4850402368539623,0.47352761439988156,0.9956103804067028,0.9957756582728713,0.7784601339095317
chr21:37225325-37225925|1,1,0.5734798523868015,0.6224439988851262,0.9776522708283965,0.9764761341171128,0.8177932945805394
chr20:11708000-11708600|0,0,0.49638060543190204,0.5637226362021748,0.07748378877872968,0.0851578250238441,0.5481685148345752
chr20:1579000-1579600|0,0,0.5807357657842144,0.47290590009292716,0.5109736611046206,0.5014771326368986,0.28328845881870557
chr20:55144000-55144600|0,0,0.5023280170336919,0.4856874690623114,0.22108560740309577,0.2415179178138965,0.31633587867897883
chr20:59324026-59324626|1,1,0.6110891160562386,0.5677244047093687,0.8124311691549991,0.7985388249273894,0.7727686611243286
chr20:39018503-39019103|1,1,0.4634351602492873,0.4246901732402873,0.9912719920592694,0.9913091207053425,0.5683815640765405
chr20:36887154-36887754|1,1,0.6425075079587058,0.6847008461842491,0.9408060647347894,0.9430450085582422,0.6234720789730144
chr20:2705276-2705876|1,1,0.6665983303137066,0.5944537944151025,0.9847641753073663,0.9822059048118333,0.4955125575980632
chr20:50435000-50435600|0,0,0.5725555900705227,0.5308243245375507,0.2823618280956226,0.26035490547124196,0.4853855135063268
chr21:28840000-28840600|0,0,0.44754034767495193,0.44379223590811934,0.02481190730521059,0.023709130062302835,0.13882577428598092
chr20:25594000-25594600|0,0,0.5363959916182249,0.602508442081225,0.3420418769591569,0.340667182857426,0.46575838145234577
chr21:22534000-22534600|0,0,0.47695895775067587,0.45154433638918035,0.1186141626352655,0.1314720109132427,0.3687821078536188
chr20:23180110-23180710|1,1,0.6235453120866297,0.5487237558665451,0.652650362205296,0.6444925861882216,0.7669388538495652
chr20:47978427-47979027|1,1,0.6241497514923203,0.7010291308684149,0.7484756157167622,0.7684083656937157,0.8768167088446847
chr20:62336144-62336744|1,1,0.7041992462388471,0.6572837157242358,0.9565995672056142,0.9580396582398352,0.406655354106945
chr21:14963784-14964384|1,1,0.3785246846755667,0.4386477817455799,0.4414240712198649,0.42301747127022576,0.5214754779392629
chr20:8591000-8591600|0,0,0.4880312917275868,0.4954880063438058,0.21449737455535756,0.19077938495889882,0.508017043079718
chr20:20240000-20240600|0,0,0.5828228374587311,0.42767802662200866,0.2753678178726285,0.2367086218117636,0.382759151884832
chr20:48055989-48056589|1,1,0.5189509640625505,0.4921044635911935,0.5028152629048414,0.49419216607872674,0.5792041851783352
chr20:5048000-5048600|0,0,0.501385701991712,0.5361759904596007,0.10801456446990731,0.09895924204570804,0.23753252441174247
chr20:64066175-64066775|1,1,0.6404684431176276,0.5563148704866043,0.9682773177344985,0.9691325591716662,0.4531637892396876
chr21:37837000-37837600|0,0,0.46622295580515294,0.6249841471736018,0.781199363770085,0.7839909278632119,0.6502990427300824
chr21:36250861-36251461|1,1,0.5488307650327177,0.5997727464981685,0.6961618796464984,0.7280580095862537,0.8576104525225012
chr20:21368162-21368762|1,1,0.412446786178317,0.4219790542249298,0.9651620730677113,0.9663349236681348,0.771793697918085
chr20:63529422-63530022|1,1,0.7426827327169282,0.7253339319310461,0.9931396061858786,0.993356327996684,0.8466851035115632
chr20:43574608-43575208|1,1,0.5745822529307955,0.5001503944582804,0.9844828037268757,0.983406950997607,0.7929879196418209
chr20:35469194-35469794|1,1,0.5382634810250819,0.4455282235890384,0.577739621729814,0.5698843220712126,0.21083641751023582
chr21:24990000-24990600|0,0,0.5417577965395589,0.48799107818019266,0.19146705800865918,0.18349302995641517,0.23448756793272887
chr20:37112145-37112745|1,1,0.535527012586019,0.4738741125838736,0.16489359409782098,0.17899592157646724,0.4959704120100065
chr20:41533269-41533869|1,1,0.5145537487689941,0.4866712494092868,0.9820480241991764,0.9806713311103622,0.6083769401801341
chr20:21381693-21382293|1,1,0.4176608062837264,0.41915487011212643,0.8824453866556342,0.8510571476292267,0.6683985805469622
chr20:34708390-34708990|1,1,0.634454027574001,0.7354909051484492,0.9408872308125482,0.9463025619590117,0.9030711484498335
chr20:63814586-63815186|1,1,0.5934390863102962,0.5118752138145602,0.4239828352636975,0.4493392824033374,0.5559762553210666
chr20:61513000-61513600|0,0,0.6617321542585717,0.5955136623701959,0.5310165811419033,0.5334287338705989,0.7895686501523843
chr20:22406411-22407011|1,1,0.4369391190697171,0.4030677328775505,0.23569945029933423,0.2580402735849389,0.4863048222609569
chr20:62159576-62160176|1,1,0.652211879883141,0.6944395324996452,0.9819328608183504,0.9819434002567421,0.840389758716939
chr21:30585000-30585600|0,0,0.47685848369349393,0.4975918208938145,0.2520937658738164,0.24318053777838786,0.39766321060763193
chr21:37069323-37069923|1,1,0.3839218152916874,0.4160957568879943,0.7581403490901594,0.7421526213668556,0.4569541882726493
chr20:13426000-13426600|0,0,0.39720980644572307,0.389140983128459,0.1707910341103582,0.16128675827078448,0.4086423894830266
chr20:57717000-57717600|0,0,0.5158737188187067,0.5076372092093491,0.3083917442422319,0.28761248940163914,0.3492558806905036
chr20:41861000-41861600|0,0,0.5229340333854963,0.43411196366889415,0.4763048320407828,0.503919571327587,0.6196399393511183
chr20:5432071-5432671|1,1,0.6419349791946365,0.6450035246959782,0.5530341668679204,0.5556402343275206,0.8873224790771037
chr20:20366000-20366600|0,0,0.44632914617144154,0.4537238635249389,0.5008214631431758,0.4739676925512698,0.5529757721038326
chr20:31819232-31819832|1,1,0.676445474395353,0.6195768057577624,0.5192998244273792,0.5253447780639658,0.5825405367679951
chr20:58690733-58691333|1,1,0.5363689823833878,0.6125127051540895,0.7409687710023577,0.7540855243189827,0.7498446712652355
chr20:2063000-2063600|0,0,0.5755447041780094,0.5532491074302326,0.12009668610110469,0.11770105394296763,0.26559525985977667
chr20:49646777-49647377|1,1,0.5092745478677428,0.4625569476712731,0.8613103791644842,0.8480709807252279,0.739377669923455
chr21:26834000-26834600|0,0,0.48367947512060194,0.4383103715021875,0.30878747403035356,0.3105508704716902,0.5589838065277027
chr21:32383253-32383853|1,1,0.5607836520973813,0.5824987666420272,0.9934588109224346,0.9940162719047316,0.7331280799691913
chr21:29753000-29753600|0,0,0.4654258065521141,0.39814200146333634,0.21822937300632284,0.23020779061346086,0.5888977164425745
chr20:43613549-43614149|1,1,0.497933193551092,0.45999941892432794,0.8417376274393589,0.8141314489250263,0.6007585238809721
chr20:9354000-9354600|0,0,0.5186605563697715,0.43628369894677727,0.26797930499007316,0.26813949770903955,0.7645970214787003
chr20:62396106-62396706|1,1,0.695739923384964,0.8038439256755101,0.9890247314208104,0.9887513480780777,0.9446348019564458
chr21:43799269-43799869|1,1,0.6859070150949902,0.7066406668546367,0.7461895827132817,0.7522457248417809,0.7290698262866129
chr21:28264000-28264600|0,0,0.4737996469623917,0.3766830230712566,0.09104341009813294,0.07392132398961382,0.531571950171076
chr20:35705029-35705629|1,1,0.44989073831093657,0.5256610568394059,0.9620677175389788,0.9670188147093881,0.6381385112606406
chr20:34060000-34060600|0,0,0.4536751472709987,0.42338159511055934,0.19868272110083057,0.20326585082089757,0.5240795218491237
chr21:36170267-36170867|1,1,0.5434939457786523,0.5277561700972716,0.07045793166275427,0.07181411735902087,0.19829203673449966
chr21:42349729-42350329|1,1,0.6225348796375254,0.6248313832361991,0.5114461145350451,0.5261266014283097,0.6825583093353602
chr20:52575336-52575936|1,1,0.42658695894614906,0.4797758250231782,0.058837463124922225,0.06784587764762759,0.413078657951143
chr20:10265178-10265778|1,1,0.49091687774105824,0.4954810184588595,0.6350333822861964,0.6341112858570508,0.7473360477278778
chr20:55531000-55531600|0,0,0.441854498745856,0.4698293539805858,0.6176953968347781,0.6654380275627219,0.5247711327492446
chr20:18472541-18473141|1,1,0.35885491904499284,0.3411890507019486,0.9485289710717794,0.9448317243108326,0.47540696152057216
chr21:25717458-25718058|1,1,0.48498479029193287,0.4390261633099519,0.44784052775145583,0.4919335915523632,0.7066844199345383
chr21:13822000-13822600|0,0,0.42395669826912186,0.3950244357904,0.6068813152575775,0.5934429976575469,0.510379702170629
chr21:46429709-46430309|1,1,0.6426883787388781,0.6984721286702874,0.9951512948045503,0.9950271799410569,0.8422578880025354
chr20:59711000-59711600|0,0,0.39633598450383856,0.4346739079058426,0.32845035738920486,0.36546681326080355,0.399342353642363
chr20:51792051-51792651|1,1,0.6195911925374596,0.6770801065677143,0.9708329626444108,0.9689200955327079,0.7809674433191296
chr20:42909000-42909600|0,0,0.5129085065833009,0.46075381023951395,0.21050440745017188,0.1991387264946295,0.4986654814283919
chr20:63672255-63672855|1,1,0.6982330854185982,0.8025552918591852,0.9651491188842577,0.9659901147324872,0.9429161922727708
chr20:492063-492663|1,1,0.4602482952153108,0.4430902562501079,0.9071009072053253,0.9017602064009628,0.7118348158356108
chr20:59948000-59948600|0,0,0.3875238432833016,0.3962024551918503,0.4889904037450683,0.4834924348343324,0.48694365436293474
chr21:38298943-38299543|1,1,0.5572125498588523,0.5239483013987428,0.9977673547057014,0.9976495623841931,0.883356902485762
chr21:17021000-17021600|0,0,0.4814987513762725,0.4678103444948664,0.14755494720630496,0.17943183317196,0.21046756908245487
chr20:25414000-25414600|0,0,0.4882143391994741,0.4862460945776513,0.19081040527943358,0.19303514234897193,0.1347518831794315
chr20:21741000-21741600|0,0,0.5148193404476055,0.40779626941888575,0.09561140971718558,0.0944407084714162,0.16163908952827238
chr20:6107333-6107933|1,1,0.45262205466540323,0.41554024317586297,0.8920467865388276,0.89553225294193,0.5066019585507883
chr21:41258000-41258600|0,0,0.49895470171610623,0.44852504039768276,0.21997021559869856,0.22342050430405075,0.49002266452319904
chr20:62513000-62513600|0,0,0.6722814713498896,0.7953055991182092,0.7726491373356268,0.7572851340433658,0.8747281376463983
chr20:34957797-34958397|1,1,0.5656808119207134,0.5444362752653412,0.5922609602118443,0.5822523503916865,0.6649204792641047
chr21:15810836-15811436|1,1,0.41750636350563775,0.45961450276947036,0.9094904805213787,0.9089051063183634,0.48748902450825543
chr20:62291402-62292002|1,1,0.6925260695581309,0.7395458294121597,0.8871299648311557,0.8865432265978545,0.7873196600735185
chr20:50336000-50336600|0,0,0.45499703736811625,0.47795553822934755,0.049786672309019266,0.0406991962404388,0.31658061747847993
chr21:29087000-29087600|0,0,0.48512146401609696,0.495771469302815,0.21299083439010882,0.2094977291887416,0.2864571076210902
chr20:14645000-14645600|0,0,0.3388637003231993,0.32596622755827476,0.14279663688335603,0.1557215470038896,0.480688022136617
chr20:18675313-18675913|1,1,0.43137855107214457,0.32152366768768625,0.2167182109540641,0.21104411761822586,0.31284093376625977
chr20:40240000-40240600|0,0,0.37525269577770715,0.3259631807436216,0.05824086103725603,0.05900917496759285,0.3257948824097422
chr20:28000000-28000600|0,0,0.4738867542704584,0.5090510070003672,0.0022745384112206773,0.0024382586784915962,0.04083141894321585
chr20:62384000-62384600|0,0,0.5970991997120308,0.5859434421392428,0.038377732794835265,0.036671651310241825,0.1647391488855788
chr20:14708000-14708600|0,0,0.43564935223400053,0.4471067531054761,0.23401970434857852,0.23538950695665323,0.48328101022665565
chr20:41384000-41384600|0,0,0.479165506506121,0.45589142939494814,0.48110931642310545,0.4947321418194765,0.5236258269149515
chr20:23138000-23138600|0,0,0.5342794607293379,0.46681548456620703,0.40427514671261666,0.419100230408616,0.5145097945222563
chr21:5232623-5233223|1,1,0.541134820712976,0.5737771957192387,0.5851919730821225,0.5673330964987515,0.8005279426547478
chr21:46448298-46448898|1,1,0.5490562003346251,0.5756095003766754,0.03338196830318536,0.027548895693087713,0.46478898850855466
chr20:38480000-38480600|0,0,0.5309962740805072,0.5893805080666448,0.15705405469415604,0.14892918972006927,0.36895829209846126
chr20:6270000-6270600|0,0,0.33930978440359616,0.36463440228019095,0.12577638293086343,0.11193921404739673,0.47815369921036593
chr20:18595705-18596305|1,1,0.5731704999365778,0.6183570600128574,0.9934581817496793,0.9942388277709215,0.9000761762569108
chr20:10761234-10761834|1,1,0.5390063431533083,0.5415306305276725,0.28773351944068853,0.30393439597101735,0.36388128769912315
chr20:14543000-14543600|0,0,0.40998260818990534,0.3494226820576271,0.14853745491574577,0.1447828469800034,0.3002742511605652
chr21:27309000-27309600|0,0,0.36607520783228,0.4289666129258208,0.6229513280992369,0.6363289279667318,0.6161400523697425
chr21:14189118-14189718|1,1,0.41740570691706336,0.4496091417097432,0.5639221211265106,0.5955814975510675,0.6389025152928284
chr20:49342000-49342600|0,0,0.5546041382176453,0.48847125622086923,0.16522020954838232,0.1965560039918382,0.1021235735222511
chr20:23252000-23252600|0,0,0.5722880916096359,0.5186167047124811,0.27310232458963163,0.27401654237488005,0.36732417346691604
chr20:46121519-46122119|1,1,0.5392303996776343,0.4916598246069789,0.48303284204410873,0.4935045665952967,0.8443117210352525
chr20:29414000-29414600|0,0,0.3794933218562047,0.323751051583428,0.15749621539474368,0.16247923069130796,0.3641236996860179
chr21:29171000-29171600|0,0,0.45262205466540323,0.4852893372325603,0.22918828666393004,0.22911332057501604,0.31632210819401174
chr20:54324000-54324600|0,0,0.5067851039903029,0.5300636941427224,0.22312460715092697,0.23846547458136455,0.4620933307372413
chr20:24285000-24285600|0,0,0.4997087769686112,0.4881339243074153,0.15647781760706828,0.16412115889198212,0.3984538327259374
chr21:39175363-39175963|1,1,0.5253771547611211,0.5852368274997114,0.972340277600632,0.9769188006039751,0.4729429192820635
chr20:64106621-64107221|1,1,0.6871247699686373,0.7196574751964839,0.9966685970160177,0.9965013613808268,0.9082410999442591
chr20:3916626-3917226|1,1,0.4705149698495352,0.44082000421781575,0.918522897689099,0.9189881398288882,0.5954234892137901
chr20:3180000-3180600|0,0,0.4822223664507804,0.4937705733872454,0.49847445867592033,0.5011020924428957,0.7637112113490457
chr20:41514651-41515251|1,1,0.5278650827171013,0.5197810389832129,0.9712143715482021,0.9691379783462641,0.747973036661912
chr20:10243674-10244274|1,1,0.4850402368539623,0.46169825391030217,0.11390727068175009,0.11786888711093971,0.140618526760933
chr20:25733968-25734568|1,1,0.45497890981518513,0.4005845634677791,0.8344244335631632,0.8463595156882375,0.4819975256439288
chr21:39898175-39898775|1,1,0.514659060041041,0.46623317926220886,0.9564469075739652,0.9579375735078116,0.7532904933616997
chr21:44288044-44288644|1,1,0.6787175546167901,0.6427412335396436,0.959842282443222,0.9630674812211626,0.8456767463446874
chr21:29693762-29694362|1,1,0.5384506716419484,0.6113280562043648,0.9558868736682653,0.9535491037825001,0.2762821148532369
chr20:44428034-44428634|1,1,0.6002622008152895,0.5716906498952032,0.9204824792758405,0.9269936641623789,0.5832133739392046
chr20:45945410-45946010|1,1,0.6647454230280186,0.6582285770252025,0.9801944502062322,0.9842816977735216,0.8104657657548288
chr21:33826517-33827117|1,1,0.4743284503104785,0.5006752658400195,0.9435693516805905,0.9464652708598021,0.8781893241057412
chr21:42876466-42877066|1,1,0.5433747572987718,0.5746960269771955,0.4412274893312966,0.4662394448450028,0.4571561801524672
chr21:14039000-14039600|0,0,0.41964750939926565,0.4657178659887489,0.3987700191957077,0.41141524464339446,0.6325619153902812
chr21:45913650-45914250|1,1,0.7176392819573987,0.8061882835265779,0.8456896378244334,0.8437051480657539,0.8448169894552097
chr20:15174000-15174600|0,0,0.4017447679793589,0.35936931216471607,0.03286104055087758,0.034057272131703654,0.21458156171356438
chr20:49844735-49845335|1,1,0.4735239536777115,0.39188641982931305,0.34202669940144825,0.3420782959931905,0.5912670375937225
chr20:32807461-32808061|1,1,0.6257802808389444,0.5804266294599947,0.9791811471521756,0.9794683415018184,0.7645497064437643
chr20:49819000-49819600|0,0,0.41433425301583865,0.3993082970322889,0.292694766542544,0.2953541066595013,0.579053830210883
chr20:39435000-39435600|0,0,0.5546601860563595,0.5691573703752932,0.1938873074790036,0.19900087020270218,0.17390530050009878
chr20:28588456-28589056|1,1,0.4308166572653717,0.40188853040252887,0.9246295064298217,0.9351382935515504,0.23538091219647855
chr21:16342000-16342600|0,0,0.3455006295899914,0.390560070466431,0.09702788441259495,0.08830406842615038,0.2800178991555978
chr20:37651000-37651600|0,0,0.565927341812613,0.5036411740683383,0.2547884709692132,0.23813800356088174,0.5254100644988691
chr20:42723000-42723600|0,0,0.5648194576598585,0.5272858606899844,0.5298041599705791,0.5414195245156215,0.8370109184205291
chr21:29030294-29030894|1,1,0.38787858813996334,0.443878426413029,0.9839062415637455,0.9847743682363702,0.5859241321766292
chr21:44865146-44865746|1,1,0.5756874800465406,0.59789960326147,0.9641038735236924,0.9675994521978295,0.8619528294010712
chr20:25003000-25003600|0,0,0.38192134789606264,0.3833566957292925,0.03889727424825942,0.03606178760105857,0.25163976362002244
chr20:63166849-63167449|1,1,0.6649984819938142,0.6957874892170374,0.821498340230959,0.8136256668798103,0.8510996719444066
chr20:27630000-27630600|0,0,0.47242235072596034,0.5325402236605337,0.0032043243320558795,0.003698317791408658,0.03663022263205529
chr20:51765000-51765600|0,0,0.5515420728793112,0.51170717457707,0.1895954115413441,0.1959657263098766,0.3842155464125661
chr20:22222678-22223278|1,1,0.4890395461199037,0.5463370308375155,0.44581111138109547,0.45033479352377853,0.8142711112468853
chr20:35201000-35201600|0,0,0.4641365437028028,0.4626459323707525,0.02242182870224257,0.02142046731702599,0.18210518225104594
chr21:33468625-33469225|1,1,0.4699261225668768,0.5021585792588994,0.9860183800434213,0.9841789334161692,0.547383498351776
chr21:34273000-34273600|0,0,0.5392303996776343,0.4782705380859594,0.2535810418925313,0.23982650339670453,0.5271106034854467
chr21:25592664-25593264|1,1,0.418996291802682,0.4500857059003115,0.9411886232813453,0.946140089993659,0.7577980130961501
chr20:8144000-8144600|0,0,0.5059421608739477,0.46406981077058834,0.47076187117650237,0.4586782940627067,0.6735846187695669
chr20:48300000-48300600|0,0,0.5582401512599933,0.6307026942692846,0.2691118636300284,0.2537821144739149,0.3963472923569598
chr20:53783000-53783600|0,0,0.49520189691519934,0.4234934896195252,0.09510066415653494,0.10641622513343843,0.15756628536212688
chr20:33789217-33789817|1,1,0.649445220293569,0.5954765936068906,0.8128290585536714,0.8049762113890234,0.3685963880747511
chr21:10524279-10524879|1,1,0.5578768242346304,0.5303833121662503,0.4969962761705066,0.493425879181924,0.8244385403584746
chr20:61654000-61654600|0,0,0.6100317984476055,0.6721472718910281,0.29283346092616286,0.2788873190720879,0.517022569506002
chr21:38843000-38843600|0,0,0.45502975501926657,0.46162272316800695,0.2065077307838731,0.19383171344238975,0.7680770497333177
chr21:22825000-22825600|0,0,0.4237108043898229,0.3480018981364555,0.019308700811082977,0.016969045035850932,0.20041128434560376
chr21:43783000-43783600|0,0,0.6005326639559396,0.5903839251863732,0.7243970067510686,0.7309323624215281,0.7193665079291207
chr20:40771000-40771600|0,0,0.6239799943494435,0.536266466733589,0.359059445207617,0.3416618271677262,0.546551541701778
chr21:39765234-39765834|1,1,0.5953619267237639,0.5767078435572669,0.9926000890674094,0.9936299506952899,0.9284073681077
chr21:9075040-9075640|1,1,0.6804170520997574,0.5901414739118037,0.3327142524810823,0.32735423330523217,0.7222560745216092
chr21:45303214-45303814|1,1,0.6752626875420384,0.7039493153091801,0.5441467664178393,0.5310629013887758,0.8791582910007416
chr20:8516000-8516600|0,0,0.5286637698218248,0.46445425639331733,0.2759034286292808,0.26854820709407046,0.3210398949039125
chr21:24873000-24873600|0,0,0.4177590784154131,0.41611004876515867,0.015276934837954531,0.014303771613217352,0.34833554345928436
chr20:9510000-9510600|0,0,0.46210190532905887,0.43711261979429233,0.41126380478887686,0.38967906978767536,0.3734801732914017
chr20:24297465-24298065|1,1,0.5326471057787582,0.4936305397931564,0.5137687528874221,0.5346482229210702,0.45649864752246555
chr21:30606000-30606600|0,0,0.6101502568496244,0.47970946386396723,0.10459290079651279,0.1074459799990518,0.19839213331343103
chr21:12531000-12531600|0,0,0.4474263624525722,0.5045268276290115,0.0001922573342327941,0.00020128613008996092,0.1398091493879789
chr21:38901664-38902264|1,1,0.4820830023877794,0.5076610109979243,0.5072580353069349,0.5275259413027129,0.7181432899006248
chr20:10016291-10016891|1,1,0.4890395461199037,0.4449490525024676,0.24254914589553953,0.24810815156891344,0.24787077496213605
chr21:19639000-19639600|0,0,0.34792178298937976,0.3557033061861935,0.27604569579746246,0.25127778923140376,0.3243192746412761
chr20:28714000-28714600|0,0,0.44655109078709915,0.41201207431141423,0.03611950851825907,0.04165866323613322,0.03201455359392306
chr20:41234000-41234600|0,0,0.5376730475914054,0.49531756927348103,0.5363634212593786,0.5454696110749198,0.4358102747475944
chr20:59937689-59938289|1,1,0.43474297095584724,0.43521175336894624,0.5414102527492448,0.5452136538354995,0.7081601931786483
chr20:24495498-24496098|1,1,0.5839767401019034,0.5957261014264824,0.3041244076610567,0.3110870367349152,0.5201495059979894
chr20:63355783-63356383|1,1,0.7349972214058953,0.5902675231738177,0.9189471135825817,0.918378508749871,0.4484445568181077
chr20:4243000-4243600|0,0,0.6821798733353062,0.7224817979210514,0.40553217418640897,0.409716821449763,0.7753423055979137
chr21:37138333-37138933|1,1,0.38434578029106203,0.35019982502452773,0.8883771346279693,0.9036563146897009,0.3035548204553756
chr20:34859338-34859938|1,1,0.6958711616581127,0.778084307655983,0.9761432455112361,0.9738358463843008,0.8705876906450613
chr21:29807000-29807600|0,0,0.525756324695064,0.4725095454747277,0.6764773651068384,0.7042605627342619,0.6562269784450009
chr21:36230149-36230749|1,1,0.5280140080172071,0.6500338557946403,0.9830803804486417,0.9819622575890907,0.8171504201603393
chr21:7795000-7795600|0,0,0.48609097911032223,0.4492868402999102,0.018226277406256312,0.020918534799365767,0.08692291360388556
chr20:59880170-59880770|1,1,0.37699128994476844,0.39803833672961114,0.8625575901751953,0.8609675285950235,0.5282553033482557
chr20:48213624-48214224|1,1,0.6893102295428071,0.7059941700466879,0.5919028572006062,0.5852566401310614,0.8805073015447895
chr21:15385388-15385988|1,1,0.4775406037441092,0.39131462548138035,0.19383565601488575,0.1861975084402974,0.4073858955047344
chr21:37609000-37609600|0,0,0.46067190688714277,0.39323217128973814,0.18250993994814033,0.18582246299658337,0.2895204669365541
chr21:34612000-34612600|0,0,0.6377945978730449,0.5220173182914493,0.2466197517748086,0.2630937688006422,0.344293232363064
chr20:32572087-32572687|1,1,0.6276973103985959,0.6282212827146862,0.41231686741932094,0.43387312524367416,0.8448807516658952
chr20:41759000-41759600|0,0,0.44737626460371965,0.5416257851401919,0.11220145591321014,0.10938917349380359,0.42104096013360653
chr20:50159000-50159600|0,0,0.5746441789865951,0.49240816003226845,0.14565721907741827,0.1558772613061238,0.21646760589958952
chr20:3778018-3778618|1,1,0.7573661936038222,0.9303266303789608,0.9973353249773504,0.997274270579878,0.9252454015873562
chr20:34705057-34705657|1,1,0.6135884836349187,0.5699780415935897,0.8171461115460052,0.8098741621609609,0.5488712426152759
chr20:17213000-17213600|0,0,0.4299684901197275,0.39036173538633867,0.15576497069987968,0.15471210350037456,0.3992396706401285
chr21:42012000-42012600|0,0,0.5516845281696595,0.47366387907056545,0.3921516551089534,0.3563517284970692,0.6249809082872574
chr20:20912000-20912600|0,0,0.5486816339489664,0.5152073181802499,0.2737232307977706,0.292252534473731,0.47271555515259966
chr20:37339060-37339660|1,1,0.583069959251483,0.5031044925502272,0.13955162570713198,0.1452237127128693,0.1330865565188844
chr20:32309412-32310012|1,1,0.539000753452626,0.5382670352236182,0.9922453480914372,0.9929311705432926,0.7887380024376872
chr20:48723000-48723600|0,0,0.6323923241003213,0.6285725446073375,0.578571982105942,0.5826356196743269,0.6882625294380716
chr20:19357000-19357600|0,0,0.4957613757323577,0.3712880212818948,0.41392671025981775,0.4121955827878025,0.5405325994599879
chr20:59660000-59660600|0,0,0.5945381106772926,0.6422627269991884,0.13764134940511183,0.14255261361779392,0.49831329452770023
chr21:41426905-41427505|1,1,0.6175543914504721,0.7340937374322642,0.8569191171764448,0.8548669755666486,0.8892304892718056
chr20:6732954-6733554|1,1,0.47197896524381866,0.4594027960806759,0.4679058500219458,0.5027551283239343,0.5524082833464673
chr21:5735000-5735600|0,0,0.4735239536777115,0.4652505971980127,0.4178890937420323,0.380774427311209,0.556036213190473
chr21:12699000-12699600|0,0,0.45658991739204724,0.5605167278753852,0.0003435061835238515,0.0003673645212596667,0.07048457966427783
chr20:11462000-11462600|0,0,0.4965398374434799,0.42533807395713435,0.3290254070415338,0.3431884180848315,0.7278963880103582
chr21:39072000-39072600|0,0,0.5241818645844131,0.48153413453476845,0.23412224065469597,0.2341749295260859,0.34832629040393187
chr20:12951150-12951750|1,1,0.48188093729776227,0.4748844606516955,0.3774605575799133,0.3702000999082343,0.5196813463911572
chr20:52378000-52378600|0,0,0.48063463632302383,0.4462465196166205,0.35837658455584714,0.3925182051430307,0.29935495413405594
chr21:39810000-39810600|0,0,0.5705291032417835,0.4162702553239914,0.16268488198201222,0.15617537098486373,0.3198110905138263
chr20:32438129-32438729|1,1,0.5458711869121223,0.5123108376519073,0.6350082569187381,0.6617542999854349,0.8345789241301023
chr20:7075000-7075600|0,0,0.3766137500994988,0.33335307793086844,0.08470541534227409,0.08576066677509975,0.4405676732771009
chr20:44819000-44819600|0,0,0.3905105953460271,0.3872342124002617,0.04695220263227148,0.04944213011616893,0.298348513349616
chr21:14882000-14882600|0,0,0.4759709424469161,0.40150113933953097,0.1974145664793762,0.2098162663355453,0.2699310427950534
chr20:22280239-22280839|1,1,0.46532160299995623,0.441462629255618,0.24634860968257077,0.26029487839106963,0.549015764810935
chr20:20810000-20810600|0,0,0.5102405121752634,0.48071274527125196,0.23200591636055898,0.23780121716485297,0.4156210554929255
chr20:1369771-1370371|1,1,0.5380029264986883,0.4775826483794051,0.2562887472853973,0.2774641983062389,0.6559333384217783
chr21:29499872-29500472|1,1,0.5607911852595668,0.47056387168095876,0.4825902780961297,0.47273463582961267,0.5893837364837141
chr20:18141907-18142507|1,1,0.4044085034079126,0.5175092779077933,0.98224073644355,0.9838994024386502,0.7045585980646202
chr20:41213598-41214198|1,1,0.519636611876683,0.4439769625706693,0.1318488955234257,0.14000001783432212,0.26009163323905776
chr21:40708470-40709070|1,1,0.5312698303976848,0.5118880836713959,0.9923116027595933,0.9921367974861686,0.8178886630656926
chr20:43528356-43528956|1,1,0.6215115677110362,0.6106664979320524,0.9430909146522106,0.9409702618549579,0.577416893227927
chr20:63627889-63628489|1,1,0.7017706811610503,0.7836961193409734,0.430061236410968,0.4316810957114668,0.6760088707796436
chr20:4186442-4187042|1,1,0.5893413460905417,0.6360113865693307,0.24390765683565963,0.2295544421616246,0.736465074624669
chr21:38762000-38762600|0,0,0.5508725245882993,0.6256014467773223,0.2399354192322288,0.22103143714377313,0.2216364810870446
chr21:9879000-9879600|0,0,0.4245645405811657,0.447386729801194,0.10426684615654151,0.10785329828718371,0.5077881908662444
chr20:46153000-46153600|0,0,0.6878107632752279,0.7948267870251188,0.2057224109755127,0.19462473795001506,0.8471299266041833
chr21:41138000-41138600|0,0,0.5512669841069585,0.5036530973549634,0.32831444740046595,0.3421968252680122,0.6821825850898167
chr20:18774000-18774600|0,0,0.4931649842836798,0.4180975325690055,0.045002232851273985,0.037849030466634556,0.11509111941122371
chr20:45330263-45330863|1,1,0.6072568335879138,0.48126935917402436,0.9938350666437437,0.9939379321144982,0.6405464872437979
chr20:24435000-24435600|0,0,0.5334600206711733,0.5069856817252767,0.045416028542748996,0.04975920159585917,0.13704725313536037
chr20:681000-681600|0,0,0.6369480878061857,0.49234972497781776,0.23729035668501966,0.23837360094693164,0.44689808497157135
chr21:40166987-40167587|1,1,0.5000251215825958,0.5491513183259061,0.8055265207050013,0.8134809073783734,0.5502951599305951
chr21:37630000-37630600|0,0,0.4600529072519005,0.4537016037759415,0.44253837401127927,0.45882405334284104,0.4863947667992146
chr20:59840068-59840668|1,1,0.492239694952512,0.4680884111627931,0.3842332893792399,0.3895518530537476,0.6596882105323194
chr21:45123000-45123600|0,0,0.5011271034932843,0.45477220230248433,0.2420198933446556,0.2902765822283019,0.3901485612788702
chr21:32788311-32788911|1,1,0.48218660519618056,0.4774346193166166,0.6882207871337304,0.697338489904011,0.47465306312526506
chr20:32840000-32840600|0,0,0.4986539708164095,0.5137534640952524,0.7007606297305383,0.7115624752658272,0.4860909760722232
chr20:50175980-50176580|1,1,0.6371269844395143,0.5998521616435079,0.30084303103988885,0.28595226083777164,0.6351526184123267
chr21:45378126-45378726|1,1,0.5770239360574726,0.5932550618321362,0.5596240666487728,0.5558485318313753,0.6150617215655747
chr20:25612000-25612600|0,0,0.46459058823426397,0.4454283182204334,0.07086320267049392,0.06643443150615977,0.3308991776493815
chr20:47249138-47249738|1,1,0.5259847065764199,0.5392275882161143,0.9950316759212111,0.9948701180158699,0.8864962108137375
chr21:36531670-36532270|1,1,0.4827275234680851,0.6515226453847641,0.13892813172132865,0.14042720919293433,0.7879316160839795
chr20:19000749-19001349|1,1,0.4280915818071126,0.3925088041569822,0.7674691803777064,0.7698257428109664,0.5203462469764535
chr20:3646422-3647022|1,1,0.5624988028530125,0.6001367514713107,0.9292984242053232,0.9267737327704529,0.8252156139834121
chr20:58359305-58359905|1,1,0.5062850787985842,0.5799097477205335,0.9639766454933791,0.9683535839659351,0.907748702504545
chr21:24066000-24066600|0,0,0.4579037492689325,0.4855693098645259,0.28275570360938157,0.2751212896602729,0.2300360566849386
chr21:36327000-36327600|0,0,0.5600552665716807,0.6227035956173784,0.17980959645661193,0.17038023035151817,0.1915616112974043
chr21:39228281-39228881|1,1,0.40617491598429195,0.4412435737743758,0.7516686824307748,0.748807045271803,0.7112560822244833
chr20:50051000-50051600|0,0,0.5950345531640224,0.5688450612210892,0.23856649703322216,0.23600820310695045,0.27631298614311706
chr21:16594039-16594639|1,1,0.3997045343618365,0.43729586260007763,0.35122455035910355,0.36976202153089255,0.3985412956973921
chr20:2630000-2630600|0,0,0.4136344024120347,0.38371768231110615,0.07624950375758822,0.06816102073204416,0.32909239627473036
chr21:44705000-44705600|0,0,0.50524349287815,0.5216847909925558,0.020145150040868146,0.01867174430669364,0.4107341503948898
chr20:54268597-54269197|1,1,0.5109075532889644,0.45925932815603876,0.31953060784974524,0.3046247967253494,0.6115877328550076
chr21:19732000-19732600|0,0,0.3780870959560347,0.3391498488055562,0.1194428574645475,0.10733966492642784,0.1973565399534452
chr21:43886867-43887467|1,1,0.5339795123654748,0.47622028324182164,0.1149177576845739,0.13401943489243406,0.3037161100619181
chr20:34510437-34511037|1,1,0.44697026467089196,0.44981155526857725,0.7637180548172433,0.7506861067753635,0.6167967614902229
chr20:45309266-45309866|1,1,0.662894195381207,0.5652871075954846,0.909333799255351,0.9087745563790798,0.5492573237513316
chr21:45141000-45141600|0,0,0.4507984643371928,0.4599341603822706,0.24898864605449783,0.24595143365439087,0.22268962659657374
chr21:25061325-25061925|1,1,0.4479269828619995,0.4574502374386152,0.8466440713820419,0.8283854628980554,0.5559711251465768
chr20:36984000-36984600|0,0,0.5582821254745384,0.5483198232455675,0.22643919965512027,0.23681964280374054,0.2872856981618803
chr20:378000-378600|0,0,0.5488972358088381,0.5036918200566167,0.4069030533617807,0.4295137708558812,0.6637659935452156
chr21:31223290-31223890|1,1,0.5031751679495323,0.6046463812025586,0.991908608104525,0.9911538779464266,0.7846117436666428
chr20:2765000-2765600|0,0,0.49264420244164164,0.5224677860314998,0.08279047716280029,0.07526572449095004,0.41187762916428095
chr20:6034163-6034763|1,1,0.47095577241802195,0.38768840198787446,0.9536671367436015,0.9542708556657188,0.5817896196940388
chr20:11678000-11678600|0,0,0.578379467142477,0.43890718495184794,0.20237718065416285,0.18897954996382132,0.30780979296445937
chr20:24537000-24537600|0,0,0.5628423006422704,0.5141991566952169,0.15881279998020842,0.19119501872130024,0.2990988627276674
chr20:51261000-51261600|0,0,0.5312698303976848,0.5488120661823243,0.1656215532397853,0.16411087772184554,0.6668712613345357
chr21:29177000-29177600|0,0,0.4122670990732812,0.4397888688257722,0.41175493843557953,0.3925166127865712,0.6729907815769102
chr21:18573000-18573600|0,0,0.4247064512606015,0.40991557310746357,0.03758576795648649,0.03381307172792622,0.3507983946650684
chr20:45095039-45095639|1,1,0.6287730152494933,0.5483642581740601,0.9957107219957138,0.9955024729911188,0.6812822223691699
chr20:48988003-48988603|1,1,0.48019488654118947,0.5556001681214502,0.9857999096339801,0.9867187974992417,0.6987019585566057
chr20:44075000-44075600|0,0,0.6249459645351888,0.6347761640498681,0.6791278728009709,0.6797459656974433,0.9131090771193688
chr21:28039000-28039600|0,0,0.513248599442209,0.4729079588028366,0.11193844751086798,0.10529444429510781,0.20357946778845515
chr20:768181-768781|1,1,0.6096845698408492,0.6772079533615332,0.634778841388551,0.6496233523258171,0.8255803660833412
chr20:38684000-38684600|0,0,0.46202622947047794,0.4062351277256384,0.11480755471137184,0.10850304425280706,0.38292925597689964
chr21:11807000-11807600|0,0,0.4730034854705285,0.5539778082082756,0.004623020872900128,0.004710704894226627,0.08335862267973956
chr20:36911032-36911632|1,1,0.44136843272630877,0.4334077138432955,0.9847247433626707,0.9844127252165115,0.9070658820076677
chr20:45207073-45207673|1,1,0.49142045633334613,0.4445019160623175,0.9028623729450312,0.8955419122197912,0.7481162190334719
chr20:48903000-48903600|0,0,0.5679924381839851,0.6002544191036346,0.20037582312395674,0.19365590744868214,0.1540865843624332
chr20:8732937-8733537|1,1,0.44030955722349535,0.4035586043937593,0.9685995260767362,0.9670858093235403,0.43411394966779576
chr21:26417642-26418242|1,1,0.4507614264312241,0.4380793239541166,0.6242488745907093,0.6091357137022231,0.5704353217450342
chr20:58252000-58252600|0,0,0.4861545390687967,0.46898630409531256,0.379822582241413,0.41621456447077804,0.5922045521042408
chr21:41874733-41875333|1,1,0.6729119266661531,0.6627399779592236,0.3684607688806102,0.36165102161000645,0.8620275871610406
chr20:60336000-60336600|0,0,0.4816552825856211,0.5289691307462301,0.2773987040986863,0.3126946256809084,0.5554008680911121
chr21:20258000-20258600|0,0,0.4877390487720448,0.4526726392092485,0.16647676620675583,0.1600131657319295,0.6750990554130067
chr20:33711000-33711600|0,0,0.5668344334146892,0.5721976884778948,0.39919953043614875,0.40121321070945654,0.5811998197838388
chr21:15603000-15603600|0,0,0.47612550154754846,0.4772654665550564,0.06131079498576351,0.058947140974964486,0.5210936006568228
chr21:37288000-37288600|0,0,0.5452573017437369,0.5672605690314979,0.37961426555945343,0.40322053741720687,0.32016233148461626
chr21:41857028-41857628|1,1,0.577772051045184,0.6263375356127149,0.6811123079566429,0.7005631332948749,0.6078443538656715
chr20:27630000-27630600|0,0,0.47242235072596034,0.5325402236605337,0.0032043243320558795,0.003698317791408658,0.03663022263205529
chr20:40093000-40093600|0,0,0.5966130074704923,0.5278771881828285,0.19104182856074936,0.18807777372626294,0.6610414797019736
chr20:48549000-48549600|0,0,0.5954368259295246,0.5281039834835223,0.10621020746267022,0.08068466495301531,0.7017094704442477
chr20:44525000-44525600|0,0,0.5748120317092665,0.662768020154915,0.1817547867785046,0.19288780755727636,0.3231772855984515
chr20:59892125-59892725|1,1,0.38075928815641963,0.4046476444573567,0.9974179051583603,0.997221724087388,0.725191511656264
chr21:26666000-26666600|0,0,0.44219270030026797,0.4849689138217249,0.011946757790966765,0.010188052426666113,0.28929668687897875
chr21:44217943-44218543|1,1,0.6138922629513137,0.5751544005008542,0.740575917402326,0.7259694076756732,0.8289747890662478
chr20:30555272-30555872|1,1,0.5061594129438185,0.5144677179958067,0.13204955040850816,0.13458825092876026,0.15831873112843342
chr20:32846317-32846917|1,1,0.4954040715798638,0.5113673058475211,0.9957768392151686,0.9957607954226504,0.45006038873353754
chr20:63567326-63567926|1,1,0.723943539485768,0.8611437052252555,0.9967520178883743,0.996406989669811,0.9423178171349593
chr21:36232503-36233103|1,1,0.5748137344235973,0.571695547511809,0.9210923434511766,0.9121339279545921,0.7614743517108198
chr20:47352704-47353304|1,1,0.5882178945626111,0.5732426881138422,0.7409488545657942,0.7454629884296265,0.7994073126265152
chr20:4702000-4702600|0,0,0.54137736591975,0.5992460806531769,0.07084538214105376,0.07201312623674681,0.3358326532394939
chr20:60195000-60195600|0,0,0.4976658258436222,0.4566636946522715,0.21964409358468917,0.2186235015457485,0.37625352570256176
chr20:48912000-48912600|0,0,0.634320000042433,0.5391103740934703,0.136022227025544,0.1284808979221618,0.5386502317665369
chr21:13033000-13033600|0,0,0.38002436399567696,0.3781564119983896,0.028893379964038096,0.02850791960416027,0.2755392318045229
chr20:35801190-35801790|1,1,0.5068484515317877,0.5080132816736386,0.9895915084875343,0.9892831038378386,0.7582021708976553
chr20:58240309-58240909|1,1,0.46060500097165513,0.5090491632428881,0.8968974217473152,0.9098332116070221,0.8397484329637944
chr20:14225000-14225600|0,0,0.37332737924299414,0.3880814369207157,0.34367486081872745,0.36323317206218353,0.6751241563237329
chr20:39114000-39114600|0,0,0.5360910753367587,0.46605370535755386,0.3620547336211935,0.39737733643900586,0.41766815645034183
chr20:30891000-30891600|0,0,0.5255809329753576,0.5583827992085666,0.7753965046956888,0.7690901166900935,0.753178037297643
chr20:13623213-13623813|1,1,0.4044379957248387,0.4010158165100884,0.9572289789185318,0.9575642510072621,0.3519770263905366
chr20:8760106-8760706|1,1,0.44234067619728834,0.44211687015451456,0.8893174894846853,0.8899531484731423,0.5325737481499975
chr21:26943246-26943846|1,1,0.474196320785825,0.43931076868849,0.9854662130223981,0.9852915103738694,0.5040670372498809
chr20:1732925-1733525|1,1,0.5546012164733529,0.4944259951492114,0.0740958325394388,0.07034985655631065,0.2236950575682871
chr21:25834000-25834600|0,0,0.5827144181350784,0.5204830632981428,0.07082537162904366,0.07515070814653843,0.6281911853986009
chr20:10560399-10560999|1,1,0.40662118413356013,0.40946291899185455,0.7266399739900257,0.729976706711901,0.5654572675654919
chr20:41753000-41753600|0,0,0.38215262412167555,0.3710150650494442,0.06487451223902545,0.06179608442158666,0.40889004977868726
chr21:44192000-44192600|0,0,0.6507906305583608,0.5288919291013597,0.32804520642467305,0.3280297730297692,0.42150350164066414
chr20:49849278-49849878|1,1,0.56116956219266,0.5831478579859745,0.9822347976694301,0.9811652348481552,0.7039902723339517
chr21:16267000-16267600|0,0,0.39720204431728456,0.35810626226426967,0.26103715234697367,0.29706583126985947,0.200451505795101
chr21:13510000-13510600|0,0,0.41812967109752025,0.39442791730432647,0.037674193060242146,0.03340961061027957,0.29204914299156315
chr20:19912000-19912600|0,0,0.564812698592954,0.5175934520976145,0.2587432172013318,0.2550582508670904,0.5849385499119091
chr20:25316777-25317377|1,1,0.6293703864288362,0.5845789757693208,0.7373770902785455,0.725309566388847,0.7236607336284823
chr20:50115320-50115920|1,1,0.5154688526879166,0.5238380932338826,0.2717267230264448,0.2804529936142199,0.6756569625845883
chr21:6111000-6111600|0,0,0.8306154101169855,0.9867603762604819,0.6969624843703611,0.5863666994865395,0.349182490182474
chr21:41376535-41377135|1,1,0.6271661191234623,0.6282347225983731,0.6616922022202545,0.6562934736792065,0.8932522931761112
chr21:24051000-24051600|0,0,0.4263778862827578,0.39366085465203593,0.26823119826829744,0.2636141845555363,0.28194914133075083
chr20:57693000-57693600|0,0,0.6784898202035059,0.7180266132704943,0.32349455595268284,0.32333404577593383,0.8408151693733118
chr21:14315900-14316500|1,1,0.4981628260457501,0.5552240733525744,0.9982173271495967,0.9982068494575398,0.5749263107388127
chr21:5348000-5348600|0,0,0.4431567661473616,0.4064073710604727,0.03929975298803712,0.03668306549529645,0.023612489186801745
chr20:43483000-43483600|0,0,0.4337606047309342,0.420050227388768,0.2625363014511094,0.2660251057164786,0.3212761866444581
chr20:31722029-31722629|1,1,0.5952076977080588,0.6588739349987013,0.9599603744928771,0.9633460721710784,0.8433297546182085
chr20:35783000-35783600|0,0,0.496247092495844,0.48029701923666834,0.39606380733137664,0.4047863799726491,0.526836638276062
chr20:31864701-31865301|1,1,0.6398586147284168,0.5943507586574663,0.8162720957325336,0.8174045567020899,0.5365700315465132
chr21:33823186-33823786|1,1,0.5220180010267745,0.5842676227122314,0.9972403889534122,0.997176257110004,0.7282998652172004
chr20:62414255-62414855|1,1,0.7395133024925743,0.7026836580987066,0.9977339258821636,0.9977441784583421,0.8645359800270945
chr20:13792859-13793459|1,1,0.4376072134703806,0.42894588971291525,0.95335101009933,0.9438196803444598,0.607658600924774
chr21:14240000-14240600|0,0,0.376919483022649,0.43775857275009816,0.1157343362189003,0.11284999313663793,0.6340056317298571
chr20:49295102-49295702|1,1,0.5874550261098676,0.5659685240731442,0.6636116754958257,0.6907973924451793,0.423093320099531
chr20:22249000-22249600|0,0,0.49097033447801885,0.4432929383870465,0.37934720273189154,0.360545359868322,0.6175543344570853
chr20:63280990-63281590|1,1,0.7076162903405672,0.6692003363102048,0.7958820102296276,0.8040644836694926,0.7943312981876053
chr20:31823176-31823776|1,1,0.655745689600272,0.535721403714054,0.8044143478654815,0.8182239986778747,0.6173124382195236
chr21:37642000-37642600|0,0,0.5473500955131227,0.5294990340130086,0.2985603753934064,0.3223490592679791,0.41735489536916726
chr21:7216000-7216600|0,0,0.4479672526127461,0.44727426239598206,0.009870704838701009,0.009775994070129905,0.14610239647009357
chr20:38508776-38509376|1,1,0.443199010890981,0.45183342932890097,0.4666395745007773,0.46581483011578745,0.6466073891925112
chr21:42501995-42502595|1,1,0.46154421648196825,0.43697675934632985,0.3624765341710417,0.3427696238628694,0.6378001232771872
chr21:15765696-15766296|1,1,0.37484817218716876,0.3674804871504538,0.7197639650028296,0.6877132490771465,0.5290430217414076
chr21:25597113-25597713|1,1,0.3869302961089417,0.3973913965595646,0.992518058815267,0.9927202455041902,0.5539702420714383
chr20:33237396-33237996|1,1,0.6054441258240082,0.487421444791408,0.5212167956861987,0.5720441109549692,0.3169370784614475
chr20:48636382-48636982|1,1,0.6937314754664455,0.7548352710645397,0.9915998257891545,0.9915730187529939,0.867809894572507
chr20:17759000-17759600|0,0,0.5492752424254739,0.5383744548438667,0.09895676093330294,0.08194248769456731,0.2515166790876845
chr20:7883362-7883962|1,1,0.43467116964053293,0.42846593055943144,0.7665498437806798,0.7650727901914844,0.6298291570091342
chr21:38054472-38055072|1,1,0.5531096546963228,0.4742478683612594,0.2243666829529984,0.2552164570030854,0.4523542320753041
chr20:20265114-20265714|1,1,0.5353803495736937,0.4691882821760069,0.5811367572180982,0.574755113624925,0.5340685076977486
chr21:46045000-46045600|0,0,0.40291242095039015,0.4037190521322695,0.027932871000192133,0.0324933626537524,0.29488918867776887
chr20:61756000-61756600|0,0,0.7101145498110211,0.6155478464849163,0.23661334048841542,0.26835290970684517,0.41990536803593365
chr20:19585140-19585740|1,1,0.5869781457403799,0.46718927106521346,0.9591094305474903,0.9587599697082708,0.5259933301623652
chr20:29705000-29705600|0,0,0.46436653139876644,0.5265842095624373,0.00825677081210855,0.007894923277209972,0.2113761732618786
chr20:48135434-48136034|1,1,0.5277109193173878,0.476288211808447,0.22097407734934343,0.22641589695229047,0.6609805537189357
chr20:36030056-36030656|1,1,0.5795499862665867,0.5767072251704292,0.9998514655493451,0.9998505059432269,0.7198686002543347
chr20:2903000-2903600|0,0,0.48609097911032223,0.44416909532709004,0.14719252485114856,0.16865401777420594,0.13741188806014076
chr20:34103264-34103864|1,1,0.4819714810113068,0.46958708717404335,0.8948001144340136,0.9007802716118947,0.24434439411686648
chr20:38900280-38900880|1,1,0.6300301530759103,0.5860763817052485,0.9194132873719882,0.9300441562951226,0.7183809820192075
chr20:4690000-4690600|0,0,0.49858767096862955,0.4590175341653343,0.2828819848356834,0.26691576226662417,0.4938855684292983
chr21:29312000-29312600|0,0,0.4975116623822333,0.529537637082786,0.5175209899387567,0.5137634153759025,0.44209133398918105
chr21:37219937-37220537|1,1,0.5523978365240969,0.6592628153445315,0.2661060407098201,0.27236667281594074,0.8068733502494683
chr20:18297684-18298284|1,1,0.5419921362902518,0.4830012979566002,0.713041044301457,0.6919148761556466,0.6612293232193674
chr21:45675000-45675600|0,0,0.5940382557503454,0.4743517385123397,0.527679369976128,0.5288734150855491,0.6415442229763723
chr20:60453000-60453600|0,0,0.6069368724731519,0.5301947487755223,0.335757236457136,0.32841679902916043,0.5235164455797154
chr20:47618000-47618600|0,0,0.524526838280612,0.5653354384929019,0.11532004197139477,0.12007740046487225,0.18367977656790851
chr20:37444000-37444600|0,0,0.5947670503074435,0.5444112401770698,0.8073801906824193,0.8009511763304668,0.4656347443306709
chr21:38627000-38627600|0,0,0.3686850663757603,0.40912771904787965,0.4384643479967295,0.4709640496391153,0.37379870841658724
chr20:64086204-64086804|1,1,0.5190710041309907,0.5298268395765158,0.5641597035822276,0.5401904873772966,0.7103917486338006
chr21:14123837-14124437|1,1,0.5050431232340656,0.5130605078347735,0.5488115325863171,0.5408162228910639,0.5733433344223149
chr20:60156000-60156600|0,0,0.37862774313313696,0.43877210319630977,0.07463495607854789,0.07625257741523869,0.2716579331256891
chr20:34945797-34946397|1,1,0.5710245625042979,0.514201110136687,0.9570983031557818,0.9576717234833697,0.8146933890943018
chr20:33654000-33654600|0,0,0.623379134109275,0.5768585311008761,0.8661399438963258,0.8512714539009586,0.7167855914024677
chr21:18138000-18138600|0,0,0.371598250564589,0.345617575835959,0.6112870287576728,0.6129083401789868,0.62638198585996
chr21:35378000-35378600|0,0,0.48041005453101104,0.4683444727760946,0.6616953539632301,0.6716485762805076,0.35917415913664374
chr20:1012000-1012600|0,0,0.565571657626637,0.4945835939351643,0.32570066870737246,0.3136693052646262,0.6087443970354918
chr20:51114000-51114600|0,0,0.5440393426582214,0.4933877817219716,0.3168749079682484,0.3168320605520304,0.655207522523244
chr21:38099037-38099637|1,1,0.49440661219143717,0.4400866997756201,0.6326246206169369,0.6432512186749246,0.5152507071788363
chr21:46256685-46257285|1,1,0.6354890374859581,0.6503698301787912,0.9769566149214194,0.9760258128329298,0.7598803094359721
chr20:48336610-48337210|1,1,0.48680292795207053,0.5121553191889182,0.4111371503707338,0.40693312666881787,0.7197574066684752
chr20:57165000-57165600|0,0,0.6418797156735778,0.628530761319103,0.3665719232624441,0.37257109185033976,0.8232412364791807
chr21:10012000-10012600|0,0,0.4044379957248387,0.40543334681739845,0.2766461520993288,0.2521953022806198,0.2842220557487244
chr20:45902033-45902633|1,1,0.6601268840222858,0.6040461681454412,0.998007776783925,0.9980595396773771,0.8775464478592061
chr21:8780000-8780600|0,0,0.48280938761009834,0.49313505385838496,0.3061886130905637,0.3062161171464393,0.42096950544476425
chr21:15405463-15406063|1,1,0.43474297095584724,0.40022059134073745,0.3628216498391391,0.3701437999027625,0.2418071357683993
chr21:20762000-20762600|0,0,0.36729988854641765,0.3722822208709793,0.10269598942853542,0.09626881797274876,0.5357930458387579
chr20:46870000-46870600|0,0,0.5216145548272466,0.4573508009027877,0.21623801957387792,0.21905925355995018,0.4919931119743463
chr20:55594000-55594600|0,0,0.4385126006734317,0.5451896203973734,0.04212781923901695,0.041623577421542164,0.2009247980654271
chr20:44738633-44739233|1,1,0.5578718711043981,0.5027640642388401,0.4431316995328269,0.41264729464680666,0.4495981668805338
chr21:15571055-15571655|1,1,0.42461911195391044,0.4229540339706375,0.1298775577944295,0.1293515669062224,0.4615464895179802
chr20:62840241-62840841|1,1,0.723620784385437,0.8610184456812078,0.9681165737330709,0.9677949742596558,0.9404751534932382
chr20:57514440-57515040|1,1,0.5845753659094621,0.6536212341159369,0.9066257859548078,0.8961453977195494,0.9204161757038977
chr21:30276000-30276600|0,0,0.5017217750054845,0.4617653135996215,0.5654119312481777,0.5779196980911011,0.5211709684420626
chr21:42418100-42418700|1,1,0.6154591410247892,0.6750616283118749,0.9950355266215425,0.9949597493529364,0.7016625514007169
chr21:13387000-13387600|0,0,0.3153598850056087,0.35488811845016277,0.1920224117174706,0.18704442198712756,0.348594450474752
chr20:56567000-56567600|0,0,0.5100601090873608,0.534463849692808,0.2809720493669271,0.2792905380536719,0.10320354723546345
chr20:4702000-4702600|0,0,0.54137736591975,0.5992460806531769,0.07084538214105376,0.07201312623674681,0.3358326532394939
chr20:44901230-44901830|1,1,0.5334600206711733,0.5304816562909412,0.995704841486457,0.9962021554552524,0.6101243727427059
chr21:43060245-43060845|1,1,0.7117295314151935,0.7627573924998299,0.9532394937761864,0.9505645803953768,0.8378191988685667
chr21:19540000-19540600|0,0,0.5098102399881422,0.46412605100637044,0.6686980116324974,0.6736533296637668,0.6907881444733032
chr20:61834000-61834600|0,0,0.6881488365804478,0.620661871028807,0.31071516407970484,0.28986357659518597,0.7006796328704824
chr20:51828000-51828600|0,0,0.5820206517988437,0.550054998942207,0.11688734193972386,0.12464515972319806,0.24083033474027044
chr20:38130068-38130668|1,1,0.6648255301113793,0.6147759665344239,0.9863899054139712,0.9861575205138404,0.8433160045105214
chr20:45204000-45204600|0,0,0.5240017323351787,0.47292330520979386,0.13725802590206992,0.13896809228268625,0.7739448986777565
chr20:33780990-33781590|1,1,0.6505392036483796,0.5071390286221096,0.9877312850571306,0.9850407912593566,0.7230858094935964
chr21:43687215-43687815|1,1,0.616949793616201,0.6923323854521126,0.9949127200875163,0.9951771554390721,0.9369170022581222
chr21:34886795-34887395|1,1,0.7103094465964187,0.8994639916940443,0.9939714902452165,0.9935271582216731,0.9524133301037999
chr20:969000-969600|0,0,0.6005455129483921,0.5239617847829958,0.33377496162229114,0.3222140648666686,0.2849426504187559
chr20:37081000-37081600|0,0,0.5275704990647127,0.4844001637780286,0.17882568861366313,0.1865530004313483,0.35904709550869085
chr20:19858000-19858600|0,0,0.47028605706541055,0.5085110359655934,0.5015714831666315,0.5277809057732125,0.4458712693037021
chr21:46168357-46168957|1,1,0.6790450849176899,0.6876856765977316,0.9973137549661497,0.9970818175800878,0.8498315207129298
chr21:37093704-37094304|1,1,0.3423760124566092,0.356587410202557,0.4022439754314504,0.40943968554719473,0.31111454816312395
chr21:29046366-29046966|1,1,0.4484054870058459,0.45476361430986906,0.9977163489101226,0.9977584365773601,0.7228479783028874
chr20:7249548-7250148|1,1,0.38849048876570097,0.445117399335287,0.5041197949128421,0.48813035625430334,0.6428384870289116
chr21:25724376-25724976|1,1,0.41847755651543805,0.3753204365293359,0.6292402067049886,0.6254307242556997,0.448975476701325
chr21:39165000-39165600|0,0,0.5172554225486568,0.40740699452933626,0.1876183522590682,0.20081926162734953,0.34368453317164854
chr21:26186000-26186600|0,0,0.5363959916182249,0.6831751807794548,0.1525159998997598,0.1663734980482727,0.3360232744793824
chr21:32411000-32411600|0,0,0.5858724508512723,0.5587605371641089,0.5997868272946486,0.5901029586887632,0.7406671731199456
chr21:10597714-10598314|1,1,0.4244287479752079,0.4515775527963369,0.9588200173661803,0.9614283886473918,0.604281065935611
chr20:45138373-45138973|1,1,0.6117144672863359,0.6161895066634439,0.9973451366216142,0.9973207784309353,0.9076786536239533
chr20:24978581-24979181|1,1,0.5924511927451775,0.5279622734429411,0.9808402838564726,0.9805358562922164,0.6533087845050618
chr21:46492000-46492600|0,0,0.436217479471314,0.49830088927819455,0.054102978121168634,0.04836010175604848,0.3934623798198998
chr20:633000-633600|0,0,0.57916023217543,0.48964182135241163,0.6546687259084506,0.6745333006745462,0.536878707363745
chr20:47001127-47001727|1,1,0.6094939700128779,0.5934019621719822,0.8810207410746063,0.8727398439606642,0.7513509296426681
chr20:5178516-5179116|1,1,0.5449716720872365,0.55842588620934,0.9871447551690805,0.9879891202512405,0.6798227346844712
chr20:62993000-62993600|0,0,0.6765285373069345,0.4679010952296906,0.11172422246193693,0.08287595764332518,0.03246882889472929
chr21:20831000-20831600|0,0,0.5001052526034729,0.45085622399449704,0.09425753148250872,0.10287511601760628,0.40217893911028296
chr20:8810000-8810600|0,0,0.45357234795403556,0.4896899660389377,0.5884277110520705,0.5997012683634415,0.6141203902343692
chr20:3343430-3344030|1,1,0.4667413934871217,0.4817932193897676,0.573616235781045,0.5800558026001233,0.41458173080382915
chr20:38330747-38331347|1,1,0.6131485128986005,0.5499815942029084,0.7779088061318765,0.7623501831791509,0.5353418806831617
chr20:7405000-7405600|0,0,0.4158063477679567,0.3639875831833772,0.2926912053172628,0.26014691480197144,0.41099060963586204
chr20:18328674-18329274|1,1,0.43631276570600425,0.5070643184713551,0.306404706433504,0.3201318771964113,0.6390388593701334
chr20:8747000-8747600|0,0,0.4714691811624053,0.4778487859772368,0.3880615645434018,0.3952622646207488,0.7658743687807247
chr21:33799507-33800107|1,1,0.4867728198326739,0.46876392173401954,0.9904892584623868,0.9900722434742885,0.5269350108486524
chr20:46036440-46037040|1,1,0.6333208130702476,0.5309321796663564,0.9034632337163065,0.8999605056444937,0.6983782506235597
chr20:47720000-47720600|0,0,0.5773308136451671,0.564285311526606,0.14568676316076384,0.15042116208079126,0.12776279815666763
chr21:17786909-17787509|1,1,0.5085750171212606,0.48444110760082887,0.9535613767036392,0.9525888306513856,0.5143601415006909
chr20:44279000-44279600|0,0,0.6146665823258028,0.7587466276867935,0.9986899490198403,0.9989365011018624,0.8933257865689318
chr20:7978000-7978600|0,0,0.4448614010987331,0.4424392685397546,0.562066793795771,0.5491042691485499,0.8739150844660353
chr20:50124878-50125478|1,1,0.6242095311409906,0.5431131222920186,0.9814119602993823,0.9808879140538909,0.8068847864563957
chr20:51516654-51517254|1,1,0.549822847129089,0.49636390729791835,0.9431603641745596,0.9449505038493248,0.6192333725862794
chr20:60987000-60987600|0,0,0.5582401512599933,0.4940536905222049,0.43440629131905856,0.43820810366804647,0.426293753353681
chr20:59129000-59129600|0,0,0.5767114744085171,0.5891663840452953,0.17641264286001207,0.1758168412808789,0.134607714534036
chr20:56403167-56403767|1,1,0.5989573782871477,0.757878919980237,0.9886042320160265,0.9894586063060397,0.7938377120140713
chr20:23315000-23315600|0,0,0.584787229895164,0.5646225309038194,0.5636450265730962,0.5953419658842414,0.4521639469710673
chr20:52975000-52975600|0,0,0.4813488320690292,0.562175904234089,0.5450464941300728,0.5416521404250279,0.727995933505528
chr21:38907954-38908554|1,1,0.5094586881473508,0.5580665166109848,0.4235693863522968,0.44191778173071505,0.5243938711600721
chr21:25100831-25101431|1,1,0.46298056680316696,0.45935539270335796,0.6950143141967428,0.7078864193764767,0.44785091185715
chr21:8453019-8453619|1,1,0.6451349514095769,0.8339781504711815,0.5323481738189367,0.5710628672093895,0.7798363585511596
chr21:9913792-9914392|1,1,0.42172137547072835,0.37765906230154767,0.1085251881965887,0.10203098018391213,0.3369186601570442
chr20:22402000-22402600|0,0,0.42539931502565437,0.4872241281548714,0.4435176975028171,0.4254971169775457,0.48357952781743624
chr21:45057000-45057600|0,0,0.5608120663061131,0.5930074856114051,0.1741658796124393,0.18944566788665376,0.7158214107617453
chr20:8981000-8981600|0,0,0.5644315477294456,0.49457961409559664,0.09594942727403366,0.09894641908547105,0.3089422511334782
chr21:42475746-42476346|1,1,0.6974142248386866,0.6788591866617226,0.9346123595776422,0.9385189238899555,0.7727511517153435
chr20:61910121-61910721|1,1,0.6220391150440796,0.8196768845718602,0.8050814094997488,0.8096566493759718,0.5440123143251692
chr20:27897000-27897600|0,0,0.46883934805526317,0.5026766989731379,0.00012379324010337192,0.00013044744097725537,0.048961806651456996
chr20:38771258-38771858|1,1,0.6359671615630965,0.6008001612565056,0.9965025677269272,0.9966979377746258,0.884105573949322
chr20:36747000-36747600|0,0,0.5479252963635362,0.6108622823917969,0.12528554139146397,0.12160126392860791,0.27017007921971714
chr21:41322287-41322887|1,1,0.5958811904571669,0.607805306573057,0.5030161140881366,0.4967818286447911,0.7396191724965688
chr20:36431345-36431945|1,1,0.6879351543666794,0.7969329112446752,0.9912846003399906,0.9910942076934376,0.823287747050255
chr20:23520446-23521046|1,1,0.5850866913316253,0.49362394480623734,0.7794834039352503,0.7845313106264553,0.5717121511644639
chr20:37154866-37155466|1,1,0.5257693499051037,0.46920392913280445,0.9191680909216832,0.9118249908016429,0.4535149516200315
chr20:9390230-9390830|1,1,0.4177590784154131,0.39815907064325795,0.7821255011335808,0.7522328507990913,0.4487197183145001
chr21:26684000-26684600|0,0,0.4062451098857656,0.3554260754810881,0.061815421203661396,0.0630671341798971,0.681434013542009
chr21:41529917-41530517|1,1,0.5578868507912406,0.49520219119363396,0.501750101574839,0.5217481718937851,0.460163023010486
chr20:2430145-2430745|1,1,0.5655335053987901,0.5068434508580771,0.9720848614717617,0.9713555276800958,0.5328766829983365
chr20:19867000-19867600|0,0,0.4194951759130113,0.42632267857970413,0.21951210569949442,0.17480219593530819,0.3343777736843089
chr21:44003000-44003600|0,0,0.5412419228228843,0.43005758431844804,0.20715294706009496,0.21880165624712325,0.3037166292805124
chr20:58221202-58221802|1,1,0.5600913059604296,0.6121033723910054,0.6478709306469241,0.6520452334386845,0.7928650403436657
chr20:36934888-36935488|1,1,0.4483785027832594,0.4512927250378423,0.980013536065091,0.980198223704304,0.7129820153180451
chr21:33357414-33358014|1,1,0.6015656020603259,0.5921378459200181,0.40300860041085435,0.3621539203015514,0.4109765670477135
chr21:37771000-37771600|0,0,0.49371811293422835,0.4738000688199572,0.13774863706378676,0.116404115084024,0.34187307333537076
chr20:11996000-11996600|0,0,0.524824875597772,0.45680342136793334,0.42999354546886764,0.41067379656869,0.572907908094537
chr20:37088821-37089421|1,1,0.4361386319185661,0.46100973538971973,0.953245662882615,0.9537086834138596,0.597295184964169
chr20:51625061-51625661|1,1,0.6963842523374655,0.6617310591359611,0.9779225299487341,0.9787142221099061,0.7692484732573532
chr21:38042000-38042600|0,0,0.4678474857490519,0.4650671083841975,0.42308375747219773,0.43883607188003404,0.42507728703023356
chr20:28543000-28543600|0,0,0.4555989275966289,0.5111627518628978,0.06664106423970367,0.06668729622929481,0.07949973374976874
chr21:14279295-14279895|1,1,0.40526916235396415,0.44906648724919457,0.3855338924257873,0.3882985446877084,0.5055644215608229
chr21:43165000-43165600|0,0,0.6006874328480067,0.5819543045852582,0.6010238449436633,0.5784115374637779,0.7766810885978949
chr21:21882000-21882600|0,0,0.3844767497841487,0.3899136985114169,0.5741307066043824,0.5683044396498935,0.5973131685749418
chr20:37972000-37972600|0,0,0.5350619231654745,0.49553830737114696,0.3446071635087181,0.37079316570430715,0.363468366649729
chr21:31603000-31603600|0,0,0.4595994906371562,0.47039299731368667,0.5223235362252048,0.49342312124495635,0.5410612140428299
chr20:12936090-12936690|1,1,0.5379122359168604,0.5189744511765946,0.6063086572499716,0.6221045196079016,0.6025085749997293
chr21:31570000-31570600|0,0,0.5795685857793389,0.6706178443388653,0.08904294035725832,0.09261053065583313,0.40868323332354123
chr20:48327828-48328428|1,1,0.6387283752811929,0.5749743727413971,0.23466621494996895,0.2631325941607534,0.6318196038539601
chr20:38483000-38483600|0,0,0.49680900776012454,0.4775990355292458,0.0847582755165657,0.08184018506556887,0.15300766380378922
chr20:27648000-27648600|0,0,0.48080629462148616,0.4966740533666294,0.00026751058717901444,0.0003091420492280323,0.04520826121430207
chr20:59903000-59903600|0,0,0.3810800712608652,0.38091782036191896,0.0920319619604899,0.10846695187890738,0.19434991562404413
chr20:38983398-38983998|1,1,0.48824268767053847,0.5159133890024363,0.9120918693426429,0.9118971803580207,0.6953007974010919
chr21:24783000-24783600|0,0,0.48063523273905157,0.5589004515384046,0.16404137178722086,0.16945671960887643,0.2573094245211136
chr21:44120047-44120647|1,1,0.6823648010746297,0.7505906263466969,0.990601409631087,0.9909014716185764,0.7469634451593252
chr20:29942000-29942600|0,0,0.45652063365715123,0.462804960080357,0.03432905150177997,0.03194867040852323,0.03479353473623277
chr20:9393287-9393887|1,1,0.5413258212528941,0.44352804261626166,0.7660452213987664,0.7518463091116181,0.48146965831053007
chr21:25546000-25546600|0,0,0.5239659613998903,0.4578728711756349,0.44896667166111115,0.4376436360659675,0.45726210618285895
chr20:32154802-32155402|1,1,0.6380498806002952,0.5647110149172593,0.8834086422584906,0.8734405593610464,0.6730693949718949
chr21:10003000-10003600|0,0,0.4597489095664636,0.48931352673437983,0.3380511896835783,0.37354427348199387,0.2967563091819042
chr20:14687000-14687600|0,0,0.4368068980959342,0.43020935136093363,0.27086625428970357,0.2751844813200192,0.5424344238512012
chr20:35858001-35858601|1,1,0.3727597708305935,0.4080241358151088,0.9787353304715581,0.9795803525311573,0.5579913235163357
chr20:11690000-11690600|0,0,0.46298056680316696,0.40900805369207166,0.18213168808575406,0.18986645933706975,0.4568444713085028
chr20:56554387-56554987|1,1,0.5046249812902541,0.5036415431111331,0.1627116566369522,0.136452100660844,0.4889660386719158
chr20:62271824-62272424|1,1,0.6827951337215629,0.6077683695676483,0.965816942367261,0.9598772586078377,0.8409627121931479
chr21:44813803-44814403|1,1,0.5823254605866276,0.6761215793900526,0.9894407663831183,0.9903232726807425,0.9217541251996505
chr21:32726616-32727216|1,1,0.5052656434473162,0.5634898067450943,0.8234861422819749,0.8404042053933815,0.8297641739718117
chr21:39549000-39549600|0,0,0.4629623524888853,0.4498054984881797,0.045865660418018324,0.05467993506826582,0.27717867987870826
chr20:11258000-11258600|0,0,0.46603788370182925,0.4603916301562638,0.08890991134228846,0.0859973355117939,0.43799812073259536
chr21:11786000-11786600|0,0,0.4579037492689325,0.5127463777451815,0.03280658488498695,0.03061402461087642,0.06689447442364378
chr20:26076033-26076633|1,1,0.4450873440064612,0.3951201458146621,0.2440662167867205,0.24188628635279597,0.5171348437272775
chr20:32348000-32348600|0,0,0.43581875973782036,0.45580675952917993,0.1071826040513656,0.0930604685688358,0.32792394419708465
chr20:47525000-47525600|0,0,0.6384046210067611,0.6678194891841955,0.0512523772110359,0.05128949824884291,0.6679912640513236
chr20:47930000-47930600|0,0,0.595035890691043,0.4207330375950279,0.13041646191304546,0.1384626601513284,0.5061396239601488
chr20:5855000-5855600|0,0,0.5359137819518113,0.5488961669265074,0.30003159840209975,0.27346516641278973,0.21460133940585838
chr20:61234000-61234600|0,0,0.5600552665716807,0.5686511285752658,0.22470093530285074,0.21982021775257082,0.4490890628941583
chr21:44543000-44543600|0,0,0.4426699905232301,0.42176883884094707,0.27802938960572926,0.2786247269354946,0.5478615674621815
chr20:48093000-48093600|0,0,0.5516423528672716,0.4890507172671926,0.6055816407469491,0.6159304725224619,0.748590974085952
chr20:47891000-47891600|0,0,0.5461480861031097,0.5233061223155413,0.29608003291903584,0.30921692070183193,0.0814160589456294
chr20:19007485-19008085|1,1,0.5542447907310373,0.4762402720278453,0.5440181635342842,0.5301566654689853,0.1590208570790064
chr20:32675000-32675600|0,0,0.6299517072672163,0.6671444010756474,0.3787404793080608,0.3909375507615099,0.4366944802663142
chr20:48558000-48558600|0,0,0.4905256096728011,0.48736659250711195,0.1690575216499642,0.1508595807408982,0.3010855441923619
chr20:19579699-19580299|1,1,0.569337952370138,0.4953837305146832,0.9388424760424474,0.9382355611444098,0.7570015675939289
chr20:561000-561600|0,0,0.5176514344992943,0.5015963238480069,0.20779998660122537,0.249830948475052,0.6862404143892769
chr21:8804000-8804600|0,0,0.4589585378863198,0.38717373572548913,0.02485445635640884,0.02744867893313399,0.10944419323802536
chr20:40564000-40564600|0,0,0.41914139287254826,0.31500261849156097,0.1429838348852362,0.14205118579496873,0.14640881748740947
chr20:4240000-4240600|0,0,0.4888613732783808,0.4536319774399266,0.4818742686477376,0.48173451908362863,0.43757090443142127
chr20:34075573-34076173|1,1,0.6304727229739499,0.6465573344451743,0.9671785615459628,0.9671408039312736,0.880638259106242
chr21:29060359-29060959|1,1,0.44290590739255375,0.4012365750865822,0.837126320201184,0.8336870428069411,0.4700144431001042
chr20:29933000-29933600|0,0,0.4575870596599487,0.4720489129031991,0.013670517109064398,0.01284293281622406,0.02906155117774654
chr21:28423000-28423600|0,0,0.5162130330669554,0.4897883126544423,0.030039617771980116,0.03132116542484166,0.653012892836284
chr21:21223446-21224046|1,1,0.44457079457266485,0.418503484716794,0.22420725550160986,0.22283691431869088,0.32197072595263904
chr20:3939000-3939600|0,0,0.4728973608133121,0.36665233281922144,0.08571710157109254,0.09400069104349583,0.23495442465774308
chr20:25955785-25956385|1,1,0.5002806259762753,0.4903924110323087,0.35333862026060653,0.32339460056508446,0.7016741538611483
chr20:11360000-11360600|0,0,0.5318266727517932,0.5669365589094162,0.2779524195522349,0.27105541717723214,0.11343100074515494
chr21:36189000-36189600|0,0,0.47363177670011986,0.5476235893707618,0.6109768252246395,0.5750120453360964,0.4544949893219645
chr21:42542103-42542703|1,1,0.5534868666280199,0.626994570774163,0.9896958573530537,0.9897629630178792,0.9361884021815815
chr20:3324667-3325267|1,1,0.510223316022879,0.49840766274084763,0.7169432723476337,0.7364173673115351,0.6968386889590975
chr20:55189000-55189600|0,0,0.4070722106229725,0.41831862685677085,0.44037073798146426,0.4835994143447034,0.38384856021485353
chr21:28087000-28087600|0,0,0.4499219128848201,0.44943424582620606,0.08324953864238094,0.08059709906584553,0.4464123437214007
chr21:43897000-43897600|0,0,0.6123395095703963,0.6888114396540944,0.022145705468895577,0.020147437686626815,0.6319470029041734
chr21:32375182-32375782|1,1,0.48041005453101104,0.49521806635752835,0.8788408314580229,0.8881695487331344,0.52065079852866
chr20:9675000-9675600|0,0,0.4412384409739038,0.3967222287263283,0.2630947548514265,0.253239197604906,0.43769830360023204
chr21:37831000-37831600|0,0,0.5696199604417811,0.4683596970956796,0.3791680901393266,0.377531595151068,0.4127089842031721
chr21:14144498-14145098|1,1,0.35772181136191644,0.35386867134267647,0.601481683530138,0.6146944251414369,0.30550709998385955
chr21:16174000-16174600|0,0,0.4154958011827299,0.40083623309177163,0.07349774661242559,0.07171189605861257,0.29659468996690563
chr20:57392353-57392953|1,1,0.6964743762676276,0.7675357274656771,0.9411815995429278,0.940238520855247,0.8669502886975136
chr20:36615073-36615673|1,1,0.6258347791982326,0.6078063704426997,0.9969849526719522,0.9971143443253003,0.6106277709370617
chr21:44801097-44801697|1,1,0.6552686990100365,0.861348776791707,0.6788071129322412,0.6904103166753321,0.8439948199629079
chr20:57228120-57228720|1,1,0.6386563061383166,0.6906448480927142,0.9960739505703189,0.996905341069525,0.8804137931157416
chr20:20081000-20081600|0,0,0.42940861643521133,0.45449022921892446,0.8095093270872188,0.8156500935186065,0.41488855549973686
chr21:43393000-43393600|0,0,0.6927708888750381,0.8399572829437243,0.4133942359042135,0.29171989691588324,0.31741880250611326
chr20:60766921-60767521|1,1,0.45920201850128006,0.4645524262628829,0.18667079738908987,0.19550894647258732,0.5053059166164393
chr20:12789000-12789600|0,0,0.46156244907732147,0.44746125662442543,0.11919107680859053,0.11231872722965933,0.5101327539303664
chr20:15978000-15978600|0,0,0.5654930992234763,0.5396059195429188,0.20388829363569053,0.2406977677414701,0.7824392994902036
chr20:5772561-5773161|1,1,0.5142541345860542,0.5126090529390862,0.9235858564542816,0.9258109442677824,0.7003393470444077
chr20:32798159-32798759|1,1,0.6460606320756007,0.6883486583523188,0.98505257119553,0.9847088909265435,0.893544767979835
chr20:6015060-6015660|1,1,0.4137001247955373,0.43868971721994005,0.9904002830787861,0.9907673954422427,0.7371753969280347
chr20:28399000-28399600|0,0,0.4721203856245321,0.5581923435142195,0.0003096565863321336,0.0003556815715165786,0.08639927466027991
chr21:12051000-12051600|0,0,0.46223411838884504,0.5031836966770047,0.001243712901404354,0.0012809126383235834,0.11723132126380525
chr20:9654000-9654600|0,0,0.5529707117795992,0.4849593457171297,0.15284587613798759,0.17281190107058605,0.37157369717524524
chr21:31998225-31998825|1,1,0.6386302894422088,0.7359910383484064,0.9991064632857993,0.9991411478267487,0.9571695455928129
chr20:13600000-13600600|0,0,0.3768521040701596,0.3815562675918848,0.021030779162550587,0.021999426883440282,0.2776221531549946
chr20:41079784-41080384|1,1,0.42561050282287405,0.42843597276437095,0.8573279164447044,0.875731907709605,0.43442221789540514
chr20:49582000-49582600|0,0,0.5535098302856857,0.4795965180327761,0.2814771989819213,0.2915785734498477,0.4622195169721653
chr21:30777000-30777600|0,0,0.43461454129903015,0.42233705406027,0.28973532711616234,0.30160805636742816,0.572075482707106
chr21:43504000-43504600|0,0,0.7001220033943243,0.7058919646339923,0.5097617180647592,0.50561370484664,0.8105358578943533
chr21:12510000-12510600|0,0,0.4635584311561882,0.4955193670282444,0.0004411955387129428,0.0005634337923198499,0.10708930553761493
chr21:12336000-12336600|0,0,0.44800326558120296,0.47760332248775555,2.169882271003472e-05,2.4291189087897902e-05,0.07971045533146258
chr21:28993000-28993600|0,0,0.5322167209842433,0.5722266681707199,0.3654519365814531,0.3703034712252925,0.5026594428117496
chr20:59285000-59285600|0,0,0.5476504670031047,0.508036460764644,0.19842471527105732,0.2040766647315688,0.30604322074119816
chr20:55273000-55273600|0,0,0.5010759400675294,0.45239231276302705,0.3088675804013351,0.30257431461410983,0.3433546130579062
chr20:62195501-62196101|1,1,0.5458545490154825,0.5614471342610762,0.9196445343685136,0.9235458343620156,0.671181514383947
chr20:1237743-1238343|1,1,0.38403448106170307,0.3438770864174649,0.9476966488377473,0.9519122473794318,0.41367411228856205
chr21:33639887-33640487|1,1,0.5546212888400675,0.6355986709857392,0.3157408609967529,0.29424148174789727,0.36263255330172806
chr21:31891000-31891600|0,0,0.5612032257288173,0.5080764807571697,0.08143458717869469,0.07949335596040892,0.2504399232036952
chr21:32653065-32653665|1,1,0.4819272192260925,0.4302679393002142,0.784360476438354,0.7936001642014755,0.48807428945688286
chr21:29873000-29873600|0,0,0.430240912210208,0.42928273154621577,0.08862794550256779,0.0848132429625286,0.5048566355752875
chr20:23126237-23126837|1,1,0.6268309877426946,0.5863180325069919,0.29370256094079683,0.26373879326485916,0.5622458043470635
chr21:17522000-17522600|0,0,0.5550318723769675,0.6072127707337661,0.059713796950040705,0.04974738698148851,0.3268475994384533
chr20:12940214-12940814|1,1,0.3881950938739902,0.3943163705403489,0.9587119564220562,0.9614002503084306,0.3490267142643845
chr21:42600547-42601147|1,1,0.5509400265851842,0.5009574345864286,0.33155373511961345,0.32092826844175104,0.6391400523169197
chr21:8801000-8801600|0,0,0.5512853184277596,0.5718816302393984,0.9883131062238727,0.987990277820465,0.793853477677188
chr21:14747028-14747628|1,1,0.47298027185778235,0.4371246972176616,0.1650151340964838,0.17295986292163532,0.26031349889074656
chr20:28606000-28606600|0,0,0.49245373560491607,0.4006798567942053,0.028327284291395045,0.02639310174456993,0.27802616741441805
chr20:40399000-40399600|0,0,0.4235542733850614,0.3776963194205679,0.20599785292687803,0.20068851336422353,0.17917314542900808
chr21:35060000-35060600|0,0,0.4483702141112967,0.42765220475519,0.02270434304261257,0.020731937081460223,0.13636880271752458
chr21:17066000-17066600|0,0,0.5008065882202999,0.5020370823219931,0.10676208898105025,0.12007603621368797,0.24124608861612465
chr21:20072000-20072600|0,0,0.36509700423251934,0.3429347474224772,0.23462811513119886,0.2360492437140852,0.1885782790322604
chr21:33765574-33766174|1,1,0.452166526919119,0.3981688298890007,0.9160856282076457,0.9200377983467394,0.8089111139892282
chr20:59570000-59570600|0,0,0.4356972075659148,0.40964854534037487,0.16325094304075782,0.15634761032320083,0.5181480486720735
chr20:7564000-7564600|0,0,0.42493159882320936,0.5432709909494728,0.03476828275006047,0.03100533184547985,0.3889764951199368
chr20:31848264-31848864|1,1,0.697701290395579,0.7385459338239855,0.9883739552332618,0.9882103140426929,0.7894125394610899
chr21:10105000-10105600|0,0,0.35916755093303565,0.36232344813726514,0.04923260209989806,0.04956208110320833,0.35618900671062087
chr21:32732218-32732818|1,1,0.5730130314265861,0.486418296108125,0.25797838903241066,0.2562478991672853,0.5899308783573405
chr20:387710-388310|1,1,0.6226047184866544,0.6306884228393304,0.980122509679167,0.9774413063046583,0.8376253471956963
chr21:27540000-27540600|0,0,0.4113013849581135,0.392448248738,0.012231138568510519,0.013771604222414554,0.125502226898103
chr21:42859421-42860021|1,1,0.7029983503474411,0.7720231571209557,0.95211565358081,0.9543937670241326,0.75400785645754
chr21:44927324-44927924|1,1,0.6895230715617222,0.6249972083701073,0.5999351058538877,0.5928518282745272,0.5866890500365805
chr20:36930574-36931174|1,1,0.4666720648622702,0.4974773444839581,0.9772746801036628,0.9792419004428222,0.6324972921923502
chr20:8354000-8354600|0,0,0.40264431424925873,0.48510493599380644,0.16876883403980653,0.1622940426586955,0.5059047960452306
chr21:41288000-41288600|0,0,0.36230990926660894,0.3783170838936601,0.12106291613450705,0.11503644867525914,0.37173393212259753
chr20:63597559-63598159|1,1,0.6741375068133325,0.689811004416933,0.9686048181965622,0.9686857877123667,0.8799376160475872
chr20:42003000-42003600|0,0,0.4120923495415551,0.40294969457203905,0.24312807090789418,0.2420649216628198,0.5389375641815102
chr20:61936436-61937036|1,1,0.6825580075235307,0.8454457574934866,0.9790744633519527,0.9813839109967042,0.9613244242751833
chr20:44594000-44594600|0,0,0.47747405169205837,0.47492433965732456,0.121257066070583,0.1230847483688486,0.45399562836411667
chr20:36696000-36696600|0,0,0.5841622386199001,0.5339904977871949,0.07239045181475426,0.07355053167255395,0.08402882262026481
chr20:45300708-45301308|1,1,0.6625361414597408,0.5697759578171772,0.9869408955626433,0.98663150914731,0.6161820265133625
chr20:24201165-24201765|1,1,0.5322167209842433,0.51722966106065,0.4974470969496184,0.4979449428094474,0.7387670100889039
chr20:45399389-45399989|1,1,0.5090288371819749,0.534403562453094,0.1259603902466414,0.12883073624981423,0.27987523622889693
chr21:15280446-15281046|1,1,0.48498479029193287,0.5203826825484987,0.4195339954582963,0.4772791135087259,0.8667810719123982
chr20:25327000-25327600|0,0,0.5814216947019767,0.5966768347114753,0.22717780613630975,0.2313719394300054,0.15509069926966318
chr20:37717000-37717600|0,0,0.4709530356303829,0.5127242357988706,0.5775787149158302,0.578900390272147,0.6279774333085458
chr20:25323129-25323729|1,1,0.560429573169,0.45062678622194885,0.9871493792379818,0.986060476694923,0.4646594125225935
chr20:2207000-2207600|0,0,0.7490592417594661,0.9572500894416952,0.8738189385544046,0.8830083822373127,0.9494870631170993
chr21:7075000-7075600|0,0,0.4972972840253505,0.4602907979233569,0.09828591309229909,0.09283481279057208,0.4899839368067471
chr21:10060000-10060600|0,0,0.36860068807899504,0.3627976407494529,0.349383525514923,0.37226476381208967,0.460069042497478
chr20:47435000-47435600|0,0,0.5259847065764199,0.5090679449013191,0.1686001394025055,0.1626737496473403,0.40752309578347723
chr20:48972025-48972625|1,1,0.556472500952187,0.5294090668497444,0.5641823488273423,0.5646152961528703,0.8104693522642703
chr20:49013263-49013863|1,1,0.5482173128415265,0.5471260209680514,0.959170706266136,0.9601756801540516,0.655291472943764
chr21:14030000-14030600|0,0,0.5623675032182723,0.5436092249814352,0.3779536873613542,0.37915564576388594,0.463968957338173
chr20:23492657-23493257|1,1,0.5590481119496398,0.5614316720412321,0.9488439545180316,0.9468776249750681,0.7469434914363191
chr21:28153000-28153600|0,0,0.362437998243552,0.40612028106328557,0.3377140048376983,0.30234009128344935,0.40274762980402623
chr21:43471017-43471617|1,1,0.6722342968788496,0.6317131633474017,0.2793649876849274,0.26734153521971377,0.734758172352091
chr20:22548001-22548601|1,1,0.5497913732041204,0.5285009323065663,0.5193122521213137,0.5182333940915991,0.8205560328695468
chr20:34477471-34478071|1,1,0.41485083671529727,0.47206071528948734,0.9638452740557851,0.9615655469530343,0.6445922565334227
chr20:3750503-3751103|1,1,0.65060114513879,0.645515613605641,0.9778106927702205,0.9786757116744202,0.8822468927761631
chr20:16099000-16099600|0,0,0.44884103561872674,0.4812658980663418,0.20579336906430648,0.19821342910418957,0.6264658645233299
chr21:30678000-30678600|0,0,0.4440952790247294,0.40899553127894134,0.2983590566031252,0.30246221244090415,0.5742209444134343
chr20:26684000-26684600|0,0,0.4698371853042495,0.49594327994190046,0.00017942327311174064,0.0001912257411597061,0.043657553386815984
chr20:52649923-52650523|1,1,0.4816552825856211,0.39479128023691107,0.08753284595847725,0.0709342970694107,0.46108222400151155
chr21:28430111-28430711|1,1,0.45987320355228667,0.45612669306156317,0.414917453469651,0.43714603776408956,0.6659933372408298
chr20:46174776-46175376|1,1,0.7124039766299959,0.8888190163428604,0.9606884214278707,0.9581349442899687,0.9029735499521612
chr21:33342967-33343567|1,1,0.44697026467089196,0.4602233002632726,0.9635555759399701,0.9625973647929169,0.6950367255769124
chr20:18609000-18609600|0,0,0.49795437374842083,0.4916606780015118,0.19272752293638493,0.18278508734565488,0.17072464285198574
chr20:34324000-34324600|0,0,0.4707960646585552,0.41130852488047287,0.05435404034893785,0.06628459680406563,0.1421926947626684
chr20:51784383-51784983|1,1,0.5473236214706396,0.6015168590320422,0.9961216800241307,0.9958935031253886,0.671227669738475
chr20:45184746-45185346|1,1,0.44171925402137013,0.4022808477332837,0.10487711828183903,0.10243312297016693,0.6994865253017073
chr21:11579000-11579600|0,0,0.45850130834846803,0.5111057015661236,0.045342423242421694,0.05029039688545545,0.14992072003885554
chr20:62351500-62352100|1,1,0.7204583712837258,0.8340172147393149,0.9982651421672801,0.9982813159869385,0.9236296753707673
chr20:49874404-49875004|1,1,0.5978521396607597,0.5609384072160857,0.971117631519637,0.9738473013288821,0.478287536191574
chr20:44478323-44478923|1,1,0.5337765154843888,0.5849987563671313,0.3023336828840594,0.3199524393124081,0.41659406840403956
chr21:18262490-18263090|1,1,0.3699441863053474,0.3455744481754838,0.8505129605312713,0.8653433537294422,0.4294966455752285
chr21:28876190-28876790|1,1,0.4160303255931799,0.4036495080200207,0.39414836102648715,0.4383054436837192,0.569798804470013
chr21:19819000-19819600|0,0,0.4489892725684419,0.40907348229433765,0.23978630053369437,0.23574805325718282,0.31408714132687576
chr21:35855000-35855600|0,0,0.48405470782888854,0.4544844807246365,0.5251175791930548,0.4870540735936289,0.608939343516885
chr20:44786000-44786600|0,0,0.6292102054697244,0.5022165266034105,0.18309275828736155,0.16801511775158118,0.306351647054193
chr21:34449383-34449983|1,1,0.6013671454163084,0.5839366759241508,0.9972467083029781,0.9975339892503908,0.7403831602385744
chr21:25363000-25363600|0,0,0.4663730160480846,0.4762903675245581,0.4235784494132885,0.4082112288205231,0.37354397929200683
chr21:25030000-25030600|0,0,0.3966602862924999,0.45245449664755116,0.08409362939826884,0.09113640790530775,0.32171551630937967
chr20:62198333-62198933|1,1,0.6499649804418937,0.7373083490857482,0.9979326250451201,0.9978627137787369,0.9039051405764967
chr20:23909000-23909600|0,0,0.5661838106295535,0.5198094518904721,0.04463253729193172,0.04729683538295639,0.5057933841784013
chr21:37156354-37156954|1,1,0.4238099637044162,0.40212615442245997,0.826502947768433,0.8309519920011564,0.4018532353752547
chr20:25673551-25674151|1,1,0.5340131185638903,0.4290762161301682,0.34510202027845566,0.3684116541387042,0.5906865953437507
chr20:50357000-50357600|0,0,0.6117144672863359,0.5172504092577542,0.3816296797915711,0.4028610657144796,0.5471038397972994
chr20:40132000-40132600|0,0,0.4950954328487899,0.4919122271481139,0.3607548679246791,0.36659741876262036,0.5864374696105585
chr20:57606000-57606600|0,0,0.5087580567874429,0.5450501568061663,0.20143975741022166,0.2312903292373071,0.31236786352280754
chr21:19018000-19018600|0,0,0.3915973350304506,0.33774106323444053,0.21556497793925958,0.1939419672045136,0.6574494767936466
chr20:16804000-16804600|0,0,0.5349434515708161,0.5436185807490052,0.3404431076885655,0.3355942531067171,0.740060297583136
chr21:15115579-15116179|1,1,0.5093391160566774,0.5064875309044862,0.29961746205267964,0.3067311638492158,0.526267867985476
chr21:43636000-43636600|0,0,0.4103852497430874,0.5116894830633817,0.2305328210594997,0.22344898446793005,0.3809147645173999
chr21:46297238-46297838|1,1,0.7231932615498534,0.9301075112631356,0.9230478600953111,0.9263037484200104,0.8998646015633452
chr21:14373983-14374583|1,1,0.4784338162529025,0.5053286405415732,0.8187676934824725,0.8243346752514468,0.5082833786205049
chr20:763702-764302|1,1,0.6274260053037531,0.5627739978468111,0.9970556803660573,0.9973355509566763,0.8986999066008446
chr20:14186000-14186600|0,0,0.4503204503372759,0.3758249920630952,0.03760398046757996,0.03985080777084989,0.20188466872242555
chr20:9372002-9372602|1,1,0.4730766710471694,0.49887813770453054,0.9789338145647732,0.9778556920589145,0.7513048512140812
chr21:16487189-16487789|1,1,0.42661765218626174,0.39166136668100837,0.6665892959034128,0.6220589719223296,0.2709052011332737
chr20:45808813-45809413|1,1,0.5803181456115444,0.5166999848260928,0.9274740121579181,0.9247766486243424,0.6686543277921388
chr21:41143114-41143714|1,1,0.5978491876764674,0.6293259044550933,0.7279479185986533,0.7428949459317522,0.8649704575510038
chr21:25069415-25070015|1,1,0.470642432639443,0.47659272432399075,0.15767809742791508,0.18003308384033354,0.25884017452414976
chr21:28234000-28234600|0,0,0.611363850247963,0.533812000960062,0.022661283247978704,0.02243026901496535,0.2636769961098672
chr20:7390000-7390600|0,0,0.4474186554913819,0.43100644968761387,0.2786439630866765,0.2891072388931103,0.45347520175779754
chr20:25489023-25489623|1,1,0.6916472390204793,0.6603374274029997,0.9906529559619847,0.9909367635397036,0.7770264501840368
chr20:55597000-55597600|0,0,0.45968150251909273,0.3795178129095335,0.37352195246691006,0.38367968716809,0.3684111146811038
chr20:63249771-63250371|1,1,0.6856817731031106,0.6932453480458665,0.9875997070545657,0.9882263853087853,0.8783333814738489
chr21:14181558-14182158|1,1,0.4201366749347179,0.4187236294756867,0.9881373797770294,0.98899845291622,0.7231927901796524
chr20:12351000-12351600|0,0,0.5216145548272466,0.4373467568345881,0.3448208468521874,0.33078567603610504,0.3128414523849527
chr20:42990000-42990600|0,0,0.42940861643521133,0.48854378319969505,0.4743923188815578,0.47461443204349446,0.5261001494511989
chr20:49534000-49534600|0,0,0.5142541345860542,0.38375163450707633,0.4419977441773364,0.44402630797917214,0.36084204855185376
chr20:12972000-12972600|0,0,0.48848017536186544,0.39017334413117943,0.06222669611123105,0.060031581639598264,0.07631252757903204
chr20:35585000-35585600|0,0,0.6737071726172225,0.7075188826630546,0.9606255775590604,0.9569914431425737,0.5056483985250517
chr21:14933000-14933600|0,0,0.4585902764138815,0.4636965416040405,0.0872732307849679,0.08641188248757635,0.3623475295506421
chr21:17960000-17960600|0,0,0.4820830023877794,0.4054174076225479,0.29519924962153116,0.2708348772127594,0.44761044240492415
chr21:21099000-21099600|0,0,0.4750691777728935,0.4403466921413027,0.25725490774915766,0.25098969672734806,0.4087141184589939
chr21:6333823-6334423|1,1,0.3899507453632785,0.3974113233377467,0.15053679044645937,0.13229348028239007,0.47954424782356175
chr20:52897000-52897600|0,0,0.41237766430174544,0.37139173176288903,0.12779926178739612,0.12056440705119685,0.40455962442948157
chr20:37732578-37733178|1,1,0.5480018384576449,0.5818271316227697,0.9631897071619144,0.9657005326829403,0.7869214034763324
chr20:59396000-59396600|0,0,0.6026170375435975,0.5482928002640014,0.45329614599279167,0.45323557095735434,0.7216386438271295
chr20:32025555-32026155|1,1,0.6251805693150572,0.5505421377332164,0.8959805544374461,0.9032350592204975,0.5874189552945384
chr21:19708000-19708600|0,0,0.5394298430822873,0.3206263034973267,0.20291110442844754,0.1869517107460338,0.0768623817595438
chr20:1266353-1266953|1,1,0.7634102673714769,0.8868637215617394,0.9495015178262715,0.9504975387737948,0.8946003020293739
chr20:37364903-37365503|1,1,0.5683695600313922,0.48729161601438686,0.41248259226572553,0.35219633510130305,0.39773132086725216
chr21:40383351-40383951|1,1,0.41964750939926565,0.4526316786902146,0.7619961966882853,0.7533549201100322,0.6132570690329693
chr20:44486295-44486895|1,1,0.514003933894839,0.535430638232447,0.9745597758987411,0.974756154912314,0.6706287904500141
chr21:38909000-38909600|0,0,0.609407366781565,0.5724519294814028,0.7066272172857855,0.711105417371119,0.784123031398296
chr20:11174000-11174600|0,0,0.46759357277528507,0.45272649077120936,0.3033262853489843,0.31060881886143377,0.46927743640230474
chr20:40303000-40303600|0,0,0.37005633279771744,0.35861030958443707,0.09702301298395954,0.10191799872150686,0.3367236945306576
chr21:16257092-16257692|1,1,0.41654299459742683,0.41733010536345594,0.5275076645932107,0.5272550341590153,0.6339528830596837
chr20:13766623-13767223|1,1,0.42104576022953155,0.4275203665827182,0.9733928379821145,0.9748130252220072,0.583026314949114
chr21:33810674-33811274|1,1,0.5380670360420049,0.5091093201128581,0.9730455794779829,0.9673886002743874,0.6432998932443671
chr20:57720000-57720600|0,0,0.6826270877474656,0.5370880874018978,0.3569271203741764,0.32046088038593706,0.5548690440573172
chr21:19046724-19047324|1,1,0.41319368257385625,0.3795038435547851,0.146658774691534,0.13885171941565475,0.23958285733950316
chr20:51675907-51676507|1,1,0.49064329516685634,0.5509276725090371,0.7630604787543771,0.7867567687060448,0.3568044754667501
chr20:21093551-21094151|1,1,0.542518511297973,0.44234635571459446,0.6290701829902586,0.6628875307828013,0.5060876974078475
chr20:38864000-38864600|0,0,0.4718349310949055,0.4653514147112274,0.12098280939337779,0.12485406900662874,0.25366444332834254
chr20:56395220-56395820|1,1,0.5307563468788716,0.5283783316752008,0.9966162419160999,0.9965657977806035,0.7421975054313498
chr20:17342000-17342600|0,0,0.5331054519002382,0.44792225152370524,0.3475934885647896,0.32677632836116355,0.31464219738653093
