motif,kind,strength,position,instances,repeat,partition,known_detector,qk_r,density,local_query_density,absolute_effect,edit_only_effect,total_clean_minus_corrupted,passes_calibrated,passes_historical
TATAAA,single,0.25,8,1,0,discovery,True,1.0,1.2671549072869621,1.2671549072869566,0.059397886279076044,0.002784275919331689,0.059397886279076044,True,False
TATAAA,single,0.25,8,1,1,discovery,True,1.0,1.2671549072869621,1.2671549072869566,0.059397886279076044,0.002784275919331689,0.059397886279076044,True,False
TATAAA,single,0.25,8,1,2,discovery,True,1.0,1.2671549072869621,1.2671549072869566,0.059397886279076044,0.002784275919331689,0.059397886279076044,True,False
TATAAA,single,0.25,8,1,3,discovery,True,1.0,1.2671549072869621,1.2671549072869566,0.059397886279076044,0.002784275919331689,0.059397886279076044,True,False
TATAAA,single,0.25,8,1,4,discovery,True,1.0,1.2671549072869621,1.2671549072869566,0.059397886279076044,0.002784275919331689,0.059397886279076044,True,False
TATAAA,single,0.25,8,1,5,discovery,True,1.0,1.2671549072869621,1.2671549072869566,0.059397886279076044,0.002784275919331689,0.059397886279076044,True,False
TATAAA,single,0.25,8,1,6,discovery,True,1.0,1.2671549072869621,1.2671549072869566,0.059397886279076044,0.002784275919331689,0.059397886279076044,True,False
TATAAA,single,0.25,8,1,7,discovery,True,1.0,1.2671549072869621,1.2671549072869566,0.059397886279076044,0.002784275919331689,0.059397886279076044,True,False
TATAAA,single,0.25,8,1,8,discovery,True,1.0,1.2671549072869621,1.2671549072869566,0.059397886279076044,0.002784275919331689,0.059397886279076044,True,False
TATAAA,single,0.25,8,1,9,discovery,True,1.0,1.2671549072869621,1.2671549072869566,0.059397886279076044,0.002784275919331689,0.059397886279076044,True,False
TATAAA,single,0.25,8,1,10,discovery,True,1.0,1.2671549072869621,1.2671549072869566,0.059397886279076044,0.002784275919331689,0.059397886279076044,True,False
TATAAA,single,0.25,8,1,11,discovery,True,1.0,1.2671549072869621,1.2671549072869566,0.059397886279076044,0.002784275919331689,0.059397886279076044,True,False
TATAAA,single,0.25,8,1,12,confirmation,True,1.0,1.2671549072869621,1.2671549072869566,0.059397886279076044,0.002784275919331689,0.059397886279076044,True,False
TATAAA,single,0.25,8,1,13,confirmation,True,1.0,1.2671549072869621,1.2671549072869566,0.059397886279076044,0.002784275919331689,0.059397886279076044,True,False
TATAAA,single,0.25,8,1,14,confirmation,True,1.0,1.2671549072869621,1.2671549072869566,0.059397886279076044,0.002784275919331689,0.059397886279076044,True,False
TATAAA,single,0.25,8,1,15,confirmation,True,1.0,1.2671549072869621,1.2671549072869566,0.059397886279076044,0.002784275919331689,0.059397886279076044,True,False
TATAAA,single,0.25,8,1,16,confirmation,True,1.0,1.2507219641537413,1.2507219641537453,0.11725518413941366,0.010992673513070036,0.11725518413941366,True,False
TATAAA,single,0.25,8,1,17,confirmation,True,1.0,1.2671549072869621,1.2671549072869566,0.059397886279076044,0.002784275919331689,0.059397886279076044,True,False
TATAAA,single,0.25,8,1,18,confirmation,True,1.0,1.2616294891034838,1.26162948910348,0.07885184306896756,0.004928240191810473,0.07885184306896756,True,False
TATAAA,single,0.25,8,1,19,confirmation,True,1.0,1.2671549072869621,1.2671549072869566,0.059397886279076044,0.002784275919331689,0.059397886279076044,True,False
TATAAA,single,0.25,8,1,20,confirmation,True,1.0,1.2671549072869621,1.2671549072869566,0.059397886279076044,0.002784275919331689,0.059397886279076044,True,False
TATAAA,single,0.25,8,1,21,confirmation,True,1.0,1.2616294891034838,1.26162948910348,0.07885184306896756,0.004928240191810473,0.07885184306896756,True,False
TATAAA,single,0.25,8,1,22,confirmation,True,1.0,1.2671549072869621,1.2671549072869566,0.059397886279076044,0.002784275919331689,0.059397886279076044,True,False
TATAAA,single,0.25,8,1,23,confirmation,True,1.0,1.2671549072869621,1.2671549072869566,0.059397886279076044,0.002784275919331689,0.059397886279076044,True,False
TATAAA,single,0.25,8,2,0,discovery,True,1.0,1.2507219641537413,1.2507219641537453,0.11725518413941366,0.010992673513070036,0.11725518413941366,True,False
TATAAA,single,0.25,8,2,1,discovery,True,1.0,1.2507219641537413,1.2507219641537453,0.11725518413941366,0.010992673513070036,0.11725518413941366,True,False
TATAAA,single,0.25,8,2,2,discovery,True,1.0,1.2507219641537413,1.2507219641537453,0.11725518413941366,0.010992673513070036,0.11725518413941366,True,False
TATAAA,single,0.25,8,2,3,discovery,True,1.0,1.2507219641537413,1.2507219641537453,0.11725518413941366,0.010992673513070036,0.11725518413941366,True,False
TATAAA,single,0.25,8,2,4,discovery,True,1.0,1.2507219641537413,1.2507219641537453,0.11725518413941366,0.010992673513070036,0.11725518413941366,True,False
TATAAA,single,0.25,8,2,5,discovery,True,1.0,1.2507219641537413,1.2507219641537453,0.11725518413941366,0.010992673513070036,0.11725518413941366,True,False
TATAAA,single,0.25,8,2,6,discovery,True,1.0,1.2507219641537413,1.2507219641537453,0.11725518413941366,0.010992673513070036,0.11725518413941366,True,False
TATAAA,single,0.25,8,2,7,discovery,True,1.0,1.2507219641537413,1.2507219641537453,0.11725518413941366,0.010992673513070036,0.11725518413941366,True,False
TATAAA,single,0.25,8,2,8,discovery,True,1.0,1.2507219641537413,1.2507219641537453,0.11725518413941366,0.010992673513070036,0.11725518413941366,True,False
TATAAA,single,0.25,8,2,9,discovery,True,1.0,1.2507219641537413,1.2507219641537453,0.11725518413941366,0.010992673513070036,0.11725518413941366,True,False
TATAAA,single,0.25,8,2,10,discovery,True,1.0,1.2507219641537413,1.2507219641537453,0.11725518413941366,0.010992673513070036,0.11725518413941366,True,False
TATAAA,single,0.25,8,2,11,discovery,True,1.0,1.2507219641537413,1.2507219641537453,0.11725518413941366,0.010992673513070036,0.11725518413941366,True,False
TATAAA,single,0.25,8,2,12,confirmation,True,1.0,1.2507219641537413,1.2507219641537453,0.11725518413941366,0.010992673513070036,0.11725518413941366,True,False
TATAAA,single,0.25,8,2,13,confirmation,True,1.0,1.2507219641537413,1.2507219641537453,0.11725518413941366,0.010992673513070036,0.11725518413941366,True,False
TATAAA,single,0.25,8,2,14,confirmation,True,1.0,1.2507219641537413,1.2507219641537453,0.11725518413941366,0.010992673513070036,0.11725518413941366,True,False
TATAAA,single,0.25,8,2,15,confirmation,True,1.0,1.2507219641537413,1.2507219641537453,0.11725518413941366,0.010992673513070036,0.11725518413941366,True,False
TATAAA,single,0.25,8,2,16,confirmation,True,1.0,1.2347097816563208,1.2347097816563297,0.17363106304542134,0.024416868240762377,0.17363106304542134,True,False
TATAAA,single,0.25,8,2,17,confirmation,True,1.0,1.2507219641537413,1.2507219641537453,0.11725518413941366,0.010992673513070036,0.11725518413941366,True,False
TATAAA,single,0.25,8,2,18,confirmation,True,1.0,1.2507219641537413,1.2507219641537453,0.11725518413941366,0.010992673513070036,0.11725518413941366,True,False
TATAAA,single,0.25,8,2,19,confirmation,True,1.0,1.2507219641537413,1.2507219641537453,0.11725518413941366,0.010992673513070036,0.11725518413941366,True,False
TATAAA,single,0.25,8,2,20,confirmation,True,1.0,1.2507219641537413,1.2507219641537453,0.11725518413941366,0.010992673513070036,0.11725518413941366,True,False
TATAAA,single,0.25,8,2,21,confirmation,True,0.9999999999999998,1.2453386237093733,1.245338623709385,0.136208911968214,0.014897849746523409,0.136208911968214,True,False
TATAAA,single,0.25,8,2,22,confirmation,True,1.0,1.2507219641537413,1.2507219641537453,0.11725518413941366,0.010992673513070036,0.11725518413941366,True,False
TATAAA,single,0.25,8,2,23,confirmation,True,1.0,1.2507219641537413,1.2507219641537453,0.11725518413941366,0.010992673513070036,0.11725518413941366,True,False
TATAAA,single,0.25,48,1,0,discovery,True,1.0,1.2671549072869621,1.2671549072869566,0.059397886279076044,0.002784275919331689,0.059397886279076044,True,False
TATAAA,single,0.25,48,1,1,discovery,True,1.0,1.2671549072869621,1.2671549072869566,0.059397886279076044,0.002784275919331689,0.059397886279076044,True,False
TATAAA,single,0.25,48,1,2,discovery,True,1.0,1.2671549072869621,1.2671549072869566,0.059397886279076044,0.002784275919331689,0.059397886279076044,True,False
TATAAA,single,0.25,48,1,3,discovery,True,1.0,1.2671549072869621,1.2671549072869566,0.059397886279076044,0.002784275919331689,0.059397886279076044,True,False
TATAAA,single,0.25,48,1,4,discovery,True,1.0,1.2671549072869621,1.2671549072869566,0.059397886279076044,0.002784275919331689,0.059397886279076044,True,False
TATAAA,single,0.25,48,1,5,discovery,True,1.0,1.2671549072869621,1.2671549072869566,0.059397886279076044,0.002784275919331689,0.059397886279076044,True,False
TATAAA,single,0.25,48,1,6,discovery,True,1.0,1.2671549072869621,1.2671549072869566,0.059397886279076044,0.002784275919331689,0.059397886279076044,True,False
TATAAA,single,0.25,48,1,7,discovery,True,1.0,1.2671549072869621,1.2671549072869566,0.059397886279076044,0.002784275919331689,0.059397886279076044,True,False
TATAAA,single,0.25,48,1,8,discovery,True,1.0,1.2671549072869621,1.2671549072869566,0.059397886279076044,0.002784275919331689,0.059397886279076044,True,False
TATAAA,single,0.25,48,1,9,discovery,True,1.0,1.2507219641537413,1.2507219641537453,0.11725518413941366,0.010992673513070036,0.11725518413941366,True,False
TATAAA,single,0.25,48,1,10,discovery,True,1.0,1.2671549072869621,1.2671549072869566,0.059397886279076044,0.002784275919331689,0.059397886279076044,True,False
TATAAA,single,0.25,48,1,11,discovery,True,1.0,1.2671549072869621,1.2671549072869566,0.059397886279076044,0.002784275919331689,0.059397886279076044,True,False
TATAAA,single,0.25,48,1,12,confirmation,True,1.0,1.2671549072869621,1.2671549072869566,0.059397886279076044,0.002784275919331689,0.059397886279076044,True,False
TATAAA,single,0.25,48,1,13,confirmation,True,1.0,1.2671549072869621,1.2671549072869566,0.059397886279076044,0.002784275919331689,0.059397886279076044,True,False
TATAAA,single,0.25,48,1,14,confirmation,True,1.0,1.2671549072869621,1.2671549072869566,0.059397886279076044,0.002784275919331689,0.059397886279076044,True,False
TATAAA,single,0.25,48,1,15,confirmation,True,1.0,1.2671549072869621,1.2671549072869566,0.059397886279076044,0.002784275919331689,0.059397886279076044,True,False
TATAAA,single,0.25,48,1,16,confirmation,True,1.0,1.2507219641537413,1.2507219641537453,0.11725518413941366,0.010992673513070036,0.11725518413941366,True,False
TATAAA,single,0.25,48,1,17,confirmation,True,1.0,1.2671549072869621,1.2671549072869566,0.059397886279076044,0.002784275919331689,0.059397886279076044,True,False
TATAAA,single,0.25,48,1,18,confirmation,True,1.0,1.2616294891034838,1.26162948910348,0.07885184306896756,0.004928240191810473,0.07885184306896756,True,False
TATAAA,single,0.25,48,1,19,confirmation,True,1.0,1.2671549072869621,1.2671549072869566,0.059397886279076044,0.002784275919331689,0.059397886279076044,True,False
TATAAA,single,0.25,48,1,20,confirmation,True,1.0,1.2671549072869621,1.2671549072869566,0.059397886279076044,0.002784275919331689,0.059397886279076044,True,False
TATAAA,single,0.25,48,1,21,confirmation,True,1.0,1.2671549072869621,1.2671549072869566,0.059397886279076044,0.002784275919331689,0.059397886279076044,True,False
TATAAA,single,0.25,48,1,22,confirmation,True,1.0,1.2671549072869621,1.2671549072869566,0.059397886279076044,0.002784275919331689,0.059397886279076044,True,False
TATAAA,single,0.25,48,1,23,confirmation,True,1.0,1.2671549072869621,1.2671549072869566,0.059397886279076044,0.002784275919331689,0.059397886279076044,True,False
TATAAA,single,0.25,48,2,0,discovery,True,1.0,1.2507219641537413,1.2507219641537453,0.11725518413941366,0.010992673513070036,0.11725518413941366,True,False
TATAAA,single,0.25,48,2,1,discovery,True,1.0,1.2507219641537413,1.2507219641537453,0.11725518413941366,0.010992673513070036,0.11725518413941366,True,False
TATAAA,single,0.25,48,2,2,discovery,True,1.0,1.2507219641537413,1.2507219641537453,0.11725518413941366,0.010992673513070036,0.11725518413941366,True,False
TATAAA,single,0.25,48,2,3,discovery,True,1.0,1.2507219641537413,1.2507219641537453,0.11725518413941366,0.010992673513070036,0.11725518413941366,True,False
TATAAA,single,0.25,48,2,4,discovery,True,1.0,1.2507219641537413,1.2507219641537453,0.11725518413941366,0.010992673513070036,0.11725518413941366,True,False
TATAAA,single,0.25,48,2,5,discovery,True,1.0,1.2507219641537413,1.2507219641537453,0.11725518413941366,0.010992673513070036,0.11725518413941366,True,False
TATAAA,single,0.25,48,2,6,discovery,True,1.0,1.2507219641537413,1.2507219641537453,0.11725518413941366,0.010992673513070036,0.11725518413941366,True,False
TATAAA,single,0.25,48,2,7,discovery,True,1.0,1.2507219641537413,1.2507219641537453,0.11725518413941366,0.010992673513070036,0.11725518413941366,True,False
TATAAA,single,0.25,48,2,8,discovery,True,1.0,1.2507219641537413,1.2507219641537453,0.11725518413941366,0.010992673513070036,0.11725518413941366,True,False
TATAAA,single,0.25,48,2,9,discovery,True,1.0,1.2347097816563208,1.2347097816563297,0.17363106304542134,0.024416868240762384,0.17363106304542134,True,False
TATAAA,single,0.25,48,2,10,discovery,True,1.0,1.2507219641537413,1.2507219641537453,0.11725518413941366,0.010992673513070036,0.11725518413941366,True,False
TATAAA,single,0.25,48,2,11,discovery,True,0.9999999999999998,1.2453386237093733,1.245338623709385,0.136208911968214,0.014897849746523409,0.136208911968214,True,False
TATAAA,single,0.25,48,2,12,confirmation,True,1.0,1.2507219641537413,1.2507219641537453,0.11725518413941366,0.010992673513070036,0.11725518413941366,True,False
TATAAA,single,0.25,48,2,13,confirmation,True,1.0,1.2507219641537413,1.2507219641537453,0.11725518413941366,0.010992673513070036,0.11725518413941366,True,False
TATAAA,single,0.25,48,2,14,confirmation,True,1.0,1.2507219641537413,1.2507219641537453,0.11725518413941366,0.010992673513070036,0.11725518413941366,True,False
TATAAA,single,0.25,48,2,15,confirmation,True,1.0,1.2507219641537413,1.2507219641537453,0.11725518413941366,0.010992673513070036,0.11725518413941366,True,False
TATAAA,single,0.25,48,2,16,confirmation,True,1.0,1.2347097816563208,1.2347097816563297,0.17363106304542134,0.024416868240762384,0.17363106304542134,True,False
TATAAA,single,0.25,48,2,17,confirmation,True,1.0,1.2507219641537413,1.2507219641537453,0.11725518413941366,0.010992673513070036,0.11725518413941366,True,False
TATAAA,single,0.25,48,2,18,confirmation,True,0.9999999999999998,1.2453386237093733,1.245338623709385,0.136208911968214,0.014897849746523409,0.136208911968214,True,False
TATAAA,single,0.25,48,2,19,confirmation,True,1.0,1.2507219641537413,1.2507219641537453,0.11725518413941366,0.010992673513070036,0.11725518413941366,True,False
TATAAA,single,0.25,48,2,20,confirmation,True,1.0,1.2507219641537413,1.2507219641537453,0.11725518413941366,0.010992673513070036,0.11725518413941366,True,False
TATAAA,single,0.25,48,2,21,confirmation,True,1.0,1.2507219641537413,1.2507219641537453,0.11725518413941366,0.010992673513070036,0.11725518413941366,True,False
TATAAA,single,0.25,48,2,22,confirmation,True,1.0,1.2507219641537413,1.2507219641537453,0.11725518413941366,0.010992673513070036,0.11725518413941366,True,False
TATAAA,single,0.25,48,2,23,confirmation,True,1.0,1.2507219641537413,1.2507219641537453,0.11725518413941366,0.010992673513070036,0.11725518413941366,True,False
TATAAA,single,0.25,88,1,0,discovery,True,1.0,1.2671549072869621,1.2671549072869566,0.059397886279076044,0.002784275919331689,0.059397886279076044,True,False
TATAAA,single,0.25,88,1,1,discovery,True,1.0,1.2671549072869621,1.2671549072869566,0.059397886279076044,0.002784275919331689,0.059397886279076044,True,False
TATAAA,single,0.25,88,1,2,discovery,True,1.0,1.2671549072869621,1.2671549072869566,0.059397886279076044,0.002784275919331689,0.059397886279076044,True,False
TATAAA,single,0.25,88,1,3,discovery,True,1.0,1.2671549072869621,1.2671549072869566,0.059397886279076044,0.002784275919331689,0.059397886279076044,True,False
TATAAA,single,0.25,88,1,4,discovery,True,1.0,1.2671549072869621,1.2671549072869566,0.059397886279076044,0.002784275919331689,0.059397886279076044,True,False
TATAAA,single,0.25,88,1,5,discovery,True,1.0,1.2616294891034838,1.2616294891034825,0.07885184306896756,0.004928240191810474,0.07885184306896756,True,False
TATAAA,single,0.25,88,1,6,discovery,True,1.0,1.2671549072869621,1.2671549072869566,0.059397886279076044,0.002784275919331689,0.059397886279076044,True,False
TATAAA,single,0.25,88,1,7,discovery,True,1.0,1.2671549072869621,1.2671549072869566,0.059397886279076044,0.002784275919331689,0.059397886279076044,True,False
TATAAA,single,0.25,88,1,8,discovery,True,1.0,1.2671549072869621,1.2671549072869566,0.059397886279076044,0.002784275919331689,0.059397886279076044,True,False
TATAAA,single,0.25,88,1,9,discovery,True,1.0,1.2507219641537413,1.2507219641537453,0.11725518413941366,0.010992673513070036,0.11725518413941366,True,False
TATAAA,single,0.25,88,1,10,discovery,True,1.0,1.2671549072869621,1.2671549072869566,0.059397886279076044,0.002784275919331689,0.059397886279076044,True,False
TATAAA,single,0.25,88,1,11,discovery,True,1.0,1.2671549072869621,1.2671549072869566,0.059397886279076044,0.002784275919331689,0.059397886279076044,True,False
TATAAA,single,0.25,88,1,12,confirmation,True,1.0,1.2671549072869621,1.2671549072869566,0.059397886279076044,0.002784275919331689,0.059397886279076044,True,False
TATAAA,single,0.25,88,1,13,confirmation,True,1.0,1.2671549072869621,1.2671549072869566,0.059397886279076044,0.002784275919331689,0.059397886279076044,True,False
TATAAA,single,0.25,88,1,14,confirmation,True,1.0,1.2671549072869621,1.2671549072869566,0.059397886279076044,0.002784275919331689,0.059397886279076044,True,False
TATAAA,single,0.25,88,1,15,confirmation,True,1.0,1.2671549072869621,1.2671549072869566,0.059397886279076044,0.002784275919331689,0.059397886279076044,True,False
TATAAA,single,0.25,88,1,16,confirmation,True,1.0,1.2507219641537413,1.2507219641537453,0.11725518413941366,0.010992673513070036,0.11725518413941366,True,False
TATAAA,single,0.25,88,1,17,confirmation,True,1.0,1.2671549072869621,1.2671549072869566,0.059397886279076044,0.002784275919331689,0.059397886279076044,True,False
TATAAA,single,0.25,88,1,18,confirmation,True,1.0,1.2671549072869621,1.2671549072869566,0.059397886279076044,0.002784275919331689,0.059397886279076044,True,False
TATAAA,single,0.25,88,1,19,confirmation,True,1.0,1.2671549072869621,1.2671549072869566,0.059397886279076044,0.002784275919331689,0.059397886279076044,True,False
TATAAA,single,0.25,88,1,20,confirmation,True,1.0,1.2671549072869621,1.2671549072869566,0.059397886279076044,0.002784275919331689,0.059397886279076044,True,False
TATAAA,single,0.25,88,1,21,confirmation,True,1.0,1.2671549072869621,1.2671549072869566,0.059397886279076044,0.002784275919331689,0.059397886279076044,True,False
TATAAA,single,0.25,88,1,22,confirmation,True,1.0,1.2671549072869621,1.2671549072869566,0.059397886279076044,0.002784275919331689,0.059397886279076044,True,False
TATAAA,single,0.25,88,1,23,confirmation,True,1.0,1.2671549072869621,1.2671549072869566,0.059397886279076044,0.002784275919331689,0.059397886279076044,True,False
TATAAA,single,0.25,88,2,0,discovery,True,1.0,1.2507219641537415,1.2507219641537455,0.11725518413941377,0.01099267351307004,0.11725518413941377,True,False
TATAAA,single,0.25,88,2,1,discovery,True,1.0,1.2507219641537415,1.2507219641537455,0.11725518413941377,0.01099267351307004,0.11725518413941377,True,False
TATAAA,single,0.25,88,2,2,discovery,True,1.0,1.2507219641537415,1.2507219641537455,0.11725518413941377,0.01099267351307004,0.11725518413941377,True,False
TATAAA,single,0.25,88,2,3,discovery,True,1.0,1.2507219641537415,1.2507219641537455,0.11725518413941377,0.01099267351307004,0.11725518413941377,True,False
TATAAA,single,0.25,88,2,4,discovery,True,1.0,1.2507219641537415,1.2507219641537455,0.11725518413941377,0.01099267351307004,0.11725518413941377,True,False
TATAAA,single,0.25,88,2,5,discovery,True,0.9999999999999998,1.2453386237093733,1.245338623709385,0.1362089119682141,0.014897849746523412,0.1362089119682141,True,False
TATAAA,single,0.25,88,2,6,discovery,True,1.0,1.2507219641537415,1.2507219641537455,0.11725518413941377,0.01099267351307004,0.11725518413941377,True,False
TATAAA,single,0.25,88,2,7,discovery,True,1.0,1.2507219641537415,1.2507219641537455,0.11725518413941377,0.01099267351307004,0.11725518413941377,True,False
TATAAA,single,0.25,88,2,8,discovery,True,1.0,1.2507219641537415,1.2507219641537455,0.11725518413941377,0.01099267351307004,0.11725518413941377,True,False
TATAAA,single,0.25,88,2,9,discovery,True,1.0,1.2347097816563208,1.2347097816563297,0.17363106304542134,0.024416868240762384,0.17363106304542134,True,False
TATAAA,single,0.25,88,2,10,discovery,True,1.0,1.2507219641537415,1.2507219641537455,0.11725518413941377,0.01099267351307004,0.11725518413941377,True,False
TATAAA,single,0.25,88,2,11,discovery,True,1.0,1.2507219641537415,1.2507219641537455,0.11725518413941377,0.01099267351307004,0.11725518413941377,True,False
TATAAA,single,0.25,88,2,12,confirmation,True,1.0,1.2507219641537415,1.2507219641537455,0.11725518413941377,0.01099267351307004,0.11725518413941377,True,False
TATAAA,single,0.25,88,2,13,confirmation,True,1.0,1.2507219641537415,1.2507219641537455,0.11725518413941377,0.01099267351307004,0.11725518413941377,True,False
TATAAA,single,0.25,88,2,14,confirmation,True,1.0,1.2507219641537415,1.2507219641537455,0.11725518413941377,0.01099267351307004,0.11725518413941377,True,False
TATAAA,single,0.25,88,2,15,confirmation,True,1.0,1.2507219641537415,1.2507219641537455,0.11725518413941377,0.01099267351307004,0.11725518413941377,True,False
TATAAA,single,0.25,88,2,16,confirmation,True,1.0,1.2347097816563208,1.2347097816563297,0.17363106304542134,0.02441686824076238,0.17363106304542134,True,False
TATAAA,single,0.25,88,2,17,confirmation,True,0.9999999999999998,1.2453386237093733,1.245338623709385,0.1362089119682141,0.014897849746523412,0.1362089119682141,True,False
TATAAA,single,0.25,88,2,18,confirmation,True,1.0,1.2507219641537415,1.2507219641537455,0.11725518413941377,0.01099267351307004,0.11725518413941377,True,False
TATAAA,single,0.25,88,2,19,confirmation,True,1.0,1.2507219641537415,1.2507219641537455,0.11725518413941377,0.01099267351307004,0.11725518413941377,True,False
TATAAA,single,0.25,88,2,20,confirmation,True,0.9999999999999998,1.2453386237093733,1.245338623709385,0.1362089119682141,0.014897849746523412,0.1362089119682141,True,False
TATAAA,single,0.25,88,2,21,confirmation,True,1.0,1.2507219641537415,1.2507219641537455,0.11725518413941377,0.01099267351307004,0.11725518413941377,True,False
TATAAA,single,0.25,88,2,22,confirmation,True,1.0,1.2507219641537415,1.2507219641537455,0.11725518413941377,0.01099267351307004,0.11725518413941377,True,False
TATAAA,single,0.25,88,2,23,confirmation,True,1.0,1.2507219641537415,1.2507219641537455,0.11725518413941377,0.01099267351307004,0.11725518413941377,True,False
TATAAA,single,1.0,8,1,0,discovery,True,1.0,2.5156593988509997,2.515659398851016,0.11792153432114148,0.005527571921303505,0.11792153432114148,True,True
TATAAA,single,1.0,8,1,1,discovery,True,1.0,2.5156593988509997,2.515659398851016,0.11792153432114148,0.005527571921303505,0.11792153432114148,True,True
TATAAA,single,1.0,8,1,2,discovery,True,1.0,2.5156593988509997,2.515659398851016,0.11792153432114148,0.005527571921303505,0.11792153432114148,True,True
TATAAA,single,1.0,8,1,3,discovery,True,1.0,2.5156593988509997,2.515659398851016,0.11792153432114148,0.005527571921303505,0.11792153432114148,True,True
TATAAA,single,1.0,8,1,4,discovery,True,1.0,2.5156593988509997,2.515659398851016,0.11792153432114148,0.005527571921303505,0.11792153432114148,True,True
TATAAA,single,1.0,8,1,5,discovery,True,1.0,2.5156593988509997,2.515659398851016,0.11792153432114148,0.005527571921303505,0.11792153432114148,True,True
TATAAA,single,1.0,8,1,6,discovery,True,1.0,2.5156593988509997,2.515659398851016,0.11792153432114148,0.005527571921303505,0.11792153432114148,True,True
TATAAA,single,1.0,8,1,7,discovery,True,1.0,2.5156593988509997,2.515659398851016,0.11792153432114148,0.005527571921303505,0.11792153432114148,True,True
TATAAA,single,1.0,8,1,8,discovery,True,1.0,2.5156593988509997,2.515659398851016,0.11792153432114148,0.005527571921303505,0.11792153432114148,True,True
TATAAA,single,1.0,8,1,9,discovery,True,1.0,2.5156593988509997,2.515659398851016,0.11792153432114148,0.005527571921303505,0.11792153432114148,True,True
TATAAA,single,1.0,8,1,10,discovery,True,1.0,2.5156593988509997,2.515659398851016,0.11792153432114148,0.005527571921303505,0.11792153432114148,True,True
TATAAA,single,1.0,8,1,11,discovery,True,1.0,2.5156593988509997,2.515659398851016,0.11792153432114148,0.005527571921303505,0.11792153432114148,True,True
TATAAA,single,1.0,8,1,12,confirmation,True,1.0,2.5156593988509997,2.515659398851016,0.11792153432114148,0.005527571921303505,0.11792153432114148,True,True
TATAAA,single,1.0,8,1,13,confirmation,True,1.0,2.5156593988509997,2.515659398851016,0.11792153432114148,0.005527571921303505,0.11792153432114148,True,True
TATAAA,single,1.0,8,1,14,confirmation,True,1.0,2.5156593988509997,2.515659398851016,0.11792153432114148,0.005527571921303505,0.11792153432114148,True,True
TATAAA,single,1.0,8,1,15,confirmation,True,1.0,2.5156593988509997,2.515659398851016,0.11792153432114148,0.005527571921303505,0.11792153432114148,True,True
TATAAA,single,1.0,8,1,16,confirmation,True,1.0,2.341148708179244,2.3411487081792255,0.21948269139180232,0.02057650231798147,0.21948269139180232,True,True
TATAAA,single,1.0,8,1,17,confirmation,True,1.0,2.5156593988509997,2.515659398851016,0.11792153432114148,0.005527571921303505,0.11792153432114148,True,True
TATAAA,single,1.0,8,1,18,confirmation,True,1.0,2.4546685551353824,2.454668555135363,0.15341678469596015,0.009588549043497508,0.15341678469596015,True,True
TATAAA,single,1.0,8,1,19,confirmation,True,1.0,2.5156593988509997,2.515659398851016,0.11792153432114148,0.005527571921303505,0.11792153432114148,True,True
TATAAA,single,1.0,8,1,20,confirmation,True,1.0,2.5156593988509997,2.515659398851016,0.11792153432114148,0.005527571921303505,0.11792153432114148,True,True
TATAAA,single,1.0,8,1,21,confirmation,True,1.0,2.4546685551353824,2.454668555135363,0.15341678469596015,0.009588549043497508,0.15341678469596015,True,True
TATAAA,single,1.0,8,1,22,confirmation,True,1.0,2.5156593988509997,2.515659398851016,0.11792153432114148,0.005527571921303505,0.11792153432114148,True,True
TATAAA,single,1.0,8,1,23,confirmation,True,1.0,2.5156593988509997,2.515659398851016,0.11792153432114148,0.005527571921303505,0.11792153432114148,True,True
TATAAA,single,1.0,8,2,0,discovery,True,1.0,2.341148708179244,2.3411487081792255,0.21948269139180232,0.02057650231798147,0.21948269139180232,True,True
TATAAA,single,1.0,8,2,1,discovery,True,1.0,2.341148708179244,2.3411487081792255,0.21948269139180232,0.02057650231798147,0.21948269139180232,True,True
TATAAA,single,1.0,8,2,2,discovery,True,1.0,2.341148708179244,2.3411487081792255,0.21948269139180232,0.02057650231798147,0.21948269139180232,True,True
TATAAA,single,1.0,8,2,3,discovery,True,1.0,2.341148708179244,2.3411487081792255,0.21948269139180232,0.02057650231798147,0.21948269139180232,True,True
TATAAA,single,1.0,8,2,4,discovery,True,1.0,2.341148708179244,2.3411487081792255,0.21948269139180232,0.02057650231798147,0.21948269139180232,True,True
TATAAA,single,1.0,8,2,5,discovery,True,1.0,2.341148708179244,2.3411487081792255,0.21948269139180232,0.02057650231798147,0.21948269139180232,True,True
TATAAA,single,1.0,8,2,6,discovery,True,1.0,2.341148708179244,2.3411487081792255,0.21948269139180232,0.02057650231798147,0.21948269139180232,True,True
TATAAA,single,1.0,8,2,7,discovery,True,1.0,2.341148708179244,2.3411487081792255,0.21948269139180232,0.02057650231798147,0.21948269139180232,True,True
TATAAA,single,1.0,8,2,8,discovery,True,1.0,2.341148708179244,2.3411487081792255,0.21948269139180232,0.02057650231798147,0.21948269139180232,True,True
TATAAA,single,1.0,8,2,9,discovery,True,1.0,2.341148708179244,2.3411487081792255,0.21948269139180232,0.02057650231798147,0.21948269139180232,True,True
TATAAA,single,1.0,8,2,10,discovery,True,1.0,2.341148708179244,2.3411487081792255,0.21948269139180232,0.02057650231798147,0.21948269139180232,True,True
TATAAA,single,1.0,8,2,11,discovery,True,1.0,2.341148708179244,2.3411487081792255,0.21948269139180232,0.02057650231798147,0.21948269139180232,True,True
TATAAA,single,1.0,8,2,12,confirmation,True,1.0,2.341148708179244,2.3411487081792255,0.21948269139180232,0.02057650231798147,0.21948269139180232,True,True
TATAAA,single,1.0,8,2,13,confirmation,True,1.0,2.341148708179244,2.3411487081792255,0.21948269139180232,0.02057650231798147,0.21948269139180232,True,True
TATAAA,single,1.0,8,2,14,confirmation,True,1.0,2.341148708179244,2.3411487081792255,0.21948269139180232,0.02057650231798147,0.21948269139180232,True,True
TATAAA,single,1.0,8,2,15,confirmation,True,1.0,2.341148708179244,2.3411487081792255,0.21948269139180232,0.02057650231798147,0.21948269139180232,True,True
TATAAA,single,1.0,8,2,16,confirmation,True,1.0,2.1892789510880806,2.1892789510880655,0.3078673524967594,0.04329384644485679,0.3078673524967594,True,True
TATAAA,single,1.0,8,2,17,confirmation,True,1.0,2.341148708179244,2.3411487081792255,0.21948269139180232,0.02057650231798147,0.21948269139180232,True,True
TATAAA,single,1.0,8,2,18,confirmation,True,1.0,2.341148708179244,2.3411487081792255,0.21948269139180232,0.02057650231798147,0.21948269139180232,True,True
TATAAA,single,1.0,8,2,19,confirmation,True,1.0,2.341148708179244,2.3411487081792255,0.21948269139180232,0.02057650231798147,0.21948269139180232,True,True
TATAAA,single,1.0,8,2,20,confirmation,True,1.0,2.341148708179244,2.3411487081792255,0.21948269139180232,0.02057650231798147,0.21948269139180232,True,True
TATAAA,single,1.0,8,2,21,confirmation,True,0.9999999999999998,2.2882372186987827,2.288237218698787,0.2502759457951797,0.02737393157134778,0.2502759457951797,True,True
TATAAA,single,1.0,8,2,22,confirmation,True,1.0,2.341148708179244,2.3411487081792255,0.21948269139180232,0.02057650231798147,0.21948269139180232,True,True
TATAAA,single,1.0,8,2,23,confirmation,True,1.0,2.341148708179244,2.3411487081792255,0.21948269139180232,0.02057650231798147,0.21948269139180232,True,True
TATAAA,single,1.0,48,1,0,discovery,True,1.0,2.5156593988509997,2.515659398851016,0.11792153432114148,0.005527571921303505,0.11792153432114148,True,True
TATAAA,single,1.0,48,1,1,discovery,True,1.0,2.5156593988509997,2.515659398851016,0.11792153432114148,0.005527571921303505,0.11792153432114148,True,True
TATAAA,single,1.0,48,1,2,discovery,True,1.0,2.5156593988509997,2.515659398851016,0.11792153432114148,0.005527571921303505,0.11792153432114148,True,True
TATAAA,single,1.0,48,1,3,discovery,True,1.0,2.5156593988509997,2.515659398851016,0.11792153432114148,0.005527571921303505,0.11792153432114148,True,True
TATAAA,single,1.0,48,1,4,discovery,True,1.0,2.5156593988509997,2.515659398851016,0.11792153432114148,0.005527571921303505,0.11792153432114148,True,True
TATAAA,single,1.0,48,1,5,discovery,True,1.0,2.5156593988509997,2.515659398851016,0.11792153432114148,0.005527571921303505,0.11792153432114148,True,True
TATAAA,single,1.0,48,1,6,discovery,True,1.0,2.5156593988509997,2.515659398851016,0.11792153432114148,0.005527571921303505,0.11792153432114148,True,True
TATAAA,single,1.0,48,1,7,discovery,True,1.0,2.5156593988509997,2.515659398851016,0.11792153432114148,0.005527571921303505,0.11792153432114148,True,True
TATAAA,single,1.0,48,1,8,discovery,True,1.0,2.5156593988509997,2.515659398851016,0.11792153432114148,0.005527571921303505,0.11792153432114148,True,True
TATAAA,single,1.0,48,1,9,discovery,True,1.0,2.341148708179244,2.3411487081792255,0.21948269139180232,0.02057650231798147,0.21948269139180232,True,True
TATAAA,single,1.0,48,1,10,discovery,True,1.0,2.5156593988509997,2.515659398851016,0.11792153432114148,0.005527571921303505,0.11792153432114148,True,True
TATAAA,single,1.0,48,1,11,discovery,True,1.0,2.5156593988509997,2.515659398851016,0.11792153432114148,0.005527571921303505,0.11792153432114148,True,True
TATAAA,single,1.0,48,1,12,confirmation,True,1.0,2.5156593988509997,2.515659398851016,0.11792153432114148,0.005527571921303505,0.11792153432114148,True,True
TATAAA,single,1.0,48,1,13,confirmation,True,1.0,2.5156593988509997,2.515659398851016,0.11792153432114148,0.005527571921303505,0.11792153432114148,True,True
TATAAA,single,1.0,48,1,14,confirmation,True,1.0,2.5156593988509997,2.515659398851016,0.11792153432114148,0.005527571921303505,0.11792153432114148,True,True
TATAAA,single,1.0,48,1,15,confirmation,True,1.0,2.5156593988509997,2.515659398851016,0.11792153432114148,0.005527571921303505,0.11792153432114148,True,True
TATAAA,single,1.0,48,1,16,confirmation,True,1.0,2.341148708179244,2.3411487081792255,0.21948269139180232,0.02057650231798147,0.21948269139180232,True,True
TATAAA,single,1.0,48,1,17,confirmation,True,1.0,2.5156593988509997,2.515659398851016,0.11792153432114148,0.005527571921303505,0.11792153432114148,True,True
TATAAA,single,1.0,48,1,18,confirmation,True,1.0,2.4546685551353824,2.454668555135363,0.15341678469596015,0.009588549043497508,0.15341678469596015,True,True
TATAAA,single,1.0,48,1,19,confirmation,True,1.0,2.5156593988509997,2.515659398851016,0.11792153432114148,0.005527571921303505,0.11792153432114148,True,True
TATAAA,single,1.0,48,1,20,confirmation,True,1.0,2.5156593988509997,2.515659398851016,0.11792153432114148,0.005527571921303505,0.11792153432114148,True,True
TATAAA,single,1.0,48,1,21,confirmation,True,1.0,2.5156593988509997,2.515659398851016,0.11792153432114148,0.005527571921303505,0.11792153432114148,True,True
TATAAA,single,1.0,48,1,22,confirmation,True,1.0,2.5156593988509997,2.515659398851016,0.11792153432114148,0.005527571921303505,0.11792153432114148,True,True
TATAAA,single,1.0,48,1,23,confirmation,True,1.0,2.5156593988509997,2.515659398851016,0.11792153432114148,0.005527571921303505,0.11792153432114148,True,True
TATAAA,single,1.0,48,2,0,discovery,True,1.0,2.341148708179244,2.3411487081792255,0.21948269139180232,0.02057650231798147,0.21948269139180232,True,True
TATAAA,single,1.0,48,2,1,discovery,True,1.0,2.341148708179244,2.3411487081792255,0.21948269139180232,0.02057650231798147,0.21948269139180232,True,True
TATAAA,single,1.0,48,2,2,discovery,True,1.0,2.341148708179244,2.3411487081792255,0.21948269139180232,0.02057650231798147,0.21948269139180232,True,True
TATAAA,single,1.0,48,2,3,discovery,True,1.0,2.341148708179244,2.3411487081792255,0.21948269139180232,0.02057650231798147,0.21948269139180232,True,True
TATAAA,single,1.0,48,2,4,discovery,True,1.0,2.341148708179244,2.3411487081792255,0.21948269139180232,0.02057650231798147,0.21948269139180232,True,True
TATAAA,single,1.0,48,2,5,discovery,True,1.0,2.341148708179244,2.3411487081792255,0.21948269139180232,0.02057650231798147,0.21948269139180232,True,True
TATAAA,single,1.0,48,2,6,discovery,True,1.0,2.341148708179244,2.3411487081792255,0.21948269139180232,0.02057650231798147,0.21948269139180232,True,True
TATAAA,single,1.0,48,2,7,discovery,True,1.0,2.341148708179244,2.3411487081792255,0.21948269139180232,0.02057650231798147,0.21948269139180232,True,True
TATAAA,single,1.0,48,2,8,discovery,True,1.0,2.341148708179244,2.3411487081792255,0.21948269139180232,0.02057650231798147,0.21948269139180232,True,True
TATAAA,single,1.0,48,2,9,discovery,True,1.0,2.1892789510880806,2.1892789510880664,0.30786735249675956,0.043293846444856794,0.30786735249675956,True,True
TATAAA,single,1.0,48,2,10,discovery,True,1.0,2.341148708179244,2.3411487081792255,0.21948269139180232,0.02057650231798147,0.21948269139180232,True,True
TATAAA,single,1.0,48,2,11,discovery,True,0.9999999999999998,2.2882372186987827,2.288237218698787,0.25027594579517976,0.027373931571347786,0.25027594579517976,True,True
TATAAA,single,1.0,48,2,12,confirmation,True,1.0,2.341148708179244,2.3411487081792255,0.21948269139180232,0.02057650231798147,0.21948269139180232,True,True
TATAAA,single,1.0,48,2,13,confirmation,True,1.0,2.341148708179244,2.3411487081792255,0.21948269139180232,0.02057650231798147,0.21948269139180232,True,True
TATAAA,single,1.0,48,2,14,confirmation,True,1.0,2.341148708179244,2.3411487081792255,0.21948269139180232,0.02057650231798147,0.21948269139180232,True,True
TATAAA,single,1.0,48,2,15,confirmation,True,1.0,2.341148708179244,2.3411487081792255,0.21948269139180232,0.02057650231798147,0.21948269139180232,True,True
TATAAA,single,1.0,48,2,16,confirmation,True,1.0,2.1892789510880806,2.1892789510880664,0.30786735249675956,0.0432938464448568,0.30786735249675956,True,True
TATAAA,single,1.0,48,2,17,confirmation,True,1.0,2.341148708179244,2.3411487081792255,0.21948269139180232,0.02057650231798147,0.21948269139180232,True,True
TATAAA,single,1.0,48,2,18,confirmation,True,0.9999999999999998,2.2882372186987827,2.288237218698787,0.2502759457951797,0.02737393157134778,0.2502759457951797,True,True
TATAAA,single,1.0,48,2,19,confirmation,True,1.0,2.341148708179244,2.3411487081792255,0.21948269139180232,0.02057650231798147,0.21948269139180232,True,True
TATAAA,single,1.0,48,2,20,confirmation,True,1.0,2.341148708179244,2.3411487081792255,0.21948269139180232,0.02057650231798147,0.21948269139180232,True,True
TATAAA,single,1.0,48,2,21,confirmation,True,1.0,2.341148708179244,2.3411487081792255,0.21948269139180232,0.02057650231798147,0.21948269139180232,True,True
TATAAA,single,1.0,48,2,22,confirmation,True,1.0,2.341148708179244,2.3411487081792255,0.21948269139180232,0.02057650231798147,0.21948269139180232,True,True
TATAAA,single,1.0,48,2,23,confirmation,True,1.0,2.341148708179244,2.3411487081792255,0.21948269139180232,0.02057650231798147,0.21948269139180232,True,True
TATAAA,single,1.0,88,1,0,discovery,True,1.0,2.5156593988509997,2.515659398851016,0.11792153432114148,0.005527571921303505,0.11792153432114148,True,True
TATAAA,single,1.0,88,1,1,discovery,True,1.0,2.5156593988509997,2.515659398851016,0.11792153432114148,0.005527571921303505,0.11792153432114148,True,True
TATAAA,single,1.0,88,1,2,discovery,True,1.0,2.5156593988509997,2.515659398851016,0.11792153432114148,0.005527571921303505,0.11792153432114148,True,True
TATAAA,single,1.0,88,1,3,discovery,True,1.0,2.5156593988509997,2.515659398851016,0.11792153432114148,0.005527571921303505,0.11792153432114148,True,True
TATAAA,single,1.0,88,1,4,discovery,True,1.0,2.5156593988509997,2.515659398851016,0.11792153432114148,0.005527571921303505,0.11792153432114148,True,True
TATAAA,single,1.0,88,1,5,discovery,True,1.0,2.454668555135383,2.454668555135363,0.15341678469596018,0.00958854904349751,0.15341678469596018,True,True
TATAAA,single,1.0,88,1,6,discovery,True,1.0,2.5156593988509997,2.515659398851016,0.11792153432114148,0.005527571921303505,0.11792153432114148,True,True
TATAAA,single,1.0,88,1,7,discovery,True,1.0,2.5156593988509997,2.515659398851016,0.11792153432114148,0.005527571921303505,0.11792153432114148,True,True
TATAAA,single,1.0,88,1,8,discovery,True,1.0,2.5156593988509997,2.515659398851016,0.11792153432114148,0.005527571921303505,0.11792153432114148,True,True
TATAAA,single,1.0,88,1,9,discovery,True,1.0,2.341148708179244,2.341148708179226,0.2194826913918025,0.020576502317981478,0.2194826913918025,True,True
TATAAA,single,1.0,88,1,10,discovery,True,1.0,2.5156593988509997,2.515659398851016,0.11792153432114148,0.005527571921303505,0.11792153432114148,True,True
TATAAA,single,1.0,88,1,11,discovery,True,1.0,2.5156593988509997,2.515659398851016,0.11792153432114148,0.005527571921303505,0.11792153432114148,True,True
TATAAA,single,1.0,88,1,12,confirmation,True,1.0,2.5156593988509997,2.515659398851016,0.11792153432114148,0.005527571921303505,0.11792153432114148,True,True
TATAAA,single,1.0,88,1,13,confirmation,True,1.0,2.5156593988509997,2.515659398851016,0.11792153432114148,0.005527571921303505,0.11792153432114148,True,True
TATAAA,single,1.0,88,1,14,confirmation,True,1.0,2.5156593988509997,2.515659398851016,0.11792153432114148,0.005527571921303505,0.11792153432114148,True,True
TATAAA,single,1.0,88,1,15,confirmation,True,1.0,2.5156593988509997,2.515659398851016,0.11792153432114148,0.005527571921303505,0.11792153432114148,True,True
TATAAA,single,1.0,88,1,16,confirmation,True,1.0,2.341148708179244,2.3411487081792255,0.21948269139180232,0.02057650231798147,0.21948269139180232,True,True
TATAAA,single,1.0,88,1,17,confirmation,True,1.0,2.5156593988509997,2.515659398851016,0.11792153432114148,0.005527571921303505,0.11792153432114148,True,True
TATAAA,single,1.0,88,1,18,confirmation,True,1.0,2.5156593988509997,2.515659398851016,0.11792153432114148,0.005527571921303505,0.11792153432114148,True,True
TATAAA,single,1.0,88,1,19,confirmation,True,1.0,2.5156593988509997,2.515659398851016,0.11792153432114148,0.005527571921303505,0.11792153432114148,True,True
TATAAA,single,1.0,88,1,20,confirmation,True,1.0,2.5156593988509997,2.515659398851016,0.11792153432114148,0.005527571921303505,0.11792153432114148,True,True
TATAAA,single,1.0,88,1,21,confirmation,True,1.0,2.5156593988509997,2.515659398851016,0.11792153432114148,0.005527571921303505,0.11792153432114148,True,True
TATAAA,single,1.0,88,1,22,confirmation,True,1.0,2.5156593988509997,2.515659398851016,0.11792153432114148,0.005527571921303505,0.11792153432114148,True,True
TATAAA,single,1.0,88,1,23,confirmation,True,1.0,2.5156593988509997,2.515659398851016,0.11792153432114148,0.005527571921303505,0.11792153432114148,True,True
TATAAA,single,1.0,88,2,0,discovery,True,1.0,2.341148708179244,2.341148708179226,0.2194826913918025,0.020576502317981478,0.2194826913918025,True,True
TATAAA,single,1.0,88,2,1,discovery,True,1.0,2.341148708179244,2.341148708179226,0.2194826913918025,0.020576502317981478,0.2194826913918025,True,True
TATAAA,single,1.0,88,2,2,discovery,True,1.0,2.341148708179244,2.341148708179226,0.2194826913918025,0.020576502317981478,0.2194826913918025,True,True
TATAAA,single,1.0,88,2,3,discovery,True,1.0,2.341148708179244,2.341148708179226,0.2194826913918025,0.020576502317981478,0.2194826913918025,True,True
TATAAA,single,1.0,88,2,4,discovery,True,1.0,2.341148708179244,2.341148708179226,0.2194826913918025,0.020576502317981478,0.2194826913918025,True,True
TATAAA,single,1.0,88,2,5,discovery,True,0.9999999999999998,2.2882372186987827,2.288237218698787,0.25027594579517976,0.027373931571347786,0.25027594579517976,True,True
TATAAA,single,1.0,88,2,6,discovery,True,1.0,2.341148708179244,2.341148708179226,0.2194826913918025,0.020576502317981478,0.2194826913918025,True,True
TATAAA,single,1.0,88,2,7,discovery,True,1.0,2.341148708179244,2.341148708179226,0.2194826913918025,0.020576502317981478,0.2194826913918025,True,True
TATAAA,single,1.0,88,2,8,discovery,True,1.0,2.341148708179244,2.341148708179226,0.2194826913918025,0.020576502317981478,0.2194826913918025,True,True
TATAAA,single,1.0,88,2,9,discovery,True,1.0,2.1892789510880806,2.1892789510880664,0.30786735249675956,0.0432938464448568,0.30786735249675956,True,True
TATAAA,single,1.0,88,2,10,discovery,True,1.0,2.341148708179244,2.341148708179226,0.2194826913918025,0.020576502317981478,0.2194826913918025,True,True
TATAAA,single,1.0,88,2,11,discovery,True,1.0,2.341148708179244,2.341148708179226,0.2194826913918025,0.020576502317981478,0.2194826913918025,True,True
TATAAA,single,1.0,88,2,12,confirmation,True,1.0,2.341148708179244,2.341148708179226,0.2194826913918025,0.020576502317981478,0.2194826913918025,True,True
TATAAA,single,1.0,88,2,13,confirmation,True,1.0,2.341148708179244,2.341148708179226,0.2194826913918025,0.020576502317981478,0.2194826913918025,True,True
TATAAA,single,1.0,88,2,14,confirmation,True,1.0,2.341148708179244,2.341148708179226,0.2194826913918025,0.020576502317981478,0.2194826913918025,True,True
TATAAA,single,1.0,88,2,15,confirmation,True,1.0,2.341148708179244,2.341148708179226,0.2194826913918025,0.020576502317981478,0.2194826913918025,True,True
TATAAA,single,1.0,88,2,16,confirmation,True,1.0,2.1892789510880806,2.1892789510880664,0.30786735249675956,0.0432938464448568,0.30786735249675956,True,True
TATAAA,single,1.0,88,2,17,confirmation,True,0.9999999999999998,2.2882372186987827,2.288237218698787,0.25027594579517976,0.027373931571347786,0.25027594579517976,True,True
TATAAA,single,1.0,88,2,18,confirmation,True,1.0,2.341148708179244,2.341148708179226,0.2194826913918025,0.020576502317981478,0.2194826913918025,True,True
TATAAA,single,1.0,88,2,19,confirmation,True,1.0,2.341148708179244,2.341148708179226,0.2194826913918025,0.020576502317981478,0.2194826913918025,True,True
TATAAA,single,1.0,88,2,20,confirmation,True,0.9999999999999998,2.2882372186987827,2.288237218698787,0.25027594579517976,0.027373931571347786,0.25027594579517976,True,True
TATAAA,single,1.0,88,2,21,confirmation,True,1.0,2.341148708179244,2.341148708179226,0.2194826913918025,0.020576502317981478,0.2194826913918025,True,True
TATAAA,single,1.0,88,2,22,confirmation,True,1.0,2.341148708179244,2.341148708179226,0.2194826913918025,0.020576502317981478,0.2194826913918025,True,True
TATAAA,single,1.0,88,2,23,confirmation,True,1.0,2.341148708179244,2.341148708179226,0.2194826913918025,0.020576502317981478,0.2194826913918025,True,True
TATAAA,single,4.0,8,1,0,discovery,True,1.0,15.544341066141051,15.544341066141156,0.7286409874753664,0.0341550462879078,0.7286409874753664,True,True
TATAAA,single,4.0,8,1,1,discovery,True,1.0,15.544341066141051,15.544341066141156,0.7286409874753664,0.0341550462879078,0.7286409874753664,True,True
TATAAA,single,4.0,8,1,2,discovery,True,1.0,15.544341066141051,15.544341066141156,0.7286409874753664,0.0341550462879078,0.7286409874753664,True,True
TATAAA,single,4.0,8,1,3,discovery,True,1.0,15.544341066141051,15.544341066141156,0.7286409874753664,0.0341550462879078,0.7286409874753664,True,True
TATAAA,single,4.0,8,1,4,discovery,True,1.0,15.544341066141051,15.544341066141156,0.7286409874753664,0.0341550462879078,0.7286409874753664,True,True
TATAAA,single,4.0,8,1,5,discovery,True,1.0,15.544341066141051,15.544341066141156,0.7286409874753664,0.0341550462879078,0.7286409874753664,True,True
TATAAA,single,4.0,8,1,6,discovery,True,1.0,15.544341066141051,15.544341066141156,0.7286409874753664,0.0341550462879078,0.7286409874753664,True,True
TATAAA,single,4.0,8,1,7,discovery,True,1.0,15.544341066141051,15.544341066141156,0.7286409874753664,0.0341550462879078,0.7286409874753664,True,True
TATAAA,single,4.0,8,1,8,discovery,True,1.0,15.544341066141051,15.544341066141156,0.7286409874753664,0.0341550462879078,0.7286409874753664,True,True
TATAAA,single,4.0,8,1,9,discovery,True,1.0,15.544341066141051,15.544341066141156,0.7286409874753664,0.0341550462879078,0.7286409874753664,True,True
TATAAA,single,4.0,8,1,10,discovery,True,1.0,15.544341066141051,15.544341066141156,0.7286409874753664,0.0341550462879078,0.7286409874753664,True,True
TATAAA,single,4.0,8,1,11,discovery,True,1.0,15.544341066141051,15.544341066141156,0.7286409874753664,0.0341550462879078,0.7286409874753664,True,True
TATAAA,single,4.0,8,1,12,confirmation,True,1.0,15.544341066141051,15.544341066141156,0.7286409874753664,0.0341550462879078,0.7286409874753664,True,True
TATAAA,single,4.0,8,1,13,confirmation,True,1.0,15.544341066141051,15.544341066141156,0.7286409874753664,0.0341550462879078,0.7286409874753664,True,True
TATAAA,single,4.0,8,1,14,confirmation,True,1.0,15.544341066141051,15.544341066141156,0.7286409874753664,0.0341550462879078,0.7286409874753664,True,True
TATAAA,single,4.0,8,1,15,confirmation,True,1.0,15.544341066141051,15.544341066141156,0.7286409874753664,0.0341550462879078,0.7286409874753664,True,True
TATAAA,single,4.0,8,1,16,confirmation,True,1.0,9.062194477898755,9.062194477898801,0.8495807323030126,0.07964819365340745,0.8495807323030126,True,True
TATAAA,single,4.0,8,1,17,confirmation,True,1.0,15.544341066141051,15.544341066141156,0.7286409874753664,0.0341550462879078,0.7286409874753664,True,True
TATAAA,single,4.0,8,1,18,confirmation,True,1.0,12.551632480379032,12.551632480379036,0.7844770300236907,0.04902981437648066,0.7844770300236907,True,True
TATAAA,single,4.0,8,1,19,confirmation,True,1.0,15.544341066141051,15.544341066141156,0.7286409874753664,0.0341550462879078,0.7286409874753664,True,True
TATAAA,single,4.0,8,1,20,confirmation,True,1.0,15.544341066141051,15.544341066141156,0.7286409874753664,0.0341550462879078,0.7286409874753664,True,True
TATAAA,single,4.0,8,1,21,confirmation,True,1.0,12.551632480379032,12.551632480379036,0.7844770300236907,0.04902981437648066,0.7844770300236907,True,True
TATAAA,single,4.0,8,1,22,confirmation,True,1.0,15.544341066141051,15.544341066141156,0.7286409874753664,0.0341550462879078,0.7286409874753664,True,True
TATAAA,single,4.0,8,1,23,confirmation,True,1.0,15.544341066141051,15.544341066141156,0.7286409874753664,0.0341550462879078,0.7286409874753664,True,True
TATAAA,single,4.0,8,2,0,discovery,True,1.0,9.062194477898755,9.062194477898801,0.8495807323030126,0.07964819365340745,0.8495807323030126,True,True
TATAAA,single,4.0,8,2,1,discovery,True,1.0,9.062194477898755,9.062194477898801,0.8495807323030126,0.07964819365340745,0.8495807323030126,True,True
TATAAA,single,4.0,8,2,2,discovery,True,1.0,9.062194477898755,9.062194477898801,0.8495807323030126,0.07964819365340745,0.8495807323030126,True,True
TATAAA,single,4.0,8,2,3,discovery,True,1.0,9.062194477898755,9.062194477898801,0.8495807323030126,0.07964819365340745,0.8495807323030126,True,True
TATAAA,single,4.0,8,2,4,discovery,True,1.0,9.062194477898755,9.062194477898801,0.8495807323030126,0.07964819365340745,0.8495807323030126,True,True
TATAAA,single,4.0,8,2,5,discovery,True,1.0,9.062194477898755,9.062194477898801,0.8495807323030126,0.07964819365340745,0.8495807323030126,True,True
TATAAA,single,4.0,8,2,6,discovery,True,1.0,9.062194477898755,9.062194477898801,0.8495807323030126,0.07964819365340745,0.8495807323030126,True,True
TATAAA,single,4.0,8,2,7,discovery,True,1.0,9.062194477898755,9.062194477898801,0.8495807323030126,0.07964819365340745,0.8495807323030126,True,True
TATAAA,single,4.0,8,2,8,discovery,True,1.0,9.062194477898755,9.062194477898801,0.8495807323030126,0.07964819365340745,0.8495807323030126,True,True
TATAAA,single,4.0,8,2,9,discovery,True,1.0,9.062194477898755,9.062194477898801,0.8495807323030126,0.07964819365340745,0.8495807323030126,True,True
TATAAA,single,4.0,8,2,10,discovery,True,1.0,9.062194477898755,9.062194477898801,0.8495807323030126,0.07964819365340745,0.8495807323030126,True,True
TATAAA,single,4.0,8,2,11,discovery,True,1.0,9.062194477898755,9.062194477898801,0.8495807323030126,0.07964819365340745,0.8495807323030126,True,True
TATAAA,single,4.0,8,2,12,confirmation,True,1.0,9.062194477898755,9.062194477898801,0.8495807323030126,0.07964819365340745,0.8495807323030126,True,True
TATAAA,single,4.0,8,2,13,confirmation,True,1.0,9.062194477898755,9.062194477898801,0.8495807323030126,0.07964819365340745,0.8495807323030126,True,True
TATAAA,single,4.0,8,2,14,confirmation,True,1.0,9.062194477898755,9.062194477898801,0.8495807323030126,0.07964819365340745,0.8495807323030126,True,True
TATAAA,single,4.0,8,2,15,confirmation,True,1.0,9.062194477898755,9.062194477898801,0.8495807323030126,0.07964819365340745,0.8495807323030126,True,True
TATAAA,single,4.0,8,2,16,confirmation,True,1.0,6.395292975551912,6.395292975551921,0.8993380746869889,0.12646941675285778,0.8993380746869889,True,True
TATAAA,single,4.0,8,2,17,confirmation,True,1.0,9.062194477898755,9.062194477898801,0.8495807323030126,0.07964819365340745,0.8495807323030126,True,True
TATAAA,single,4.0,8,2,18,confirmation,True,1.0,9.062194477898755,9.062194477898801,0.8495807323030126,0.07964819365340745,0.8495807323030126,True,True
TATAAA,single,4.0,8,2,19,confirmation,True,1.0,9.062194477898755,9.062194477898801,0.8495807323030126,0.07964819365340745,0.8495807323030126,True,True
TATAAA,single,4.0,8,2,20,confirmation,True,1.0,9.062194477898755,9.062194477898801,0.8495807323030126,0.07964819365340745,0.8495807323030126,True,True
TATAAA,single,4.0,8,2,21,confirmation,True,0.9999999999999998,7.9562491659881145,7.956249165988165,0.8702147525299556,0.09517973855796391,0.8702147525299556,True,True
TATAAA,single,4.0,8,2,22,confirmation,True,1.0,9.062194477898755,9.062194477898801,0.8495807323030126,0.07964819365340745,0.8495807323030126,True,True
TATAAA,single,4.0,8,2,23,confirmation,True,1.0,9.062194477898755,9.062194477898801,0.8495807323030126,0.07964819365340745,0.8495807323030126,True,True
TATAAA,single,4.0,48,1,0,discovery,True,1.0,15.544341066141051,15.544341066141156,0.7286409874753664,0.0341550462879078,0.7286409874753664,True,True
TATAAA,single,4.0,48,1,1,discovery,True,1.0,15.544341066141051,15.544341066141156,0.7286409874753664,0.0341550462879078,0.7286409874753664,True,True
TATAAA,single,4.0,48,1,2,discovery,True,1.0,15.544341066141051,15.544341066141156,0.7286409874753664,0.0341550462879078,0.7286409874753664,True,True
TATAAA,single,4.0,48,1,3,discovery,True,1.0,15.544341066141051,15.544341066141156,0.7286409874753664,0.0341550462879078,0.7286409874753664,True,True
TATAAA,single,4.0,48,1,4,discovery,True,1.0,15.544341066141051,15.544341066141156,0.7286409874753664,0.0341550462879078,0.7286409874753664,True,True
TATAAA,single,4.0,48,1,5,discovery,True,1.0,15.544341066141051,15.544341066141156,0.7286409874753664,0.0341550462879078,0.7286409874753664,True,True
TATAAA,single,4.0,48,1,6,discovery,True,1.0,15.544341066141051,15.544341066141156,0.7286409874753664,0.0341550462879078,0.7286409874753664,True,True
TATAAA,single,4.0,48,1,7,discovery,True,1.0,15.544341066141051,15.544341066141156,0.7286409874753664,0.0341550462879078,0.7286409874753664,True,True
TATAAA,single,4.0,48,1,8,discovery,True,1.0,15.544341066141051,15.544341066141156,0.7286409874753664,0.0341550462879078,0.7286409874753664,True,True
TATAAA,single,4.0,48,1,9,discovery,True,1.0,9.062194477898755,9.062194477898801,0.8495807323030126,0.07964819365340745,0.8495807323030126,True,True
TATAAA,single,4.0,48,1,10,discovery,True,1.0,15.544341066141051,15.544341066141156,0.7286409874753664,0.0341550462879078,0.7286409874753664,True,True
TATAAA,single,4.0,48,1,11,discovery,True,1.0,15.544341066141051,15.544341066141156,0.7286409874753664,0.0341550462879078,0.7286409874753664,True,True
TATAAA,single,4.0,48,1,12,confirmation,True,1.0,15.544341066141051,15.544341066141156,0.7286409874753664,0.0341550462879078,0.7286409874753664,True,True
TATAAA,single,4.0,48,1,13,confirmation,True,1.0,15.544341066141051,15.544341066141156,0.7286409874753664,0.0341550462879078,0.7286409874753664,True,True
TATAAA,single,4.0,48,1,14,confirmation,True,1.0,15.544341066141051,15.544341066141156,0.7286409874753664,0.0341550462879078,0.7286409874753664,True,True
TATAAA,single,4.0,48,1,15,confirmation,True,1.0,15.544341066141051,15.544341066141156,0.7286409874753664,0.0341550462879078,0.7286409874753664,True,True
TATAAA,single,4.0,48,1,16,confirmation,True,1.0,9.062194477898755,9.062194477898801,0.8495807323030126,0.07964819365340745,0.8495807323030126,True,True
TATAAA,single,4.0,48,1,17,confirmation,True,1.0,15.544341066141051,15.544341066141156,0.7286409874753664,0.0341550462879078,0.7286409874753664,True,True
TATAAA,single,4.0,48,1,18,confirmation,True,1.0,12.551632480379032,12.551632480379055,0.7844770300236908,0.04902981437648067,0.7844770300236908,True,True
TATAAA,single,4.0,48,1,19,confirmation,True,1.0,15.544341066141051,15.544341066141156,0.7286409874753664,0.0341550462879078,0.7286409874753664,True,True
TATAAA,single,4.0,48,1,20,confirmation,True,1.0,15.544341066141051,15.544341066141156,0.7286409874753664,0.0341550462879078,0.7286409874753664,True,True
TATAAA,single,4.0,48,1,21,confirmation,True,1.0,15.544341066141051,15.544341066141156,0.7286409874753664,0.0341550462879078,0.7286409874753664,True,True
TATAAA,single,4.0,48,1,22,confirmation,True,1.0,15.544341066141051,15.544341066141156,0.7286409874753664,0.0341550462879078,0.7286409874753664,True,True
TATAAA,single,4.0,48,1,23,confirmation,True,1.0,15.544341066141051,15.544341066141156,0.7286409874753664,0.0341550462879078,0.7286409874753664,True,True
TATAAA,single,4.0,48,2,0,discovery,True,1.0,9.062194477898755,9.062194477898801,0.8495807323030126,0.07964819365340745,0.8495807323030126,True,True
TATAAA,single,4.0,48,2,1,discovery,True,1.0,9.062194477898755,9.062194477898801,0.8495807323030126,0.07964819365340745,0.8495807323030126,True,True
TATAAA,single,4.0,48,2,2,discovery,True,1.0,9.062194477898755,9.062194477898801,0.8495807323030126,0.07964819365340745,0.8495807323030126,True,True
TATAAA,single,4.0,48,2,3,discovery,True,1.0,9.062194477898755,9.062194477898801,0.8495807323030126,0.07964819365340745,0.8495807323030126,True,True
TATAAA,single,4.0,48,2,4,discovery,True,1.0,9.062194477898755,9.062194477898801,0.8495807323030126,0.07964819365340745,0.8495807323030126,True,True
TATAAA,single,4.0,48,2,5,discovery,True,1.0,9.062194477898755,9.062194477898801,0.8495807323030126,0.07964819365340745,0.8495807323030126,True,True
TATAAA,single,4.0,48,2,6,discovery,True,1.0,9.062194477898755,9.062194477898801,0.8495807323030126,0.07964819365340745,0.8495807323030126,True,True
TATAAA,single,4.0,48,2,7,discovery,True,1.0,9.062194477898755,9.062194477898801,0.8495807323030126,0.07964819365340745,0.8495807323030126,True,True
TATAAA,single,4.0,48,2,8,discovery,True,1.0,9.062194477898755,9.062194477898801,0.8495807323030126,0.07964819365340745,0.8495807323030126,True,True
TATAAA,single,4.0,48,2,9,discovery,True,1.0,6.395292975551912,6.395292975551921,0.8993380746869891,0.12646941675285783,0.8993380746869891,True,True
TATAAA,single,4.0,48,2,10,discovery,True,1.0,9.062194477898755,9.062194477898801,0.8495807323030126,0.07964819365340745,0.8495807323030126,True,True
TATAAA,single,4.0,48,2,11,discovery,True,0.9999999999999998,7.9562491659881145,7.956249165988165,0.8702147525299556,0.09517973855796391,0.8702147525299556,True,True
TATAAA,single,4.0,48,2,12,confirmation,True,1.0,9.062194477898755,9.062194477898801,0.8495807323030126,0.07964819365340745,0.8495807323030126,True,True
TATAAA,single,4.0,48,2,13,confirmation,True,1.0,9.062194477898755,9.062194477898801,0.8495807323030126,0.07964819365340745,0.8495807323030126,True,True
TATAAA,single,4.0,48,2,14,confirmation,True,1.0,9.062194477898755,9.062194477898801,0.8495807323030126,0.07964819365340745,0.8495807323030126,True,True
TATAAA,single,4.0,48,2,15,confirmation,True,1.0,9.062194477898755,9.062194477898801,0.8495807323030126,0.07964819365340745,0.8495807323030126,True,True
TATAAA,single,4.0,48,2,16,confirmation,True,1.0,6.395292975551912,6.395292975551921,0.8993380746869889,0.12646941675285778,0.8993380746869889,True,True
TATAAA,single,4.0,48,2,17,confirmation,True,1.0,9.062194477898755,9.062194477898801,0.8495807323030126,0.07964819365340745,0.8495807323030126,True,True
TATAAA,single,4.0,48,2,18,confirmation,True,0.9999999999999998,7.9562491659881145,7.956249165988165,0.8702147525299556,0.09517973855796391,0.8702147525299556,True,True
TATAAA,single,4.0,48,2,19,confirmation,True,1.0,9.062194477898755,9.062194477898801,0.8495807323030126,0.07964819365340745,0.8495807323030126,True,True
TATAAA,single,4.0,48,2,20,confirmation,True,1.0,9.062194477898755,9.062194477898801,0.8495807323030126,0.07964819365340745,0.8495807323030126,True,True
TATAAA,single,4.0,48,2,21,confirmation,True,1.0,9.062194477898755,9.062194477898801,0.8495807323030126,0.07964819365340745,0.8495807323030126,True,True
TATAAA,single,4.0,48,2,22,confirmation,True,1.0,9.062194477898755,9.062194477898801,0.8495807323030126,0.07964819365340745,0.8495807323030126,True,True
TATAAA,single,4.0,48,2,23,confirmation,True,1.0,9.062194477898755,9.062194477898801,0.8495807323030126,0.07964819365340745,0.8495807323030126,True,True
TATAAA,single,4.0,88,1,0,discovery,True,1.0,15.54434106614106,15.544341066141158,0.7286409874753671,0.034155046287907824,0.7286409874753671,True,True
TATAAA,single,4.0,88,1,1,discovery,True,1.0,15.54434106614106,15.544341066141158,0.7286409874753671,0.034155046287907824,0.7286409874753671,True,True
TATAAA,single,4.0,88,1,2,discovery,True,1.0,15.54434106614106,15.544341066141158,0.7286409874753671,0.034155046287907824,0.7286409874753671,True,True
TATAAA,single,4.0,88,1,3,discovery,True,1.0,15.54434106614106,15.544341066141158,0.7286409874753671,0.034155046287907824,0.7286409874753671,True,True
TATAAA,single,4.0,88,1,4,discovery,True,1.0,15.54434106614106,15.544341066141158,0.7286409874753671,0.034155046287907824,0.7286409874753671,True,True
TATAAA,single,4.0,88,1,5,discovery,True,1.0,12.551632480379032,12.551632480379055,0.7844770300236908,0.04902981437648068,0.7844770300236908,True,True
TATAAA,single,4.0,88,1,6,discovery,True,1.0,15.54434106614106,15.544341066141158,0.7286409874753671,0.034155046287907824,0.7286409874753671,True,True
TATAAA,single,4.0,88,1,7,discovery,True,1.0,15.54434106614106,15.544341066141158,0.7286409874753671,0.034155046287907824,0.7286409874753671,True,True
TATAAA,single,4.0,88,1,8,discovery,True,1.0,15.54434106614106,15.544341066141158,0.7286409874753671,0.034155046287907824,0.7286409874753671,True,True
TATAAA,single,4.0,88,1,9,discovery,True,1.0,9.062194477898755,9.062194477898801,0.8495807323030126,0.07964819365340745,0.8495807323030126,True,True
TATAAA,single,4.0,88,1,10,discovery,True,1.0,15.54434106614106,15.544341066141158,0.7286409874753671,0.034155046287907824,0.7286409874753671,True,True
TATAAA,single,4.0,88,1,11,discovery,True,1.0,15.54434106614106,15.544341066141158,0.7286409874753671,0.034155046287907824,0.7286409874753671,True,True
TATAAA,single,4.0,88,1,12,confirmation,True,1.0,15.54434106614106,15.544341066141158,0.7286409874753671,0.034155046287907824,0.7286409874753671,True,True
TATAAA,single,4.0,88,1,13,confirmation,True,1.0,15.54434106614106,15.544341066141158,0.7286409874753671,0.034155046287907824,0.7286409874753671,True,True
TATAAA,single,4.0,88,1,14,confirmation,True,1.0,15.54434106614106,15.544341066141158,0.7286409874753671,0.034155046287907824,0.7286409874753671,True,True
TATAAA,single,4.0,88,1,15,confirmation,True,1.0,15.54434106614106,15.544341066141158,0.7286409874753671,0.034155046287907824,0.7286409874753671,True,True
TATAAA,single,4.0,88,1,16,confirmation,True,1.0,9.062194477898755,9.062194477898801,0.8495807323030126,0.07964819365340745,0.8495807323030126,True,True
TATAAA,single,4.0,88,1,17,confirmation,True,1.0,15.54434106614106,15.544341066141158,0.7286409874753671,0.034155046287907824,0.7286409874753671,True,True
TATAAA,single,4.0,88,1,18,confirmation,True,1.0,15.54434106614106,15.544341066141158,0.7286409874753671,0.034155046287907824,0.7286409874753671,True,True
TATAAA,single,4.0,88,1,19,confirmation,True,1.0,15.54434106614106,15.544341066141158,0.7286409874753671,0.034155046287907824,0.7286409874753671,True,True
TATAAA,single,4.0,88,1,20,confirmation,True,1.0,15.54434106614106,15.544341066141158,0.7286409874753671,0.034155046287907824,0.7286409874753671,True,True
TATAAA,single,4.0,88,1,21,confirmation,True,1.0,15.54434106614106,15.544341066141158,0.7286409874753671,0.034155046287907824,0.7286409874753671,True,True
TATAAA,single,4.0,88,1,22,confirmation,True,1.0,15.54434106614106,15.544341066141158,0.7286409874753671,0.034155046287907824,0.7286409874753671,True,True
TATAAA,single,4.0,88,1,23,confirmation,True,1.0,15.54434106614106,15.544341066141158,0.7286409874753671,0.034155046287907824,0.7286409874753671,True,True
TATAAA,single,4.0,88,2,0,discovery,True,1.0,9.062194477898755,9.062194477898801,0.8495807323030126,0.07964819365340745,0.8495807323030126,True,True
TATAAA,single,4.0,88,2,1,discovery,True,1.0,9.062194477898755,9.062194477898801,0.8495807323030126,0.07964819365340745,0.8495807323030126,True,True
TATAAA,single,4.0,88,2,2,discovery,True,1.0,9.062194477898755,9.062194477898801,0.8495807323030126,0.07964819365340745,0.8495807323030126,True,True
TATAAA,single,4.0,88,2,3,discovery,True,1.0,9.062194477898755,9.062194477898801,0.8495807323030126,0.07964819365340745,0.8495807323030126,True,True
TATAAA,single,4.0,88,2,4,discovery,True,1.0,9.062194477898755,9.062194477898801,0.8495807323030126,0.07964819365340745,0.8495807323030126,True,True
TATAAA,single,4.0,88,2,5,discovery,True,0.9999999999999998,7.9562491659881145,7.956249165988165,0.8702147525299556,0.09517973855796391,0.8702147525299556,True,True
TATAAA,single,4.0,88,2,6,discovery,True,1.0,9.062194477898755,9.062194477898801,0.8495807323030126,0.07964819365340745,0.8495807323030126,True,True
TATAAA,single,4.0,88,2,7,discovery,True,1.0,9.062194477898755,9.062194477898801,0.8495807323030126,0.07964819365340745,0.8495807323030126,True,True
TATAAA,single,4.0,88,2,8,discovery,True,1.0,9.062194477898755,9.062194477898801,0.8495807323030126,0.07964819365340745,0.8495807323030126,True,True
TATAAA,single,4.0,88,2,9,discovery,True,1.0,6.395292975551912,6.395292975551921,0.8993380746869891,0.12646941675285783,0.8993380746869891,True,True
TATAAA,single,4.0,88,2,10,discovery,True,1.0,9.062194477898755,9.062194477898801,0.8495807323030126,0.07964819365340745,0.8495807323030126,True,True
TATAAA,single,4.0,88,2,11,discovery,True,1.0,9.062194477898755,9.062194477898801,0.8495807323030126,0.07964819365340745,0.8495807323030126,True,True
TATAAA,single,4.0,88,2,12,confirmation,True,1.0,9.062194477898755,9.062194477898801,0.8495807323030126,0.07964819365340745,0.8495807323030126,True,True
TATAAA,single,4.0,88,2,13,confirmation,True,1.0,9.062194477898755,9.062194477898801,0.8495807323030126,0.07964819365340745,0.8495807323030126,True,True
TATAAA,single,4.0,88,2,14,confirmation,True,1.0,9.062194477898755,9.062194477898801,0.8495807323030126,0.07964819365340745,0.8495807323030126,True,True
TATAAA,single,4.0,88,2,15,confirmation,True,1.0,9.062194477898755,9.062194477898801,0.8495807323030126,0.07964819365340745,0.8495807323030126,True,True
TATAAA,single,4.0,88,2,16,confirmation,True,1.0,6.395292975551912,6.395292975551921,0.8993380746869891,0.1264694167528578,0.8993380746869891,True,True
TATAAA,single,4.0,88,2,17,confirmation,True,0.9999999999999998,7.9562491659881145,7.956249165988165,0.8702147525299556,0.09517973855796391,0.8702147525299556,True,True
TATAAA,single,4.0,88,2,18,confirmation,True,1.0,9.062194477898755,9.062194477898801,0.8495807323030126,0.07964819365340745,0.8495807323030126,True,True
TATAAA,single,4.0,88,2,19,confirmation,True,1.0,9.062194477898755,9.062194477898801,0.8495807323030126,0.07964819365340745,0.8495807323030126,True,True
TATAAA,single,4.0,88,2,20,confirmation,True,0.9999999999999998,7.9562491659881145,7.956249165988165,0.8702147525299556,0.09517973855796391,0.8702147525299556,True,True
TATAAA,single,4.0,88,2,21,confirmation,True,1.0,9.062194477898755,9.062194477898801,0.8495807323030126,0.07964819365340745,0.8495807323030126,True,True
TATAAA,single,4.0,88,2,22,confirmation,True,1.0,9.062194477898755,9.062194477898801,0.8495807323030126,0.07964819365340745,0.8495807323030126,True,True
TATAAA,single,4.0,88,2,23,confirmation,True,1.0,9.062194477898755,9.062194477898801,0.8495807323030126,0.07964819365340745,0.8495807323030126,True,True
TATAAA,query_specific,0.25,8,1,0,discovery,True,1.0,1.0020871477131794,1.0000000000000002,0.05939788627907604,0.0,0.05939788627907604,True,False
TATAAA,query_specific,0.25,8,1,1,discovery,True,1.0,1.0020871477131794,1.0000000000000002,0.05939788627907604,0.0,0.05939788627907604,True,False
TATAAA,query_specific,0.25,8,1,2,discovery,True,1.0,1.0020871477131794,1.0000000000000002,0.05939788627907604,0.0,0.05939788627907604,True,False
TATAAA,query_specific,0.25,8,1,3,discovery,True,1.0,1.0020871477131794,1.0000000000000002,0.05939788627907604,0.0,0.05939788627907604,True,False
TATAAA,query_specific,0.25,8,1,4,discovery,True,1.0,1.0020871477131794,1.0000000000000002,0.05939788627907604,0.0,0.05939788627907604,True,False
TATAAA,query_specific,0.25,8,1,5,discovery,True,1.0,1.0020871477131794,1.0000000000000002,0.05939788627907604,0.0,0.05939788627907604,True,False
TATAAA,query_specific,0.25,8,1,6,discovery,True,1.0,1.0020871477131794,1.0000000000000002,0.05939788627907604,0.0,0.05939788627907604,True,False
TATAAA,query_specific,0.25,8,1,7,discovery,True,1.0,1.0020871477131794,1.0000000000000002,0.05939788627907604,0.0,0.05939788627907604,True,False
TATAAA,query_specific,0.25,8,1,8,discovery,True,1.0,1.0020871477131794,1.0000000000000002,0.05939788627907604,0.0,0.05939788627907604,True,False
TATAAA,query_specific,0.25,8,1,9,discovery,True,1.0,1.0020871477131794,1.0000000000000002,0.05939788627907604,0.0,0.05939788627907604,True,False
TATAAA,query_specific,0.25,8,1,10,discovery,True,1.0,1.0020871477131794,1.0000000000000002,0.05939788627907604,0.0,0.05939788627907604,True,False
TATAAA,query_specific,0.25,8,1,11,discovery,True,1.0,1.0020871477131794,1.0000000000000002,0.05939788627907604,0.0,0.05939788627907604,True,False
TATAAA,query_specific,0.25,8,1,12,confirmation,True,1.0,1.0020871477131794,1.0000000000000002,0.05939788627907604,0.0,0.05939788627907604,True,False
TATAAA,query_specific,0.25,8,1,13,confirmation,True,1.0,1.0020871477131794,1.0000000000000002,0.05939788627907604,0.0,0.05939788627907604,True,False
TATAAA,query_specific,0.25,8,1,14,confirmation,True,1.0,1.0020871477131794,1.0000000000000002,0.05939788627907604,0.0,0.05939788627907604,True,False
TATAAA,query_specific,0.25,8,1,15,confirmation,True,1.0,1.0020871477131794,1.0000000000000002,0.05939788627907604,0.0,0.05939788627907604,True,False
TATAAA,query_specific,0.25,8,1,16,confirmation,True,1.0,1.001958765344951,1.0000000000000002,0.11725518413941372,0.0,0.11725518413941372,True,False
TATAAA,query_specific,0.25,8,1,17,confirmation,True,1.0,1.0020871477131794,1.0000000000000002,0.05939788627907604,0.0,0.05939788627907604,True,False
TATAAA,query_specific,0.25,8,1,18,confirmation,True,1.0,1.002043980383621,1.0000000000000002,0.07885184306896757,0.0,0.07885184306896757,True,False
TATAAA,query_specific,0.25,8,1,19,confirmation,True,1.0,1.0020871477131794,1.0000000000000002,0.05939788627907604,0.0,0.05939788627907604,True,False
TATAAA,query_specific,0.25,8,1,20,confirmation,True,1.0,1.0020871477131794,1.0000000000000002,0.05939788627907604,0.0,0.05939788627907604,True,False
TATAAA,query_specific,0.25,8,1,21,confirmation,True,1.0,1.002043980383621,1.0000000000000002,0.07885184306896757,0.0,0.07885184306896757,True,False
TATAAA,query_specific,0.25,8,1,22,confirmation,True,1.0,1.0020871477131794,1.0000000000000002,0.05939788627907604,0.0,0.05939788627907604,True,False
TATAAA,query_specific,0.25,8,1,23,confirmation,True,1.0,1.0020871477131794,1.0000000000000002,0.05939788627907604,0.0,0.05939788627907604,True,False
TATAAA,query_specific,0.25,8,2,0,discovery,True,1.0,1.001958765344951,1.0000000000000002,0.11725518413941372,0.0,0.11725518413941372,True,False
TATAAA,query_specific,0.25,8,2,1,discovery,True,1.0,1.001958765344951,1.0000000000000002,0.11725518413941372,0.0,0.11725518413941372,True,False
TATAAA,query_specific,0.25,8,2,2,discovery,True,1.0,1.001958765344951,1.0000000000000002,0.11725518413941372,0.0,0.11725518413941372,True,False
TATAAA,query_specific,0.25,8,2,3,discovery,True,1.0,1.001958765344951,1.0000000000000002,0.11725518413941372,0.0,0.11725518413941372,True,False
TATAAA,query_specific,0.25,8,2,4,discovery,True,1.0,1.001958765344951,1.0000000000000002,0.11725518413941372,0.0,0.11725518413941372,True,False
TATAAA,query_specific,0.25,8,2,5,discovery,True,1.0,1.001958765344951,1.0000000000000002,0.11725518413941372,0.0,0.11725518413941372,True,False
TATAAA,query_specific,0.25,8,2,6,discovery,True,1.0,1.001958765344951,1.0000000000000002,0.11725518413941372,0.0,0.11725518413941372,True,False
TATAAA,query_specific,0.25,8,2,7,discovery,True,1.0,1.001958765344951,1.0000000000000002,0.11725518413941372,0.0,0.11725518413941372,True,False
TATAAA,query_specific,0.25,8,2,8,discovery,True,1.0,1.001958765344951,1.0000000000000002,0.11725518413941372,0.0,0.11725518413941372,True,False
TATAAA,query_specific,0.25,8,2,9,discovery,True,1.0,1.001958765344951,1.0000000000000002,0.11725518413941372,0.0,0.11725518413941372,True,False
TATAAA,query_specific,0.25,8,2,10,discovery,True,1.0,1.001958765344951,1.0000000000000002,0.11725518413941372,0.0,0.11725518413941372,True,False
TATAAA,query_specific,0.25,8,2,11,discovery,True,1.0,1.001958765344951,1.0000000000000002,0.11725518413941372,0.0,0.11725518413941372,True,False
TATAAA,query_specific,0.25,8,2,12,confirmation,True,1.0,1.001958765344951,1.0000000000000002,0.11725518413941372,0.0,0.11725518413941372,True,False
TATAAA,query_specific,0.25,8,2,13,confirmation,True,1.0,1.001958765344951,1.0000000000000002,0.11725518413941372,0.0,0.11725518413941372,True,False
TATAAA,query_specific,0.25,8,2,14,confirmation,True,1.0,1.001958765344951,1.0000000000000002,0.11725518413941372,0.0,0.11725518413941372,True,False
TATAAA,query_specific,0.25,8,2,15,confirmation,True,1.0,1.001958765344951,1.0000000000000002,0.11725518413941372,0.0,0.11725518413941372,True,False
TATAAA,query_specific,0.25,8,2,16,confirmation,True,1.0,1.00183367016919,1.0000000000000002,0.17363106304542136,0.0,0.17363106304542136,True,False
TATAAA,query_specific,0.25,8,2,17,confirmation,True,1.0,1.001958765344951,1.0000000000000002,0.11725518413941372,0.0,0.11725518413941372,True,False
TATAAA,query_specific,0.25,8,2,18,confirmation,True,1.0,1.001958765344951,1.0000000000000002,0.11725518413941372,0.0,0.11725518413941372,True,False
TATAAA,query_specific,0.25,8,2,19,confirmation,True,1.0,1.001958765344951,1.0000000000000002,0.11725518413941372,0.0,0.11725518413941372,True,False
TATAAA,query_specific,0.25,8,2,20,confirmation,True,1.0,1.001958765344951,1.0000000000000002,0.11725518413941372,0.0,0.11725518413941372,True,False
TATAAA,query_specific,0.25,8,2,21,confirmation,True,0.9999999999999998,1.0019167079977294,1.0000000000000002,0.13620891196821402,0.0,0.13620891196821402,True,False
TATAAA,query_specific,0.25,8,2,22,confirmation,True,1.0,1.001958765344951,1.0000000000000002,0.11725518413941372,0.0,0.11725518413941372,True,False
TATAAA,query_specific,0.25,8,2,23,confirmation,True,1.0,1.001958765344951,1.0000000000000002,0.11725518413941372,0.0,0.11725518413941372,True,False
TATAAA,query_specific,0.25,48,1,0,discovery,True,1.0,1.0020871477131794,1.0000000000000002,0.05939788627907604,0.0,0.05939788627907604,True,False
TATAAA,query_specific,0.25,48,1,1,discovery,True,1.0,1.0020871477131794,1.0000000000000002,0.05939788627907604,0.0,0.05939788627907604,True,False
TATAAA,query_specific,0.25,48,1,2,discovery,True,1.0,1.0020871477131794,1.0000000000000002,0.05939788627907604,0.0,0.05939788627907604,True,False
TATAAA,query_specific,0.25,48,1,3,discovery,True,1.0,1.0020871477131794,1.0000000000000002,0.05939788627907604,0.0,0.05939788627907604,True,False
TATAAA,query_specific,0.25,48,1,4,discovery,True,1.0,1.0020871477131794,1.0000000000000002,0.05939788627907604,0.0,0.05939788627907604,True,False
TATAAA,query_specific,0.25,48,1,5,discovery,True,1.0,1.0020871477131794,1.0000000000000002,0.05939788627907604,0.0,0.05939788627907604,True,False
TATAAA,query_specific,0.25,48,1,6,discovery,True,1.0,1.0020871477131794,1.0000000000000002,0.05939788627907604,0.0,0.05939788627907604,True,False
TATAAA,query_specific,0.25,48,1,7,discovery,True,1.0,1.0020871477131794,1.0000000000000002,0.05939788627907604,0.0,0.05939788627907604,True,False
TATAAA,query_specific,0.25,48,1,8,discovery,True,1.0,1.0020871477131794,1.0000000000000002,0.05939788627907604,0.0,0.05939788627907604,True,False
TATAAA,query_specific,0.25,48,1,9,discovery,True,1.0,1.001958765344951,1.0000000000000002,0.11725518413941372,0.0,0.11725518413941372,True,False
TATAAA,query_specific,0.25,48,1,10,discovery,True,1.0,1.0020871477131794,1.0000000000000002,0.05939788627907604,0.0,0.05939788627907604,True,False
TATAAA,query_specific,0.25,48,1,11,discovery,True,1.0,1.0020871477131794,1.0000000000000002,0.05939788627907604,0.0,0.05939788627907604,True,False
TATAAA,query_specific,0.25,48,1,12,confirmation,True,1.0,1.0020871477131794,1.0000000000000002,0.05939788627907604,0.0,0.05939788627907604,True,False
TATAAA,query_specific,0.25,48,1,13,confirmation,True,1.0,1.0020871477131794,1.0000000000000002,0.05939788627907604,0.0,0.05939788627907604,True,False
TATAAA,query_specific,0.25,48,1,14,confirmation,True,1.0,1.0020871477131794,1.0000000000000002,0.05939788627907604,0.0,0.05939788627907604,True,False
TATAAA,query_specific,0.25,48,1,15,confirmation,True,1.0,1.0020871477131794,1.0000000000000002,0.05939788627907604,0.0,0.05939788627907604,True,False
TATAAA,query_specific,0.25,48,1,16,confirmation,True,1.0,1.001958765344951,1.0000000000000002,0.11725518413941372,0.0,0.11725518413941372,True,False
TATAAA,query_specific,0.25,48,1,17,confirmation,True,1.0,1.0020871477131794,1.0000000000000002,0.05939788627907604,0.0,0.05939788627907604,True,False
TATAAA,query_specific,0.25,48,1,18,confirmation,True,1.0,1.002043980383621,1.0000000000000002,0.07885184306896757,0.0,0.07885184306896757,True,False
TATAAA,query_specific,0.25,48,1,19,confirmation,True,1.0,1.0020871477131794,1.0000000000000002,0.05939788627907604,0.0,0.05939788627907604,True,False
TATAAA,query_specific,0.25,48,1,20,confirmation,True,1.0,1.0020871477131794,1.0000000000000002,0.05939788627907604,0.0,0.05939788627907604,True,False
TATAAA,query_specific,0.25,48,1,21,confirmation,True,1.0,1.0020871477131794,1.0000000000000002,0.05939788627907604,0.0,0.05939788627907604,True,False
TATAAA,query_specific,0.25,48,1,22,confirmation,True,1.0,1.0020871477131794,1.0000000000000002,0.05939788627907604,0.0,0.05939788627907604,True,False
TATAAA,query_specific,0.25,48,1,23,confirmation,True,1.0,1.0020871477131794,1.0000000000000002,0.05939788627907604,0.0,0.05939788627907604,True,False
TATAAA,query_specific,0.25,48,2,0,discovery,True,1.0,1.001958765344951,1.0000000000000002,0.11725518413941372,0.0,0.11725518413941372,True,False
TATAAA,query_specific,0.25,48,2,1,discovery,True,1.0,1.001958765344951,1.0000000000000002,0.11725518413941372,0.0,0.11725518413941372,True,False
TATAAA,query_specific,0.25,48,2,2,discovery,True,1.0,1.001958765344951,1.0000000000000002,0.11725518413941372,0.0,0.11725518413941372,True,False
TATAAA,query_specific,0.25,48,2,3,discovery,True,1.0,1.001958765344951,1.0000000000000002,0.11725518413941372,0.0,0.11725518413941372,True,False
TATAAA,query_specific,0.25,48,2,4,discovery,True,1.0,1.001958765344951,1.0000000000000002,0.11725518413941372,0.0,0.11725518413941372,True,False
TATAAA,query_specific,0.25,48,2,5,discovery,True,1.0,1.001958765344951,1.0000000000000002,0.11725518413941372,0.0,0.11725518413941372,True,False
TATAAA,query_specific,0.25,48,2,6,discovery,True,1.0,1.001958765344951,1.0000000000000002,0.11725518413941372,0.0,0.11725518413941372,True,False
TATAAA,query_specific,0.25,48,2,7,discovery,True,1.0,1.001958765344951,1.0000000000000002,0.11725518413941372,0.0,0.11725518413941372,True,False
TATAAA,query_specific,0.25,48,2,8,discovery,True,1.0,1.001958765344951,1.0000000000000002,0.11725518413941372,0.0,0.11725518413941372,True,False
TATAAA,query_specific,0.25,48,2,9,discovery,True,1.0,1.00183367016919,1.0000000000000002,0.1736310630454214,0.0,0.1736310630454214,True,False
TATAAA,query_specific,0.25,48,2,10,discovery,True,1.0,1.001958765344951,1.0000000000000002,0.11725518413941372,0.0,0.11725518413941372,True,False
TATAAA,query_specific,0.25,48,2,11,discovery,True,0.9999999999999998,1.0019167079977294,1.0000000000000002,0.13620891196821402,0.0,0.13620891196821402,True,False
TATAAA,query_specific,0.25,48,2,12,confirmation,True,1.0,1.001958765344951,1.0000000000000002,0.11725518413941372,0.0,0.11725518413941372,True,False
TATAAA,query_specific,0.25,48,2,13,confirmation,True,1.0,1.001958765344951,1.0000000000000002,0.11725518413941372,0.0,0.11725518413941372,True,False
TATAAA,query_specific,0.25,48,2,14,confirmation,True,1.0,1.001958765344951,1.0000000000000002,0.11725518413941372,0.0,0.11725518413941372,True,False
TATAAA,query_specific,0.25,48,2,15,confirmation,True,1.0,1.001958765344951,1.0000000000000002,0.11725518413941372,0.0,0.11725518413941372,True,False
TATAAA,query_specific,0.25,48,2,16,confirmation,True,1.0,1.00183367016919,1.0000000000000002,0.1736310630454214,0.0,0.1736310630454214,True,False
TATAAA,query_specific,0.25,48,2,17,confirmation,True,1.0,1.001958765344951,1.0000000000000002,0.11725518413941372,0.0,0.11725518413941372,True,False
TATAAA,query_specific,0.25,48,2,18,confirmation,True,0.9999999999999998,1.0019167079977294,1.0000000000000002,0.13620891196821402,0.0,0.13620891196821402,True,False
TATAAA,query_specific,0.25,48,2,19,confirmation,True,1.0,1.001958765344951,1.0000000000000002,0.11725518413941372,0.0,0.11725518413941372,True,False
TATAAA,query_specific,0.25,48,2,20,confirmation,True,1.0,1.001958765344951,1.0000000000000002,0.11725518413941372,0.0,0.11725518413941372,True,False
TATAAA,query_specific,0.25,48,2,21,confirmation,True,1.0,1.001958765344951,1.0000000000000002,0.11725518413941372,0.0,0.11725518413941372,True,False
TATAAA,query_specific,0.25,48,2,22,confirmation,True,1.0,1.001958765344951,1.0000000000000002,0.11725518413941372,0.0,0.11725518413941372,True,False
TATAAA,query_specific,0.25,48,2,23,confirmation,True,1.0,1.001958765344951,1.0000000000000002,0.11725518413941372,0.0,0.11725518413941372,True,False
TATAAA,query_specific,0.25,88,1,0,discovery,True,1.0,1.0020871477131794,1.0000000000000002,0.05939788627907604,0.0,0.05939788627907604,True,False
TATAAA,query_specific,0.25,88,1,1,discovery,True,1.0,1.0020871477131794,1.0000000000000002,0.05939788627907604,0.0,0.05939788627907604,True,False
TATAAA,query_specific,0.25,88,1,2,discovery,True,1.0,1.0020871477131794,1.0000000000000002,0.05939788627907604,0.0,0.05939788627907604,True,False
TATAAA,query_specific,0.25,88,1,3,discovery,True,1.0,1.0020871477131794,1.0000000000000002,0.05939788627907604,0.0,0.05939788627907604,True,False
TATAAA,query_specific,0.25,88,1,4,discovery,True,1.0,1.0020871477131794,1.0000000000000002,0.05939788627907604,0.0,0.05939788627907604,True,False
TATAAA,query_specific,0.25,88,1,5,discovery,True,1.0,1.002043980383621,1.0000000000000002,0.07885184306896759,0.0,0.07885184306896759,True,False
TATAAA,query_specific,0.25,88,1,6,discovery,True,1.0,1.0020871477131794,1.0000000000000002,0.05939788627907604,0.0,0.05939788627907604,True,False
TATAAA,query_specific,0.25,88,1,7,discovery,True,1.0,1.0020871477131794,1.0000000000000002,0.05939788627907604,0.0,0.05939788627907604,True,False
TATAAA,query_specific,0.25,88,1,8,discovery,True,1.0,1.0020871477131794,1.0000000000000002,0.05939788627907604,0.0,0.05939788627907604,True,False
TATAAA,query_specific,0.25,88,1,9,discovery,True,1.0,1.001958765344951,1.0000000000000002,0.11725518413941372,0.0,0.11725518413941372,True,False
TATAAA,query_specific,0.25,88,1,10,discovery,True,1.0,1.0020871477131794,1.0000000000000002,0.05939788627907604,0.0,0.05939788627907604,True,False
TATAAA,query_specific,0.25,88,1,11,discovery,True,1.0,1.0020871477131794,1.0000000000000002,0.05939788627907604,0.0,0.05939788627907604,True,False
TATAAA,query_specific,0.25,88,1,12,confirmation,True,1.0,1.0020871477131794,1.0000000000000002,0.05939788627907604,0.0,0.05939788627907604,True,False
TATAAA,query_specific,0.25,88,1,13,confirmation,True,1.0,1.0020871477131794,1.0000000000000002,0.05939788627907604,0.0,0.05939788627907604,True,False
TATAAA,query_specific,0.25,88,1,14,confirmation,True,1.0,1.0020871477131794,1.0000000000000002,0.05939788627907604,0.0,0.05939788627907604,True,False
TATAAA,query_specific,0.25,88,1,15,confirmation,True,1.0,1.0020871477131794,1.0000000000000002,0.05939788627907604,0.0,0.05939788627907604,True,False
TATAAA,query_specific,0.25,88,1,16,confirmation,True,1.0,1.001958765344951,1.0000000000000002,0.11725518413941372,0.0,0.11725518413941372,True,False
TATAAA,query_specific,0.25,88,1,17,confirmation,True,1.0,1.0020871477131794,1.0000000000000002,0.05939788627907604,0.0,0.05939788627907604,True,False
TATAAA,query_specific,0.25,88,1,18,confirmation,True,1.0,1.0020871477131794,1.0000000000000002,0.05939788627907604,0.0,0.05939788627907604,True,False
TATAAA,query_specific,0.25,88,1,19,confirmation,True,1.0,1.0020871477131794,1.0000000000000002,0.05939788627907604,0.0,0.05939788627907604,True,False
TATAAA,query_specific,0.25,88,1,20,confirmation,True,1.0,1.0020871477131794,1.0000000000000002,0.05939788627907604,0.0,0.05939788627907604,True,False
TATAAA,query_specific,0.25,88,1,21,confirmation,True,1.0,1.0020871477131794,1.0000000000000002,0.05939788627907604,0.0,0.05939788627907604,True,False
TATAAA,query_specific,0.25,88,1,22,confirmation,True,1.0,1.0020871477131794,1.0000000000000002,0.05939788627907604,0.0,0.05939788627907604,True,False
TATAAA,query_specific,0.25,88,1,23,confirmation,True,1.0,1.0020871477131794,1.0000000000000002,0.05939788627907604,0.0,0.05939788627907604,True,False
TATAAA,query_specific,0.25,88,2,0,discovery,True,1.0,1.001958765344951,1.0000000000000002,0.11725518413941374,0.11725518413941374,0.11725518413941374,True,False
TATAAA,query_specific,0.25,88,2,1,discovery,True,1.0,1.001958765344951,1.0000000000000002,0.11725518413941374,0.11725518413941374,0.11725518413941374,True,False
TATAAA,query_specific,0.25,88,2,2,discovery,True,1.0,1.001958765344951,1.0000000000000002,0.11725518413941374,0.11725518413941374,0.11725518413941374,True,False
TATAAA,query_specific,0.25,88,2,3,discovery,True,1.0,1.001958765344951,1.0000000000000002,0.11725518413941374,0.11725518413941374,0.11725518413941374,True,False
TATAAA,query_specific,0.25,88,2,4,discovery,True,1.0,1.001958765344951,1.0000000000000002,0.11725518413941374,0.11725518413941374,0.11725518413941374,True,False
TATAAA,query_specific,0.25,88,2,5,discovery,True,0.9999999999999998,1.0019167079977294,1.0000000000000002,0.13620891196821405,0.13620891196821405,0.13620891196821405,True,False
TATAAA,query_specific,0.25,88,2,6,discovery,True,1.0,1.001958765344951,1.0000000000000002,0.11725518413941374,0.11725518413941374,0.11725518413941374,True,False
TATAAA,query_specific,0.25,88,2,7,discovery,True,1.0,1.001958765344951,1.0000000000000002,0.11725518413941374,0.11725518413941374,0.11725518413941374,True,False
TATAAA,query_specific,0.25,88,2,8,discovery,True,1.0,1.001958765344951,1.0000000000000002,0.11725518413941374,0.11725518413941374,0.11725518413941374,True,False
TATAAA,query_specific,0.25,88,2,9,discovery,True,1.0,1.00183367016919,1.0000000000000002,0.1736310630454214,0.1736310630454214,0.1736310630454214,True,False
TATAAA,query_specific,0.25,88,2,10,discovery,True,1.0,1.001958765344951,1.0000000000000002,0.11725518413941374,0.11725518413941374,0.11725518413941374,True,False
TATAAA,query_specific,0.25,88,2,11,discovery,True,1.0,1.001958765344951,1.0000000000000002,0.11725518413941374,0.11725518413941374,0.11725518413941374,True,False
TATAAA,query_specific,0.25,88,2,12,confirmation,True,1.0,1.001958765344951,1.0000000000000002,0.11725518413941374,0.11725518413941374,0.11725518413941374,True,False
TATAAA,query_specific,0.25,88,2,13,confirmation,True,1.0,1.001958765344951,1.0000000000000002,0.11725518413941374,0.11725518413941374,0.11725518413941374,True,False
TATAAA,query_specific,0.25,88,2,14,confirmation,True,1.0,1.001958765344951,1.0000000000000002,0.11725518413941374,0.11725518413941374,0.11725518413941374,True,False
TATAAA,query_specific,0.25,88,2,15,confirmation,True,1.0,1.001958765344951,1.0000000000000002,0.11725518413941374,0.11725518413941374,0.11725518413941374,True,False
TATAAA,query_specific,0.25,88,2,16,confirmation,True,1.0,1.00183367016919,1.0000000000000002,0.1736310630454214,0.1736310630454214,0.1736310630454214,True,False
TATAAA,query_specific,0.25,88,2,17,confirmation,True,0.9999999999999998,1.0019167079977294,1.0000000000000002,0.13620891196821405,0.13620891196821405,0.13620891196821405,True,False
TATAAA,query_specific,0.25,88,2,18,confirmation,True,1.0,1.001958765344951,1.0000000000000002,0.11725518413941374,0.11725518413941374,0.11725518413941374,True,False
TATAAA,query_specific,0.25,88,2,19,confirmation,True,1.0,1.001958765344951,1.0000000000000002,0.11725518413941374,0.11725518413941374,0.11725518413941374,True,False
TATAAA,query_specific,0.25,88,2,20,confirmation,True,0.9999999999999998,1.0019167079977294,1.0000000000000002,0.13620891196821405,0.13620891196821405,0.13620891196821405,True,False
TATAAA,query_specific,0.25,88,2,21,confirmation,True,1.0,1.001958765344951,1.0000000000000002,0.11725518413941374,0.11725518413941374,0.11725518413941374,True,False
TATAAA,query_specific,0.25,88,2,22,confirmation,True,1.0,1.001958765344951,1.0000000000000002,0.11725518413941374,0.11725518413941374,0.11725518413941374,True,False
TATAAA,query_specific,0.25,88,2,23,confirmation,True,1.0,1.001958765344951,1.0000000000000002,0.11725518413941374,0.11725518413941374,0.11725518413941374,True,False
TATAAA,query_specific,1.0,8,1,0,discovery,True,1.0,1.0118410890535237,1.0000000000000002,0.11792153432114144,0.0,0.11792153432114144,True,False
TATAAA,query_specific,1.0,8,1,1,discovery,True,1.0,1.0118410890535237,1.0000000000000002,0.11792153432114144,0.0,0.11792153432114144,True,False
TATAAA,query_specific,1.0,8,1,2,discovery,True,1.0,1.0118410890535237,1.0000000000000002,0.11792153432114144,0.0,0.11792153432114144,True,False
TATAAA,query_specific,1.0,8,1,3,discovery,True,1.0,1.0118410890535237,1.0000000000000002,0.11792153432114144,0.0,0.11792153432114144,True,False
TATAAA,query_specific,1.0,8,1,4,discovery,True,1.0,1.0118410890535237,1.0000000000000002,0.11792153432114144,0.0,0.11792153432114144,True,False
TATAAA,query_specific,1.0,8,1,5,discovery,True,1.0,1.0118410890535237,1.0000000000000002,0.11792153432114144,0.0,0.11792153432114144,True,False
TATAAA,query_specific,1.0,8,1,6,discovery,True,1.0,1.0118410890535237,1.0000000000000002,0.11792153432114144,0.0,0.11792153432114144,True,False
TATAAA,query_specific,1.0,8,1,7,discovery,True,1.0,1.0118410890535237,1.0000000000000002,0.11792153432114144,0.0,0.11792153432114144,True,False
TATAAA,query_specific,1.0,8,1,8,discovery,True,1.0,1.0118410890535237,1.0000000000000002,0.11792153432114144,0.0,0.11792153432114144,True,False
TATAAA,query_specific,1.0,8,1,9,discovery,True,1.0,1.0118410890535237,1.0000000000000002,0.11792153432114144,0.0,0.11792153432114144,True,False
TATAAA,query_specific,1.0,8,1,10,discovery,True,1.0,1.0118410890535237,1.0000000000000002,0.11792153432114144,0.0,0.11792153432114144,True,False
TATAAA,query_specific,1.0,8,1,11,discovery,True,1.0,1.0118410890535237,1.0000000000000002,0.11792153432114144,0.0,0.11792153432114144,True,False
TATAAA,query_specific,1.0,8,1,12,confirmation,True,1.0,1.0118410890535237,1.0000000000000002,0.11792153432114144,0.0,0.11792153432114144,True,False
TATAAA,query_specific,1.0,8,1,13,confirmation,True,1.0,1.0118410890535237,1.0000000000000002,0.11792153432114144,0.0,0.11792153432114144,True,False
TATAAA,query_specific,1.0,8,1,14,confirmation,True,1.0,1.0118410890535237,1.0000000000000002,0.11792153432114144,0.0,0.11792153432114144,True,False
TATAAA,query_specific,1.0,8,1,15,confirmation,True,1.0,1.0118410890535237,1.0000000000000002,0.11792153432114144,0.0,0.11792153432114144,True,False
TATAAA,query_specific,1.0,8,1,16,confirmation,True,1.0,1.0104777242826501,1.0000000000000002,0.21948269139180238,0.0,0.21948269139180238,True,False
TATAAA,query_specific,1.0,8,1,17,confirmation,True,1.0,1.0118410890535237,1.0000000000000002,0.11792153432114144,0.0,0.11792153432114144,True,False
TATAAA,query_specific,1.0,8,1,18,confirmation,True,1.0,1.011364598086995,1.0000000000000002,0.15341678469596012,0.0,0.15341678469596012,True,False
TATAAA,query_specific,1.0,8,1,19,confirmation,True,1.0,1.0118410890535237,1.0000000000000002,0.11792153432114144,0.0,0.11792153432114144,True,False
TATAAA,query_specific,1.0,8,1,20,confirmation,True,1.0,1.0118410890535237,1.0000000000000002,0.11792153432114144,0.0,0.11792153432114144,True,False
TATAAA,query_specific,1.0,8,1,21,confirmation,True,1.0,1.011364598086995,1.0000000000000002,0.15341678469596012,0.0,0.15341678469596012,True,False
TATAAA,query_specific,1.0,8,1,22,confirmation,True,1.0,1.0118410890535237,1.0000000000000002,0.11792153432114144,0.0,0.11792153432114144,True,False
TATAAA,query_specific,1.0,8,1,23,confirmation,True,1.0,1.0118410890535237,1.0000000000000002,0.11792153432114144,0.0,0.11792153432114144,True,False
TATAAA,query_specific,1.0,8,2,0,discovery,True,1.0,1.0104777242826501,1.0000000000000002,0.21948269139180238,0.0,0.21948269139180238,True,False
TATAAA,query_specific,1.0,8,2,1,discovery,True,1.0,1.0104777242826501,1.0000000000000002,0.21948269139180238,0.0,0.21948269139180238,True,False
TATAAA,query_specific,1.0,8,2,2,discovery,True,1.0,1.0104777242826501,1.0000000000000002,0.21948269139180238,0.0,0.21948269139180238,True,False
TATAAA,query_specific,1.0,8,2,3,discovery,True,1.0,1.0104777242826501,1.0000000000000002,0.21948269139180238,0.0,0.21948269139180238,True,False
TATAAA,query_specific,1.0,8,2,4,discovery,True,1.0,1.0104777242826501,1.0000000000000002,0.21948269139180238,0.0,0.21948269139180238,True,False
TATAAA,query_specific,1.0,8,2,5,discovery,True,1.0,1.0104777242826501,1.0000000000000002,0.21948269139180238,0.0,0.21948269139180238,True,False
TATAAA,query_specific,1.0,8,2,6,discovery,True,1.0,1.0104777242826501,1.0000000000000002,0.21948269139180238,0.0,0.21948269139180238,True,False
TATAAA,query_specific,1.0,8,2,7,discovery,True,1.0,1.0104777242826501,1.0000000000000002,0.21948269139180238,0.0,0.21948269139180238,True,False
TATAAA,query_specific,1.0,8,2,8,discovery,True,1.0,1.0104777242826501,1.0000000000000002,0.21948269139180238,0.0,0.21948269139180238,True,False
TATAAA,query_specific,1.0,8,2,9,discovery,True,1.0,1.0104777242826501,1.0000000000000002,0.21948269139180238,0.0,0.21948269139180238,True,False
TATAAA,query_specific,1.0,8,2,10,discovery,True,1.0,1.0104777242826501,1.0000000000000002,0.21948269139180238,0.0,0.21948269139180238,True,False
TATAAA,query_specific,1.0,8,2,11,discovery,True,1.0,1.0104777242826501,1.0000000000000002,0.21948269139180238,0.0,0.21948269139180238,True,False
TATAAA,query_specific,1.0,8,2,12,confirmation,True,1.0,1.0104777242826501,1.0000000000000002,0.21948269139180238,0.0,0.21948269139180238,True,False
TATAAA,query_specific,1.0,8,2,13,confirmation,True,1.0,1.0104777242826501,1.0000000000000002,0.21948269139180238,0.0,0.21948269139180238,True,False
TATAAA,query_specific,1.0,8,2,14,confirmation,True,1.0,1.0104777242826501,1.0000000000000002,0.21948269139180238,0.0,0.21948269139180238,True,False
TATAAA,query_specific,1.0,8,2,15,confirmation,True,1.0,1.0104777242826501,1.0000000000000002,0.21948269139180238,0.0,0.21948269139180238,True,False
TATAAA,query_specific,1.0,8,2,16,confirmation,True,1.0,1.0092912418053754,1.0000000000000002,0.3078673524967594,0.0,0.3078673524967594,True,False
TATAAA,query_specific,1.0,8,2,17,confirmation,True,1.0,1.0104777242826501,1.0000000000000002,0.21948269139180238,0.0,0.21948269139180238,True,False
TATAAA,query_specific,1.0,8,2,18,confirmation,True,1.0,1.0104777242826501,1.0000000000000002,0.21948269139180238,0.0,0.21948269139180238,True,False
TATAAA,query_specific,1.0,8,2,19,confirmation,True,1.0,1.0104777242826501,1.0000000000000002,0.21948269139180238,0.0,0.21948269139180238,True,False
TATAAA,query_specific,1.0,8,2,20,confirmation,True,1.0,1.0104777242826501,1.0000000000000002,0.21948269139180238,0.0,0.21948269139180238,True,False
TATAAA,query_specific,1.0,8,2,21,confirmation,True,0.9999999999999998,1.0100643532710842,1.0000000000000002,0.2502759457951797,0.0,0.2502759457951797,True,False
TATAAA,query_specific,1.0,8,2,22,confirmation,True,1.0,1.0104777242826501,1.0000000000000002,0.21948269139180238,0.0,0.21948269139180238,True,False
TATAAA,query_specific,1.0,8,2,23,confirmation,True,1.0,1.0104777242826501,1.0000000000000002,0.21948269139180238,0.0,0.21948269139180238,True,False
TATAAA,query_specific,1.0,48,1,0,discovery,True,1.0,1.0118410890535237,1.0000000000000002,0.11792153432114144,0.0,0.11792153432114144,True,False
TATAAA,query_specific,1.0,48,1,1,discovery,True,1.0,1.0118410890535237,1.0000000000000002,0.11792153432114144,0.0,0.11792153432114144,True,False
TATAAA,query_specific,1.0,48,1,2,discovery,True,1.0,1.0118410890535237,1.0000000000000002,0.11792153432114144,0.0,0.11792153432114144,True,False
TATAAA,query_specific,1.0,48,1,3,discovery,True,1.0,1.0118410890535237,1.0000000000000002,0.11792153432114144,0.0,0.11792153432114144,True,False
TATAAA,query_specific,1.0,48,1,4,discovery,True,1.0,1.0118410890535237,1.0000000000000002,0.11792153432114144,0.0,0.11792153432114144,True,False
TATAAA,query_specific,1.0,48,1,5,discovery,True,1.0,1.0118410890535237,1.0000000000000002,0.11792153432114144,0.0,0.11792153432114144,True,False
TATAAA,query_specific,1.0,48,1,6,discovery,True,1.0,1.0118410890535237,1.0000000000000002,0.11792153432114144,0.0,0.11792153432114144,True,False
TATAAA,query_specific,1.0,48,1,7,discovery,True,1.0,1.0118410890535237,1.0000000000000002,0.11792153432114144,0.0,0.11792153432114144,True,False
TATAAA,query_specific,1.0,48,1,8,discovery,True,1.0,1.0118410890535237,1.0000000000000002,0.11792153432114144,0.0,0.11792153432114144,True,False
TATAAA,query_specific,1.0,48,1,9,discovery,True,1.0,1.0104777242826501,1.0000000000000002,0.21948269139180238,0.0,0.21948269139180238,True,False
TATAAA,query_specific,1.0,48,1,10,discovery,True,1.0,1.0118410890535237,1.0000000000000002,0.11792153432114144,0.0,0.11792153432114144,True,False
TATAAA,query_specific,1.0,48,1,11,discovery,True,1.0,1.0118410890535237,1.0000000000000002,0.11792153432114144,0.0,0.11792153432114144,True,False
TATAAA,query_specific,1.0,48,1,12,confirmation,True,1.0,1.0118410890535237,1.0000000000000002,0.11792153432114144,0.0,0.11792153432114144,True,False
TATAAA,query_specific,1.0,48,1,13,confirmation,True,1.0,1.0118410890535237,1.0000000000000002,0.11792153432114144,0.0,0.11792153432114144,True,False
TATAAA,query_specific,1.0,48,1,14,confirmation,True,1.0,1.0118410890535237,1.0000000000000002,0.11792153432114144,0.0,0.11792153432114144,True,False
TATAAA,query_specific,1.0,48,1,15,confirmation,True,1.0,1.0118410890535237,1.0000000000000002,0.11792153432114144,0.0,0.11792153432114144,True,False
TATAAA,query_specific,1.0,48,1,16,confirmation,True,1.0,1.0104777242826501,1.0000000000000002,0.21948269139180238,0.0,0.21948269139180238,True,False
TATAAA,query_specific,1.0,48,1,17,confirmation,True,1.0,1.0118410890535237,1.0000000000000002,0.11792153432114144,0.0,0.11792153432114144,True,False
TATAAA,query_specific,1.0,48,1,18,confirmation,True,1.0,1.011364598086995,1.0000000000000002,0.15341678469596012,0.0,0.15341678469596012,True,False
TATAAA,query_specific,1.0,48,1,19,confirmation,True,1.0,1.0118410890535237,1.0000000000000002,0.11792153432114144,0.0,0.11792153432114144,True,False
TATAAA,query_specific,1.0,48,1,20,confirmation,True,1.0,1.0118410890535237,1.0000000000000002,0.11792153432114144,0.0,0.11792153432114144,True,False
TATAAA,query_specific,1.0,48,1,21,confirmation,True,1.0,1.0118410890535237,1.0000000000000002,0.11792153432114144,0.0,0.11792153432114144,True,False
TATAAA,query_specific,1.0,48,1,22,confirmation,True,1.0,1.0118410890535237,1.0000000000000002,0.11792153432114144,0.0,0.11792153432114144,True,False
TATAAA,query_specific,1.0,48,1,23,confirmation,True,1.0,1.0118410890535237,1.0000000000000002,0.11792153432114144,0.0,0.11792153432114144,True,False
TATAAA,query_specific,1.0,48,2,0,discovery,True,1.0,1.0104777242826501,1.0000000000000002,0.21948269139180238,0.0,0.21948269139180238,True,False
TATAAA,query_specific,1.0,48,2,1,discovery,True,1.0,1.0104777242826501,1.0000000000000002,0.21948269139180238,0.0,0.21948269139180238,True,False
TATAAA,query_specific,1.0,48,2,2,discovery,True,1.0,1.0104777242826501,1.0000000000000002,0.21948269139180238,0.0,0.21948269139180238,True,False
TATAAA,query_specific,1.0,48,2,3,discovery,True,1.0,1.0104777242826501,1.0000000000000002,0.21948269139180238,0.0,0.21948269139180238,True,False
TATAAA,query_specific,1.0,48,2,4,discovery,True,1.0,1.0104777242826501,1.0000000000000002,0.21948269139180238,0.0,0.21948269139180238,True,False
TATAAA,query_specific,1.0,48,2,5,discovery,True,1.0,1.0104777242826501,1.0000000000000002,0.21948269139180238,0.0,0.21948269139180238,True,False
TATAAA,query_specific,1.0,48,2,6,discovery,True,1.0,1.0104777242826501,1.0000000000000002,0.21948269139180238,0.0,0.21948269139180238,True,False
TATAAA,query_specific,1.0,48,2,7,discovery,True,1.0,1.0104777242826501,1.0000000000000002,0.21948269139180238,0.0,0.21948269139180238,True,False
TATAAA,query_specific,1.0,48,2,8,discovery,True,1.0,1.0104777242826501,1.0000000000000002,0.21948269139180238,0.0,0.21948269139180238,True,False
TATAAA,query_specific,1.0,48,2,9,discovery,True,1.0,1.0092912418053754,1.0000000000000002,0.30786735249675945,0.0,0.30786735249675945,True,False
TATAAA,query_specific,1.0,48,2,10,discovery,True,1.0,1.0104777242826501,1.0000000000000002,0.21948269139180238,0.0,0.21948269139180238,True,False
TATAAA,query_specific,1.0,48,2,11,discovery,True,0.9999999999999998,1.0100643532710842,1.0000000000000002,0.25027594579517976,0.0,0.25027594579517976,True,False
TATAAA,query_specific,1.0,48,2,12,confirmation,True,1.0,1.0104777242826501,1.0000000000000002,0.21948269139180238,0.0,0.21948269139180238,True,False
TATAAA,query_specific,1.0,48,2,13,confirmation,True,1.0,1.0104777242826501,1.0000000000000002,0.21948269139180238,0.0,0.21948269139180238,True,False
TATAAA,query_specific,1.0,48,2,14,confirmation,True,1.0,1.0104777242826501,1.0000000000000002,0.21948269139180238,0.0,0.21948269139180238,True,False
TATAAA,query_specific,1.0,48,2,15,confirmation,True,1.0,1.0104777242826501,1.0000000000000002,0.21948269139180238,0.0,0.21948269139180238,True,False
TATAAA,query_specific,1.0,48,2,16,confirmation,True,1.0,1.0092912418053754,1.0000000000000002,0.30786735249675945,0.0,0.30786735249675945,True,False
TATAAA,query_specific,1.0,48,2,17,confirmation,True,1.0,1.0104777242826501,1.0000000000000002,0.21948269139180238,0.0,0.21948269139180238,True,False
TATAAA,query_specific,1.0,48,2,18,confirmation,True,0.9999999999999998,1.0100643532710842,1.0000000000000002,0.2502759457951797,0.0,0.2502759457951797,True,False
TATAAA,query_specific,1.0,48,2,19,confirmation,True,1.0,1.0104777242826501,1.0000000000000002,0.21948269139180238,0.0,0.21948269139180238,True,False
TATAAA,query_specific,1.0,48,2,20,confirmation,True,1.0,1.0104777242826501,1.0000000000000002,0.21948269139180238,0.0,0.21948269139180238,True,False
TATAAA,query_specific,1.0,48,2,21,confirmation,True,1.0,1.0104777242826501,1.0000000000000002,0.21948269139180238,0.0,0.21948269139180238,True,False
TATAAA,query_specific,1.0,48,2,22,confirmation,True,1.0,1.0104777242826501,1.0000000000000002,0.21948269139180238,0.0,0.21948269139180238,True,False
TATAAA,query_specific,1.0,48,2,23,confirmation,True,1.0,1.0104777242826501,1.0000000000000002,0.21948269139180238,0.0,0.21948269139180238,True,False
TATAAA,query_specific,1.0,88,1,0,discovery,True,1.0,1.0118410890535237,1.0000000000000002,0.11792153432114144,0.0,0.11792153432114144,True,False
TATAAA,query_specific,1.0,88,1,1,discovery,True,1.0,1.0118410890535237,1.0000000000000002,0.11792153432114144,0.0,0.11792153432114144,True,False
TATAAA,query_specific,1.0,88,1,2,discovery,True,1.0,1.0118410890535237,1.0000000000000002,0.11792153432114144,0.0,0.11792153432114144,True,False
TATAAA,query_specific,1.0,88,1,3,discovery,True,1.0,1.0118410890535237,1.0000000000000002,0.11792153432114144,0.0,0.11792153432114144,True,False
TATAAA,query_specific,1.0,88,1,4,discovery,True,1.0,1.0118410890535237,1.0000000000000002,0.11792153432114144,0.0,0.11792153432114144,True,False
TATAAA,query_specific,1.0,88,1,5,discovery,True,1.0,1.011364598086995,1.0000000000000002,0.15341678469596015,0.0,0.15341678469596015,True,False
TATAAA,query_specific,1.0,88,1,6,discovery,True,1.0,1.0118410890535237,1.0000000000000002,0.11792153432114144,0.0,0.11792153432114144,True,False
TATAAA,query_specific,1.0,88,1,7,discovery,True,1.0,1.0118410890535237,1.0000000000000002,0.11792153432114144,0.0,0.11792153432114144,True,False
TATAAA,query_specific,1.0,88,1,8,discovery,True,1.0,1.0118410890535237,1.0000000000000002,0.11792153432114144,0.0,0.11792153432114144,True,False
TATAAA,query_specific,1.0,88,1,9,discovery,True,1.0,1.0104777242826501,1.0000000000000002,0.21948269139180243,0.0,0.21948269139180243,True,False
TATAAA,query_specific,1.0,88,1,10,discovery,True,1.0,1.0118410890535237,1.0000000000000002,0.11792153432114144,0.0,0.11792153432114144,True,False
TATAAA,query_specific,1.0,88,1,11,discovery,True,1.0,1.0118410890535237,1.0000000000000002,0.11792153432114144,0.0,0.11792153432114144,True,False
TATAAA,query_specific,1.0,88,1,12,confirmation,True,1.0,1.0118410890535237,1.0000000000000002,0.11792153432114144,0.0,0.11792153432114144,True,False
TATAAA,query_specific,1.0,88,1,13,confirmation,True,1.0,1.0118410890535237,1.0000000000000002,0.11792153432114144,0.0,0.11792153432114144,True,False
TATAAA,query_specific,1.0,88,1,14,confirmation,True,1.0,1.0118410890535237,1.0000000000000002,0.11792153432114144,0.0,0.11792153432114144,True,False
TATAAA,query_specific,1.0,88,1,15,confirmation,True,1.0,1.0118410890535237,1.0000000000000002,0.11792153432114144,0.0,0.11792153432114144,True,False
TATAAA,query_specific,1.0,88,1,16,confirmation,True,1.0,1.0104777242826501,1.0000000000000002,0.21948269139180238,0.0,0.21948269139180238,True,False
TATAAA,query_specific,1.0,88,1,17,confirmation,True,1.0,1.0118410890535237,1.0000000000000002,0.11792153432114144,0.0,0.11792153432114144,True,False
TATAAA,query_specific,1.0,88,1,18,confirmation,True,1.0,1.0118410890535237,1.0000000000000002,0.11792153432114144,0.0,0.11792153432114144,True,False
TATAAA,query_specific,1.0,88,1,19,confirmation,True,1.0,1.0118410890535237,1.0000000000000002,0.11792153432114144,0.0,0.11792153432114144,True,False
TATAAA,query_specific,1.0,88,1,20,confirmation,True,1.0,1.0118410890535237,1.0000000000000002,0.11792153432114144,0.0,0.11792153432114144,True,False
TATAAA,query_specific,1.0,88,1,21,confirmation,True,1.0,1.0118410890535237,1.0000000000000002,0.11792153432114144,0.0,0.11792153432114144,True,False
TATAAA,query_specific,1.0,88,1,22,confirmation,True,1.0,1.0118410890535237,1.0000000000000002,0.11792153432114144,0.0,0.11792153432114144,True,False
TATAAA,query_specific,1.0,88,1,23,confirmation,True,1.0,1.0118410890535237,1.0000000000000002,0.11792153432114144,0.0,0.11792153432114144,True,False
TATAAA,query_specific,1.0,88,2,0,discovery,True,1.0,1.0104777242826501,1.0000000000000002,0.21948269139180243,0.21948269139180243,0.21948269139180243,True,False
TATAAA,query_specific,1.0,88,2,1,discovery,True,1.0,1.0104777242826501,1.0000000000000002,0.21948269139180243,0.21948269139180243,0.21948269139180243,True,False
TATAAA,query_specific,1.0,88,2,2,discovery,True,1.0,1.0104777242826501,1.0000000000000002,0.21948269139180243,0.21948269139180243,0.21948269139180243,True,False
TATAAA,query_specific,1.0,88,2,3,discovery,True,1.0,1.0104777242826501,1.0000000000000002,0.21948269139180243,0.21948269139180243,0.21948269139180243,True,False
TATAAA,query_specific,1.0,88,2,4,discovery,True,1.0,1.0104777242826501,1.0000000000000002,0.21948269139180243,0.21948269139180243,0.21948269139180243,True,False
TATAAA,query_specific,1.0,88,2,5,discovery,True,0.9999999999999998,1.0100643532710842,1.0000000000000002,0.25027594579517976,0.25027594579517976,0.25027594579517976,True,False
TATAAA,query_specific,1.0,88,2,6,discovery,True,1.0,1.0104777242826501,1.0000000000000002,0.21948269139180243,0.21948269139180243,0.21948269139180243,True,False
TATAAA,query_specific,1.0,88,2,7,discovery,True,1.0,1.0104777242826501,1.0000000000000002,0.21948269139180243,0.21948269139180243,0.21948269139180243,True,False
TATAAA,query_specific,1.0,88,2,8,discovery,True,1.0,1.0104777242826501,1.0000000000000002,0.21948269139180243,0.21948269139180243,0.21948269139180243,True,False
TATAAA,query_specific,1.0,88,2,9,discovery,True,1.0,1.0092912418053754,1.0000000000000002,0.30786735249675945,0.30786735249675945,0.30786735249675945,True,False
TATAAA,query_specific,1.0,88,2,10,discovery,True,1.0,1.0104777242826501,1.0000000000000002,0.21948269139180243,0.21948269139180243,0.21948269139180243,True,False
TATAAA,query_specific,1.0,88,2,11,discovery,True,1.0,1.0104777242826501,1.0000000000000002,0.21948269139180243,0.21948269139180243,0.21948269139180243,True,False
TATAAA,query_specific,1.0,88,2,12,confirmation,True,1.0,1.0104777242826501,1.0000000000000002,0.21948269139180243,0.21948269139180243,0.21948269139180243,True,False
TATAAA,query_specific,1.0,88,2,13,confirmation,True,1.0,1.0104777242826501,1.0000000000000002,0.21948269139180243,0.21948269139180243,0.21948269139180243,True,False
TATAAA,query_specific,1.0,88,2,14,confirmation,True,1.0,1.0104777242826501,1.0000000000000002,0.21948269139180243,0.21948269139180243,0.21948269139180243,True,False
TATAAA,query_specific,1.0,88,2,15,confirmation,True,1.0,1.0104777242826501,1.0000000000000002,0.21948269139180243,0.21948269139180243,0.21948269139180243,True,False
TATAAA,query_specific,1.0,88,2,16,confirmation,True,1.0,1.0092912418053754,1.0000000000000002,0.30786735249675945,0.30786735249675945,0.30786735249675945,True,False
TATAAA,query_specific,1.0,88,2,17,confirmation,True,0.9999999999999998,1.0100643532710842,1.0000000000000002,0.25027594579517976,0.25027594579517976,0.25027594579517976,True,False
TATAAA,query_specific,1.0,88,2,18,confirmation,True,1.0,1.0104777242826501,1.0000000000000002,0.21948269139180243,0.21948269139180243,0.21948269139180243,True,False
TATAAA,query_specific,1.0,88,2,19,confirmation,True,1.0,1.0104777242826501,1.0000000000000002,0.21948269139180243,0.21948269139180243,0.21948269139180243,True,False
TATAAA,query_specific,1.0,88,2,20,confirmation,True,0.9999999999999998,1.0100643532710842,1.0000000000000002,0.25027594579517976,0.25027594579517976,0.25027594579517976,True,False
TATAAA,query_specific,1.0,88,2,21,confirmation,True,1.0,1.0104777242826501,1.0000000000000002,0.21948269139180243,0.21948269139180243,0.21948269139180243,True,False
TATAAA,query_specific,1.0,88,2,22,confirmation,True,1.0,1.0104777242826501,1.0000000000000002,0.21948269139180243,0.21948269139180243,0.21948269139180243,True,False
TATAAA,query_specific,1.0,88,2,23,confirmation,True,1.0,1.0104777242826501,1.0000000000000002,0.21948269139180243,0.21948269139180243,0.21948269139180243,True,False
TATAAA,query_specific,4.0,8,1,0,discovery,True,1.0,1.1136276645792278,1.0000000000000002,0.7286409874753665,0.0,0.7286409874753665,True,False
TATAAA,query_specific,4.0,8,1,1,discovery,True,1.0,1.1136276645792278,1.0000000000000002,0.7286409874753665,0.0,0.7286409874753665,True,False
TATAAA,query_specific,4.0,8,1,2,discovery,True,1.0,1.1136276645792278,1.0000000000000002,0.7286409874753665,0.0,0.7286409874753665,True,False
TATAAA,query_specific,4.0,8,1,3,discovery,True,1.0,1.1136276645792278,1.0000000000000002,0.7286409874753665,0.0,0.7286409874753665,True,False
TATAAA,query_specific,4.0,8,1,4,discovery,True,1.0,1.1136276645792278,1.0000000000000002,0.7286409874753665,0.0,0.7286409874753665,True,False
TATAAA,query_specific,4.0,8,1,5,discovery,True,1.0,1.1136276645792278,1.0000000000000002,0.7286409874753665,0.0,0.7286409874753665,True,False
TATAAA,query_specific,4.0,8,1,6,discovery,True,1.0,1.1136276645792278,1.0000000000000002,0.7286409874753665,0.0,0.7286409874753665,True,False
TATAAA,query_specific,4.0,8,1,7,discovery,True,1.0,1.1136276645792278,1.0000000000000002,0.7286409874753665,0.0,0.7286409874753665,True,False
TATAAA,query_specific,4.0,8,1,8,discovery,True,1.0,1.1136276645792278,1.0000000000000002,0.7286409874753665,0.0,0.7286409874753665,True,False
TATAAA,query_specific,4.0,8,1,9,discovery,True,1.0,1.1136276645792278,1.0000000000000002,0.7286409874753665,0.0,0.7286409874753665,True,False
TATAAA,query_specific,4.0,8,1,10,discovery,True,1.0,1.1136276645792278,1.0000000000000002,0.7286409874753665,0.0,0.7286409874753665,True,False
TATAAA,query_specific,4.0,8,1,11,discovery,True,1.0,1.1136276645792278,1.0000000000000002,0.7286409874753665,0.0,0.7286409874753665,True,False
TATAAA,query_specific,4.0,8,1,12,confirmation,True,1.0,1.1136276645792278,1.0000000000000002,0.7286409874753665,0.0,0.7286409874753665,True,False
TATAAA,query_specific,4.0,8,1,13,confirmation,True,1.0,1.1136276645792278,1.0000000000000002,0.7286409874753665,0.0,0.7286409874753665,True,False
TATAAA,query_specific,4.0,8,1,14,confirmation,True,1.0,1.1136276645792278,1.0000000000000002,0.7286409874753665,0.0,0.7286409874753665,True,False
TATAAA,query_specific,4.0,8,1,15,confirmation,True,1.0,1.1136276645792278,1.0000000000000002,0.7286409874753665,0.0,0.7286409874753665,True,False
TATAAA,query_specific,4.0,8,1,16,confirmation,True,1.0,1.0629858943585844,1.0000000000000002,0.8495807323030127,0.0,0.8495807323030127,True,False
TATAAA,query_specific,4.0,8,1,17,confirmation,True,1.0,1.1136276645792278,1.0000000000000002,0.7286409874753665,0.0,0.7286409874753665,True,False
TATAAA,query_specific,4.0,8,1,18,confirmation,True,1.0,1.0902471287529614,1.0000000000000002,0.7844770300236905,0.0,0.7844770300236905,True,False
TATAAA,query_specific,4.0,8,1,19,confirmation,True,1.0,1.1136276645792278,1.0000000000000002,0.7286409874753665,0.0,0.7286409874753665,True,False
TATAAA,query_specific,4.0,8,1,20,confirmation,True,1.0,1.1136276645792278,1.0000000000000002,0.7286409874753665,0.0,0.7286409874753665,True,False
TATAAA,query_specific,4.0,8,1,21,confirmation,True,1.0,1.0902471287529614,1.0000000000000002,0.7844770300236905,0.0,0.7844770300236905,True,False
TATAAA,query_specific,4.0,8,1,22,confirmation,True,1.0,1.1136276645792278,1.0000000000000002,0.7286409874753665,0.0,0.7286409874753665,True,False
TATAAA,query_specific,4.0,8,1,23,confirmation,True,1.0,1.1136276645792278,1.0000000000000002,0.7286409874753665,0.0,0.7286409874753665,True,False
TATAAA,query_specific,4.0,8,2,0,discovery,True,1.0,1.0629858943585844,1.0000000000000002,0.8495807323030127,0.0,0.8495807323030127,True,False
TATAAA,query_specific,4.0,8,2,1,discovery,True,1.0,1.0629858943585844,1.0000000000000002,0.8495807323030127,0.0,0.8495807323030127,True,False
TATAAA,query_specific,4.0,8,2,2,discovery,True,1.0,1.0629858943585844,1.0000000000000002,0.8495807323030127,0.0,0.8495807323030127,True,False
TATAAA,query_specific,4.0,8,2,3,discovery,True,1.0,1.0629858943585844,1.0000000000000002,0.8495807323030127,0.0,0.8495807323030127,True,False
TATAAA,query_specific,4.0,8,2,4,discovery,True,1.0,1.0629858943585844,1.0000000000000002,0.8495807323030127,0.0,0.8495807323030127,True,False
TATAAA,query_specific,4.0,8,2,5,discovery,True,1.0,1.0629858943585844,1.0000000000000002,0.8495807323030127,0.0,0.8495807323030127,True,False
TATAAA,query_specific,4.0,8,2,6,discovery,True,1.0,1.0629858943585844,1.0000000000000002,0.8495807323030127,0.0,0.8495807323030127,True,False
TATAAA,query_specific,4.0,8,2,7,discovery,True,1.0,1.0629858943585844,1.0000000000000002,0.8495807323030127,0.0,0.8495807323030127,True,False
TATAAA,query_specific,4.0,8,2,8,discovery,True,1.0,1.0629858943585844,1.0000000000000002,0.8495807323030127,0.0,0.8495807323030127,True,False
TATAAA,query_specific,4.0,8,2,9,discovery,True,1.0,1.0629858943585844,1.0000000000000002,0.8495807323030127,0.0,0.8495807323030127,True,False
TATAAA,query_specific,4.0,8,2,10,discovery,True,1.0,1.0629858943585844,1.0000000000000002,0.8495807323030127,0.0,0.8495807323030127,True,False
TATAAA,query_specific,4.0,8,2,11,discovery,True,1.0,1.0629858943585844,1.0000000000000002,0.8495807323030127,0.0,0.8495807323030127,True,False
TATAAA,query_specific,4.0,8,2,12,confirmation,True,1.0,1.0629858943585844,1.0000000000000002,0.8495807323030127,0.0,0.8495807323030127,True,False
TATAAA,query_specific,4.0,8,2,13,confirmation,True,1.0,1.0629858943585844,1.0000000000000002,0.8495807323030127,0.0,0.8495807323030127,True,False
TATAAA,query_specific,4.0,8,2,14,confirmation,True,1.0,1.0629858943585844,1.0000000000000002,0.8495807323030127,0.0,0.8495807323030127,True,False
TATAAA,query_specific,4.0,8,2,15,confirmation,True,1.0,1.0629858943585844,1.0000000000000002,0.8495807323030127,0.0,0.8495807323030127,True,False
TATAAA,query_specific,4.0,8,2,16,confirmation,True,1.0,1.0421507263714993,1.0000000000000002,0.8993380746869887,0.0,0.8993380746869887,True,False
TATAAA,query_specific,4.0,8,2,17,confirmation,True,1.0,1.0629858943585844,1.0000000000000002,0.8495807323030127,0.0,0.8495807323030127,True,False
TATAAA,query_specific,4.0,8,2,18,confirmation,True,1.0,1.0629858943585844,1.0000000000000002,0.8495807323030127,0.0,0.8495807323030127,True,False
TATAAA,query_specific,4.0,8,2,19,confirmation,True,1.0,1.0629858943585844,1.0000000000000002,0.8495807323030127,0.0,0.8495807323030127,True,False
TATAAA,query_specific,4.0,8,2,20,confirmation,True,1.0,1.0629858943585844,1.0000000000000002,0.8495807323030127,0.0,0.8495807323030127,True,False
TATAAA,query_specific,4.0,8,2,21,confirmation,True,0.9999999999999998,1.0543456966092823,1.0000000000000002,0.8702147525299558,0.0,0.8702147525299558,True,False
TATAAA,query_specific,4.0,8,2,22,confirmation,True,1.0,1.0629858943585844,1.0000000000000002,0.8495807323030127,0.0,0.8495807323030127,True,False
TATAAA,query_specific,4.0,8,2,23,confirmation,True,1.0,1.0629858943585844,1.0000000000000002,0.8495807323030127,0.0,0.8495807323030127,True,False
TATAAA,query_specific,4.0,48,1,0,discovery,True,1.0,1.1136276645792278,1.0000000000000002,0.7286409874753665,0.0,0.7286409874753665,True,False
TATAAA,query_specific,4.0,48,1,1,discovery,True,1.0,1.1136276645792278,1.0000000000000002,0.7286409874753665,0.0,0.7286409874753665,True,False
TATAAA,query_specific,4.0,48,1,2,discovery,True,1.0,1.1136276645792278,1.0000000000000002,0.7286409874753665,0.0,0.7286409874753665,True,False
TATAAA,query_specific,4.0,48,1,3,discovery,True,1.0,1.1136276645792278,1.0000000000000002,0.7286409874753665,0.0,0.7286409874753665,True,False
TATAAA,query_specific,4.0,48,1,4,discovery,True,1.0,1.1136276645792278,1.0000000000000002,0.7286409874753665,0.0,0.7286409874753665,True,False
TATAAA,query_specific,4.0,48,1,5,discovery,True,1.0,1.1136276645792278,1.0000000000000002,0.7286409874753665,0.0,0.7286409874753665,True,False
TATAAA,query_specific,4.0,48,1,6,discovery,True,1.0,1.1136276645792278,1.0000000000000002,0.7286409874753665,0.0,0.7286409874753665,True,False
TATAAA,query_specific,4.0,48,1,7,discovery,True,1.0,1.1136276645792278,1.0000000000000002,0.7286409874753665,0.0,0.7286409874753665,True,False
TATAAA,query_specific,4.0,48,1,8,discovery,True,1.0,1.1136276645792278,1.0000000000000002,0.7286409874753665,0.0,0.7286409874753665,True,False
TATAAA,query_specific,4.0,48,1,9,discovery,True,1.0,1.0629858943585844,1.0000000000000002,0.8495807323030127,0.0,0.8495807323030127,True,False
TATAAA,query_specific,4.0,48,1,10,discovery,True,1.0,1.1136276645792278,1.0000000000000002,0.7286409874753665,0.0,0.7286409874753665,True,False
TATAAA,query_specific,4.0,48,1,11,discovery,True,1.0,1.1136276645792278,1.0000000000000002,0.7286409874753665,0.0,0.7286409874753665,True,False
TATAAA,query_specific,4.0,48,1,12,confirmation,True,1.0,1.1136276645792278,1.0000000000000002,0.7286409874753665,0.0,0.7286409874753665,True,False
TATAAA,query_specific,4.0,48,1,13,confirmation,True,1.0,1.1136276645792278,1.0000000000000002,0.7286409874753665,0.0,0.7286409874753665,True,False
TATAAA,query_specific,4.0,48,1,14,confirmation,True,1.0,1.1136276645792278,1.0000000000000002,0.7286409874753665,0.0,0.7286409874753665,True,False
TATAAA,query_specific,4.0,48,1,15,confirmation,True,1.0,1.1136276645792278,1.0000000000000002,0.7286409874753665,0.0,0.7286409874753665,True,False
TATAAA,query_specific,4.0,48,1,16,confirmation,True,1.0,1.0629858943585844,1.0000000000000002,0.8495807323030127,0.0,0.8495807323030127,True,False
TATAAA,query_specific,4.0,48,1,17,confirmation,True,1.0,1.1136276645792278,1.0000000000000002,0.7286409874753665,0.0,0.7286409874753665,True,False
TATAAA,query_specific,4.0,48,1,18,confirmation,True,1.0,1.0902471287529614,1.0000000000000002,0.7844770300236907,0.0,0.7844770300236907,True,False
TATAAA,query_specific,4.0,48,1,19,confirmation,True,1.0,1.1136276645792278,1.0000000000000002,0.7286409874753665,0.0,0.7286409874753665,True,False
TATAAA,query_specific,4.0,48,1,20,confirmation,True,1.0,1.1136276645792278,1.0000000000000002,0.7286409874753665,0.0,0.7286409874753665,True,False
TATAAA,query_specific,4.0,48,1,21,confirmation,True,1.0,1.1136276645792278,1.0000000000000002,0.7286409874753665,0.0,0.7286409874753665,True,False
TATAAA,query_specific,4.0,48,1,22,confirmation,True,1.0,1.1136276645792278,1.0000000000000002,0.7286409874753665,0.0,0.7286409874753665,True,False
TATAAA,query_specific,4.0,48,1,23,confirmation,True,1.0,1.1136276645792278,1.0000000000000002,0.7286409874753665,0.0,0.7286409874753665,True,False
TATAAA,query_specific,4.0,48,2,0,discovery,True,1.0,1.0629858943585844,1.0000000000000002,0.8495807323030127,0.0,0.8495807323030127,True,False
TATAAA,query_specific,4.0,48,2,1,discovery,True,1.0,1.0629858943585844,1.0000000000000002,0.8495807323030127,0.0,0.8495807323030127,True,False
TATAAA,query_specific,4.0,48,2,2,discovery,True,1.0,1.0629858943585844,1.0000000000000002,0.8495807323030127,0.0,0.8495807323030127,True,False
TATAAA,query_specific,4.0,48,2,3,discovery,True,1.0,1.0629858943585844,1.0000000000000002,0.8495807323030127,0.0,0.8495807323030127,True,False
TATAAA,query_specific,4.0,48,2,4,discovery,True,1.0,1.0629858943585844,1.0000000000000002,0.8495807323030127,0.0,0.8495807323030127,True,False
TATAAA,query_specific,4.0,48,2,5,discovery,True,1.0,1.0629858943585844,1.0000000000000002,0.8495807323030127,0.0,0.8495807323030127,True,False
TATAAA,query_specific,4.0,48,2,6,discovery,True,1.0,1.0629858943585844,1.0000000000000002,0.8495807323030127,0.0,0.8495807323030127,True,False
TATAAA,query_specific,4.0,48,2,7,discovery,True,1.0,1.0629858943585844,1.0000000000000002,0.8495807323030127,0.0,0.8495807323030127,True,False
TATAAA,query_specific,4.0,48,2,8,discovery,True,1.0,1.0629858943585844,1.0000000000000002,0.8495807323030127,0.0,0.8495807323030127,True,False
TATAAA,query_specific,4.0,48,2,9,discovery,True,1.0,1.0421507263714993,1.0000000000000002,0.899338074686989,0.0,0.899338074686989,True,False
TATAAA,query_specific,4.0,48,2,10,discovery,True,1.0,1.0629858943585844,1.0000000000000002,0.8495807323030127,0.0,0.8495807323030127,True,False
TATAAA,query_specific,4.0,48,2,11,discovery,True,0.9999999999999998,1.0543456966092823,1.0000000000000002,0.8702147525299558,0.0,0.8702147525299558,True,False
TATAAA,query_specific,4.0,48,2,12,confirmation,True,1.0,1.0629858943585844,1.0000000000000002,0.8495807323030127,0.0,0.8495807323030127,True,False
TATAAA,query_specific,4.0,48,2,13,confirmation,True,1.0,1.0629858943585844,1.0000000000000002,0.8495807323030127,0.0,0.8495807323030127,True,False
TATAAA,query_specific,4.0,48,2,14,confirmation,True,1.0,1.0629858943585844,1.0000000000000002,0.8495807323030127,0.0,0.8495807323030127,True,False
TATAAA,query_specific,4.0,48,2,15,confirmation,True,1.0,1.0629858943585844,1.0000000000000002,0.8495807323030127,0.0,0.8495807323030127,True,False
TATAAA,query_specific,4.0,48,2,16,confirmation,True,1.0,1.0421507263714993,1.0000000000000002,0.8993380746869887,0.0,0.8993380746869887,True,False
TATAAA,query_specific,4.0,48,2,17,confirmation,True,1.0,1.0629858943585844,1.0000000000000002,0.8495807323030127,0.0,0.8495807323030127,True,False
TATAAA,query_specific,4.0,48,2,18,confirmation,True,0.9999999999999998,1.0543456966092823,1.0000000000000002,0.8702147525299558,0.0,0.8702147525299558,True,False
TATAAA,query_specific,4.0,48,2,19,confirmation,True,1.0,1.0629858943585844,1.0000000000000002,0.8495807323030127,0.0,0.8495807323030127,True,False
TATAAA,query_specific,4.0,48,2,20,confirmation,True,1.0,1.0629858943585844,1.0000000000000002,0.8495807323030127,0.0,0.8495807323030127,True,False
TATAAA,query_specific,4.0,48,2,21,confirmation,True,1.0,1.0629858943585844,1.0000000000000002,0.8495807323030127,0.0,0.8495807323030127,True,False
TATAAA,query_specific,4.0,48,2,22,confirmation,True,1.0,1.0629858943585844,1.0000000000000002,0.8495807323030127,0.0,0.8495807323030127,True,False
TATAAA,query_specific,4.0,48,2,23,confirmation,True,1.0,1.0629858943585844,1.0000000000000002,0.8495807323030127,0.0,0.8495807323030127,True,False
TATAAA,query_specific,4.0,88,1,0,discovery,True,1.0,1.1136276645792278,1.0000000000000002,0.7286409874753669,0.0,0.7286409874753669,True,False
TATAAA,query_specific,4.0,88,1,1,discovery,True,1.0,1.1136276645792278,1.0000000000000002,0.7286409874753669,0.0,0.7286409874753669,True,False
TATAAA,query_specific,4.0,88,1,2,discovery,True,1.0,1.1136276645792278,1.0000000000000002,0.7286409874753669,0.0,0.7286409874753669,True,False
TATAAA,query_specific,4.0,88,1,3,discovery,True,1.0,1.1136276645792278,1.0000000000000002,0.7286409874753669,0.0,0.7286409874753669,True,False
TATAAA,query_specific,4.0,88,1,4,discovery,True,1.0,1.1136276645792278,1.0000000000000002,0.7286409874753669,0.0,0.7286409874753669,True,False
TATAAA,query_specific,4.0,88,1,5,discovery,True,1.0,1.0902471287529614,1.0000000000000002,0.7844770300236908,0.0,0.7844770300236908,True,False
TATAAA,query_specific,4.0,88,1,6,discovery,True,1.0,1.1136276645792278,1.0000000000000002,0.7286409874753669,0.0,0.7286409874753669,True,False
TATAAA,query_specific,4.0,88,1,7,discovery,True,1.0,1.1136276645792278,1.0000000000000002,0.7286409874753669,0.0,0.7286409874753669,True,False
TATAAA,query_specific,4.0,88,1,8,discovery,True,1.0,1.1136276645792278,1.0000000000000002,0.7286409874753669,0.0,0.7286409874753669,True,False
TATAAA,query_specific,4.0,88,1,9,discovery,True,1.0,1.0629858943585844,1.0000000000000002,0.8495807323030127,0.0,0.8495807323030127,True,False
TATAAA,query_specific,4.0,88,1,10,discovery,True,1.0,1.1136276645792278,1.0000000000000002,0.7286409874753669,0.0,0.7286409874753669,True,False
TATAAA,query_specific,4.0,88,1,11,discovery,True,1.0,1.1136276645792278,1.0000000000000002,0.7286409874753669,0.0,0.7286409874753669,True,False
TATAAA,query_specific,4.0,88,1,12,confirmation,True,1.0,1.1136276645792278,1.0000000000000002,0.7286409874753669,0.0,0.7286409874753669,True,False
TATAAA,query_specific,4.0,88,1,13,confirmation,True,1.0,1.1136276645792278,1.0000000000000002,0.7286409874753669,0.0,0.7286409874753669,True,False
TATAAA,query_specific,4.0,88,1,14,confirmation,True,1.0,1.1136276645792278,1.0000000000000002,0.7286409874753669,0.0,0.7286409874753669,True,False
TATAAA,query_specific,4.0,88,1,15,confirmation,True,1.0,1.1136276645792278,1.0000000000000002,0.7286409874753669,0.0,0.7286409874753669,True,False
TATAAA,query_specific,4.0,88,1,16,confirmation,True,1.0,1.0629858943585844,1.0000000000000002,0.8495807323030127,0.0,0.8495807323030127,True,False
TATAAA,query_specific,4.0,88,1,17,confirmation,True,1.0,1.1136276645792278,1.0000000000000002,0.7286409874753669,0.0,0.7286409874753669,True,False
TATAAA,query_specific,4.0,88,1,18,confirmation,True,1.0,1.1136276645792278,1.0000000000000002,0.7286409874753669,0.0,0.7286409874753669,True,False
TATAAA,query_specific,4.0,88,1,19,confirmation,True,1.0,1.1136276645792278,1.0000000000000002,0.7286409874753669,0.0,0.7286409874753669,True,False
TATAAA,query_specific,4.0,88,1,20,confirmation,True,1.0,1.1136276645792278,1.0000000000000002,0.7286409874753669,0.0,0.7286409874753669,True,False
TATAAA,query_specific,4.0,88,1,21,confirmation,True,1.0,1.1136276645792278,1.0000000000000002,0.7286409874753669,0.0,0.7286409874753669,True,False
TATAAA,query_specific,4.0,88,1,22,confirmation,True,1.0,1.1136276645792278,1.0000000000000002,0.7286409874753669,0.0,0.7286409874753669,True,False
TATAAA,query_specific,4.0,88,1,23,confirmation,True,1.0,1.1136276645792278,1.0000000000000002,0.7286409874753669,0.0,0.7286409874753669,True,False
TATAAA,query_specific,4.0,88,2,0,discovery,True,1.0,1.0629858943585844,1.0000000000000002,0.8495807323030128,0.8495807323030128,0.8495807323030128,True,False
TATAAA,query_specific,4.0,88,2,1,discovery,True,1.0,1.0629858943585844,1.0000000000000002,0.8495807323030128,0.8495807323030128,0.8495807323030128,True,False
TATAAA,query_specific,4.0,88,2,2,discovery,True,1.0,1.0629858943585844,1.0000000000000002,0.8495807323030128,0.8495807323030128,0.8495807323030128,True,False
TATAAA,query_specific,4.0,88,2,3,discovery,True,1.0,1.0629858943585844,1.0000000000000002,0.8495807323030128,0.8495807323030128,0.8495807323030128,True,False
TATAAA,query_specific,4.0,88,2,4,discovery,True,1.0,1.0629858943585844,1.0000000000000002,0.8495807323030128,0.8495807323030128,0.8495807323030128,True,False
TATAAA,query_specific,4.0,88,2,5,discovery,True,0.9999999999999998,1.0543456966092823,1.0000000000000002,0.8702147525299558,0.8702147525299558,0.8702147525299558,True,False
TATAAA,query_specific,4.0,88,2,6,discovery,True,1.0,1.0629858943585844,1.0000000000000002,0.8495807323030128,0.8495807323030128,0.8495807323030128,True,False
TATAAA,query_specific,4.0,88,2,7,discovery,True,1.0,1.0629858943585844,1.0000000000000002,0.8495807323030128,0.8495807323030128,0.8495807323030128,True,False
TATAAA,query_specific,4.0,88,2,8,discovery,True,1.0,1.0629858943585844,1.0000000000000002,0.8495807323030128,0.8495807323030128,0.8495807323030128,True,False
TATAAA,query_specific,4.0,88,2,9,discovery,True,1.0,1.0421507263714993,1.0000000000000002,0.899338074686989,0.899338074686989,0.899338074686989,True,False
TATAAA,query_specific,4.0,88,2,10,discovery,True,1.0,1.0629858943585844,1.0000000000000002,0.8495807323030128,0.8495807323030128,0.8495807323030128,True,False
TATAAA,query_specific,4.0,88,2,11,discovery,True,1.0,1.0629858943585844,1.0000000000000002,0.8495807323030128,0.8495807323030128,0.8495807323030128,True,False
TATAAA,query_specific,4.0,88,2,12,confirmation,True,1.0,1.0629858943585844,1.0000000000000002,0.8495807323030128,0.8495807323030128,0.8495807323030128,True,False
TATAAA,query_specific,4.0,88,2,13,confirmation,True,1.0,1.0629858943585844,1.0000000000000002,0.8495807323030128,0.8495807323030128,0.8495807323030128,True,False
TATAAA,query_specific,4.0,88,2,14,confirmation,True,1.0,1.0629858943585844,1.0000000000000002,0.8495807323030128,0.8495807323030128,0.8495807323030128,True,False
TATAAA,query_specific,4.0,88,2,15,confirmation,True,1.0,1.0629858943585844,1.0000000000000002,0.8495807323030128,0.8495807323030128,0.8495807323030128,True,False
TATAAA,query_specific,4.0,88,2,16,confirmation,True,1.0,1.0421507263714993,1.0000000000000002,0.899338074686989,0.899338074686989,0.899338074686989,True,False
TATAAA,query_specific,4.0,88,2,17,confirmation,True,0.9999999999999998,1.0543456966092823,1.0000000000000002,0.8702147525299558,0.8702147525299558,0.8702147525299558,True,False
TATAAA,query_specific,4.0,88,2,18,confirmation,True,1.0,1.0629858943585844,1.0000000000000002,0.8495807323030128,0.8495807323030128,0.8495807323030128,True,False
TATAAA,query_specific,4.0,88,2,19,confirmation,True,1.0,1.0629858943585844,1.0000000000000002,0.8495807323030128,0.8495807323030128,0.8495807323030128,True,False
TATAAA,query_specific,4.0,88,2,20,confirmation,True,0.9999999999999998,1.0543456966092823,1.0000000000000002,0.8702147525299558,0.8702147525299558,0.8702147525299558,True,False
TATAAA,query_specific,4.0,88,2,21,confirmation,True,1.0,1.0629858943585844,1.0000000000000002,0.8495807323030128,0.8495807323030128,0.8495807323030128,True,False
TATAAA,query_specific,4.0,88,2,22,confirmation,True,1.0,1.0629858943585844,1.0000000000000002,0.8495807323030128,0.8495807323030128,0.8495807323030128,True,False
TATAAA,query_specific,4.0,88,2,23,confirmation,True,1.0,1.0629858943585844,1.0000000000000002,0.8495807323030128,0.8495807323030128,0.8495807323030128,True,False
TATAAA,distributed,0.25,8,1,0,discovery,True,1.0,1.2671549072869621,1.2671549072869566,0.029698943139538022,0.0013921379596658445,0.059397886279076044,True,False
TATAAA,distributed,0.25,8,1,1,discovery,True,1.0,1.2671549072869621,1.2671549072869566,0.029698943139538022,0.0013921379596658445,0.059397886279076044,True,False
TATAAA,distributed,0.25,8,1,2,discovery,True,1.0,1.2671549072869621,1.2671549072869566,0.029698943139538022,0.0013921379596658445,0.059397886279076044,True,False
TATAAA,distributed,0.25,8,1,3,discovery,True,1.0,1.2671549072869621,1.2671549072869566,0.029698943139538022,0.0013921379596658445,0.059397886279076044,True,False
TATAAA,distributed,0.25,8,1,4,discovery,True,1.0,1.2671549072869621,1.2671549072869566,0.029698943139538022,0.0013921379596658445,0.059397886279076044,True,False
TATAAA,distributed,0.25,8,1,5,discovery,True,1.0,1.2671549072869621,1.2671549072869566,0.029698943139538022,0.0013921379596658445,0.059397886279076044,True,False
TATAAA,distributed,0.25,8,1,6,discovery,True,1.0,1.2671549072869621,1.2671549072869566,0.029698943139538022,0.0013921379596658445,0.059397886279076044,True,False
TATAAA,distributed,0.25,8,1,7,discovery,True,1.0,1.2671549072869621,1.2671549072869566,0.029698943139538022,0.0013921379596658445,0.059397886279076044,True,False
TATAAA,distributed,0.25,8,1,8,discovery,True,1.0,1.2671549072869621,1.2671549072869566,0.029698943139538022,0.0013921379596658445,0.059397886279076044,True,False
TATAAA,distributed,0.25,8,1,9,discovery,True,1.0,1.2671549072869621,1.2671549072869566,0.029698943139538022,0.0013921379596658445,0.059397886279076044,True,False
TATAAA,distributed,0.25,8,1,10,discovery,True,1.0,1.2671549072869621,1.2671549072869566,0.029698943139538022,0.0013921379596658445,0.059397886279076044,True,False
TATAAA,distributed,0.25,8,1,11,discovery,True,1.0,1.2671549072869621,1.2671549072869566,0.029698943139538022,0.0013921379596658445,0.059397886279076044,True,False
TATAAA,distributed,0.25,8,1,12,confirmation,True,1.0,1.2671549072869621,1.2671549072869566,0.029698943139538022,0.0013921379596658445,0.059397886279076044,True,False
TATAAA,distributed,0.25,8,1,13,confirmation,True,1.0,1.2671549072869621,1.2671549072869566,0.029698943139538022,0.0013921379596658445,0.059397886279076044,True,False
TATAAA,distributed,0.25,8,1,14,confirmation,True,1.0,1.2671549072869621,1.2671549072869566,0.029698943139538022,0.0013921379596658445,0.059397886279076044,True,False
TATAAA,distributed,0.25,8,1,15,confirmation,True,1.0,1.2671549072869621,1.2671549072869566,0.029698943139538022,0.0013921379596658445,0.059397886279076044,True,False
TATAAA,distributed,0.25,8,1,16,confirmation,True,1.0,1.2507219641537413,1.2507219641537453,0.05862759206970683,0.005496336756535018,0.11725518413941366,True,False
TATAAA,distributed,0.25,8,1,17,confirmation,True,1.0,1.2671549072869621,1.2671549072869566,0.029698943139538022,0.0013921379596658445,0.059397886279076044,True,False
TATAAA,distributed,0.25,8,1,18,confirmation,True,1.0,1.2616294891034838,1.26162948910348,0.03942592153448378,0.0024641200959052366,0.07885184306896756,True,False
TATAAA,distributed,0.25,8,1,19,confirmation,True,1.0,1.2671549072869621,1.2671549072869566,0.029698943139538022,0.0013921379596658445,0.059397886279076044,True,False
TATAAA,distributed,0.25,8,1,20,confirmation,True,1.0,1.2671549072869621,1.2671549072869566,0.029698943139538022,0.0013921379596658445,0.059397886279076044,True,False
TATAAA,distributed,0.25,8,1,21,confirmation,True,1.0,1.2616294891034838,1.26162948910348,0.03942592153448378,0.0024641200959052366,0.07885184306896756,True,False
TATAAA,distributed,0.25,8,1,22,confirmation,True,1.0,1.2671549072869621,1.2671549072869566,0.029698943139538022,0.0013921379596658445,0.059397886279076044,True,False
TATAAA,distributed,0.25,8,1,23,confirmation,True,1.0,1.2671549072869621,1.2671549072869566,0.029698943139538022,0.0013921379596658445,0.059397886279076044,True,False
TATAAA,distributed,0.25,8,2,0,discovery,True,1.0,1.2507219641537413,1.2507219641537453,0.05862759206970683,0.005496336756535018,0.11725518413941366,True,False
TATAAA,distributed,0.25,8,2,1,discovery,True,1.0,1.2507219641537413,1.2507219641537453,0.05862759206970683,0.005496336756535018,0.11725518413941366,True,False
TATAAA,distributed,0.25,8,2,2,discovery,True,1.0,1.2507219641537413,1.2507219641537453,0.05862759206970683,0.005496336756535018,0.11725518413941366,True,False
TATAAA,distributed,0.25,8,2,3,discovery,True,1.0,1.2507219641537413,1.2507219641537453,0.05862759206970683,0.005496336756535018,0.11725518413941366,True,False
TATAAA,distributed,0.25,8,2,4,discovery,True,1.0,1.2507219641537413,1.2507219641537453,0.05862759206970683,0.005496336756535018,0.11725518413941366,True,False
TATAAA,distributed,0.25,8,2,5,discovery,True,1.0,1.2507219641537413,1.2507219641537453,0.05862759206970683,0.005496336756535018,0.11725518413941366,True,False
TATAAA,distributed,0.25,8,2,6,discovery,True,1.0,1.2507219641537413,1.2507219641537453,0.05862759206970683,0.005496336756535018,0.11725518413941366,True,False
TATAAA,distributed,0.25,8,2,7,discovery,True,1.0,1.2507219641537413,1.2507219641537453,0.05862759206970683,0.005496336756535018,0.11725518413941366,True,False
TATAAA,distributed,0.25,8,2,8,discovery,True,1.0,1.2507219641537413,1.2507219641537453,0.05862759206970683,0.005496336756535018,0.11725518413941366,True,False
TATAAA,distributed,0.25,8,2,9,discovery,True,1.0,1.2507219641537413,1.2507219641537453,0.05862759206970683,0.005496336756535018,0.11725518413941366,True,False
TATAAA,distributed,0.25,8,2,10,discovery,True,1.0,1.2507219641537413,1.2507219641537453,0.05862759206970683,0.005496336756535018,0.11725518413941366,True,False
TATAAA,distributed,0.25,8,2,11,discovery,True,1.0,1.2507219641537413,1.2507219641537453,0.05862759206970683,0.005496336756535018,0.11725518413941366,True,False
TATAAA,distributed,0.25,8,2,12,confirmation,True,1.0,1.2507219641537413,1.2507219641537453,0.05862759206970683,0.005496336756535018,0.11725518413941366,True,False
TATAAA,distributed,0.25,8,2,13,confirmation,True,1.0,1.2507219641537413,1.2507219641537453,0.05862759206970683,0.005496336756535018,0.11725518413941366,True,False
TATAAA,distributed,0.25,8,2,14,confirmation,True,1.0,1.2507219641537413,1.2507219641537453,0.05862759206970683,0.005496336756535018,0.11725518413941366,True,False
TATAAA,distributed,0.25,8,2,15,confirmation,True,1.0,1.2507219641537413,1.2507219641537453,0.05862759206970683,0.005496336756535018,0.11725518413941366,True,False
TATAAA,distributed,0.25,8,2,16,confirmation,True,1.0,1.2347097816563208,1.2347097816563297,0.08681553152271067,0.012208434120381188,0.17363106304542134,True,False
TATAAA,distributed,0.25,8,2,17,confirmation,True,1.0,1.2507219641537413,1.2507219641537453,0.05862759206970683,0.005496336756535018,0.11725518413941366,True,False
TATAAA,distributed,0.25,8,2,18,confirmation,True,1.0,1.2507219641537413,1.2507219641537453,0.05862759206970683,0.005496336756535018,0.11725518413941366,True,False
TATAAA,distributed,0.25,8,2,19,confirmation,True,1.0,1.2507219641537413,1.2507219641537453,0.05862759206970683,0.005496336756535018,0.11725518413941366,True,False
TATAAA,distributed,0.25,8,2,20,confirmation,True,1.0,1.2507219641537413,1.2507219641537453,0.05862759206970683,0.005496336756535018,0.11725518413941366,True,False
TATAAA,distributed,0.25,8,2,21,confirmation,True,0.9999999999999998,1.2453386237093733,1.245338623709385,0.068104455984107,0.007448924873261704,0.136208911968214,True,False
TATAAA,distributed,0.25,8,2,22,confirmation,True,1.0,1.2507219641537413,1.2507219641537453,0.05862759206970683,0.005496336756535018,0.11725518413941366,True,False
TATAAA,distributed,0.25,8,2,23,confirmation,True,1.0,1.2507219641537413,1.2507219641537453,0.05862759206970683,0.005496336756535018,0.11725518413941366,True,False
TATAAA,distributed,0.25,48,1,0,discovery,True,1.0,1.2671549072869621,1.2671549072869566,0.029698943139538022,0.0013921379596658445,0.059397886279076044,True,False
TATAAA,distributed,0.25,48,1,1,discovery,True,1.0,1.2671549072869621,1.2671549072869566,0.029698943139538022,0.0013921379596658445,0.059397886279076044,True,False
TATAAA,distributed,0.25,48,1,2,discovery,True,1.0,1.2671549072869621,1.2671549072869566,0.029698943139538022,0.0013921379596658445,0.059397886279076044,True,False
TATAAA,distributed,0.25,48,1,3,discovery,True,1.0,1.2671549072869621,1.2671549072869566,0.029698943139538022,0.0013921379596658445,0.059397886279076044,True,False
TATAAA,distributed,0.25,48,1,4,discovery,True,1.0,1.2671549072869621,1.2671549072869566,0.029698943139538022,0.0013921379596658445,0.059397886279076044,True,False
TATAAA,distributed,0.25,48,1,5,discovery,True,1.0,1.2671549072869621,1.2671549072869566,0.029698943139538022,0.0013921379596658445,0.059397886279076044,True,False
TATAAA,distributed,0.25,48,1,6,discovery,True,1.0,1.2671549072869621,1.2671549072869566,0.029698943139538022,0.0013921379596658445,0.059397886279076044,True,False
TATAAA,distributed,0.25,48,1,7,discovery,True,1.0,1.2671549072869621,1.2671549072869566,0.029698943139538022,0.0013921379596658445,0.059397886279076044,True,False
TATAAA,distributed,0.25,48,1,8,discovery,True,1.0,1.2671549072869621,1.2671549072869566,0.029698943139538022,0.0013921379596658445,0.059397886279076044,True,False
TATAAA,distributed,0.25,48,1,9,discovery,True,1.0,1.2507219641537413,1.2507219641537453,0.05862759206970683,0.005496336756535018,0.11725518413941366,True,False
TATAAA,distributed,0.25,48,1,10,discovery,True,1.0,1.2671549072869621,1.2671549072869566,0.029698943139538022,0.0013921379596658445,0.059397886279076044,True,False
TATAAA,distributed,0.25,48,1,11,discovery,True,1.0,1.2671549072869621,1.2671549072869566,0.029698943139538022,0.0013921379596658445,0.059397886279076044,True,False
TATAAA,distributed,0.25,48,1,12,confirmation,True,1.0,1.2671549072869621,1.2671549072869566,0.029698943139538022,0.0013921379596658445,0.059397886279076044,True,False
TATAAA,distributed,0.25,48,1,13,confirmation,True,1.0,1.2671549072869621,1.2671549072869566,0.029698943139538022,0.0013921379596658445,0.059397886279076044,True,False
TATAAA,distributed,0.25,48,1,14,confirmation,True,1.0,1.2671549072869621,1.2671549072869566,0.029698943139538022,0.0013921379596658445,0.059397886279076044,True,False
TATAAA,distributed,0.25,48,1,15,confirmation,True,1.0,1.2671549072869621,1.2671549072869566,0.029698943139538022,0.0013921379596658445,0.059397886279076044,True,False
TATAAA,distributed,0.25,48,1,16,confirmation,True,1.0,1.2507219641537413,1.2507219641537453,0.05862759206970683,0.005496336756535018,0.11725518413941366,True,False
TATAAA,distributed,0.25,48,1,17,confirmation,True,1.0,1.2671549072869621,1.2671549072869566,0.029698943139538022,0.0013921379596658445,0.059397886279076044,True,False
TATAAA,distributed,0.25,48,1,18,confirmation,True,1.0,1.2616294891034838,1.26162948910348,0.03942592153448378,0.0024641200959052366,0.07885184306896756,True,False
TATAAA,distributed,0.25,48,1,19,confirmation,True,1.0,1.2671549072869621,1.2671549072869566,0.029698943139538022,0.0013921379596658445,0.059397886279076044,True,False
TATAAA,distributed,0.25,48,1,20,confirmation,True,1.0,1.2671549072869621,1.2671549072869566,0.029698943139538022,0.0013921379596658445,0.059397886279076044,True,False
TATAAA,distributed,0.25,48,1,21,confirmation,True,1.0,1.2671549072869621,1.2671549072869566,0.029698943139538022,0.0013921379596658445,0.059397886279076044,True,False
TATAAA,distributed,0.25,48,1,22,confirmation,True,1.0,1.2671549072869621,1.2671549072869566,0.029698943139538022,0.0013921379596658445,0.059397886279076044,True,False
TATAAA,distributed,0.25,48,1,23,confirmation,True,1.0,1.2671549072869621,1.2671549072869566,0.029698943139538022,0.0013921379596658445,0.059397886279076044,True,False
TATAAA,distributed,0.25,48,2,0,discovery,True,1.0,1.2507219641537413,1.2507219641537453,0.05862759206970683,0.005496336756535018,0.11725518413941366,True,False
TATAAA,distributed,0.25,48,2,1,discovery,True,1.0,1.2507219641537413,1.2507219641537453,0.05862759206970683,0.005496336756535018,0.11725518413941366,True,False
TATAAA,distributed,0.25,48,2,2,discovery,True,1.0,1.2507219641537413,1.2507219641537453,0.05862759206970683,0.005496336756535018,0.11725518413941366,True,False
TATAAA,distributed,0.25,48,2,3,discovery,True,1.0,1.2507219641537413,1.2507219641537453,0.05862759206970683,0.005496336756535018,0.11725518413941366,True,False
TATAAA,distributed,0.25,48,2,4,discovery,True,1.0,1.2507219641537413,1.2507219641537453,0.05862759206970683,0.005496336756535018,0.11725518413941366,True,False
TATAAA,distributed,0.25,48,2,5,discovery,True,1.0,1.2507219641537413,1.2507219641537453,0.05862759206970683,0.005496336756535018,0.11725518413941366,True,False
TATAAA,distributed,0.25,48,2,6,discovery,True,1.0,1.2507219641537413,1.2507219641537453,0.05862759206970683,0.005496336756535018,0.11725518413941366,True,False
TATAAA,distributed,0.25,48,2,7,discovery,True,1.0,1.2507219641537413,1.2507219641537453,0.05862759206970683,0.005496336756535018,0.11725518413941366,True,False
TATAAA,distributed,0.25,48,2,8,discovery,True,1.0,1.2507219641537413,1.2507219641537453,0.05862759206970683,0.005496336756535018,0.11725518413941366,True,False
TATAAA,distributed,0.25,48,2,9,discovery,True,1.0,1.2347097816563208,1.2347097816563297,0.08681553152271067,0.012208434120381192,0.17363106304542134,True,False
TATAAA,distributed,0.25,48,2,10,discovery,True,1.0,1.2507219641537413,1.2507219641537453,0.05862759206970683,0.005496336756535018,0.11725518413941366,True,False
TATAAA,distributed,0.25,48,2,11,discovery,True,0.9999999999999998,1.2453386237093733,1.245338623709385,0.068104455984107,0.007448924873261704,0.136208911968214,True,False
TATAAA,distributed,0.25,48,2,12,confirmation,True,1.0,1.2507219641537413,1.2507219641537453,0.05862759206970683,0.005496336756535018,0.11725518413941366,True,False
TATAAA,distributed,0.25,48,2,13,confirmation,True,1.0,1.2507219641537413,1.2507219641537453,0.05862759206970683,0.005496336756535018,0.11725518413941366,True,False
TATAAA,distributed,0.25,48,2,14,confirmation,True,1.0,1.2507219641537413,1.2507219641537453,0.05862759206970683,0.005496336756535018,0.11725518413941366,True,False
TATAAA,distributed,0.25,48,2,15,confirmation,True,1.0,1.2507219641537413,1.2507219641537453,0.05862759206970683,0.005496336756535018,0.11725518413941366,True,False
TATAAA,distributed,0.25,48,2,16,confirmation,True,1.0,1.2347097816563208,1.2347097816563297,0.08681553152271067,0.012208434120381192,0.17363106304542134,True,False
TATAAA,distributed,0.25,48,2,17,confirmation,True,1.0,1.2507219641537413,1.2507219641537453,0.05862759206970683,0.005496336756535018,0.11725518413941366,True,False
TATAAA,distributed,0.25,48,2,18,confirmation,True,0.9999999999999998,1.2453386237093733,1.245338623709385,0.068104455984107,0.007448924873261704,0.136208911968214,True,False
TATAAA,distributed,0.25,48,2,19,confirmation,True,1.0,1.2507219641537413,1.2507219641537453,0.05862759206970683,0.005496336756535018,0.11725518413941366,True,False
TATAAA,distributed,0.25,48,2,20,confirmation,True,1.0,1.2507219641537413,1.2507219641537453,0.05862759206970683,0.005496336756535018,0.11725518413941366,True,False
TATAAA,distributed,0.25,48,2,21,confirmation,True,1.0,1.2507219641537413,1.2507219641537453,0.05862759206970683,0.005496336756535018,0.11725518413941366,True,False
TATAAA,distributed,0.25,48,2,22,confirmation,True,1.0,1.2507219641537413,1.2507219641537453,0.05862759206970683,0.005496336756535018,0.11725518413941366,True,False
TATAAA,distributed,0.25,48,2,23,confirmation,True,1.0,1.2507219641537413,1.2507219641537453,0.05862759206970683,0.005496336756535018,0.11725518413941366,True,False
TATAAA,distributed,0.25,88,1,0,discovery,True,1.0,1.2671549072869621,1.2671549072869566,0.029698943139538022,0.0013921379596658445,0.059397886279076044,True,False
TATAAA,distributed,0.25,88,1,1,discovery,True,1.0,1.2671549072869621,1.2671549072869566,0.029698943139538022,0.0013921379596658445,0.059397886279076044,True,False
TATAAA,distributed,0.25,88,1,2,discovery,True,1.0,1.2671549072869621,1.2671549072869566,0.029698943139538022,0.0013921379596658445,0.059397886279076044,True,False
TATAAA,distributed,0.25,88,1,3,discovery,True,1.0,1.2671549072869621,1.2671549072869566,0.029698943139538022,0.0013921379596658445,0.059397886279076044,True,False
TATAAA,distributed,0.25,88,1,4,discovery,True,1.0,1.2671549072869621,1.2671549072869566,0.029698943139538022,0.0013921379596658445,0.059397886279076044,True,False
TATAAA,distributed,0.25,88,1,5,discovery,True,1.0,1.2616294891034838,1.2616294891034825,0.03942592153448378,0.002464120095905237,0.07885184306896756,True,False
TATAAA,distributed,0.25,88,1,6,discovery,True,1.0,1.2671549072869621,1.2671549072869566,0.029698943139538022,0.0013921379596658445,0.059397886279076044,True,False
TATAAA,distributed,0.25,88,1,7,discovery,True,1.0,1.2671549072869621,1.2671549072869566,0.029698943139538022,0.0013921379596658445,0.059397886279076044,True,False
TATAAA,distributed,0.25,88,1,8,discovery,True,1.0,1.2671549072869621,1.2671549072869566,0.029698943139538022,0.0013921379596658445,0.059397886279076044,True,False
TATAAA,distributed,0.25,88,1,9,discovery,True,1.0,1.2507219641537413,1.2507219641537453,0.05862759206970683,0.005496336756535018,0.11725518413941366,True,False
TATAAA,distributed,0.25,88,1,10,discovery,True,1.0,1.2671549072869621,1.2671549072869566,0.029698943139538022,0.0013921379596658445,0.059397886279076044,True,False
TATAAA,distributed,0.25,88,1,11,discovery,True,1.0,1.2671549072869621,1.2671549072869566,0.029698943139538022,0.0013921379596658445,0.059397886279076044,True,False
TATAAA,distributed,0.25,88,1,12,confirmation,True,1.0,1.2671549072869621,1.2671549072869566,0.029698943139538022,0.0013921379596658445,0.059397886279076044,True,False
TATAAA,distributed,0.25,88,1,13,confirmation,True,1.0,1.2671549072869621,1.2671549072869566,0.029698943139538022,0.0013921379596658445,0.059397886279076044,True,False
TATAAA,distributed,0.25,88,1,14,confirmation,True,1.0,1.2671549072869621,1.2671549072869566,0.029698943139538022,0.0013921379596658445,0.059397886279076044,True,False
TATAAA,distributed,0.25,88,1,15,confirmation,True,1.0,1.2671549072869621,1.2671549072869566,0.029698943139538022,0.0013921379596658445,0.059397886279076044,True,False
TATAAA,distributed,0.25,88,1,16,confirmation,True,1.0,1.2507219641537413,1.2507219641537453,0.05862759206970683,0.005496336756535018,0.11725518413941366,True,False
TATAAA,distributed,0.25,88,1,17,confirmation,True,1.0,1.2671549072869621,1.2671549072869566,0.029698943139538022,0.0013921379596658445,0.059397886279076044,True,False
TATAAA,distributed,0.25,88,1,18,confirmation,True,1.0,1.2671549072869621,1.2671549072869566,0.029698943139538022,0.0013921379596658445,0.059397886279076044,True,False
TATAAA,distributed,0.25,88,1,19,confirmation,True,1.0,1.2671549072869621,1.2671549072869566,0.029698943139538022,0.0013921379596658445,0.059397886279076044,True,False
TATAAA,distributed,0.25,88,1,20,confirmation,True,1.0,1.2671549072869621,1.2671549072869566,0.029698943139538022,0.0013921379596658445,0.059397886279076044,True,False
TATAAA,distributed,0.25,88,1,21,confirmation,True,1.0,1.2671549072869621,1.2671549072869566,0.029698943139538022,0.0013921379596658445,0.059397886279076044,True,False
TATAAA,distributed,0.25,88,1,22,confirmation,True,1.0,1.2671549072869621,1.2671549072869566,0.029698943139538022,0.0013921379596658445,0.059397886279076044,True,False
TATAAA,distributed,0.25,88,1,23,confirmation,True,1.0,1.2671549072869621,1.2671549072869566,0.029698943139538022,0.0013921379596658445,0.059397886279076044,True,False
TATAAA,distributed,0.25,88,2,0,discovery,True,1.0,1.2507219641537415,1.2507219641537455,0.058627592069706885,0.00549633675653502,0.11725518413941377,True,False
TATAAA,distributed,0.25,88,2,1,discovery,True,1.0,1.2507219641537415,1.2507219641537455,0.058627592069706885,0.00549633675653502,0.11725518413941377,True,False
TATAAA,distributed,0.25,88,2,2,discovery,True,1.0,1.2507219641537415,1.2507219641537455,0.058627592069706885,0.00549633675653502,0.11725518413941377,True,False
TATAAA,distributed,0.25,88,2,3,discovery,True,1.0,1.2507219641537415,1.2507219641537455,0.058627592069706885,0.00549633675653502,0.11725518413941377,True,False
TATAAA,distributed,0.25,88,2,4,discovery,True,1.0,1.2507219641537415,1.2507219641537455,0.058627592069706885,0.00549633675653502,0.11725518413941377,True,False
TATAAA,distributed,0.25,88,2,5,discovery,True,0.9999999999999998,1.2453386237093733,1.245338623709385,0.06810445598410705,0.007448924873261706,0.1362089119682141,True,False
TATAAA,distributed,0.25,88,2,6,discovery,True,1.0,1.2507219641537415,1.2507219641537455,0.058627592069706885,0.00549633675653502,0.11725518413941377,True,False
TATAAA,distributed,0.25,88,2,7,discovery,True,1.0,1.2507219641537415,1.2507219641537455,0.058627592069706885,0.00549633675653502,0.11725518413941377,True,False
TATAAA,distributed,0.25,88,2,8,discovery,True,1.0,1.2507219641537415,1.2507219641537455,0.058627592069706885,0.00549633675653502,0.11725518413941377,True,False
TATAAA,distributed,0.25,88,2,9,discovery,True,1.0,1.2347097816563208,1.2347097816563297,0.08681553152271067,0.012208434120381192,0.17363106304542134,True,False
TATAAA,distributed,0.25,88,2,10,discovery,True,1.0,1.2507219641537415,1.2507219641537455,0.058627592069706885,0.00549633675653502,0.11725518413941377,True,False
TATAAA,distributed,0.25,88,2,11,discovery,True,1.0,1.2507219641537415,1.2507219641537455,0.058627592069706885,0.00549633675653502,0.11725518413941377,True,False
TATAAA,distributed,0.25,88,2,12,confirmation,True,1.0,1.2507219641537415,1.2507219641537455,0.058627592069706885,0.00549633675653502,0.11725518413941377,True,False
TATAAA,distributed,0.25,88,2,13,confirmation,True,1.0,1.2507219641537415,1.2507219641537455,0.058627592069706885,0.00549633675653502,0.11725518413941377,True,False
TATAAA,distributed,0.25,88,2,14,confirmation,True,1.0,1.2507219641537415,1.2507219641537455,0.058627592069706885,0.00549633675653502,0.11725518413941377,True,False
TATAAA,distributed,0.25,88,2,15,confirmation,True,1.0,1.2507219641537415,1.2507219641537455,0.058627592069706885,0.00549633675653502,0.11725518413941377,True,False
TATAAA,distributed,0.25,88,2,16,confirmation,True,1.0,1.2347097816563208,1.2347097816563297,0.08681553152271067,0.01220843412038119,0.17363106304542134,True,False
TATAAA,distributed,0.25,88,2,17,confirmation,True,0.9999999999999998,1.2453386237093733,1.245338623709385,0.06810445598410705,0.007448924873261706,0.1362089119682141,True,False
TATAAA,distributed,0.25,88,2,18,confirmation,True,1.0,1.2507219641537415,1.2507219641537455,0.058627592069706885,0.00549633675653502,0.11725518413941377,True,False
TATAAA,distributed,0.25,88,2,19,confirmation,True,1.0,1.2507219641537415,1.2507219641537455,0.058627592069706885,0.00549633675653502,0.11725518413941377,True,False
TATAAA,distributed,0.25,88,2,20,confirmation,True,0.9999999999999998,1.2453386237093733,1.245338623709385,0.06810445598410705,0.007448924873261706,0.1362089119682141,True,False
TATAAA,distributed,0.25,88,2,21,confirmation,True,1.0,1.2507219641537415,1.2507219641537455,0.058627592069706885,0.00549633675653502,0.11725518413941377,True,False
TATAAA,distributed,0.25,88,2,22,confirmation,True,1.0,1.2507219641537415,1.2507219641537455,0.058627592069706885,0.00549633675653502,0.11725518413941377,True,False
TATAAA,distributed,0.25,88,2,23,confirmation,True,1.0,1.2507219641537415,1.2507219641537455,0.058627592069706885,0.00549633675653502,0.11725518413941377,True,False
TATAAA,distributed,1.0,8,1,0,discovery,True,1.0,2.5156593988509997,2.515659398851016,0.05896076716057074,0.0027637859606517525,0.11792153432114148,True,True
TATAAA,distributed,1.0,8,1,1,discovery,True,1.0,2.5156593988509997,2.515659398851016,0.05896076716057074,0.0027637859606517525,0.11792153432114148,True,True
TATAAA,distributed,1.0,8,1,2,discovery,True,1.0,2.5156593988509997,2.515659398851016,0.05896076716057074,0.0027637859606517525,0.11792153432114148,True,True
TATAAA,distributed,1.0,8,1,3,discovery,True,1.0,2.5156593988509997,2.515659398851016,0.05896076716057074,0.0027637859606517525,0.11792153432114148,True,True
TATAAA,distributed,1.0,8,1,4,discovery,True,1.0,2.5156593988509997,2.515659398851016,0.05896076716057074,0.0027637859606517525,0.11792153432114148,True,True
TATAAA,distributed,1.0,8,1,5,discovery,True,1.0,2.5156593988509997,2.515659398851016,0.05896076716057074,0.0027637859606517525,0.11792153432114148,True,True
TATAAA,distributed,1.0,8,1,6,discovery,True,1.0,2.5156593988509997,2.515659398851016,0.05896076716057074,0.0027637859606517525,0.11792153432114148,True,True
TATAAA,distributed,1.0,8,1,7,discovery,True,1.0,2.5156593988509997,2.515659398851016,0.05896076716057074,0.0027637859606517525,0.11792153432114148,True,True
TATAAA,distributed,1.0,8,1,8,discovery,True,1.0,2.5156593988509997,2.515659398851016,0.05896076716057074,0.0027637859606517525,0.11792153432114148,True,True
TATAAA,distributed,1.0,8,1,9,discovery,True,1.0,2.5156593988509997,2.515659398851016,0.05896076716057074,0.0027637859606517525,0.11792153432114148,True,True
TATAAA,distributed,1.0,8,1,10,discovery,True,1.0,2.5156593988509997,2.515659398851016,0.05896076716057074,0.0027637859606517525,0.11792153432114148,True,True
TATAAA,distributed,1.0,8,1,11,discovery,True,1.0,2.5156593988509997,2.515659398851016,0.05896076716057074,0.0027637859606517525,0.11792153432114148,True,True
TATAAA,distributed,1.0,8,1,12,confirmation,True,1.0,2.5156593988509997,2.515659398851016,0.05896076716057074,0.0027637859606517525,0.11792153432114148,True,True
TATAAA,distributed,1.0,8,1,13,confirmation,True,1.0,2.5156593988509997,2.515659398851016,0.05896076716057074,0.0027637859606517525,0.11792153432114148,True,True
TATAAA,distributed,1.0,8,1,14,confirmation,True,1.0,2.5156593988509997,2.515659398851016,0.05896076716057074,0.0027637859606517525,0.11792153432114148,True,True
TATAAA,distributed,1.0,8,1,15,confirmation,True,1.0,2.5156593988509997,2.515659398851016,0.05896076716057074,0.0027637859606517525,0.11792153432114148,True,True
TATAAA,distributed,1.0,8,1,16,confirmation,True,1.0,2.341148708179244,2.3411487081792255,0.10974134569590116,0.010288251158990736,0.21948269139180232,True,True
TATAAA,distributed,1.0,8,1,17,confirmation,True,1.0,2.5156593988509997,2.515659398851016,0.05896076716057074,0.0027637859606517525,0.11792153432114148,True,True
TATAAA,distributed,1.0,8,1,18,confirmation,True,1.0,2.4546685551353824,2.454668555135363,0.07670839234798008,0.004794274521748754,0.15341678469596015,True,True
TATAAA,distributed,1.0,8,1,19,confirmation,True,1.0,2.5156593988509997,2.515659398851016,0.05896076716057074,0.0027637859606517525,0.11792153432114148,True,True
TATAAA,distributed,1.0,8,1,20,confirmation,True,1.0,2.5156593988509997,2.515659398851016,0.05896076716057074,0.0027637859606517525,0.11792153432114148,True,True
TATAAA,distributed,1.0,8,1,21,confirmation,True,1.0,2.4546685551353824,2.454668555135363,0.07670839234798008,0.004794274521748754,0.15341678469596015,True,True
TATAAA,distributed,1.0,8,1,22,confirmation,True,1.0,2.5156593988509997,2.515659398851016,0.05896076716057074,0.0027637859606517525,0.11792153432114148,True,True
TATAAA,distributed,1.0,8,1,23,confirmation,True,1.0,2.5156593988509997,2.515659398851016,0.05896076716057074,0.0027637859606517525,0.11792153432114148,True,True
TATAAA,distributed,1.0,8,2,0,discovery,True,1.0,2.341148708179244,2.3411487081792255,0.10974134569590116,0.010288251158990736,0.21948269139180232,True,True
TATAAA,distributed,1.0,8,2,1,discovery,True,1.0,2.341148708179244,2.3411487081792255,0.10974134569590116,0.010288251158990736,0.21948269139180232,True,True
TATAAA,distributed,1.0,8,2,2,discovery,True,1.0,2.341148708179244,2.3411487081792255,0.10974134569590116,0.010288251158990736,0.21948269139180232,True,True
TATAAA,distributed,1.0,8,2,3,discovery,True,1.0,2.341148708179244,2.3411487081792255,0.10974134569590116,0.010288251158990736,0.21948269139180232,True,True
TATAAA,distributed,1.0,8,2,4,discovery,True,1.0,2.341148708179244,2.3411487081792255,0.10974134569590116,0.010288251158990736,0.21948269139180232,True,True
TATAAA,distributed,1.0,8,2,5,discovery,True,1.0,2.341148708179244,2.3411487081792255,0.10974134569590116,0.010288251158990736,0.21948269139180232,True,True
TATAAA,distributed,1.0,8,2,6,discovery,True,1.0,2.341148708179244,2.3411487081792255,0.10974134569590116,0.010288251158990736,0.21948269139180232,True,True
TATAAA,distributed,1.0,8,2,7,discovery,True,1.0,2.341148708179244,2.3411487081792255,0.10974134569590116,0.010288251158990736,0.21948269139180232,True,True
TATAAA,distributed,1.0,8,2,8,discovery,True,1.0,2.341148708179244,2.3411487081792255,0.10974134569590116,0.010288251158990736,0.21948269139180232,True,True
TATAAA,distributed,1.0,8,2,9,discovery,True,1.0,2.341148708179244,2.3411487081792255,0.10974134569590116,0.010288251158990736,0.21948269139180232,True,True
TATAAA,distributed,1.0,8,2,10,discovery,True,1.0,2.341148708179244,2.3411487081792255,0.10974134569590116,0.010288251158990736,0.21948269139180232,True,True
TATAAA,distributed,1.0,8,2,11,discovery,True,1.0,2.341148708179244,2.3411487081792255,0.10974134569590116,0.010288251158990736,0.21948269139180232,True,True
TATAAA,distributed,1.0,8,2,12,confirmation,True,1.0,2.341148708179244,2.3411487081792255,0.10974134569590116,0.010288251158990736,0.21948269139180232,True,True
TATAAA,distributed,1.0,8,2,13,confirmation,True,1.0,2.341148708179244,2.3411487081792255,0.10974134569590116,0.010288251158990736,0.21948269139180232,True,True
TATAAA,distributed,1.0,8,2,14,confirmation,True,1.0,2.341148708179244,2.3411487081792255,0.10974134569590116,0.010288251158990736,0.21948269139180232,True,True
TATAAA,distributed,1.0,8,2,15,confirmation,True,1.0,2.341148708179244,2.3411487081792255,0.10974134569590116,0.010288251158990736,0.21948269139180232,True,True
TATAAA,distributed,1.0,8,2,16,confirmation,True,1.0,2.1892789510880806,2.1892789510880655,0.1539336762483797,0.021646923222428394,0.3078673524967594,True,True
TATAAA,distributed,1.0,8,2,17,confirmation,True,1.0,2.341148708179244,2.3411487081792255,0.10974134569590116,0.010288251158990736,0.21948269139180232,True,True
TATAAA,distributed,1.0,8,2,18,confirmation,True,1.0,2.341148708179244,2.3411487081792255,0.10974134569590116,0.010288251158990736,0.21948269139180232,True,True
TATAAA,distributed,1.0,8,2,19,confirmation,True,1.0,2.341148708179244,2.3411487081792255,0.10974134569590116,0.010288251158990736,0.21948269139180232,True,True
TATAAA,distributed,1.0,8,2,20,confirmation,True,1.0,2.341148708179244,2.3411487081792255,0.10974134569590116,0.010288251158990736,0.21948269139180232,True,True
TATAAA,distributed,1.0,8,2,21,confirmation,True,0.9999999999999998,2.2882372186987827,2.288237218698787,0.12513797289758985,0.01368696578567389,0.2502759457951797,True,True
TATAAA,distributed,1.0,8,2,22,confirmation,True,1.0,2.341148708179244,2.3411487081792255,0.10974134569590116,0.010288251158990736,0.21948269139180232,True,True
TATAAA,distributed,1.0,8,2,23,confirmation,True,1.0,2.341148708179244,2.3411487081792255,0.10974134569590116,0.010288251158990736,0.21948269139180232,True,True
TATAAA,distributed,1.0,48,1,0,discovery,True,1.0,2.5156593988509997,2.515659398851016,0.05896076716057074,0.0027637859606517525,0.11792153432114148,True,True
TATAAA,distributed,1.0,48,1,1,discovery,True,1.0,2.5156593988509997,2.515659398851016,0.05896076716057074,0.0027637859606517525,0.11792153432114148,True,True
TATAAA,distributed,1.0,48,1,2,discovery,True,1.0,2.5156593988509997,2.515659398851016,0.05896076716057074,0.0027637859606517525,0.11792153432114148,True,True
TATAAA,distributed,1.0,48,1,3,discovery,True,1.0,2.5156593988509997,2.515659398851016,0.05896076716057074,0.0027637859606517525,0.11792153432114148,True,True
TATAAA,distributed,1.0,48,1,4,discovery,True,1.0,2.5156593988509997,2.515659398851016,0.05896076716057074,0.0027637859606517525,0.11792153432114148,True,True
TATAAA,distributed,1.0,48,1,5,discovery,True,1.0,2.5156593988509997,2.515659398851016,0.05896076716057074,0.0027637859606517525,0.11792153432114148,True,True
TATAAA,distributed,1.0,48,1,6,discovery,True,1.0,2.5156593988509997,2.515659398851016,0.05896076716057074,0.0027637859606517525,0.11792153432114148,True,True
TATAAA,distributed,1.0,48,1,7,discovery,True,1.0,2.5156593988509997,2.515659398851016,0.05896076716057074,0.0027637859606517525,0.11792153432114148,True,True
TATAAA,distributed,1.0,48,1,8,discovery,True,1.0,2.5156593988509997,2.515659398851016,0.05896076716057074,0.0027637859606517525,0.11792153432114148,True,True
TATAAA,distributed,1.0,48,1,9,discovery,True,1.0,2.341148708179244,2.3411487081792255,0.10974134569590116,0.010288251158990736,0.21948269139180232,True,True
TATAAA,distributed,1.0,48,1,10,discovery,True,1.0,2.5156593988509997,2.515659398851016,0.05896076716057074,0.0027637859606517525,0.11792153432114148,True,True
TATAAA,distributed,1.0,48,1,11,discovery,True,1.0,2.5156593988509997,2.515659398851016,0.05896076716057074,0.0027637859606517525,0.11792153432114148,True,True
TATAAA,distributed,1.0,48,1,12,confirmation,True,1.0,2.5156593988509997,2.515659398851016,0.05896076716057074,0.0027637859606517525,0.11792153432114148,True,True
TATAAA,distributed,1.0,48,1,13,confirmation,True,1.0,2.5156593988509997,2.515659398851016,0.05896076716057074,0.0027637859606517525,0.11792153432114148,True,True
TATAAA,distributed,1.0,48,1,14,confirmation,True,1.0,2.5156593988509997,2.515659398851016,0.05896076716057074,0.0027637859606517525,0.11792153432114148,True,True
TATAAA,distributed,1.0,48,1,15,confirmation,True,1.0,2.5156593988509997,2.515659398851016,0.05896076716057074,0.0027637859606517525,0.11792153432114148,True,True
TATAAA,distributed,1.0,48,1,16,confirmation,True,1.0,2.341148708179244,2.3411487081792255,0.10974134569590116,0.010288251158990736,0.21948269139180232,True,True
TATAAA,distributed,1.0,48,1,17,confirmation,True,1.0,2.5156593988509997,2.515659398851016,0.05896076716057074,0.0027637859606517525,0.11792153432114148,True,True
TATAAA,distributed,1.0,48,1,18,confirmation,True,1.0,2.4546685551353824,2.454668555135363,0.07670839234798008,0.004794274521748754,0.15341678469596015,True,True
TATAAA,distributed,1.0,48,1,19,confirmation,True,1.0,2.5156593988509997,2.515659398851016,0.05896076716057074,0.0027637859606517525,0.11792153432114148,True,True
TATAAA,distributed,1.0,48,1,20,confirmation,True,1.0,2.5156593988509997,2.515659398851016,0.05896076716057074,0.0027637859606517525,0.11792153432114148,True,True
TATAAA,distributed,1.0,48,1,21,confirmation,True,1.0,2.5156593988509997,2.515659398851016,0.05896076716057074,0.0027637859606517525,0.11792153432114148,True,True
TATAAA,distributed,1.0,48,1,22,confirmation,True,1.0,2.5156593988509997,2.515659398851016,0.05896076716057074,0.0027637859606517525,0.11792153432114148,True,True
TATAAA,distributed,1.0,48,1,23,confirmation,True,1.0,2.5156593988509997,2.515659398851016,0.05896076716057074,0.0027637859606517525,0.11792153432114148,True,True
TATAAA,distributed,1.0,48,2,0,discovery,True,1.0,2.341148708179244,2.3411487081792255,0.10974134569590116,0.010288251158990736,0.21948269139180232,True,True
TATAAA,distributed,1.0,48,2,1,discovery,True,1.0,2.341148708179244,2.3411487081792255,0.10974134569590116,0.010288251158990736,0.21948269139180232,True,True
TATAAA,distributed,1.0,48,2,2,discovery,True,1.0,2.341148708179244,2.3411487081792255,0.10974134569590116,0.010288251158990736,0.21948269139180232,True,True
TATAAA,distributed,1.0,48,2,3,discovery,True,1.0,2.341148708179244,2.3411487081792255,0.10974134569590116,0.010288251158990736,0.21948269139180232,True,True
TATAAA,distributed,1.0,48,2,4,discovery,True,1.0,2.341148708179244,2.3411487081792255,0.10974134569590116,0.010288251158990736,0.21948269139180232,True,True
TATAAA,distributed,1.0,48,2,5,discovery,True,1.0,2.341148708179244,2.3411487081792255,0.10974134569590116,0.010288251158990736,0.21948269139180232,True,True
TATAAA,distributed,1.0,48,2,6,discovery,True,1.0,2.341148708179244,2.3411487081792255,0.10974134569590116,0.010288251158990736,0.21948269139180232,True,True
TATAAA,distributed,1.0,48,2,7,discovery,True,1.0,2.341148708179244,2.3411487081792255,0.10974134569590116,0.010288251158990736,0.21948269139180232,True,True
TATAAA,distributed,1.0,48,2,8,discovery,True,1.0,2.341148708179244,2.3411487081792255,0.10974134569590116,0.010288251158990736,0.21948269139180232,True,True
TATAAA,distributed,1.0,48,2,9,discovery,True,1.0,2.1892789510880806,2.1892789510880664,0.15393367624837978,0.021646923222428397,0.30786735249675956,True,True
TATAAA,distributed,1.0,48,2,10,discovery,True,1.0,2.341148708179244,2.3411487081792255,0.10974134569590116,0.010288251158990736,0.21948269139180232,True,True
TATAAA,distributed,1.0,48,2,11,discovery,True,0.9999999999999998,2.2882372186987827,2.288237218698787,0.12513797289758988,0.013686965785673893,0.25027594579517976,True,True
TATAAA,distributed,1.0,48,2,12,confirmation,True,1.0,2.341148708179244,2.3411487081792255,0.10974134569590116,0.010288251158990736,0.21948269139180232,True,True
TATAAA,distributed,1.0,48,2,13,confirmation,True,1.0,2.341148708179244,2.3411487081792255,0.10974134569590116,0.010288251158990736,0.21948269139180232,True,True
TATAAA,distributed,1.0,48,2,14,confirmation,True,1.0,2.341148708179244,2.3411487081792255,0.10974134569590116,0.010288251158990736,0.21948269139180232,True,True
TATAAA,distributed,1.0,48,2,15,confirmation,True,1.0,2.341148708179244,2.3411487081792255,0.10974134569590116,0.010288251158990736,0.21948269139180232,True,True
TATAAA,distributed,1.0,48,2,16,confirmation,True,1.0,2.1892789510880806,2.1892789510880664,0.15393367624837978,0.0216469232224284,0.30786735249675956,True,True
TATAAA,distributed,1.0,48,2,17,confirmation,True,1.0,2.341148708179244,2.3411487081792255,0.10974134569590116,0.010288251158990736,0.21948269139180232,True,True
TATAAA,distributed,1.0,48,2,18,confirmation,True,0.9999999999999998,2.2882372186987827,2.288237218698787,0.12513797289758985,0.01368696578567389,0.2502759457951797,True,True
TATAAA,distributed,1.0,48,2,19,confirmation,True,1.0,2.341148708179244,2.3411487081792255,0.10974134569590116,0.010288251158990736,0.21948269139180232,True,True
TATAAA,distributed,1.0,48,2,20,confirmation,True,1.0,2.341148708179244,2.3411487081792255,0.10974134569590116,0.010288251158990736,0.21948269139180232,True,True
TATAAA,distributed,1.0,48,2,21,confirmation,True,1.0,2.341148708179244,2.3411487081792255,0.10974134569590116,0.010288251158990736,0.21948269139180232,True,True
TATAAA,distributed,1.0,48,2,22,confirmation,True,1.0,2.341148708179244,2.3411487081792255,0.10974134569590116,0.010288251158990736,0.21948269139180232,True,True
TATAAA,distributed,1.0,48,2,23,confirmation,True,1.0,2.341148708179244,2.3411487081792255,0.10974134569590116,0.010288251158990736,0.21948269139180232,True,True
TATAAA,distributed,1.0,88,1,0,discovery,True,1.0,2.5156593988509997,2.515659398851016,0.05896076716057074,0.0027637859606517525,0.11792153432114148,True,True
TATAAA,distributed,1.0,88,1,1,discovery,True,1.0,2.5156593988509997,2.515659398851016,0.05896076716057074,0.0027637859606517525,0.11792153432114148,True,True
TATAAA,distributed,1.0,88,1,2,discovery,True,1.0,2.5156593988509997,2.515659398851016,0.05896076716057074,0.0027637859606517525,0.11792153432114148,True,True
TATAAA,distributed,1.0,88,1,3,discovery,True,1.0,2.5156593988509997,2.515659398851016,0.05896076716057074,0.0027637859606517525,0.11792153432114148,True,True
TATAAA,distributed,1.0,88,1,4,discovery,True,1.0,2.5156593988509997,2.515659398851016,0.05896076716057074,0.0027637859606517525,0.11792153432114148,True,True
TATAAA,distributed,1.0,88,1,5,discovery,True,1.0,2.454668555135383,2.454668555135363,0.07670839234798009,0.004794274521748755,0.15341678469596018,True,True
TATAAA,distributed,1.0,88,1,6,discovery,True,1.0,2.5156593988509997,2.515659398851016,0.05896076716057074,0.0027637859606517525,0.11792153432114148,True,True
TATAAA,distributed,1.0,88,1,7,discovery,True,1.0,2.5156593988509997,2.515659398851016,0.05896076716057074,0.0027637859606517525,0.11792153432114148,True,True
TATAAA,distributed,1.0,88,1,8,discovery,True,1.0,2.5156593988509997,2.515659398851016,0.05896076716057074,0.0027637859606517525,0.11792153432114148,True,True
TATAAA,distributed,1.0,88,1,9,discovery,True,1.0,2.341148708179244,2.341148708179226,0.10974134569590124,0.010288251158990739,0.2194826913918025,True,True
TATAAA,distributed,1.0,88,1,10,discovery,True,1.0,2.5156593988509997,2.515659398851016,0.05896076716057074,0.0027637859606517525,0.11792153432114148,True,True
TATAAA,distributed,1.0,88,1,11,discovery,True,1.0,2.5156593988509997,2.515659398851016,0.05896076716057074,0.0027637859606517525,0.11792153432114148,True,True
TATAAA,distributed,1.0,88,1,12,confirmation,True,1.0,2.5156593988509997,2.515659398851016,0.05896076716057074,0.0027637859606517525,0.11792153432114148,True,True
TATAAA,distributed,1.0,88,1,13,confirmation,True,1.0,2.5156593988509997,2.515659398851016,0.05896076716057074,0.0027637859606517525,0.11792153432114148,True,True
TATAAA,distributed,1.0,88,1,14,confirmation,True,1.0,2.5156593988509997,2.515659398851016,0.05896076716057074,0.0027637859606517525,0.11792153432114148,True,True
TATAAA,distributed,1.0,88,1,15,confirmation,True,1.0,2.5156593988509997,2.515659398851016,0.05896076716057074,0.0027637859606517525,0.11792153432114148,True,True
TATAAA,distributed,1.0,88,1,16,confirmation,True,1.0,2.341148708179244,2.3411487081792255,0.10974134569590116,0.010288251158990736,0.21948269139180232,True,True
TATAAA,distributed,1.0,88,1,17,confirmation,True,1.0,2.5156593988509997,2.515659398851016,0.05896076716057074,0.0027637859606517525,0.11792153432114148,True,True
TATAAA,distributed,1.0,88,1,18,confirmation,True,1.0,2.5156593988509997,2.515659398851016,0.05896076716057074,0.0027637859606517525,0.11792153432114148,True,True
TATAAA,distributed,1.0,88,1,19,confirmation,True,1.0,2.5156593988509997,2.515659398851016,0.05896076716057074,0.0027637859606517525,0.11792153432114148,True,True
TATAAA,distributed,1.0,88,1,20,confirmation,True,1.0,2.5156593988509997,2.515659398851016,0.05896076716057074,0.0027637859606517525,0.11792153432114148,True,True
TATAAA,distributed,1.0,88,1,21,confirmation,True,1.0,2.5156593988509997,2.515659398851016,0.05896076716057074,0.0027637859606517525,0.11792153432114148,True,True
TATAAA,distributed,1.0,88,1,22,confirmation,True,1.0,2.5156593988509997,2.515659398851016,0.05896076716057074,0.0027637859606517525,0.11792153432114148,True,True
TATAAA,distributed,1.0,88,1,23,confirmation,True,1.0,2.5156593988509997,2.515659398851016,0.05896076716057074,0.0027637859606517525,0.11792153432114148,True,True
TATAAA,distributed,1.0,88,2,0,discovery,True,1.0,2.341148708179244,2.341148708179226,0.10974134569590124,0.010288251158990739,0.2194826913918025,True,True
TATAAA,distributed,1.0,88,2,1,discovery,True,1.0,2.341148708179244,2.341148708179226,0.10974134569590124,0.010288251158990739,0.2194826913918025,True,True
TATAAA,distributed,1.0,88,2,2,discovery,True,1.0,2.341148708179244,2.341148708179226,0.10974134569590124,0.010288251158990739,0.2194826913918025,True,True
TATAAA,distributed,1.0,88,2,3,discovery,True,1.0,2.341148708179244,2.341148708179226,0.10974134569590124,0.010288251158990739,0.2194826913918025,True,True
TATAAA,distributed,1.0,88,2,4,discovery,True,1.0,2.341148708179244,2.341148708179226,0.10974134569590124,0.010288251158990739,0.2194826913918025,True,True
TATAAA,distributed,1.0,88,2,5,discovery,True,0.9999999999999998,2.2882372186987827,2.288237218698787,0.12513797289758988,0.013686965785673893,0.25027594579517976,True,True
TATAAA,distributed,1.0,88,2,6,discovery,True,1.0,2.341148708179244,2.341148708179226,0.10974134569590124,0.010288251158990739,0.2194826913918025,True,True
TATAAA,distributed,1.0,88,2,7,discovery,True,1.0,2.341148708179244,2.341148708179226,0.10974134569590124,0.010288251158990739,0.2194826913918025,True,True
TATAAA,distributed,1.0,88,2,8,discovery,True,1.0,2.341148708179244,2.341148708179226,0.10974134569590124,0.010288251158990739,0.2194826913918025,True,True
TATAAA,distributed,1.0,88,2,9,discovery,True,1.0,2.1892789510880806,2.1892789510880664,0.15393367624837978,0.0216469232224284,0.30786735249675956,True,True
TATAAA,distributed,1.0,88,2,10,discovery,True,1.0,2.341148708179244,2.341148708179226,0.10974134569590124,0.010288251158990739,0.2194826913918025,True,True
TATAAA,distributed,1.0,88,2,11,discovery,True,1.0,2.341148708179244,2.341148708179226,0.10974134569590124,0.010288251158990739,0.2194826913918025,True,True
TATAAA,distributed,1.0,88,2,12,confirmation,True,1.0,2.341148708179244,2.341148708179226,0.10974134569590124,0.010288251158990739,0.2194826913918025,True,True
TATAAA,distributed,1.0,88,2,13,confirmation,True,1.0,2.341148708179244,2.341148708179226,0.10974134569590124,0.010288251158990739,0.2194826913918025,True,True
TATAAA,distributed,1.0,88,2,14,confirmation,True,1.0,2.341148708179244,2.341148708179226,0.10974134569590124,0.010288251158990739,0.2194826913918025,True,True
TATAAA,distributed,1.0,88,2,15,confirmation,True,1.0,2.341148708179244,2.341148708179226,0.10974134569590124,0.010288251158990739,0.2194826913918025,True,True
TATAAA,distributed,1.0,88,2,16,confirmation,True,1.0,2.1892789510880806,2.1892789510880664,0.15393367624837978,0.0216469232224284,0.30786735249675956,True,True
TATAAA,distributed,1.0,88,2,17,confirmation,True,0.9999999999999998,2.2882372186987827,2.288237218698787,0.12513797289758988,0.013686965785673893,0.25027594579517976,True,True
TATAAA,distributed,1.0,88,2,18,confirmation,True,1.0,2.341148708179244,2.341148708179226,0.10974134569590124,0.010288251158990739,0.2194826913918025,True,True
TATAAA,distributed,1.0,88,2,19,confirmation,True,1.0,2.341148708179244,2.341148708179226,0.10974134569590124,0.010288251158990739,0.2194826913918025,True,True
TATAAA,distributed,1.0,88,2,20,confirmation,True,0.9999999999999998,2.2882372186987827,2.288237218698787,0.12513797289758988,0.013686965785673893,0.25027594579517976,True,True
TATAAA,distributed,1.0,88,2,21,confirmation,True,1.0,2.341148708179244,2.341148708179226,0.10974134569590124,0.010288251158990739,0.2194826913918025,True,True
TATAAA,distributed,1.0,88,2,22,confirmation,True,1.0,2.341148708179244,2.341148708179226,0.10974134569590124,0.010288251158990739,0.2194826913918025,True,True
TATAAA,distributed,1.0,88,2,23,confirmation,True,1.0,2.341148708179244,2.341148708179226,0.10974134569590124,0.010288251158990739,0.2194826913918025,True,True
TATAAA,distributed,4.0,8,1,0,discovery,True,1.0,15.544341066141051,15.544341066141156,0.3643204937376832,0.0170775231439539,0.7286409874753664,True,True
TATAAA,distributed,4.0,8,1,1,discovery,True,1.0,15.544341066141051,15.544341066141156,0.3643204937376832,0.0170775231439539,0.7286409874753664,True,True
TATAAA,distributed,4.0,8,1,2,discovery,True,1.0,15.544341066141051,15.544341066141156,0.3643204937376832,0.0170775231439539,0.7286409874753664,True,True
TATAAA,distributed,4.0,8,1,3,discovery,True,1.0,15.544341066141051,15.544341066141156,0.3643204937376832,0.0170775231439539,0.7286409874753664,True,True
TATAAA,distributed,4.0,8,1,4,discovery,True,1.0,15.544341066141051,15.544341066141156,0.3643204937376832,0.0170775231439539,0.7286409874753664,True,True
TATAAA,distributed,4.0,8,1,5,discovery,True,1.0,15.544341066141051,15.544341066141156,0.3643204937376832,0.0170775231439539,0.7286409874753664,True,True
TATAAA,distributed,4.0,8,1,6,discovery,True,1.0,15.544341066141051,15.544341066141156,0.3643204937376832,0.0170775231439539,0.7286409874753664,True,True
TATAAA,distributed,4.0,8,1,7,discovery,True,1.0,15.544341066141051,15.544341066141156,0.3643204937376832,0.0170775231439539,0.7286409874753664,True,True
TATAAA,distributed,4.0,8,1,8,discovery,True,1.0,15.544341066141051,15.544341066141156,0.3643204937376832,0.0170775231439539,0.7286409874753664,True,True
TATAAA,distributed,4.0,8,1,9,discovery,True,1.0,15.544341066141051,15.544341066141156,0.3643204937376832,0.0170775231439539,0.7286409874753664,True,True
TATAAA,distributed,4.0,8,1,10,discovery,True,1.0,15.544341066141051,15.544341066141156,0.3643204937376832,0.0170775231439539,0.7286409874753664,True,True
TATAAA,distributed,4.0,8,1,11,discovery,True,1.0,15.544341066141051,15.544341066141156,0.3643204937376832,0.0170775231439539,0.7286409874753664,True,True
TATAAA,distributed,4.0,8,1,12,confirmation,True,1.0,15.544341066141051,15.544341066141156,0.3643204937376832,0.0170775231439539,0.7286409874753664,True,True
TATAAA,distributed,4.0,8,1,13,confirmation,True,1.0,15.544341066141051,15.544341066141156,0.3643204937376832,0.0170775231439539,0.7286409874753664,True,True
TATAAA,distributed,4.0,8,1,14,confirmation,True,1.0,15.544341066141051,15.544341066141156,0.3643204937376832,0.0170775231439539,0.7286409874753664,True,True
TATAAA,distributed,4.0,8,1,15,confirmation,True,1.0,15.544341066141051,15.544341066141156,0.3643204937376832,0.0170775231439539,0.7286409874753664,True,True
TATAAA,distributed,4.0,8,1,16,confirmation,True,1.0,9.062194477898755,9.062194477898801,0.4247903661515063,0.03982409682670372,0.8495807323030126,True,True
TATAAA,distributed,4.0,8,1,17,confirmation,True,1.0,15.544341066141051,15.544341066141156,0.3643204937376832,0.0170775231439539,0.7286409874753664,True,True
TATAAA,distributed,4.0,8,1,18,confirmation,True,1.0,12.551632480379032,12.551632480379036,0.39223851501184537,0.02451490718824033,0.7844770300236907,True,True
TATAAA,distributed,4.0,8,1,19,confirmation,True,1.0,15.544341066141051,15.544341066141156,0.3643204937376832,0.0170775231439539,0.7286409874753664,True,True
TATAAA,distributed,4.0,8,1,20,confirmation,True,1.0,15.544341066141051,15.544341066141156,0.3643204937376832,0.0170775231439539,0.7286409874753664,True,True
TATAAA,distributed,4.0,8,1,21,confirmation,True,1.0,12.551632480379032,12.551632480379036,0.39223851501184537,0.02451490718824033,0.7844770300236907,True,True
TATAAA,distributed,4.0,8,1,22,confirmation,True,1.0,15.544341066141051,15.544341066141156,0.3643204937376832,0.0170775231439539,0.7286409874753664,True,True
TATAAA,distributed,4.0,8,1,23,confirmation,True,1.0,15.544341066141051,15.544341066141156,0.3643204937376832,0.0170775231439539,0.7286409874753664,True,True
TATAAA,distributed,4.0,8,2,0,discovery,True,1.0,9.062194477898755,9.062194477898801,0.4247903661515063,0.03982409682670372,0.8495807323030126,True,True
TATAAA,distributed,4.0,8,2,1,discovery,True,1.0,9.062194477898755,9.062194477898801,0.4247903661515063,0.03982409682670372,0.8495807323030126,True,True
TATAAA,distributed,4.0,8,2,2,discovery,True,1.0,9.062194477898755,9.062194477898801,0.4247903661515063,0.03982409682670372,0.8495807323030126,True,True
TATAAA,distributed,4.0,8,2,3,discovery,True,1.0,9.062194477898755,9.062194477898801,0.4247903661515063,0.03982409682670372,0.8495807323030126,True,True
TATAAA,distributed,4.0,8,2,4,discovery,True,1.0,9.062194477898755,9.062194477898801,0.4247903661515063,0.03982409682670372,0.8495807323030126,True,True
TATAAA,distributed,4.0,8,2,5,discovery,True,1.0,9.062194477898755,9.062194477898801,0.4247903661515063,0.03982409682670372,0.8495807323030126,True,True
TATAAA,distributed,4.0,8,2,6,discovery,True,1.0,9.062194477898755,9.062194477898801,0.4247903661515063,0.03982409682670372,0.8495807323030126,True,True
TATAAA,distributed,4.0,8,2,7,discovery,True,1.0,9.062194477898755,9.062194477898801,0.4247903661515063,0.03982409682670372,0.8495807323030126,True,True
TATAAA,distributed,4.0,8,2,8,discovery,True,1.0,9.062194477898755,9.062194477898801,0.4247903661515063,0.03982409682670372,0.8495807323030126,True,True
TATAAA,distributed,4.0,8,2,9,discovery,True,1.0,9.062194477898755,9.062194477898801,0.4247903661515063,0.03982409682670372,0.8495807323030126,True,True
TATAAA,distributed,4.0,8,2,10,discovery,True,1.0,9.062194477898755,9.062194477898801,0.4247903661515063,0.03982409682670372,0.8495807323030126,True,True
TATAAA,distributed,4.0,8,2,11,discovery,True,1.0,9.062194477898755,9.062194477898801,0.4247903661515063,0.03982409682670372,0.8495807323030126,True,True
TATAAA,distributed,4.0,8,2,12,confirmation,True,1.0,9.062194477898755,9.062194477898801,0.4247903661515063,0.03982409682670372,0.8495807323030126,True,True
TATAAA,distributed,4.0,8,2,13,confirmation,True,1.0,9.062194477898755,9.062194477898801,0.4247903661515063,0.03982409682670372,0.8495807323030126,True,True
TATAAA,distributed,4.0,8,2,14,confirmation,True,1.0,9.062194477898755,9.062194477898801,0.4247903661515063,0.03982409682670372,0.8495807323030126,True,True
TATAAA,distributed,4.0,8,2,15,confirmation,True,1.0,9.062194477898755,9.062194477898801,0.4247903661515063,0.03982409682670372,0.8495807323030126,True,True
TATAAA,distributed,4.0,8,2,16,confirmation,True,1.0,6.395292975551912,6.395292975551921,0.44966903734349445,0.06323470837642889,0.8993380746869889,True,True
TATAAA,distributed,4.0,8,2,17,confirmation,True,1.0,9.062194477898755,9.062194477898801,0.4247903661515063,0.03982409682670372,0.8495807323030126,True,True
TATAAA,distributed,4.0,8,2,18,confirmation,True,1.0,9.062194477898755,9.062194477898801,0.4247903661515063,0.03982409682670372,0.8495807323030126,True,True
TATAAA,distributed,4.0,8,2,19,confirmation,True,1.0,9.062194477898755,9.062194477898801,0.4247903661515063,0.03982409682670372,0.8495807323030126,True,True
TATAAA,distributed,4.0,8,2,20,confirmation,True,1.0,9.062194477898755,9.062194477898801,0.4247903661515063,0.03982409682670372,0.8495807323030126,True,True
TATAAA,distributed,4.0,8,2,21,confirmation,True,0.9999999999999998,7.9562491659881145,7.956249165988165,0.4351073762649778,0.047589869278981956,0.8702147525299556,True,True
TATAAA,distributed,4.0,8,2,22,confirmation,True,1.0,9.062194477898755,9.062194477898801,0.4247903661515063,0.03982409682670372,0.8495807323030126,True,True
TATAAA,distributed,4.0,8,2,23,confirmation,True,1.0,9.062194477898755,9.062194477898801,0.4247903661515063,0.03982409682670372,0.8495807323030126,True,True
TATAAA,distributed,4.0,48,1,0,discovery,True,1.0,15.544341066141051,15.544341066141156,0.3643204937376832,0.0170775231439539,0.7286409874753664,True,True
TATAAA,distributed,4.0,48,1,1,discovery,True,1.0,15.544341066141051,15.544341066141156,0.3643204937376832,0.0170775231439539,0.7286409874753664,True,True
TATAAA,distributed,4.0,48,1,2,discovery,True,1.0,15.544341066141051,15.544341066141156,0.3643204937376832,0.0170775231439539,0.7286409874753664,True,True
TATAAA,distributed,4.0,48,1,3,discovery,True,1.0,15.544341066141051,15.544341066141156,0.3643204937376832,0.0170775231439539,0.7286409874753664,True,True
TATAAA,distributed,4.0,48,1,4,discovery,True,1.0,15.544341066141051,15.544341066141156,0.3643204937376832,0.0170775231439539,0.7286409874753664,True,True
TATAAA,distributed,4.0,48,1,5,discovery,True,1.0,15.544341066141051,15.544341066141156,0.3643204937376832,0.0170775231439539,0.7286409874753664,True,True
TATAAA,distributed,4.0,48,1,6,discovery,True,1.0,15.544341066141051,15.544341066141156,0.3643204937376832,0.0170775231439539,0.7286409874753664,True,True
TATAAA,distributed,4.0,48,1,7,discovery,True,1.0,15.544341066141051,15.544341066141156,0.3643204937376832,0.0170775231439539,0.7286409874753664,True,True
TATAAA,distributed,4.0,48,1,8,discovery,True,1.0,15.544341066141051,15.544341066141156,0.3643204937376832,0.0170775231439539,0.7286409874753664,True,True
TATAAA,distributed,4.0,48,1,9,discovery,True,1.0,9.062194477898755,9.062194477898801,0.4247903661515063,0.03982409682670372,0.8495807323030126,True,True
TATAAA,distributed,4.0,48,1,10,discovery,True,1.0,15.544341066141051,15.544341066141156,0.3643204937376832,0.0170775231439539,0.7286409874753664,True,True
TATAAA,distributed,4.0,48,1,11,discovery,True,1.0,15.544341066141051,15.544341066141156,0.3643204937376832,0.0170775231439539,0.7286409874753664,True,True
TATAAA,distributed,4.0,48,1,12,confirmation,True,1.0,15.544341066141051,15.544341066141156,0.3643204937376832,0.0170775231439539,0.7286409874753664,True,True
TATAAA,distributed,4.0,48,1,13,confirmation,True,1.0,15.544341066141051,15.544341066141156,0.3643204937376832,0.0170775231439539,0.7286409874753664,True,True
TATAAA,distributed,4.0,48,1,14,confirmation,True,1.0,15.544341066141051,15.544341066141156,0.3643204937376832,0.0170775231439539,0.7286409874753664,True,True
TATAAA,distributed,4.0,48,1,15,confirmation,True,1.0,15.544341066141051,15.544341066141156,0.3643204937376832,0.0170775231439539,0.7286409874753664,True,True
TATAAA,distributed,4.0,48,1,16,confirmation,True,1.0,9.062194477898755,9.062194477898801,0.4247903661515063,0.03982409682670372,0.8495807323030126,True,True
TATAAA,distributed,4.0,48,1,17,confirmation,True,1.0,15.544341066141051,15.544341066141156,0.3643204937376832,0.0170775231439539,0.7286409874753664,True,True
TATAAA,distributed,4.0,48,1,18,confirmation,True,1.0,12.551632480379032,12.551632480379055,0.3922385150118454,0.024514907188240335,0.7844770300236908,True,True
TATAAA,distributed,4.0,48,1,19,confirmation,True,1.0,15.544341066141051,15.544341066141156,0.3643204937376832,0.0170775231439539,0.7286409874753664,True,True
TATAAA,distributed,4.0,48,1,20,confirmation,True,1.0,15.544341066141051,15.544341066141156,0.3643204937376832,0.0170775231439539,0.7286409874753664,True,True
TATAAA,distributed,4.0,48,1,21,confirmation,True,1.0,15.544341066141051,15.544341066141156,0.3643204937376832,0.0170775231439539,0.7286409874753664,True,True
TATAAA,distributed,4.0,48,1,22,confirmation,True,1.0,15.544341066141051,15.544341066141156,0.3643204937376832,0.0170775231439539,0.7286409874753664,True,True
TATAAA,distributed,4.0,48,1,23,confirmation,True,1.0,15.544341066141051,15.544341066141156,0.3643204937376832,0.0170775231439539,0.7286409874753664,True,True
TATAAA,distributed,4.0,48,2,0,discovery,True,1.0,9.062194477898755,9.062194477898801,0.4247903661515063,0.03982409682670372,0.8495807323030126,True,True
TATAAA,distributed,4.0,48,2,1,discovery,True,1.0,9.062194477898755,9.062194477898801,0.4247903661515063,0.03982409682670372,0.8495807323030126,True,True
TATAAA,distributed,4.0,48,2,2,discovery,True,1.0,9.062194477898755,9.062194477898801,0.4247903661515063,0.03982409682670372,0.8495807323030126,True,True
TATAAA,distributed,4.0,48,2,3,discovery,True,1.0,9.062194477898755,9.062194477898801,0.4247903661515063,0.03982409682670372,0.8495807323030126,True,True
TATAAA,distributed,4.0,48,2,4,discovery,True,1.0,9.062194477898755,9.062194477898801,0.4247903661515063,0.03982409682670372,0.8495807323030126,True,True
TATAAA,distributed,4.0,48,2,5,discovery,True,1.0,9.062194477898755,9.062194477898801,0.4247903661515063,0.03982409682670372,0.8495807323030126,True,True
TATAAA,distributed,4.0,48,2,6,discovery,True,1.0,9.062194477898755,9.062194477898801,0.4247903661515063,0.03982409682670372,0.8495807323030126,True,True
TATAAA,distributed,4.0,48,2,7,discovery,True,1.0,9.062194477898755,9.062194477898801,0.4247903661515063,0.03982409682670372,0.8495807323030126,True,True
TATAAA,distributed,4.0,48,2,8,discovery,True,1.0,9.062194477898755,9.062194477898801,0.4247903661515063,0.03982409682670372,0.8495807323030126,True,True
TATAAA,distributed,4.0,48,2,9,discovery,True,1.0,6.395292975551912,6.395292975551921,0.44966903734349456,0.06323470837642892,0.8993380746869891,True,True
TATAAA,distributed,4.0,48,2,10,discovery,True,1.0,9.062194477898755,9.062194477898801,0.4247903661515063,0.03982409682670372,0.8495807323030126,True,True
TATAAA,distributed,4.0,48,2,11,discovery,True,0.9999999999999998,7.9562491659881145,7.956249165988165,0.4351073762649778,0.047589869278981956,0.8702147525299556,True,True
TATAAA,distributed,4.0,48,2,12,confirmation,True,1.0,9.062194477898755,9.062194477898801,0.4247903661515063,0.03982409682670372,0.8495807323030126,True,True
TATAAA,distributed,4.0,48,2,13,confirmation,True,1.0,9.062194477898755,9.062194477898801,0.4247903661515063,0.03982409682670372,0.8495807323030126,True,True
TATAAA,distributed,4.0,48,2,14,confirmation,True,1.0,9.062194477898755,9.062194477898801,0.4247903661515063,0.03982409682670372,0.8495807323030126,True,True
TATAAA,distributed,4.0,48,2,15,confirmation,True,1.0,9.062194477898755,9.062194477898801,0.4247903661515063,0.03982409682670372,0.8495807323030126,True,True
TATAAA,distributed,4.0,48,2,16,confirmation,True,1.0,6.395292975551912,6.395292975551921,0.44966903734349445,0.06323470837642889,0.8993380746869889,True,True
TATAAA,distributed,4.0,48,2,17,confirmation,True,1.0,9.062194477898755,9.062194477898801,0.4247903661515063,0.03982409682670372,0.8495807323030126,True,True
TATAAA,distributed,4.0,48,2,18,confirmation,True,0.9999999999999998,7.9562491659881145,7.956249165988165,0.4351073762649778,0.047589869278981956,0.8702147525299556,True,True
TATAAA,distributed,4.0,48,2,19,confirmation,True,1.0,9.062194477898755,9.062194477898801,0.4247903661515063,0.03982409682670372,0.8495807323030126,True,True
TATAAA,distributed,4.0,48,2,20,confirmation,True,1.0,9.062194477898755,9.062194477898801,0.4247903661515063,0.03982409682670372,0.8495807323030126,True,True
TATAAA,distributed,4.0,48,2,21,confirmation,True,1.0,9.062194477898755,9.062194477898801,0.4247903661515063,0.03982409682670372,0.8495807323030126,True,True
TATAAA,distributed,4.0,48,2,22,confirmation,True,1.0,9.062194477898755,9.062194477898801,0.4247903661515063,0.03982409682670372,0.8495807323030126,True,True
TATAAA,distributed,4.0,48,2,23,confirmation,True,1.0,9.062194477898755,9.062194477898801,0.4247903661515063,0.03982409682670372,0.8495807323030126,True,True
TATAAA,distributed,4.0,88,1,0,discovery,True,1.0,15.54434106614106,15.544341066141158,0.36432049373768355,0.017077523143953912,0.7286409874753671,True,True
TATAAA,distributed,4.0,88,1,1,discovery,True,1.0,15.54434106614106,15.544341066141158,0.36432049373768355,0.017077523143953912,0.7286409874753671,True,True
TATAAA,distributed,4.0,88,1,2,discovery,True,1.0,15.54434106614106,15.544341066141158,0.36432049373768355,0.017077523143953912,0.7286409874753671,True,True
TATAAA,distributed,4.0,88,1,3,discovery,True,1.0,15.54434106614106,15.544341066141158,0.36432049373768355,0.017077523143953912,0.7286409874753671,True,True
TATAAA,distributed,4.0,88,1,4,discovery,True,1.0,15.54434106614106,15.544341066141158,0.36432049373768355,0.017077523143953912,0.7286409874753671,True,True
TATAAA,distributed,4.0,88,1,5,discovery,True,1.0,12.551632480379032,12.551632480379055,0.3922385150118454,0.02451490718824034,0.7844770300236908,True,True
TATAAA,distributed,4.0,88,1,6,discovery,True,1.0,15.54434106614106,15.544341066141158,0.36432049373768355,0.017077523143953912,0.7286409874753671,True,True
TATAAA,distributed,4.0,88,1,7,discovery,True,1.0,15.54434106614106,15.544341066141158,0.36432049373768355,0.017077523143953912,0.7286409874753671,True,True
TATAAA,distributed,4.0,88,1,8,discovery,True,1.0,15.54434106614106,15.544341066141158,0.36432049373768355,0.017077523143953912,0.7286409874753671,True,True
TATAAA,distributed,4.0,88,1,9,discovery,True,1.0,9.062194477898755,9.062194477898801,0.4247903661515063,0.03982409682670372,0.8495807323030126,True,True
TATAAA,distributed,4.0,88,1,10,discovery,True,1.0,15.54434106614106,15.544341066141158,0.36432049373768355,0.017077523143953912,0.7286409874753671,True,True
TATAAA,distributed,4.0,88,1,11,discovery,True,1.0,15.54434106614106,15.544341066141158,0.36432049373768355,0.017077523143953912,0.7286409874753671,True,True
TATAAA,distributed,4.0,88,1,12,confirmation,True,1.0,15.54434106614106,15.544341066141158,0.36432049373768355,0.017077523143953912,0.7286409874753671,True,True
TATAAA,distributed,4.0,88,1,13,confirmation,True,1.0,15.54434106614106,15.544341066141158,0.36432049373768355,0.017077523143953912,0.7286409874753671,True,True
TATAAA,distributed,4.0,88,1,14,confirmation,True,1.0,15.54434106614106,15.544341066141158,0.36432049373768355,0.017077523143953912,0.7286409874753671,True,True
TATAAA,distributed,4.0,88,1,15,confirmation,True,1.0,15.54434106614106,15.544341066141158,0.36432049373768355,0.017077523143953912,0.7286409874753671,True,True
TATAAA,distributed,4.0,88,1,16,confirmation,True,1.0,9.062194477898755,9.062194477898801,0.4247903661515063,0.03982409682670372,0.8495807323030126,True,True
TATAAA,distributed,4.0,88,1,17,confirmation,True,1.0,15.54434106614106,15.544341066141158,0.36432049373768355,0.017077523143953912,0.7286409874753671,True,True
TATAAA,distributed,4.0,88,1,18,confirmation,True,1.0,15.54434106614106,15.544341066141158,0.36432049373768355,0.017077523143953912,0.7286409874753671,True,True
TATAAA,distributed,4.0,88,1,19,confirmation,True,1.0,15.54434106614106,15.544341066141158,0.36432049373768355,0.017077523143953912,0.7286409874753671,True,True
TATAAA,distributed,4.0,88,1,20,confirmation,True,1.0,15.54434106614106,15.544341066141158,0.36432049373768355,0.017077523143953912,0.7286409874753671,True,True
TATAAA,distributed,4.0,88,1,21,confirmation,True,1.0,15.54434106614106,15.544341066141158,0.36432049373768355,0.017077523143953912,0.7286409874753671,True,True
TATAAA,distributed,4.0,88,1,22,confirmation,True,1.0,15.54434106614106,15.544341066141158,0.36432049373768355,0.017077523143953912,0.7286409874753671,True,True
TATAAA,distributed,4.0,88,1,23,confirmation,True,1.0,15.54434106614106,15.544341066141158,0.36432049373768355,0.017077523143953912,0.7286409874753671,True,True
TATAAA,distributed,4.0,88,2,0,discovery,True,1.0,9.062194477898755,9.062194477898801,0.4247903661515063,0.03982409682670372,0.8495807323030126,True,True
TATAAA,distributed,4.0,88,2,1,discovery,True,1.0,9.062194477898755,9.062194477898801,0.4247903661515063,0.03982409682670372,0.8495807323030126,True,True
TATAAA,distributed,4.0,88,2,2,discovery,True,1.0,9.062194477898755,9.062194477898801,0.4247903661515063,0.03982409682670372,0.8495807323030126,True,True
TATAAA,distributed,4.0,88,2,3,discovery,True,1.0,9.062194477898755,9.062194477898801,0.4247903661515063,0.03982409682670372,0.8495807323030126,True,True
TATAAA,distributed,4.0,88,2,4,discovery,True,1.0,9.062194477898755,9.062194477898801,0.4247903661515063,0.03982409682670372,0.8495807323030126,True,True
TATAAA,distributed,4.0,88,2,5,discovery,True,0.9999999999999998,7.9562491659881145,7.956249165988165,0.4351073762649778,0.047589869278981956,0.8702147525299556,True,True
TATAAA,distributed,4.0,88,2,6,discovery,True,1.0,9.062194477898755,9.062194477898801,0.4247903661515063,0.03982409682670372,0.8495807323030126,True,True
TATAAA,distributed,4.0,88,2,7,discovery,True,1.0,9.062194477898755,9.062194477898801,0.4247903661515063,0.03982409682670372,0.8495807323030126,True,True
TATAAA,distributed,4.0,88,2,8,discovery,True,1.0,9.062194477898755,9.062194477898801,0.4247903661515063,0.03982409682670372,0.8495807323030126,True,True
TATAAA,distributed,4.0,88,2,9,discovery,True,1.0,6.395292975551912,6.395292975551921,0.44966903734349456,0.06323470837642892,0.8993380746869891,True,True
TATAAA,distributed,4.0,88,2,10,discovery,True,1.0,9.062194477898755,9.062194477898801,0.4247903661515063,0.03982409682670372,0.8495807323030126,True,True
TATAAA,distributed,4.0,88,2,11,discovery,True,1.0,9.062194477898755,9.062194477898801,0.4247903661515063,0.03982409682670372,0.8495807323030126,True,True
TATAAA,distributed,4.0,88,2,12,confirmation,True,1.0,9.062194477898755,9.062194477898801,0.4247903661515063,0.03982409682670372,0.8495807323030126,True,True
TATAAA,distributed,4.0,88,2,13,confirmation,True,1.0,9.062194477898755,9.062194477898801,0.4247903661515063,0.03982409682670372,0.8495807323030126,True,True
TATAAA,distributed,4.0,88,2,14,confirmation,True,1.0,9.062194477898755,9.062194477898801,0.4247903661515063,0.03982409682670372,0.8495807323030126,True,True
TATAAA,distributed,4.0,88,2,15,confirmation,True,1.0,9.062194477898755,9.062194477898801,0.4247903661515063,0.03982409682670372,0.8495807323030126,True,True
TATAAA,distributed,4.0,88,2,16,confirmation,True,1.0,6.395292975551912,6.395292975551921,0.44966903734349456,0.0632347083764289,0.8993380746869891,True,True
TATAAA,distributed,4.0,88,2,17,confirmation,True,0.9999999999999998,7.9562491659881145,7.956249165988165,0.4351073762649778,0.047589869278981956,0.8702147525299556,True,True
TATAAA,distributed,4.0,88,2,18,confirmation,True,1.0,9.062194477898755,9.062194477898801,0.4247903661515063,0.03982409682670372,0.8495807323030126,True,True
TATAAA,distributed,4.0,88,2,19,confirmation,True,1.0,9.062194477898755,9.062194477898801,0.4247903661515063,0.03982409682670372,0.8495807323030126,True,True
TATAAA,distributed,4.0,88,2,20,confirmation,True,0.9999999999999998,7.9562491659881145,7.956249165988165,0.4351073762649778,0.047589869278981956,0.8702147525299556,True,True
TATAAA,distributed,4.0,88,2,21,confirmation,True,1.0,9.062194477898755,9.062194477898801,0.4247903661515063,0.03982409682670372,0.8495807323030126,True,True
TATAAA,distributed,4.0,88,2,22,confirmation,True,1.0,9.062194477898755,9.062194477898801,0.4247903661515063,0.03982409682670372,0.8495807323030126,True,True
TATAAA,distributed,4.0,88,2,23,confirmation,True,1.0,9.062194477898755,9.062194477898801,0.4247903661515063,0.03982409682670372,0.8495807323030126,True,True
TATAAA,composition,0.25,8,1,0,discovery,False,-0.2288083308087538,0.8722573787482578,0.8722573787482552,0.0,0.0,0.0,False,False
TATAAA,composition,0.25,8,1,1,discovery,False,-0.1955795646794894,0.8894730791518541,0.889473079151848,0.0,0.0,0.0,False,False
TATAAA,composition,0.25,8,1,2,discovery,False,-0.2183279345648406,0.8773517063266972,0.8773517063267029,0.0,0.0,0.0,False,False
TATAAA,composition,0.25,8,1,3,discovery,False,-0.19249330295366673,0.8912320995039731,0.891232099503977,0.0,0.0,0.0,False,False
TATAAA,composition,0.25,8,1,4,discovery,False,-0.1955795646794894,0.8894730791518541,0.8894730791518483,0.0,0.0,0.0,False,False
TATAAA,composition,0.25,8,1,5,discovery,False,-0.1955795646794894,0.8894730791518541,0.889473079151848,0.0,0.0,0.0,False,False
TATAAA,composition,0.25,8,1,6,discovery,False,-0.18944220058835146,0.8929980909129908,0.8929980909129877,0.0,0.0,0.0,False,False
TATAAA,composition,0.25,8,1,7,discovery,False,-0.2288083308087538,0.8722573787482578,0.8722573787482552,0.0,0.0,0.0,False,False
TATAAA,composition,0.25,8,1,8,discovery,False,-0.19249330295366673,0.8912320995039725,0.8912320995039767,0.0,0.0,0.0,False,False
TATAAA,composition,0.25,8,1,9,discovery,False,-0.19249330295366673,0.8912320995039731,0.891232099503977,0.0,0.0,0.0,False,False
TATAAA,composition,0.25,8,1,10,discovery,False,-0.22176638128637183,0.8756469982283978,0.8756469982284041,0.0,0.0,0.0,False,False
TATAAA,composition,0.25,8,1,11,discovery,False,-0.2288083308087538,0.8722573787482578,0.8722573787482552,0.0,0.0,0.0,False,False
TATAAA,composition,0.25,8,1,12,confirmation,False,-0.19870278918506354,0.887720988661686,0.8877209886616874,0.0,0.0,0.0,False,False
TATAAA,composition,0.25,8,1,13,confirmation,False,-0.2514594403022007,0.8622441669262416,0.8622441669262385,0.0,0.0,0.0,False,False
TATAAA,composition,0.25,8,1,14,confirmation,False,-0.21160368475757949,0.8807811126940593,0.8807811126940556,0.0,0.0,0.0,False,False
TATAAA,composition,0.25,8,1,15,confirmation,False,-0.1955795646794894,0.8894730791518541,0.889473079151848,0.0,0.0,0.0,False,False
TATAAA,composition,0.25,8,1,16,confirmation,False,-0.2927700218845599,0.8859757871625221,0.8859757871625237,0.0,0.0,0.0,False,False
TATAAA,composition,0.25,8,1,17,confirmation,False,-0.20831324236136578,0.8825058892540129,0.8825058892540197,0.0,0.0,0.0,False,False
TATAAA,composition,0.25,8,1,18,confirmation,False,-0.246366632101296,0.8807811126940593,0.8807811126940556,0.0,0.0,0.0,False,False
TATAAA,composition,0.25,8,1,19,confirmation,False,-0.2288083308087538,0.8722573787482578,0.8722573787482552,0.0,0.0,0.0,False,False
TATAAA,composition,0.25,8,1,20,confirmation,False,-0.1804826401448503,0.8983383083574421,0.8983383083574452,0.0,0.0,0.0,False,False
TATAAA,composition,0.25,8,1,21,confirmation,False,-0.2581988897471611,0.8756469982283978,0.8756469982284041,0.0,0.0,0.0,False,False
TATAAA,composition,0.25,8,1,22,confirmation,False,-0.19870278918506354,0.887720988661686,0.887720988661687,0.0,0.0,0.0,False,False
TATAAA,composition,0.25,8,1,23,confirmation,False,-0.23608834134288123,0.8688939004321695,0.868893900432168,0.0,0.0,0.0,False,False
TATAAA,composition,0.25,8,2,0,discovery,False,-0.3166468884884074,0.8773517063266972,0.877351706326703,0.0,0.0,0.0,False,False
TATAAA,composition,0.25,8,2,1,discovery,False,-0.26604585934392433,0.8965511533203827,0.8965511533203738,0.0,0.0,0.0,False,False
TATAAA,composition,0.25,8,2,2,discovery,False,-0.2974151511169917,0.8842374341041565,0.8842374341041581,0.0,0.0,0.0,False,False
TATAAA,composition,0.25,8,2,3,discovery,False,-0.2703764935712091,0.8947710949009521,0.8947710949009552,0.0,0.0,0.0,False,False
TATAAA,composition,0.25,8,2,4,discovery,False,-0.27475312989269857,0.8929980909129908,0.8929980909129877,0.0,0.0,0.0,False,False
TATAAA,composition,0.25,8,2,5,discovery,False,-0.27475312989269857,0.8929980909129908,0.8929980909129877,0.0,0.0,0.0,False,False
TATAAA,composition,0.25,8,2,6,discovery,False,-0.2575131013123024,0.9001326025354103,0.9001326025354129,0.0,0.0,0.0,False,False
TATAAA,composition,0.25,8,2,7,discovery,False,-0.3021223104415353,0.8825058892540129,0.8825058892540197,0.0,0.0,0.0,False,False
TATAAA,composition,0.25,8,2,8,discovery,False,-0.26604585934392433,0.8965511533203827,0.8965511533203737,0.0,0.0,0.0,False,False
TATAAA,composition,0.25,8,2,9,discovery,False,-0.2703764935712091,0.8947710949009521,0.8947710949009552,0.0,0.0,0.0,False,False
TATAAA,composition,0.25,8,2,10,discovery,False,-0.31173495695154235,0.8790630648176717,0.8790630648176733,0.0,0.0,0.0,False,False
TATAAA,composition,0.25,8,2,11,discovery,False,-0.30689452774202913,0.8807811126940593,0.8807811126940556,0.0,0.0,0.0,False,False
TATAAA,composition,0.25,8,2,12,confirmation,False,-0.2703764935712091,0.8947710949009521,0.8947710949009552,0.0,0.0,0.0,False,False
TATAAA,composition,0.25,8,2,13,confirmation,False,-0.3533431298606758,0.8655562620359297,0.8655562620359322,0.0,0.0,0.0,False,False
TATAAA,composition,0.25,8,2,14,confirmation,False,-0.2927700218845599,0.8859757871625221,0.8859757871625237,0.0,0.0,0.0,False,False
TATAAA,composition,0.25,8,2,15,confirmation,False,-0.26604585934392433,0.8965511533203827,0.8965511533203737,0.0,0.0,0.0,False,False
TATAAA,composition,0.25,8,2,16,confirmation,False,-0.35112344158839165,0.8912320995039731,0.891232099503977,0.0,0.0,0.0,False,False
TATAAA,composition,0.25,8,2,17,confirmation,False,-0.2881840111519597,0.887720988661686,0.887720988661687,0.0,0.0,0.0,False,False
TATAAA,composition,0.25,8,2,18,confirmation,False,-0.30689452774202913,0.8807811126940593,0.8807811126940556,0.0,0.0,0.0,False,False
TATAAA,composition,0.25,8,2,19,confirmation,False,-0.31173495695154235,0.8790630648176717,0.8790630648176733,0.0,0.0,0.0,False,False
TATAAA,composition,0.25,8,2,20,confirmation,False,-0.2491364395612199,0.9037427801125077,0.9037427801125034,0.0,0.0,0.0,False,False
TATAAA,composition,0.25,8,2,21,confirmation,False,-0.3291794846689796,0.8825058892540129,0.8825058892540197,0.0,0.0,0.0,False,False
TATAAA,composition,0.25,8,2,22,confirmation,False,-0.31173495695154235,0.8790630648176717,0.8790630648176733,0.0,0.0,0.0,False,False
TATAAA,composition,0.25,8,2,23,confirmation,False,-0.32669917066264254,0.8739489018324978,0.873948901832499,0.0,0.0,0.0,False,False
TATAAA,composition,0.25,48,1,0,discovery,False,-0.2288083308087538,0.8722573787482578,0.8722573787482552,0.0,0.0,0.0,False,False
TATAAA,composition,0.25,48,1,1,discovery,False,-0.22525898010658155,0.8739489018324978,0.873948901832499,0.0,0.0,0.0,False,False
TATAAA,composition,0.25,48,1,2,discovery,False,-0.21160368475757949,0.8807811126940593,0.8807811126940556,0.0,0.0,0.0,False,False
TATAAA,composition,0.25,48,1,3,discovery,False,-0.1955795646794894,0.8894730791518541,0.8894730791518483,0.0,0.0,0.0,False,False
TATAAA,composition,0.25,48,1,4,discovery,False,-0.20186484220860829,0.8859757871625221,0.8859757871625237,0.0,0.0,0.0,False,False
TATAAA,composition,0.25,48,1,5,discovery,False,-0.23608834134288123,0.8688939004321695,0.868893900432168,0.0,0.0,0.0,False,False
TATAAA,composition,0.25,48,1,6,discovery,False,-0.18642451115841965,0.8947710949009521,0.8947710949009552,0.0,0.0,0.0,False,False
TATAAA,composition,0.25,48,1,7,discovery,False,-0.22176638128637183,0.8756469982283978,0.8756469982284041,0.0,0.0,0.0,False,False
TATAAA,composition,0.25,48,1,8,discovery,False,-0.19870278918506354,0.887720988661686,0.887720988661687,0.0,0.0,0.0,False,False
TATAAA,composition,0.25,48,1,9,discovery,False,-0.2791782258950142,0.8912320995039731,0.891232099503977,0.0,0.0,0.0,False,False
TATAAA,composition,0.25,48,1,10,discovery,False,-0.2288083308087538,0.8722573787482578,0.8722573787482552,0.0,0.0,0.0,False,False
TATAAA,composition,0.25,48,1,11,discovery,False,-0.21494115924458693,0.8790630648176717,0.8790630648176733,0.0,0.0,0.0,False,False
TATAAA,composition,0.25,48,1,12,confirmation,False,-0.1834385401586336,0.8965511533203827,0.8965511533203737,0.0,0.0,0.0,False,False
TATAAA,composition,0.25,48,1,13,confirmation,False,-0.2475069830199914,0.8638970399321525,0.8638970399321527,0.0,0.0,0.0,False,False
TATAAA,composition,0.25,48,1,14,confirmation,False,-0.26380827050719763,0.8573232801483072,0.8573232801483068,0.0,0.0,0.0,False,False
TATAAA,composition,0.25,48,1,15,confirmation,False,-0.19870278918506354,0.887720988661686,0.887720988661687,0.0,0.0,0.0,False,False
TATAAA,composition,0.25,48,1,16,confirmation,False,-0.2927700218845599,0.8859757871625221,0.8859757871625237,0.0,0.0,0.0,False,False
TATAAA,composition,0.25,48,1,17,confirmation,False,-0.21160368475757949,0.8807811126940593,0.8807811126940556,0.0,0.0,0.0,False,False
TATAAA,composition,0.25,48,1,18,confirmation,False,-0.246366632101296,0.8807811126940593,0.8807811126940556,0.0,0.0,0.0,False,False
TATAAA,composition,0.25,48,1,19,confirmation,False,-0.22525898010658155,0.8739489018324978,0.873948901832499,0.0,0.0,0.0,False,False
TATAAA,composition,0.25,48,1,20,confirmation,False,-0.20506765742004124,0.8842374341041565,0.8842374341041582,0.0,0.0,0.0,False,False
TATAAA,composition,0.25,48,1,21,confirmation,False,-0.21494115924458693,0.8790630648176717,0.8790630648176733,0.0,0.0,0.0,False,False
TATAAA,composition,0.25,48,1,22,confirmation,False,-0.2183279345648406,0.8773517063266972,0.877351706326703,0.0,0.0,0.0,False,False
TATAAA,composition,0.25,48,1,23,confirmation,False,-0.2398248874912347,0.8672218698906745,0.867221869890678,0.0,0.0,0.0,False,False
TATAAA,composition,0.25,48,2,0,discovery,False,-0.31173495695154235,0.8790630648176717,0.8790630648176733,0.0,0.0,0.0,False,False
TATAAA,composition,0.25,48,2,1,discovery,False,-0.30689452774202913,0.8807811126940593,0.8807811126940556,0.0,0.0,0.0,False,False
TATAAA,composition,0.25,48,2,2,discovery,False,-0.2927700218845599,0.8859757871625221,0.8859757871625237,0.0,0.0,0.0,False,False
TATAAA,composition,0.25,48,2,3,discovery,False,-0.26604585934392433,0.8965511533203827,0.8965511533203737,0.0,0.0,0.0,False,False
TATAAA,composition,0.25,48,2,4,discovery,False,-0.2881840111519597,0.887720988661686,0.887720988661687,0.0,0.0,0.0,False,False
TATAAA,composition,0.25,48,2,5,discovery,False,-0.3166468884884074,0.8773517063266972,0.8773517063267029,0.0,0.0,0.0,False,False
TATAAA,composition,0.25,48,2,6,discovery,False,-0.2617588378781973,0.8983383083574394,0.8983383083574452,0.0,0.0,0.0,False,False
TATAAA,composition,0.25,48,2,7,discovery,False,-0.30689452774202913,0.8807811126940593,0.8807811126940556,0.0,0.0,0.0,False,False
TATAAA,composition,0.25,48,2,8,discovery,False,-0.2836543144655877,0.8894730791518515,0.889473079151848,0.0,0.0,0.0,False,False
TATAAA,composition,0.25,48,2,9,discovery,False,-0.32387513781564786,0.9001326025354103,0.9001326025354129,0.0,0.0,0.0,False,False
TATAAA,composition,0.25,48,2,10,discovery,False,-0.31173495695154235,0.8790630648176717,0.8790630648176733,0.0,0.0,0.0,False,False
TATAAA,composition,0.25,48,2,11,discovery,False,-0.31898963300538824,0.8859757871625221,0.8859757871625237,0.0,0.0,0.0,False,False
TATAAA,composition,0.25,48,2,12,confirmation,False,-0.253306376689198,0.9019340787179417,0.9019340787179361,0.0,0.0,0.0,False,False
TATAAA,composition,0.25,48,2,13,confirmation,False,-0.34240528516707336,0.8688939004321695,0.868893900432168,0.0,0.0,0.0,False,False
TATAAA,composition,0.25,48,2,14,confirmation,False,-0.37054564527883704,0.860597606645059,0.8605976066450616,0.0,0.0,0.0,False,False
TATAAA,composition,0.25,48,2,15,confirmation,False,-0.27475312989269857,0.8929980909129908,0.8929980909129877,0.0,0.0,0.0,False,False
TATAAA,composition,0.25,48,2,16,confirmation,False,-0.34005347173108474,0.8947710949009521,0.8947710949009552,0.0,0.0,0.0,False,False
TATAAA,composition,0.25,48,2,17,confirmation,False,-0.2927700218845599,0.8859757871625221,0.8859757871625237,0.0,0.0,0.0,False,False
TATAAA,composition,0.25,48,2,18,confirmation,False,-0.3139929128113796,0.887720988661686,0.8877209886616874,0.0,0.0,0.0,False,False
TATAAA,composition,0.25,48,2,19,confirmation,False,-0.3166468884884074,0.8773517063266972,0.877351706326703,0.0,0.0,0.0,False,False
TATAAA,composition,0.25,48,2,20,confirmation,False,-0.2927700218845599,0.8859757871625221,0.8859757871625237,0.0,0.0,0.0,False,False
TATAAA,composition,0.25,48,2,21,confirmation,False,-0.3021223104415353,0.8825058892540129,0.8825058892540197,0.0,0.0,0.0,False,False
TATAAA,composition,0.25,48,2,22,confirmation,False,-0.3021223104415353,0.8825058892540129,0.8825058892540197,0.0,0.0,0.0,False,False
TATAAA,composition,0.25,48,2,23,confirmation,False,-0.32669917066264254,0.8739489018324978,0.873948901832499,0.0,0.0,0.0,False,False
TATAAA,composition,0.25,88,1,0,discovery,False,-0.22525898010658155,0.8739489018324978,0.873948901832499,0.0,0.0,0.0,False,False
TATAAA,composition,0.25,88,1,1,discovery,False,-0.18944220058835146,0.8929980909129908,0.8929980909129877,0.0,0.0,0.0,False,False
TATAAA,composition,0.25,88,1,2,discovery,False,-0.21494115924458693,0.8790630648176717,0.8790630648176733,0.0,0.0,0.0,False,False
TATAAA,composition,0.25,88,1,3,discovery,False,-0.18944220058835146,0.8929980909129908,0.8929980909129877,0.0,0.0,0.0,False,False
TATAAA,composition,0.25,88,1,4,discovery,False,-0.20506765742004124,0.8842374341041565,0.8842374341041582,0.0,0.0,0.0,False,False
TATAAA,composition,0.25,88,1,5,discovery,False,-0.2313463350921371,0.887720988661686,0.887720988661687,0.0,0.0,0.0,False,False
TATAAA,composition,0.25,88,1,6,discovery,False,-0.19249330295366673,0.8912320995039725,0.8912320995039767,0.0,0.0,0.0,False,False
TATAAA,composition,0.25,88,1,7,discovery,False,-0.2324171619468496,0.8705723908815859,0.8705723908815789,0.0,0.0,0.0,False,False
TATAAA,composition,0.25,88,1,8,discovery,False,-0.20506765742004124,0.8842374341041565,0.8842374341041581,0.0,0.0,0.0,False,False
TATAAA,composition,0.25,88,1,9,discovery,False,-0.26604585934392433,0.8965511533203827,0.8965511533203737,0.0,0.0,0.0,False,False
TATAAA,composition,0.25,88,1,10,discovery,False,-0.22176638128637183,0.8756469982283978,0.8756469982284041,0.0,0.0,0.0,False,False
TATAAA,composition,0.25,88,1,11,discovery,False,-0.18944220058835146,0.8929980909129908,0.8929980909129877,0.0,0.0,0.0,False,False
TATAAA,composition,0.25,88,1,12,confirmation,False,-0.19870278918506354,0.887720988661686,0.887720988661687,0.0,0.0,0.0,False,False
TATAAA,composition,0.25,88,1,13,confirmation,False,-0.24362998197590655,0.8655562620359297,0.865556262035932,0.0,0.0,0.0,False,False
TATAAA,composition,0.25,88,1,14,confirmation,False,-0.2724933978657543,0.8540737749557189,0.8540737749557187,0.0,0.0,0.0,False,False
TATAAA,composition,0.25,88,1,15,confirmation,False,-0.20186484220860829,0.8859757871625221,0.8859757871625237,0.0,0.0,0.0,False,False
TATAAA,composition,0.25,88,1,16,confirmation,False,-0.2703764935712091,0.8947710949009521,0.8947710949009552,0.0,0.0,0.0,False,False
TATAAA,composition,0.25,88,1,17,confirmation,False,-0.20186484220860829,0.8859757871625221,0.8859757871625237,0.0,0.0,0.0,False,False
TATAAA,composition,0.25,88,1,18,confirmation,False,-0.20186484220860829,0.8859757871625221,0.8859757871625237,0.0,0.0,0.0,False,False
TATAAA,composition,0.25,88,1,19,confirmation,False,-0.2324171619468496,0.8705723908815859,0.8705723908815789,0.0,0.0,0.0,False,False
TATAAA,composition,0.25,88,1,20,confirmation,False,-0.2183279345648406,0.8773517063266972,0.877351706326703,0.0,0.0,0.0,False,False
TATAAA,composition,0.25,88,1,21,confirmation,False,-0.22176638128637183,0.8756469982283978,0.8756469982284041,0.0,0.0,0.0,False,False
TATAAA,composition,0.25,88,1,22,confirmation,False,-0.19870278918506354,0.887720988661686,0.887720988661687,0.0,0.0,0.0,False,False
TATAAA,composition,0.25,88,1,23,confirmation,False,-0.23608834134288123,0.8688939004321695,0.868893900432168,0.0,0.0,0.0,False,False
TATAAA,composition,0.25,88,2,0,discovery,False,-0.3166468884884074,0.8773517063266972,0.877351706326703,0.0,0.0,0.0,False,False
TATAAA,composition,0.25,88,2,1,discovery,False,-0.26604585934392433,0.8965511533203827,0.8965511533203737,0.0,0.0,0.0,False,False
TATAAA,composition,0.25,88,2,2,discovery,False,-0.2974151511169917,0.8842374341041565,0.8842374341041581,0.0,0.0,0.0,False,False
TATAAA,composition,0.25,88,2,3,discovery,False,-0.2703764935712091,0.8947710949009521,0.8947710949009552,0.0,0.0,0.0,False,False
TATAAA,composition,0.25,88,2,4,discovery,False,-0.2881840111519597,0.887720988661686,0.8877209886616874,0.0,0.0,0.0,False,False
TATAAA,composition,0.25,88,2,5,discovery,False,-0.3041805962512807,0.8912320995039731,0.8912320995039767,0.0,0.0,0.0,False,False
TATAAA,composition,0.25,88,2,6,discovery,False,-0.2703764935712091,0.8947710949009521,0.8947710949009552,0.0,0.0,0.0,False,False
TATAAA,composition,0.25,88,2,7,discovery,False,-0.32669917066264254,0.8739489018324978,0.873948901832499,0.0,0.0,0.0,False,False
TATAAA,composition,0.25,88,2,8,discovery,False,-0.2836543144655877,0.8894730791518515,0.889473079151848,0.0,0.0,0.0,False,False
TATAAA,composition,0.25,88,2,9,discovery,False,-0.32921501570302764,0.8983383083574394,0.8983383083574452,0.0,0.0,0.0,False,False
TATAAA,composition,0.25,88,2,10,discovery,False,-0.3021223104415353,0.8825058892540129,0.8825058892540197,0.0,0.0,0.0,False,False
TATAAA,composition,0.25,88,2,11,discovery,False,-0.2617588378781973,0.8983383083574421,0.8983383083574452,0.0,0.0,0.0,False,False
TATAAA,composition,0.25,88,2,12,confirmation,False,-0.2836543144655877,0.8894730791518515,0.889473079151848,0.0,0.0,0.0,False,False
TATAAA,composition,0.25,88,2,13,confirmation,False,-0.32669917066264254,0.8739489018324978,0.873948901832499,0.0,0.0,0.0,False,False
TATAAA,composition,0.25,88,2,14,confirmation,False,-0.37054564527883704,0.860597606645059,0.8605976066450616,0.0,0.0,0.0,False,False
TATAAA,composition,0.25,88,2,15,confirmation,False,-0.2881840111519597,0.887720988661686,0.887720988661687,0.0,0.0,0.0,False,False
TATAAA,composition,0.25,88,2,16,confirmation,False,-0.3185843253866209,0.9019340787179417,0.9019340787179361,0.0,0.0,0.0,False,False
TATAAA,composition,0.25,88,2,17,confirmation,False,-0.30905754998184354,0.8894730791518515,0.889473079151848,0.0,0.0,0.0,False,False
TATAAA,composition,0.25,88,2,18,confirmation,False,-0.2836543144655877,0.8894730791518541,0.889473079151848,0.0,0.0,0.0,False,False
TATAAA,composition,0.25,88,2,19,confirmation,False,-0.3166468884884074,0.8773517063266972,0.877351706326703,0.0,0.0,0.0,False,False
TATAAA,composition,0.25,88,2,20,confirmation,False,-0.3291794846689796,0.8825058892540129,0.8825058892540197,0.0,0.0,0.0,False,False
TATAAA,composition,0.25,88,2,21,confirmation,False,-0.31173495695154235,0.8790630648176717,0.8790630648176733,0.0,0.0,0.0,False,False
TATAAA,composition,0.25,88,2,22,confirmation,False,-0.2703764935712091,0.8947710949009521,0.8947710949009552,0.0,0.0,0.0,False,False
TATAAA,composition,0.25,88,2,23,confirmation,False,-0.33184688965809345,0.8722573787482578,0.8722573787482552,0.0,0.0,0.0,False,False
TATAAA,composition,1.0,8,1,0,discovery,False,-0.2288083308087538,0.5302257669854457,0.5302257669854484,0.0,0.0,0.0,False,False
TATAAA,composition,1.0,8,1,1,discovery,False,-0.1955795646794894,0.5708582677249214,0.5708582677249162,0.0,0.0,0.0,False,False
TATAAA,composition,1.0,8,1,2,discovery,False,-0.2183279345648406,0.5417949165942822,0.5417949165942791,0.0,0.0,0.0,False,False
TATAAA,composition,1.0,8,1,3,discovery,False,-0.19249330295366673,0.5752666773398097,0.5752666773398047,0.0,0.0,0.0,False,False
TATAAA,composition,1.0,8,1,4,discovery,False,-0.1955795646794894,0.5708582677249215,0.5708582677249163,0.0,0.0,0.0,False,False
TATAAA,composition,1.0,8,1,5,discovery,False,-0.1955795646794894,0.5708582677249214,0.5708582677249162,0.0,0.0,0.0,False,False
TATAAA,composition,1.0,8,1,6,discovery,False,-0.18944220058835146,0.5797437040619404,0.5797437040619416,0.0,0.0,0.0,False,False
TATAAA,composition,1.0,8,1,7,discovery,False,-0.2288083308087538,0.5302257669854457,0.5302257669854484,0.0,0.0,0.0,False,False
TATAAA,composition,1.0,8,1,8,discovery,False,-0.19249330295366673,0.5752666773398097,0.5752666773398047,0.0,0.0,0.0,False,False
TATAAA,composition,1.0,8,1,9,discovery,False,-0.19249330295366673,0.5752666773398097,0.5752666773398047,0.0,0.0,0.0,False,False
TATAAA,composition,1.0,8,1,10,discovery,False,-0.22176638128637183,0.537882842739995,0.5378828427399905,0.0,0.0,0.0,False,False
TATAAA,composition,1.0,8,1,11,discovery,False,-0.2288083308087538,0.5302257669854457,0.5302257669854484,0.0,0.0,0.0,False,False
TATAAA,composition,1.0,8,1,12,confirmation,False,-0.19870278918506354,0.5665169097248696,0.566516909724873,0.0,0.0,0.0,False,False
TATAAA,composition,1.0,8,1,13,confirmation,False,-0.2514594403022007,0.5085090009925181,0.5085090009925171,0.0,0.0,0.0,False,False
TATAAA,composition,1.0,8,1,14,confirmation,False,-0.21160368475757949,0.5497923015913101,0.54979230159131,0.0,0.0,0.0,False,False
TATAAA,composition,1.0,8,1,15,confirmation,False,-0.1955795646794894,0.5708582677249214,0.5708582677249162,0.0,0.0,0.0,False,False
TATAAA,composition,1.0,8,1,16,confirmation,False,-0.2927700218845599,0.5622410851099097,0.5622410851099067,0.0,0.0,0.0,False,False
TATAAA,composition,1.0,8,1,17,confirmation,False,-0.20831324236136578,0.5538801888869286,0.553880188886932,0.0,0.0,0.0,False,False
TATAAA,composition,1.0,8,1,18,confirmation,False,-0.246366632101296,0.5497923015913101,0.54979230159131,0.0,0.0,0.0,False,False
TATAAA,composition,1.0,8,1,19,confirmation,False,-0.2288083308087538,0.5302257669854457,0.5302257669854484,0.0,0.0,0.0,False,False
TATAAA,composition,1.0,8,1,20,confirmation,False,-0.1804826401448503,0.5936028902801239,0.5936028902801229,0.0,0.0,0.0,False,False
TATAAA,composition,1.0,8,1,21,confirmation,False,-0.2581988897471611,0.537882842739995,0.5378828427399905,0.0,0.0,0.0,False,False
TATAAA,composition,1.0,8,1,22,confirmation,False,-0.19870278918506354,0.5665169097248696,0.566516909724873,0.0,0.0,0.0,False,False
TATAAA,composition,1.0,8,1,23,confirmation,False,-0.23608834134288123,0.522783637221558,0.5227836372215602,0.0,0.0,0.0,False,False
TATAAA,composition,1.0,8,2,0,discovery,False,-0.3166468884884074,0.5417949165942822,0.5417949165942791,0.0,0.0,0.0,False,False
TATAAA,composition,1.0,8,2,1,discovery,False,-0.26604585934392433,0.5889101183199225,0.5889101183199262,0.0,0.0,0.0,False,False
TATAAA,composition,1.0,8,2,2,discovery,False,-0.2974151511169917,0.5580293211426627,0.5580293211426605,0.0,0.0,0.0,False,False
TATAAA,composition,1.0,8,2,3,discovery,False,-0.2703764935712091,0.5842909624999143,0.5842909624999112,0.0,0.0,0.0,False,False
TATAAA,composition,1.0,8,2,4,discovery,False,-0.27475312989269857,0.5797437040619404,0.5797437040619428,0.0,0.0,0.0,False,False
TATAAA,composition,1.0,8,2,5,discovery,False,-0.27475312989269857,0.5797437040619404,0.5797437040619428,0.0,0.0,0.0,False,False
TATAAA,composition,1.0,8,2,6,discovery,False,-0.2575131013123024,0.5983710523628708,0.5983710523628736,0.0,0.0,0.0,False,False
TATAAA,composition,1.0,8,2,7,discovery,False,-0.3021223104415353,0.5538801888869286,0.553880188886932,0.0,0.0,0.0,False,False
TATAAA,composition,1.0,8,2,8,discovery,False,-0.26604585934392433,0.5889101183199225,0.5889101183199262,0.0,0.0,0.0,False,False
TATAAA,composition,1.0,8,2,9,discovery,False,-0.2703764935712091,0.5842909624999143,0.5842909624999101,0.0,0.0,0.0,False,False
TATAAA,composition,1.0,8,2,10,discovery,False,-0.31173495695154235,0.545764313143869,0.5457643131438655,0.0,0.0,0.0,False,False
TATAAA,composition,1.0,8,2,11,discovery,False,-0.30689452774202913,0.5497923015913101,0.54979230159131,0.0,0.0,0.0,False,False
TATAAA,composition,1.0,8,2,12,confirmation,False,-0.2703764935712091,0.5842909624999143,0.5842909624999112,0.0,0.0,0.0,False,False
TATAAA,composition,1.0,8,2,13,confirmation,False,-0.3533431298606758,0.515547527924049,0.5155475279240508,0.0,0.0,0.0,False,False
TATAAA,composition,1.0,8,2,14,confirmation,False,-0.2927700218845599,0.5622410851099097,0.5622410851099067,0.0,0.0,0.0,False,False
TATAAA,composition,1.0,8,2,15,confirmation,False,-0.26604585934392433,0.5889101183199225,0.5889101183199262,0.0,0.0,0.0,False,False
TATAAA,composition,1.0,8,2,16,confirmation,False,-0.35112344158839165,0.5752666773398097,0.5752666773398047,0.0,0.0,0.0,False,False
TATAAA,composition,1.0,8,2,17,confirmation,False,-0.2881840111519597,0.5665169097248696,0.566516909724873,0.0,0.0,0.0,False,False
TATAAA,composition,1.0,8,2,18,confirmation,False,-0.30689452774202913,0.5497923015913101,0.54979230159131,0.0,0.0,0.0,False,False
TATAAA,composition,1.0,8,2,19,confirmation,False,-0.31173495695154235,0.545764313143869,0.5457643131438655,0.0,0.0,0.0,False,False
TATAAA,composition,1.0,8,2,20,confirmation,False,-0.2491364395612199,0.6081409324718251,0.6081409324718229,0.0,0.0,0.0,False,False
TATAAA,composition,1.0,8,2,21,confirmation,False,-0.3291794846689796,0.5538801888869286,0.553880188886932,0.0,0.0,0.0,False,False
TATAAA,composition,1.0,8,2,22,confirmation,False,-0.31173495695154235,0.545764313143869,0.5457643131438655,0.0,0.0,0.0,False,False
TATAAA,composition,1.0,8,2,23,confirmation,False,-0.32669917066264254,0.5340268587731621,0.5340268587731656,0.0,0.0,0.0,False,False
TATAAA,composition,1.0,48,1,0,discovery,False,-0.2288083308087538,0.5302257669854457,0.5302257669854484,0.0,0.0,0.0,False,False
TATAAA,composition,1.0,48,1,1,discovery,False,-0.22525898010658155,0.5340268587731621,0.5340268587731656,0.0,0.0,0.0,False,False
TATAAA,composition,1.0,48,1,2,discovery,False,-0.21160368475757949,0.5497923015913101,0.54979230159131,0.0,0.0,0.0,False,False
TATAAA,composition,1.0,48,1,3,discovery,False,-0.1955795646794894,0.5708582677249214,0.5708582677249162,0.0,0.0,0.0,False,False
TATAAA,composition,1.0,48,1,4,discovery,False,-0.20186484220860829,0.5622410851099097,0.5622410851099067,0.0,0.0,0.0,False,False
TATAAA,composition,1.0,48,1,5,discovery,False,-0.23608834134288123,0.522783637221558,0.5227836372215602,0.0,0.0,0.0,False,False
TATAAA,composition,1.0,48,1,6,discovery,False,-0.18642451115841965,0.5842909624999143,0.5842909624999101,0.0,0.0,0.0,False,False
TATAAA,composition,1.0,48,1,7,discovery,False,-0.22176638128637183,0.537882842739995,0.5378828427399905,0.0,0.0,0.0,False,False
TATAAA,composition,1.0,48,1,8,discovery,False,-0.19870278918506354,0.5665169097248696,0.566516909724873,0.0,0.0,0.0,False,False
TATAAA,composition,1.0,48,1,9,discovery,False,-0.2791782258950142,0.5752666773398097,0.5752666773398047,0.0,0.0,0.0,False,False
TATAAA,composition,1.0,48,1,10,discovery,False,-0.2288083308087538,0.5302257669854457,0.5302257669854484,0.0,0.0,0.0,False,False
TATAAA,composition,1.0,48,1,11,discovery,False,-0.21494115924458693,0.545764313143869,0.5457643131438655,0.0,0.0,0.0,False,False
TATAAA,composition,1.0,48,1,12,confirmation,False,-0.1834385401586336,0.5889101183199225,0.5889101183199262,0.0,0.0,0.0,False,False
TATAAA,composition,1.0,48,1,13,confirmation,False,-0.2475069830199914,0.5120040759198707,0.512004075919874,0.0,0.0,0.0,False,False
TATAAA,composition,1.0,48,1,14,confirmation,False,-0.26380827050719763,0.49830433044337513,0.4983043304433758,0.0,0.0,0.0,False,False
TATAAA,composition,1.0,48,1,15,confirmation,False,-0.19870278918506354,0.5665169097248696,0.566516909724873,0.0,0.0,0.0,False,False
TATAAA,composition,1.0,48,1,16,confirmation,False,-0.2927700218845599,0.5622410851099097,0.5622410851099067,0.0,0.0,0.0,False,False
TATAAA,composition,1.0,48,1,17,confirmation,False,-0.21160368475757949,0.5497923015913101,0.54979230159131,0.0,0.0,0.0,False,False
TATAAA,composition,1.0,48,1,18,confirmation,False,-0.246366632101296,0.5497923015913101,0.54979230159131,0.0,0.0,0.0,False,False
TATAAA,composition,1.0,48,1,19,confirmation,False,-0.22525898010658155,0.5340268587731621,0.5340268587731656,0.0,0.0,0.0,False,False
TATAAA,composition,1.0,48,1,20,confirmation,False,-0.20506765742004124,0.5580293211426627,0.5580293211426605,0.0,0.0,0.0,False,False
TATAAA,composition,1.0,48,1,21,confirmation,False,-0.21494115924458693,0.545764313143869,0.5457643131438655,0.0,0.0,0.0,False,False
TATAAA,composition,1.0,48,1,22,confirmation,False,-0.2183279345648406,0.5417949165942822,0.5417949165942791,0.0,0.0,0.0,False,False
TATAAA,composition,1.0,48,1,23,confirmation,False,-0.2398248874912347,0.5191403684217146,0.5191403684217126,0.0,0.0,0.0,False,False
TATAAA,composition,1.0,48,2,0,discovery,False,-0.31173495695154235,0.545764313143869,0.5457643131438655,0.0,0.0,0.0,False,False
TATAAA,composition,1.0,48,2,1,discovery,False,-0.30689452774202913,0.5497923015913101,0.54979230159131,0.0,0.0,0.0,False,False
TATAAA,composition,1.0,48,2,2,discovery,False,-0.2927700218845599,0.5622410851099097,0.5622410851099067,0.0,0.0,0.0,False,False
TATAAA,composition,1.0,48,2,3,discovery,False,-0.26604585934392433,0.5889101183199225,0.5889101183199262,0.0,0.0,0.0,False,False
TATAAA,composition,1.0,48,2,4,discovery,False,-0.2881840111519597,0.5665169097248696,0.566516909724873,0.0,0.0,0.0,False,False
TATAAA,composition,1.0,48,2,5,discovery,False,-0.3166468884884074,0.5417949165942822,0.5417949165942791,0.0,0.0,0.0,False,False
TATAAA,composition,1.0,48,2,6,discovery,False,-0.2617588378781973,0.5936028902801239,0.5936028902801229,0.0,0.0,0.0,False,False
TATAAA,composition,1.0,48,2,7,discovery,False,-0.30689452774202913,0.5497923015913101,0.54979230159131,0.0,0.0,0.0,False,False
TATAAA,composition,1.0,48,2,8,discovery,False,-0.2836543144655877,0.5708582677249214,0.5708582677249162,0.0,0.0,0.0,False,False
TATAAA,composition,1.0,48,2,9,discovery,False,-0.32387513781564786,0.5983710523628708,0.5983710523628736,0.0,0.0,0.0,False,False
TATAAA,composition,1.0,48,2,10,discovery,False,-0.31173495695154235,0.545764313143869,0.5457643131438655,0.0,0.0,0.0,False,False
TATAAA,composition,1.0,48,2,11,discovery,False,-0.31898963300538824,0.5622410851099097,0.5622410851099067,0.0,0.0,0.0,False,False
TATAAA,composition,1.0,48,2,12,confirmation,False,-0.253306376689198,0.6032164360107181,0.6032164360107214,0.0,0.0,0.0,False,False
TATAAA,composition,1.0,48,2,13,confirmation,False,-0.34240528516707336,0.522783637221558,0.5227836372215602,0.0,0.0,0.0,False,False
TATAAA,composition,1.0,48,2,14,confirmation,False,-0.37054564527883704,0.5050613191548602,0.505061319154857,0.0,0.0,0.0,False,False
TATAAA,composition,1.0,48,2,15,confirmation,False,-0.27475312989269857,0.5797437040619404,0.5797437040619416,0.0,0.0,0.0,False,False
TATAAA,composition,1.0,48,2,16,confirmation,False,-0.34005347173108474,0.5842909624999143,0.5842909624999101,0.0,0.0,0.0,False,False
TATAAA,composition,1.0,48,2,17,confirmation,False,-0.2927700218845599,0.5622410851099097,0.5622410851099067,0.0,0.0,0.0,False,False
TATAAA,composition,1.0,48,2,18,confirmation,False,-0.3139929128113796,0.5665169097248696,0.566516909724873,0.0,0.0,0.0,False,False
TATAAA,composition,1.0,48,2,19,confirmation,False,-0.3166468884884074,0.5417949165942822,0.5417949165942791,0.0,0.0,0.0,False,False
TATAAA,composition,1.0,48,2,20,confirmation,False,-0.2927700218845599,0.5622410851099097,0.5622410851099067,0.0,0.0,0.0,False,False
TATAAA,composition,1.0,48,2,21,confirmation,False,-0.3021223104415353,0.5538801888869286,0.553880188886932,0.0,0.0,0.0,False,False
TATAAA,composition,1.0,48,2,22,confirmation,False,-0.3021223104415353,0.5538801888869286,0.553880188886932,0.0,0.0,0.0,False,False
TATAAA,composition,1.0,48,2,23,confirmation,False,-0.32669917066264254,0.5340268587731621,0.5340268587731656,0.0,0.0,0.0,False,False
TATAAA,composition,1.0,88,1,0,discovery,False,-0.22525898010658155,0.5340268587731621,0.5340268587731656,0.0,0.0,0.0,False,False
TATAAA,composition,1.0,88,1,1,discovery,False,-0.18944220058835146,0.5797437040619404,0.5797437040619416,0.0,0.0,0.0,False,False
TATAAA,composition,1.0,88,1,2,discovery,False,-0.21494115924458693,0.545764313143869,0.5457643131438655,0.0,0.0,0.0,False,False
TATAAA,composition,1.0,88,1,3,discovery,False,-0.18944220058835146,0.5797437040619404,0.5797437040619428,0.0,0.0,0.0,False,False
TATAAA,composition,1.0,88,1,4,discovery,False,-0.20506765742004124,0.5580293211426627,0.5580293211426605,0.0,0.0,0.0,False,False
TATAAA,composition,1.0,88,1,5,discovery,False,-0.2313463350921371,0.5665169097248696,0.566516909724873,0.0,0.0,0.0,False,False
TATAAA,composition,1.0,88,1,6,discovery,False,-0.19249330295366673,0.5752666773398097,0.5752666773398047,0.0,0.0,0.0,False,False
TATAAA,composition,1.0,88,1,7,discovery,False,-0.2324171619468496,0.5264784035276282,0.5264784035276315,0.0,0.0,0.0,False,False
TATAAA,composition,1.0,88,1,8,discovery,False,-0.20506765742004124,0.5580293211426627,0.5580293211426604,0.0,0.0,0.0,False,False
TATAAA,composition,1.0,88,1,9,discovery,False,-0.26604585934392433,0.5889101183199225,0.5889101183199262,0.0,0.0,0.0,False,False
TATAAA,composition,1.0,88,1,10,discovery,False,-0.22176638128637183,0.537882842739995,0.5378828427399905,0.0,0.0,0.0,False,False
TATAAA,composition,1.0,88,1,11,discovery,False,-0.18944220058835146,0.5797437040619404,0.5797437040619416,0.0,0.0,0.0,False,False
TATAAA,composition,1.0,88,1,12,confirmation,False,-0.19870278918506354,0.5665169097248696,0.566516909724873,0.0,0.0,0.0,False,False
TATAAA,composition,1.0,88,1,13,confirmation,False,-0.24362998197590655,0.515547527924049,0.5155475279240508,0.0,0.0,0.0,False,False
TATAAA,composition,1.0,88,1,14,confirmation,False,-0.2724933978657543,0.49172575229574295,0.491725752295743,0.0,0.0,0.0,False,False
TATAAA,composition,1.0,88,1,15,confirmation,False,-0.20186484220860829,0.5622410851099097,0.5622410851099067,0.0,0.0,0.0,False,False
TATAAA,composition,1.0,88,1,16,confirmation,False,-0.2703764935712091,0.5842909624999143,0.5842909624999101,0.0,0.0,0.0,False,False
TATAAA,composition,1.0,88,1,17,confirmation,False,-0.20186484220860829,0.5622410851099097,0.5622410851099067,0.0,0.0,0.0,False,False
TATAAA,composition,1.0,88,1,18,confirmation,False,-0.20186484220860829,0.5622410851099097,0.5622410851099067,0.0,0.0,0.0,False,False
TATAAA,composition,1.0,88,1,19,confirmation,False,-0.2324171619468496,0.5264784035276282,0.5264784035276315,0.0,0.0,0.0,False,False
TATAAA,composition,1.0,88,1,20,confirmation,False,-0.2183279345648406,0.5417949165942822,0.5417949165942791,0.0,0.0,0.0,False,False
TATAAA,composition,1.0,88,1,21,confirmation,False,-0.22176638128637183,0.537882842739995,0.5378828427399905,0.0,0.0,0.0,False,False
TATAAA,composition,1.0,88,1,22,confirmation,False,-0.19870278918506354,0.5665169097248696,0.566516909724873,0.0,0.0,0.0,False,False
TATAAA,composition,1.0,88,1,23,confirmation,False,-0.23608834134288123,0.522783637221558,0.5227836372215602,0.0,0.0,0.0,False,False
TATAAA,composition,1.0,88,2,0,discovery,False,-0.3166468884884074,0.5417949165942822,0.5417949165942791,0.0,0.0,0.0,False,False
TATAAA,composition,1.0,88,2,1,discovery,False,-0.26604585934392433,0.5889101183199225,0.5889101183199262,0.0,0.0,0.0,False,False
TATAAA,composition,1.0,88,2,2,discovery,False,-0.2974151511169917,0.5580293211426627,0.5580293211426604,0.0,0.0,0.0,False,False
TATAAA,composition,1.0,88,2,3,discovery,False,-0.2703764935712091,0.5842909624999143,0.5842909624999112,0.0,0.0,0.0,False,False
TATAAA,composition,1.0,88,2,4,discovery,False,-0.2881840111519597,0.5665169097248696,0.566516909724873,0.0,0.0,0.0,False,False
TATAAA,composition,1.0,88,2,5,discovery,False,-0.3041805962512807,0.5752666773398097,0.5752666773398047,0.0,0.0,0.0,False,False
TATAAA,composition,1.0,88,2,6,discovery,False,-0.2703764935712091,0.5842909624999143,0.5842909624999101,0.0,0.0,0.0,False,False
TATAAA,composition,1.0,88,2,7,discovery,False,-0.32669917066264254,0.5340268587731621,0.5340268587731656,0.0,0.0,0.0,False,False
TATAAA,composition,1.0,88,2,8,discovery,False,-0.2836543144655877,0.5708582677249214,0.5708582677249162,0.0,0.0,0.0,False,False
TATAAA,composition,1.0,88,2,9,discovery,False,-0.32921501570302764,0.5936028902801239,0.5936028902801229,0.0,0.0,0.0,False,False
TATAAA,composition,1.0,88,2,10,discovery,False,-0.3021223104415353,0.5538801888869286,0.553880188886932,0.0,0.0,0.0,False,False
TATAAA,composition,1.0,88,2,11,discovery,False,-0.2617588378781973,0.5936028902801239,0.5936028902801229,0.0,0.0,0.0,False,False
TATAAA,composition,1.0,88,2,12,confirmation,False,-0.2836543144655877,0.5708582677249214,0.5708582677249162,0.0,0.0,0.0,False,False
TATAAA,composition,1.0,88,2,13,confirmation,False,-0.32669917066264254,0.5340268587731621,0.5340268587731656,0.0,0.0,0.0,False,False
TATAAA,composition,1.0,88,2,14,confirmation,False,-0.37054564527883704,0.5050613191548602,0.505061319154857,0.0,0.0,0.0,False,False
TATAAA,composition,1.0,88,2,15,confirmation,False,-0.2881840111519597,0.5665169097248696,0.566516909724873,0.0,0.0,0.0,False,False
TATAAA,composition,1.0,88,2,16,confirmation,False,-0.3185843253866209,0.6032164360107181,0.6032164360107214,0.0,0.0,0.0,False,False
TATAAA,composition,1.0,88,2,17,confirmation,False,-0.30905754998184354,0.5708582677249214,0.5708582677249162,0.0,0.0,0.0,False,False
TATAAA,composition,1.0,88,2,18,confirmation,False,-0.2836543144655877,0.5708582677249215,0.5708582677249163,0.0,0.0,0.0,False,False
TATAAA,composition,1.0,88,2,19,confirmation,False,-0.3166468884884074,0.5417949165942822,0.5417949165942791,0.0,0.0,0.0,False,False
TATAAA,composition,1.0,88,2,20,confirmation,False,-0.3291794846689796,0.5538801888869286,0.553880188886932,0.0,0.0,0.0,False,False
TATAAA,composition,1.0,88,2,21,confirmation,False,-0.31173495695154235,0.545764313143869,0.5457643131438655,0.0,0.0,0.0,False,False
TATAAA,composition,1.0,88,2,22,confirmation,False,-0.2703764935712091,0.5842909624999143,0.5842909624999112,0.0,0.0,0.0,False,False
TATAAA,composition,1.0,88,2,23,confirmation,False,-0.33184688965809345,0.5302257669854457,0.5302257669854484,0.0,0.0,0.0,False,False
TATAAA,composition,4.0,8,1,0,discovery,False,-0.2288083308087538,0.0349204124034172,0.03492041240341702,0.0,0.0,0.0,False,False
TATAAA,composition,4.0,8,1,1,discovery,False,-0.1955795646794894,0.040901149438639206,0.04090114943863947,0.0,0.0,0.0,False,False
TATAAA,composition,4.0,8,1,2,discovery,False,-0.2183279345648406,0.03652255667305365,0.03652255667305353,0.0,0.0,0.0,False,False
TATAAA,composition,4.0,8,1,3,discovery,False,-0.19249330295366673,0.041613860251762703,0.04161386025176243,0.0,0.0,0.0,False,False
TATAAA,composition,4.0,8,1,4,discovery,False,-0.1955795646794894,0.040901149438639206,0.04090114943863946,0.0,0.0,0.0,False,False
TATAAA,composition,4.0,8,1,5,discovery,False,-0.1955795646794894,0.040901149438639206,0.04090114943863947,0.0,0.0,0.0,False,False
TATAAA,composition,4.0,8,1,6,discovery,False,-0.18944220058835146,0.042351849812730304,0.04235184981273012,0.0,0.0,0.0,False,False
TATAAA,composition,4.0,8,1,7,discovery,False,-0.2288083308087538,0.0349204124034172,0.03492041240341702,0.0,0.0,0.0,False,False
TATAAA,composition,4.0,8,1,8,discovery,False,-0.19249330295366673,0.041613860251762703,0.04161386025176243,0.0,0.0,0.0,False,False
TATAAA,composition,4.0,8,1,9,discovery,False,-0.19249330295366673,0.041613860251762703,0.04161386025176243,0.0,0.0,0.0,False,False
TATAAA,composition,4.0,8,1,10,discovery,False,-0.22176638128637183,0.03597241992418341,0.03597241992418309,0.0,0.0,0.0,False,False
TATAAA,composition,4.0,8,1,11,discovery,False,-0.2288083308087538,0.0349204124034172,0.03492041240341702,0.0,0.0,0.0,False,False
TATAAA,composition,4.0,8,1,12,confirmation,False,-0.19870278918506354,0.0402124404140082,0.04021244041400835,0.0,0.0,0.0,False,False
TATAAA,composition,4.0,8,1,13,confirmation,False,-0.2514594403022007,0.03210380120127122,0.03210380120127105,0.0,0.0,0.0,False,False
TATAAA,composition,4.0,8,1,14,confirmation,False,-0.21160368475757949,0.037674903324896654,0.03767490332489675,0.0,0.0,0.0,False,False
TATAAA,composition,4.0,8,1,15,confirmation,False,-0.1955795646794894,0.040901149438639206,0.04090114943863946,0.0,0.0,0.0,False,False
TATAAA,composition,4.0,8,1,16,confirmation,False,-0.2927700218845599,0.03954654080196641,0.039546540801966464,0.0,0.0,0.0,False,False
TATAAA,composition,4.0,8,1,17,confirmation,False,-0.20831324236136578,0.03827878255644138,0.03827878255644152,0.0,0.0,0.0,False,False
TATAAA,composition,4.0,8,1,18,confirmation,False,-0.246366632101296,0.037674903324896654,0.03767490332489675,0.0,0.0,0.0,False,False
TATAAA,composition,4.0,8,1,19,confirmation,False,-0.2288083308087538,0.0349204124034172,0.03492041240341702,0.0,0.0,0.0,False,False
TATAAA,composition,4.0,8,1,20,confirmation,False,-0.1804826401448503,0.04473169568069424,0.04473169568069433,0.0,0.0,0.0,False,False
TATAAA,composition,4.0,8,1,21,confirmation,False,-0.2581988897471611,0.03597241992418341,0.03597241992418309,0.0,0.0,0.0,False,False
TATAAA,composition,4.0,8,1,22,confirmation,False,-0.19870278918506354,0.0402124404140082,0.04021244041400835,0.0,0.0,0.0,False,False
TATAAA,composition,4.0,8,1,23,confirmation,False,-0.23608834134288123,0.033928188106869504,0.03392818810686925,0.0,0.0,0.0,False,False
TATAAA,composition,4.0,8,2,0,discovery,False,-0.3166468884884074,0.03652255667305365,0.03652255667305353,0.0,0.0,0.0,False,False
TATAAA,composition,4.0,8,2,1,discovery,False,-0.26604585934392433,0.04390924258831642,0.043909242588316195,0.0,0.0,0.0,False,False
TATAAA,composition,4.0,8,2,2,discovery,False,-0.2974151511169917,0.03890233592082749,0.03890233592082781,0.0,0.0,0.0,False,False
TATAAA,composition,4.0,8,2,3,discovery,False,-0.2703764935712091,0.043116487299865315,0.04311648729986508,0.0,0.0,0.0,False,False
TATAAA,composition,4.0,8,2,4,discovery,False,-0.27475312989269857,0.042351849812730304,0.04235184981273012,0.0,0.0,0.0,False,False
TATAAA,composition,4.0,8,2,5,discovery,False,-0.27475312989269857,0.042351849812730304,0.04235184981273012,0.0,0.0,0.0,False,False
TATAAA,composition,4.0,8,2,6,discovery,False,-0.2575131013123024,0.045585547217796896,0.04558554721779658,0.0,0.0,0.0,False,False
TATAAA,composition,4.0,8,2,7,discovery,False,-0.3021223104415353,0.03827878255644138,0.03827878255644152,0.0,0.0,0.0,False,False
TATAAA,composition,4.0,8,2,8,discovery,False,-0.26604585934392433,0.04390924258831642,0.043909242588316195,0.0,0.0,0.0,False,False
TATAAA,composition,4.0,8,2,9,discovery,False,-0.2703764935712091,0.043116487299865315,0.04311648729986508,0.0,0.0,0.0,False,False
TATAAA,composition,4.0,8,2,10,discovery,False,-0.31173495695154235,0.0370897815605375,0.03708978156053767,0.0,0.0,0.0,False,False
TATAAA,composition,4.0,8,2,11,discovery,False,-0.30689452774202913,0.037674903324896654,0.03767490332489675,0.0,0.0,0.0,False,False
TATAAA,composition,4.0,8,2,12,confirmation,False,-0.2703764935712091,0.04311648729986537,0.04311648729986508,0.0,0.0,0.0,False,False
TATAAA,composition,4.0,8,2,13,confirmation,False,-0.3533431298606758,0.03299079181211272,0.03299079181211285,0.0,0.0,0.0,False,False
TATAAA,composition,4.0,8,2,14,confirmation,False,-0.2927700218845599,0.03954654080196641,0.039546540801966464,0.0,0.0,0.0,False,False
TATAAA,composition,4.0,8,2,15,confirmation,False,-0.26604585934392433,0.04390924258831642,0.043909242588316195,0.0,0.0,0.0,False,False
TATAAA,composition,4.0,8,2,16,confirmation,False,-0.35112344158839165,0.041613860251762703,0.04161386025176243,0.0,0.0,0.0,False,False
TATAAA,composition,4.0,8,2,17,confirmation,False,-0.2881840111519597,0.0402124404140082,0.04021244041400835,0.0,0.0,0.0,False,False
TATAAA,composition,4.0,8,2,18,confirmation,False,-0.30689452774202913,0.037674903324896654,0.03767490332489675,0.0,0.0,0.0,False,False
TATAAA,composition,4.0,8,2,19,confirmation,False,-0.31173495695154235,0.0370897815605375,0.03708978156053767,0.0,0.0,0.0,False,False
TATAAA,composition,4.0,8,2,20,confirmation,False,-0.2491364395612199,0.047394923205634924,0.04739492320563499,0.0,0.0,0.0,False,False
TATAAA,composition,4.0,8,2,21,confirmation,False,-0.3291794846689796,0.03827878255644138,0.03827878255644152,0.0,0.0,0.0,False,False
TATAAA,composition,4.0,8,2,22,confirmation,False,-0.31173495695154235,0.0370897815605375,0.03708978156053767,0.0,0.0,0.0,False,False
TATAAA,composition,4.0,8,2,23,confirmation,False,-0.32669917066264254,0.03543861058044712,0.035438610580446915,0.0,0.0,0.0,False,False
TATAAA,composition,4.0,48,1,0,discovery,False,-0.2288083308087538,0.0349204124034172,0.03492041240341702,0.0,0.0,0.0,False,False
TATAAA,composition,4.0,48,1,1,discovery,False,-0.22525898010658155,0.03543861058044712,0.035438610580446915,0.0,0.0,0.0,False,False
TATAAA,composition,4.0,48,1,2,discovery,False,-0.21160368475757949,0.037674903324896654,0.03767490332489675,0.0,0.0,0.0,False,False
TATAAA,composition,4.0,48,1,3,discovery,False,-0.1955795646794894,0.040901149438639206,0.04090114943863946,0.0,0.0,0.0,False,False
TATAAA,composition,4.0,48,1,4,discovery,False,-0.20186484220860829,0.03954654080196641,0.039546540801966464,0.0,0.0,0.0,False,False
TATAAA,composition,4.0,48,1,5,discovery,False,-0.23608834134288123,0.033928188106869504,0.03392818810686925,0.0,0.0,0.0,False,False
TATAAA,composition,4.0,48,1,6,discovery,False,-0.18642451115841965,0.043116487299865315,0.04311648729986508,0.0,0.0,0.0,False,False
TATAAA,composition,4.0,48,1,7,discovery,False,-0.22176638128637183,0.03597241992418341,0.03597241992418309,0.0,0.0,0.0,False,False
TATAAA,composition,4.0,48,1,8,discovery,False,-0.19870278918506354,0.0402124404140082,0.04021244041400835,0.0,0.0,0.0,False,False
TATAAA,composition,4.0,48,1,9,discovery,False,-0.2791782258950142,0.041613860251762703,0.04161386025176243,0.0,0.0,0.0,False,False
TATAAA,composition,4.0,48,1,10,discovery,False,-0.2288083308087538,0.0349204124034172,0.03492041240341702,0.0,0.0,0.0,False,False
TATAAA,composition,4.0,48,1,11,discovery,False,-0.21494115924458693,0.0370897815605375,0.03708978156053767,0.0,0.0,0.0,False,False
TATAAA,composition,4.0,48,1,12,confirmation,False,-0.1834385401586336,0.04390924258831642,0.043909242588316195,0.0,0.0,0.0,False,False
TATAAA,composition,4.0,48,1,13,confirmation,False,-0.2475069830199914,0.03254125336003934,0.032541253360039483,0.0,0.0,0.0,False,False
TATAAA,composition,4.0,48,1,14,confirmation,False,-0.26380827050719763,0.030859277157183243,0.030859277157183007,0.0,0.0,0.0,False,False
TATAAA,composition,4.0,48,1,15,confirmation,False,-0.19870278918506354,0.0402124404140082,0.04021244041400835,0.0,0.0,0.0,False,False
TATAAA,composition,4.0,48,1,16,confirmation,False,-0.2927700218845599,0.03954654080196641,0.039546540801966464,0.0,0.0,0.0,False,False
TATAAA,composition,4.0,48,1,17,confirmation,False,-0.21160368475757949,0.037674903324896654,0.03767490332489675,0.0,0.0,0.0,False,False
TATAAA,composition,4.0,48,1,18,confirmation,False,-0.246366632101296,0.037674903324896654,0.03767490332489675,0.0,0.0,0.0,False,False
TATAAA,composition,4.0,48,1,19,confirmation,False,-0.22525898010658155,0.03543861058044712,0.035438610580446915,0.0,0.0,0.0,False,False
TATAAA,composition,4.0,48,1,20,confirmation,False,-0.20506765742004124,0.03890233592082749,0.03890233592082781,0.0,0.0,0.0,False,False
TATAAA,composition,4.0,48,1,21,confirmation,False,-0.21494115924458693,0.0370897815605375,0.03708978156053767,0.0,0.0,0.0,False,False
TATAAA,composition,4.0,48,1,22,confirmation,False,-0.2183279345648406,0.03652255667305365,0.03652255667305353,0.0,0.0,0.0,False,False
TATAAA,composition,4.0,48,1,23,confirmation,False,-0.2398248874912347,0.03345292446929285,0.03345292446929316,0.0,0.0,0.0,False,False
TATAAA,composition,4.0,48,2,0,discovery,False,-0.31173495695154235,0.0370897815605375,0.03708978156053767,0.0,0.0,0.0,False,False
TATAAA,composition,4.0,48,2,1,discovery,False,-0.30689452774202913,0.037674903324896654,0.03767490332489675,0.0,0.0,0.0,False,False
TATAAA,composition,4.0,48,2,2,discovery,False,-0.2927700218845599,0.03954654080196641,0.039546540801966464,0.0,0.0,0.0,False,False
TATAAA,composition,4.0,48,2,3,discovery,False,-0.26604585934392433,0.04390924258831642,0.043909242588316195,0.0,0.0,0.0,False,False
TATAAA,composition,4.0,48,2,4,discovery,False,-0.2881840111519597,0.0402124404140082,0.04021244041400835,0.0,0.0,0.0,False,False
TATAAA,composition,4.0,48,2,5,discovery,False,-0.3166468884884074,0.03652255667305365,0.036522556673053534,0.0,0.0,0.0,False,False
TATAAA,composition,4.0,48,2,6,discovery,False,-0.2617588378781973,0.04473169568069424,0.04473169568069433,0.0,0.0,0.0,False,False
TATAAA,composition,4.0,48,2,7,discovery,False,-0.30689452774202913,0.037674903324896654,0.03767490332489675,0.0,0.0,0.0,False,False
TATAAA,composition,4.0,48,2,8,discovery,False,-0.2836543144655877,0.040901149438639206,0.04090114943863947,0.0,0.0,0.0,False,False
TATAAA,composition,4.0,48,2,9,discovery,False,-0.32387513781564786,0.045585547217796896,0.04558554721779658,0.0,0.0,0.0,False,False
TATAAA,composition,4.0,48,2,10,discovery,False,-0.31173495695154235,0.0370897815605375,0.03708978156053767,0.0,0.0,0.0,False,False
TATAAA,composition,4.0,48,2,11,discovery,False,-0.31898963300538824,0.03954654080196641,0.039546540801966464,0.0,0.0,0.0,False,False
TATAAA,composition,4.0,48,2,12,confirmation,False,-0.253306376689198,0.046472630216545636,0.046472630216546046,0.0,0.0,0.0,False,False
TATAAA,composition,4.0,48,2,13,confirmation,False,-0.34240528516707336,0.033928188106869504,0.03392818810686925,0.0,0.0,0.0,False,False
TATAAA,composition,4.0,48,2,14,confirmation,False,-0.37054564527883704,0.03167795437316689,0.03167795437316678,0.0,0.0,0.0,False,False
TATAAA,composition,4.0,48,2,15,confirmation,False,-0.27475312989269857,0.042351849812730304,0.04235184981273012,0.0,0.0,0.0,False,False
TATAAA,composition,4.0,48,2,16,confirmation,False,-0.34005347173108474,0.043116487299865315,0.04311648729986508,0.0,0.0,0.0,False,False
TATAAA,composition,4.0,48,2,17,confirmation,False,-0.2927700218845599,0.03954654080196641,0.039546540801966464,0.0,0.0,0.0,False,False
TATAAA,composition,4.0,48,2,18,confirmation,False,-0.3139929128113796,0.0402124404140082,0.04021244041400835,0.0,0.0,0.0,False,False
TATAAA,composition,4.0,48,2,19,confirmation,False,-0.3166468884884074,0.03652255667305365,0.03652255667305353,0.0,0.0,0.0,False,False
TATAAA,composition,4.0,48,2,20,confirmation,False,-0.2927700218845599,0.03954654080196641,0.039546540801966464,0.0,0.0,0.0,False,False
TATAAA,composition,4.0,48,2,21,confirmation,False,-0.3021223104415353,0.03827878255644138,0.03827878255644152,0.0,0.0,0.0,False,False
TATAAA,composition,4.0,48,2,22,confirmation,False,-0.3021223104415353,0.03827878255644138,0.03827878255644152,0.0,0.0,0.0,False,False
TATAAA,composition,4.0,48,2,23,confirmation,False,-0.32669917066264254,0.03543861058044712,0.035438610580446915,0.0,0.0,0.0,False,False
TATAAA,composition,4.0,88,1,0,discovery,False,-0.22525898010658155,0.03543861058044712,0.035438610580446915,0.0,0.0,0.0,False,False
TATAAA,composition,4.0,88,1,1,discovery,False,-0.18944220058835146,0.042351849812730304,0.04235184981273012,0.0,0.0,0.0,False,False
TATAAA,composition,4.0,88,1,2,discovery,False,-0.21494115924458693,0.0370897815605375,0.03708978156053767,0.0,0.0,0.0,False,False
TATAAA,composition,4.0,88,1,3,discovery,False,-0.18944220058835146,0.042351849812730304,0.04235184981273012,0.0,0.0,0.0,False,False
TATAAA,composition,4.0,88,1,4,discovery,False,-0.20506765742004124,0.03890233592082749,0.03890233592082781,0.0,0.0,0.0,False,False
TATAAA,composition,4.0,88,1,5,discovery,False,-0.2313463350921371,0.0402124404140082,0.04021244041400835,0.0,0.0,0.0,False,False
TATAAA,composition,4.0,88,1,6,discovery,False,-0.19249330295366673,0.041613860251762703,0.04161386025176243,0.0,0.0,0.0,False,False
TATAAA,composition,4.0,88,1,7,discovery,False,-0.2324171619468496,0.034417150443474036,0.03441715044347398,0.0,0.0,0.0,False,False
TATAAA,composition,4.0,88,1,8,discovery,False,-0.20506765742004124,0.03890233592082749,0.03890233592082781,0.0,0.0,0.0,False,False
TATAAA,composition,4.0,88,1,9,discovery,False,-0.26604585934392433,0.04390924258831642,0.043909242588316195,0.0,0.0,0.0,False,False
TATAAA,composition,4.0,88,1,10,discovery,False,-0.22176638128637183,0.03597241992418341,0.03597241992418309,0.0,0.0,0.0,False,False
TATAAA,composition,4.0,88,1,11,discovery,False,-0.18944220058835146,0.042351849812730304,0.04235184981273012,0.0,0.0,0.0,False,False
TATAAA,composition,4.0,88,1,12,confirmation,False,-0.19870278918506354,0.0402124404140082,0.04021244041400835,0.0,0.0,0.0,False,False
TATAAA,composition,4.0,88,1,13,confirmation,False,-0.24362998197590655,0.03299079181211272,0.03299079181211285,0.0,0.0,0.0,False,False
TATAAA,composition,4.0,88,1,14,confirmation,False,-0.2724933978657543,0.03008184928620491,0.03008184928620483,0.0,0.0,0.0,False,False
TATAAA,composition,4.0,88,1,15,confirmation,False,-0.20186484220860829,0.03954654080196641,0.039546540801966464,0.0,0.0,0.0,False,False
TATAAA,composition,4.0,88,1,16,confirmation,False,-0.2703764935712091,0.043116487299865315,0.04311648729986508,0.0,0.0,0.0,False,False
TATAAA,composition,4.0,88,1,17,confirmation,False,-0.20186484220860829,0.03954654080196641,0.039546540801966464,0.0,0.0,0.0,False,False
TATAAA,composition,4.0,88,1,18,confirmation,False,-0.20186484220860829,0.03954654080196641,0.039546540801966464,0.0,0.0,0.0,False,False
TATAAA,composition,4.0,88,1,19,confirmation,False,-0.2324171619468496,0.034417150443474036,0.03441715044347398,0.0,0.0,0.0,False,False
TATAAA,composition,4.0,88,1,20,confirmation,False,-0.2183279345648406,0.03652255667305365,0.036522556673053534,0.0,0.0,0.0,False,False
TATAAA,composition,4.0,88,1,21,confirmation,False,-0.22176638128637183,0.03597241992418341,0.03597241992418309,0.0,0.0,0.0,False,False
TATAAA,composition,4.0,88,1,22,confirmation,False,-0.19870278918506354,0.0402124404140082,0.04021244041400835,0.0,0.0,0.0,False,False
TATAAA,composition,4.0,88,1,23,confirmation,False,-0.23608834134288123,0.033928188106869504,0.03392818810686925,0.0,0.0,0.0,False,False
TATAAA,composition,4.0,88,2,0,discovery,False,-0.3166468884884074,0.03652255667305365,0.03652255667305353,0.0,0.0,0.0,False,False
TATAAA,composition,4.0,88,2,1,discovery,False,-0.26604585934392433,0.04390924258831642,0.043909242588316195,0.0,0.0,0.0,False,False
TATAAA,composition,4.0,88,2,2,discovery,False,-0.2974151511169917,0.03890233592082749,0.03890233592082781,0.0,0.0,0.0,False,False
TATAAA,composition,4.0,88,2,3,discovery,False,-0.2703764935712091,0.043116487299865315,0.04311648729986508,0.0,0.0,0.0,False,False
TATAAA,composition,4.0,88,2,4,discovery,False,-0.2881840111519597,0.0402124404140082,0.04021244041400835,0.0,0.0,0.0,False,False
TATAAA,composition,4.0,88,2,5,discovery,False,-0.3041805962512807,0.041613860251762703,0.04161386025176243,0.0,0.0,0.0,False,False
TATAAA,composition,4.0,88,2,6,discovery,False,-0.2703764935712091,0.043116487299865315,0.04311648729986508,0.0,0.0,0.0,False,False
TATAAA,composition,4.0,88,2,7,discovery,False,-0.32669917066264254,0.03543861058044712,0.035438610580446936,0.0,0.0,0.0,False,False
TATAAA,composition,4.0,88,2,8,discovery,False,-0.2836543144655877,0.040901149438639206,0.04090114943863947,0.0,0.0,0.0,False,False
TATAAA,composition,4.0,88,2,9,discovery,False,-0.32921501570302764,0.04473169568069424,0.04473169568069434,0.0,0.0,0.0,False,False
TATAAA,composition,4.0,88,2,10,discovery,False,-0.3021223104415353,0.03827878255644138,0.03827878255644152,0.0,0.0,0.0,False,False
TATAAA,composition,4.0,88,2,11,discovery,False,-0.2617588378781973,0.04473169568069424,0.04473169568069433,0.0,0.0,0.0,False,False
TATAAA,composition,4.0,88,2,12,confirmation,False,-0.2836543144655877,0.040901149438639206,0.04090114943863947,0.0,0.0,0.0,False,False
TATAAA,composition,4.0,88,2,13,confirmation,False,-0.32669917066264254,0.03543861058044712,0.035438610580446915,0.0,0.0,0.0,False,False
TATAAA,composition,4.0,88,2,14,confirmation,False,-0.37054564527883704,0.03167795437316689,0.03167795437316679,0.0,0.0,0.0,False,False
TATAAA,composition,4.0,88,2,15,confirmation,False,-0.2881840111519597,0.0402124404140082,0.04021244041400835,0.0,0.0,0.0,False,False
TATAAA,composition,4.0,88,2,16,confirmation,False,-0.3185843253866209,0.046472630216545636,0.046472630216546046,0.0,0.0,0.0,False,False
TATAAA,composition,4.0,88,2,17,confirmation,False,-0.30905754998184354,0.040901149438639206,0.04090114943863947,0.0,0.0,0.0,False,False
TATAAA,composition,4.0,88,2,18,confirmation,False,-0.2836543144655877,0.040901149438639206,0.04090114943863946,0.0,0.0,0.0,False,False
TATAAA,composition,4.0,88,2,19,confirmation,False,-0.3166468884884074,0.03652255667305365,0.03652255667305353,0.0,0.0,0.0,False,False
TATAAA,composition,4.0,88,2,20,confirmation,False,-0.3291794846689796,0.03827878255644138,0.03827878255644152,0.0,0.0,0.0,False,False
TATAAA,composition,4.0,88,2,21,confirmation,False,-0.31173495695154235,0.0370897815605375,0.03708978156053767,0.0,0.0,0.0,False,False
TATAAA,composition,4.0,88,2,22,confirmation,False,-0.2703764935712091,0.04311648729986537,0.04311648729986509,0.0,0.0,0.0,False,False
TATAAA,composition,4.0,88,2,23,confirmation,False,-0.33184688965809345,0.0349204124034172,0.03492041240341702,0.0,0.0,0.0,False,False
TATAAA,randomized,0.25,8,1,0,discovery,False,-0.08715211488277118,1.0212868575127247,1.028537508028287,0.0,0.0,-2.220446049250313e-16,False,False
TATAAA,randomized,0.25,8,1,1,discovery,False,0.11531178143304217,1.2400343803627485,1.3665566629398607,0.0,0.0,-1.1102230246251565e-16,False,False
TATAAA,randomized,0.25,8,1,2,discovery,False,-0.07610079882679355,0.9214806679500605,1.0611678893339935,1.1102230246251565e-16,1.1102230246251565e-16,-5.551115123125783e-17,False,False
TATAAA,randomized,0.25,8,1,3,discovery,False,-0.0060611578231306645,0.96478574524028,0.9549103205069996,0.0,0.0,0.0,False,False
TATAAA,randomized,0.25,8,1,4,discovery,False,0.20564373637759792,1.2244149775330282,1.42510462376766,0.0,0.0,0.0,False,False
TATAAA,randomized,0.25,8,1,5,discovery,False,-0.010950992715785092,1.0486951771602036,1.057630782960987,0.0,0.0,0.0,False,False
TATAAA,randomized,0.25,8,1,6,discovery,False,0.15448517482342874,1.2581666453906635,1.0929625199975168,2.220446049250313e-16,0.0,1.1102230246251565e-16,False,False
TATAAA,randomized,0.25,8,1,7,discovery,False,-0.024219415735460877,0.5898668685139467,0.4269903697690112,0.0,0.0,0.0,False,False
TATAAA,randomized,0.25,8,1,8,discovery,False,-0.09843451875939968,0.9891437730612594,0.9095429741134985,0.0,0.0,0.0,False,False
TATAAA,randomized,0.25,8,1,9,discovery,False,-0.09521652514125942,0.8056091566703444,0.8252271321386052,0.0,0.0,-1.3877787807814457e-16,False,False
TATAAA,randomized,0.25,8,1,10,discovery,False,-0.14547910685520232,1.0816496018340882,0.9506597872398873,1.1102230246251565e-16,1.1102230246251565e-16,1.942890293094024e-16,False,False
TATAAA,randomized,0.25,8,1,11,discovery,False,0.17920877069064475,1.070341032061707,1.1122386429179938,2.220446049250313e-16,0.0,0.0,False,False
TATAAA,randomized,0.25,8,1,12,confirmation,False,0.1542346696720624,1.172119671734848,1.0384955942452692,1.1102230246251565e-16,1.1102230246251565e-16,1.1102230246251565e-16,False,False
TATAAA,randomized,0.25,8,1,13,confirmation,False,-0.12451998838962218,0.8815221707804449,1.0203747036472006,0.0,0.0,0.0,False,False
TATAAA,randomized,0.25,8,1,14,confirmation,False,-0.11814564427578511,0.9141542711965798,0.9231612879509234,4.440892098500626e-16,2.220446049250313e-16,3.3306690738754696e-16,False,False
TATAAA,randomized,0.25,8,1,15,confirmation,False,-0.19573358053410425,0.6972690634166394,0.8728230352205323,0.0,0.0,-2.220446049250313e-16,False,False
TATAAA,randomized,0.25,8,1,16,confirmation,False,0.06920181284603648,1.0078314735834424,0.9883352845646973,0.0,0.0,-1.1102230246251565e-16,False,False
TATAAA,randomized,0.25,8,1,17,confirmation,False,-0.06534894340048936,0.9572533920660454,0.9103500420017819,0.0,0.0,-5.551115123125783e-17,False,False
TATAAA,randomized,0.25,8,1,18,confirmation,False,0.1700795824454479,1.0900398091765984,1.2094740371654376,0.0,0.0,0.0,False,False
TATAAA,randomized,0.25,8,1,19,confirmation,False,-0.19598959454999357,0.7806126454581742,1.020758153575034,1.1102230246251565e-16,0.0,1.1102230246251565e-16,False,False
TATAAA,randomized,0.25,8,1,20,confirmation,False,-0.16784494159260585,0.9292401064052088,1.1452921254201947,5.551115123125783e-17,0.0,0.0,False,False
TATAAA,randomized,0.25,8,1,21,confirmation,False,-0.19352306130319985,0.8852808185955631,0.7695712592060531,0.010405689861840983,-0.0037884684993758633,0.011094499120598789,False,False
TATAAA,randomized,0.25,8,1,22,confirmation,False,-0.13569111608276213,0.9331221392634143,0.960663818554763,1.1102230246251565e-16,1.1102230246251565e-16,1.1102230246251565e-16,False,False
TATAAA,randomized,0.25,8,1,23,confirmation,False,0.22827774953074437,1.5300531911558373,1.4423732689286517,0.0,0.0,-1.1102230246251565e-16,False,False
TATAAA,randomized,0.25,8,2,0,discovery,False,0.07764123314026312,1.091875459009913,1.0660608061281407,2.220446049250313e-16,0.0,0.0,False,False
TATAAA,randomized,0.25,8,2,1,discovery,False,-0.23376227030699276,0.8771155690134137,0.9796883897192004,0.0,0.0,0.0,False,False
TATAAA,randomized,0.25,8,2,2,discovery,False,0.06629536665719186,1.0134381632058034,1.015701989409272,5.551115123125783e-17,0.0,1.1102230246251565e-16,False,False
TATAAA,randomized,0.25,8,2,3,discovery,False,0.20232665222021617,1.0381577266754192,1.091621834487425,1.1102230246251565e-16,1.1102230246251565e-16,1.1102230246251565e-16,False,False
TATAAA,randomized,0.25,8,2,4,discovery,False,-0.0011916371421462622,0.9178437377654517,0.8995443618316771,2.220446049250313e-16,0.0,2.220446049250313e-16,False,False
TATAAA,randomized,0.25,8,2,5,discovery,False,-0.016525743514779215,1.0475480115882752,1.0544527454243764,0.0,0.0,0.0,False,False
TATAAA,randomized,0.25,8,2,6,discovery,False,0.30745196210323483,1.5730655565825344,1.8612113261103043,0.0,0.0,-1.1102230246251565e-16,False,False
TATAAA,randomized,0.25,8,2,7,discovery,False,-0.05014900762710725,0.5819578217089707,0.42100671797743733,0.0,0.0,-2.220446049250313e-16,False,False
TATAAA,randomized,0.25,8,2,8,discovery,False,-0.1383016607307099,0.9844069140055497,0.9103456569246865,0.0,0.0,-2.220446049250313e-16,False,False
TATAAA,randomized,0.25,8,2,9,discovery,False,-0.23011393693720208,0.8990663376602738,1.1469766652279902,5.551115123125783e-17,0.0,-2.7755575615628914e-17,False,False
TATAAA,randomized,0.25,8,2,10,discovery,False,-0.12845303580980863,0.7986629191490425,1.018404730830228,2.7755575615628914e-17,-2.7755575615628914e-17,2.7755575615628914e-17,False,False
TATAAA,randomized,0.25,8,2,11,discovery,False,-0.2740843179770133,0.8760431488559007,1.005870849733599,0.0,0.0,0.0,False,False
TATAAA,randomized,0.25,8,2,12,confirmation,False,0.1685647475221491,1.0976997370310462,1.3020702846748704,0.0,0.0,-1.1102230246251565e-16,False,False
TATAAA,randomized,0.25,8,2,13,confirmation,False,-0.16260100300334646,0.8872524464905327,1.0160826327961916,0.0,0.0,0.0,False,False
TATAAA,randomized,0.25,8,2,14,confirmation,False,-0.16485334970163829,0.915899840059017,0.9235678159266646,2.220446049250313e-16,0.0,0.0,False,False
TATAAA,randomized,0.25,8,2,15,confirmation,False,-0.26816089630773604,0.7154547077827269,0.8785306850819524,0.0,0.0,0.0,False,False
TATAAA,randomized,0.25,8,2,16,confirmation,False,0.08307972109775051,1.0064577176458995,0.9895061885606444,0.0,0.0,-1.1102230246251565e-16,False,False
TATAAA,randomized,0.25,8,2,17,confirmation,False,0.19951365057504422,0.9945479311630129,1.0383792201231283,1.1102230246251565e-16,0.0,0.0,False,False
TATAAA,randomized,0.25,8,2,18,confirmation,False,0.21004331878819588,1.1123618582980086,1.3632546170636732,0.0,0.0,0.0,False,False
TATAAA,randomized,0.25,8,2,19,confirmation,False,0.3412590413970959,1.332522813409006,1.3775458961905311,5.551115123125783e-17,0.0,5.551115123125783e-17,False,False
TATAAA,randomized,0.25,8,2,20,confirmation,False,-0.23197448619020822,0.9410255679029088,1.134697738963913,0.0,0.0,-1.6653345369377348e-16,False,False
TATAAA,randomized,0.25,8,2,21,confirmation,False,-0.20669711965148763,0.8921134923681785,0.7734402491781657,0.010453010363172588,-0.0030469983329495243,0.011490617904615474,False,False
TATAAA,randomized,0.25,8,2,22,confirmation,False,-0.17504184047523838,0.9374870894661337,0.9645518163168525,0.0,0.0,-1.1102230246251565e-16,False,False
TATAAA,randomized,0.25,8,2,23,confirmation,False,0.31834275037245185,0.9588906135930676,0.8758258799149194,2.220446049250313e-16,0.0,2.220446049250313e-16,False,False
TATAAA,randomized,0.25,48,1,0,discovery,False,-0.09190516533391269,1.0175588987527755,1.0277884805679063,0.0,0.0,0.0,False,False
TATAAA,randomized,0.25,48,1,1,discovery,False,-0.23547314994939061,0.9681389295950854,1.0119697303240496,0.0,0.0,-1.1102230246251565e-16,False,False
TATAAA,randomized,0.25,48,1,2,discovery,False,-0.07726956842184372,0.9221985329861466,1.0621104447661058,2.220446049250313e-16,1.1102230246251565e-16,2.220446049250313e-16,False,False
TATAAA,randomized,0.25,48,1,3,discovery,False,0.14670149934266707,1.0432159181051481,1.098244234378217,1.1102230246251565e-16,0.0,-1.1102230246251565e-16,False,False
TATAAA,randomized,0.25,48,1,4,discovery,False,0.2145464537742818,1.2444481524638131,1.4572413712749244,0.0,0.0,0.0,False,False
TATAAA,randomized,0.25,48,1,5,discovery,False,0.006825760502181799,1.0982400966789594,1.1589801905659984,0.0,0.0,0.0,False,False
TATAAA,randomized,0.25,48,1,6,discovery,False,0.2264046202773181,1.628559874089549,1.978953109703842,0.0,0.0,-1.1102230246251565e-16,False,False
TATAAA,randomized,0.25,48,1,7,discovery,False,0.1562112492243954,1.1546043627287066,1.5946011927488222,2.220446049250313e-16,0.0,1.1102230246251565e-16,False,False
TATAAA,randomized,0.25,48,1,8,discovery,False,0.17193031100840403,1.1116887917034373,1.1324462046011725,2.220446049250313e-16,0.0,2.220446049250313e-16,False,False
TATAAA,randomized,0.25,48,1,9,discovery,False,-0.23475002617237312,0.8955802330891008,1.1522954291192062,5.551115123125783e-17,5.551115123125783e-17,8.326672684688674e-17,False,False
TATAAA,randomized,0.25,48,1,10,discovery,False,-0.1485884440409532,1.1002602624573958,0.9569218141753693,0.0,0.0,0.0,False,False
TATAAA,randomized,0.25,48,1,11,discovery,False,-0.19214828406771345,0.8707740689056681,1.0084965875181569,2.220446049250313e-16,0.0,2.220446049250313e-16,False,False
TATAAA,randomized,0.25,48,1,12,confirmation,False,0.09935602590278889,1.047627451015372,1.223836991112315,0.0,0.0,0.0,False,False
TATAAA,randomized,0.25,48,1,13,confirmation,False,-0.12026894570570923,0.8850681350737902,1.0188892916176597,2.220446049250313e-16,2.220446049250313e-16,2.220446049250313e-16,False,False
TATAAA,randomized,0.25,48,1,14,confirmation,False,-0.11656743510223892,0.9248546304761627,0.9393701863853741,0.0,0.0,0.0,False,False
TATAAA,randomized,0.25,48,1,15,confirmation,False,-0.20114552198312918,0.6958874737480376,0.87207761773502,0.0,0.0,0.0,False,False
TATAAA,randomized,0.25,48,1,16,confirmation,False,-0.12035054926289275,0.9095482629399876,0.8840627516572287,0.0,0.0,0.0,False,False
TATAAA,randomized,0.25,48,1,17,confirmation,False,-0.05306290832944221,0.9629306527054684,0.9229542486183352,1.1102230246251565e-16,1.1102230246251565e-16,1.1102230246251565e-16,False,False
TATAAA,randomized,0.25,48,1,18,confirmation,False,0.16935593636523089,1.0902912375058949,1.2073321543717395,0.0,0.0,0.0,False,False
TATAAA,randomized,0.25,48,1,19,confirmation,False,0.25503204203315066,1.3616653505850682,1.4152012662098388,5.551115123125783e-17,0.0,-5.551115123125783e-17,False,False
TATAAA,randomized,0.25,48,1,20,confirmation,False,0.0011018241690564953,0.8467355544428191,0.7727398280161172,0.0,0.0,0.0,False,False
TATAAA,randomized,0.25,48,1,21,confirmation,False,-0.10350066028246468,0.9253514131874208,0.9728134201338436,2.220446049250313e-16,2.220446049250313e-16,2.220446049250313e-16,False,False
TATAAA,randomized,0.25,48,1,22,confirmation,False,-0.16542925746384657,0.8244614444755181,0.5957939026062476,0.0,-2.220446049250313e-16,-2.220446049250313e-16,False,False
TATAAA,randomized,0.25,48,1,23,confirmation,False,0.22889625189170726,1.543051515750842,1.445805960168942,0.0,0.0,0.0,False,False
TATAAA,randomized,0.25,48,2,0,discovery,False,-0.11697604788515269,1.0210293906209884,1.026307027821199,0.0,0.0,-2.220446049250313e-16,False,False
TATAAA,randomized,0.25,48,2,1,discovery,False,-0.3103793852449617,0.947021941920616,1.000879611177626,0.0,0.0,0.0,False,False
TATAAA,randomized,0.25,48,2,2,discovery,False,0.18416830469307632,1.1741683063469674,1.2786682678024996,0.0,0.0,-3.3306690738754696e-16,False,False
TATAAA,randomized,0.25,48,2,3,discovery,False,0.19848234373777343,1.0464069904403452,1.087605080637862,1.1102230246251565e-16,0.0,1.1102230246251565e-16,False,False
TATAAA,randomized,0.25,48,2,4,discovery,False,0.009355277947369713,0.9211073615802338,0.8950798546968546,2.220446049250313e-16,0.0,2.220446049250313e-16,False,False
TATAAA,randomized,0.25,48,2,5,discovery,False,0.010120043516376218,1.093695288723719,1.1466805363864456,0.0,0.0,-2.220446049250313e-16,False,False
TATAAA,randomized,0.25,48,2,6,discovery,False,0.30925517739663144,1.571073992293557,1.8655384479240433,0.0,0.0,-2.220446049250313e-16,False,False
TATAAA,randomized,0.25,48,2,7,discovery,False,-0.26472674906370613,0.694758778304196,0.6798774940858615,1.1102230246251565e-16,0.0,1.1102230246251565e-16,False,False
TATAAA,randomized,0.25,48,2,8,discovery,False,0.243663585537774,1.109862052204284,1.1297225454029498,2.220446049250313e-16,2.220446049250313e-16,2.220446049250313e-16,False,False
TATAAA,randomized,0.25,48,2,9,discovery,False,0.0855857655919994,0.9864406436188989,0.9973100011874018,2.7755575615628914e-17,0.0,-8.326672684688674e-17,False,False
TATAAA,randomized,0.25,48,2,10,discovery,False,-0.1376873985652174,0.8130048614593033,1.0378371990896393,1.1102230246251565e-16,0.0,0.0,False,False
TATAAA,randomized,0.25,48,2,11,discovery,False,-0.1756208920040885,0.42237824227688137,0.3410165840174906,2.220446049250313e-16,0.0,2.220446049250313e-16,False,False
TATAAA,randomized,0.25,48,2,12,confirmation,False,0.13978345696911737,1.0531185799768679,1.2155992926633568,0.0,0.0,0.0,False,False
TATAAA,randomized,0.25,48,2,13,confirmation,False,-0.16499514491846168,0.8905885064150857,1.0160141865164265,0.0,0.0,0.0,False,False
TATAAA,randomized,0.25,48,2,14,confirmation,False,-0.16012522932466441,0.9280159841469913,0.9416783561809495,0.0,0.0,-4.440892098500626e-16,False,False
TATAAA,randomized,0.25,48,2,15,confirmation,False,0.17070921460532748,1.1053761145323413,1.1345989293947074,4.440892098500626e-16,4.440892098500626e-16,2.220446049250313e-16,False,False
TATAAA,randomized,0.25,48,2,16,confirmation,False,-0.11937040185747096,0.912899502480197,0.8823264497534455,0.0,0.0,0.0,False,False
TATAAA,randomized,0.25,48,2,17,confirmation,False,-0.07993623017483342,0.9603793051709028,0.9210214132559645,0.0,0.0,-1.1102230246251565e-16,False,False
TATAAA,randomized,0.25,48,2,18,confirmation,False,0.22061728349461507,1.077588517944586,1.1784961194957801,0.0,0.0,0.0,False,False
TATAAA,randomized,0.25,48,2,19,confirmation,False,0.35912734812732916,1.341697985718967,1.4001577996389507,0.0,0.0,-5.551115123125783e-17,False,False
TATAAA,randomized,0.25,48,2,20,confirmation,False,-0.0004660645911253809,0.8475652282298943,0.7781340556678354,0.0,0.0,5.551115123125783e-17,False,False
TATAAA,randomized,0.25,48,2,21,confirmation,False,-0.14803219016089436,0.9317039559768775,0.9730323680925769,0.0,0.0,0.0,False,False
TATAAA,randomized,0.25,48,2,22,confirmation,False,-0.2628217446514409,0.7746466012509018,0.7377629321351282,1.1102230246251565e-16,0.0,0.0,False,False
TATAAA,randomized,0.25,48,2,23,confirmation,False,0.31377791076733214,1.4574699301677185,1.4125572143130771,0.0,0.0,-2.220446049250313e-16,False,False
TATAAA,randomized,0.25,88,1,0,discovery,False,-0.08545697439708108,1.0233044033482017,1.0280161854995598,2.220446049250313e-16,2.220446049250313e-16,2.220446049250313e-16,False,False
TATAAA,randomized,0.25,88,1,1,discovery,False,-0.17987274321017213,0.8939163372597182,0.9875732105120063,0.0,0.0,-2.220446049250313e-16,False,False
TATAAA,randomized,0.25,88,1,2,discovery,False,0.04097893632264818,1.005831082195015,1.0078581815736698,0.0,0.0,-2.220446049250313e-16,False,False
TATAAA,randomized,0.25,88,1,3,discovery,False,-0.0014435907460033416,0.9677346842957636,0.9635658034989788,0.0,0.0,1.1102230246251565e-16,False,False
TATAAA,randomized,0.25,88,1,4,discovery,False,0.20908569720956463,1.205122668732385,1.4350423231142388,0.0,0.0,0.0,False,False
TATAAA,randomized,0.25,88,1,5,discovery,False,-0.12060495997145942,0.8967989024794232,0.5892661792592738,0.0,0.0,0.0,False,False
TATAAA,randomized,0.25,88,1,6,discovery,False,0.1519278251315336,1.2535294979784324,1.091050285133971,2.220446049250313e-16,0.0,2.220446049250313e-16,False,False
TATAAA,randomized,0.25,88,1,7,discovery,False,0.17155274693585038,1.2174144443382076,1.778333342955264,0.0,0.0,0.0,False,False
TATAAA,randomized,0.25,88,1,8,discovery,False,-0.09914526639422894,0.9955893277723669,0.911916432662382,0.0,0.0,0.0,False,False
TATAAA,randomized,0.25,88,1,9,discovery,False,-0.24203107754442527,0.8833586959006903,1.1597873311720377,5.551115123125783e-17,0.0,1.1102230246251565e-16,False,False
TATAAA,randomized,0.25,88,1,10,discovery,False,-0.09851706031148925,0.8084577241817207,1.0469268169803136,2.7755575615628914e-17,0.0,2.7755575615628914e-17,False,False
TATAAA,randomized,0.25,88,1,11,discovery,False,0.10106109512997,1.0723657663970652,1.1425903869992833,1.1102230246251565e-16,0.0,1.1102230246251565e-16,False,False
TATAAA,randomized,0.25,88,1,12,confirmation,False,0.15216667032836062,1.1583406198873112,1.0377813380214986,2.220446049250313e-16,0.0,0.0,False,False
TATAAA,randomized,0.25,88,1,13,confirmation,False,-0.12618920764194605,0.885623731701353,1.0204195713728381,0.0,0.0,2.220446049250313e-16,False,False
TATAAA,randomized,0.25,88,1,14,confirmation,False,-0.11877828932635293,0.9251895316287643,0.9400830137002725,0.0,0.0,-1.1102230246251565e-16,False,False
TATAAA,randomized,0.25,88,1,15,confirmation,False,-0.20133947564674426,0.6865807487705619,0.8706254672573861,0.0,0.0,0.0,False,False
TATAAA,randomized,0.25,88,1,16,confirmation,False,-0.11730681835643589,0.9070673768106943,0.8845915384669482,0.0,0.0,0.0,False,False
TATAAA,randomized,0.25,88,1,17,confirmation,False,-0.06997342527858492,0.9537378559530657,0.9049136084926476,0.0,0.0,0.0,False,False
TATAAA,randomized,0.25,88,1,18,confirmation,False,0.14791833334078672,1.1396607123102873,1.3767751512439537,0.0,0.0,0.0,False,False
TATAAA,randomized,0.25,88,1,19,confirmation,False,0.2625679747909735,1.367757970740012,1.4291314432749542,0.0,0.0,0.0,False,False
TATAAA,randomized,0.25,88,1,20,confirmation,False,0.0013978214739427495,0.844241671381671,0.7621851599050141,2.7755575615628914e-17,2.7755575615628914e-17,-5.551115123125783e-17,False,False
TATAAA,randomized,0.25,88,1,21,confirmation,False,-0.10979398599947555,0.9263236778370967,0.9733550386805973,0.0,0.0,0.0,False,False
TATAAA,randomized,0.25,88,1,22,confirmation,False,-0.1634959629928421,0.7884437646181297,0.7516139064341734,3.3306690738754696e-16,1.1102230246251565e-16,2.220446049250313e-16,False,False
TATAAA,randomized,0.25,88,1,23,confirmation,False,0.23316494066730195,1.534068123104485,1.4495778795493843,2.220446049250313e-16,2.220446049250313e-16,4.440892098500626e-16,False,False
TATAAA,randomized,0.25,88,2,0,discovery,False,0.233584951441794,1.1431509208833281,1.388411780282687,2.220446049250313e-16,0.0,2.220446049250313e-16,False,False
TATAAA,randomized,0.25,88,2,1,discovery,False,0.16461287347603296,1.225759345067882,1.3526237000466512,2.220446049250313e-16,1.1102230246251565e-16,0.0,False,False
TATAAA,randomized,0.25,88,2,2,discovery,False,-0.11419439723754475,0.9195659152886476,1.063023108117881,1.1102230246251565e-16,1.1102230246251565e-16,1.1102230246251565e-16,False,False
TATAAA,randomized,0.25,88,2,3,discovery,False,0.2772999652934315,1.3814804222622932,1.3957499697190272,1.1102230246251565e-16,0.0,2.220446049250313e-16,False,False
TATAAA,randomized,0.25,88,2,4,discovery,False,0.2907144383832078,1.1881724238829652,1.4045835832547813,0.0,0.0,0.0,False,False
TATAAA,randomized,0.25,88,2,5,discovery,False,-0.11210822249083835,0.8834836766268599,0.5780574066156815,0.0,0.0,0.0,False,False
TATAAA,randomized,0.25,88,2,6,discovery,False,-0.050376545894332214,0.9776934290274575,0.9239881494893626,1.1102230246251565e-16,0.0,1.1102230246251565e-16,False,False
TATAAA,randomized,0.25,88,2,7,discovery,False,-0.02831325636903314,0.5912734361744042,0.4385156485328543,0.0,0.0,-2.220446049250313e-16,False,False
TATAAA,randomized,0.25,88,2,8,discovery,False,-0.1303013020685873,0.9892646642618071,0.9188953073489711,0.0,0.0,0.0,False,False
TATAAA,randomized,0.25,88,2,9,discovery,False,-0.1639066272159674,0.8102026014983559,0.8272535302384454,0.0,0.0,-5.551115123125783e-17,False,False
TATAAA,randomized,0.25,88,2,10,discovery,False,-0.19901348256121132,1.0737839433762406,0.9449220644371515,0.0,0.0,-2.7755575615628914e-17,False,False
TATAAA,randomized,0.25,88,2,11,discovery,False,0.1770457522297462,1.0401204473824615,1.0714173056079048,1.1102230246251565e-16,1.1102230246251565e-16,1.1102230246251565e-16,False,False
TATAAA,randomized,0.25,88,2,12,confirmation,False,0.1685436274271664,1.0791684707898,1.2964895167440869,0.0,0.0,-1.1102230246251565e-16,False,False
TATAAA,randomized,0.25,88,2,13,confirmation,False,-0.16415248017231687,0.9061279798550647,1.0163509465825007,0.0,0.0,0.0,False,False
TATAAA,randomized,0.25,88,2,14,confirmation,False,-0.16762643399673255,0.923611170563505,0.9378258014479535,0.0,0.0,0.0,False,False
TATAAA,randomized,0.25,88,2,15,confirmation,False,-0.2817626002251888,0.6843718735750336,0.8713762293869373,0.0,0.0,0.0,False,False
TATAAA,randomized,0.25,88,2,16,confirmation,False,-0.0988637534670701,0.9126221722775186,0.8872997230184246,0.0,0.0,0.0,False,False
TATAAA,randomized,0.25,88,2,17,confirmation,False,0.24937351296489305,1.0700507984820309,0.9785865408471391,5.551115123125783e-17,0.0,5.551115123125783e-17,False,False
TATAAA,randomized,0.25,88,2,18,confirmation,False,0.20625538593923146,1.129187895511241,1.3494483731958484,0.0,0.0,-2.220446049250313e-16,False,False
TATAAA,randomized,0.25,88,2,19,confirmation,False,0.35912734812732916,1.341697985718967,1.4001577996389507,0.0,0.0,0.0,False,False
TATAAA,randomized,0.25,88,2,20,confirmation,False,0.28138962108352983,1.0878696509187842,0.9559837102919878,0.01892129167675577,0.00802834414203435,0.024390340092971585,False,False
TATAAA,randomized,0.25,88,2,21,confirmation,False,-0.11579901133259188,0.796288933996904,0.7013737936933974,4.440892098500626e-16,0.0,0.0,False,False
TATAAA,randomized,0.25,88,2,22,confirmation,False,0.08508447268907213,0.9596779834400966,1.013439247865246,0.0,0.0,0.0,False,False
TATAAA,randomized,0.25,88,2,23,confirmation,False,0.330727214823491,1.0140611618762854,0.9247265886343031,1.1102230246251565e-16,0.0,1.1102230246251565e-16,False,False
TATAAA,randomized,1.0,8,1,0,discovery,False,-0.08715211488277118,1.0212868575127247,1.028537508028287,0.0,0.0,-2.220446049250313e-16,False,False
TATAAA,randomized,1.0,8,1,1,discovery,False,0.11531178143304217,1.2400343803627485,1.3665566629398607,0.0,0.0,-1.1102230246251565e-16,False,False
TATAAA,randomized,1.0,8,1,2,discovery,False,-0.07610079882679355,0.9214806679500605,1.0611678893339935,1.1102230246251565e-16,1.1102230246251565e-16,-5.551115123125783e-17,False,False
TATAAA,randomized,1.0,8,1,3,discovery,False,-0.0060611578231306645,0.96478574524028,0.9549103205069996,0.0,0.0,0.0,False,False
TATAAA,randomized,1.0,8,1,4,discovery,False,0.20564373637759792,1.2244149775330282,1.42510462376766,0.0,0.0,0.0,False,False
TATAAA,randomized,1.0,8,1,5,discovery,False,-0.010950992715785092,1.0486951771602036,1.057630782960987,0.0,0.0,0.0,False,False
TATAAA,randomized,1.0,8,1,6,discovery,False,0.15448517482342874,1.2581666453906635,1.0929625199975168,2.220446049250313e-16,0.0,1.1102230246251565e-16,False,False
TATAAA,randomized,1.0,8,1,7,discovery,False,-0.024219415735460877,0.5898668685139467,0.4269903697690112,0.0,0.0,0.0,False,False
TATAAA,randomized,1.0,8,1,8,discovery,False,-0.09843451875939968,0.9891437730612594,0.9095429741134985,0.0,0.0,0.0,False,False
TATAAA,randomized,1.0,8,1,9,discovery,False,-0.09521652514125942,0.8056091566703444,0.8252271321386052,0.0,0.0,-1.3877787807814457e-16,False,False
TATAAA,randomized,1.0,8,1,10,discovery,False,-0.14547910685520232,1.0816496018340882,0.9506597872398873,1.1102230246251565e-16,1.1102230246251565e-16,1.942890293094024e-16,False,False
TATAAA,randomized,1.0,8,1,11,discovery,False,0.17920877069064475,1.070341032061707,1.1122386429179938,2.220446049250313e-16,0.0,0.0,False,False
TATAAA,randomized,1.0,8,1,12,confirmation,False,0.1542346696720624,1.172119671734848,1.0384955942452692,1.1102230246251565e-16,1.1102230246251565e-16,1.1102230246251565e-16,False,False
TATAAA,randomized,1.0,8,1,13,confirmation,False,-0.12451998838962218,0.8815221707804449,1.0203747036472006,0.0,0.0,0.0,False,False
TATAAA,randomized,1.0,8,1,14,confirmation,False,-0.11814564427578511,0.9141542711965798,0.9231612879509234,4.440892098500626e-16,2.220446049250313e-16,3.3306690738754696e-16,False,False
TATAAA,randomized,1.0,8,1,15,confirmation,False,-0.19573358053410425,0.6972690634166394,0.8728230352205323,0.0,0.0,-2.220446049250313e-16,False,False
TATAAA,randomized,1.0,8,1,16,confirmation,False,0.06920181284603648,1.0078314735834424,0.9883352845646973,0.0,0.0,-1.1102230246251565e-16,False,False
TATAAA,randomized,1.0,8,1,17,confirmation,False,-0.06534894340048936,0.9572533920660454,0.9103500420017819,0.0,0.0,-5.551115123125783e-17,False,False
TATAAA,randomized,1.0,8,1,18,confirmation,False,0.1700795824454479,1.0900398091765984,1.2094740371654376,0.0,0.0,0.0,False,False
TATAAA,randomized,1.0,8,1,19,confirmation,False,-0.19598959454999357,0.7806126454581742,1.020758153575034,1.1102230246251565e-16,0.0,1.1102230246251565e-16,False,False
TATAAA,randomized,1.0,8,1,20,confirmation,False,-0.16784494159260585,0.9292401064052088,1.1452921254201947,5.551115123125783e-17,0.0,0.0,False,False
TATAAA,randomized,1.0,8,1,21,confirmation,False,-0.19352306130319985,0.8852808185955631,0.7695712592060531,0.010405689861840983,-0.0037884684993758633,0.011094499120598789,False,False
TATAAA,randomized,1.0,8,1,22,confirmation,False,-0.13569111608276213,0.9331221392634143,0.960663818554763,1.1102230246251565e-16,1.1102230246251565e-16,1.1102230246251565e-16,False,False
TATAAA,randomized,1.0,8,1,23,confirmation,False,0.22827774953074437,1.5300531911558373,1.4423732689286517,0.0,0.0,-1.1102230246251565e-16,False,False
TATAAA,randomized,1.0,8,2,0,discovery,False,0.07764123314026312,1.091875459009913,1.0660608061281407,2.220446049250313e-16,0.0,0.0,False,False
TATAAA,randomized,1.0,8,2,1,discovery,False,-0.23376227030699276,0.8771155690134137,0.9796883897192004,0.0,0.0,0.0,False,False
TATAAA,randomized,1.0,8,2,2,discovery,False,0.06629536665719186,1.0134381632058034,1.015701989409272,5.551115123125783e-17,0.0,1.1102230246251565e-16,False,False
TATAAA,randomized,1.0,8,2,3,discovery,False,0.20232665222021617,1.0381577266754192,1.091621834487425,1.1102230246251565e-16,1.1102230246251565e-16,1.1102230246251565e-16,False,False
TATAAA,randomized,1.0,8,2,4,discovery,False,-0.0011916371421462622,0.9178437377654517,0.8995443618316771,2.220446049250313e-16,0.0,2.220446049250313e-16,False,False
TATAAA,randomized,1.0,8,2,5,discovery,False,-0.016525743514779215,1.0475480115882752,1.0544527454243764,0.0,0.0,0.0,False,False
TATAAA,randomized,1.0,8,2,6,discovery,False,0.30745196210323483,1.5730655565825344,1.8612113261103043,0.0,0.0,-1.1102230246251565e-16,False,False
TATAAA,randomized,1.0,8,2,7,discovery,False,-0.05014900762710725,0.5819578217089707,0.42100671797743733,0.0,0.0,-2.220446049250313e-16,False,False
TATAAA,randomized,1.0,8,2,8,discovery,False,-0.1383016607307099,0.9844069140055497,0.9103456569246865,0.0,0.0,-2.220446049250313e-16,False,False
TATAAA,randomized,1.0,8,2,9,discovery,False,-0.23011393693720208,0.8990663376602738,1.1469766652279902,5.551115123125783e-17,0.0,-2.7755575615628914e-17,False,False
TATAAA,randomized,1.0,8,2,10,discovery,False,-0.12845303580980863,0.7986629191490425,1.018404730830228,2.7755575615628914e-17,-2.7755575615628914e-17,2.7755575615628914e-17,False,False
TATAAA,randomized,1.0,8,2,11,discovery,False,-0.2740843179770133,0.8760431488559007,1.005870849733599,0.0,0.0,0.0,False,False
TATAAA,randomized,1.0,8,2,12,confirmation,False,0.1685647475221491,1.0976997370310462,1.3020702846748704,0.0,0.0,-1.1102230246251565e-16,False,False
TATAAA,randomized,1.0,8,2,13,confirmation,False,-0.16260100300334646,0.8872524464905327,1.0160826327961916,0.0,0.0,0.0,False,False
TATAAA,randomized,1.0,8,2,14,confirmation,False,-0.16485334970163829,0.915899840059017,0.9235678159266646,2.220446049250313e-16,0.0,0.0,False,False
TATAAA,randomized,1.0,8,2,15,confirmation,False,-0.26816089630773604,0.7154547077827269,0.8785306850819524,0.0,0.0,0.0,False,False
TATAAA,randomized,1.0,8,2,16,confirmation,False,0.08307972109775051,1.0064577176458995,0.9895061885606444,0.0,0.0,-1.1102230246251565e-16,False,False
TATAAA,randomized,1.0,8,2,17,confirmation,False,0.19951365057504422,0.9945479311630129,1.0383792201231283,1.1102230246251565e-16,0.0,0.0,False,False
TATAAA,randomized,1.0,8,2,18,confirmation,False,0.21004331878819588,1.1123618582980086,1.3632546170636732,0.0,0.0,0.0,False,False
TATAAA,randomized,1.0,8,2,19,confirmation,False,0.3412590413970959,1.332522813409006,1.3775458961905311,5.551115123125783e-17,0.0,5.551115123125783e-17,False,False
TATAAA,randomized,1.0,8,2,20,confirmation,False,-0.23197448619020822,0.9410255679029088,1.134697738963913,0.0,0.0,-1.6653345369377348e-16,False,False
TATAAA,randomized,1.0,8,2,21,confirmation,False,-0.20669711965148763,0.8921134923681785,0.7734402491781657,0.010453010363172588,-0.0030469983329495243,0.011490617904615474,False,False
TATAAA,randomized,1.0,8,2,22,confirmation,False,-0.17504184047523838,0.9374870894661337,0.9645518163168525,0.0,0.0,-1.1102230246251565e-16,False,False
TATAAA,randomized,1.0,8,2,23,confirmation,False,0.31834275037245185,0.9588906135930676,0.8758258799149194,2.220446049250313e-16,0.0,2.220446049250313e-16,False,False
TATAAA,randomized,1.0,48,1,0,discovery,False,-0.09190516533391269,1.0175588987527755,1.0277884805679063,0.0,0.0,0.0,False,False
TATAAA,randomized,1.0,48,1,1,discovery,False,-0.23547314994939061,0.9681389295950854,1.0119697303240496,0.0,0.0,-1.1102230246251565e-16,False,False
TATAAA,randomized,1.0,48,1,2,discovery,False,-0.07726956842184372,0.9221985329861466,1.0621104447661058,2.220446049250313e-16,1.1102230246251565e-16,2.220446049250313e-16,False,False
TATAAA,randomized,1.0,48,1,3,discovery,False,0.14670149934266707,1.0432159181051481,1.098244234378217,1.1102230246251565e-16,0.0,-1.1102230246251565e-16,False,False
TATAAA,randomized,1.0,48,1,4,discovery,False,0.2145464537742818,1.2444481524638131,1.4572413712749244,0.0,0.0,0.0,False,False
TATAAA,randomized,1.0,48,1,5,discovery,False,0.006825760502181799,1.0982400966789594,1.1589801905659984,0.0,0.0,0.0,False,False
TATAAA,randomized,1.0,48,1,6,discovery,False,0.2264046202773181,1.628559874089549,1.978953109703842,0.0,0.0,-1.1102230246251565e-16,False,False
TATAAA,randomized,1.0,48,1,7,discovery,False,0.1562112492243954,1.1546043627287066,1.5946011927488222,2.220446049250313e-16,0.0,1.1102230246251565e-16,False,False
TATAAA,randomized,1.0,48,1,8,discovery,False,0.17193031100840403,1.1116887917034373,1.1324462046011725,2.220446049250313e-16,0.0,2.220446049250313e-16,False,False
TATAAA,randomized,1.0,48,1,9,discovery,False,-0.23475002617237312,0.8955802330891008,1.1522954291192062,5.551115123125783e-17,5.551115123125783e-17,8.326672684688674e-17,False,False
TATAAA,randomized,1.0,48,1,10,discovery,False,-0.1485884440409532,1.1002602624573958,0.9569218141753693,0.0,0.0,0.0,False,False
TATAAA,randomized,1.0,48,1,11,discovery,False,-0.19214828406771345,0.8707740689056681,1.0084965875181569,2.220446049250313e-16,0.0,2.220446049250313e-16,False,False
TATAAA,randomized,1.0,48,1,12,confirmation,False,0.09935602590278889,1.047627451015372,1.223836991112315,0.0,0.0,0.0,False,False
TATAAA,randomized,1.0,48,1,13,confirmation,False,-0.12026894570570923,0.8850681350737902,1.0188892916176597,2.220446049250313e-16,2.220446049250313e-16,2.220446049250313e-16,False,False
TATAAA,randomized,1.0,48,1,14,confirmation,False,-0.11656743510223892,0.9248546304761627,0.9393701863853741,0.0,0.0,0.0,False,False
TATAAA,randomized,1.0,48,1,15,confirmation,False,-0.20114552198312918,0.6958874737480376,0.87207761773502,0.0,0.0,0.0,False,False
TATAAA,randomized,1.0,48,1,16,confirmation,False,-0.12035054926289275,0.9095482629399876,0.8840627516572287,0.0,0.0,0.0,False,False
TATAAA,randomized,1.0,48,1,17,confirmation,False,-0.05306290832944221,0.9629306527054684,0.9229542486183352,1.1102230246251565e-16,1.1102230246251565e-16,1.1102230246251565e-16,False,False
TATAAA,randomized,1.0,48,1,18,confirmation,False,0.16935593636523089,1.0902912375058949,1.2073321543717395,0.0,0.0,0.0,False,False
TATAAA,randomized,1.0,48,1,19,confirmation,False,0.25503204203315066,1.3616653505850682,1.4152012662098388,5.551115123125783e-17,0.0,-5.551115123125783e-17,False,False
TATAAA,randomized,1.0,48,1,20,confirmation,False,0.0011018241690564953,0.8467355544428191,0.7727398280161172,0.0,0.0,0.0,False,False
TATAAA,randomized,1.0,48,1,21,confirmation,False,-0.10350066028246468,0.9253514131874208,0.9728134201338436,2.220446049250313e-16,2.220446049250313e-16,2.220446049250313e-16,False,False
TATAAA,randomized,1.0,48,1,22,confirmation,False,-0.16542925746384657,0.8244614444755181,0.5957939026062476,0.0,-2.220446049250313e-16,-2.220446049250313e-16,False,False
TATAAA,randomized,1.0,48,1,23,confirmation,False,0.22889625189170726,1.543051515750842,1.445805960168942,0.0,0.0,0.0,False,False
TATAAA,randomized,1.0,48,2,0,discovery,False,-0.11697604788515269,1.0210293906209884,1.026307027821199,0.0,0.0,-2.220446049250313e-16,False,False
TATAAA,randomized,1.0,48,2,1,discovery,False,-0.3103793852449617,0.947021941920616,1.000879611177626,0.0,0.0,0.0,False,False
TATAAA,randomized,1.0,48,2,2,discovery,False,0.18416830469307632,1.1741683063469674,1.2786682678024996,0.0,0.0,-3.3306690738754696e-16,False,False
TATAAA,randomized,1.0,48,2,3,discovery,False,0.19848234373777343,1.0464069904403452,1.087605080637862,1.1102230246251565e-16,0.0,1.1102230246251565e-16,False,False
TATAAA,randomized,1.0,48,2,4,discovery,False,0.009355277947369713,0.9211073615802338,0.8950798546968546,2.220446049250313e-16,0.0,2.220446049250313e-16,False,False
TATAAA,randomized,1.0,48,2,5,discovery,False,0.010120043516376218,1.093695288723719,1.1466805363864456,0.0,0.0,-2.220446049250313e-16,False,False
TATAAA,randomized,1.0,48,2,6,discovery,False,0.30925517739663144,1.571073992293557,1.8655384479240433,0.0,0.0,-2.220446049250313e-16,False,False
TATAAA,randomized,1.0,48,2,7,discovery,False,-0.26472674906370613,0.694758778304196,0.6798774940858615,1.1102230246251565e-16,0.0,1.1102230246251565e-16,False,False
TATAAA,randomized,1.0,48,2,8,discovery,False,0.243663585537774,1.109862052204284,1.1297225454029498,2.220446049250313e-16,2.220446049250313e-16,2.220446049250313e-16,False,False
TATAAA,randomized,1.0,48,2,9,discovery,False,0.0855857655919994,0.9864406436188989,0.9973100011874018,2.7755575615628914e-17,0.0,-8.326672684688674e-17,False,False
TATAAA,randomized,1.0,48,2,10,discovery,False,-0.1376873985652174,0.8130048614593033,1.0378371990896393,1.1102230246251565e-16,0.0,0.0,False,False
TATAAA,randomized,1.0,48,2,11,discovery,False,-0.1756208920040885,0.42237824227688137,0.3410165840174906,2.220446049250313e-16,0.0,2.220446049250313e-16,False,False
TATAAA,randomized,1.0,48,2,12,confirmation,False,0.13978345696911737,1.0531185799768679,1.2155992926633568,0.0,0.0,0.0,False,False
TATAAA,randomized,1.0,48,2,13,confirmation,False,-0.16499514491846168,0.8905885064150857,1.0160141865164265,0.0,0.0,0.0,False,False
TATAAA,randomized,1.0,48,2,14,confirmation,False,-0.16012522932466441,0.9280159841469913,0.9416783561809495,0.0,0.0,-4.440892098500626e-16,False,False
TATAAA,randomized,1.0,48,2,15,confirmation,False,0.17070921460532748,1.1053761145323413,1.1345989293947074,4.440892098500626e-16,4.440892098500626e-16,2.220446049250313e-16,False,False
TATAAA,randomized,1.0,48,2,16,confirmation,False,-0.11937040185747096,0.912899502480197,0.8823264497534455,0.0,0.0,0.0,False,False
TATAAA,randomized,1.0,48,2,17,confirmation,False,-0.07993623017483342,0.9603793051709028,0.9210214132559645,0.0,0.0,-1.1102230246251565e-16,False,False
TATAAA,randomized,1.0,48,2,18,confirmation,False,0.22061728349461507,1.077588517944586,1.1784961194957801,0.0,0.0,0.0,False,False
TATAAA,randomized,1.0,48,2,19,confirmation,False,0.35912734812732916,1.341697985718967,1.4001577996389507,0.0,0.0,-5.551115123125783e-17,False,False
TATAAA,randomized,1.0,48,2,20,confirmation,False,-0.0004660645911253809,0.8475652282298943,0.7781340556678354,0.0,0.0,5.551115123125783e-17,False,False
TATAAA,randomized,1.0,48,2,21,confirmation,False,-0.14803219016089436,0.9317039559768775,0.9730323680925769,0.0,0.0,0.0,False,False
TATAAA,randomized,1.0,48,2,22,confirmation,False,-0.2628217446514409,0.7746466012509018,0.7377629321351282,1.1102230246251565e-16,0.0,0.0,False,False
TATAAA,randomized,1.0,48,2,23,confirmation,False,0.31377791076733214,1.4574699301677185,1.4125572143130771,0.0,0.0,-2.220446049250313e-16,False,False
TATAAA,randomized,1.0,88,1,0,discovery,False,-0.08545697439708108,1.0233044033482017,1.0280161854995598,2.220446049250313e-16,2.220446049250313e-16,2.220446049250313e-16,False,False
TATAAA,randomized,1.0,88,1,1,discovery,False,-0.17987274321017213,0.8939163372597182,0.9875732105120063,0.0,0.0,-2.220446049250313e-16,False,False
TATAAA,randomized,1.0,88,1,2,discovery,False,0.04097893632264818,1.005831082195015,1.0078581815736698,0.0,0.0,-2.220446049250313e-16,False,False
TATAAA,randomized,1.0,88,1,3,discovery,False,-0.0014435907460033416,0.9677346842957636,0.9635658034989788,0.0,0.0,1.1102230246251565e-16,False,False
TATAAA,randomized,1.0,88,1,4,discovery,False,0.20908569720956463,1.205122668732385,1.4350423231142388,0.0,0.0,0.0,False,False
TATAAA,randomized,1.0,88,1,5,discovery,False,-0.12060495997145942,0.8967989024794232,0.5892661792592738,0.0,0.0,0.0,False,False
TATAAA,randomized,1.0,88,1,6,discovery,False,0.1519278251315336,1.2535294979784324,1.091050285133971,2.220446049250313e-16,0.0,2.220446049250313e-16,False,False
TATAAA,randomized,1.0,88,1,7,discovery,False,0.17155274693585038,1.2174144443382076,1.778333342955264,0.0,0.0,0.0,False,False
TATAAA,randomized,1.0,88,1,8,discovery,False,-0.09914526639422894,0.9955893277723669,0.911916432662382,0.0,0.0,0.0,False,False
TATAAA,randomized,1.0,88,1,9,discovery,False,-0.24203107754442527,0.8833586959006903,1.1597873311720377,5.551115123125783e-17,0.0,1.1102230246251565e-16,False,False
TATAAA,randomized,1.0,88,1,10,discovery,False,-0.09851706031148925,0.8084577241817207,1.0469268169803136,2.7755575615628914e-17,0.0,2.7755575615628914e-17,False,False
TATAAA,randomized,1.0,88,1,11,discovery,False,0.10106109512997,1.0723657663970652,1.1425903869992833,1.1102230246251565e-16,0.0,1.1102230246251565e-16,False,False
TATAAA,randomized,1.0,88,1,12,confirmation,False,0.15216667032836062,1.1583406198873112,1.0377813380214986,2.220446049250313e-16,0.0,0.0,False,False
TATAAA,randomized,1.0,88,1,13,confirmation,False,-0.12618920764194605,0.885623731701353,1.0204195713728381,0.0,0.0,2.220446049250313e-16,False,False
TATAAA,randomized,1.0,88,1,14,confirmation,False,-0.11877828932635293,0.9251895316287643,0.9400830137002725,0.0,0.0,-1.1102230246251565e-16,False,False
TATAAA,randomized,1.0,88,1,15,confirmation,False,-0.20133947564674426,0.6865807487705619,0.8706254672573861,0.0,0.0,0.0,False,False
TATAAA,randomized,1.0,88,1,16,confirmation,False,-0.11730681835643589,0.9070673768106943,0.8845915384669482,0.0,0.0,0.0,False,False
TATAAA,randomized,1.0,88,1,17,confirmation,False,-0.06997342527858492,0.9537378559530657,0.9049136084926476,0.0,0.0,0.0,False,False
TATAAA,randomized,1.0,88,1,18,confirmation,False,0.14791833334078672,1.1396607123102873,1.3767751512439537,0.0,0.0,0.0,False,False
TATAAA,randomized,1.0,88,1,19,confirmation,False,0.2625679747909735,1.367757970740012,1.4291314432749542,0.0,0.0,0.0,False,False
TATAAA,randomized,1.0,88,1,20,confirmation,False,0.0013978214739427495,0.844241671381671,0.7621851599050141,2.7755575615628914e-17,2.7755575615628914e-17,-5.551115123125783e-17,False,False
TATAAA,randomized,1.0,88,1,21,confirmation,False,-0.10979398599947555,0.9263236778370967,0.9733550386805973,0.0,0.0,0.0,False,False
TATAAA,randomized,1.0,88,1,22,confirmation,False,-0.1634959629928421,0.7884437646181297,0.7516139064341734,3.3306690738754696e-16,1.1102230246251565e-16,2.220446049250313e-16,False,False
TATAAA,randomized,1.0,88,1,23,confirmation,False,0.23316494066730195,1.534068123104485,1.4495778795493843,2.220446049250313e-16,2.220446049250313e-16,4.440892098500626e-16,False,False
TATAAA,randomized,1.0,88,2,0,discovery,False,0.233584951441794,1.1431509208833281,1.388411780282687,2.220446049250313e-16,0.0,2.220446049250313e-16,False,False
TATAAA,randomized,1.0,88,2,1,discovery,False,0.16461287347603296,1.225759345067882,1.3526237000466512,2.220446049250313e-16,1.1102230246251565e-16,0.0,False,False
TATAAA,randomized,1.0,88,2,2,discovery,False,-0.11419439723754475,0.9195659152886476,1.063023108117881,1.1102230246251565e-16,1.1102230246251565e-16,1.1102230246251565e-16,False,False
TATAAA,randomized,1.0,88,2,3,discovery,False,0.2772999652934315,1.3814804222622932,1.3957499697190272,1.1102230246251565e-16,0.0,2.220446049250313e-16,False,False
TATAAA,randomized,1.0,88,2,4,discovery,False,0.2907144383832078,1.1881724238829652,1.4045835832547813,0.0,0.0,0.0,False,False
TATAAA,randomized,1.0,88,2,5,discovery,False,-0.11210822249083835,0.8834836766268599,0.5780574066156815,0.0,0.0,0.0,False,False
TATAAA,randomized,1.0,88,2,6,discovery,False,-0.050376545894332214,0.9776934290274575,0.9239881494893626,1.1102230246251565e-16,0.0,1.1102230246251565e-16,False,False
TATAAA,randomized,1.0,88,2,7,discovery,False,-0.02831325636903314,0.5912734361744042,0.4385156485328543,0.0,0.0,-2.220446049250313e-16,False,False
TATAAA,randomized,1.0,88,2,8,discovery,False,-0.1303013020685873,0.9892646642618071,0.9188953073489711,0.0,0.0,0.0,False,False
TATAAA,randomized,1.0,88,2,9,discovery,False,-0.1639066272159674,0.8102026014983559,0.8272535302384454,0.0,0.0,-5.551115123125783e-17,False,False
TATAAA,randomized,1.0,88,2,10,discovery,False,-0.19901348256121132,1.0737839433762406,0.9449220644371515,0.0,0.0,-2.7755575615628914e-17,False,False
TATAAA,randomized,1.0,88,2,11,discovery,False,0.1770457522297462,1.0401204473824615,1.0714173056079048,1.1102230246251565e-16,1.1102230246251565e-16,1.1102230246251565e-16,False,False
TATAAA,randomized,1.0,88,2,12,confirmation,False,0.1685436274271664,1.0791684707898,1.2964895167440869,0.0,0.0,-1.1102230246251565e-16,False,False
TATAAA,randomized,1.0,88,2,13,confirmation,False,-0.16415248017231687,0.9061279798550647,1.0163509465825007,0.0,0.0,0.0,False,False
TATAAA,randomized,1.0,88,2,14,confirmation,False,-0.16762643399673255,0.923611170563505,0.9378258014479535,0.0,0.0,0.0,False,False
TATAAA,randomized,1.0,88,2,15,confirmation,False,-0.2817626002251888,0.6843718735750336,0.8713762293869373,0.0,0.0,0.0,False,False
TATAAA,randomized,1.0,88,2,16,confirmation,False,-0.0988637534670701,0.9126221722775186,0.8872997230184246,0.0,0.0,0.0,False,False
TATAAA,randomized,1.0,88,2,17,confirmation,False,0.24937351296489305,1.0700507984820309,0.9785865408471391,5.551115123125783e-17,0.0,5.551115123125783e-17,False,False
TATAAA,randomized,1.0,88,2,18,confirmation,False,0.20625538593923146,1.129187895511241,1.3494483731958484,0.0,0.0,-2.220446049250313e-16,False,False
TATAAA,randomized,1.0,88,2,19,confirmation,False,0.35912734812732916,1.341697985718967,1.4001577996389507,0.0,0.0,0.0,False,False
TATAAA,randomized,1.0,88,2,20,confirmation,False,0.28138962108352983,1.0878696509187842,0.9559837102919878,0.01892129167675577,0.00802834414203435,0.024390340092971585,False,False
TATAAA,randomized,1.0,88,2,21,confirmation,False,-0.11579901133259188,0.796288933996904,0.7013737936933974,4.440892098500626e-16,0.0,0.0,False,False
TATAAA,randomized,1.0,88,2,22,confirmation,False,0.08508447268907213,0.9596779834400966,1.013439247865246,0.0,0.0,0.0,False,False
TATAAA,randomized,1.0,88,2,23,confirmation,False,0.330727214823491,1.0140611618762854,0.9247265886343031,1.1102230246251565e-16,0.0,1.1102230246251565e-16,False,False
TATAAA,randomized,4.0,8,1,0,discovery,False,-0.08715211488277118,1.0212868575127247,1.028537508028287,0.0,0.0,-2.220446049250313e-16,False,False
TATAAA,randomized,4.0,8,1,1,discovery,False,0.11531178143304217,1.2400343803627485,1.3665566629398607,0.0,0.0,-1.1102230246251565e-16,False,False
TATAAA,randomized,4.0,8,1,2,discovery,False,-0.07610079882679355,0.9214806679500605,1.0611678893339935,1.1102230246251565e-16,1.1102230246251565e-16,-5.551115123125783e-17,False,False
TATAAA,randomized,4.0,8,1,3,discovery,False,-0.0060611578231306645,0.96478574524028,0.9549103205069996,0.0,0.0,0.0,False,False
TATAAA,randomized,4.0,8,1,4,discovery,False,0.20564373637759792,1.2244149775330282,1.42510462376766,0.0,0.0,0.0,False,False
TATAAA,randomized,4.0,8,1,5,discovery,False,-0.010950992715785092,1.0486951771602036,1.057630782960987,0.0,0.0,0.0,False,False
TATAAA,randomized,4.0,8,1,6,discovery,False,0.15448517482342874,1.2581666453906635,1.0929625199975168,2.220446049250313e-16,0.0,1.1102230246251565e-16,False,False
TATAAA,randomized,4.0,8,1,7,discovery,False,-0.024219415735460877,0.5898668685139467,0.4269903697690112,0.0,0.0,0.0,False,False
TATAAA,randomized,4.0,8,1,8,discovery,False,-0.09843451875939968,0.9891437730612594,0.9095429741134985,0.0,0.0,0.0,False,False
TATAAA,randomized,4.0,8,1,9,discovery,False,-0.09521652514125942,0.8056091566703444,0.8252271321386052,0.0,0.0,-1.3877787807814457e-16,False,False
TATAAA,randomized,4.0,8,1,10,discovery,False,-0.14547910685520232,1.0816496018340882,0.9506597872398873,1.1102230246251565e-16,1.1102230246251565e-16,1.942890293094024e-16,False,False
TATAAA,randomized,4.0,8,1,11,discovery,False,0.17920877069064475,1.070341032061707,1.1122386429179938,2.220446049250313e-16,0.0,0.0,False,False
TATAAA,randomized,4.0,8,1,12,confirmation,False,0.1542346696720624,1.172119671734848,1.0384955942452692,1.1102230246251565e-16,1.1102230246251565e-16,1.1102230246251565e-16,False,False
TATAAA,randomized,4.0,8,1,13,confirmation,False,-0.12451998838962218,0.8815221707804449,1.0203747036472006,0.0,0.0,0.0,False,False
TATAAA,randomized,4.0,8,1,14,confirmation,False,-0.11814564427578511,0.9141542711965798,0.9231612879509234,4.440892098500626e-16,2.220446049250313e-16,3.3306690738754696e-16,False,False
TATAAA,randomized,4.0,8,1,15,confirmation,False,-0.19573358053410425,0.6972690634166394,0.8728230352205323,0.0,0.0,-2.220446049250313e-16,False,False
TATAAA,randomized,4.0,8,1,16,confirmation,False,0.06920181284603648,1.0078314735834424,0.9883352845646973,0.0,0.0,-1.1102230246251565e-16,False,False
TATAAA,randomized,4.0,8,1,17,confirmation,False,-0.06534894340048936,0.9572533920660454,0.9103500420017819,0.0,0.0,-5.551115123125783e-17,False,False
TATAAA,randomized,4.0,8,1,18,confirmation,False,0.1700795824454479,1.0900398091765984,1.2094740371654376,0.0,0.0,0.0,False,False
TATAAA,randomized,4.0,8,1,19,confirmation,False,-0.19598959454999357,0.7806126454581742,1.020758153575034,1.1102230246251565e-16,0.0,1.1102230246251565e-16,False,False
TATAAA,randomized,4.0,8,1,20,confirmation,False,-0.16784494159260585,0.9292401064052088,1.1452921254201947,5.551115123125783e-17,0.0,0.0,False,False
TATAAA,randomized,4.0,8,1,21,confirmation,False,-0.19352306130319985,0.8852808185955631,0.7695712592060531,0.010405689861840983,-0.0037884684993758633,0.011094499120598789,False,False
TATAAA,randomized,4.0,8,1,22,confirmation,False,-0.13569111608276213,0.9331221392634143,0.960663818554763,1.1102230246251565e-16,1.1102230246251565e-16,1.1102230246251565e-16,False,False
TATAAA,randomized,4.0,8,1,23,confirmation,False,0.22827774953074437,1.5300531911558373,1.4423732689286517,0.0,0.0,-1.1102230246251565e-16,False,False
TATAAA,randomized,4.0,8,2,0,discovery,False,0.07764123314026312,1.091875459009913,1.0660608061281407,2.220446049250313e-16,0.0,0.0,False,False
TATAAA,randomized,4.0,8,2,1,discovery,False,-0.23376227030699276,0.8771155690134137,0.9796883897192004,0.0,0.0,0.0,False,False
TATAAA,randomized,4.0,8,2,2,discovery,False,0.06629536665719186,1.0134381632058034,1.015701989409272,5.551115123125783e-17,0.0,1.1102230246251565e-16,False,False
TATAAA,randomized,4.0,8,2,3,discovery,False,0.20232665222021617,1.0381577266754192,1.091621834487425,1.1102230246251565e-16,1.1102230246251565e-16,1.1102230246251565e-16,False,False
TATAAA,randomized,4.0,8,2,4,discovery,False,-0.0011916371421462622,0.9178437377654517,0.8995443618316771,2.220446049250313e-16,0.0,2.220446049250313e-16,False,False
TATAAA,randomized,4.0,8,2,5,discovery,False,-0.016525743514779215,1.0475480115882752,1.0544527454243764,0.0,0.0,0.0,False,False
TATAAA,randomized,4.0,8,2,6,discovery,False,0.30745196210323483,1.5730655565825344,1.8612113261103043,0.0,0.0,-1.1102230246251565e-16,False,False
TATAAA,randomized,4.0,8,2,7,discovery,False,-0.05014900762710725,0.5819578217089707,0.42100671797743733,0.0,0.0,-2.220446049250313e-16,False,False
TATAAA,randomized,4.0,8,2,8,discovery,False,-0.1383016607307099,0.9844069140055497,0.9103456569246865,0.0,0.0,-2.220446049250313e-16,False,False
TATAAA,randomized,4.0,8,2,9,discovery,False,-0.23011393693720208,0.8990663376602738,1.1469766652279902,5.551115123125783e-17,0.0,-2.7755575615628914e-17,False,False
TATAAA,randomized,4.0,8,2,10,discovery,False,-0.12845303580980863,0.7986629191490425,1.018404730830228,2.7755575615628914e-17,-2.7755575615628914e-17,2.7755575615628914e-17,False,False
TATAAA,randomized,4.0,8,2,11,discovery,False,-0.2740843179770133,0.8760431488559007,1.005870849733599,0.0,0.0,0.0,False,False
TATAAA,randomized,4.0,8,2,12,confirmation,False,0.1685647475221491,1.0976997370310462,1.3020702846748704,0.0,0.0,-1.1102230246251565e-16,False,False
TATAAA,randomized,4.0,8,2,13,confirmation,False,-0.16260100300334646,0.8872524464905327,1.0160826327961916,0.0,0.0,0.0,False,False
TATAAA,randomized,4.0,8,2,14,confirmation,False,-0.16485334970163829,0.915899840059017,0.9235678159266646,2.220446049250313e-16,0.0,0.0,False,False
TATAAA,randomized,4.0,8,2,15,confirmation,False,-0.26816089630773604,0.7154547077827269,0.8785306850819524,0.0,0.0,0.0,False,False
TATAAA,randomized,4.0,8,2,16,confirmation,False,0.08307972109775051,1.0064577176458995,0.9895061885606444,0.0,0.0,-1.1102230246251565e-16,False,False
TATAAA,randomized,4.0,8,2,17,confirmation,False,0.19951365057504422,0.9945479311630129,1.0383792201231283,1.1102230246251565e-16,0.0,0.0,False,False
TATAAA,randomized,4.0,8,2,18,confirmation,False,0.21004331878819588,1.1123618582980086,1.3632546170636732,0.0,0.0,0.0,False,False
TATAAA,randomized,4.0,8,2,19,confirmation,False,0.3412590413970959,1.332522813409006,1.3775458961905311,5.551115123125783e-17,0.0,5.551115123125783e-17,False,False
TATAAA,randomized,4.0,8,2,20,confirmation,False,-0.23197448619020822,0.9410255679029088,1.134697738963913,0.0,0.0,-1.6653345369377348e-16,False,False
TATAAA,randomized,4.0,8,2,21,confirmation,False,-0.20669711965148763,0.8921134923681785,0.7734402491781657,0.010453010363172588,-0.0030469983329495243,0.011490617904615474,False,False
TATAAA,randomized,4.0,8,2,22,confirmation,False,-0.17504184047523838,0.9374870894661337,0.9645518163168525,0.0,0.0,-1.1102230246251565e-16,False,False
TATAAA,randomized,4.0,8,2,23,confirmation,False,0.31834275037245185,0.9588906135930676,0.8758258799149194,2.220446049250313e-16,0.0,2.220446049250313e-16,False,False
TATAAA,randomized,4.0,48,1,0,discovery,False,-0.09190516533391269,1.0175588987527755,1.0277884805679063,0.0,0.0,0.0,False,False
TATAAA,randomized,4.0,48,1,1,discovery,False,-0.23547314994939061,0.9681389295950854,1.0119697303240496,0.0,0.0,-1.1102230246251565e-16,False,False
TATAAA,randomized,4.0,48,1,2,discovery,False,-0.07726956842184372,0.9221985329861466,1.0621104447661058,2.220446049250313e-16,1.1102230246251565e-16,2.220446049250313e-16,False,False
TATAAA,randomized,4.0,48,1,3,discovery,False,0.14670149934266707,1.0432159181051481,1.098244234378217,1.1102230246251565e-16,0.0,-1.1102230246251565e-16,False,False
TATAAA,randomized,4.0,48,1,4,discovery,False,0.2145464537742818,1.2444481524638131,1.4572413712749244,0.0,0.0,0.0,False,False
TATAAA,randomized,4.0,48,1,5,discovery,False,0.006825760502181799,1.0982400966789594,1.1589801905659984,0.0,0.0,0.0,False,False
TATAAA,randomized,4.0,48,1,6,discovery,False,0.2264046202773181,1.628559874089549,1.978953109703842,0.0,0.0,-1.1102230246251565e-16,False,False
TATAAA,randomized,4.0,48,1,7,discovery,False,0.1562112492243954,1.1546043627287066,1.5946011927488222,2.220446049250313e-16,0.0,1.1102230246251565e-16,False,False
TATAAA,randomized,4.0,48,1,8,discovery,False,0.17193031100840403,1.1116887917034373,1.1324462046011725,2.220446049250313e-16,0.0,2.220446049250313e-16,False,False
TATAAA,randomized,4.0,48,1,9,discovery,False,-0.23475002617237312,0.8955802330891008,1.1522954291192062,5.551115123125783e-17,5.551115123125783e-17,8.326672684688674e-17,False,False
TATAAA,randomized,4.0,48,1,10,discovery,False,-0.1485884440409532,1.1002602624573958,0.9569218141753693,0.0,0.0,0.0,False,False
TATAAA,randomized,4.0,48,1,11,discovery,False,-0.19214828406771345,0.8707740689056681,1.0084965875181569,2.220446049250313e-16,0.0,2.220446049250313e-16,False,False
TATAAA,randomized,4.0,48,1,12,confirmation,False,0.09935602590278889,1.047627451015372,1.223836991112315,0.0,0.0,0.0,False,False
TATAAA,randomized,4.0,48,1,13,confirmation,False,-0.12026894570570923,0.8850681350737902,1.0188892916176597,2.220446049250313e-16,2.220446049250313e-16,2.220446049250313e-16,False,False
TATAAA,randomized,4.0,48,1,14,confirmation,False,-0.11656743510223892,0.9248546304761627,0.9393701863853741,0.0,0.0,0.0,False,False
TATAAA,randomized,4.0,48,1,15,confirmation,False,-0.20114552198312918,0.6958874737480376,0.87207761773502,0.0,0.0,0.0,False,False
TATAAA,randomized,4.0,48,1,16,confirmation,False,-0.12035054926289275,0.9095482629399876,0.8840627516572287,0.0,0.0,0.0,False,False
TATAAA,randomized,4.0,48,1,17,confirmation,False,-0.05306290832944221,0.9629306527054684,0.9229542486183352,1.1102230246251565e-16,1.1102230246251565e-16,1.1102230246251565e-16,False,False
TATAAA,randomized,4.0,48,1,18,confirmation,False,0.16935593636523089,1.0902912375058949,1.2073321543717395,0.0,0.0,0.0,False,False
TATAAA,randomized,4.0,48,1,19,confirmation,False,0.25503204203315066,1.3616653505850682,1.4152012662098388,5.551115123125783e-17,0.0,-5.551115123125783e-17,False,False
TATAAA,randomized,4.0,48,1,20,confirmation,False,0.0011018241690564953,0.8467355544428191,0.7727398280161172,0.0,0.0,0.0,False,False
TATAAA,randomized,4.0,48,1,21,confirmation,False,-0.10350066028246468,0.9253514131874208,0.9728134201338436,2.220446049250313e-16,2.220446049250313e-16,2.220446049250313e-16,False,False
TATAAA,randomized,4.0,48,1,22,confirmation,False,-0.16542925746384657,0.8244614444755181,0.5957939026062476,0.0,-2.220446049250313e-16,-2.220446049250313e-16,False,False
TATAAA,randomized,4.0,48,1,23,confirmation,False,0.22889625189170726,1.543051515750842,1.445805960168942,0.0,0.0,0.0,False,False
TATAAA,randomized,4.0,48,2,0,discovery,False,-0.11697604788515269,1.0210293906209884,1.026307027821199,0.0,0.0,-2.220446049250313e-16,False,False
TATAAA,randomized,4.0,48,2,1,discovery,False,-0.3103793852449617,0.947021941920616,1.000879611177626,0.0,0.0,0.0,False,False
TATAAA,randomized,4.0,48,2,2,discovery,False,0.18416830469307632,1.1741683063469674,1.2786682678024996,0.0,0.0,-3.3306690738754696e-16,False,False
TATAAA,randomized,4.0,48,2,3,discovery,False,0.19848234373777343,1.0464069904403452,1.087605080637862,1.1102230246251565e-16,0.0,1.1102230246251565e-16,False,False
TATAAA,randomized,4.0,48,2,4,discovery,False,0.009355277947369713,0.9211073615802338,0.8950798546968546,2.220446049250313e-16,0.0,2.220446049250313e-16,False,False
TATAAA,randomized,4.0,48,2,5,discovery,False,0.010120043516376218,1.093695288723719,1.1466805363864456,0.0,0.0,-2.220446049250313e-16,False,False
TATAAA,randomized,4.0,48,2,6,discovery,False,0.30925517739663144,1.571073992293557,1.8655384479240433,0.0,0.0,-2.220446049250313e-16,False,False
TATAAA,randomized,4.0,48,2,7,discovery,False,-0.26472674906370613,0.694758778304196,0.6798774940858615,1.1102230246251565e-16,0.0,1.1102230246251565e-16,False,False
TATAAA,randomized,4.0,48,2,8,discovery,False,0.243663585537774,1.109862052204284,1.1297225454029498,2.220446049250313e-16,2.220446049250313e-16,2.220446049250313e-16,False,False
TATAAA,randomized,4.0,48,2,9,discovery,False,0.0855857655919994,0.9864406436188989,0.9973100011874018,2.7755575615628914e-17,0.0,-8.326672684688674e-17,False,False
TATAAA,randomized,4.0,48,2,10,discovery,False,-0.1376873985652174,0.8130048614593033,1.0378371990896393,1.1102230246251565e-16,0.0,0.0,False,False
TATAAA,randomized,4.0,48,2,11,discovery,False,-0.1756208920040885,0.42237824227688137,0.3410165840174906,2.220446049250313e-16,0.0,2.220446049250313e-16,False,False
TATAAA,randomized,4.0,48,2,12,confirmation,False,0.13978345696911737,1.0531185799768679,1.2155992926633568,0.0,0.0,0.0,False,False
TATAAA,randomized,4.0,48,2,13,confirmation,False,-0.16499514491846168,0.8905885064150857,1.0160141865164265,0.0,0.0,0.0,False,False
TATAAA,randomized,4.0,48,2,14,confirmation,False,-0.16012522932466441,0.9280159841469913,0.9416783561809495,0.0,0.0,-4.440892098500626e-16,False,False
TATAAA,randomized,4.0,48,2,15,confirmation,False,0.17070921460532748,1.1053761145323413,1.1345989293947074,4.440892098500626e-16,4.440892098500626e-16,2.220446049250313e-16,False,False
TATAAA,randomized,4.0,48,2,16,confirmation,False,-0.11937040185747096,0.912899502480197,0.8823264497534455,0.0,0.0,0.0,False,False
TATAAA,randomized,4.0,48,2,17,confirmation,False,-0.07993623017483342,0.9603793051709028,0.9210214132559645,0.0,0.0,-1.1102230246251565e-16,False,False
TATAAA,randomized,4.0,48,2,18,confirmation,False,0.22061728349461507,1.077588517944586,1.1784961194957801,0.0,0.0,0.0,False,False
TATAAA,randomized,4.0,48,2,19,confirmation,False,0.35912734812732916,1.341697985718967,1.4001577996389507,0.0,0.0,-5.551115123125783e-17,False,False
TATAAA,randomized,4.0,48,2,20,confirmation,False,-0.0004660645911253809,0.8475652282298943,0.7781340556678354,0.0,0.0,5.551115123125783e-17,False,False
TATAAA,randomized,4.0,48,2,21,confirmation,False,-0.14803219016089436,0.9317039559768775,0.9730323680925769,0.0,0.0,0.0,False,False
TATAAA,randomized,4.0,48,2,22,confirmation,False,-0.2628217446514409,0.7746466012509018,0.7377629321351282,1.1102230246251565e-16,0.0,0.0,False,False
TATAAA,randomized,4.0,48,2,23,confirmation,False,0.31377791076733214,1.4574699301677185,1.4125572143130771,0.0,0.0,-2.220446049250313e-16,False,False
TATAAA,randomized,4.0,88,1,0,discovery,False,-0.08545697439708108,1.0233044033482017,1.0280161854995598,2.220446049250313e-16,2.220446049250313e-16,2.220446049250313e-16,False,False
TATAAA,randomized,4.0,88,1,1,discovery,False,-0.17987274321017213,0.8939163372597182,0.9875732105120063,0.0,0.0,-2.220446049250313e-16,False,False
TATAAA,randomized,4.0,88,1,2,discovery,False,0.04097893632264818,1.005831082195015,1.0078581815736698,0.0,0.0,-2.220446049250313e-16,False,False
TATAAA,randomized,4.0,88,1,3,discovery,False,-0.0014435907460033416,0.9677346842957636,0.9635658034989788,0.0,0.0,1.1102230246251565e-16,False,False
TATAAA,randomized,4.0,88,1,4,discovery,False,0.20908569720956463,1.205122668732385,1.4350423231142388,0.0,0.0,0.0,False,False
TATAAA,randomized,4.0,88,1,5,discovery,False,-0.12060495997145942,0.8967989024794232,0.5892661792592738,0.0,0.0,0.0,False,False
TATAAA,randomized,4.0,88,1,6,discovery,False,0.1519278251315336,1.2535294979784324,1.091050285133971,2.220446049250313e-16,0.0,2.220446049250313e-16,False,False
TATAAA,randomized,4.0,88,1,7,discovery,False,0.17155274693585038,1.2174144443382076,1.778333342955264,0.0,0.0,0.0,False,False
TATAAA,randomized,4.0,88,1,8,discovery,False,-0.09914526639422894,0.9955893277723669,0.911916432662382,0.0,0.0,0.0,False,False
TATAAA,randomized,4.0,88,1,9,discovery,False,-0.24203107754442527,0.8833586959006903,1.1597873311720377,5.551115123125783e-17,0.0,1.1102230246251565e-16,False,False
TATAAA,randomized,4.0,88,1,10,discovery,False,-0.09851706031148925,0.8084577241817207,1.0469268169803136,2.7755575615628914e-17,0.0,2.7755575615628914e-17,False,False
TATAAA,randomized,4.0,88,1,11,discovery,False,0.10106109512997,1.0723657663970652,1.1425903869992833,1.1102230246251565e-16,0.0,1.1102230246251565e-16,False,False
TATAAA,randomized,4.0,88,1,12,confirmation,False,0.15216667032836062,1.1583406198873112,1.0377813380214986,2.220446049250313e-16,0.0,0.0,False,False
TATAAA,randomized,4.0,88,1,13,confirmation,False,-0.12618920764194605,0.885623731701353,1.0204195713728381,0.0,0.0,2.220446049250313e-16,False,False
TATAAA,randomized,4.0,88,1,14,confirmation,False,-0.11877828932635293,0.9251895316287643,0.9400830137002725,0.0,0.0,-1.1102230246251565e-16,False,False
TATAAA,randomized,4.0,88,1,15,confirmation,False,-0.20133947564674426,0.6865807487705619,0.8706254672573861,0.0,0.0,0.0,False,False
TATAAA,randomized,4.0,88,1,16,confirmation,False,-0.11730681835643589,0.9070673768106943,0.8845915384669482,0.0,0.0,0.0,False,False
TATAAA,randomized,4.0,88,1,17,confirmation,False,-0.06997342527858492,0.9537378559530657,0.9049136084926476,0.0,0.0,0.0,False,False
TATAAA,randomized,4.0,88,1,18,confirmation,False,0.14791833334078672,1.1396607123102873,1.3767751512439537,0.0,0.0,0.0,False,False
TATAAA,randomized,4.0,88,1,19,confirmation,False,0.2625679747909735,1.367757970740012,1.4291314432749542,0.0,0.0,0.0,False,False
TATAAA,randomized,4.0,88,1,20,confirmation,False,0.0013978214739427495,0.844241671381671,0.7621851599050141,2.7755575615628914e-17,2.7755575615628914e-17,-5.551115123125783e-17,False,False
TATAAA,randomized,4.0,88,1,21,confirmation,False,-0.10979398599947555,0.9263236778370967,0.9733550386805973,0.0,0.0,0.0,False,False
TATAAA,randomized,4.0,88,1,22,confirmation,False,-0.1634959629928421,0.7884437646181297,0.7516139064341734,3.3306690738754696e-16,1.1102230246251565e-16,2.220446049250313e-16,False,False
TATAAA,randomized,4.0,88,1,23,confirmation,False,0.23316494066730195,1.534068123104485,1.4495778795493843,2.220446049250313e-16,2.220446049250313e-16,4.440892098500626e-16,False,False
TATAAA,randomized,4.0,88,2,0,discovery,False,0.233584951441794,1.1431509208833281,1.388411780282687,2.220446049250313e-16,0.0,2.220446049250313e-16,False,False
TATAAA,randomized,4.0,88,2,1,discovery,False,0.16461287347603296,1.225759345067882,1.3526237000466512,2.220446049250313e-16,1.1102230246251565e-16,0.0,False,False
TATAAA,randomized,4.0,88,2,2,discovery,False,-0.11419439723754475,0.9195659152886476,1.063023108117881,1.1102230246251565e-16,1.1102230246251565e-16,1.1102230246251565e-16,False,False
TATAAA,randomized,4.0,88,2,3,discovery,False,0.2772999652934315,1.3814804222622932,1.3957499697190272,1.1102230246251565e-16,0.0,2.220446049250313e-16,False,False
TATAAA,randomized,4.0,88,2,4,discovery,False,0.2907144383832078,1.1881724238829652,1.4045835832547813,0.0,0.0,0.0,False,False
TATAAA,randomized,4.0,88,2,5,discovery,False,-0.11210822249083835,0.8834836766268599,0.5780574066156815,0.0,0.0,0.0,False,False
TATAAA,randomized,4.0,88,2,6,discovery,False,-0.050376545894332214,0.9776934290274575,0.9239881494893626,1.1102230246251565e-16,0.0,1.1102230246251565e-16,False,False
TATAAA,randomized,4.0,88,2,7,discovery,False,-0.02831325636903314,0.5912734361744042,0.4385156485328543,0.0,0.0,-2.220446049250313e-16,False,False
TATAAA,randomized,4.0,88,2,8,discovery,False,-0.1303013020685873,0.9892646642618071,0.9188953073489711,0.0,0.0,0.0,False,False
TATAAA,randomized,4.0,88,2,9,discovery,False,-0.1639066272159674,0.8102026014983559,0.8272535302384454,0.0,0.0,-5.551115123125783e-17,False,False
TATAAA,randomized,4.0,88,2,10,discovery,False,-0.19901348256121132,1.0737839433762406,0.9449220644371515,0.0,0.0,-2.7755575615628914e-17,False,False
TATAAA,randomized,4.0,88,2,11,discovery,False,0.1770457522297462,1.0401204473824615,1.0714173056079048,1.1102230246251565e-16,1.1102230246251565e-16,1.1102230246251565e-16,False,False
TATAAA,randomized,4.0,88,2,12,confirmation,False,0.1685436274271664,1.0791684707898,1.2964895167440869,0.0,0.0,-1.1102230246251565e-16,False,False
TATAAA,randomized,4.0,88,2,13,confirmation,False,-0.16415248017231687,0.9061279798550647,1.0163509465825007,0.0,0.0,0.0,False,False
TATAAA,randomized,4.0,88,2,14,confirmation,False,-0.16762643399673255,0.923611170563505,0.9378258014479535,0.0,0.0,0.0,False,False
TATAAA,randomized,4.0,88,2,15,confirmation,False,-0.2817626002251888,0.6843718735750336,0.8713762293869373,0.0,0.0,0.0,False,False
TATAAA,randomized,4.0,88,2,16,confirmation,False,-0.0988637534670701,0.9126221722775186,0.8872997230184246,0.0,0.0,0.0,False,False
TATAAA,randomized,4.0,88,2,17,confirmation,False,0.24937351296489305,1.0700507984820309,0.9785865408471391,5.551115123125783e-17,0.0,5.551115123125783e-17,False,False
TATAAA,randomized,4.0,88,2,18,confirmation,False,0.20625538593923146,1.129187895511241,1.3494483731958484,0.0,0.0,-2.220446049250313e-16,False,False
TATAAA,randomized,4.0,88,2,19,confirmation,False,0.35912734812732916,1.341697985718967,1.4001577996389507,0.0,0.0,0.0,False,False
TATAAA,randomized,4.0,88,2,20,confirmation,False,0.28138962108352983,1.0878696509187842,0.9559837102919878,0.01892129167675577,0.00802834414203435,0.024390340092971585,False,False
TATAAA,randomized,4.0,88,2,21,confirmation,False,-0.11579901133259188,0.796288933996904,0.7013737936933974,4.440892098500626e-16,0.0,0.0,False,False
TATAAA,randomized,4.0,88,2,22,confirmation,False,0.08508447268907213,0.9596779834400966,1.013439247865246,0.0,0.0,0.0,False,False
TATAAA,randomized,4.0,88,2,23,confirmation,False,0.330727214823491,1.0140611618762854,0.9247265886343031,1.1102230246251565e-16,0.0,1.1102230246251565e-16,False,False
CCGCGAGGAGGCAG,single,0.25,8,1,0,discovery,True,0.9999999999999998,1.2453386237093649,1.2453386237093864,0.136208911968214,0.014897849746523409,0.136208911968214,True,False
CCGCGAGGAGGCAG,single,0.25,8,1,1,discovery,True,0.9999999999999998,1.2453386237093649,1.2453386237093864,0.136208911968214,0.014897849746523409,0.136208911968214,True,False
CCGCGAGGAGGCAG,single,0.25,8,1,2,discovery,True,0.9999999999999998,1.2453386237093649,1.2453386237093864,0.136208911968214,0.014897849746523409,0.136208911968214,True,False
CCGCGAGGAGGCAG,single,0.25,8,1,3,discovery,True,0.9999999999999998,1.2453386237093649,1.2453386237093864,0.136208911968214,0.014897849746523409,0.136208911968214,True,False
CCGCGAGGAGGCAG,single,0.25,8,1,4,discovery,True,0.9999999999999998,1.2453386237093649,1.2453386237093864,0.136208911968214,0.014897849746523409,0.136208911968214,True,False
CCGCGAGGAGGCAG,single,0.25,8,1,5,discovery,True,0.9999999999999998,1.2453386237093649,1.2453386237093864,0.136208911968214,0.014897849746523409,0.136208911968214,True,False
CCGCGAGGAGGCAG,single,0.25,8,1,6,discovery,True,0.9999999999999998,1.2453386237093649,1.2453386237093864,0.136208911968214,0.014897849746523409,0.136208911968214,True,False
CCGCGAGGAGGCAG,single,0.25,8,1,7,discovery,True,0.9999999999999998,1.2453386237093649,1.2453386237093864,0.136208911968214,0.014897849746523409,0.136208911968214,True,False
CCGCGAGGAGGCAG,single,0.25,8,1,8,discovery,True,0.9999999999999998,1.2453386237093649,1.2453386237093864,0.136208911968214,0.014897849746523409,0.136208911968214,True,False
CCGCGAGGAGGCAG,single,0.25,8,1,9,discovery,True,0.9999999999999998,1.2453386237093649,1.2453386237093864,0.136208911968214,0.014897849746523409,0.136208911968214,True,False
CCGCGAGGAGGCAG,single,0.25,8,1,10,discovery,True,0.9999999999999998,1.2453386237093649,1.2453386237093864,0.136208911968214,0.014897849746523409,0.136208911968214,True,False
CCGCGAGGAGGCAG,single,0.25,8,1,11,discovery,True,0.9999999999999998,1.2453386237093649,1.2453386237093864,0.136208911968214,0.014897849746523409,0.136208911968214,True,False
CCGCGAGGAGGCAG,single,0.25,8,1,12,confirmation,True,0.9999999999999998,1.2453386237093649,1.2453386237093864,0.136208911968214,0.014897849746523409,0.136208911968214,True,False
CCGCGAGGAGGCAG,single,0.25,8,1,13,confirmation,True,0.9999999999999998,1.2453386237093649,1.2453386237093864,0.136208911968214,0.014897849746523409,0.136208911968214,True,False
CCGCGAGGAGGCAG,single,0.25,8,1,14,confirmation,True,0.9999999999999998,1.2453386237093649,1.2453386237093864,0.136208911968214,0.014897849746523409,0.136208911968214,True,False
CCGCGAGGAGGCAG,single,0.25,8,1,15,confirmation,True,0.9999999999999998,1.2453386237093649,1.2453386237093864,0.136208911968214,0.014897849746523409,0.136208911968214,True,False
CCGCGAGGAGGCAG,single,0.25,8,1,16,confirmation,True,0.9999999999999998,1.2453386237093649,1.2453386237093864,0.136208911968214,0.014897849746523409,0.136208911968214,True,False
CCGCGAGGAGGCAG,single,0.25,8,1,17,confirmation,True,0.9999999999999998,1.2453386237093649,1.2453386237093864,0.136208911968214,0.014897849746523409,0.136208911968214,True,False
CCGCGAGGAGGCAG,single,0.25,8,1,18,confirmation,True,0.9999999999999998,1.2453386237093649,1.2453386237093864,0.136208911968214,0.014897849746523409,0.136208911968214,True,False
CCGCGAGGAGGCAG,single,0.25,8,1,19,confirmation,True,0.9999999999999998,1.2453386237093649,1.2453386237093864,0.136208911968214,0.014897849746523409,0.136208911968214,True,False
CCGCGAGGAGGCAG,single,0.25,8,1,20,confirmation,True,0.9999999999999998,1.2453386237093649,1.2453386237093864,0.136208911968214,0.014897849746523409,0.136208911968214,True,False
CCGCGAGGAGGCAG,single,0.25,8,1,21,confirmation,True,0.9999999999999998,1.2453386237093649,1.2453386237093864,0.136208911968214,0.014897849746523409,0.136208911968214,True,False
CCGCGAGGAGGCAG,single,0.25,8,1,22,confirmation,True,0.9999999999999998,1.2453386237093649,1.2453386237093864,0.136208911968214,0.014897849746523409,0.136208911968214,True,False
CCGCGAGGAGGCAG,single,0.25,8,1,23,confirmation,True,0.9999999999999998,1.2453386237093649,1.2453386237093864,0.136208911968214,0.014897849746523409,0.136208911968214,True,False
CCGCGAGGAGGCAG,single,0.25,8,2,0,discovery,True,1.0,1.2089148595894952,1.2089148595894827,0.26445012553519887,0.05784846496082476,0.26445012553519887,True,False
CCGCGAGGAGGCAG,single,0.25,8,2,1,discovery,True,1.0,1.2089148595894952,1.2089148595894827,0.26445012553519887,0.05784846496082476,0.26445012553519887,True,False
CCGCGAGGAGGCAG,single,0.25,8,2,2,discovery,True,1.0,1.2089148595894952,1.2089148595894827,0.26445012553519887,0.05784846496082476,0.26445012553519887,True,False
CCGCGAGGAGGCAG,single,0.25,8,2,3,discovery,True,1.0,1.2089148595894952,1.2089148595894827,0.26445012553519887,0.05784846496082476,0.26445012553519887,True,False
CCGCGAGGAGGCAG,single,0.25,8,2,4,discovery,True,1.0,1.2089148595894952,1.2089148595894827,0.26445012553519887,0.05784846496082476,0.26445012553519887,True,False
CCGCGAGGAGGCAG,single,0.25,8,2,5,discovery,True,1.0,1.2089148595894952,1.2089148595894827,0.26445012553519887,0.05784846496082476,0.26445012553519887,True,False
CCGCGAGGAGGCAG,single,0.25,8,2,6,discovery,True,1.0,1.2089148595894952,1.2089148595894827,0.26445012553519887,0.05784846496082476,0.26445012553519887,True,False
CCGCGAGGAGGCAG,single,0.25,8,2,7,discovery,True,1.0,1.2089148595894952,1.2089148595894827,0.26445012553519887,0.05784846496082476,0.26445012553519887,True,False
CCGCGAGGAGGCAG,single,0.25,8,2,8,discovery,True,1.0,1.2089148595894952,1.2089148595894827,0.26445012553519887,0.05784846496082476,0.26445012553519887,True,False
CCGCGAGGAGGCAG,single,0.25,8,2,9,discovery,True,1.0,1.2089148595894952,1.2089148595894827,0.26445012553519887,0.05784846496082476,0.26445012553519887,True,False
CCGCGAGGAGGCAG,single,0.25,8,2,10,discovery,True,1.0,1.2089148595894952,1.2089148595894827,0.26445012553519887,0.05784846496082476,0.26445012553519887,True,False
CCGCGAGGAGGCAG,single,0.25,8,2,11,discovery,True,1.0,1.2089148595894952,1.2089148595894827,0.26445012553519887,0.05784846496082476,0.26445012553519887,True,False
CCGCGAGGAGGCAG,single,0.25,8,2,12,confirmation,True,1.0,1.2089148595894952,1.2089148595894827,0.26445012553519887,0.05784846496082476,0.26445012553519887,True,False
CCGCGAGGAGGCAG,single,0.25,8,2,13,confirmation,True,1.0,1.2089148595894952,1.2089148595894827,0.26445012553519887,0.05784846496082476,0.26445012553519887,True,False
CCGCGAGGAGGCAG,single,0.25,8,2,14,confirmation,True,1.0,1.2089148595894952,1.2089148595894827,0.26445012553519887,0.05784846496082476,0.26445012553519887,True,False
CCGCGAGGAGGCAG,single,0.25,8,2,15,confirmation,True,1.0,1.2089148595894952,1.2089148595894827,0.26445012553519887,0.05784846496082476,0.26445012553519887,True,False
CCGCGAGGAGGCAG,single,0.25,8,2,16,confirmation,True,1.0,1.2089148595894952,1.2089148595894827,0.26445012553519887,0.05784846496082476,0.26445012553519887,True,False
CCGCGAGGAGGCAG,single,0.25,8,2,17,confirmation,True,1.0,1.2089148595894952,1.2089148595894827,0.26445012553519887,0.05784846496082476,0.26445012553519887,True,False
CCGCGAGGAGGCAG,single,0.25,8,2,18,confirmation,True,1.0,1.2089148595894952,1.2089148595894827,0.26445012553519887,0.05784846496082476,0.26445012553519887,True,False
CCGCGAGGAGGCAG,single,0.25,8,2,19,confirmation,True,1.0,1.2089148595894952,1.2089148595894827,0.26445012553519887,0.05784846496082476,0.26445012553519887,True,False
CCGCGAGGAGGCAG,single,0.25,8,2,20,confirmation,True,1.0,1.2089148595894952,1.2089148595894827,0.26445012553519887,0.05784846496082476,0.26445012553519887,True,False
CCGCGAGGAGGCAG,single,0.25,8,2,21,confirmation,True,1.0,1.2089148595894952,1.2089148595894827,0.26445012553519887,0.05784846496082476,0.26445012553519887,True,False
CCGCGAGGAGGCAG,single,0.25,8,2,22,confirmation,True,1.0,1.2089148595894952,1.2089148595894827,0.26445012553519887,0.05784846496082476,0.26445012553519887,True,False
CCGCGAGGAGGCAG,single,0.25,8,2,23,confirmation,True,1.0,1.2089148595894952,1.2089148595894827,0.26445012553519887,0.05784846496082476,0.26445012553519887,True,False
CCGCGAGGAGGCAG,single,0.25,48,1,0,discovery,True,0.9999999999999998,1.2453386237093649,1.2453386237093864,0.136208911968214,0.014897849746523409,0.136208911968214,True,False
CCGCGAGGAGGCAG,single,0.25,48,1,1,discovery,True,0.9999999999999998,1.2453386237093649,1.2453386237093864,0.136208911968214,0.014897849746523409,0.136208911968214,True,False
CCGCGAGGAGGCAG,single,0.25,48,1,2,discovery,True,0.9999999999999998,1.2453386237093649,1.2453386237093864,0.136208911968214,0.014897849746523409,0.136208911968214,True,False
CCGCGAGGAGGCAG,single,0.25,48,1,3,discovery,True,0.9999999999999998,1.2453386237093649,1.2453386237093864,0.136208911968214,0.014897849746523409,0.136208911968214,True,False
CCGCGAGGAGGCAG,single,0.25,48,1,4,discovery,True,0.9999999999999998,1.2453386237093649,1.2453386237093864,0.136208911968214,0.014897849746523409,0.136208911968214,True,False
CCGCGAGGAGGCAG,single,0.25,48,1,5,discovery,True,0.9999999999999998,1.2453386237093649,1.2453386237093864,0.136208911968214,0.014897849746523409,0.136208911968214,True,False
CCGCGAGGAGGCAG,single,0.25,48,1,6,discovery,True,0.9999999999999998,1.2453386237093649,1.2453386237093864,0.136208911968214,0.014897849746523409,0.136208911968214,True,False
CCGCGAGGAGGCAG,single,0.25,48,1,7,discovery,True,0.9999999999999998,1.2453386237093649,1.2453386237093864,0.136208911968214,0.014897849746523409,0.136208911968214,True,False
CCGCGAGGAGGCAG,single,0.25,48,1,8,discovery,True,0.9999999999999998,1.2453386237093649,1.2453386237093864,0.136208911968214,0.014897849746523409,0.136208911968214,True,False
CCGCGAGGAGGCAG,single,0.25,48,1,9,discovery,True,0.9999999999999998,1.2453386237093649,1.2453386237093864,0.136208911968214,0.014897849746523409,0.136208911968214,True,False
CCGCGAGGAGGCAG,single,0.25,48,1,10,discovery,True,0.9999999999999998,1.2453386237093649,1.2453386237093864,0.136208911968214,0.014897849746523409,0.136208911968214,True,False
CCGCGAGGAGGCAG,single,0.25,48,1,11,discovery,True,0.9999999999999998,1.2453386237093649,1.2453386237093864,0.136208911968214,0.014897849746523409,0.136208911968214,True,False
CCGCGAGGAGGCAG,single,0.25,48,1,12,confirmation,True,0.9999999999999998,1.2453386237093649,1.2453386237093864,0.136208911968214,0.014897849746523409,0.136208911968214,True,False
CCGCGAGGAGGCAG,single,0.25,48,1,13,confirmation,True,0.9999999999999998,1.2453386237093649,1.2453386237093864,0.136208911968214,0.014897849746523409,0.136208911968214,True,False
CCGCGAGGAGGCAG,single,0.25,48,1,14,confirmation,True,0.9999999999999998,1.2453386237093649,1.2453386237093864,0.136208911968214,0.014897849746523409,0.136208911968214,True,False
CCGCGAGGAGGCAG,single,0.25,48,1,15,confirmation,True,0.9999999999999998,1.2453386237093649,1.2453386237093864,0.136208911968214,0.014897849746523409,0.136208911968214,True,False
CCGCGAGGAGGCAG,single,0.25,48,1,16,confirmation,True,0.9999999999999998,1.2453386237093649,1.2453386237093864,0.136208911968214,0.014897849746523409,0.136208911968214,True,False
CCGCGAGGAGGCAG,single,0.25,48,1,17,confirmation,True,0.9999999999999998,1.2453386237093649,1.2453386237093864,0.136208911968214,0.014897849746523409,0.136208911968214,True,False
CCGCGAGGAGGCAG,single,0.25,48,1,18,confirmation,True,0.9999999999999998,1.2453386237093649,1.2453386237093864,0.136208911968214,0.014897849746523409,0.136208911968214,True,False
CCGCGAGGAGGCAG,single,0.25,48,1,19,confirmation,True,0.9999999999999998,1.2453386237093649,1.2453386237093864,0.136208911968214,0.014897849746523409,0.136208911968214,True,False
CCGCGAGGAGGCAG,single,0.25,48,1,20,confirmation,True,0.9999999999999998,1.2453386237093649,1.2453386237093864,0.136208911968214,0.014897849746523409,0.136208911968214,True,False
CCGCGAGGAGGCAG,single,0.25,48,1,21,confirmation,True,0.9999999999999998,1.2453386237093649,1.2453386237093864,0.136208911968214,0.014897849746523409,0.136208911968214,True,False
CCGCGAGGAGGCAG,single,0.25,48,1,22,confirmation,True,0.9999999999999998,1.2453386237093649,1.2453386237093864,0.136208911968214,0.014897849746523409,0.136208911968214,True,False
CCGCGAGGAGGCAG,single,0.25,48,1,23,confirmation,True,0.9999999999999998,1.2453386237093649,1.2453386237093864,0.136208911968214,0.014897849746523409,0.136208911968214,True,False
CCGCGAGGAGGCAG,single,0.25,48,2,0,discovery,True,1.0,1.2089148595894952,1.2089148595894827,0.26445012553519887,0.05784846496082476,0.26445012553519887,True,False
CCGCGAGGAGGCAG,single,0.25,48,2,1,discovery,True,1.0,1.2089148595894952,1.2089148595894827,0.26445012553519887,0.05784846496082476,0.26445012553519887,True,False
CCGCGAGGAGGCAG,single,0.25,48,2,2,discovery,True,1.0,1.2089148595894952,1.2089148595894827,0.26445012553519887,0.05784846496082476,0.26445012553519887,True,False
CCGCGAGGAGGCAG,single,0.25,48,2,3,discovery,True,1.0,1.2089148595894952,1.2089148595894827,0.26445012553519887,0.05784846496082476,0.26445012553519887,True,False
CCGCGAGGAGGCAG,single,0.25,48,2,4,discovery,True,1.0,1.2089148595894952,1.2089148595894827,0.26445012553519887,0.05784846496082476,0.26445012553519887,True,False
CCGCGAGGAGGCAG,single,0.25,48,2,5,discovery,True,1.0,1.2089148595894952,1.2089148595894827,0.26445012553519887,0.05784846496082476,0.26445012553519887,True,False
CCGCGAGGAGGCAG,single,0.25,48,2,6,discovery,True,1.0,1.2089148595894952,1.2089148595894827,0.26445012553519887,0.05784846496082476,0.26445012553519887,True,False
CCGCGAGGAGGCAG,single,0.25,48,2,7,discovery,True,1.0,1.2089148595894952,1.2089148595894827,0.26445012553519887,0.05784846496082476,0.26445012553519887,True,False
CCGCGAGGAGGCAG,single,0.25,48,2,8,discovery,True,1.0,1.2089148595894952,1.2089148595894827,0.26445012553519887,0.05784846496082476,0.26445012553519887,True,False
CCGCGAGGAGGCAG,single,0.25,48,2,9,discovery,True,1.0,1.2089148595894952,1.2089148595894827,0.26445012553519887,0.05784846496082476,0.26445012553519887,True,False
CCGCGAGGAGGCAG,single,0.25,48,2,10,discovery,True,1.0,1.2089148595894952,1.2089148595894827,0.26445012553519887,0.05784846496082476,0.26445012553519887,True,False
CCGCGAGGAGGCAG,single,0.25,48,2,11,discovery,True,1.0,1.2089148595894952,1.2089148595894827,0.26445012553519887,0.05784846496082476,0.26445012553519887,True,False
CCGCGAGGAGGCAG,single,0.25,48,2,12,confirmation,True,1.0,1.2089148595894952,1.2089148595894827,0.26445012553519887,0.05784846496082476,0.26445012553519887,True,False
CCGCGAGGAGGCAG,single,0.25,48,2,13,confirmation,True,1.0,1.2089148595894952,1.2089148595894827,0.26445012553519887,0.05784846496082476,0.26445012553519887,True,False
CCGCGAGGAGGCAG,single,0.25,48,2,14,confirmation,True,1.0,1.2089148595894952,1.2089148595894827,0.26445012553519887,0.05784846496082476,0.26445012553519887,True,False
CCGCGAGGAGGCAG,single,0.25,48,2,15,confirmation,True,1.0,1.2089148595894952,1.2089148595894827,0.26445012553519887,0.05784846496082476,0.26445012553519887,True,False
CCGCGAGGAGGCAG,single,0.25,48,2,16,confirmation,True,1.0,1.2089148595894952,1.2089148595894827,0.26445012553519887,0.05784846496082476,0.26445012553519887,True,False
CCGCGAGGAGGCAG,single,0.25,48,2,17,confirmation,True,1.0,1.2089148595894952,1.2089148595894827,0.26445012553519887,0.05784846496082476,0.26445012553519887,True,False
CCGCGAGGAGGCAG,single,0.25,48,2,18,confirmation,True,1.0,1.2089148595894952,1.2089148595894827,0.26445012553519887,0.05784846496082476,0.26445012553519887,True,False
CCGCGAGGAGGCAG,single,0.25,48,2,19,confirmation,True,1.0,1.2089148595894952,1.2089148595894827,0.26445012553519887,0.05784846496082476,0.26445012553519887,True,False
CCGCGAGGAGGCAG,single,0.25,48,2,20,confirmation,True,1.0,1.2089148595894952,1.2089148595894827,0.26445012553519887,0.05784846496082476,0.26445012553519887,True,False
CCGCGAGGAGGCAG,single,0.25,48,2,21,confirmation,True,1.0,1.2089148595894952,1.2089148595894827,0.26445012553519887,0.05784846496082476,0.26445012553519887,True,False
CCGCGAGGAGGCAG,single,0.25,48,2,22,confirmation,True,1.0,1.2089148595894952,1.2089148595894827,0.26445012553519887,0.05784846496082476,0.26445012553519887,True,False
CCGCGAGGAGGCAG,single,0.25,48,2,23,confirmation,True,1.0,1.2089148595894952,1.2089148595894827,0.26445012553519887,0.05784846496082476,0.26445012553519887,True,False
CCGCGAGGAGGCAG,single,0.25,88,1,0,discovery,True,0.9999999999999998,1.2453386237093649,1.2453386237093864,0.1362089119682141,0.014897849746523412,0.1362089119682141,True,False
CCGCGAGGAGGCAG,single,0.25,88,1,1,discovery,True,0.9999999999999998,1.2453386237093649,1.2453386237093864,0.1362089119682141,0.014897849746523412,0.1362089119682141,True,False
CCGCGAGGAGGCAG,single,0.25,88,1,2,discovery,True,0.9999999999999998,1.2453386237093649,1.2453386237093864,0.1362089119682141,0.014897849746523412,0.1362089119682141,True,False
CCGCGAGGAGGCAG,single,0.25,88,1,3,discovery,True,0.9999999999999998,1.2453386237093649,1.2453386237093864,0.1362089119682141,0.014897849746523412,0.1362089119682141,True,False
CCGCGAGGAGGCAG,single,0.25,88,1,4,discovery,True,0.9999999999999998,1.2453386237093649,1.2453386237093864,0.1362089119682141,0.014897849746523412,0.1362089119682141,True,False
CCGCGAGGAGGCAG,single,0.25,88,1,5,discovery,True,0.9999999999999998,1.2453386237093649,1.2453386237093864,0.1362089119682141,0.014897849746523412,0.1362089119682141,True,False
CCGCGAGGAGGCAG,single,0.25,88,1,6,discovery,True,0.9999999999999998,1.2453386237093649,1.2453386237093864,0.1362089119682141,0.014897849746523412,0.1362089119682141,True,False
CCGCGAGGAGGCAG,single,0.25,88,1,7,discovery,True,0.9999999999999998,1.2453386237093649,1.2453386237093864,0.1362089119682141,0.014897849746523412,0.1362089119682141,True,False
CCGCGAGGAGGCAG,single,0.25,88,1,8,discovery,True,0.9999999999999998,1.2453386237093649,1.2453386237093864,0.1362089119682141,0.014897849746523412,0.1362089119682141,True,False
CCGCGAGGAGGCAG,single,0.25,88,1,9,discovery,True,0.9999999999999998,1.2453386237093649,1.2453386237093864,0.1362089119682141,0.014897849746523412,0.1362089119682141,True,False
CCGCGAGGAGGCAG,single,0.25,88,1,10,discovery,True,0.9999999999999998,1.2453386237093649,1.2453386237093864,0.1362089119682141,0.014897849746523412,0.1362089119682141,True,False
CCGCGAGGAGGCAG,single,0.25,88,1,11,discovery,True,0.9999999999999998,1.2453386237093649,1.2453386237093864,0.1362089119682141,0.014897849746523412,0.1362089119682141,True,False
CCGCGAGGAGGCAG,single,0.25,88,1,12,confirmation,True,0.9999999999999998,1.2453386237093649,1.2453386237093864,0.1362089119682141,0.014897849746523412,0.1362089119682141,True,False
CCGCGAGGAGGCAG,single,0.25,88,1,13,confirmation,True,0.9999999999999998,1.2453386237093649,1.2453386237093864,0.1362089119682141,0.014897849746523412,0.1362089119682141,True,False
CCGCGAGGAGGCAG,single,0.25,88,1,14,confirmation,True,0.9999999999999998,1.2453386237093649,1.2453386237093864,0.1362089119682141,0.014897849746523412,0.1362089119682141,True,False
CCGCGAGGAGGCAG,single,0.25,88,1,15,confirmation,True,0.9999999999999998,1.2453386237093649,1.2453386237093864,0.1362089119682141,0.014897849746523412,0.1362089119682141,True,False
CCGCGAGGAGGCAG,single,0.25,88,1,16,confirmation,True,0.9999999999999998,1.2453386237093649,1.2453386237093864,0.1362089119682141,0.014897849746523412,0.1362089119682141,True,False
CCGCGAGGAGGCAG,single,0.25,88,1,17,confirmation,True,0.9999999999999998,1.2453386237093649,1.2453386237093864,0.1362089119682141,0.014897849746523412,0.1362089119682141,True,False
CCGCGAGGAGGCAG,single,0.25,88,1,18,confirmation,True,0.9999999999999998,1.2453386237093649,1.2453386237093864,0.1362089119682141,0.014897849746523412,0.1362089119682141,True,False
CCGCGAGGAGGCAG,single,0.25,88,1,19,confirmation,True,0.9999999999999998,1.2453386237093649,1.2453386237093864,0.1362089119682141,0.014897849746523412,0.1362089119682141,True,False
CCGCGAGGAGGCAG,single,0.25,88,1,20,confirmation,True,0.9999999999999998,1.2453386237093649,1.2453386237093864,0.1362089119682141,0.014897849746523412,0.1362089119682141,True,False
CCGCGAGGAGGCAG,single,0.25,88,1,21,confirmation,True,0.9999999999999998,1.2453386237093649,1.2453386237093864,0.1362089119682141,0.014897849746523412,0.1362089119682141,True,False
CCGCGAGGAGGCAG,single,0.25,88,1,22,confirmation,True,0.9999999999999998,1.2453386237093649,1.2453386237093864,0.1362089119682141,0.014897849746523412,0.1362089119682141,True,False
CCGCGAGGAGGCAG,single,0.25,88,1,23,confirmation,True,0.9999999999999998,1.2453386237093649,1.2453386237093864,0.1362089119682141,0.014897849746523412,0.1362089119682141,True,False
CCGCGAGGAGGCAG,single,0.25,88,2,0,discovery,True,1.0,1.2089148595894952,1.2089148595894836,0.2644501255351991,0.05784846496082479,0.2644501255351991,True,False
CCGCGAGGAGGCAG,single,0.25,88,2,1,discovery,True,1.0,1.2089148595894952,1.2089148595894836,0.2644501255351991,0.05784846496082479,0.2644501255351991,True,False
CCGCGAGGAGGCAG,single,0.25,88,2,2,discovery,True,1.0,1.2089148595894952,1.2089148595894836,0.2644501255351991,0.05784846496082479,0.2644501255351991,True,False
CCGCGAGGAGGCAG,single,0.25,88,2,3,discovery,True,1.0,1.2089148595894952,1.2089148595894836,0.2644501255351991,0.05784846496082479,0.2644501255351991,True,False
CCGCGAGGAGGCAG,single,0.25,88,2,4,discovery,True,1.0,1.2089148595894952,1.2089148595894836,0.2644501255351991,0.05784846496082479,0.2644501255351991,True,False
CCGCGAGGAGGCAG,single,0.25,88,2,5,discovery,True,1.0,1.2089148595894952,1.2089148595894836,0.2644501255351991,0.05784846496082479,0.2644501255351991,True,False
CCGCGAGGAGGCAG,single,0.25,88,2,6,discovery,True,1.0,1.2089148595894952,1.2089148595894836,0.2644501255351991,0.05784846496082479,0.2644501255351991,True,False
CCGCGAGGAGGCAG,single,0.25,88,2,7,discovery,True,1.0,1.2089148595894952,1.2089148595894836,0.2644501255351991,0.05784846496082479,0.2644501255351991,True,False
CCGCGAGGAGGCAG,single,0.25,88,2,8,discovery,True,1.0,1.2089148595894952,1.2089148595894836,0.2644501255351991,0.05784846496082479,0.2644501255351991,True,False
CCGCGAGGAGGCAG,single,0.25,88,2,9,discovery,True,1.0,1.2089148595894952,1.2089148595894836,0.2644501255351991,0.05784846496082479,0.2644501255351991,True,False
CCGCGAGGAGGCAG,single,0.25,88,2,10,discovery,True,1.0,1.2089148595894952,1.2089148595894836,0.2644501255351991,0.05784846496082479,0.2644501255351991,True,False
CCGCGAGGAGGCAG,single,0.25,88,2,11,discovery,True,1.0,1.2089148595894952,1.2089148595894836,0.2644501255351991,0.05784846496082479,0.2644501255351991,True,False
CCGCGAGGAGGCAG,single,0.25,88,2,12,confirmation,True,1.0,1.2089148595894952,1.2089148595894836,0.2644501255351991,0.05784846496082479,0.2644501255351991,True,False
CCGCGAGGAGGCAG,single,0.25,88,2,13,confirmation,True,1.0,1.2089148595894952,1.2089148595894836,0.2644501255351991,0.05784846496082479,0.2644501255351991,True,False
CCGCGAGGAGGCAG,single,0.25,88,2,14,confirmation,True,1.0,1.2089148595894952,1.2089148595894836,0.2644501255351991,0.05784846496082479,0.2644501255351991,True,False
CCGCGAGGAGGCAG,single,0.25,88,2,15,confirmation,True,1.0,1.2089148595894952,1.2089148595894836,0.2644501255351991,0.05784846496082479,0.2644501255351991,True,False
CCGCGAGGAGGCAG,single,0.25,88,2,16,confirmation,True,1.0,1.2089148595894952,1.2089148595894836,0.2644501255351991,0.05784846496082479,0.2644501255351991,True,False
CCGCGAGGAGGCAG,single,0.25,88,2,17,confirmation,True,1.0,1.2089148595894952,1.2089148595894836,0.2644501255351991,0.05784846496082479,0.2644501255351991,True,False
CCGCGAGGAGGCAG,single,0.25,88,2,18,confirmation,True,1.0,1.2089148595894952,1.2089148595894836,0.2644501255351991,0.05784846496082479,0.2644501255351991,True,False
CCGCGAGGAGGCAG,single,0.25,88,2,19,confirmation,True,1.0,1.2089148595894952,1.2089148595894836,0.2644501255351991,0.05784846496082479,0.2644501255351991,True,False
CCGCGAGGAGGCAG,single,0.25,88,2,20,confirmation,True,1.0,1.2089148595894952,1.2089148595894836,0.2644501255351991,0.05784846496082479,0.2644501255351991,True,False
CCGCGAGGAGGCAG,single,0.25,88,2,21,confirmation,True,1.0,1.2089148595894952,1.2089148595894836,0.2644501255351991,0.05784846496082479,0.2644501255351991,True,False
CCGCGAGGAGGCAG,single,0.25,88,2,22,confirmation,True,1.0,1.2089148595894952,1.2089148595894836,0.2644501255351991,0.05784846496082479,0.2644501255351991,True,False
CCGCGAGGAGGCAG,single,0.25,88,2,23,confirmation,True,1.0,1.2089148595894952,1.2089148595894836,0.2644501255351991,0.05784846496082479,0.2644501255351991,True,False
CCGCGAGGAGGCAG,single,1.0,8,1,0,discovery,True,0.9999999999999998,2.288237218698839,2.2882372186987783,0.2502759457951797,0.02737393157134778,0.2502759457951797,True,True
CCGCGAGGAGGCAG,single,1.0,8,1,1,discovery,True,0.9999999999999998,2.288237218698839,2.2882372186987783,0.2502759457951797,0.02737393157134778,0.2502759457951797,True,True
CCGCGAGGAGGCAG,single,1.0,8,1,2,discovery,True,0.9999999999999998,2.288237218698839,2.2882372186987783,0.2502759457951797,0.02737393157134778,0.2502759457951797,True,True
CCGCGAGGAGGCAG,single,1.0,8,1,3,discovery,True,0.9999999999999998,2.288237218698839,2.2882372186987783,0.2502759457951797,0.02737393157134778,0.2502759457951797,True,True
CCGCGAGGAGGCAG,single,1.0,8,1,4,discovery,True,0.9999999999999998,2.288237218698839,2.2882372186987783,0.2502759457951797,0.02737393157134778,0.2502759457951797,True,True
CCGCGAGGAGGCAG,single,1.0,8,1,5,discovery,True,0.9999999999999998,2.288237218698839,2.2882372186987783,0.2502759457951797,0.02737393157134778,0.2502759457951797,True,True
CCGCGAGGAGGCAG,single,1.0,8,1,6,discovery,True,0.9999999999999998,2.288237218698839,2.2882372186987783,0.2502759457951797,0.02737393157134778,0.2502759457951797,True,True
CCGCGAGGAGGCAG,single,1.0,8,1,7,discovery,True,0.9999999999999998,2.288237218698839,2.2882372186987783,0.2502759457951797,0.02737393157134778,0.2502759457951797,True,True
CCGCGAGGAGGCAG,single,1.0,8,1,8,discovery,True,0.9999999999999998,2.288237218698839,2.2882372186987783,0.2502759457951797,0.02737393157134778,0.2502759457951797,True,True
CCGCGAGGAGGCAG,single,1.0,8,1,9,discovery,True,0.9999999999999998,2.288237218698839,2.2882372186987783,0.2502759457951797,0.02737393157134778,0.2502759457951797,True,True
CCGCGAGGAGGCAG,single,1.0,8,1,10,discovery,True,0.9999999999999998,2.288237218698839,2.2882372186987783,0.2502759457951797,0.02737393157134778,0.2502759457951797,True,True
CCGCGAGGAGGCAG,single,1.0,8,1,11,discovery,True,0.9999999999999998,2.288237218698839,2.2882372186987783,0.2502759457951797,0.02737393157134778,0.2502759457951797,True,True
CCGCGAGGAGGCAG,single,1.0,8,1,12,confirmation,True,0.9999999999999998,2.288237218698839,2.2882372186987783,0.2502759457951797,0.02737393157134778,0.2502759457951797,True,True
CCGCGAGGAGGCAG,single,1.0,8,1,13,confirmation,True,0.9999999999999998,2.288237218698839,2.2882372186987783,0.2502759457951797,0.02737393157134778,0.2502759457951797,True,True
CCGCGAGGAGGCAG,single,1.0,8,1,14,confirmation,True,0.9999999999999998,2.288237218698839,2.2882372186987783,0.2502759457951797,0.02737393157134778,0.2502759457951797,True,True
CCGCGAGGAGGCAG,single,1.0,8,1,15,confirmation,True,0.9999999999999998,2.288237218698839,2.2882372186987783,0.2502759457951797,0.02737393157134778,0.2502759457951797,True,True
CCGCGAGGAGGCAG,single,1.0,8,1,16,confirmation,True,0.9999999999999998,2.288237218698839,2.2882372186987783,0.2502759457951797,0.02737393157134778,0.2502759457951797,True,True
CCGCGAGGAGGCAG,single,1.0,8,1,17,confirmation,True,0.9999999999999998,2.288237218698839,2.2882372186987783,0.2502759457951797,0.02737393157134778,0.2502759457951797,True,True
CCGCGAGGAGGCAG,single,1.0,8,1,18,confirmation,True,0.9999999999999998,2.288237218698839,2.2882372186987783,0.2502759457951797,0.02737393157134778,0.2502759457951797,True,True
CCGCGAGGAGGCAG,single,1.0,8,1,19,confirmation,True,0.9999999999999998,2.288237218698839,2.2882372186987783,0.2502759457951797,0.02737393157134778,0.2502759457951797,True,True
CCGCGAGGAGGCAG,single,1.0,8,1,20,confirmation,True,0.9999999999999998,2.288237218698839,2.2882372186987783,0.2502759457951797,0.02737393157134778,0.2502759457951797,True,True
CCGCGAGGAGGCAG,single,1.0,8,1,21,confirmation,True,0.9999999999999998,2.288237218698839,2.2882372186987783,0.2502759457951797,0.02737393157134778,0.2502759457951797,True,True
CCGCGAGGAGGCAG,single,1.0,8,1,22,confirmation,True,0.9999999999999998,2.288237218698839,2.2882372186987783,0.2502759457951797,0.02737393157134778,0.2502759457951797,True,True
CCGCGAGGAGGCAG,single,1.0,8,1,23,confirmation,True,0.9999999999999998,2.288237218698839,2.2882372186987783,0.2502759457951797,0.02737393157134778,0.2502759457951797,True,True
CCGCGAGGAGGCAG,single,1.0,8,2,0,discovery,True,1.0,1.9756762117433493,1.9756762117433528,0.43217917131885986,0.09453919372600056,0.43217917131885986,True,False
CCGCGAGGAGGCAG,single,1.0,8,2,1,discovery,True,1.0,1.9756762117433493,1.9756762117433528,0.43217917131885986,0.09453919372600056,0.43217917131885986,True,False
CCGCGAGGAGGCAG,single,1.0,8,2,2,discovery,True,1.0,1.9756762117433493,1.9756762117433528,0.43217917131885986,0.09453919372600056,0.43217917131885986,True,False
CCGCGAGGAGGCAG,single,1.0,8,2,3,discovery,True,1.0,1.9756762117433493,1.9756762117433528,0.43217917131885986,0.09453919372600056,0.43217917131885986,True,False
CCGCGAGGAGGCAG,single,1.0,8,2,4,discovery,True,1.0,1.9756762117433493,1.9756762117433528,0.43217917131885986,0.09453919372600056,0.43217917131885986,True,False
CCGCGAGGAGGCAG,single,1.0,8,2,5,discovery,True,1.0,1.9756762117433493,1.9756762117433528,0.43217917131885986,0.09453919372600056,0.43217917131885986,True,False
CCGCGAGGAGGCAG,single,1.0,8,2,6,discovery,True,1.0,1.9756762117433493,1.9756762117433528,0.43217917131885986,0.09453919372600056,0.43217917131885986,True,False
CCGCGAGGAGGCAG,single,1.0,8,2,7,discovery,True,1.0,1.9756762117433493,1.9756762117433528,0.43217917131885986,0.09453919372600056,0.43217917131885986,True,False
CCGCGAGGAGGCAG,single,1.0,8,2,8,discovery,True,1.0,1.9756762117433493,1.9756762117433528,0.43217917131885986,0.09453919372600056,0.43217917131885986,True,False
CCGCGAGGAGGCAG,single,1.0,8,2,9,discovery,True,1.0,1.9756762117433493,1.9756762117433528,0.43217917131885986,0.09453919372600056,0.43217917131885986,True,False
CCGCGAGGAGGCAG,single,1.0,8,2,10,discovery,True,1.0,1.9756762117433493,1.9756762117433528,0.43217917131885986,0.09453919372600056,0.43217917131885986,True,False
CCGCGAGGAGGCAG,single,1.0,8,2,11,discovery,True,1.0,1.9756762117433493,1.9756762117433528,0.43217917131885986,0.09453919372600056,0.43217917131885986,True,False
CCGCGAGGAGGCAG,single,1.0,8,2,12,confirmation,True,1.0,1.9756762117433493,1.9756762117433528,0.43217917131885986,0.09453919372600056,0.43217917131885986,True,False
CCGCGAGGAGGCAG,single,1.0,8,2,13,confirmation,True,1.0,1.9756762117433493,1.9756762117433528,0.43217917131885986,0.09453919372600056,0.43217917131885986,True,False
CCGCGAGGAGGCAG,single,1.0,8,2,14,confirmation,True,1.0,1.9756762117433493,1.9756762117433528,0.43217917131885986,0.09453919372600056,0.43217917131885986,True,False
CCGCGAGGAGGCAG,single,1.0,8,2,15,confirmation,True,1.0,1.9756762117433493,1.9756762117433528,0.43217917131885986,0.09453919372600056,0.43217917131885986,True,False
CCGCGAGGAGGCAG,single,1.0,8,2,16,confirmation,True,1.0,1.9756762117433493,1.9756762117433528,0.43217917131885986,0.09453919372600056,0.43217917131885986,True,False
CCGCGAGGAGGCAG,single,1.0,8,2,17,confirmation,True,1.0,1.9756762117433493,1.9756762117433528,0.43217917131885986,0.09453919372600056,0.43217917131885986,True,False
CCGCGAGGAGGCAG,single,1.0,8,2,18,confirmation,True,1.0,1.9756762117433493,1.9756762117433528,0.43217917131885986,0.09453919372600056,0.43217917131885986,True,False
CCGCGAGGAGGCAG,single,1.0,8,2,19,confirmation,True,1.0,1.9756762117433493,1.9756762117433528,0.43217917131885986,0.09453919372600056,0.43217917131885986,True,False
CCGCGAGGAGGCAG,single,1.0,8,2,20,confirmation,True,1.0,1.9756762117433493,1.9756762117433528,0.43217917131885986,0.09453919372600056,0.43217917131885986,True,False
CCGCGAGGAGGCAG,single,1.0,8,2,21,confirmation,True,1.0,1.9756762117433493,1.9756762117433528,0.43217917131885986,0.09453919372600056,0.43217917131885986,True,False
CCGCGAGGAGGCAG,single,1.0,8,2,22,confirmation,True,1.0,1.9756762117433493,1.9756762117433528,0.43217917131885986,0.09453919372600056,0.43217917131885986,True,False
CCGCGAGGAGGCAG,single,1.0,8,2,23,confirmation,True,1.0,1.9756762117433493,1.9756762117433528,0.43217917131885986,0.09453919372600056,0.43217917131885986,True,False
CCGCGAGGAGGCAG,single,1.0,48,1,0,discovery,True,0.9999999999999998,2.288237218698839,2.2882372186987783,0.2502759457951797,0.02737393157134778,0.2502759457951797,True,True
CCGCGAGGAGGCAG,single,1.0,48,1,1,discovery,True,0.9999999999999998,2.288237218698839,2.2882372186987783,0.2502759457951797,0.02737393157134778,0.2502759457951797,True,True
CCGCGAGGAGGCAG,single,1.0,48,1,2,discovery,True,0.9999999999999998,2.288237218698839,2.2882372186987783,0.2502759457951797,0.02737393157134778,0.2502759457951797,True,True
CCGCGAGGAGGCAG,single,1.0,48,1,3,discovery,True,0.9999999999999998,2.288237218698839,2.2882372186987783,0.2502759457951797,0.02737393157134778,0.2502759457951797,True,True
CCGCGAGGAGGCAG,single,1.0,48,1,4,discovery,True,0.9999999999999998,2.288237218698839,2.2882372186987783,0.2502759457951797,0.02737393157134778,0.2502759457951797,True,True
CCGCGAGGAGGCAG,single,1.0,48,1,5,discovery,True,0.9999999999999998,2.288237218698839,2.2882372186987783,0.2502759457951797,0.02737393157134778,0.2502759457951797,True,True
CCGCGAGGAGGCAG,single,1.0,48,1,6,discovery,True,0.9999999999999998,2.288237218698839,2.2882372186987783,0.2502759457951797,0.02737393157134778,0.2502759457951797,True,True
CCGCGAGGAGGCAG,single,1.0,48,1,7,discovery,True,0.9999999999999998,2.288237218698839,2.2882372186987783,0.2502759457951797,0.02737393157134778,0.2502759457951797,True,True
CCGCGAGGAGGCAG,single,1.0,48,1,8,discovery,True,0.9999999999999998,2.288237218698839,2.2882372186987783,0.2502759457951797,0.02737393157134778,0.2502759457951797,True,True
CCGCGAGGAGGCAG,single,1.0,48,1,9,discovery,True,0.9999999999999998,2.288237218698839,2.2882372186987783,0.2502759457951797,0.02737393157134778,0.2502759457951797,True,True
CCGCGAGGAGGCAG,single,1.0,48,1,10,discovery,True,0.9999999999999998,2.288237218698839,2.2882372186987783,0.2502759457951797,0.02737393157134778,0.2502759457951797,True,True
CCGCGAGGAGGCAG,single,1.0,48,1,11,discovery,True,0.9999999999999998,2.288237218698839,2.2882372186987783,0.2502759457951797,0.02737393157134778,0.2502759457951797,True,True
CCGCGAGGAGGCAG,single,1.0,48,1,12,confirmation,True,0.9999999999999998,2.288237218698839,2.2882372186987783,0.2502759457951797,0.02737393157134778,0.2502759457951797,True,True
CCGCGAGGAGGCAG,single,1.0,48,1,13,confirmation,True,0.9999999999999998,2.288237218698839,2.2882372186987783,0.2502759457951797,0.02737393157134778,0.2502759457951797,True,True
CCGCGAGGAGGCAG,single,1.0,48,1,14,confirmation,True,0.9999999999999998,2.288237218698839,2.2882372186987783,0.2502759457951797,0.02737393157134778,0.2502759457951797,True,True
CCGCGAGGAGGCAG,single,1.0,48,1,15,confirmation,True,0.9999999999999998,2.288237218698839,2.2882372186987783,0.2502759457951797,0.02737393157134778,0.2502759457951797,True,True
CCGCGAGGAGGCAG,single,1.0,48,1,16,confirmation,True,0.9999999999999998,2.288237218698839,2.2882372186987783,0.2502759457951797,0.02737393157134778,0.2502759457951797,True,True
CCGCGAGGAGGCAG,single,1.0,48,1,17,confirmation,True,0.9999999999999998,2.288237218698839,2.2882372186987783,0.2502759457951797,0.02737393157134778,0.2502759457951797,True,True
CCGCGAGGAGGCAG,single,1.0,48,1,18,confirmation,True,0.9999999999999998,2.288237218698839,2.2882372186987783,0.2502759457951797,0.02737393157134778,0.2502759457951797,True,True
CCGCGAGGAGGCAG,single,1.0,48,1,19,confirmation,True,0.9999999999999998,2.288237218698839,2.2882372186987783,0.2502759457951797,0.02737393157134778,0.2502759457951797,True,True
CCGCGAGGAGGCAG,single,1.0,48,1,20,confirmation,True,0.9999999999999998,2.288237218698839,2.2882372186987783,0.2502759457951797,0.02737393157134778,0.2502759457951797,True,True
CCGCGAGGAGGCAG,single,1.0,48,1,21,confirmation,True,0.9999999999999998,2.288237218698839,2.2882372186987783,0.2502759457951797,0.02737393157134778,0.2502759457951797,True,True
CCGCGAGGAGGCAG,single,1.0,48,1,22,confirmation,True,0.9999999999999998,2.288237218698839,2.2882372186987783,0.2502759457951797,0.02737393157134778,0.2502759457951797,True,True
CCGCGAGGAGGCAG,single,1.0,48,1,23,confirmation,True,0.9999999999999998,2.288237218698839,2.2882372186987783,0.2502759457951797,0.02737393157134778,0.2502759457951797,True,True
CCGCGAGGAGGCAG,single,1.0,48,2,0,discovery,True,1.0,1.9756762117433493,1.9756762117433528,0.43217917131885986,0.09453919372600059,0.43217917131885986,True,False
CCGCGAGGAGGCAG,single,1.0,48,2,1,discovery,True,1.0,1.9756762117433493,1.9756762117433528,0.43217917131885986,0.09453919372600059,0.43217917131885986,True,False
CCGCGAGGAGGCAG,single,1.0,48,2,2,discovery,True,1.0,1.9756762117433493,1.9756762117433528,0.43217917131885986,0.09453919372600059,0.43217917131885986,True,False
CCGCGAGGAGGCAG,single,1.0,48,2,3,discovery,True,1.0,1.9756762117433493,1.9756762117433528,0.43217917131885986,0.09453919372600059,0.43217917131885986,True,False
CCGCGAGGAGGCAG,single,1.0,48,2,4,discovery,True,1.0,1.9756762117433493,1.9756762117433528,0.43217917131885986,0.09453919372600059,0.43217917131885986,True,False
CCGCGAGGAGGCAG,single,1.0,48,2,5,discovery,True,1.0,1.9756762117433493,1.9756762117433528,0.43217917131885986,0.09453919372600059,0.43217917131885986,True,False
CCGCGAGGAGGCAG,single,1.0,48,2,6,discovery,True,1.0,1.9756762117433493,1.9756762117433528,0.43217917131885986,0.09453919372600059,0.43217917131885986,True,False
CCGCGAGGAGGCAG,single,1.0,48,2,7,discovery,True,1.0,1.9756762117433493,1.9756762117433528,0.43217917131885986,0.09453919372600059,0.43217917131885986,True,False
CCGCGAGGAGGCAG,single,1.0,48,2,8,discovery,True,1.0,1.9756762117433493,1.9756762117433528,0.43217917131885986,0.09453919372600059,0.43217917131885986,True,False
CCGCGAGGAGGCAG,single,1.0,48,2,9,discovery,True,1.0,1.9756762117433493,1.9756762117433528,0.43217917131885986,0.09453919372600059,0.43217917131885986,True,False
CCGCGAGGAGGCAG,single,1.0,48,2,10,discovery,True,1.0,1.9756762117433493,1.9756762117433528,0.43217917131885986,0.09453919372600059,0.43217917131885986,True,False
CCGCGAGGAGGCAG,single,1.0,48,2,11,discovery,True,1.0,1.9756762117433493,1.9756762117433528,0.43217917131885986,0.09453919372600059,0.43217917131885986,True,False
CCGCGAGGAGGCAG,single,1.0,48,2,12,confirmation,True,1.0,1.9756762117433493,1.9756762117433528,0.43217917131885986,0.09453919372600059,0.43217917131885986,True,False
CCGCGAGGAGGCAG,single,1.0,48,2,13,confirmation,True,1.0,1.9756762117433493,1.9756762117433528,0.43217917131885986,0.09453919372600059,0.43217917131885986,True,False
CCGCGAGGAGGCAG,single,1.0,48,2,14,confirmation,True,1.0,1.9756762117433493,1.9756762117433528,0.43217917131885986,0.09453919372600059,0.43217917131885986,True,False
CCGCGAGGAGGCAG,single,1.0,48,2,15,confirmation,True,1.0,1.9756762117433493,1.9756762117433528,0.43217917131885986,0.09453919372600059,0.43217917131885986,True,False
CCGCGAGGAGGCAG,single,1.0,48,2,16,confirmation,True,1.0,1.9756762117433493,1.9756762117433528,0.43217917131885986,0.09453919372600059,0.43217917131885986,True,False
CCGCGAGGAGGCAG,single,1.0,48,2,17,confirmation,True,1.0,1.9756762117433493,1.9756762117433528,0.43217917131885986,0.09453919372600059,0.43217917131885986,True,False
CCGCGAGGAGGCAG,single,1.0,48,2,18,confirmation,True,1.0,1.9756762117433493,1.9756762117433528,0.43217917131885986,0.09453919372600059,0.43217917131885986,True,False
CCGCGAGGAGGCAG,single,1.0,48,2,19,confirmation,True,1.0,1.9756762117433493,1.9756762117433528,0.43217917131885986,0.09453919372600059,0.43217917131885986,True,False
CCGCGAGGAGGCAG,single,1.0,48,2,20,confirmation,True,1.0,1.9756762117433493,1.9756762117433528,0.43217917131885986,0.09453919372600059,0.43217917131885986,True,False
CCGCGAGGAGGCAG,single,1.0,48,2,21,confirmation,True,1.0,1.9756762117433493,1.9756762117433528,0.43217917131885986,0.09453919372600059,0.43217917131885986,True,False
CCGCGAGGAGGCAG,single,1.0,48,2,22,confirmation,True,1.0,1.9756762117433493,1.9756762117433528,0.43217917131885986,0.09453919372600059,0.43217917131885986,True,False
CCGCGAGGAGGCAG,single,1.0,48,2,23,confirmation,True,1.0,1.9756762117433493,1.9756762117433528,0.43217917131885986,0.09453919372600059,0.43217917131885986,True,False
CCGCGAGGAGGCAG,single,1.0,88,1,0,discovery,True,0.9999999999999998,2.288237218698839,2.2882372186987783,0.25027594579517976,0.027373931571347786,0.25027594579517976,True,True
CCGCGAGGAGGCAG,single,1.0,88,1,1,discovery,True,0.9999999999999998,2.288237218698839,2.2882372186987783,0.25027594579517976,0.027373931571347786,0.25027594579517976,True,True
CCGCGAGGAGGCAG,single,1.0,88,1,2,discovery,True,0.9999999999999998,2.288237218698839,2.2882372186987783,0.25027594579517976,0.027373931571347786,0.25027594579517976,True,True
CCGCGAGGAGGCAG,single,1.0,88,1,3,discovery,True,0.9999999999999998,2.288237218698839,2.2882372186987783,0.25027594579517976,0.027373931571347786,0.25027594579517976,True,True
CCGCGAGGAGGCAG,single,1.0,88,1,4,discovery,True,0.9999999999999998,2.288237218698839,2.2882372186987783,0.25027594579517976,0.027373931571347786,0.25027594579517976,True,True
CCGCGAGGAGGCAG,single,1.0,88,1,5,discovery,True,0.9999999999999998,2.288237218698839,2.2882372186987783,0.25027594579517976,0.027373931571347786,0.25027594579517976,True,True
CCGCGAGGAGGCAG,single,1.0,88,1,6,discovery,True,0.9999999999999998,2.288237218698839,2.2882372186987783,0.25027594579517976,0.027373931571347786,0.25027594579517976,True,True
CCGCGAGGAGGCAG,single,1.0,88,1,7,discovery,True,0.9999999999999998,2.288237218698839,2.2882372186987783,0.25027594579517976,0.027373931571347786,0.25027594579517976,True,True
CCGCGAGGAGGCAG,single,1.0,88,1,8,discovery,True,0.9999999999999998,2.288237218698839,2.2882372186987783,0.25027594579517976,0.027373931571347786,0.25027594579517976,True,True
CCGCGAGGAGGCAG,single,1.0,88,1,9,discovery,True,0.9999999999999998,2.288237218698839,2.2882372186987783,0.25027594579517976,0.027373931571347786,0.25027594579517976,True,True
CCGCGAGGAGGCAG,single,1.0,88,1,10,discovery,True,0.9999999999999998,2.288237218698839,2.2882372186987783,0.25027594579517976,0.027373931571347786,0.25027594579517976,True,True
CCGCGAGGAGGCAG,single,1.0,88,1,11,discovery,True,0.9999999999999998,2.288237218698839,2.2882372186987783,0.25027594579517976,0.027373931571347786,0.25027594579517976,True,True
CCGCGAGGAGGCAG,single,1.0,88,1,12,confirmation,True,0.9999999999999998,2.288237218698839,2.2882372186987783,0.25027594579517976,0.027373931571347786,0.25027594579517976,True,True
CCGCGAGGAGGCAG,single,1.0,88,1,13,confirmation,True,0.9999999999999998,2.288237218698839,2.2882372186987783,0.25027594579517976,0.027373931571347786,0.25027594579517976,True,True
CCGCGAGGAGGCAG,single,1.0,88,1,14,confirmation,True,0.9999999999999998,2.288237218698839,2.2882372186987783,0.25027594579517976,0.027373931571347786,0.25027594579517976,True,True
CCGCGAGGAGGCAG,single,1.0,88,1,15,confirmation,True,0.9999999999999998,2.288237218698839,2.2882372186987783,0.25027594579517976,0.027373931571347786,0.25027594579517976,True,True
CCGCGAGGAGGCAG,single,1.0,88,1,16,confirmation,True,0.9999999999999998,2.288237218698839,2.2882372186987783,0.25027594579517976,0.027373931571347786,0.25027594579517976,True,True
CCGCGAGGAGGCAG,single,1.0,88,1,17,confirmation,True,0.9999999999999998,2.288237218698839,2.2882372186987783,0.25027594579517976,0.027373931571347786,0.25027594579517976,True,True
CCGCGAGGAGGCAG,single,1.0,88,1,18,confirmation,True,0.9999999999999998,2.288237218698839,2.2882372186987783,0.25027594579517976,0.027373931571347786,0.25027594579517976,True,True
CCGCGAGGAGGCAG,single,1.0,88,1,19,confirmation,True,0.9999999999999998,2.288237218698839,2.2882372186987783,0.25027594579517976,0.027373931571347786,0.25027594579517976,True,True
CCGCGAGGAGGCAG,single,1.0,88,1,20,confirmation,True,0.9999999999999998,2.288237218698839,2.2882372186987783,0.25027594579517976,0.027373931571347786,0.25027594579517976,True,True
CCGCGAGGAGGCAG,single,1.0,88,1,21,confirmation,True,0.9999999999999998,2.288237218698839,2.2882372186987783,0.25027594579517976,0.027373931571347786,0.25027594579517976,True,True
CCGCGAGGAGGCAG,single,1.0,88,1,22,confirmation,True,0.9999999999999998,2.288237218698839,2.2882372186987783,0.25027594579517976,0.027373931571347786,0.25027594579517976,True,True
CCGCGAGGAGGCAG,single,1.0,88,1,23,confirmation,True,0.9999999999999998,2.288237218698839,2.2882372186987783,0.25027594579517976,0.027373931571347786,0.25027594579517976,True,True
CCGCGAGGAGGCAG,single,1.0,88,2,0,discovery,True,1.0,1.9756762117433493,1.9756762117433528,0.43217917131886,0.09453919372600059,0.43217917131886,True,False
CCGCGAGGAGGCAG,single,1.0,88,2,1,discovery,True,1.0,1.9756762117433493,1.9756762117433528,0.43217917131886,0.09453919372600059,0.43217917131886,True,False
CCGCGAGGAGGCAG,single,1.0,88,2,2,discovery,True,1.0,1.9756762117433493,1.9756762117433528,0.43217917131886,0.09453919372600059,0.43217917131886,True,False
CCGCGAGGAGGCAG,single,1.0,88,2,3,discovery,True,1.0,1.9756762117433493,1.9756762117433528,0.43217917131886,0.09453919372600059,0.43217917131886,True,False
CCGCGAGGAGGCAG,single,1.0,88,2,4,discovery,True,1.0,1.9756762117433493,1.9756762117433528,0.43217917131886,0.09453919372600059,0.43217917131886,True,False
CCGCGAGGAGGCAG,single,1.0,88,2,5,discovery,True,1.0,1.9756762117433493,1.9756762117433528,0.43217917131886,0.09453919372600059,0.43217917131886,True,False
CCGCGAGGAGGCAG,single,1.0,88,2,6,discovery,True,1.0,1.9756762117433493,1.9756762117433528,0.43217917131886,0.09453919372600059,0.43217917131886,True,False
CCGCGAGGAGGCAG,single,1.0,88,2,7,discovery,True,1.0,1.9756762117433493,1.9756762117433528,0.43217917131886,0.09453919372600059,0.43217917131886,True,False
CCGCGAGGAGGCAG,single,1.0,88,2,8,discovery,True,1.0,1.9756762117433493,1.9756762117433528,0.43217917131886,0.09453919372600059,0.43217917131886,True,False
CCGCGAGGAGGCAG,single,1.0,88,2,9,discovery,True,1.0,1.9756762117433493,1.9756762117433528,0.43217917131886,0.09453919372600059,0.43217917131886,True,False
CCGCGAGGAGGCAG,single,1.0,88,2,10,discovery,True,1.0,1.9756762117433493,1.9756762117433528,0.43217917131886,0.09453919372600059,0.43217917131886,True,False
CCGCGAGGAGGCAG,single,1.0,88,2,11,discovery,True,1.0,1.9756762117433493,1.9756762117433528,0.43217917131886,0.09453919372600059,0.43217917131886,True,False
CCGCGAGGAGGCAG,single,1.0,88,2,12,confirmation,True,1.0,1.9756762117433493,1.9756762117433528,0.43217917131886,0.09453919372600059,0.43217917131886,True,False
CCGCGAGGAGGCAG,single,1.0,88,2,13,confirmation,True,1.0,1.9756762117433493,1.9756762117433528,0.43217917131886,0.09453919372600059,0.43217917131886,True,False
CCGCGAGGAGGCAG,single,1.0,88,2,14,confirmation,True,1.0,1.9756762117433493,1.9756762117433528,0.43217917131886,0.09453919372600059,0.43217917131886,True,False
CCGCGAGGAGGCAG,single,1.0,88,2,15,confirmation,True,1.0,1.9756762117433493,1.9756762117433528,0.43217917131886,0.09453919372600059,0.43217917131886,True,False
CCGCGAGGAGGCAG,single,1.0,88,2,16,confirmation,True,1.0,1.9756762117433493,1.9756762117433528,0.43217917131886,0.09453919372600059,0.43217917131886,True,False
CCGCGAGGAGGCAG,single,1.0,88,2,17,confirmation,True,1.0,1.9756762117433493,1.9756762117433528,0.43217917131886,0.09453919372600059,0.43217917131886,True,False
CCGCGAGGAGGCAG,single,1.0,88,2,18,confirmation,True,1.0,1.9756762117433493,1.9756762117433528,0.43217917131886,0.09453919372600059,0.43217917131886,True,False
CCGCGAGGAGGCAG,single,1.0,88,2,19,confirmation,True,1.0,1.9756762117433493,1.9756762117433528,0.43217917131886,0.09453919372600059,0.43217917131886,True,False
CCGCGAGGAGGCAG,single,1.0,88,2,20,confirmation,True,1.0,1.9756762117433493,1.9756762117433528,0.43217917131886,0.09453919372600059,0.43217917131886,True,False
CCGCGAGGAGGCAG,single,1.0,88,2,21,confirmation,True,1.0,1.9756762117433493,1.9756762117433528,0.43217917131886,0.09453919372600059,0.43217917131886,True,False
CCGCGAGGAGGCAG,single,1.0,88,2,22,confirmation,True,1.0,1.9756762117433493,1.9756762117433528,0.43217917131886,0.09453919372600059,0.43217917131886,True,False
CCGCGAGGAGGCAG,single,1.0,88,2,23,confirmation,True,1.0,1.9756762117433493,1.9756762117433528,0.43217917131886,0.09453919372600059,0.43217917131886,True,False
CCGCGAGGAGGCAG,single,4.0,8,1,0,discovery,True,0.9999999999999998,7.956249165988097,7.9562491659881855,0.8702147525299556,0.09517973855796391,0.8702147525299556,True,True
CCGCGAGGAGGCAG,single,4.0,8,1,1,discovery,True,0.9999999999999998,7.956249165988097,7.9562491659881855,0.8702147525299556,0.09517973855796391,0.8702147525299556,True,True
CCGCGAGGAGGCAG,single,4.0,8,1,2,discovery,True,0.9999999999999998,7.956249165988097,7.9562491659881855,0.8702147525299556,0.09517973855796391,0.8702147525299556,True,True
CCGCGAGGAGGCAG,single,4.0,8,1,3,discovery,True,0.9999999999999998,7.956249165988097,7.9562491659881855,0.8702147525299556,0.09517973855796391,0.8702147525299556,True,True
CCGCGAGGAGGCAG,single,4.0,8,1,4,discovery,True,0.9999999999999998,7.956249165988097,7.9562491659881855,0.8702147525299556,0.09517973855796391,0.8702147525299556,True,True
CCGCGAGGAGGCAG,single,4.0,8,1,5,discovery,True,0.9999999999999998,7.956249165988097,7.9562491659881855,0.8702147525299556,0.09517973855796391,0.8702147525299556,True,True
CCGCGAGGAGGCAG,single,4.0,8,1,6,discovery,True,0.9999999999999998,7.956249165988097,7.9562491659881855,0.8702147525299556,0.09517973855796391,0.8702147525299556,True,True
CCGCGAGGAGGCAG,single,4.0,8,1,7,discovery,True,0.9999999999999998,7.956249165988097,7.9562491659881855,0.8702147525299556,0.09517973855796391,0.8702147525299556,True,True
CCGCGAGGAGGCAG,single,4.0,8,1,8,discovery,True,0.9999999999999998,7.956249165988097,7.9562491659881855,0.8702147525299556,0.09517973855796391,0.8702147525299556,True,True
CCGCGAGGAGGCAG,single,4.0,8,1,9,discovery,True,0.9999999999999998,7.956249165988097,7.9562491659881855,0.8702147525299556,0.09517973855796391,0.8702147525299556,True,True
CCGCGAGGAGGCAG,single,4.0,8,1,10,discovery,True,0.9999999999999998,7.956249165988097,7.9562491659881855,0.8702147525299556,0.09517973855796391,0.8702147525299556,True,True
CCGCGAGGAGGCAG,single,4.0,8,1,11,discovery,True,0.9999999999999998,7.956249165988097,7.9562491659881855,0.8702147525299556,0.09517973855796391,0.8702147525299556,True,True
CCGCGAGGAGGCAG,single,4.0,8,1,12,confirmation,True,0.9999999999999998,7.956249165988097,7.9562491659881855,0.8702147525299556,0.09517973855796391,0.8702147525299556,True,True
CCGCGAGGAGGCAG,single,4.0,8,1,13,confirmation,True,0.9999999999999998,7.956249165988097,7.9562491659881855,0.8702147525299556,0.09517973855796391,0.8702147525299556,True,True
CCGCGAGGAGGCAG,single,4.0,8,1,14,confirmation,True,0.9999999999999998,7.956249165988097,7.9562491659881855,0.8702147525299556,0.09517973855796391,0.8702147525299556,True,True
CCGCGAGGAGGCAG,single,4.0,8,1,15,confirmation,True,0.9999999999999998,7.956249165988097,7.9562491659881855,0.8702147525299556,0.09517973855796391,0.8702147525299556,True,True
CCGCGAGGAGGCAG,single,4.0,8,1,16,confirmation,True,0.9999999999999998,7.956249165988097,7.9562491659881855,0.8702147525299556,0.09517973855796391,0.8702147525299556,True,True
CCGCGAGGAGGCAG,single,4.0,8,1,17,confirmation,True,0.9999999999999998,7.956249165988097,7.9562491659881855,0.8702147525299556,0.09517973855796391,0.8702147525299556,True,True
CCGCGAGGAGGCAG,single,4.0,8,1,18,confirmation,True,0.9999999999999998,7.956249165988097,7.9562491659881855,0.8702147525299556,0.09517973855796391,0.8702147525299556,True,True
CCGCGAGGAGGCAG,single,4.0,8,1,19,confirmation,True,0.9999999999999998,7.956249165988097,7.9562491659881855,0.8702147525299556,0.09517973855796391,0.8702147525299556,True,True
CCGCGAGGAGGCAG,single,4.0,8,1,20,confirmation,True,0.9999999999999998,7.956249165988097,7.9562491659881855,0.8702147525299556,0.09517973855796391,0.8702147525299556,True,True
CCGCGAGGAGGCAG,single,4.0,8,1,21,confirmation,True,0.9999999999999998,7.956249165988097,7.9562491659881855,0.8702147525299556,0.09517973855796391,0.8702147525299556,True,True
CCGCGAGGAGGCAG,single,4.0,8,1,22,confirmation,True,0.9999999999999998,7.956249165988097,7.9562491659881855,0.8702147525299556,0.09517973855796391,0.8702147525299556,True,True
CCGCGAGGAGGCAG,single,4.0,8,1,23,confirmation,True,0.9999999999999998,7.956249165988097,7.9562491659881855,0.8702147525299556,0.09517973855796391,0.8702147525299556,True,True
CCGCGAGGAGGCAG,single,4.0,8,2,0,discovery,True,1.0,4.290757282347484,4.290757282347547,0.9386031555135278,0.20531944026858417,0.9386031555135278,True,True
CCGCGAGGAGGCAG,single,4.0,8,2,1,discovery,True,1.0,4.290757282347484,4.290757282347547,0.9386031555135278,0.20531944026858417,0.9386031555135278,True,True
CCGCGAGGAGGCAG,single,4.0,8,2,2,discovery,True,1.0,4.290757282347484,4.290757282347547,0.9386031555135278,0.20531944026858417,0.9386031555135278,True,True
CCGCGAGGAGGCAG,single,4.0,8,2,3,discovery,True,1.0,4.290757282347484,4.290757282347547,0.9386031555135278,0.20531944026858417,0.9386031555135278,True,True
CCGCGAGGAGGCAG,single,4.0,8,2,4,discovery,True,1.0,4.290757282347484,4.290757282347547,0.9386031555135278,0.20531944026858417,0.9386031555135278,True,True
CCGCGAGGAGGCAG,single,4.0,8,2,5,discovery,True,1.0,4.290757282347484,4.290757282347547,0.9386031555135278,0.20531944026858417,0.9386031555135278,True,True
CCGCGAGGAGGCAG,single,4.0,8,2,6,discovery,True,1.0,4.290757282347484,4.290757282347547,0.9386031555135278,0.20531944026858417,0.9386031555135278,True,True
CCGCGAGGAGGCAG,single,4.0,8,2,7,discovery,True,1.0,4.290757282347484,4.290757282347547,0.9386031555135278,0.20531944026858417,0.9386031555135278,True,True
CCGCGAGGAGGCAG,single,4.0,8,2,8,discovery,True,1.0,4.290757282347484,4.290757282347547,0.9386031555135278,0.20531944026858417,0.9386031555135278,True,True
CCGCGAGGAGGCAG,single,4.0,8,2,9,discovery,True,1.0,4.290757282347484,4.290757282347547,0.9386031555135278,0.20531944026858417,0.9386031555135278,True,True
CCGCGAGGAGGCAG,single,4.0,8,2,10,discovery,True,1.0,4.290757282347484,4.290757282347547,0.9386031555135278,0.20531944026858417,0.9386031555135278,True,True
CCGCGAGGAGGCAG,single,4.0,8,2,11,discovery,True,1.0,4.290757282347484,4.290757282347547,0.9386031555135278,0.20531944026858417,0.9386031555135278,True,True
CCGCGAGGAGGCAG,single,4.0,8,2,12,confirmation,True,1.0,4.290757282347484,4.290757282347547,0.9386031555135278,0.20531944026858417,0.9386031555135278,True,True
CCGCGAGGAGGCAG,single,4.0,8,2,13,confirmation,True,1.0,4.290757282347484,4.290757282347547,0.9386031555135278,0.20531944026858417,0.9386031555135278,True,True
CCGCGAGGAGGCAG,single,4.0,8,2,14,confirmation,True,1.0,4.290757282347484,4.290757282347547,0.9386031555135278,0.20531944026858417,0.9386031555135278,True,True
CCGCGAGGAGGCAG,single,4.0,8,2,15,confirmation,True,1.0,4.290757282347484,4.290757282347547,0.9386031555135278,0.20531944026858417,0.9386031555135278,True,True
CCGCGAGGAGGCAG,single,4.0,8,2,16,confirmation,True,1.0,4.290757282347484,4.290757282347547,0.9386031555135278,0.20531944026858417,0.9386031555135278,True,True
CCGCGAGGAGGCAG,single,4.0,8,2,17,confirmation,True,1.0,4.290757282347484,4.290757282347547,0.9386031555135278,0.20531944026858417,0.9386031555135278,True,True
CCGCGAGGAGGCAG,single,4.0,8,2,18,confirmation,True,1.0,4.290757282347484,4.290757282347547,0.9386031555135278,0.20531944026858417,0.9386031555135278,True,True
CCGCGAGGAGGCAG,single,4.0,8,2,19,confirmation,True,1.0,4.290757282347484,4.290757282347547,0.9386031555135278,0.20531944026858417,0.9386031555135278,True,True
CCGCGAGGAGGCAG,single,4.0,8,2,20,confirmation,True,1.0,4.290757282347484,4.290757282347547,0.9386031555135278,0.20531944026858417,0.9386031555135278,True,True
CCGCGAGGAGGCAG,single,4.0,8,2,21,confirmation,True,1.0,4.290757282347484,4.290757282347547,0.9386031555135278,0.20531944026858417,0.9386031555135278,True,True
CCGCGAGGAGGCAG,single,4.0,8,2,22,confirmation,True,1.0,4.290757282347484,4.290757282347547,0.9386031555135278,0.20531944026858417,0.9386031555135278,True,True
CCGCGAGGAGGCAG,single,4.0,8,2,23,confirmation,True,1.0,4.290757282347484,4.290757282347547,0.9386031555135278,0.20531944026858417,0.9386031555135278,True,True
CCGCGAGGAGGCAG,single,4.0,48,1,0,discovery,True,0.9999999999999998,7.956249165988097,7.9562491659881855,0.8702147525299556,0.09517973855796391,0.8702147525299556,True,True
CCGCGAGGAGGCAG,single,4.0,48,1,1,discovery,True,0.9999999999999998,7.956249165988097,7.9562491659881855,0.8702147525299556,0.09517973855796391,0.8702147525299556,True,True
CCGCGAGGAGGCAG,single,4.0,48,1,2,discovery,True,0.9999999999999998,7.956249165988097,7.9562491659881855,0.8702147525299556,0.09517973855796391,0.8702147525299556,True,True
CCGCGAGGAGGCAG,single,4.0,48,1,3,discovery,True,0.9999999999999998,7.956249165988097,7.9562491659881855,0.8702147525299556,0.09517973855796391,0.8702147525299556,True,True
CCGCGAGGAGGCAG,single,4.0,48,1,4,discovery,True,0.9999999999999998,7.956249165988097,7.9562491659881855,0.8702147525299556,0.09517973855796391,0.8702147525299556,True,True
CCGCGAGGAGGCAG,single,4.0,48,1,5,discovery,True,0.9999999999999998,7.956249165988097,7.9562491659881855,0.8702147525299556,0.09517973855796391,0.8702147525299556,True,True
CCGCGAGGAGGCAG,single,4.0,48,1,6,discovery,True,0.9999999999999998,7.956249165988097,7.9562491659881855,0.8702147525299556,0.09517973855796391,0.8702147525299556,True,True
CCGCGAGGAGGCAG,single,4.0,48,1,7,discovery,True,0.9999999999999998,7.956249165988097,7.9562491659881855,0.8702147525299556,0.09517973855796391,0.8702147525299556,True,True
CCGCGAGGAGGCAG,single,4.0,48,1,8,discovery,True,0.9999999999999998,7.956249165988097,7.9562491659881855,0.8702147525299556,0.09517973855796391,0.8702147525299556,True,True
CCGCGAGGAGGCAG,single,4.0,48,1,9,discovery,True,0.9999999999999998,7.956249165988097,7.9562491659881855,0.8702147525299556,0.09517973855796391,0.8702147525299556,True,True
CCGCGAGGAGGCAG,single,4.0,48,1,10,discovery,True,0.9999999999999998,7.956249165988097,7.9562491659881855,0.8702147525299556,0.09517973855796391,0.8702147525299556,True,True
CCGCGAGGAGGCAG,single,4.0,48,1,11,discovery,True,0.9999999999999998,7.956249165988097,7.9562491659881855,0.8702147525299556,0.09517973855796391,0.8702147525299556,True,True
CCGCGAGGAGGCAG,single,4.0,48,1,12,confirmation,True,0.9999999999999998,7.956249165988097,7.9562491659881855,0.8702147525299556,0.09517973855796391,0.8702147525299556,True,True
CCGCGAGGAGGCAG,single,4.0,48,1,13,confirmation,True,0.9999999999999998,7.956249165988097,7.9562491659881855,0.8702147525299556,0.09517973855796391,0.8702147525299556,True,True
CCGCGAGGAGGCAG,single,4.0,48,1,14,confirmation,True,0.9999999999999998,7.956249165988097,7.9562491659881855,0.8702147525299556,0.09517973855796391,0.8702147525299556,True,True
CCGCGAGGAGGCAG,single,4.0,48,1,15,confirmation,True,0.9999999999999998,7.956249165988097,7.9562491659881855,0.8702147525299556,0.09517973855796391,0.8702147525299556,True,True
CCGCGAGGAGGCAG,single,4.0,48,1,16,confirmation,True,0.9999999999999998,7.956249165988097,7.9562491659881855,0.8702147525299556,0.09517973855796391,0.8702147525299556,True,True
CCGCGAGGAGGCAG,single,4.0,48,1,17,confirmation,True,0.9999999999999998,7.956249165988097,7.9562491659881855,0.8702147525299556,0.09517973855796391,0.8702147525299556,True,True
CCGCGAGGAGGCAG,single,4.0,48,1,18,confirmation,True,0.9999999999999998,7.956249165988097,7.9562491659881855,0.8702147525299556,0.09517973855796391,0.8702147525299556,True,True
CCGCGAGGAGGCAG,single,4.0,48,1,19,confirmation,True,0.9999999999999998,7.956249165988097,7.9562491659881855,0.8702147525299556,0.09517973855796391,0.8702147525299556,True,True
CCGCGAGGAGGCAG,single,4.0,48,1,20,confirmation,True,0.9999999999999998,7.956249165988097,7.9562491659881855,0.8702147525299556,0.09517973855796391,0.8702147525299556,True,True
CCGCGAGGAGGCAG,single,4.0,48,1,21,confirmation,True,0.9999999999999998,7.956249165988097,7.9562491659881855,0.8702147525299556,0.09517973855796391,0.8702147525299556,True,True
CCGCGAGGAGGCAG,single,4.0,48,1,22,confirmation,True,0.9999999999999998,7.956249165988097,7.9562491659881855,0.8702147525299556,0.09517973855796391,0.8702147525299556,True,True
CCGCGAGGAGGCAG,single,4.0,48,1,23,confirmation,True,0.9999999999999998,7.956249165988097,7.9562491659881855,0.8702147525299556,0.09517973855796391,0.8702147525299556,True,True
CCGCGAGGAGGCAG,single,4.0,48,2,0,discovery,True,1.0,4.290757282347484,4.290757282347547,0.9386031555135278,0.20531944026858417,0.9386031555135278,True,True
CCGCGAGGAGGCAG,single,4.0,48,2,1,discovery,True,1.0,4.290757282347484,4.290757282347547,0.9386031555135278,0.20531944026858417,0.9386031555135278,True,True
CCGCGAGGAGGCAG,single,4.0,48,2,2,discovery,True,1.0,4.290757282347484,4.290757282347547,0.9386031555135278,0.20531944026858417,0.9386031555135278,True,True
CCGCGAGGAGGCAG,single,4.0,48,2,3,discovery,True,1.0,4.290757282347484,4.290757282347547,0.9386031555135278,0.20531944026858417,0.9386031555135278,True,True
CCGCGAGGAGGCAG,single,4.0,48,2,4,discovery,True,1.0,4.290757282347484,4.290757282347547,0.9386031555135278,0.20531944026858417,0.9386031555135278,True,True
CCGCGAGGAGGCAG,single,4.0,48,2,5,discovery,True,1.0,4.290757282347484,4.290757282347547,0.9386031555135278,0.20531944026858417,0.9386031555135278,True,True
CCGCGAGGAGGCAG,single,4.0,48,2,6,discovery,True,1.0,4.290757282347484,4.290757282347547,0.9386031555135278,0.20531944026858417,0.9386031555135278,True,True
CCGCGAGGAGGCAG,single,4.0,48,2,7,discovery,True,1.0,4.290757282347484,4.290757282347547,0.9386031555135278,0.20531944026858417,0.9386031555135278,True,True
CCGCGAGGAGGCAG,single,4.0,48,2,8,discovery,True,1.0,4.290757282347484,4.290757282347547,0.9386031555135278,0.20531944026858417,0.9386031555135278,True,True
CCGCGAGGAGGCAG,single,4.0,48,2,9,discovery,True,1.0,4.290757282347484,4.290757282347547,0.9386031555135278,0.20531944026858417,0.9386031555135278,True,True
CCGCGAGGAGGCAG,single,4.0,48,2,10,discovery,True,1.0,4.290757282347484,4.290757282347547,0.9386031555135278,0.20531944026858417,0.9386031555135278,True,True
CCGCGAGGAGGCAG,single,4.0,48,2,11,discovery,True,1.0,4.290757282347484,4.290757282347547,0.9386031555135278,0.20531944026858417,0.9386031555135278,True,True
CCGCGAGGAGGCAG,single,4.0,48,2,12,confirmation,True,1.0,4.290757282347484,4.290757282347547,0.9386031555135278,0.20531944026858417,0.9386031555135278,True,True
CCGCGAGGAGGCAG,single,4.0,48,2,13,confirmation,True,1.0,4.290757282347484,4.290757282347547,0.9386031555135278,0.20531944026858417,0.9386031555135278,True,True
CCGCGAGGAGGCAG,single,4.0,48,2,14,confirmation,True,1.0,4.290757282347484,4.290757282347547,0.9386031555135278,0.20531944026858417,0.9386031555135278,True,True
CCGCGAGGAGGCAG,single,4.0,48,2,15,confirmation,True,1.0,4.290757282347484,4.290757282347547,0.9386031555135278,0.20531944026858417,0.9386031555135278,True,True
CCGCGAGGAGGCAG,single,4.0,48,2,16,confirmation,True,1.0,4.290757282347484,4.290757282347547,0.9386031555135278,0.20531944026858417,0.9386031555135278,True,True
CCGCGAGGAGGCAG,single,4.0,48,2,17,confirmation,True,1.0,4.290757282347484,4.290757282347547,0.9386031555135278,0.20531944026858417,0.9386031555135278,True,True
CCGCGAGGAGGCAG,single,4.0,48,2,18,confirmation,True,1.0,4.290757282347484,4.290757282347547,0.9386031555135278,0.20531944026858417,0.9386031555135278,True,True
CCGCGAGGAGGCAG,single,4.0,48,2,19,confirmation,True,1.0,4.290757282347484,4.290757282347547,0.9386031555135278,0.20531944026858417,0.9386031555135278,True,True
CCGCGAGGAGGCAG,single,4.0,48,2,20,confirmation,True,1.0,4.290757282347484,4.290757282347547,0.9386031555135278,0.20531944026858417,0.9386031555135278,True,True
CCGCGAGGAGGCAG,single,4.0,48,2,21,confirmation,True,1.0,4.290757282347484,4.290757282347547,0.9386031555135278,0.20531944026858417,0.9386031555135278,True,True
CCGCGAGGAGGCAG,single,4.0,48,2,22,confirmation,True,1.0,4.290757282347484,4.290757282347547,0.9386031555135278,0.20531944026858417,0.9386031555135278,True,True
CCGCGAGGAGGCAG,single,4.0,48,2,23,confirmation,True,1.0,4.290757282347484,4.290757282347547,0.9386031555135278,0.20531944026858417,0.9386031555135278,True,True
CCGCGAGGAGGCAG,single,4.0,88,1,0,discovery,True,0.9999999999999998,7.956249165988097,7.9562491659881855,0.8702147525299556,0.09517973855796391,0.8702147525299556,True,True
CCGCGAGGAGGCAG,single,4.0,88,1,1,discovery,True,0.9999999999999998,7.956249165988097,7.9562491659881855,0.8702147525299556,0.09517973855796391,0.8702147525299556,True,True
CCGCGAGGAGGCAG,single,4.0,88,1,2,discovery,True,0.9999999999999998,7.956249165988097,7.9562491659881855,0.8702147525299556,0.09517973855796391,0.8702147525299556,True,True
CCGCGAGGAGGCAG,single,4.0,88,1,3,discovery,True,0.9999999999999998,7.956249165988097,7.9562491659881855,0.8702147525299556,0.09517973855796391,0.8702147525299556,True,True
CCGCGAGGAGGCAG,single,4.0,88,1,4,discovery,True,0.9999999999999998,7.956249165988097,7.9562491659881855,0.8702147525299556,0.09517973855796391,0.8702147525299556,True,True
CCGCGAGGAGGCAG,single,4.0,88,1,5,discovery,True,0.9999999999999998,7.956249165988097,7.9562491659881855,0.8702147525299556,0.09517973855796391,0.8702147525299556,True,True
CCGCGAGGAGGCAG,single,4.0,88,1,6,discovery,True,0.9999999999999998,7.956249165988097,7.9562491659881855,0.8702147525299556,0.09517973855796391,0.8702147525299556,True,True
CCGCGAGGAGGCAG,single,4.0,88,1,7,discovery,True,0.9999999999999998,7.956249165988097,7.9562491659881855,0.8702147525299556,0.09517973855796391,0.8702147525299556,True,True
CCGCGAGGAGGCAG,single,4.0,88,1,8,discovery,True,0.9999999999999998,7.956249165988097,7.9562491659881855,0.8702147525299556,0.09517973855796391,0.8702147525299556,True,True
CCGCGAGGAGGCAG,single,4.0,88,1,9,discovery,True,0.9999999999999998,7.956249165988097,7.9562491659881855,0.8702147525299556,0.09517973855796391,0.8702147525299556,True,True
CCGCGAGGAGGCAG,single,4.0,88,1,10,discovery,True,0.9999999999999998,7.956249165988097,7.9562491659881855,0.8702147525299556,0.09517973855796391,0.8702147525299556,True,True
CCGCGAGGAGGCAG,single,4.0,88,1,11,discovery,True,0.9999999999999998,7.956249165988097,7.9562491659881855,0.8702147525299556,0.09517973855796391,0.8702147525299556,True,True
CCGCGAGGAGGCAG,single,4.0,88,1,12,confirmation,True,0.9999999999999998,7.956249165988097,7.9562491659881855,0.8702147525299556,0.09517973855796391,0.8702147525299556,True,True
CCGCGAGGAGGCAG,single,4.0,88,1,13,confirmation,True,0.9999999999999998,7.956249165988097,7.9562491659881855,0.8702147525299556,0.09517973855796391,0.8702147525299556,True,True
CCGCGAGGAGGCAG,single,4.0,88,1,14,confirmation,True,0.9999999999999998,7.956249165988097,7.9562491659881855,0.8702147525299556,0.09517973855796391,0.8702147525299556,True,True
CCGCGAGGAGGCAG,single,4.0,88,1,15,confirmation,True,0.9999999999999998,7.956249165988097,7.9562491659881855,0.8702147525299556,0.09517973855796391,0.8702147525299556,True,True
CCGCGAGGAGGCAG,single,4.0,88,1,16,confirmation,True,0.9999999999999998,7.956249165988097,7.9562491659881855,0.8702147525299556,0.09517973855796391,0.8702147525299556,True,True
CCGCGAGGAGGCAG,single,4.0,88,1,17,confirmation,True,0.9999999999999998,7.956249165988097,7.9562491659881855,0.8702147525299556,0.09517973855796391,0.8702147525299556,True,True
CCGCGAGGAGGCAG,single,4.0,88,1,18,confirmation,True,0.9999999999999998,7.956249165988097,7.9562491659881855,0.8702147525299556,0.09517973855796391,0.8702147525299556,True,True
CCGCGAGGAGGCAG,single,4.0,88,1,19,confirmation,True,0.9999999999999998,7.956249165988097,7.9562491659881855,0.8702147525299556,0.09517973855796391,0.8702147525299556,True,True
CCGCGAGGAGGCAG,single,4.0,88,1,20,confirmation,True,0.9999999999999998,7.956249165988097,7.9562491659881855,0.8702147525299556,0.09517973855796391,0.8702147525299556,True,True
CCGCGAGGAGGCAG,single,4.0,88,1,21,confirmation,True,0.9999999999999998,7.956249165988097,7.9562491659881855,0.8702147525299556,0.09517973855796391,0.8702147525299556,True,True
CCGCGAGGAGGCAG,single,4.0,88,1,22,confirmation,True,0.9999999999999998,7.956249165988097,7.9562491659881855,0.8702147525299556,0.09517973855796391,0.8702147525299556,True,True
CCGCGAGGAGGCAG,single,4.0,88,1,23,confirmation,True,0.9999999999999998,7.956249165988097,7.9562491659881855,0.8702147525299556,0.09517973855796391,0.8702147525299556,True,True
CCGCGAGGAGGCAG,single,4.0,88,2,0,discovery,True,1.0,4.290757282347499,4.290757282347547,0.9386031555135279,0.20531944026858423,0.9386031555135279,True,True
CCGCGAGGAGGCAG,single,4.0,88,2,1,discovery,True,1.0,4.290757282347499,4.290757282347547,0.9386031555135279,0.20531944026858423,0.9386031555135279,True,True
CCGCGAGGAGGCAG,single,4.0,88,2,2,discovery,True,1.0,4.290757282347499,4.290757282347547,0.9386031555135279,0.20531944026858423,0.9386031555135279,True,True
CCGCGAGGAGGCAG,single,4.0,88,2,3,discovery,True,1.0,4.290757282347499,4.290757282347547,0.9386031555135279,0.20531944026858423,0.9386031555135279,True,True
CCGCGAGGAGGCAG,single,4.0,88,2,4,discovery,True,1.0,4.290757282347499,4.290757282347547,0.9386031555135279,0.20531944026858423,0.9386031555135279,True,True
CCGCGAGGAGGCAG,single,4.0,88,2,5,discovery,True,1.0,4.290757282347499,4.290757282347547,0.9386031555135279,0.20531944026858423,0.9386031555135279,True,True
CCGCGAGGAGGCAG,single,4.0,88,2,6,discovery,True,1.0,4.290757282347499,4.290757282347547,0.9386031555135279,0.20531944026858423,0.9386031555135279,True,True
CCGCGAGGAGGCAG,single,4.0,88,2,7,discovery,True,1.0,4.290757282347499,4.290757282347547,0.9386031555135279,0.20531944026858423,0.9386031555135279,True,True
CCGCGAGGAGGCAG,single,4.0,88,2,8,discovery,True,1.0,4.290757282347499,4.290757282347547,0.9386031555135279,0.20531944026858423,0.9386031555135279,True,True
CCGCGAGGAGGCAG,single,4.0,88,2,9,discovery,True,1.0,4.290757282347499,4.290757282347547,0.9386031555135279,0.20531944026858423,0.9386031555135279,True,True
CCGCGAGGAGGCAG,single,4.0,88,2,10,discovery,True,1.0,4.290757282347499,4.290757282347547,0.9386031555135279,0.20531944026858423,0.9386031555135279,True,True
CCGCGAGGAGGCAG,single,4.0,88,2,11,discovery,True,1.0,4.290757282347499,4.290757282347547,0.9386031555135279,0.20531944026858423,0.9386031555135279,True,True
CCGCGAGGAGGCAG,single,4.0,88,2,12,confirmation,True,1.0,4.290757282347499,4.290757282347547,0.9386031555135279,0.20531944026858423,0.9386031555135279,True,True
CCGCGAGGAGGCAG,single,4.0,88,2,13,confirmation,True,1.0,4.290757282347499,4.290757282347547,0.9386031555135279,0.20531944026858423,0.9386031555135279,True,True
CCGCGAGGAGGCAG,single,4.0,88,2,14,confirmation,True,1.0,4.290757282347499,4.290757282347547,0.9386031555135279,0.20531944026858423,0.9386031555135279,True,True
CCGCGAGGAGGCAG,single,4.0,88,2,15,confirmation,True,1.0,4.290757282347499,4.290757282347547,0.9386031555135279,0.20531944026858423,0.9386031555135279,True,True
CCGCGAGGAGGCAG,single,4.0,88,2,16,confirmation,True,1.0,4.290757282347499,4.290757282347547,0.9386031555135279,0.20531944026858423,0.9386031555135279,True,True
CCGCGAGGAGGCAG,single,4.0,88,2,17,confirmation,True,1.0,4.290757282347499,4.290757282347547,0.9386031555135279,0.20531944026858423,0.9386031555135279,True,True
CCGCGAGGAGGCAG,single,4.0,88,2,18,confirmation,True,1.0,4.290757282347499,4.290757282347547,0.9386031555135279,0.20531944026858423,0.9386031555135279,True,True
CCGCGAGGAGGCAG,single,4.0,88,2,19,confirmation,True,1.0,4.290757282347499,4.290757282347547,0.9386031555135279,0.20531944026858423,0.9386031555135279,True,True
CCGCGAGGAGGCAG,single,4.0,88,2,20,confirmation,True,1.0,4.290757282347499,4.290757282347547,0.9386031555135279,0.20531944026858423,0.9386031555135279,True,True
CCGCGAGGAGGCAG,single,4.0,88,2,21,confirmation,True,1.0,4.290757282347499,4.290757282347547,0.9386031555135279,0.20531944026858423,0.9386031555135279,True,True
CCGCGAGGAGGCAG,single,4.0,88,2,22,confirmation,True,1.0,4.290757282347499,4.290757282347547,0.9386031555135279,0.20531944026858423,0.9386031555135279,True,True
CCGCGAGGAGGCAG,single,4.0,88,2,23,confirmation,True,1.0,4.290757282347499,4.290757282347547,0.9386031555135279,0.20531944026858423,0.9386031555135279,True,True
CCGCGAGGAGGCAG,query_specific,0.25,8,1,0,discovery,True,0.9999999999999998,1.0019167079977294,0.9999999999999979,0.13620891196821402,0.0,0.13620891196821402,True,False
CCGCGAGGAGGCAG,query_specific,0.25,8,1,1,discovery,True,0.9999999999999998,1.0019167079977294,0.9999999999999979,0.13620891196821402,0.0,0.13620891196821402,True,False
CCGCGAGGAGGCAG,query_specific,0.25,8,1,2,discovery,True,0.9999999999999998,1.0019167079977294,0.9999999999999979,0.13620891196821402,0.0,0.13620891196821402,True,False
CCGCGAGGAGGCAG,query_specific,0.25,8,1,3,discovery,True,0.9999999999999998,1.0019167079977294,0.9999999999999979,0.13620891196821402,0.0,0.13620891196821402,True,False
CCGCGAGGAGGCAG,query_specific,0.25,8,1,4,discovery,True,0.9999999999999998,1.0019167079977294,0.9999999999999979,0.13620891196821402,0.0,0.13620891196821402,True,False
CCGCGAGGAGGCAG,query_specific,0.25,8,1,5,discovery,True,0.9999999999999998,1.0019167079977294,0.9999999999999979,0.13620891196821402,0.0,0.13620891196821402,True,False
CCGCGAGGAGGCAG,query_specific,0.25,8,1,6,discovery,True,0.9999999999999998,1.0019167079977294,0.9999999999999979,0.13620891196821402,0.0,0.13620891196821402,True,False
CCGCGAGGAGGCAG,query_specific,0.25,8,1,7,discovery,True,0.9999999999999998,1.0019167079977294,0.9999999999999979,0.13620891196821402,0.0,0.13620891196821402,True,False
CCGCGAGGAGGCAG,query_specific,0.25,8,1,8,discovery,True,0.9999999999999998,1.0019167079977294,0.9999999999999979,0.13620891196821402,0.0,0.13620891196821402,True,False
CCGCGAGGAGGCAG,query_specific,0.25,8,1,9,discovery,True,0.9999999999999998,1.0019167079977294,0.9999999999999979,0.13620891196821402,0.0,0.13620891196821402,True,False
CCGCGAGGAGGCAG,query_specific,0.25,8,1,10,discovery,True,0.9999999999999998,1.0019167079977294,0.9999999999999979,0.13620891196821402,0.0,0.13620891196821402,True,False
CCGCGAGGAGGCAG,query_specific,0.25,8,1,11,discovery,True,0.9999999999999998,1.0019167079977294,0.9999999999999979,0.13620891196821402,0.0,0.13620891196821402,True,False
CCGCGAGGAGGCAG,query_specific,0.25,8,1,12,confirmation,True,0.9999999999999998,1.0019167079977294,0.9999999999999979,0.13620891196821402,0.0,0.13620891196821402,True,False
CCGCGAGGAGGCAG,query_specific,0.25,8,1,13,confirmation,True,0.9999999999999998,1.0019167079977294,0.9999999999999979,0.13620891196821402,0.0,0.13620891196821402,True,False
CCGCGAGGAGGCAG,query_specific,0.25,8,1,14,confirmation,True,0.9999999999999998,1.0019167079977294,0.9999999999999979,0.13620891196821402,0.0,0.13620891196821402,True,False
CCGCGAGGAGGCAG,query_specific,0.25,8,1,15,confirmation,True,0.9999999999999998,1.0019167079977294,0.9999999999999979,0.13620891196821402,0.0,0.13620891196821402,True,False
CCGCGAGGAGGCAG,query_specific,0.25,8,1,16,confirmation,True,0.9999999999999998,1.0019167079977294,0.9999999999999979,0.13620891196821402,0.0,0.13620891196821402,True,False
CCGCGAGGAGGCAG,query_specific,0.25,8,1,17,confirmation,True,0.9999999999999998,1.0019167079977294,0.9999999999999979,0.13620891196821402,0.0,0.13620891196821402,True,False
CCGCGAGGAGGCAG,query_specific,0.25,8,1,18,confirmation,True,0.9999999999999998,1.0019167079977294,0.9999999999999979,0.13620891196821402,0.0,0.13620891196821402,True,False
CCGCGAGGAGGCAG,query_specific,0.25,8,1,19,confirmation,True,0.9999999999999998,1.0019167079977294,0.9999999999999979,0.13620891196821402,0.0,0.13620891196821402,True,False
CCGCGAGGAGGCAG,query_specific,0.25,8,1,20,confirmation,True,0.9999999999999998,1.0019167079977294,0.9999999999999979,0.13620891196821402,0.0,0.13620891196821402,True,False
CCGCGAGGAGGCAG,query_specific,0.25,8,1,21,confirmation,True,0.9999999999999998,1.0019167079977294,0.9999999999999979,0.13620891196821402,0.0,0.13620891196821402,True,False
CCGCGAGGAGGCAG,query_specific,0.25,8,1,22,confirmation,True,0.9999999999999998,1.0019167079977294,0.9999999999999979,0.13620891196821402,0.0,0.13620891196821402,True,False
CCGCGAGGAGGCAG,query_specific,0.25,8,1,23,confirmation,True,0.9999999999999998,1.0019167079977294,0.9999999999999979,0.13620891196821402,0.0,0.13620891196821402,True,False
CCGCGAGGAGGCAG,query_specific,0.25,8,2,0,discovery,True,1.0,1.0016321473405432,0.9999999999999979,0.2644501255351989,0.0,0.2644501255351989,True,False
CCGCGAGGAGGCAG,query_specific,0.25,8,2,1,discovery,True,1.0,1.0016321473405432,0.9999999999999979,0.2644501255351989,0.0,0.2644501255351989,True,False
CCGCGAGGAGGCAG,query_specific,0.25,8,2,2,discovery,True,1.0,1.0016321473405432,0.9999999999999979,0.2644501255351989,0.0,0.2644501255351989,True,False
CCGCGAGGAGGCAG,query_specific,0.25,8,2,3,discovery,True,1.0,1.0016321473405432,0.9999999999999979,0.2644501255351989,0.0,0.2644501255351989,True,False
CCGCGAGGAGGCAG,query_specific,0.25,8,2,4,discovery,True,1.0,1.0016321473405432,0.9999999999999979,0.2644501255351989,0.0,0.2644501255351989,True,False
CCGCGAGGAGGCAG,query_specific,0.25,8,2,5,discovery,True,1.0,1.0016321473405432,0.9999999999999979,0.2644501255351989,0.0,0.2644501255351989,True,False
CCGCGAGGAGGCAG,query_specific,0.25,8,2,6,discovery,True,1.0,1.0016321473405432,0.9999999999999979,0.2644501255351989,0.0,0.2644501255351989,True,False
CCGCGAGGAGGCAG,query_specific,0.25,8,2,7,discovery,True,1.0,1.0016321473405432,0.9999999999999979,0.2644501255351989,0.0,0.2644501255351989,True,False
CCGCGAGGAGGCAG,query_specific,0.25,8,2,8,discovery,True,1.0,1.0016321473405432,0.9999999999999979,0.2644501255351989,0.0,0.2644501255351989,True,False
CCGCGAGGAGGCAG,query_specific,0.25,8,2,9,discovery,True,1.0,1.0016321473405432,0.9999999999999979,0.2644501255351989,0.0,0.2644501255351989,True,False
CCGCGAGGAGGCAG,query_specific,0.25,8,2,10,discovery,True,1.0,1.0016321473405432,0.9999999999999979,0.2644501255351989,0.0,0.2644501255351989,True,False
CCGCGAGGAGGCAG,query_specific,0.25,8,2,11,discovery,True,1.0,1.0016321473405432,0.9999999999999979,0.2644501255351989,0.0,0.2644501255351989,True,False
CCGCGAGGAGGCAG,query_specific,0.25,8,2,12,confirmation,True,1.0,1.0016321473405432,0.9999999999999979,0.2644501255351989,0.0,0.2644501255351989,True,False
CCGCGAGGAGGCAG,query_specific,0.25,8,2,13,confirmation,True,1.0,1.0016321473405432,0.9999999999999979,0.2644501255351989,0.0,0.2644501255351989,True,False
CCGCGAGGAGGCAG,query_specific,0.25,8,2,14,confirmation,True,1.0,1.0016321473405432,0.9999999999999979,0.2644501255351989,0.0,0.2644501255351989,True,False
CCGCGAGGAGGCAG,query_specific,0.25,8,2,15,confirmation,True,1.0,1.0016321473405432,0.9999999999999979,0.2644501255351989,0.0,0.2644501255351989,True,False
CCGCGAGGAGGCAG,query_specific,0.25,8,2,16,confirmation,True,1.0,1.0016321473405432,0.9999999999999979,0.2644501255351989,0.0,0.2644501255351989,True,False
CCGCGAGGAGGCAG,query_specific,0.25,8,2,17,confirmation,True,1.0,1.0016321473405432,0.9999999999999979,0.2644501255351989,0.0,0.2644501255351989,True,False
CCGCGAGGAGGCAG,query_specific,0.25,8,2,18,confirmation,True,1.0,1.0016321473405432,0.9999999999999979,0.2644501255351989,0.0,0.2644501255351989,True,False
CCGCGAGGAGGCAG,query_specific,0.25,8,2,19,confirmation,True,1.0,1.0016321473405432,0.9999999999999979,0.2644501255351989,0.0,0.2644501255351989,True,False
CCGCGAGGAGGCAG,query_specific,0.25,8,2,20,confirmation,True,1.0,1.0016321473405432,0.9999999999999979,0.2644501255351989,0.0,0.2644501255351989,True,False
CCGCGAGGAGGCAG,query_specific,0.25,8,2,21,confirmation,True,1.0,1.0016321473405432,0.9999999999999979,0.2644501255351989,0.0,0.2644501255351989,True,False
CCGCGAGGAGGCAG,query_specific,0.25,8,2,22,confirmation,True,1.0,1.0016321473405432,0.9999999999999979,0.2644501255351989,0.0,0.2644501255351989,True,False
CCGCGAGGAGGCAG,query_specific,0.25,8,2,23,confirmation,True,1.0,1.0016321473405432,0.9999999999999979,0.2644501255351989,0.0,0.2644501255351989,True,False
CCGCGAGGAGGCAG,query_specific,0.25,48,1,0,discovery,True,0.9999999999999998,1.0019167079977294,0.9999999999999979,0.13620891196821402,0.0,0.13620891196821402,True,False
CCGCGAGGAGGCAG,query_specific,0.25,48,1,1,discovery,True,0.9999999999999998,1.0019167079977294,0.9999999999999979,0.13620891196821402,0.0,0.13620891196821402,True,False
CCGCGAGGAGGCAG,query_specific,0.25,48,1,2,discovery,True,0.9999999999999998,1.0019167079977294,0.9999999999999979,0.13620891196821402,0.0,0.13620891196821402,True,False
CCGCGAGGAGGCAG,query_specific,0.25,48,1,3,discovery,True,0.9999999999999998,1.0019167079977294,0.9999999999999979,0.13620891196821402,0.0,0.13620891196821402,True,False
CCGCGAGGAGGCAG,query_specific,0.25,48,1,4,discovery,True,0.9999999999999998,1.0019167079977294,0.9999999999999979,0.13620891196821402,0.0,0.13620891196821402,True,False
CCGCGAGGAGGCAG,query_specific,0.25,48,1,5,discovery,True,0.9999999999999998,1.0019167079977294,0.9999999999999979,0.13620891196821402,0.0,0.13620891196821402,True,False
CCGCGAGGAGGCAG,query_specific,0.25,48,1,6,discovery,True,0.9999999999999998,1.0019167079977294,0.9999999999999979,0.13620891196821402,0.0,0.13620891196821402,True,False
CCGCGAGGAGGCAG,query_specific,0.25,48,1,7,discovery,True,0.9999999999999998,1.0019167079977294,0.9999999999999979,0.13620891196821402,0.0,0.13620891196821402,True,False
CCGCGAGGAGGCAG,query_specific,0.25,48,1,8,discovery,True,0.9999999999999998,1.0019167079977294,0.9999999999999979,0.13620891196821402,0.0,0.13620891196821402,True,False
CCGCGAGGAGGCAG,query_specific,0.25,48,1,9,discovery,True,0.9999999999999998,1.0019167079977294,0.9999999999999979,0.13620891196821402,0.0,0.13620891196821402,True,False
CCGCGAGGAGGCAG,query_specific,0.25,48,1,10,discovery,True,0.9999999999999998,1.0019167079977294,0.9999999999999979,0.13620891196821402,0.0,0.13620891196821402,True,False
CCGCGAGGAGGCAG,query_specific,0.25,48,1,11,discovery,True,0.9999999999999998,1.0019167079977294,0.9999999999999979,0.13620891196821402,0.0,0.13620891196821402,True,False
CCGCGAGGAGGCAG,query_specific,0.25,48,1,12,confirmation,True,0.9999999999999998,1.0019167079977294,0.9999999999999979,0.13620891196821402,0.0,0.13620891196821402,True,False
CCGCGAGGAGGCAG,query_specific,0.25,48,1,13,confirmation,True,0.9999999999999998,1.0019167079977294,0.9999999999999979,0.13620891196821402,0.0,0.13620891196821402,True,False
CCGCGAGGAGGCAG,query_specific,0.25,48,1,14,confirmation,True,0.9999999999999998,1.0019167079977294,0.9999999999999979,0.13620891196821402,0.0,0.13620891196821402,True,False
CCGCGAGGAGGCAG,query_specific,0.25,48,1,15,confirmation,True,0.9999999999999998,1.0019167079977294,0.9999999999999979,0.13620891196821402,0.0,0.13620891196821402,True,False
CCGCGAGGAGGCAG,query_specific,0.25,48,1,16,confirmation,True,0.9999999999999998,1.0019167079977294,0.9999999999999979,0.13620891196821402,0.0,0.13620891196821402,True,False
CCGCGAGGAGGCAG,query_specific,0.25,48,1,17,confirmation,True,0.9999999999999998,1.0019167079977294,0.9999999999999979,0.13620891196821402,0.0,0.13620891196821402,True,False
CCGCGAGGAGGCAG,query_specific,0.25,48,1,18,confirmation,True,0.9999999999999998,1.0019167079977294,0.9999999999999979,0.13620891196821402,0.0,0.13620891196821402,True,False
CCGCGAGGAGGCAG,query_specific,0.25,48,1,19,confirmation,True,0.9999999999999998,1.0019167079977294,0.9999999999999979,0.13620891196821402,0.0,0.13620891196821402,True,False
CCGCGAGGAGGCAG,query_specific,0.25,48,1,20,confirmation,True,0.9999999999999998,1.0019167079977294,0.9999999999999979,0.13620891196821402,0.0,0.13620891196821402,True,False
CCGCGAGGAGGCAG,query_specific,0.25,48,1,21,confirmation,True,0.9999999999999998,1.0019167079977294,0.9999999999999979,0.13620891196821402,0.0,0.13620891196821402,True,False
CCGCGAGGAGGCAG,query_specific,0.25,48,1,22,confirmation,True,0.9999999999999998,1.0019167079977294,0.9999999999999979,0.13620891196821402,0.0,0.13620891196821402,True,False
CCGCGAGGAGGCAG,query_specific,0.25,48,1,23,confirmation,True,0.9999999999999998,1.0019167079977294,0.9999999999999979,0.13620891196821402,0.0,0.13620891196821402,True,False
CCGCGAGGAGGCAG,query_specific,0.25,48,2,0,discovery,True,1.0,1.0016321473405432,0.9999999999999979,0.2644501255351989,0.0,0.2644501255351989,True,False
CCGCGAGGAGGCAG,query_specific,0.25,48,2,1,discovery,True,1.0,1.0016321473405432,0.9999999999999979,0.2644501255351989,0.0,0.2644501255351989,True,False
CCGCGAGGAGGCAG,query_specific,0.25,48,2,2,discovery,True,1.0,1.0016321473405432,0.9999999999999979,0.2644501255351989,0.0,0.2644501255351989,True,False
CCGCGAGGAGGCAG,query_specific,0.25,48,2,3,discovery,True,1.0,1.0016321473405432,0.9999999999999979,0.2644501255351989,0.0,0.2644501255351989,True,False
CCGCGAGGAGGCAG,query_specific,0.25,48,2,4,discovery,True,1.0,1.0016321473405432,0.9999999999999979,0.2644501255351989,0.0,0.2644501255351989,True,False
CCGCGAGGAGGCAG,query_specific,0.25,48,2,5,discovery,True,1.0,1.0016321473405432,0.9999999999999979,0.2644501255351989,0.0,0.2644501255351989,True,False
CCGCGAGGAGGCAG,query_specific,0.25,48,2,6,discovery,True,1.0,1.0016321473405432,0.9999999999999979,0.2644501255351989,0.0,0.2644501255351989,True,False
CCGCGAGGAGGCAG,query_specific,0.25,48,2,7,discovery,True,1.0,1.0016321473405432,0.9999999999999979,0.2644501255351989,0.0,0.2644501255351989,True,False
CCGCGAGGAGGCAG,query_specific,0.25,48,2,8,discovery,True,1.0,1.0016321473405432,0.9999999999999979,0.2644501255351989,0.0,0.2644501255351989,True,False
CCGCGAGGAGGCAG,query_specific,0.25,48,2,9,discovery,True,1.0,1.0016321473405432,0.9999999999999979,0.2644501255351989,0.0,0.2644501255351989,True,False
CCGCGAGGAGGCAG,query_specific,0.25,48,2,10,discovery,True,1.0,1.0016321473405432,0.9999999999999979,0.2644501255351989,0.0,0.2644501255351989,True,False
CCGCGAGGAGGCAG,query_specific,0.25,48,2,11,discovery,True,1.0,1.0016321473405432,0.9999999999999979,0.2644501255351989,0.0,0.2644501255351989,True,False
CCGCGAGGAGGCAG,query_specific,0.25,48,2,12,confirmation,True,1.0,1.0016321473405432,0.9999999999999979,0.2644501255351989,0.0,0.2644501255351989,True,False
CCGCGAGGAGGCAG,query_specific,0.25,48,2,13,confirmation,True,1.0,1.0016321473405432,0.9999999999999979,0.2644501255351989,0.0,0.2644501255351989,True,False
CCGCGAGGAGGCAG,query_specific,0.25,48,2,14,confirmation,True,1.0,1.0016321473405432,0.9999999999999979,0.2644501255351989,0.0,0.2644501255351989,True,False
CCGCGAGGAGGCAG,query_specific,0.25,48,2,15,confirmation,True,1.0,1.0016321473405432,0.9999999999999979,0.2644501255351989,0.0,0.2644501255351989,True,False
CCGCGAGGAGGCAG,query_specific,0.25,48,2,16,confirmation,True,1.0,1.0016321473405432,0.9999999999999979,0.2644501255351989,0.0,0.2644501255351989,True,False
CCGCGAGGAGGCAG,query_specific,0.25,48,2,17,confirmation,True,1.0,1.0016321473405432,0.9999999999999979,0.2644501255351989,0.0,0.2644501255351989,True,False
CCGCGAGGAGGCAG,query_specific,0.25,48,2,18,confirmation,True,1.0,1.0016321473405432,0.9999999999999979,0.2644501255351989,0.0,0.2644501255351989,True,False
CCGCGAGGAGGCAG,query_specific,0.25,48,2,19,confirmation,True,1.0,1.0016321473405432,0.9999999999999979,0.2644501255351989,0.0,0.2644501255351989,True,False
CCGCGAGGAGGCAG,query_specific,0.25,48,2,20,confirmation,True,1.0,1.0016321473405432,0.9999999999999979,0.2644501255351989,0.0,0.2644501255351989,True,False
CCGCGAGGAGGCAG,query_specific,0.25,48,2,21,confirmation,True,1.0,1.0016321473405432,0.9999999999999979,0.2644501255351989,0.0,0.2644501255351989,True,False
CCGCGAGGAGGCAG,query_specific,0.25,48,2,22,confirmation,True,1.0,1.0016321473405432,0.9999999999999979,0.2644501255351989,0.0,0.2644501255351989,True,False
CCGCGAGGAGGCAG,query_specific,0.25,48,2,23,confirmation,True,1.0,1.0016321473405432,0.9999999999999979,0.2644501255351989,0.0,0.2644501255351989,True,False
CCGCGAGGAGGCAG,query_specific,0.25,88,1,0,discovery,True,0.9999999999999998,1.0019167079977294,0.9999999999999979,0.13620891196821405,0.0,0.13620891196821405,True,False
CCGCGAGGAGGCAG,query_specific,0.25,88,1,1,discovery,True,0.9999999999999998,1.0019167079977294,0.9999999999999979,0.13620891196821405,0.0,0.13620891196821405,True,False
CCGCGAGGAGGCAG,query_specific,0.25,88,1,2,discovery,True,0.9999999999999998,1.0019167079977294,0.9999999999999979,0.13620891196821405,0.0,0.13620891196821405,True,False
CCGCGAGGAGGCAG,query_specific,0.25,88,1,3,discovery,True,0.9999999999999998,1.0019167079977294,0.9999999999999979,0.13620891196821405,0.0,0.13620891196821405,True,False
CCGCGAGGAGGCAG,query_specific,0.25,88,1,4,discovery,True,0.9999999999999998,1.0019167079977294,0.9999999999999979,0.13620891196821405,0.0,0.13620891196821405,True,False
CCGCGAGGAGGCAG,query_specific,0.25,88,1,5,discovery,True,0.9999999999999998,1.0019167079977294,0.9999999999999979,0.13620891196821405,0.0,0.13620891196821405,True,False
CCGCGAGGAGGCAG,query_specific,0.25,88,1,6,discovery,True,0.9999999999999998,1.0019167079977294,0.9999999999999979,0.13620891196821405,0.0,0.13620891196821405,True,False
CCGCGAGGAGGCAG,query_specific,0.25,88,1,7,discovery,True,0.9999999999999998,1.0019167079977294,0.9999999999999979,0.13620891196821405,0.0,0.13620891196821405,True,False
CCGCGAGGAGGCAG,query_specific,0.25,88,1,8,discovery,True,0.9999999999999998,1.0019167079977294,0.9999999999999979,0.13620891196821405,0.0,0.13620891196821405,True,False
CCGCGAGGAGGCAG,query_specific,0.25,88,1,9,discovery,True,0.9999999999999998,1.0019167079977294,0.9999999999999979,0.13620891196821405,0.0,0.13620891196821405,True,False
CCGCGAGGAGGCAG,query_specific,0.25,88,1,10,discovery,True,0.9999999999999998,1.0019167079977294,0.9999999999999979,0.13620891196821405,0.0,0.13620891196821405,True,False
CCGCGAGGAGGCAG,query_specific,0.25,88,1,11,discovery,True,0.9999999999999998,1.0019167079977294,0.9999999999999979,0.13620891196821405,0.0,0.13620891196821405,True,False
CCGCGAGGAGGCAG,query_specific,0.25,88,1,12,confirmation,True,0.9999999999999998,1.0019167079977294,0.9999999999999979,0.13620891196821405,0.0,0.13620891196821405,True,False
CCGCGAGGAGGCAG,query_specific,0.25,88,1,13,confirmation,True,0.9999999999999998,1.0019167079977294,0.9999999999999979,0.13620891196821405,0.0,0.13620891196821405,True,False
CCGCGAGGAGGCAG,query_specific,0.25,88,1,14,confirmation,True,0.9999999999999998,1.0019167079977294,0.9999999999999979,0.13620891196821405,0.0,0.13620891196821405,True,False
CCGCGAGGAGGCAG,query_specific,0.25,88,1,15,confirmation,True,0.9999999999999998,1.0019167079977294,0.9999999999999979,0.13620891196821405,0.0,0.13620891196821405,True,False
CCGCGAGGAGGCAG,query_specific,0.25,88,1,16,confirmation,True,0.9999999999999998,1.0019167079977294,0.9999999999999979,0.13620891196821405,0.0,0.13620891196821405,True,False
CCGCGAGGAGGCAG,query_specific,0.25,88,1,17,confirmation,True,0.9999999999999998,1.0019167079977294,0.9999999999999979,0.13620891196821405,0.0,0.13620891196821405,True,False
CCGCGAGGAGGCAG,query_specific,0.25,88,1,18,confirmation,True,0.9999999999999998,1.0019167079977294,0.9999999999999979,0.13620891196821405,0.0,0.13620891196821405,True,False
CCGCGAGGAGGCAG,query_specific,0.25,88,1,19,confirmation,True,0.9999999999999998,1.0019167079977294,0.9999999999999979,0.13620891196821405,0.0,0.13620891196821405,True,False
CCGCGAGGAGGCAG,query_specific,0.25,88,1,20,confirmation,True,0.9999999999999998,1.0019167079977294,0.9999999999999979,0.13620891196821405,0.0,0.13620891196821405,True,False
CCGCGAGGAGGCAG,query_specific,0.25,88,1,21,confirmation,True,0.9999999999999998,1.0019167079977294,0.9999999999999979,0.13620891196821405,0.0,0.13620891196821405,True,False
CCGCGAGGAGGCAG,query_specific,0.25,88,1,22,confirmation,True,0.9999999999999998,1.0019167079977294,0.9999999999999979,0.13620891196821405,0.0,0.13620891196821405,True,False
CCGCGAGGAGGCAG,query_specific,0.25,88,1,23,confirmation,True,0.9999999999999998,1.0019167079977294,0.9999999999999979,0.13620891196821405,0.0,0.13620891196821405,True,False
CCGCGAGGAGGCAG,query_specific,0.25,88,2,0,discovery,True,1.0,1.0016321473405432,0.9999999999999979,0.26445012553519903,0.26445012553519903,0.26445012553519903,True,False
CCGCGAGGAGGCAG,query_specific,0.25,88,2,1,discovery,True,1.0,1.0016321473405432,0.9999999999999979,0.26445012553519903,0.26445012553519903,0.26445012553519903,True,False
CCGCGAGGAGGCAG,query_specific,0.25,88,2,2,discovery,True,1.0,1.0016321473405432,0.9999999999999979,0.26445012553519903,0.26445012553519903,0.26445012553519903,True,False
CCGCGAGGAGGCAG,query_specific,0.25,88,2,3,discovery,True,1.0,1.0016321473405432,0.9999999999999979,0.26445012553519903,0.26445012553519903,0.26445012553519903,True,False
CCGCGAGGAGGCAG,query_specific,0.25,88,2,4,discovery,True,1.0,1.0016321473405432,0.9999999999999979,0.26445012553519903,0.26445012553519903,0.26445012553519903,True,False
CCGCGAGGAGGCAG,query_specific,0.25,88,2,5,discovery,True,1.0,1.0016321473405432,0.9999999999999979,0.26445012553519903,0.26445012553519903,0.26445012553519903,True,False
CCGCGAGGAGGCAG,query_specific,0.25,88,2,6,discovery,True,1.0,1.0016321473405432,0.9999999999999979,0.26445012553519903,0.26445012553519903,0.26445012553519903,True,False
CCGCGAGGAGGCAG,query_specific,0.25,88,2,7,discovery,True,1.0,1.0016321473405432,0.9999999999999979,0.26445012553519903,0.26445012553519903,0.26445012553519903,True,False
CCGCGAGGAGGCAG,query_specific,0.25,88,2,8,discovery,True,1.0,1.0016321473405432,0.9999999999999979,0.26445012553519903,0.26445012553519903,0.26445012553519903,True,False
CCGCGAGGAGGCAG,query_specific,0.25,88,2,9,discovery,True,1.0,1.0016321473405432,0.9999999999999979,0.26445012553519903,0.26445012553519903,0.26445012553519903,True,False
CCGCGAGGAGGCAG,query_specific,0.25,88,2,10,discovery,True,1.0,1.0016321473405432,0.9999999999999979,0.26445012553519903,0.26445012553519903,0.26445012553519903,True,False
CCGCGAGGAGGCAG,query_specific,0.25,88,2,11,discovery,True,1.0,1.0016321473405432,0.9999999999999979,0.26445012553519903,0.26445012553519903,0.26445012553519903,True,False
CCGCGAGGAGGCAG,query_specific,0.25,88,2,12,confirmation,True,1.0,1.0016321473405432,0.9999999999999979,0.26445012553519903,0.26445012553519903,0.26445012553519903,True,False
CCGCGAGGAGGCAG,query_specific,0.25,88,2,13,confirmation,True,1.0,1.0016321473405432,0.9999999999999979,0.26445012553519903,0.26445012553519903,0.26445012553519903,True,False
CCGCGAGGAGGCAG,query_specific,0.25,88,2,14,confirmation,True,1.0,1.0016321473405432,0.9999999999999979,0.26445012553519903,0.26445012553519903,0.26445012553519903,True,False
CCGCGAGGAGGCAG,query_specific,0.25,88,2,15,confirmation,True,1.0,1.0016321473405432,0.9999999999999979,0.26445012553519903,0.26445012553519903,0.26445012553519903,True,False
CCGCGAGGAGGCAG,query_specific,0.25,88,2,16,confirmation,True,1.0,1.0016321473405432,0.9999999999999979,0.26445012553519903,0.26445012553519903,0.26445012553519903,True,False
CCGCGAGGAGGCAG,query_specific,0.25,88,2,17,confirmation,True,1.0,1.0016321473405432,0.9999999999999979,0.26445012553519903,0.26445012553519903,0.26445012553519903,True,False
CCGCGAGGAGGCAG,query_specific,0.25,88,2,18,confirmation,True,1.0,1.0016321473405432,0.9999999999999979,0.26445012553519903,0.26445012553519903,0.26445012553519903,True,False
CCGCGAGGAGGCAG,query_specific,0.25,88,2,19,confirmation,True,1.0,1.0016321473405432,0.9999999999999979,0.26445012553519903,0.26445012553519903,0.26445012553519903,True,False
CCGCGAGGAGGCAG,query_specific,0.25,88,2,20,confirmation,True,1.0,1.0016321473405432,0.9999999999999979,0.26445012553519903,0.26445012553519903,0.26445012553519903,True,False
CCGCGAGGAGGCAG,query_specific,0.25,88,2,21,confirmation,True,1.0,1.0016321473405432,0.9999999999999979,0.26445012553519903,0.26445012553519903,0.26445012553519903,True,False
CCGCGAGGAGGCAG,query_specific,0.25,88,2,22,confirmation,True,1.0,1.0016321473405432,0.9999999999999979,0.26445012553519903,0.26445012553519903,0.26445012553519903,True,False
CCGCGAGGAGGCAG,query_specific,0.25,88,2,23,confirmation,True,1.0,1.0016321473405432,0.9999999999999979,0.26445012553519903,0.26445012553519903,0.26445012553519903,True,False
CCGCGAGGAGGCAG,query_specific,1.0,8,1,0,discovery,True,0.9999999999999998,1.0100643532710842,0.9999999999999979,0.2502759457951797,0.0,0.2502759457951797,True,False
CCGCGAGGAGGCAG,query_specific,1.0,8,1,1,discovery,True,0.9999999999999998,1.0100643532710842,0.9999999999999979,0.2502759457951797,0.0,0.2502759457951797,True,False
CCGCGAGGAGGCAG,query_specific,1.0,8,1,2,discovery,True,0.9999999999999998,1.0100643532710842,0.9999999999999979,0.2502759457951797,0.0,0.2502759457951797,True,False
CCGCGAGGAGGCAG,query_specific,1.0,8,1,3,discovery,True,0.9999999999999998,1.0100643532710842,0.9999999999999979,0.2502759457951797,0.0,0.2502759457951797,True,False
CCGCGAGGAGGCAG,query_specific,1.0,8,1,4,discovery,True,0.9999999999999998,1.0100643532710842,0.9999999999999979,0.2502759457951797,0.0,0.2502759457951797,True,False
CCGCGAGGAGGCAG,query_specific,1.0,8,1,5,discovery,True,0.9999999999999998,1.0100643532710842,0.9999999999999979,0.2502759457951797,0.0,0.2502759457951797,True,False
CCGCGAGGAGGCAG,query_specific,1.0,8,1,6,discovery,True,0.9999999999999998,1.0100643532710842,0.9999999999999979,0.2502759457951797,0.0,0.2502759457951797,True,False
CCGCGAGGAGGCAG,query_specific,1.0,8,1,7,discovery,True,0.9999999999999998,1.0100643532710842,0.9999999999999979,0.2502759457951797,0.0,0.2502759457951797,True,False
CCGCGAGGAGGCAG,query_specific,1.0,8,1,8,discovery,True,0.9999999999999998,1.0100643532710842,0.9999999999999979,0.2502759457951797,0.0,0.2502759457951797,True,False
CCGCGAGGAGGCAG,query_specific,1.0,8,1,9,discovery,True,0.9999999999999998,1.0100643532710842,0.9999999999999979,0.2502759457951797,0.0,0.2502759457951797,True,False
CCGCGAGGAGGCAG,query_specific,1.0,8,1,10,discovery,True,0.9999999999999998,1.0100643532710842,0.9999999999999979,0.2502759457951797,0.0,0.2502759457951797,True,False
CCGCGAGGAGGCAG,query_specific,1.0,8,1,11,discovery,True,0.9999999999999998,1.0100643532710842,0.9999999999999979,0.2502759457951797,0.0,0.2502759457951797,True,False
CCGCGAGGAGGCAG,query_specific,1.0,8,1,12,confirmation,True,0.9999999999999998,1.0100643532710842,0.9999999999999979,0.2502759457951797,0.0,0.2502759457951797,True,False
CCGCGAGGAGGCAG,query_specific,1.0,8,1,13,confirmation,True,0.9999999999999998,1.0100643532710842,0.9999999999999979,0.2502759457951797,0.0,0.2502759457951797,True,False
CCGCGAGGAGGCAG,query_specific,1.0,8,1,14,confirmation,True,0.9999999999999998,1.0100643532710842,0.9999999999999979,0.2502759457951797,0.0,0.2502759457951797,True,False
CCGCGAGGAGGCAG,query_specific,1.0,8,1,15,confirmation,True,0.9999999999999998,1.0100643532710842,0.9999999999999979,0.2502759457951797,0.0,0.2502759457951797,True,False
CCGCGAGGAGGCAG,query_specific,1.0,8,1,16,confirmation,True,0.9999999999999998,1.0100643532710842,0.9999999999999979,0.2502759457951797,0.0,0.2502759457951797,True,False
CCGCGAGGAGGCAG,query_specific,1.0,8,1,17,confirmation,True,0.9999999999999998,1.0100643532710842,0.9999999999999979,0.2502759457951797,0.0,0.2502759457951797,True,False
CCGCGAGGAGGCAG,query_specific,1.0,8,1,18,confirmation,True,0.9999999999999998,1.0100643532710842,0.9999999999999979,0.2502759457951797,0.0,0.2502759457951797,True,False
CCGCGAGGAGGCAG,query_specific,1.0,8,1,19,confirmation,True,0.9999999999999998,1.0100643532710842,0.9999999999999979,0.2502759457951797,0.0,0.2502759457951797,True,False
CCGCGAGGAGGCAG,query_specific,1.0,8,1,20,confirmation,True,0.9999999999999998,1.0100643532710842,0.9999999999999979,0.2502759457951797,0.0,0.2502759457951797,True,False
CCGCGAGGAGGCAG,query_specific,1.0,8,1,21,confirmation,True,0.9999999999999998,1.0100643532710842,0.9999999999999979,0.2502759457951797,0.0,0.2502759457951797,True,False
CCGCGAGGAGGCAG,query_specific,1.0,8,1,22,confirmation,True,0.9999999999999998,1.0100643532710842,0.9999999999999979,0.2502759457951797,0.0,0.2502759457951797,True,False
CCGCGAGGAGGCAG,query_specific,1.0,8,1,23,confirmation,True,0.9999999999999998,1.0100643532710842,0.9999999999999979,0.2502759457951797,0.0,0.2502759457951797,True,False
CCGCGAGGAGGCAG,query_specific,1.0,8,2,0,discovery,True,1.0,1.007622470404245,0.9999999999999979,0.4321791713188597,0.0,0.4321791713188597,True,False
CCGCGAGGAGGCAG,query_specific,1.0,8,2,1,discovery,True,1.0,1.007622470404245,0.9999999999999979,0.4321791713188597,0.0,0.4321791713188597,True,False
CCGCGAGGAGGCAG,query_specific,1.0,8,2,2,discovery,True,1.0,1.007622470404245,0.9999999999999979,0.4321791713188597,0.0,0.4321791713188597,True,False
CCGCGAGGAGGCAG,query_specific,1.0,8,2,3,discovery,True,1.0,1.007622470404245,0.9999999999999979,0.4321791713188597,0.0,0.4321791713188597,True,False
CCGCGAGGAGGCAG,query_specific,1.0,8,2,4,discovery,True,1.0,1.007622470404245,0.9999999999999979,0.4321791713188597,0.0,0.4321791713188597,True,False
CCGCGAGGAGGCAG,query_specific,1.0,8,2,5,discovery,True,1.0,1.007622470404245,0.9999999999999979,0.4321791713188597,0.0,0.4321791713188597,True,False
CCGCGAGGAGGCAG,query_specific,1.0,8,2,6,discovery,True,1.0,1.007622470404245,0.9999999999999979,0.4321791713188597,0.0,0.4321791713188597,True,False
CCGCGAGGAGGCAG,query_specific,1.0,8,2,7,discovery,True,1.0,1.007622470404245,0.9999999999999979,0.4321791713188597,0.0,0.4321791713188597,True,False
CCGCGAGGAGGCAG,query_specific,1.0,8,2,8,discovery,True,1.0,1.007622470404245,0.9999999999999979,0.4321791713188597,0.0,0.4321791713188597,True,False
CCGCGAGGAGGCAG,query_specific,1.0,8,2,9,discovery,True,1.0,1.007622470404245,0.9999999999999979,0.4321791713188597,0.0,0.4321791713188597,True,False
CCGCGAGGAGGCAG,query_specific,1.0,8,2,10,discovery,True,1.0,1.007622470404245,0.9999999999999979,0.4321791713188597,0.0,0.4321791713188597,True,False
CCGCGAGGAGGCAG,query_specific,1.0,8,2,11,discovery,True,1.0,1.007622470404245,0.9999999999999979,0.4321791713188597,0.0,0.4321791713188597,True,False
CCGCGAGGAGGCAG,query_specific,1.0,8,2,12,confirmation,True,1.0,1.007622470404245,0.9999999999999979,0.4321791713188597,0.0,0.4321791713188597,True,False
CCGCGAGGAGGCAG,query_specific,1.0,8,2,13,confirmation,True,1.0,1.007622470404245,0.9999999999999979,0.4321791713188597,0.0,0.4321791713188597,True,False
CCGCGAGGAGGCAG,query_specific,1.0,8,2,14,confirmation,True,1.0,1.007622470404245,0.9999999999999979,0.4321791713188597,0.0,0.4321791713188597,True,False
CCGCGAGGAGGCAG,query_specific,1.0,8,2,15,confirmation,True,1.0,1.007622470404245,0.9999999999999979,0.4321791713188597,0.0,0.4321791713188597,True,False
CCGCGAGGAGGCAG,query_specific,1.0,8,2,16,confirmation,True,1.0,1.007622470404245,0.9999999999999979,0.4321791713188597,0.0,0.4321791713188597,True,False
CCGCGAGGAGGCAG,query_specific,1.0,8,2,17,confirmation,True,1.0,1.007622470404245,0.9999999999999979,0.4321791713188597,0.0,0.4321791713188597,True,False
CCGCGAGGAGGCAG,query_specific,1.0,8,2,18,confirmation,True,1.0,1.007622470404245,0.9999999999999979,0.4321791713188597,0.0,0.4321791713188597,True,False
CCGCGAGGAGGCAG,query_specific,1.0,8,2,19,confirmation,True,1.0,1.007622470404245,0.9999999999999979,0.4321791713188597,0.0,0.4321791713188597,True,False
CCGCGAGGAGGCAG,query_specific,1.0,8,2,20,confirmation,True,1.0,1.007622470404245,0.9999999999999979,0.4321791713188597,0.0,0.4321791713188597,True,False
CCGCGAGGAGGCAG,query_specific,1.0,8,2,21,confirmation,True,1.0,1.007622470404245,0.9999999999999979,0.4321791713188597,0.0,0.4321791713188597,True,False
CCGCGAGGAGGCAG,query_specific,1.0,8,2,22,confirmation,True,1.0,1.007622470404245,0.9999999999999979,0.4321791713188597,0.0,0.4321791713188597,True,False
CCGCGAGGAGGCAG,query_specific,1.0,8,2,23,confirmation,True,1.0,1.007622470404245,0.9999999999999979,0.4321791713188597,0.0,0.4321791713188597,True,False
CCGCGAGGAGGCAG,query_specific,1.0,48,1,0,discovery,True,0.9999999999999998,1.0100643532710842,0.9999999999999979,0.2502759457951797,0.0,0.2502759457951797,True,False
CCGCGAGGAGGCAG,query_specific,1.0,48,1,1,discovery,True,0.9999999999999998,1.0100643532710842,0.9999999999999979,0.2502759457951797,0.0,0.2502759457951797,True,False
CCGCGAGGAGGCAG,query_specific,1.0,48,1,2,discovery,True,0.9999999999999998,1.0100643532710842,0.9999999999999979,0.2502759457951797,0.0,0.2502759457951797,True,False
CCGCGAGGAGGCAG,query_specific,1.0,48,1,3,discovery,True,0.9999999999999998,1.0100643532710842,0.9999999999999979,0.2502759457951797,0.0,0.2502759457951797,True,False
CCGCGAGGAGGCAG,query_specific,1.0,48,1,4,discovery,True,0.9999999999999998,1.0100643532710842,0.9999999999999979,0.2502759457951797,0.0,0.2502759457951797,True,False
CCGCGAGGAGGCAG,query_specific,1.0,48,1,5,discovery,True,0.9999999999999998,1.0100643532710842,0.9999999999999979,0.2502759457951797,0.0,0.2502759457951797,True,False
CCGCGAGGAGGCAG,query_specific,1.0,48,1,6,discovery,True,0.9999999999999998,1.0100643532710842,0.9999999999999979,0.2502759457951797,0.0,0.2502759457951797,True,False
CCGCGAGGAGGCAG,query_specific,1.0,48,1,7,discovery,True,0.9999999999999998,1.0100643532710842,0.9999999999999979,0.2502759457951797,0.0,0.2502759457951797,True,False
CCGCGAGGAGGCAG,query_specific,1.0,48,1,8,discovery,True,0.9999999999999998,1.0100643532710842,0.9999999999999979,0.2502759457951797,0.0,0.2502759457951797,True,False
CCGCGAGGAGGCAG,query_specific,1.0,48,1,9,discovery,True,0.9999999999999998,1.0100643532710842,0.9999999999999979,0.2502759457951797,0.0,0.2502759457951797,True,False
CCGCGAGGAGGCAG,query_specific,1.0,48,1,10,discovery,True,0.9999999999999998,1.0100643532710842,0.9999999999999979,0.2502759457951797,0.0,0.2502759457951797,True,False
CCGCGAGGAGGCAG,query_specific,1.0,48,1,11,discovery,True,0.9999999999999998,1.0100643532710842,0.9999999999999979,0.2502759457951797,0.0,0.2502759457951797,True,False
CCGCGAGGAGGCAG,query_specific,1.0,48,1,12,confirmation,True,0.9999999999999998,1.0100643532710842,0.9999999999999979,0.2502759457951797,0.0,0.2502759457951797,True,False
CCGCGAGGAGGCAG,query_specific,1.0,48,1,13,confirmation,True,0.9999999999999998,1.0100643532710842,0.9999999999999979,0.2502759457951797,0.0,0.2502759457951797,True,False
CCGCGAGGAGGCAG,query_specific,1.0,48,1,14,confirmation,True,0.9999999999999998,1.0100643532710842,0.9999999999999979,0.2502759457951797,0.0,0.2502759457951797,True,False
CCGCGAGGAGGCAG,query_specific,1.0,48,1,15,confirmation,True,0.9999999999999998,1.0100643532710842,0.9999999999999979,0.2502759457951797,0.0,0.2502759457951797,True,False
CCGCGAGGAGGCAG,query_specific,1.0,48,1,16,confirmation,True,0.9999999999999998,1.0100643532710842,0.9999999999999979,0.2502759457951797,0.0,0.2502759457951797,True,False
CCGCGAGGAGGCAG,query_specific,1.0,48,1,17,confirmation,True,0.9999999999999998,1.0100643532710842,0.9999999999999979,0.2502759457951797,0.0,0.2502759457951797,True,False
CCGCGAGGAGGCAG,query_specific,1.0,48,1,18,confirmation,True,0.9999999999999998,1.0100643532710842,0.9999999999999979,0.2502759457951797,0.0,0.2502759457951797,True,False
CCGCGAGGAGGCAG,query_specific,1.0,48,1,19,confirmation,True,0.9999999999999998,1.0100643532710842,0.9999999999999979,0.2502759457951797,0.0,0.2502759457951797,True,False
CCGCGAGGAGGCAG,query_specific,1.0,48,1,20,confirmation,True,0.9999999999999998,1.0100643532710842,0.9999999999999979,0.2502759457951797,0.0,0.2502759457951797,True,False
CCGCGAGGAGGCAG,query_specific,1.0,48,1,21,confirmation,True,0.9999999999999998,1.0100643532710842,0.9999999999999979,0.2502759457951797,0.0,0.2502759457951797,True,False
CCGCGAGGAGGCAG,query_specific,1.0,48,1,22,confirmation,True,0.9999999999999998,1.0100643532710842,0.9999999999999979,0.2502759457951797,0.0,0.2502759457951797,True,False
CCGCGAGGAGGCAG,query_specific,1.0,48,1,23,confirmation,True,0.9999999999999998,1.0100643532710842,0.9999999999999979,0.2502759457951797,0.0,0.2502759457951797,True,False
CCGCGAGGAGGCAG,query_specific,1.0,48,2,0,discovery,True,1.0,1.007622470404245,0.9999999999999979,0.4321791713188598,0.0,0.4321791713188598,True,False
CCGCGAGGAGGCAG,query_specific,1.0,48,2,1,discovery,True,1.0,1.007622470404245,0.9999999999999979,0.4321791713188598,0.0,0.4321791713188598,True,False
CCGCGAGGAGGCAG,query_specific,1.0,48,2,2,discovery,True,1.0,1.007622470404245,0.9999999999999979,0.4321791713188598,0.0,0.4321791713188598,True,False
CCGCGAGGAGGCAG,query_specific,1.0,48,2,3,discovery,True,1.0,1.007622470404245,0.9999999999999979,0.4321791713188598,0.0,0.4321791713188598,True,False
CCGCGAGGAGGCAG,query_specific,1.0,48,2,4,discovery,True,1.0,1.007622470404245,0.9999999999999979,0.4321791713188598,0.0,0.4321791713188598,True,False
CCGCGAGGAGGCAG,query_specific,1.0,48,2,5,discovery,True,1.0,1.007622470404245,0.9999999999999979,0.4321791713188598,0.0,0.4321791713188598,True,False
CCGCGAGGAGGCAG,query_specific,1.0,48,2,6,discovery,True,1.0,1.007622470404245,0.9999999999999979,0.4321791713188598,0.0,0.4321791713188598,True,False
CCGCGAGGAGGCAG,query_specific,1.0,48,2,7,discovery,True,1.0,1.007622470404245,0.9999999999999979,0.4321791713188598,0.0,0.4321791713188598,True,False
CCGCGAGGAGGCAG,query_specific,1.0,48,2,8,discovery,True,1.0,1.007622470404245,0.9999999999999979,0.4321791713188598,0.0,0.4321791713188598,True,False
CCGCGAGGAGGCAG,query_specific,1.0,48,2,9,discovery,True,1.0,1.007622470404245,0.9999999999999979,0.4321791713188598,0.0,0.4321791713188598,True,False
CCGCGAGGAGGCAG,query_specific,1.0,48,2,10,discovery,True,1.0,1.007622470404245,0.9999999999999979,0.4321791713188598,0.0,0.4321791713188598,True,False
CCGCGAGGAGGCAG,query_specific,1.0,48,2,11,discovery,True,1.0,1.007622470404245,0.9999999999999979,0.4321791713188598,0.0,0.4321791713188598,True,False
CCGCGAGGAGGCAG,query_specific,1.0,48,2,12,confirmation,True,1.0,1.007622470404245,0.9999999999999979,0.4321791713188598,0.0,0.4321791713188598,True,False
CCGCGAGGAGGCAG,query_specific,1.0,48,2,13,confirmation,True,1.0,1.007622470404245,0.9999999999999979,0.4321791713188598,0.0,0.4321791713188598,True,False
CCGCGAGGAGGCAG,query_specific,1.0,48,2,14,confirmation,True,1.0,1.007622470404245,0.9999999999999979,0.4321791713188598,0.0,0.4321791713188598,True,False
CCGCGAGGAGGCAG,query_specific,1.0,48,2,15,confirmation,True,1.0,1.007622470404245,0.9999999999999979,0.4321791713188598,0.0,0.4321791713188598,True,False
CCGCGAGGAGGCAG,query_specific,1.0,48,2,16,confirmation,True,1.0,1.007622470404245,0.9999999999999979,0.4321791713188598,0.0,0.4321791713188598,True,False
CCGCGAGGAGGCAG,query_specific,1.0,48,2,17,confirmation,True,1.0,1.007622470404245,0.9999999999999979,0.4321791713188598,0.0,0.4321791713188598,True,False
CCGCGAGGAGGCAG,query_specific,1.0,48,2,18,confirmation,True,1.0,1.007622470404245,0.9999999999999979,0.4321791713188598,0.0,0.4321791713188598,True,False
CCGCGAGGAGGCAG,query_specific,1.0,48,2,19,confirmation,True,1.0,1.007622470404245,0.9999999999999979,0.4321791713188598,0.0,0.4321791713188598,True,False
CCGCGAGGAGGCAG,query_specific,1.0,48,2,20,confirmation,True,1.0,1.007622470404245,0.9999999999999979,0.4321791713188598,0.0,0.4321791713188598,True,False
CCGCGAGGAGGCAG,query_specific,1.0,48,2,21,confirmation,True,1.0,1.007622470404245,0.9999999999999979,0.4321791713188598,0.0,0.4321791713188598,True,False
CCGCGAGGAGGCAG,query_specific,1.0,48,2,22,confirmation,True,1.0,1.007622470404245,0.9999999999999979,0.4321791713188598,0.0,0.4321791713188598,True,False
CCGCGAGGAGGCAG,query_specific,1.0,48,2,23,confirmation,True,1.0,1.007622470404245,0.9999999999999979,0.4321791713188598,0.0,0.4321791713188598,True,False
CCGCGAGGAGGCAG,query_specific,1.0,88,1,0,discovery,True,0.9999999999999998,1.0100643532710842,0.9999999999999979,0.25027594579517976,0.0,0.25027594579517976,True,False
CCGCGAGGAGGCAG,query_specific,1.0,88,1,1,discovery,True,0.9999999999999998,1.0100643532710842,0.9999999999999979,0.25027594579517976,0.0,0.25027594579517976,True,False
CCGCGAGGAGGCAG,query_specific,1.0,88,1,2,discovery,True,0.9999999999999998,1.0100643532710842,0.9999999999999979,0.25027594579517976,0.0,0.25027594579517976,True,False
CCGCGAGGAGGCAG,query_specific,1.0,88,1,3,discovery,True,0.9999999999999998,1.0100643532710842,0.9999999999999979,0.25027594579517976,0.0,0.25027594579517976,True,False
CCGCGAGGAGGCAG,query_specific,1.0,88,1,4,discovery,True,0.9999999999999998,1.0100643532710842,0.9999999999999979,0.25027594579517976,0.0,0.25027594579517976,True,False
CCGCGAGGAGGCAG,query_specific,1.0,88,1,5,discovery,True,0.9999999999999998,1.0100643532710842,0.9999999999999979,0.25027594579517976,0.0,0.25027594579517976,True,False
CCGCGAGGAGGCAG,query_specific,1.0,88,1,6,discovery,True,0.9999999999999998,1.0100643532710842,0.9999999999999979,0.25027594579517976,0.0,0.25027594579517976,True,False
CCGCGAGGAGGCAG,query_specific,1.0,88,1,7,discovery,True,0.9999999999999998,1.0100643532710842,0.9999999999999979,0.25027594579517976,0.0,0.25027594579517976,True,False
CCGCGAGGAGGCAG,query_specific,1.0,88,1,8,discovery,True,0.9999999999999998,1.0100643532710842,0.9999999999999979,0.25027594579517976,0.0,0.25027594579517976,True,False
CCGCGAGGAGGCAG,query_specific,1.0,88,1,9,discovery,True,0.9999999999999998,1.0100643532710842,0.9999999999999979,0.25027594579517976,0.0,0.25027594579517976,True,False
CCGCGAGGAGGCAG,query_specific,1.0,88,1,10,discovery,True,0.9999999999999998,1.0100643532710842,0.9999999999999979,0.25027594579517976,0.0,0.25027594579517976,True,False
CCGCGAGGAGGCAG,query_specific,1.0,88,1,11,discovery,True,0.9999999999999998,1.0100643532710842,0.9999999999999979,0.25027594579517976,0.0,0.25027594579517976,True,False
CCGCGAGGAGGCAG,query_specific,1.0,88,1,12,confirmation,True,0.9999999999999998,1.0100643532710842,0.9999999999999979,0.25027594579517976,0.0,0.25027594579517976,True,False
CCGCGAGGAGGCAG,query_specific,1.0,88,1,13,confirmation,True,0.9999999999999998,1.0100643532710842,0.9999999999999979,0.25027594579517976,0.0,0.25027594579517976,True,False
CCGCGAGGAGGCAG,query_specific,1.0,88,1,14,confirmation,True,0.9999999999999998,1.0100643532710842,0.9999999999999979,0.25027594579517976,0.0,0.25027594579517976,True,False
CCGCGAGGAGGCAG,query_specific,1.0,88,1,15,confirmation,True,0.9999999999999998,1.0100643532710842,0.9999999999999979,0.25027594579517976,0.0,0.25027594579517976,True,False
CCGCGAGGAGGCAG,query_specific,1.0,88,1,16,confirmation,True,0.9999999999999998,1.0100643532710842,0.9999999999999979,0.25027594579517976,0.0,0.25027594579517976,True,False
CCGCGAGGAGGCAG,query_specific,1.0,88,1,17,confirmation,True,0.9999999999999998,1.0100643532710842,0.9999999999999979,0.25027594579517976,0.0,0.25027594579517976,True,False
CCGCGAGGAGGCAG,query_specific,1.0,88,1,18,confirmation,True,0.9999999999999998,1.0100643532710842,0.9999999999999979,0.25027594579517976,0.0,0.25027594579517976,True,False
CCGCGAGGAGGCAG,query_specific,1.0,88,1,19,confirmation,True,0.9999999999999998,1.0100643532710842,0.9999999999999979,0.25027594579517976,0.0,0.25027594579517976,True,False
CCGCGAGGAGGCAG,query_specific,1.0,88,1,20,confirmation,True,0.9999999999999998,1.0100643532710842,0.9999999999999979,0.25027594579517976,0.0,0.25027594579517976,True,False
CCGCGAGGAGGCAG,query_specific,1.0,88,1,21,confirmation,True,0.9999999999999998,1.0100643532710842,0.9999999999999979,0.25027594579517976,0.0,0.25027594579517976,True,False
CCGCGAGGAGGCAG,query_specific,1.0,88,1,22,confirmation,True,0.9999999999999998,1.0100643532710842,0.9999999999999979,0.25027594579517976,0.0,0.25027594579517976,True,False
CCGCGAGGAGGCAG,query_specific,1.0,88,1,23,confirmation,True,0.9999999999999998,1.0100643532710842,0.9999999999999979,0.25027594579517976,0.0,0.25027594579517976,True,False
CCGCGAGGAGGCAG,query_specific,1.0,88,2,0,discovery,True,1.0,1.007622470404245,0.9999999999999979,0.43217917131885986,0.43217917131885986,0.43217917131885986,True,False
CCGCGAGGAGGCAG,query_specific,1.0,88,2,1,discovery,True,1.0,1.007622470404245,0.9999999999999979,0.43217917131885986,0.43217917131885986,0.43217917131885986,True,False
CCGCGAGGAGGCAG,query_specific,1.0,88,2,2,discovery,True,1.0,1.007622470404245,0.9999999999999979,0.43217917131885986,0.43217917131885986,0.43217917131885986,True,False
CCGCGAGGAGGCAG,query_specific,1.0,88,2,3,discovery,True,1.0,1.007622470404245,0.9999999999999979,0.43217917131885986,0.43217917131885986,0.43217917131885986,True,False
CCGCGAGGAGGCAG,query_specific,1.0,88,2,4,discovery,True,1.0,1.007622470404245,0.9999999999999979,0.43217917131885986,0.43217917131885986,0.43217917131885986,True,False
CCGCGAGGAGGCAG,query_specific,1.0,88,2,5,discovery,True,1.0,1.007622470404245,0.9999999999999979,0.43217917131885986,0.43217917131885986,0.43217917131885986,True,False
CCGCGAGGAGGCAG,query_specific,1.0,88,2,6,discovery,True,1.0,1.007622470404245,0.9999999999999979,0.43217917131885986,0.43217917131885986,0.43217917131885986,True,False
CCGCGAGGAGGCAG,query_specific,1.0,88,2,7,discovery,True,1.0,1.007622470404245,0.9999999999999979,0.43217917131885986,0.43217917131885986,0.43217917131885986,True,False
CCGCGAGGAGGCAG,query_specific,1.0,88,2,8,discovery,True,1.0,1.007622470404245,0.9999999999999979,0.43217917131885986,0.43217917131885986,0.43217917131885986,True,False
CCGCGAGGAGGCAG,query_specific,1.0,88,2,9,discovery,True,1.0,1.007622470404245,0.9999999999999979,0.43217917131885986,0.43217917131885986,0.43217917131885986,True,False
CCGCGAGGAGGCAG,query_specific,1.0,88,2,10,discovery,True,1.0,1.007622470404245,0.9999999999999979,0.43217917131885986,0.43217917131885986,0.43217917131885986,True,False
CCGCGAGGAGGCAG,query_specific,1.0,88,2,11,discovery,True,1.0,1.007622470404245,0.9999999999999979,0.43217917131885986,0.43217917131885986,0.43217917131885986,True,False
CCGCGAGGAGGCAG,query_specific,1.0,88,2,12,confirmation,True,1.0,1.007622470404245,0.9999999999999979,0.43217917131885986,0.43217917131885986,0.43217917131885986,True,False
CCGCGAGGAGGCAG,query_specific,1.0,88,2,13,confirmation,True,1.0,1.007622470404245,0.9999999999999979,0.43217917131885986,0.43217917131885986,0.43217917131885986,True,False
CCGCGAGGAGGCAG,query_specific,1.0,88,2,14,confirmation,True,1.0,1.007622470404245,0.9999999999999979,0.43217917131885986,0.43217917131885986,0.43217917131885986,True,False
CCGCGAGGAGGCAG,query_specific,1.0,88,2,15,confirmation,True,1.0,1.007622470404245,0.9999999999999979,0.43217917131885986,0.43217917131885986,0.43217917131885986,True,False
CCGCGAGGAGGCAG,query_specific,1.0,88,2,16,confirmation,True,1.0,1.007622470404245,0.9999999999999979,0.43217917131885986,0.43217917131885986,0.43217917131885986,True,False
CCGCGAGGAGGCAG,query_specific,1.0,88,2,17,confirmation,True,1.0,1.007622470404245,0.9999999999999979,0.43217917131885986,0.43217917131885986,0.43217917131885986,True,False
CCGCGAGGAGGCAG,query_specific,1.0,88,2,18,confirmation,True,1.0,1.007622470404245,0.9999999999999979,0.43217917131885986,0.43217917131885986,0.43217917131885986,True,False
CCGCGAGGAGGCAG,query_specific,1.0,88,2,19,confirmation,True,1.0,1.007622470404245,0.9999999999999979,0.43217917131885986,0.43217917131885986,0.43217917131885986,True,False
CCGCGAGGAGGCAG,query_specific,1.0,88,2,20,confirmation,True,1.0,1.007622470404245,0.9999999999999979,0.43217917131885986,0.43217917131885986,0.43217917131885986,True,False
CCGCGAGGAGGCAG,query_specific,1.0,88,2,21,confirmation,True,1.0,1.007622470404245,0.9999999999999979,0.43217917131885986,0.43217917131885986,0.43217917131885986,True,False
CCGCGAGGAGGCAG,query_specific,1.0,88,2,22,confirmation,True,1.0,1.007622470404245,0.9999999999999979,0.43217917131885986,0.43217917131885986,0.43217917131885986,True,False
CCGCGAGGAGGCAG,query_specific,1.0,88,2,23,confirmation,True,1.0,1.007622470404245,0.9999999999999979,0.43217917131885986,0.43217917131885986,0.43217917131885986,True,False
CCGCGAGGAGGCAG,query_specific,4.0,8,1,0,discovery,True,0.9999999999999998,1.0543456966092828,0.9999999999999979,0.8702147525299558,0.0,0.8702147525299558,True,False
CCGCGAGGAGGCAG,query_specific,4.0,8,1,1,discovery,True,0.9999999999999998,1.0543456966092828,0.9999999999999979,0.8702147525299558,0.0,0.8702147525299558,True,False
CCGCGAGGAGGCAG,query_specific,4.0,8,1,2,discovery,True,0.9999999999999998,1.0543456966092828,0.9999999999999979,0.8702147525299558,0.0,0.8702147525299558,True,False
CCGCGAGGAGGCAG,query_specific,4.0,8,1,3,discovery,True,0.9999999999999998,1.0543456966092828,0.9999999999999979,0.8702147525299558,0.0,0.8702147525299558,True,False
CCGCGAGGAGGCAG,query_specific,4.0,8,1,4,discovery,True,0.9999999999999998,1.0543456966092828,0.9999999999999979,0.8702147525299558,0.0,0.8702147525299558,True,False
CCGCGAGGAGGCAG,query_specific,4.0,8,1,5,discovery,True,0.9999999999999998,1.0543456966092828,0.9999999999999979,0.8702147525299558,0.0,0.8702147525299558,True,False
CCGCGAGGAGGCAG,query_specific,4.0,8,1,6,discovery,True,0.9999999999999998,1.0543456966092828,0.9999999999999979,0.8702147525299558,0.0,0.8702147525299558,True,False
CCGCGAGGAGGCAG,query_specific,4.0,8,1,7,discovery,True,0.9999999999999998,1.0543456966092828,0.9999999999999979,0.8702147525299558,0.0,0.8702147525299558,True,False
CCGCGAGGAGGCAG,query_specific,4.0,8,1,8,discovery,True,0.9999999999999998,1.0543456966092828,0.9999999999999979,0.8702147525299558,0.0,0.8702147525299558,True,False
CCGCGAGGAGGCAG,query_specific,4.0,8,1,9,discovery,True,0.9999999999999998,1.0543456966092828,0.9999999999999979,0.8702147525299558,0.0,0.8702147525299558,True,False
CCGCGAGGAGGCAG,query_specific,4.0,8,1,10,discovery,True,0.9999999999999998,1.0543456966092828,0.9999999999999979,0.8702147525299558,0.0,0.8702147525299558,True,False
CCGCGAGGAGGCAG,query_specific,4.0,8,1,11,discovery,True,0.9999999999999998,1.0543456966092828,0.9999999999999979,0.8702147525299558,0.0,0.8702147525299558,True,False
CCGCGAGGAGGCAG,query_specific,4.0,8,1,12,confirmation,True,0.9999999999999998,1.0543456966092828,0.9999999999999979,0.8702147525299558,0.0,0.8702147525299558,True,False
CCGCGAGGAGGCAG,query_specific,4.0,8,1,13,confirmation,True,0.9999999999999998,1.0543456966092828,0.9999999999999979,0.8702147525299558,0.0,0.8702147525299558,True,False
CCGCGAGGAGGCAG,query_specific,4.0,8,1,14,confirmation,True,0.9999999999999998,1.0543456966092828,0.9999999999999979,0.8702147525299558,0.0,0.8702147525299558,True,False
CCGCGAGGAGGCAG,query_specific,4.0,8,1,15,confirmation,True,0.9999999999999998,1.0543456966092828,0.9999999999999979,0.8702147525299558,0.0,0.8702147525299558,True,False
CCGCGAGGAGGCAG,query_specific,4.0,8,1,16,confirmation,True,0.9999999999999998,1.0543456966092828,0.9999999999999979,0.8702147525299558,0.0,0.8702147525299558,True,False
CCGCGAGGAGGCAG,query_specific,4.0,8,1,17,confirmation,True,0.9999999999999998,1.0543456966092828,0.9999999999999979,0.8702147525299558,0.0,0.8702147525299558,True,False
CCGCGAGGAGGCAG,query_specific,4.0,8,1,18,confirmation,True,0.9999999999999998,1.0543456966092828,0.9999999999999979,0.8702147525299558,0.0,0.8702147525299558,True,False
CCGCGAGGAGGCAG,query_specific,4.0,8,1,19,confirmation,True,0.9999999999999998,1.0543456966092828,0.9999999999999979,0.8702147525299558,0.0,0.8702147525299558,True,False
CCGCGAGGAGGCAG,query_specific,4.0,8,1,20,confirmation,True,0.9999999999999998,1.0543456966092828,0.9999999999999979,0.8702147525299558,0.0,0.8702147525299558,True,False
CCGCGAGGAGGCAG,query_specific,4.0,8,1,21,confirmation,True,0.9999999999999998,1.0543456966092828,0.9999999999999979,0.8702147525299558,0.0,0.8702147525299558,True,False
CCGCGAGGAGGCAG,query_specific,4.0,8,1,22,confirmation,True,0.9999999999999998,1.0543456966092828,0.9999999999999979,0.8702147525299558,0.0,0.8702147525299558,True,False
CCGCGAGGAGGCAG,query_specific,4.0,8,1,23,confirmation,True,0.9999999999999998,1.0543456966092828,0.9999999999999979,0.8702147525299558,0.0,0.8702147525299558,True,False
CCGCGAGGAGGCAG,query_specific,4.0,8,2,0,discovery,True,1.0,1.0257090412683398,0.9999999999999979,0.9386031555135277,0.0,0.9386031555135277,True,False
CCGCGAGGAGGCAG,query_specific,4.0,8,2,1,discovery,True,1.0,1.0257090412683398,0.9999999999999979,0.9386031555135277,0.0,0.9386031555135277,True,False
CCGCGAGGAGGCAG,query_specific,4.0,8,2,2,discovery,True,1.0,1.0257090412683398,0.9999999999999979,0.9386031555135277,0.0,0.9386031555135277,True,False
CCGCGAGGAGGCAG,query_specific,4.0,8,2,3,discovery,True,1.0,1.0257090412683398,0.9999999999999979,0.9386031555135277,0.0,0.9386031555135277,True,False
CCGCGAGGAGGCAG,query_specific,4.0,8,2,4,discovery,True,1.0,1.0257090412683398,0.9999999999999979,0.9386031555135277,0.0,0.9386031555135277,True,False
CCGCGAGGAGGCAG,query_specific,4.0,8,2,5,discovery,True,1.0,1.0257090412683398,0.9999999999999979,0.9386031555135277,0.0,0.9386031555135277,True,False
CCGCGAGGAGGCAG,query_specific,4.0,8,2,6,discovery,True,1.0,1.0257090412683398,0.9999999999999979,0.9386031555135277,0.0,0.9386031555135277,True,False
CCGCGAGGAGGCAG,query_specific,4.0,8,2,7,discovery,True,1.0,1.0257090412683398,0.9999999999999979,0.9386031555135277,0.0,0.9386031555135277,True,False
CCGCGAGGAGGCAG,query_specific,4.0,8,2,8,discovery,True,1.0,1.0257090412683398,0.9999999999999979,0.9386031555135277,0.0,0.9386031555135277,True,False
CCGCGAGGAGGCAG,query_specific,4.0,8,2,9,discovery,True,1.0,1.0257090412683398,0.9999999999999979,0.9386031555135277,0.0,0.9386031555135277,True,False
CCGCGAGGAGGCAG,query_specific,4.0,8,2,10,discovery,True,1.0,1.0257090412683398,0.9999999999999979,0.9386031555135277,0.0,0.9386031555135277,True,False
CCGCGAGGAGGCAG,query_specific,4.0,8,2,11,discovery,True,1.0,1.0257090412683398,0.9999999999999979,0.9386031555135277,0.0,0.9386031555135277,True,False
CCGCGAGGAGGCAG,query_specific,4.0,8,2,12,confirmation,True,1.0,1.0257090412683398,0.9999999999999979,0.9386031555135277,0.0,0.9386031555135277,True,False
CCGCGAGGAGGCAG,query_specific,4.0,8,2,13,confirmation,True,1.0,1.0257090412683398,0.9999999999999979,0.9386031555135277,0.0,0.9386031555135277,True,False
CCGCGAGGAGGCAG,query_specific,4.0,8,2,14,confirmation,True,1.0,1.0257090412683398,0.9999999999999979,0.9386031555135277,0.0,0.9386031555135277,True,False
CCGCGAGGAGGCAG,query_specific,4.0,8,2,15,confirmation,True,1.0,1.0257090412683398,0.9999999999999979,0.9386031555135277,0.0,0.9386031555135277,True,False
CCGCGAGGAGGCAG,query_specific,4.0,8,2,16,confirmation,True,1.0,1.0257090412683398,0.9999999999999979,0.9386031555135277,0.0,0.9386031555135277,True,False
CCGCGAGGAGGCAG,query_specific,4.0,8,2,17,confirmation,True,1.0,1.0257090412683398,0.9999999999999979,0.9386031555135277,0.0,0.9386031555135277,True,False
CCGCGAGGAGGCAG,query_specific,4.0,8,2,18,confirmation,True,1.0,1.0257090412683398,0.9999999999999979,0.9386031555135277,0.0,0.9386031555135277,True,False
CCGCGAGGAGGCAG,query_specific,4.0,8,2,19,confirmation,True,1.0,1.0257090412683398,0.9999999999999979,0.9386031555135277,0.0,0.9386031555135277,True,False
CCGCGAGGAGGCAG,query_specific,4.0,8,2,20,confirmation,True,1.0,1.0257090412683398,0.9999999999999979,0.9386031555135277,0.0,0.9386031555135277,True,False
CCGCGAGGAGGCAG,query_specific,4.0,8,2,21,confirmation,True,1.0,1.0257090412683398,0.9999999999999979,0.9386031555135277,0.0,0.9386031555135277,True,False
CCGCGAGGAGGCAG,query_specific,4.0,8,2,22,confirmation,True,1.0,1.0257090412683398,0.9999999999999979,0.9386031555135277,0.0,0.9386031555135277,True,False
CCGCGAGGAGGCAG,query_specific,4.0,8,2,23,confirmation,True,1.0,1.0257090412683398,0.9999999999999979,0.9386031555135277,0.0,0.9386031555135277,True,False
CCGCGAGGAGGCAG,query_specific,4.0,48,1,0,discovery,True,0.9999999999999998,1.0543456966092828,0.9999999999999979,0.8702147525299558,0.0,0.8702147525299558,True,False
CCGCGAGGAGGCAG,query_specific,4.0,48,1,1,discovery,True,0.9999999999999998,1.0543456966092828,0.9999999999999979,0.8702147525299558,0.0,0.8702147525299558,True,False
CCGCGAGGAGGCAG,query_specific,4.0,48,1,2,discovery,True,0.9999999999999998,1.0543456966092828,0.9999999999999979,0.8702147525299558,0.0,0.8702147525299558,True,False
CCGCGAGGAGGCAG,query_specific,4.0,48,1,3,discovery,True,0.9999999999999998,1.0543456966092828,0.9999999999999979,0.8702147525299558,0.0,0.8702147525299558,True,False
CCGCGAGGAGGCAG,query_specific,4.0,48,1,4,discovery,True,0.9999999999999998,1.0543456966092828,0.9999999999999979,0.8702147525299558,0.0,0.8702147525299558,True,False
CCGCGAGGAGGCAG,query_specific,4.0,48,1,5,discovery,True,0.9999999999999998,1.0543456966092828,0.9999999999999979,0.8702147525299558,0.0,0.8702147525299558,True,False
CCGCGAGGAGGCAG,query_specific,4.0,48,1,6,discovery,True,0.9999999999999998,1.0543456966092828,0.9999999999999979,0.8702147525299558,0.0,0.8702147525299558,True,False
CCGCGAGGAGGCAG,query_specific,4.0,48,1,7,discovery,True,0.9999999999999998,1.0543456966092828,0.9999999999999979,0.8702147525299558,0.0,0.8702147525299558,True,False
CCGCGAGGAGGCAG,query_specific,4.0,48,1,8,discovery,True,0.9999999999999998,1.0543456966092828,0.9999999999999979,0.8702147525299558,0.0,0.8702147525299558,True,False
CCGCGAGGAGGCAG,query_specific,4.0,48,1,9,discovery,True,0.9999999999999998,1.0543456966092828,0.9999999999999979,0.8702147525299558,0.0,0.8702147525299558,True,False
CCGCGAGGAGGCAG,query_specific,4.0,48,1,10,discovery,True,0.9999999999999998,1.0543456966092828,0.9999999999999979,0.8702147525299558,0.0,0.8702147525299558,True,False
CCGCGAGGAGGCAG,query_specific,4.0,48,1,11,discovery,True,0.9999999999999998,1.0543456966092828,0.9999999999999979,0.8702147525299558,0.0,0.8702147525299558,True,False
CCGCGAGGAGGCAG,query_specific,4.0,48,1,12,confirmation,True,0.9999999999999998,1.0543456966092828,0.9999999999999979,0.8702147525299558,0.0,0.8702147525299558,True,False
CCGCGAGGAGGCAG,query_specific,4.0,48,1,13,confirmation,True,0.9999999999999998,1.0543456966092828,0.9999999999999979,0.8702147525299558,0.0,0.8702147525299558,True,False
CCGCGAGGAGGCAG,query_specific,4.0,48,1,14,confirmation,True,0.9999999999999998,1.0543456966092828,0.9999999999999979,0.8702147525299558,0.0,0.8702147525299558,True,False
CCGCGAGGAGGCAG,query_specific,4.0,48,1,15,confirmation,True,0.9999999999999998,1.0543456966092828,0.9999999999999979,0.8702147525299558,0.0,0.8702147525299558,True,False
CCGCGAGGAGGCAG,query_specific,4.0,48,1,16,confirmation,True,0.9999999999999998,1.0543456966092828,0.9999999999999979,0.8702147525299558,0.0,0.8702147525299558,True,False
CCGCGAGGAGGCAG,query_specific,4.0,48,1,17,confirmation,True,0.9999999999999998,1.0543456966092828,0.9999999999999979,0.8702147525299558,0.0,0.8702147525299558,True,False
CCGCGAGGAGGCAG,query_specific,4.0,48,1,18,confirmation,True,0.9999999999999998,1.0543456966092828,0.9999999999999979,0.8702147525299558,0.0,0.8702147525299558,True,False
CCGCGAGGAGGCAG,query_specific,4.0,48,1,19,confirmation,True,0.9999999999999998,1.0543456966092828,0.9999999999999979,0.8702147525299558,0.0,0.8702147525299558,True,False
CCGCGAGGAGGCAG,query_specific,4.0,48,1,20,confirmation,True,0.9999999999999998,1.0543456966092828,0.9999999999999979,0.8702147525299558,0.0,0.8702147525299558,True,False
CCGCGAGGAGGCAG,query_specific,4.0,48,1,21,confirmation,True,0.9999999999999998,1.0543456966092828,0.9999999999999979,0.8702147525299558,0.0,0.8702147525299558,True,False
CCGCGAGGAGGCAG,query_specific,4.0,48,1,22,confirmation,True,0.9999999999999998,1.0543456966092828,0.9999999999999979,0.8702147525299558,0.0,0.8702147525299558,True,False
CCGCGAGGAGGCAG,query_specific,4.0,48,1,23,confirmation,True,0.9999999999999998,1.0543456966092828,0.9999999999999979,0.8702147525299558,0.0,0.8702147525299558,True,False
CCGCGAGGAGGCAG,query_specific,4.0,48,2,0,discovery,True,1.0,1.0257090412683398,0.9999999999999979,0.9386031555135277,0.0,0.9386031555135277,True,False
CCGCGAGGAGGCAG,query_specific,4.0,48,2,1,discovery,True,1.0,1.0257090412683398,0.9999999999999979,0.9386031555135277,0.0,0.9386031555135277,True,False
CCGCGAGGAGGCAG,query_specific,4.0,48,2,2,discovery,True,1.0,1.0257090412683398,0.9999999999999979,0.9386031555135277,0.0,0.9386031555135277,True,False
CCGCGAGGAGGCAG,query_specific,4.0,48,2,3,discovery,True,1.0,1.0257090412683398,0.9999999999999979,0.9386031555135277,0.0,0.9386031555135277,True,False
CCGCGAGGAGGCAG,query_specific,4.0,48,2,4,discovery,True,1.0,1.0257090412683398,0.9999999999999979,0.9386031555135277,0.0,0.9386031555135277,True,False
CCGCGAGGAGGCAG,query_specific,4.0,48,2,5,discovery,True,1.0,1.0257090412683398,0.9999999999999979,0.9386031555135277,0.0,0.9386031555135277,True,False
CCGCGAGGAGGCAG,query_specific,4.0,48,2,6,discovery,True,1.0,1.0257090412683398,0.9999999999999979,0.9386031555135277,0.0,0.9386031555135277,True,False
CCGCGAGGAGGCAG,query_specific,4.0,48,2,7,discovery,True,1.0,1.0257090412683398,0.9999999999999979,0.9386031555135277,0.0,0.9386031555135277,True,False
CCGCGAGGAGGCAG,query_specific,4.0,48,2,8,discovery,True,1.0,1.0257090412683398,0.9999999999999979,0.9386031555135277,0.0,0.9386031555135277,True,False
CCGCGAGGAGGCAG,query_specific,4.0,48,2,9,discovery,True,1.0,1.0257090412683398,0.9999999999999979,0.9386031555135277,0.0,0.9386031555135277,True,False
CCGCGAGGAGGCAG,query_specific,4.0,48,2,10,discovery,True,1.0,1.0257090412683398,0.9999999999999979,0.9386031555135277,0.0,0.9386031555135277,True,False
CCGCGAGGAGGCAG,query_specific,4.0,48,2,11,discovery,True,1.0,1.0257090412683398,0.9999999999999979,0.9386031555135277,0.0,0.9386031555135277,True,False
CCGCGAGGAGGCAG,query_specific,4.0,48,2,12,confirmation,True,1.0,1.0257090412683398,0.9999999999999979,0.9386031555135277,0.0,0.9386031555135277,True,False
CCGCGAGGAGGCAG,query_specific,4.0,48,2,13,confirmation,True,1.0,1.0257090412683398,0.9999999999999979,0.9386031555135277,0.0,0.9386031555135277,True,False
CCGCGAGGAGGCAG,query_specific,4.0,48,2,14,confirmation,True,1.0,1.0257090412683398,0.9999999999999979,0.9386031555135277,0.0,0.9386031555135277,True,False
CCGCGAGGAGGCAG,query_specific,4.0,48,2,15,confirmation,True,1.0,1.0257090412683398,0.9999999999999979,0.9386031555135277,0.0,0.9386031555135277,True,False
CCGCGAGGAGGCAG,query_specific,4.0,48,2,16,confirmation,True,1.0,1.0257090412683398,0.9999999999999979,0.9386031555135277,0.0,0.9386031555135277,True,False
CCGCGAGGAGGCAG,query_specific,4.0,48,2,17,confirmation,True,1.0,1.0257090412683398,0.9999999999999979,0.9386031555135277,0.0,0.9386031555135277,True,False
CCGCGAGGAGGCAG,query_specific,4.0,48,2,18,confirmation,True,1.0,1.0257090412683398,0.9999999999999979,0.9386031555135277,0.0,0.9386031555135277,True,False
CCGCGAGGAGGCAG,query_specific,4.0,48,2,19,confirmation,True,1.0,1.0257090412683398,0.9999999999999979,0.9386031555135277,0.0,0.9386031555135277,True,False
CCGCGAGGAGGCAG,query_specific,4.0,48,2,20,confirmation,True,1.0,1.0257090412683398,0.9999999999999979,0.9386031555135277,0.0,0.9386031555135277,True,False
CCGCGAGGAGGCAG,query_specific,4.0,48,2,21,confirmation,True,1.0,1.0257090412683398,0.9999999999999979,0.9386031555135277,0.0,0.9386031555135277,True,False
CCGCGAGGAGGCAG,query_specific,4.0,48,2,22,confirmation,True,1.0,1.0257090412683398,0.9999999999999979,0.9386031555135277,0.0,0.9386031555135277,True,False
CCGCGAGGAGGCAG,query_specific,4.0,48,2,23,confirmation,True,1.0,1.0257090412683398,0.9999999999999979,0.9386031555135277,0.0,0.9386031555135277,True,False
CCGCGAGGAGGCAG,query_specific,4.0,88,1,0,discovery,True,0.9999999999999998,1.0543456966092828,0.9999999999999979,0.8702147525299558,0.0,0.8702147525299558,True,False
CCGCGAGGAGGCAG,query_specific,4.0,88,1,1,discovery,True,0.9999999999999998,1.0543456966092828,0.9999999999999979,0.8702147525299558,0.0,0.8702147525299558,True,False
CCGCGAGGAGGCAG,query_specific,4.0,88,1,2,discovery,True,0.9999999999999998,1.0543456966092828,0.9999999999999979,0.8702147525299558,0.0,0.8702147525299558,True,False
CCGCGAGGAGGCAG,query_specific,4.0,88,1,3,discovery,True,0.9999999999999998,1.0543456966092828,0.9999999999999979,0.8702147525299558,0.0,0.8702147525299558,True,False
CCGCGAGGAGGCAG,query_specific,4.0,88,1,4,discovery,True,0.9999999999999998,1.0543456966092828,0.9999999999999979,0.8702147525299558,0.0,0.8702147525299558,True,False
CCGCGAGGAGGCAG,query_specific,4.0,88,1,5,discovery,True,0.9999999999999998,1.0543456966092828,0.9999999999999979,0.8702147525299558,0.0,0.8702147525299558,True,False
CCGCGAGGAGGCAG,query_specific,4.0,88,1,6,discovery,True,0.9999999999999998,1.0543456966092828,0.9999999999999979,0.8702147525299558,0.0,0.8702147525299558,True,False
CCGCGAGGAGGCAG,query_specific,4.0,88,1,7,discovery,True,0.9999999999999998,1.0543456966092828,0.9999999999999979,0.8702147525299558,0.0,0.8702147525299558,True,False
CCGCGAGGAGGCAG,query_specific,4.0,88,1,8,discovery,True,0.9999999999999998,1.0543456966092828,0.9999999999999979,0.8702147525299558,0.0,0.8702147525299558,True,False
CCGCGAGGAGGCAG,query_specific,4.0,88,1,9,discovery,True,0.9999999999999998,1.0543456966092828,0.9999999999999979,0.8702147525299558,0.0,0.8702147525299558,True,False
CCGCGAGGAGGCAG,query_specific,4.0,88,1,10,discovery,True,0.9999999999999998,1.0543456966092828,0.9999999999999979,0.8702147525299558,0.0,0.8702147525299558,True,False
CCGCGAGGAGGCAG,query_specific,4.0,88,1,11,discovery,True,0.9999999999999998,1.0543456966092828,0.9999999999999979,0.8702147525299558,0.0,0.8702147525299558,True,False
CCGCGAGGAGGCAG,query_specific,4.0,88,1,12,confirmation,True,0.9999999999999998,1.0543456966092828,0.9999999999999979,0.8702147525299558,0.0,0.8702147525299558,True,False
CCGCGAGGAGGCAG,query_specific,4.0,88,1,13,confirmation,True,0.9999999999999998,1.0543456966092828,0.9999999999999979,0.8702147525299558,0.0,0.8702147525299558,True,False
CCGCGAGGAGGCAG,query_specific,4.0,88,1,14,confirmation,True,0.9999999999999998,1.0543456966092828,0.9999999999999979,0.8702147525299558,0.0,0.8702147525299558,True,False
CCGCGAGGAGGCAG,query_specific,4.0,88,1,15,confirmation,True,0.9999999999999998,1.0543456966092828,0.9999999999999979,0.8702147525299558,0.0,0.8702147525299558,True,False
CCGCGAGGAGGCAG,query_specific,4.0,88,1,16,confirmation,True,0.9999999999999998,1.0543456966092828,0.9999999999999979,0.8702147525299558,0.0,0.8702147525299558,True,False
CCGCGAGGAGGCAG,query_specific,4.0,88,1,17,confirmation,True,0.9999999999999998,1.0543456966092828,0.9999999999999979,0.8702147525299558,0.0,0.8702147525299558,True,False
CCGCGAGGAGGCAG,query_specific,4.0,88,1,18,confirmation,True,0.9999999999999998,1.0543456966092828,0.9999999999999979,0.8702147525299558,0.0,0.8702147525299558,True,False
CCGCGAGGAGGCAG,query_specific,4.0,88,1,19,confirmation,True,0.9999999999999998,1.0543456966092828,0.9999999999999979,0.8702147525299558,0.0,0.8702147525299558,True,False
CCGCGAGGAGGCAG,query_specific,4.0,88,1,20,confirmation,True,0.9999999999999998,1.0543456966092828,0.9999999999999979,0.8702147525299558,0.0,0.8702147525299558,True,False
CCGCGAGGAGGCAG,query_specific,4.0,88,1,21,confirmation,True,0.9999999999999998,1.0543456966092828,0.9999999999999979,0.8702147525299558,0.0,0.8702147525299558,True,False
CCGCGAGGAGGCAG,query_specific,4.0,88,1,22,confirmation,True,0.9999999999999998,1.0543456966092828,0.9999999999999979,0.8702147525299558,0.0,0.8702147525299558,True,False
CCGCGAGGAGGCAG,query_specific,4.0,88,1,23,confirmation,True,0.9999999999999998,1.0543456966092828,0.9999999999999979,0.8702147525299558,0.0,0.8702147525299558,True,False
CCGCGAGGAGGCAG,query_specific,4.0,88,2,0,discovery,True,1.0,1.0257090412683407,0.9999999999999979,0.9386031555135279,0.9386031555135279,0.9386031555135279,True,False
CCGCGAGGAGGCAG,query_specific,4.0,88,2,1,discovery,True,1.0,1.0257090412683407,0.9999999999999979,0.9386031555135279,0.9386031555135279,0.9386031555135279,True,False
CCGCGAGGAGGCAG,query_specific,4.0,88,2,2,discovery,True,1.0,1.0257090412683407,0.9999999999999979,0.9386031555135279,0.9386031555135279,0.9386031555135279,True,False
CCGCGAGGAGGCAG,query_specific,4.0,88,2,3,discovery,True,1.0,1.0257090412683407,0.9999999999999979,0.9386031555135279,0.9386031555135279,0.9386031555135279,True,False
CCGCGAGGAGGCAG,query_specific,4.0,88,2,4,discovery,True,1.0,1.0257090412683407,0.9999999999999979,0.9386031555135279,0.9386031555135279,0.9386031555135279,True,False
CCGCGAGGAGGCAG,query_specific,4.0,88,2,5,discovery,True,1.0,1.0257090412683407,0.9999999999999979,0.9386031555135279,0.9386031555135279,0.9386031555135279,True,False
CCGCGAGGAGGCAG,query_specific,4.0,88,2,6,discovery,True,1.0,1.0257090412683407,0.9999999999999979,0.9386031555135279,0.9386031555135279,0.9386031555135279,True,False
CCGCGAGGAGGCAG,query_specific,4.0,88,2,7,discovery,True,1.0,1.0257090412683407,0.9999999999999979,0.9386031555135279,0.9386031555135279,0.9386031555135279,True,False
CCGCGAGGAGGCAG,query_specific,4.0,88,2,8,discovery,True,1.0,1.0257090412683407,0.9999999999999979,0.9386031555135279,0.9386031555135279,0.9386031555135279,True,False
CCGCGAGGAGGCAG,query_specific,4.0,88,2,9,discovery,True,1.0,1.0257090412683407,0.9999999999999979,0.9386031555135279,0.9386031555135279,0.9386031555135279,True,False
CCGCGAGGAGGCAG,query_specific,4.0,88,2,10,discovery,True,1.0,1.0257090412683407,0.9999999999999979,0.9386031555135279,0.9386031555135279,0.9386031555135279,True,False
CCGCGAGGAGGCAG,query_specific,4.0,88,2,11,discovery,True,1.0,1.0257090412683407,0.9999999999999979,0.9386031555135279,0.9386031555135279,0.9386031555135279,True,False
CCGCGAGGAGGCAG,query_specific,4.0,88,2,12,confirmation,True,1.0,1.0257090412683407,0.9999999999999979,0.9386031555135279,0.9386031555135279,0.9386031555135279,True,False
CCGCGAGGAGGCAG,query_specific,4.0,88,2,13,confirmation,True,1.0,1.0257090412683407,0.9999999999999979,0.9386031555135279,0.9386031555135279,0.9386031555135279,True,False
CCGCGAGGAGGCAG,query_specific,4.0,88,2,14,confirmation,True,1.0,1.0257090412683407,0.9999999999999979,0.9386031555135279,0.9386031555135279,0.9386031555135279,True,False
CCGCGAGGAGGCAG,query_specific,4.0,88,2,15,confirmation,True,1.0,1.0257090412683407,0.9999999999999979,0.9386031555135279,0.9386031555135279,0.9386031555135279,True,False
CCGCGAGGAGGCAG,query_specific,4.0,88,2,16,confirmation,True,1.0,1.0257090412683407,0.9999999999999979,0.9386031555135279,0.9386031555135279,0.9386031555135279,True,False
CCGCGAGGAGGCAG,query_specific,4.0,88,2,17,confirmation,True,1.0,1.0257090412683407,0.9999999999999979,0.9386031555135279,0.9386031555135279,0.9386031555135279,True,False
CCGCGAGGAGGCAG,query_specific,4.0,88,2,18,confirmation,True,1.0,1.0257090412683407,0.9999999999999979,0.9386031555135279,0.9386031555135279,0.9386031555135279,True,False
CCGCGAGGAGGCAG,query_specific,4.0,88,2,19,confirmation,True,1.0,1.0257090412683407,0.9999999999999979,0.9386031555135279,0.9386031555135279,0.9386031555135279,True,False
CCGCGAGGAGGCAG,query_specific,4.0,88,2,20,confirmation,True,1.0,1.0257090412683407,0.9999999999999979,0.9386031555135279,0.9386031555135279,0.9386031555135279,True,False
CCGCGAGGAGGCAG,query_specific,4.0,88,2,21,confirmation,True,1.0,1.0257090412683407,0.9999999999999979,0.9386031555135279,0.9386031555135279,0.9386031555135279,True,False
CCGCGAGGAGGCAG,query_specific,4.0,88,2,22,confirmation,True,1.0,1.0257090412683407,0.9999999999999979,0.9386031555135279,0.9386031555135279,0.9386031555135279,True,False
CCGCGAGGAGGCAG,query_specific,4.0,88,2,23,confirmation,True,1.0,1.0257090412683407,0.9999999999999979,0.9386031555135279,0.9386031555135279,0.9386031555135279,True,False
CCGCGAGGAGGCAG,distributed,0.25,8,1,0,discovery,True,0.9999999999999998,1.2453386237093649,1.2453386237093864,0.068104455984107,0.007448924873261704,0.136208911968214,True,False
CCGCGAGGAGGCAG,distributed,0.25,8,1,1,discovery,True,0.9999999999999998,1.2453386237093649,1.2453386237093864,0.068104455984107,0.007448924873261704,0.136208911968214,True,False
CCGCGAGGAGGCAG,distributed,0.25,8,1,2,discovery,True,0.9999999999999998,1.2453386237093649,1.2453386237093864,0.068104455984107,0.007448924873261704,0.136208911968214,True,False
CCGCGAGGAGGCAG,distributed,0.25,8,1,3,discovery,True,0.9999999999999998,1.2453386237093649,1.2453386237093864,0.068104455984107,0.007448924873261704,0.136208911968214,True,False
CCGCGAGGAGGCAG,distributed,0.25,8,1,4,discovery,True,0.9999999999999998,1.2453386237093649,1.2453386237093864,0.068104455984107,0.007448924873261704,0.136208911968214,True,False
CCGCGAGGAGGCAG,distributed,0.25,8,1,5,discovery,True,0.9999999999999998,1.2453386237093649,1.2453386237093864,0.068104455984107,0.007448924873261704,0.136208911968214,True,False
CCGCGAGGAGGCAG,distributed,0.25,8,1,6,discovery,True,0.9999999999999998,1.2453386237093649,1.2453386237093864,0.068104455984107,0.007448924873261704,0.136208911968214,True,False
CCGCGAGGAGGCAG,distributed,0.25,8,1,7,discovery,True,0.9999999999999998,1.2453386237093649,1.2453386237093864,0.068104455984107,0.007448924873261704,0.136208911968214,True,False
CCGCGAGGAGGCAG,distributed,0.25,8,1,8,discovery,True,0.9999999999999998,1.2453386237093649,1.2453386237093864,0.068104455984107,0.007448924873261704,0.136208911968214,True,False
CCGCGAGGAGGCAG,distributed,0.25,8,1,9,discovery,True,0.9999999999999998,1.2453386237093649,1.2453386237093864,0.068104455984107,0.007448924873261704,0.136208911968214,True,False
CCGCGAGGAGGCAG,distributed,0.25,8,1,10,discovery,True,0.9999999999999998,1.2453386237093649,1.2453386237093864,0.068104455984107,0.007448924873261704,0.136208911968214,True,False
CCGCGAGGAGGCAG,distributed,0.25,8,1,11,discovery,True,0.9999999999999998,1.2453386237093649,1.2453386237093864,0.068104455984107,0.007448924873261704,0.136208911968214,True,False
CCGCGAGGAGGCAG,distributed,0.25,8,1,12,confirmation,True,0.9999999999999998,1.2453386237093649,1.2453386237093864,0.068104455984107,0.007448924873261704,0.136208911968214,True,False
CCGCGAGGAGGCAG,distributed,0.25,8,1,13,confirmation,True,0.9999999999999998,1.2453386237093649,1.2453386237093864,0.068104455984107,0.007448924873261704,0.136208911968214,True,False
CCGCGAGGAGGCAG,distributed,0.25,8,1,14,confirmation,True,0.9999999999999998,1.2453386237093649,1.2453386237093864,0.068104455984107,0.007448924873261704,0.136208911968214,True,False
CCGCGAGGAGGCAG,distributed,0.25,8,1,15,confirmation,True,0.9999999999999998,1.2453386237093649,1.2453386237093864,0.068104455984107,0.007448924873261704,0.136208911968214,True,False
CCGCGAGGAGGCAG,distributed,0.25,8,1,16,confirmation,True,0.9999999999999998,1.2453386237093649,1.2453386237093864,0.068104455984107,0.007448924873261704,0.136208911968214,True,False
CCGCGAGGAGGCAG,distributed,0.25,8,1,17,confirmation,True,0.9999999999999998,1.2453386237093649,1.2453386237093864,0.068104455984107,0.007448924873261704,0.136208911968214,True,False
CCGCGAGGAGGCAG,distributed,0.25,8,1,18,confirmation,True,0.9999999999999998,1.2453386237093649,1.2453386237093864,0.068104455984107,0.007448924873261704,0.136208911968214,True,False
CCGCGAGGAGGCAG,distributed,0.25,8,1,19,confirmation,True,0.9999999999999998,1.2453386237093649,1.2453386237093864,0.068104455984107,0.007448924873261704,0.136208911968214,True,False
CCGCGAGGAGGCAG,distributed,0.25,8,1,20,confirmation,True,0.9999999999999998,1.2453386237093649,1.2453386237093864,0.068104455984107,0.007448924873261704,0.136208911968214,True,False
CCGCGAGGAGGCAG,distributed,0.25,8,1,21,confirmation,True,0.9999999999999998,1.2453386237093649,1.2453386237093864,0.068104455984107,0.007448924873261704,0.136208911968214,True,False
CCGCGAGGAGGCAG,distributed,0.25,8,1,22,confirmation,True,0.9999999999999998,1.2453386237093649,1.2453386237093864,0.068104455984107,0.007448924873261704,0.136208911968214,True,False
CCGCGAGGAGGCAG,distributed,0.25,8,1,23,confirmation,True,0.9999999999999998,1.2453386237093649,1.2453386237093864,0.068104455984107,0.007448924873261704,0.136208911968214,True,False
CCGCGAGGAGGCAG,distributed,0.25,8,2,0,discovery,True,1.0,1.2089148595894952,1.2089148595894827,0.13222506276759943,0.02892423248041238,0.26445012553519887,True,False
CCGCGAGGAGGCAG,distributed,0.25,8,2,1,discovery,True,1.0,1.2089148595894952,1.2089148595894827,0.13222506276759943,0.02892423248041238,0.26445012553519887,True,False
CCGCGAGGAGGCAG,distributed,0.25,8,2,2,discovery,True,1.0,1.2089148595894952,1.2089148595894827,0.13222506276759943,0.02892423248041238,0.26445012553519887,True,False
CCGCGAGGAGGCAG,distributed,0.25,8,2,3,discovery,True,1.0,1.2089148595894952,1.2089148595894827,0.13222506276759943,0.02892423248041238,0.26445012553519887,True,False
CCGCGAGGAGGCAG,distributed,0.25,8,2,4,discovery,True,1.0,1.2089148595894952,1.2089148595894827,0.13222506276759943,0.02892423248041238,0.26445012553519887,True,False
CCGCGAGGAGGCAG,distributed,0.25,8,2,5,discovery,True,1.0,1.2089148595894952,1.2089148595894827,0.13222506276759943,0.02892423248041238,0.26445012553519887,True,False
CCGCGAGGAGGCAG,distributed,0.25,8,2,6,discovery,True,1.0,1.2089148595894952,1.2089148595894827,0.13222506276759943,0.02892423248041238,0.26445012553519887,True,False
CCGCGAGGAGGCAG,distributed,0.25,8,2,7,discovery,True,1.0,1.2089148595894952,1.2089148595894827,0.13222506276759943,0.02892423248041238,0.26445012553519887,True,False
CCGCGAGGAGGCAG,distributed,0.25,8,2,8,discovery,True,1.0,1.2089148595894952,1.2089148595894827,0.13222506276759943,0.02892423248041238,0.26445012553519887,True,False
CCGCGAGGAGGCAG,distributed,0.25,8,2,9,discovery,True,1.0,1.2089148595894952,1.2089148595894827,0.13222506276759943,0.02892423248041238,0.26445012553519887,True,False
CCGCGAGGAGGCAG,distributed,0.25,8,2,10,discovery,True,1.0,1.2089148595894952,1.2089148595894827,0.13222506276759943,0.02892423248041238,0.26445012553519887,True,False
CCGCGAGGAGGCAG,distributed,0.25,8,2,11,discovery,True,1.0,1.2089148595894952,1.2089148595894827,0.13222506276759943,0.02892423248041238,0.26445012553519887,True,False
CCGCGAGGAGGCAG,distributed,0.25,8,2,12,confirmation,True,1.0,1.2089148595894952,1.2089148595894827,0.13222506276759943,0.02892423248041238,0.26445012553519887,True,False
CCGCGAGGAGGCAG,distributed,0.25,8,2,13,confirmation,True,1.0,1.2089148595894952,1.2089148595894827,0.13222506276759943,0.02892423248041238,0.26445012553519887,True,False
CCGCGAGGAGGCAG,distributed,0.25,8,2,14,confirmation,True,1.0,1.2089148595894952,1.2089148595894827,0.13222506276759943,0.02892423248041238,0.26445012553519887,True,False
CCGCGAGGAGGCAG,distributed,0.25,8,2,15,confirmation,True,1.0,1.2089148595894952,1.2089148595894827,0.13222506276759943,0.02892423248041238,0.26445012553519887,True,False
CCGCGAGGAGGCAG,distributed,0.25,8,2,16,confirmation,True,1.0,1.2089148595894952,1.2089148595894827,0.13222506276759943,0.02892423248041238,0.26445012553519887,True,False
CCGCGAGGAGGCAG,distributed,0.25,8,2,17,confirmation,True,1.0,1.2089148595894952,1.2089148595894827,0.13222506276759943,0.02892423248041238,0.26445012553519887,True,False
CCGCGAGGAGGCAG,distributed,0.25,8,2,18,confirmation,True,1.0,1.2089148595894952,1.2089148595894827,0.13222506276759943,0.02892423248041238,0.26445012553519887,True,False
CCGCGAGGAGGCAG,distributed,0.25,8,2,19,confirmation,True,1.0,1.2089148595894952,1.2089148595894827,0.13222506276759943,0.02892423248041238,0.26445012553519887,True,False
CCGCGAGGAGGCAG,distributed,0.25,8,2,20,confirmation,True,1.0,1.2089148595894952,1.2089148595894827,0.13222506276759943,0.02892423248041238,0.26445012553519887,True,False
CCGCGAGGAGGCAG,distributed,0.25,8,2,21,confirmation,True,1.0,1.2089148595894952,1.2089148595894827,0.13222506276759943,0.02892423248041238,0.26445012553519887,True,False
CCGCGAGGAGGCAG,distributed,0.25,8,2,22,confirmation,True,1.0,1.2089148595894952,1.2089148595894827,0.13222506276759943,0.02892423248041238,0.26445012553519887,True,False
CCGCGAGGAGGCAG,distributed,0.25,8,2,23,confirmation,True,1.0,1.2089148595894952,1.2089148595894827,0.13222506276759943,0.02892423248041238,0.26445012553519887,True,False
CCGCGAGGAGGCAG,distributed,0.25,48,1,0,discovery,True,0.9999999999999998,1.2453386237093649,1.2453386237093864,0.068104455984107,0.007448924873261704,0.136208911968214,True,False
CCGCGAGGAGGCAG,distributed,0.25,48,1,1,discovery,True,0.9999999999999998,1.2453386237093649,1.2453386237093864,0.068104455984107,0.007448924873261704,0.136208911968214,True,False
CCGCGAGGAGGCAG,distributed,0.25,48,1,2,discovery,True,0.9999999999999998,1.2453386237093649,1.2453386237093864,0.068104455984107,0.007448924873261704,0.136208911968214,True,False
CCGCGAGGAGGCAG,distributed,0.25,48,1,3,discovery,True,0.9999999999999998,1.2453386237093649,1.2453386237093864,0.068104455984107,0.007448924873261704,0.136208911968214,True,False
CCGCGAGGAGGCAG,distributed,0.25,48,1,4,discovery,True,0.9999999999999998,1.2453386237093649,1.2453386237093864,0.068104455984107,0.007448924873261704,0.136208911968214,True,False
CCGCGAGGAGGCAG,distributed,0.25,48,1,5,discovery,True,0.9999999999999998,1.2453386237093649,1.2453386237093864,0.068104455984107,0.007448924873261704,0.136208911968214,True,False
CCGCGAGGAGGCAG,distributed,0.25,48,1,6,discovery,True,0.9999999999999998,1.2453386237093649,1.2453386237093864,0.068104455984107,0.007448924873261704,0.136208911968214,True,False
CCGCGAGGAGGCAG,distributed,0.25,48,1,7,discovery,True,0.9999999999999998,1.2453386237093649,1.2453386237093864,0.068104455984107,0.007448924873261704,0.136208911968214,True,False
CCGCGAGGAGGCAG,distributed,0.25,48,1,8,discovery,True,0.9999999999999998,1.2453386237093649,1.2453386237093864,0.068104455984107,0.007448924873261704,0.136208911968214,True,False
CCGCGAGGAGGCAG,distributed,0.25,48,1,9,discovery,True,0.9999999999999998,1.2453386237093649,1.2453386237093864,0.068104455984107,0.007448924873261704,0.136208911968214,True,False
CCGCGAGGAGGCAG,distributed,0.25,48,1,10,discovery,True,0.9999999999999998,1.2453386237093649,1.2453386237093864,0.068104455984107,0.007448924873261704,0.136208911968214,True,False
CCGCGAGGAGGCAG,distributed,0.25,48,1,11,discovery,True,0.9999999999999998,1.2453386237093649,1.2453386237093864,0.068104455984107,0.007448924873261704,0.136208911968214,True,False
CCGCGAGGAGGCAG,distributed,0.25,48,1,12,confirmation,True,0.9999999999999998,1.2453386237093649,1.2453386237093864,0.068104455984107,0.007448924873261704,0.136208911968214,True,False
CCGCGAGGAGGCAG,distributed,0.25,48,1,13,confirmation,True,0.9999999999999998,1.2453386237093649,1.2453386237093864,0.068104455984107,0.007448924873261704,0.136208911968214,True,False
CCGCGAGGAGGCAG,distributed,0.25,48,1,14,confirmation,True,0.9999999999999998,1.2453386237093649,1.2453386237093864,0.068104455984107,0.007448924873261704,0.136208911968214,True,False
CCGCGAGGAGGCAG,distributed,0.25,48,1,15,confirmation,True,0.9999999999999998,1.2453386237093649,1.2453386237093864,0.068104455984107,0.007448924873261704,0.136208911968214,True,False
CCGCGAGGAGGCAG,distributed,0.25,48,1,16,confirmation,True,0.9999999999999998,1.2453386237093649,1.2453386237093864,0.068104455984107,0.007448924873261704,0.136208911968214,True,False
CCGCGAGGAGGCAG,distributed,0.25,48,1,17,confirmation,True,0.9999999999999998,1.2453386237093649,1.2453386237093864,0.068104455984107,0.007448924873261704,0.136208911968214,True,False
CCGCGAGGAGGCAG,distributed,0.25,48,1,18,confirmation,True,0.9999999999999998,1.2453386237093649,1.2453386237093864,0.068104455984107,0.007448924873261704,0.136208911968214,True,False
CCGCGAGGAGGCAG,distributed,0.25,48,1,19,confirmation,True,0.9999999999999998,1.2453386237093649,1.2453386237093864,0.068104455984107,0.007448924873261704,0.136208911968214,True,False
CCGCGAGGAGGCAG,distributed,0.25,48,1,20,confirmation,True,0.9999999999999998,1.2453386237093649,1.2453386237093864,0.068104455984107,0.007448924873261704,0.136208911968214,True,False
CCGCGAGGAGGCAG,distributed,0.25,48,1,21,confirmation,True,0.9999999999999998,1.2453386237093649,1.2453386237093864,0.068104455984107,0.007448924873261704,0.136208911968214,True,False
CCGCGAGGAGGCAG,distributed,0.25,48,1,22,confirmation,True,0.9999999999999998,1.2453386237093649,1.2453386237093864,0.068104455984107,0.007448924873261704,0.136208911968214,True,False
CCGCGAGGAGGCAG,distributed,0.25,48,1,23,confirmation,True,0.9999999999999998,1.2453386237093649,1.2453386237093864,0.068104455984107,0.007448924873261704,0.136208911968214,True,False
CCGCGAGGAGGCAG,distributed,0.25,48,2,0,discovery,True,1.0,1.2089148595894952,1.2089148595894827,0.13222506276759943,0.02892423248041238,0.26445012553519887,True,False
CCGCGAGGAGGCAG,distributed,0.25,48,2,1,discovery,True,1.0,1.2089148595894952,1.2089148595894827,0.13222506276759943,0.02892423248041238,0.26445012553519887,True,False
CCGCGAGGAGGCAG,distributed,0.25,48,2,2,discovery,True,1.0,1.2089148595894952,1.2089148595894827,0.13222506276759943,0.02892423248041238,0.26445012553519887,True,False
CCGCGAGGAGGCAG,distributed,0.25,48,2,3,discovery,True,1.0,1.2089148595894952,1.2089148595894827,0.13222506276759943,0.02892423248041238,0.26445012553519887,True,False
CCGCGAGGAGGCAG,distributed,0.25,48,2,4,discovery,True,1.0,1.2089148595894952,1.2089148595894827,0.13222506276759943,0.02892423248041238,0.26445012553519887,True,False
CCGCGAGGAGGCAG,distributed,0.25,48,2,5,discovery,True,1.0,1.2089148595894952,1.2089148595894827,0.13222506276759943,0.02892423248041238,0.26445012553519887,True,False
CCGCGAGGAGGCAG,distributed,0.25,48,2,6,discovery,True,1.0,1.2089148595894952,1.2089148595894827,0.13222506276759943,0.02892423248041238,0.26445012553519887,True,False
CCGCGAGGAGGCAG,distributed,0.25,48,2,7,discovery,True,1.0,1.2089148595894952,1.2089148595894827,0.13222506276759943,0.02892423248041238,0.26445012553519887,True,False
CCGCGAGGAGGCAG,distributed,0.25,48,2,8,discovery,True,1.0,1.2089148595894952,1.2089148595894827,0.13222506276759943,0.02892423248041238,0.26445012553519887,True,False
CCGCGAGGAGGCAG,distributed,0.25,48,2,9,discovery,True,1.0,1.2089148595894952,1.2089148595894827,0.13222506276759943,0.02892423248041238,0.26445012553519887,True,False
CCGCGAGGAGGCAG,distributed,0.25,48,2,10,discovery,True,1.0,1.2089148595894952,1.2089148595894827,0.13222506276759943,0.02892423248041238,0.26445012553519887,True,False
CCGCGAGGAGGCAG,distributed,0.25,48,2,11,discovery,True,1.0,1.2089148595894952,1.2089148595894827,0.13222506276759943,0.02892423248041238,0.26445012553519887,True,False
CCGCGAGGAGGCAG,distributed,0.25,48,2,12,confirmation,True,1.0,1.2089148595894952,1.2089148595894827,0.13222506276759943,0.02892423248041238,0.26445012553519887,True,False
CCGCGAGGAGGCAG,distributed,0.25,48,2,13,confirmation,True,1.0,1.2089148595894952,1.2089148595894827,0.13222506276759943,0.02892423248041238,0.26445012553519887,True,False
CCGCGAGGAGGCAG,distributed,0.25,48,2,14,confirmation,True,1.0,1.2089148595894952,1.2089148595894827,0.13222506276759943,0.02892423248041238,0.26445012553519887,True,False
CCGCGAGGAGGCAG,distributed,0.25,48,2,15,confirmation,True,1.0,1.2089148595894952,1.2089148595894827,0.13222506276759943,0.02892423248041238,0.26445012553519887,True,False
CCGCGAGGAGGCAG,distributed,0.25,48,2,16,confirmation,True,1.0,1.2089148595894952,1.2089148595894827,0.13222506276759943,0.02892423248041238,0.26445012553519887,True,False
CCGCGAGGAGGCAG,distributed,0.25,48,2,17,confirmation,True,1.0,1.2089148595894952,1.2089148595894827,0.13222506276759943,0.02892423248041238,0.26445012553519887,True,False
CCGCGAGGAGGCAG,distributed,0.25,48,2,18,confirmation,True,1.0,1.2089148595894952,1.2089148595894827,0.13222506276759943,0.02892423248041238,0.26445012553519887,True,False
CCGCGAGGAGGCAG,distributed,0.25,48,2,19,confirmation,True,1.0,1.2089148595894952,1.2089148595894827,0.13222506276759943,0.02892423248041238,0.26445012553519887,True,False
CCGCGAGGAGGCAG,distributed,0.25,48,2,20,confirmation,True,1.0,1.2089148595894952,1.2089148595894827,0.13222506276759943,0.02892423248041238,0.26445012553519887,True,False
CCGCGAGGAGGCAG,distributed,0.25,48,2,21,confirmation,True,1.0,1.2089148595894952,1.2089148595894827,0.13222506276759943,0.02892423248041238,0.26445012553519887,True,False
CCGCGAGGAGGCAG,distributed,0.25,48,2,22,confirmation,True,1.0,1.2089148595894952,1.2089148595894827,0.13222506276759943,0.02892423248041238,0.26445012553519887,True,False
CCGCGAGGAGGCAG,distributed,0.25,48,2,23,confirmation,True,1.0,1.2089148595894952,1.2089148595894827,0.13222506276759943,0.02892423248041238,0.26445012553519887,True,False
CCGCGAGGAGGCAG,distributed,0.25,88,1,0,discovery,True,0.9999999999999998,1.2453386237093649,1.2453386237093864,0.06810445598410705,0.007448924873261706,0.1362089119682141,True,False
CCGCGAGGAGGCAG,distributed,0.25,88,1,1,discovery,True,0.9999999999999998,1.2453386237093649,1.2453386237093864,0.06810445598410705,0.007448924873261706,0.1362089119682141,True,False
CCGCGAGGAGGCAG,distributed,0.25,88,1,2,discovery,True,0.9999999999999998,1.2453386237093649,1.2453386237093864,0.06810445598410705,0.007448924873261706,0.1362089119682141,True,False
CCGCGAGGAGGCAG,distributed,0.25,88,1,3,discovery,True,0.9999999999999998,1.2453386237093649,1.2453386237093864,0.06810445598410705,0.007448924873261706,0.1362089119682141,True,False
CCGCGAGGAGGCAG,distributed,0.25,88,1,4,discovery,True,0.9999999999999998,1.2453386237093649,1.2453386237093864,0.06810445598410705,0.007448924873261706,0.1362089119682141,True,False
CCGCGAGGAGGCAG,distributed,0.25,88,1,5,discovery,True,0.9999999999999998,1.2453386237093649,1.2453386237093864,0.06810445598410705,0.007448924873261706,0.1362089119682141,True,False
CCGCGAGGAGGCAG,distributed,0.25,88,1,6,discovery,True,0.9999999999999998,1.2453386237093649,1.2453386237093864,0.06810445598410705,0.007448924873261706,0.1362089119682141,True,False
CCGCGAGGAGGCAG,distributed,0.25,88,1,7,discovery,True,0.9999999999999998,1.2453386237093649,1.2453386237093864,0.06810445598410705,0.007448924873261706,0.1362089119682141,True,False
CCGCGAGGAGGCAG,distributed,0.25,88,1,8,discovery,True,0.9999999999999998,1.2453386237093649,1.2453386237093864,0.06810445598410705,0.007448924873261706,0.1362089119682141,True,False
CCGCGAGGAGGCAG,distributed,0.25,88,1,9,discovery,True,0.9999999999999998,1.2453386237093649,1.2453386237093864,0.06810445598410705,0.007448924873261706,0.1362089119682141,True,False
CCGCGAGGAGGCAG,distributed,0.25,88,1,10,discovery,True,0.9999999999999998,1.2453386237093649,1.2453386237093864,0.06810445598410705,0.007448924873261706,0.1362089119682141,True,False
CCGCGAGGAGGCAG,distributed,0.25,88,1,11,discovery,True,0.9999999999999998,1.2453386237093649,1.2453386237093864,0.06810445598410705,0.007448924873261706,0.1362089119682141,True,False
CCGCGAGGAGGCAG,distributed,0.25,88,1,12,confirmation,True,0.9999999999999998,1.2453386237093649,1.2453386237093864,0.06810445598410705,0.007448924873261706,0.1362089119682141,True,False
CCGCGAGGAGGCAG,distributed,0.25,88,1,13,confirmation,True,0.9999999999999998,1.2453386237093649,1.2453386237093864,0.06810445598410705,0.007448924873261706,0.1362089119682141,True,False
CCGCGAGGAGGCAG,distributed,0.25,88,1,14,confirmation,True,0.9999999999999998,1.2453386237093649,1.2453386237093864,0.06810445598410705,0.007448924873261706,0.1362089119682141,True,False
CCGCGAGGAGGCAG,distributed,0.25,88,1,15,confirmation,True,0.9999999999999998,1.2453386237093649,1.2453386237093864,0.06810445598410705,0.007448924873261706,0.1362089119682141,True,False
CCGCGAGGAGGCAG,distributed,0.25,88,1,16,confirmation,True,0.9999999999999998,1.2453386237093649,1.2453386237093864,0.06810445598410705,0.007448924873261706,0.1362089119682141,True,False
CCGCGAGGAGGCAG,distributed,0.25,88,1,17,confirmation,True,0.9999999999999998,1.2453386237093649,1.2453386237093864,0.06810445598410705,0.007448924873261706,0.1362089119682141,True,False
CCGCGAGGAGGCAG,distributed,0.25,88,1,18,confirmation,True,0.9999999999999998,1.2453386237093649,1.2453386237093864,0.06810445598410705,0.007448924873261706,0.1362089119682141,True,False
CCGCGAGGAGGCAG,distributed,0.25,88,1,19,confirmation,True,0.9999999999999998,1.2453386237093649,1.2453386237093864,0.06810445598410705,0.007448924873261706,0.1362089119682141,True,False
CCGCGAGGAGGCAG,distributed,0.25,88,1,20,confirmation,True,0.9999999999999998,1.2453386237093649,1.2453386237093864,0.06810445598410705,0.007448924873261706,0.1362089119682141,True,False
CCGCGAGGAGGCAG,distributed,0.25,88,1,21,confirmation,True,0.9999999999999998,1.2453386237093649,1.2453386237093864,0.06810445598410705,0.007448924873261706,0.1362089119682141,True,False
CCGCGAGGAGGCAG,distributed,0.25,88,1,22,confirmation,True,0.9999999999999998,1.2453386237093649,1.2453386237093864,0.06810445598410705,0.007448924873261706,0.1362089119682141,True,False
CCGCGAGGAGGCAG,distributed,0.25,88,1,23,confirmation,True,0.9999999999999998,1.2453386237093649,1.2453386237093864,0.06810445598410705,0.007448924873261706,0.1362089119682141,True,False
CCGCGAGGAGGCAG,distributed,0.25,88,2,0,discovery,True,1.0,1.2089148595894952,1.2089148595894836,0.13222506276759954,0.028924232480412395,0.2644501255351991,True,False
CCGCGAGGAGGCAG,distributed,0.25,88,2,1,discovery,True,1.0,1.2089148595894952,1.2089148595894836,0.13222506276759954,0.028924232480412395,0.2644501255351991,True,False
CCGCGAGGAGGCAG,distributed,0.25,88,2,2,discovery,True,1.0,1.2089148595894952,1.2089148595894836,0.13222506276759954,0.028924232480412395,0.2644501255351991,True,False
CCGCGAGGAGGCAG,distributed,0.25,88,2,3,discovery,True,1.0,1.2089148595894952,1.2089148595894836,0.13222506276759954,0.028924232480412395,0.2644501255351991,True,False
CCGCGAGGAGGCAG,distributed,0.25,88,2,4,discovery,True,1.0,1.2089148595894952,1.2089148595894836,0.13222506276759954,0.028924232480412395,0.2644501255351991,True,False
CCGCGAGGAGGCAG,distributed,0.25,88,2,5,discovery,True,1.0,1.2089148595894952,1.2089148595894836,0.13222506276759954,0.028924232480412395,0.2644501255351991,True,False
CCGCGAGGAGGCAG,distributed,0.25,88,2,6,discovery,True,1.0,1.2089148595894952,1.2089148595894836,0.13222506276759954,0.028924232480412395,0.2644501255351991,True,False
CCGCGAGGAGGCAG,distributed,0.25,88,2,7,discovery,True,1.0,1.2089148595894952,1.2089148595894836,0.13222506276759954,0.028924232480412395,0.2644501255351991,True,False
CCGCGAGGAGGCAG,distributed,0.25,88,2,8,discovery,True,1.0,1.2089148595894952,1.2089148595894836,0.13222506276759954,0.028924232480412395,0.2644501255351991,True,False
CCGCGAGGAGGCAG,distributed,0.25,88,2,9,discovery,True,1.0,1.2089148595894952,1.2089148595894836,0.13222506276759954,0.028924232480412395,0.2644501255351991,True,False
CCGCGAGGAGGCAG,distributed,0.25,88,2,10,discovery,True,1.0,1.2089148595894952,1.2089148595894836,0.13222506276759954,0.028924232480412395,0.2644501255351991,True,False
CCGCGAGGAGGCAG,distributed,0.25,88,2,11,discovery,True,1.0,1.2089148595894952,1.2089148595894836,0.13222506276759954,0.028924232480412395,0.2644501255351991,True,False
CCGCGAGGAGGCAG,distributed,0.25,88,2,12,confirmation,True,1.0,1.2089148595894952,1.2089148595894836,0.13222506276759954,0.028924232480412395,0.2644501255351991,True,False
CCGCGAGGAGGCAG,distributed,0.25,88,2,13,confirmation,True,1.0,1.2089148595894952,1.2089148595894836,0.13222506276759954,0.028924232480412395,0.2644501255351991,True,False
CCGCGAGGAGGCAG,distributed,0.25,88,2,14,confirmation,True,1.0,1.2089148595894952,1.2089148595894836,0.13222506276759954,0.028924232480412395,0.2644501255351991,True,False
CCGCGAGGAGGCAG,distributed,0.25,88,2,15,confirmation,True,1.0,1.2089148595894952,1.2089148595894836,0.13222506276759954,0.028924232480412395,0.2644501255351991,True,False
CCGCGAGGAGGCAG,distributed,0.25,88,2,16,confirmation,True,1.0,1.2089148595894952,1.2089148595894836,0.13222506276759954,0.028924232480412395,0.2644501255351991,True,False
CCGCGAGGAGGCAG,distributed,0.25,88,2,17,confirmation,True,1.0,1.2089148595894952,1.2089148595894836,0.13222506276759954,0.028924232480412395,0.2644501255351991,True,False
CCGCGAGGAGGCAG,distributed,0.25,88,2,18,confirmation,True,1.0,1.2089148595894952,1.2089148595894836,0.13222506276759954,0.028924232480412395,0.2644501255351991,True,False
CCGCGAGGAGGCAG,distributed,0.25,88,2,19,confirmation,True,1.0,1.2089148595894952,1.2089148595894836,0.13222506276759954,0.028924232480412395,0.2644501255351991,True,False
CCGCGAGGAGGCAG,distributed,0.25,88,2,20,confirmation,True,1.0,1.2089148595894952,1.2089148595894836,0.13222506276759954,0.028924232480412395,0.2644501255351991,True,False
CCGCGAGGAGGCAG,distributed,0.25,88,2,21,confirmation,True,1.0,1.2089148595894952,1.2089148595894836,0.13222506276759954,0.028924232480412395,0.2644501255351991,True,False
CCGCGAGGAGGCAG,distributed,0.25,88,2,22,confirmation,True,1.0,1.2089148595894952,1.2089148595894836,0.13222506276759954,0.028924232480412395,0.2644501255351991,True,False
CCGCGAGGAGGCAG,distributed,0.25,88,2,23,confirmation,True,1.0,1.2089148595894952,1.2089148595894836,0.13222506276759954,0.028924232480412395,0.2644501255351991,True,False
CCGCGAGGAGGCAG,distributed,1.0,8,1,0,discovery,True,0.9999999999999998,2.288237218698839,2.2882372186987783,0.12513797289758985,0.01368696578567389,0.2502759457951797,True,True
CCGCGAGGAGGCAG,distributed,1.0,8,1,1,discovery,True,0.9999999999999998,2.288237218698839,2.2882372186987783,0.12513797289758985,0.01368696578567389,0.2502759457951797,True,True
CCGCGAGGAGGCAG,distributed,1.0,8,1,2,discovery,True,0.9999999999999998,2.288237218698839,2.2882372186987783,0.12513797289758985,0.01368696578567389,0.2502759457951797,True,True
CCGCGAGGAGGCAG,distributed,1.0,8,1,3,discovery,True,0.9999999999999998,2.288237218698839,2.2882372186987783,0.12513797289758985,0.01368696578567389,0.2502759457951797,True,True
CCGCGAGGAGGCAG,distributed,1.0,8,1,4,discovery,True,0.9999999999999998,2.288237218698839,2.2882372186987783,0.12513797289758985,0.01368696578567389,0.2502759457951797,True,True
CCGCGAGGAGGCAG,distributed,1.0,8,1,5,discovery,True,0.9999999999999998,2.288237218698839,2.2882372186987783,0.12513797289758985,0.01368696578567389,0.2502759457951797,True,True
CCGCGAGGAGGCAG,distributed,1.0,8,1,6,discovery,True,0.9999999999999998,2.288237218698839,2.2882372186987783,0.12513797289758985,0.01368696578567389,0.2502759457951797,True,True
CCGCGAGGAGGCAG,distributed,1.0,8,1,7,discovery,True,0.9999999999999998,2.288237218698839,2.2882372186987783,0.12513797289758985,0.01368696578567389,0.2502759457951797,True,True
CCGCGAGGAGGCAG,distributed,1.0,8,1,8,discovery,True,0.9999999999999998,2.288237218698839,2.2882372186987783,0.12513797289758985,0.01368696578567389,0.2502759457951797,True,True
CCGCGAGGAGGCAG,distributed,1.0,8,1,9,discovery,True,0.9999999999999998,2.288237218698839,2.2882372186987783,0.12513797289758985,0.01368696578567389,0.2502759457951797,True,True
CCGCGAGGAGGCAG,distributed,1.0,8,1,10,discovery,True,0.9999999999999998,2.288237218698839,2.2882372186987783,0.12513797289758985,0.01368696578567389,0.2502759457951797,True,True
CCGCGAGGAGGCAG,distributed,1.0,8,1,11,discovery,True,0.9999999999999998,2.288237218698839,2.2882372186987783,0.12513797289758985,0.01368696578567389,0.2502759457951797,True,True
CCGCGAGGAGGCAG,distributed,1.0,8,1,12,confirmation,True,0.9999999999999998,2.288237218698839,2.2882372186987783,0.12513797289758985,0.01368696578567389,0.2502759457951797,True,True
CCGCGAGGAGGCAG,distributed,1.0,8,1,13,confirmation,True,0.9999999999999998,2.288237218698839,2.2882372186987783,0.12513797289758985,0.01368696578567389,0.2502759457951797,True,True
CCGCGAGGAGGCAG,distributed,1.0,8,1,14,confirmation,True,0.9999999999999998,2.288237218698839,2.2882372186987783,0.12513797289758985,0.01368696578567389,0.2502759457951797,True,True
CCGCGAGGAGGCAG,distributed,1.0,8,1,15,confirmation,True,0.9999999999999998,2.288237218698839,2.2882372186987783,0.12513797289758985,0.01368696578567389,0.2502759457951797,True,True
CCGCGAGGAGGCAG,distributed,1.0,8,1,16,confirmation,True,0.9999999999999998,2.288237218698839,2.2882372186987783,0.12513797289758985,0.01368696578567389,0.2502759457951797,True,True
CCGCGAGGAGGCAG,distributed,1.0,8,1,17,confirmation,True,0.9999999999999998,2.288237218698839,2.2882372186987783,0.12513797289758985,0.01368696578567389,0.2502759457951797,True,True
CCGCGAGGAGGCAG,distributed,1.0,8,1,18,confirmation,True,0.9999999999999998,2.288237218698839,2.2882372186987783,0.12513797289758985,0.01368696578567389,0.2502759457951797,True,True
CCGCGAGGAGGCAG,distributed,1.0,8,1,19,confirmation,True,0.9999999999999998,2.288237218698839,2.2882372186987783,0.12513797289758985,0.01368696578567389,0.2502759457951797,True,True
CCGCGAGGAGGCAG,distributed,1.0,8,1,20,confirmation,True,0.9999999999999998,2.288237218698839,2.2882372186987783,0.12513797289758985,0.01368696578567389,0.2502759457951797,True,True
CCGCGAGGAGGCAG,distributed,1.0,8,1,21,confirmation,True,0.9999999999999998,2.288237218698839,2.2882372186987783,0.12513797289758985,0.01368696578567389,0.2502759457951797,True,True
CCGCGAGGAGGCAG,distributed,1.0,8,1,22,confirmation,True,0.9999999999999998,2.288237218698839,2.2882372186987783,0.12513797289758985,0.01368696578567389,0.2502759457951797,True,True
CCGCGAGGAGGCAG,distributed,1.0,8,1,23,confirmation,True,0.9999999999999998,2.288237218698839,2.2882372186987783,0.12513797289758985,0.01368696578567389,0.2502759457951797,True,True
CCGCGAGGAGGCAG,distributed,1.0,8,2,0,discovery,True,1.0,1.9756762117433493,1.9756762117433528,0.21608958565942993,0.04726959686300028,0.43217917131885986,True,False
CCGCGAGGAGGCAG,distributed,1.0,8,2,1,discovery,True,1.0,1.9756762117433493,1.9756762117433528,0.21608958565942993,0.04726959686300028,0.43217917131885986,True,False
CCGCGAGGAGGCAG,distributed,1.0,8,2,2,discovery,True,1.0,1.9756762117433493,1.9756762117433528,0.21608958565942993,0.04726959686300028,0.43217917131885986,True,False
CCGCGAGGAGGCAG,distributed,1.0,8,2,3,discovery,True,1.0,1.9756762117433493,1.9756762117433528,0.21608958565942993,0.04726959686300028,0.43217917131885986,True,False
CCGCGAGGAGGCAG,distributed,1.0,8,2,4,discovery,True,1.0,1.9756762117433493,1.9756762117433528,0.21608958565942993,0.04726959686300028,0.43217917131885986,True,False
CCGCGAGGAGGCAG,distributed,1.0,8,2,5,discovery,True,1.0,1.9756762117433493,1.9756762117433528,0.21608958565942993,0.04726959686300028,0.43217917131885986,True,False
CCGCGAGGAGGCAG,distributed,1.0,8,2,6,discovery,True,1.0,1.9756762117433493,1.9756762117433528,0.21608958565942993,0.04726959686300028,0.43217917131885986,True,False
CCGCGAGGAGGCAG,distributed,1.0,8,2,7,discovery,True,1.0,1.9756762117433493,1.9756762117433528,0.21608958565942993,0.04726959686300028,0.43217917131885986,True,False
CCGCGAGGAGGCAG,distributed,1.0,8,2,8,discovery,True,1.0,1.9756762117433493,1.9756762117433528,0.21608958565942993,0.04726959686300028,0.43217917131885986,True,False
CCGCGAGGAGGCAG,distributed,1.0,8,2,9,discovery,True,1.0,1.9756762117433493,1.9756762117433528,0.21608958565942993,0.04726959686300028,0.43217917131885986,True,False
CCGCGAGGAGGCAG,distributed,1.0,8,2,10,discovery,True,1.0,1.9756762117433493,1.9756762117433528,0.21608958565942993,0.04726959686300028,0.43217917131885986,True,False
CCGCGAGGAGGCAG,distributed,1.0,8,2,11,discovery,True,1.0,1.9756762117433493,1.9756762117433528,0.21608958565942993,0.04726959686300028,0.43217917131885986,True,False
CCGCGAGGAGGCAG,distributed,1.0,8,2,12,confirmation,True,1.0,1.9756762117433493,1.9756762117433528,0.21608958565942993,0.04726959686300028,0.43217917131885986,True,False
CCGCGAGGAGGCAG,distributed,1.0,8,2,13,confirmation,True,1.0,1.9756762117433493,1.9756762117433528,0.21608958565942993,0.04726959686300028,0.43217917131885986,True,False
CCGCGAGGAGGCAG,distributed,1.0,8,2,14,confirmation,True,1.0,1.9756762117433493,1.9756762117433528,0.21608958565942993,0.04726959686300028,0.43217917131885986,True,False
CCGCGAGGAGGCAG,distributed,1.0,8,2,15,confirmation,True,1.0,1.9756762117433493,1.9756762117433528,0.21608958565942993,0.04726959686300028,0.43217917131885986,True,False
CCGCGAGGAGGCAG,distributed,1.0,8,2,16,confirmation,True,1.0,1.9756762117433493,1.9756762117433528,0.21608958565942993,0.04726959686300028,0.43217917131885986,True,False
CCGCGAGGAGGCAG,distributed,1.0,8,2,17,confirmation,True,1.0,1.9756762117433493,1.9756762117433528,0.21608958565942993,0.04726959686300028,0.43217917131885986,True,False
CCGCGAGGAGGCAG,distributed,1.0,8,2,18,confirmation,True,1.0,1.9756762117433493,1.9756762117433528,0.21608958565942993,0.04726959686300028,0.43217917131885986,True,False
CCGCGAGGAGGCAG,distributed,1.0,8,2,19,confirmation,True,1.0,1.9756762117433493,1.9756762117433528,0.21608958565942993,0.04726959686300028,0.43217917131885986,True,False
CCGCGAGGAGGCAG,distributed,1.0,8,2,20,confirmation,True,1.0,1.9756762117433493,1.9756762117433528,0.21608958565942993,0.04726959686300028,0.43217917131885986,True,False
CCGCGAGGAGGCAG,distributed,1.0,8,2,21,confirmation,True,1.0,1.9756762117433493,1.9756762117433528,0.21608958565942993,0.04726959686300028,0.43217917131885986,True,False
CCGCGAGGAGGCAG,distributed,1.0,8,2,22,confirmation,True,1.0,1.9756762117433493,1.9756762117433528,0.21608958565942993,0.04726959686300028,0.43217917131885986,True,False
CCGCGAGGAGGCAG,distributed,1.0,8,2,23,confirmation,True,1.0,1.9756762117433493,1.9756762117433528,0.21608958565942993,0.04726959686300028,0.43217917131885986,True,False
CCGCGAGGAGGCAG,distributed,1.0,48,1,0,discovery,True,0.9999999999999998,2.288237218698839,2.2882372186987783,0.12513797289758985,0.01368696578567389,0.2502759457951797,True,True
CCGCGAGGAGGCAG,distributed,1.0,48,1,1,discovery,True,0.9999999999999998,2.288237218698839,2.2882372186987783,0.12513797289758985,0.01368696578567389,0.2502759457951797,True,True
CCGCGAGGAGGCAG,distributed,1.0,48,1,2,discovery,True,0.9999999999999998,2.288237218698839,2.2882372186987783,0.12513797289758985,0.01368696578567389,0.2502759457951797,True,True
CCGCGAGGAGGCAG,distributed,1.0,48,1,3,discovery,True,0.9999999999999998,2.288237218698839,2.2882372186987783,0.12513797289758985,0.01368696578567389,0.2502759457951797,True,True
CCGCGAGGAGGCAG,distributed,1.0,48,1,4,discovery,True,0.9999999999999998,2.288237218698839,2.2882372186987783,0.12513797289758985,0.01368696578567389,0.2502759457951797,True,True
CCGCGAGGAGGCAG,distributed,1.0,48,1,5,discovery,True,0.9999999999999998,2.288237218698839,2.2882372186987783,0.12513797289758985,0.01368696578567389,0.2502759457951797,True,True
CCGCGAGGAGGCAG,distributed,1.0,48,1,6,discovery,True,0.9999999999999998,2.288237218698839,2.2882372186987783,0.12513797289758985,0.01368696578567389,0.2502759457951797,True,True
CCGCGAGGAGGCAG,distributed,1.0,48,1,7,discovery,True,0.9999999999999998,2.288237218698839,2.2882372186987783,0.12513797289758985,0.01368696578567389,0.2502759457951797,True,True
CCGCGAGGAGGCAG,distributed,1.0,48,1,8,discovery,True,0.9999999999999998,2.288237218698839,2.2882372186987783,0.12513797289758985,0.01368696578567389,0.2502759457951797,True,True
CCGCGAGGAGGCAG,distributed,1.0,48,1,9,discovery,True,0.9999999999999998,2.288237218698839,2.2882372186987783,0.12513797289758985,0.01368696578567389,0.2502759457951797,True,True
CCGCGAGGAGGCAG,distributed,1.0,48,1,10,discovery,True,0.9999999999999998,2.288237218698839,2.2882372186987783,0.12513797289758985,0.01368696578567389,0.2502759457951797,True,True
CCGCGAGGAGGCAG,distributed,1.0,48,1,11,discovery,True,0.9999999999999998,2.288237218698839,2.2882372186987783,0.12513797289758985,0.01368696578567389,0.2502759457951797,True,True
CCGCGAGGAGGCAG,distributed,1.0,48,1,12,confirmation,True,0.9999999999999998,2.288237218698839,2.2882372186987783,0.12513797289758985,0.01368696578567389,0.2502759457951797,True,True
CCGCGAGGAGGCAG,distributed,1.0,48,1,13,confirmation,True,0.9999999999999998,2.288237218698839,2.2882372186987783,0.12513797289758985,0.01368696578567389,0.2502759457951797,True,True
CCGCGAGGAGGCAG,distributed,1.0,48,1,14,confirmation,True,0.9999999999999998,2.288237218698839,2.2882372186987783,0.12513797289758985,0.01368696578567389,0.2502759457951797,True,True
CCGCGAGGAGGCAG,distributed,1.0,48,1,15,confirmation,True,0.9999999999999998,2.288237218698839,2.2882372186987783,0.12513797289758985,0.01368696578567389,0.2502759457951797,True,True
CCGCGAGGAGGCAG,distributed,1.0,48,1,16,confirmation,True,0.9999999999999998,2.288237218698839,2.2882372186987783,0.12513797289758985,0.01368696578567389,0.2502759457951797,True,True
CCGCGAGGAGGCAG,distributed,1.0,48,1,17,confirmation,True,0.9999999999999998,2.288237218698839,2.2882372186987783,0.12513797289758985,0.01368696578567389,0.2502759457951797,True,True
CCGCGAGGAGGCAG,distributed,1.0,48,1,18,confirmation,True,0.9999999999999998,2.288237218698839,2.2882372186987783,0.12513797289758985,0.01368696578567389,0.2502759457951797,True,True
CCGCGAGGAGGCAG,distributed,1.0,48,1,19,confirmation,True,0.9999999999999998,2.288237218698839,2.2882372186987783,0.12513797289758985,0.01368696578567389,0.2502759457951797,True,True
CCGCGAGGAGGCAG,distributed,1.0,48,1,20,confirmation,True,0.9999999999999998,2.288237218698839,2.2882372186987783,0.12513797289758985,0.01368696578567389,0.2502759457951797,True,True
CCGCGAGGAGGCAG,distributed,1.0,48,1,21,confirmation,True,0.9999999999999998,2.288237218698839,2.2882372186987783,0.12513797289758985,0.01368696578567389,0.2502759457951797,True,True
CCGCGAGGAGGCAG,distributed,1.0,48,1,22,confirmation,True,0.9999999999999998,2.288237218698839,2.2882372186987783,0.12513797289758985,0.01368696578567389,0.2502759457951797,True,True
CCGCGAGGAGGCAG,distributed,1.0,48,1,23,confirmation,True,0.9999999999999998,2.288237218698839,2.2882372186987783,0.12513797289758985,0.01368696578567389,0.2502759457951797,True,True
CCGCGAGGAGGCAG,distributed,1.0,48,2,0,discovery,True,1.0,1.9756762117433493,1.9756762117433528,0.21608958565942993,0.04726959686300029,0.43217917131885986,True,False
CCGCGAGGAGGCAG,distributed,1.0,48,2,1,discovery,True,1.0,1.9756762117433493,1.9756762117433528,0.21608958565942993,0.04726959686300029,0.43217917131885986,True,False
CCGCGAGGAGGCAG,distributed,1.0,48,2,2,discovery,True,1.0,1.9756762117433493,1.9756762117433528,0.21608958565942993,0.04726959686300029,0.43217917131885986,True,False
CCGCGAGGAGGCAG,distributed,1.0,48,2,3,discovery,True,1.0,1.9756762117433493,1.9756762117433528,0.21608958565942993,0.04726959686300029,0.43217917131885986,True,False
CCGCGAGGAGGCAG,distributed,1.0,48,2,4,discovery,True,1.0,1.9756762117433493,1.9756762117433528,0.21608958565942993,0.04726959686300029,0.43217917131885986,True,False
CCGCGAGGAGGCAG,distributed,1.0,48,2,5,discovery,True,1.0,1.9756762117433493,1.9756762117433528,0.21608958565942993,0.04726959686300029,0.43217917131885986,True,False
CCGCGAGGAGGCAG,distributed,1.0,48,2,6,discovery,True,1.0,1.9756762117433493,1.9756762117433528,0.21608958565942993,0.04726959686300029,0.43217917131885986,True,False
CCGCGAGGAGGCAG,distributed,1.0,48,2,7,discovery,True,1.0,1.9756762117433493,1.9756762117433528,0.21608958565942993,0.04726959686300029,0.43217917131885986,True,False
CCGCGAGGAGGCAG,distributed,1.0,48,2,8,discovery,True,1.0,1.9756762117433493,1.9756762117433528,0.21608958565942993,0.04726959686300029,0.43217917131885986,True,False
CCGCGAGGAGGCAG,distributed,1.0,48,2,9,discovery,True,1.0,1.9756762117433493,1.9756762117433528,0.21608958565942993,0.04726959686300029,0.43217917131885986,True,False
CCGCGAGGAGGCAG,distributed,1.0,48,2,10,discovery,True,1.0,1.9756762117433493,1.9756762117433528,0.21608958565942993,0.04726959686300029,0.43217917131885986,True,False
CCGCGAGGAGGCAG,distributed,1.0,48,2,11,discovery,True,1.0,1.9756762117433493,1.9756762117433528,0.21608958565942993,0.04726959686300029,0.43217917131885986,True,False
CCGCGAGGAGGCAG,distributed,1.0,48,2,12,confirmation,True,1.0,1.9756762117433493,1.9756762117433528,0.21608958565942993,0.04726959686300029,0.43217917131885986,True,False
CCGCGAGGAGGCAG,distributed,1.0,48,2,13,confirmation,True,1.0,1.9756762117433493,1.9756762117433528,0.21608958565942993,0.04726959686300029,0.43217917131885986,True,False
CCGCGAGGAGGCAG,distributed,1.0,48,2,14,confirmation,True,1.0,1.9756762117433493,1.9756762117433528,0.21608958565942993,0.04726959686300029,0.43217917131885986,True,False
CCGCGAGGAGGCAG,distributed,1.0,48,2,15,confirmation,True,1.0,1.9756762117433493,1.9756762117433528,0.21608958565942993,0.04726959686300029,0.43217917131885986,True,False
CCGCGAGGAGGCAG,distributed,1.0,48,2,16,confirmation,True,1.0,1.9756762117433493,1.9756762117433528,0.21608958565942993,0.04726959686300029,0.43217917131885986,True,False
CCGCGAGGAGGCAG,distributed,1.0,48,2,17,confirmation,True,1.0,1.9756762117433493,1.9756762117433528,0.21608958565942993,0.04726959686300029,0.43217917131885986,True,False
CCGCGAGGAGGCAG,distributed,1.0,48,2,18,confirmation,True,1.0,1.9756762117433493,1.9756762117433528,0.21608958565942993,0.04726959686300029,0.43217917131885986,True,False
CCGCGAGGAGGCAG,distributed,1.0,48,2,19,confirmation,True,1.0,1.9756762117433493,1.9756762117433528,0.21608958565942993,0.04726959686300029,0.43217917131885986,True,False
CCGCGAGGAGGCAG,distributed,1.0,48,2,20,confirmation,True,1.0,1.9756762117433493,1.9756762117433528,0.21608958565942993,0.04726959686300029,0.43217917131885986,True,False
CCGCGAGGAGGCAG,distributed,1.0,48,2,21,confirmation,True,1.0,1.9756762117433493,1.9756762117433528,0.21608958565942993,0.04726959686300029,0.43217917131885986,True,False
CCGCGAGGAGGCAG,distributed,1.0,48,2,22,confirmation,True,1.0,1.9756762117433493,1.9756762117433528,0.21608958565942993,0.04726959686300029,0.43217917131885986,True,False
CCGCGAGGAGGCAG,distributed,1.0,48,2,23,confirmation,True,1.0,1.9756762117433493,1.9756762117433528,0.21608958565942993,0.04726959686300029,0.43217917131885986,True,False
CCGCGAGGAGGCAG,distributed,1.0,88,1,0,discovery,True,0.9999999999999998,2.288237218698839,2.2882372186987783,0.12513797289758988,0.013686965785673893,0.25027594579517976,True,True
CCGCGAGGAGGCAG,distributed,1.0,88,1,1,discovery,True,0.9999999999999998,2.288237218698839,2.2882372186987783,0.12513797289758988,0.013686965785673893,0.25027594579517976,True,True
CCGCGAGGAGGCAG,distributed,1.0,88,1,2,discovery,True,0.9999999999999998,2.288237218698839,2.2882372186987783,0.12513797289758988,0.013686965785673893,0.25027594579517976,True,True
CCGCGAGGAGGCAG,distributed,1.0,88,1,3,discovery,True,0.9999999999999998,2.288237218698839,2.2882372186987783,0.12513797289758988,0.013686965785673893,0.25027594579517976,True,True
CCGCGAGGAGGCAG,distributed,1.0,88,1,4,discovery,True,0.9999999999999998,2.288237218698839,2.2882372186987783,0.12513797289758988,0.013686965785673893,0.25027594579517976,True,True
CCGCGAGGAGGCAG,distributed,1.0,88,1,5,discovery,True,0.9999999999999998,2.288237218698839,2.2882372186987783,0.12513797289758988,0.013686965785673893,0.25027594579517976,True,True
CCGCGAGGAGGCAG,distributed,1.0,88,1,6,discovery,True,0.9999999999999998,2.288237218698839,2.2882372186987783,0.12513797289758988,0.013686965785673893,0.25027594579517976,True,True
CCGCGAGGAGGCAG,distributed,1.0,88,1,7,discovery,True,0.9999999999999998,2.288237218698839,2.2882372186987783,0.12513797289758988,0.013686965785673893,0.25027594579517976,True,True
CCGCGAGGAGGCAG,distributed,1.0,88,1,8,discovery,True,0.9999999999999998,2.288237218698839,2.2882372186987783,0.12513797289758988,0.013686965785673893,0.25027594579517976,True,True
CCGCGAGGAGGCAG,distributed,1.0,88,1,9,discovery,True,0.9999999999999998,2.288237218698839,2.2882372186987783,0.12513797289758988,0.013686965785673893,0.25027594579517976,True,True
CCGCGAGGAGGCAG,distributed,1.0,88,1,10,discovery,True,0.9999999999999998,2.288237218698839,2.2882372186987783,0.12513797289758988,0.013686965785673893,0.25027594579517976,True,True
CCGCGAGGAGGCAG,distributed,1.0,88,1,11,discovery,True,0.9999999999999998,2.288237218698839,2.2882372186987783,0.12513797289758988,0.013686965785673893,0.25027594579517976,True,True
CCGCGAGGAGGCAG,distributed,1.0,88,1,12,confirmation,True,0.9999999999999998,2.288237218698839,2.2882372186987783,0.12513797289758988,0.013686965785673893,0.25027594579517976,True,True
CCGCGAGGAGGCAG,distributed,1.0,88,1,13,confirmation,True,0.9999999999999998,2.288237218698839,2.2882372186987783,0.12513797289758988,0.013686965785673893,0.25027594579517976,True,True
CCGCGAGGAGGCAG,distributed,1.0,88,1,14,confirmation,True,0.9999999999999998,2.288237218698839,2.2882372186987783,0.12513797289758988,0.013686965785673893,0.25027594579517976,True,True
CCGCGAGGAGGCAG,distributed,1.0,88,1,15,confirmation,True,0.9999999999999998,2.288237218698839,2.2882372186987783,0.12513797289758988,0.013686965785673893,0.25027594579517976,True,True
CCGCGAGGAGGCAG,distributed,1.0,88,1,16,confirmation,True,0.9999999999999998,2.288237218698839,2.2882372186987783,0.12513797289758988,0.013686965785673893,0.25027594579517976,True,True
CCGCGAGGAGGCAG,distributed,1.0,88,1,17,confirmation,True,0.9999999999999998,2.288237218698839,2.2882372186987783,0.12513797289758988,0.013686965785673893,0.25027594579517976,True,True
CCGCGAGGAGGCAG,distributed,1.0,88,1,18,confirmation,True,0.9999999999999998,2.288237218698839,2.2882372186987783,0.12513797289758988,0.013686965785673893,0.25027594579517976,True,True
CCGCGAGGAGGCAG,distributed,1.0,88,1,19,confirmation,True,0.9999999999999998,2.288237218698839,2.2882372186987783,0.12513797289758988,0.013686965785673893,0.25027594579517976,True,True
CCGCGAGGAGGCAG,distributed,1.0,88,1,20,confirmation,True,0.9999999999999998,2.288237218698839,2.2882372186987783,0.12513797289758988,0.013686965785673893,0.25027594579517976,True,True
CCGCGAGGAGGCAG,distributed,1.0,88,1,21,confirmation,True,0.9999999999999998,2.288237218698839,2.2882372186987783,0.12513797289758988,0.013686965785673893,0.25027594579517976,True,True
CCGCGAGGAGGCAG,distributed,1.0,88,1,22,confirmation,True,0.9999999999999998,2.288237218698839,2.2882372186987783,0.12513797289758988,0.013686965785673893,0.25027594579517976,True,True
CCGCGAGGAGGCAG,distributed,1.0,88,1,23,confirmation,True,0.9999999999999998,2.288237218698839,2.2882372186987783,0.12513797289758988,0.013686965785673893,0.25027594579517976,True,True
CCGCGAGGAGGCAG,distributed,1.0,88,2,0,discovery,True,1.0,1.9756762117433493,1.9756762117433528,0.21608958565943,0.04726959686300029,0.43217917131886,True,False
CCGCGAGGAGGCAG,distributed,1.0,88,2,1,discovery,True,1.0,1.9756762117433493,1.9756762117433528,0.21608958565943,0.04726959686300029,0.43217917131886,True,False
CCGCGAGGAGGCAG,distributed,1.0,88,2,2,discovery,True,1.0,1.9756762117433493,1.9756762117433528,0.21608958565943,0.04726959686300029,0.43217917131886,True,False
CCGCGAGGAGGCAG,distributed,1.0,88,2,3,discovery,True,1.0,1.9756762117433493,1.9756762117433528,0.21608958565943,0.04726959686300029,0.43217917131886,True,False
CCGCGAGGAGGCAG,distributed,1.0,88,2,4,discovery,True,1.0,1.9756762117433493,1.9756762117433528,0.21608958565943,0.04726959686300029,0.43217917131886,True,False
CCGCGAGGAGGCAG,distributed,1.0,88,2,5,discovery,True,1.0,1.9756762117433493,1.9756762117433528,0.21608958565943,0.04726959686300029,0.43217917131886,True,False
CCGCGAGGAGGCAG,distributed,1.0,88,2,6,discovery,True,1.0,1.9756762117433493,1.9756762117433528,0.21608958565943,0.04726959686300029,0.43217917131886,True,False
CCGCGAGGAGGCAG,distributed,1.0,88,2,7,discovery,True,1.0,1.9756762117433493,1.9756762117433528,0.21608958565943,0.04726959686300029,0.43217917131886,True,False
CCGCGAGGAGGCAG,distributed,1.0,88,2,8,discovery,True,1.0,1.9756762117433493,1.9756762117433528,0.21608958565943,0.04726959686300029,0.43217917131886,True,False
CCGCGAGGAGGCAG,distributed,1.0,88,2,9,discovery,True,1.0,1.9756762117433493,1.9756762117433528,0.21608958565943,0.04726959686300029,0.43217917131886,True,False
CCGCGAGGAGGCAG,distributed,1.0,88,2,10,discovery,True,1.0,1.9756762117433493,1.9756762117433528,0.21608958565943,0.04726959686300029,0.43217917131886,True,False
CCGCGAGGAGGCAG,distributed,1.0,88,2,11,discovery,True,1.0,1.9756762117433493,1.9756762117433528,0.21608958565943,0.04726959686300029,0.43217917131886,True,False
CCGCGAGGAGGCAG,distributed,1.0,88,2,12,confirmation,True,1.0,1.9756762117433493,1.9756762117433528,0.21608958565943,0.04726959686300029,0.43217917131886,True,False
CCGCGAGGAGGCAG,distributed,1.0,88,2,13,confirmation,True,1.0,1.9756762117433493,1.9756762117433528,0.21608958565943,0.04726959686300029,0.43217917131886,True,False
CCGCGAGGAGGCAG,distributed,1.0,88,2,14,confirmation,True,1.0,1.9756762117433493,1.9756762117433528,0.21608958565943,0.04726959686300029,0.43217917131886,True,False
CCGCGAGGAGGCAG,distributed,1.0,88,2,15,confirmation,True,1.0,1.9756762117433493,1.9756762117433528,0.21608958565943,0.04726959686300029,0.43217917131886,True,False
CCGCGAGGAGGCAG,distributed,1.0,88,2,16,confirmation,True,1.0,1.9756762117433493,1.9756762117433528,0.21608958565943,0.04726959686300029,0.43217917131886,True,False
CCGCGAGGAGGCAG,distributed,1.0,88,2,17,confirmation,True,1.0,1.9756762117433493,1.9756762117433528,0.21608958565943,0.04726959686300029,0.43217917131886,True,False
CCGCGAGGAGGCAG,distributed,1.0,88,2,18,confirmation,True,1.0,1.9756762117433493,1.9756762117433528,0.21608958565943,0.04726959686300029,0.43217917131886,True,False
CCGCGAGGAGGCAG,distributed,1.0,88,2,19,confirmation,True,1.0,1.9756762117433493,1.9756762117433528,0.21608958565943,0.04726959686300029,0.43217917131886,True,False
CCGCGAGGAGGCAG,distributed,1.0,88,2,20,confirmation,True,1.0,1.9756762117433493,1.9756762117433528,0.21608958565943,0.04726959686300029,0.43217917131886,True,False
CCGCGAGGAGGCAG,distributed,1.0,88,2,21,confirmation,True,1.0,1.9756762117433493,1.9756762117433528,0.21608958565943,0.04726959686300029,0.43217917131886,True,False
CCGCGAGGAGGCAG,distributed,1.0,88,2,22,confirmation,True,1.0,1.9756762117433493,1.9756762117433528,0.21608958565943,0.04726959686300029,0.43217917131886,True,False
CCGCGAGGAGGCAG,distributed,1.0,88,2,23,confirmation,True,1.0,1.9756762117433493,1.9756762117433528,0.21608958565943,0.04726959686300029,0.43217917131886,True,False
CCGCGAGGAGGCAG,distributed,4.0,8,1,0,discovery,True,0.9999999999999998,7.956249165988097,7.9562491659881855,0.4351073762649778,0.047589869278981956,0.8702147525299556,True,True
CCGCGAGGAGGCAG,distributed,4.0,8,1,1,discovery,True,0.9999999999999998,7.956249165988097,7.9562491659881855,0.4351073762649778,0.047589869278981956,0.8702147525299556,True,True
CCGCGAGGAGGCAG,distributed,4.0,8,1,2,discovery,True,0.9999999999999998,7.956249165988097,7.9562491659881855,0.4351073762649778,0.047589869278981956,0.8702147525299556,True,True
CCGCGAGGAGGCAG,distributed,4.0,8,1,3,discovery,True,0.9999999999999998,7.956249165988097,7.9562491659881855,0.4351073762649778,0.047589869278981956,0.8702147525299556,True,True
CCGCGAGGAGGCAG,distributed,4.0,8,1,4,discovery,True,0.9999999999999998,7.956249165988097,7.9562491659881855,0.4351073762649778,0.047589869278981956,0.8702147525299556,True,True
CCGCGAGGAGGCAG,distributed,4.0,8,1,5,discovery,True,0.9999999999999998,7.956249165988097,7.9562491659881855,0.4351073762649778,0.047589869278981956,0.8702147525299556,True,True
CCGCGAGGAGGCAG,distributed,4.0,8,1,6,discovery,True,0.9999999999999998,7.956249165988097,7.9562491659881855,0.4351073762649778,0.047589869278981956,0.8702147525299556,True,True
CCGCGAGGAGGCAG,distributed,4.0,8,1,7,discovery,True,0.9999999999999998,7.956249165988097,7.9562491659881855,0.4351073762649778,0.047589869278981956,0.8702147525299556,True,True
CCGCGAGGAGGCAG,distributed,4.0,8,1,8,discovery,True,0.9999999999999998,7.956249165988097,7.9562491659881855,0.4351073762649778,0.047589869278981956,0.8702147525299556,True,True
CCGCGAGGAGGCAG,distributed,4.0,8,1,9,discovery,True,0.9999999999999998,7.956249165988097,7.9562491659881855,0.4351073762649778,0.047589869278981956,0.8702147525299556,True,True
CCGCGAGGAGGCAG,distributed,4.0,8,1,10,discovery,True,0.9999999999999998,7.956249165988097,7.9562491659881855,0.4351073762649778,0.047589869278981956,0.8702147525299556,True,True
CCGCGAGGAGGCAG,distributed,4.0,8,1,11,discovery,True,0.9999999999999998,7.956249165988097,7.9562491659881855,0.4351073762649778,0.047589869278981956,0.8702147525299556,True,True
CCGCGAGGAGGCAG,distributed,4.0,8,1,12,confirmation,True,0.9999999999999998,7.956249165988097,7.9562491659881855,0.4351073762649778,0.047589869278981956,0.8702147525299556,True,True
CCGCGAGGAGGCAG,distributed,4.0,8,1,13,confirmation,True,0.9999999999999998,7.956249165988097,7.9562491659881855,0.4351073762649778,0.047589869278981956,0.8702147525299556,True,True
CCGCGAGGAGGCAG,distributed,4.0,8,1,14,confirmation,True,0.9999999999999998,7.956249165988097,7.9562491659881855,0.4351073762649778,0.047589869278981956,0.8702147525299556,True,True
CCGCGAGGAGGCAG,distributed,4.0,8,1,15,confirmation,True,0.9999999999999998,7.956249165988097,7.9562491659881855,0.4351073762649778,0.047589869278981956,0.8702147525299556,True,True
CCGCGAGGAGGCAG,distributed,4.0,8,1,16,confirmation,True,0.9999999999999998,7.956249165988097,7.9562491659881855,0.4351073762649778,0.047589869278981956,0.8702147525299556,True,True
CCGCGAGGAGGCAG,distributed,4.0,8,1,17,confirmation,True,0.9999999999999998,7.956249165988097,7.9562491659881855,0.4351073762649778,0.047589869278981956,0.8702147525299556,True,True
CCGCGAGGAGGCAG,distributed,4.0,8,1,18,confirmation,True,0.9999999999999998,7.956249165988097,7.9562491659881855,0.4351073762649778,0.047589869278981956,0.8702147525299556,True,True
CCGCGAGGAGGCAG,distributed,4.0,8,1,19,confirmation,True,0.9999999999999998,7.956249165988097,7.9562491659881855,0.4351073762649778,0.047589869278981956,0.8702147525299556,True,True
CCGCGAGGAGGCAG,distributed,4.0,8,1,20,confirmation,True,0.9999999999999998,7.956249165988097,7.9562491659881855,0.4351073762649778,0.047589869278981956,0.8702147525299556,True,True
CCGCGAGGAGGCAG,distributed,4.0,8,1,21,confirmation,True,0.9999999999999998,7.956249165988097,7.9562491659881855,0.4351073762649778,0.047589869278981956,0.8702147525299556,True,True
CCGCGAGGAGGCAG,distributed,4.0,8,1,22,confirmation,True,0.9999999999999998,7.956249165988097,7.9562491659881855,0.4351073762649778,0.047589869278981956,0.8702147525299556,True,True
CCGCGAGGAGGCAG,distributed,4.0,8,1,23,confirmation,True,0.9999999999999998,7.956249165988097,7.9562491659881855,0.4351073762649778,0.047589869278981956,0.8702147525299556,True,True
CCGCGAGGAGGCAG,distributed,4.0,8,2,0,discovery,True,1.0,4.290757282347484,4.290757282347547,0.4693015777567639,0.10265972013429209,0.9386031555135278,True,True
CCGCGAGGAGGCAG,distributed,4.0,8,2,1,discovery,True,1.0,4.290757282347484,4.290757282347547,0.4693015777567639,0.10265972013429209,0.9386031555135278,True,True
CCGCGAGGAGGCAG,distributed,4.0,8,2,2,discovery,True,1.0,4.290757282347484,4.290757282347547,0.4693015777567639,0.10265972013429209,0.9386031555135278,True,True
CCGCGAGGAGGCAG,distributed,4.0,8,2,3,discovery,True,1.0,4.290757282347484,4.290757282347547,0.4693015777567639,0.10265972013429209,0.9386031555135278,True,True
CCGCGAGGAGGCAG,distributed,4.0,8,2,4,discovery,True,1.0,4.290757282347484,4.290757282347547,0.4693015777567639,0.10265972013429209,0.9386031555135278,True,True
CCGCGAGGAGGCAG,distributed,4.0,8,2,5,discovery,True,1.0,4.290757282347484,4.290757282347547,0.4693015777567639,0.10265972013429209,0.9386031555135278,True,True
CCGCGAGGAGGCAG,distributed,4.0,8,2,6,discovery,True,1.0,4.290757282347484,4.290757282347547,0.4693015777567639,0.10265972013429209,0.9386031555135278,True,True
CCGCGAGGAGGCAG,distributed,4.0,8,2,7,discovery,True,1.0,4.290757282347484,4.290757282347547,0.4693015777567639,0.10265972013429209,0.9386031555135278,True,True
CCGCGAGGAGGCAG,distributed,4.0,8,2,8,discovery,True,1.0,4.290757282347484,4.290757282347547,0.4693015777567639,0.10265972013429209,0.9386031555135278,True,True
CCGCGAGGAGGCAG,distributed,4.0,8,2,9,discovery,True,1.0,4.290757282347484,4.290757282347547,0.4693015777567639,0.10265972013429209,0.9386031555135278,True,True
CCGCGAGGAGGCAG,distributed,4.0,8,2,10,discovery,True,1.0,4.290757282347484,4.290757282347547,0.4693015777567639,0.10265972013429209,0.9386031555135278,True,True
CCGCGAGGAGGCAG,distributed,4.0,8,2,11,discovery,True,1.0,4.290757282347484,4.290757282347547,0.4693015777567639,0.10265972013429209,0.9386031555135278,True,True
CCGCGAGGAGGCAG,distributed,4.0,8,2,12,confirmation,True,1.0,4.290757282347484,4.290757282347547,0.4693015777567639,0.10265972013429209,0.9386031555135278,True,True
CCGCGAGGAGGCAG,distributed,4.0,8,2,13,confirmation,True,1.0,4.290757282347484,4.290757282347547,0.4693015777567639,0.10265972013429209,0.9386031555135278,True,True
CCGCGAGGAGGCAG,distributed,4.0,8,2,14,confirmation,True,1.0,4.290757282347484,4.290757282347547,0.4693015777567639,0.10265972013429209,0.9386031555135278,True,True
CCGCGAGGAGGCAG,distributed,4.0,8,2,15,confirmation,True,1.0,4.290757282347484,4.290757282347547,0.4693015777567639,0.10265972013429209,0.9386031555135278,True,True
CCGCGAGGAGGCAG,distributed,4.0,8,2,16,confirmation,True,1.0,4.290757282347484,4.290757282347547,0.4693015777567639,0.10265972013429209,0.9386031555135278,True,True
CCGCGAGGAGGCAG,distributed,4.0,8,2,17,confirmation,True,1.0,4.290757282347484,4.290757282347547,0.4693015777567639,0.10265972013429209,0.9386031555135278,True,True
CCGCGAGGAGGCAG,distributed,4.0,8,2,18,confirmation,True,1.0,4.290757282347484,4.290757282347547,0.4693015777567639,0.10265972013429209,0.9386031555135278,True,True
CCGCGAGGAGGCAG,distributed,4.0,8,2,19,confirmation,True,1.0,4.290757282347484,4.290757282347547,0.4693015777567639,0.10265972013429209,0.9386031555135278,True,True
CCGCGAGGAGGCAG,distributed,4.0,8,2,20,confirmation,True,1.0,4.290757282347484,4.290757282347547,0.4693015777567639,0.10265972013429209,0.9386031555135278,True,True
CCGCGAGGAGGCAG,distributed,4.0,8,2,21,confirmation,True,1.0,4.290757282347484,4.290757282347547,0.4693015777567639,0.10265972013429209,0.9386031555135278,True,True
CCGCGAGGAGGCAG,distributed,4.0,8,2,22,confirmation,True,1.0,4.290757282347484,4.290757282347547,0.4693015777567639,0.10265972013429209,0.9386031555135278,True,True
CCGCGAGGAGGCAG,distributed,4.0,8,2,23,confirmation,True,1.0,4.290757282347484,4.290757282347547,0.4693015777567639,0.10265972013429209,0.9386031555135278,True,True
CCGCGAGGAGGCAG,distributed,4.0,48,1,0,discovery,True,0.9999999999999998,7.956249165988097,7.9562491659881855,0.4351073762649778,0.047589869278981956,0.8702147525299556,True,True
CCGCGAGGAGGCAG,distributed,4.0,48,1,1,discovery,True,0.9999999999999998,7.956249165988097,7.9562491659881855,0.4351073762649778,0.047589869278981956,0.8702147525299556,True,True
CCGCGAGGAGGCAG,distributed,4.0,48,1,2,discovery,True,0.9999999999999998,7.956249165988097,7.9562491659881855,0.4351073762649778,0.047589869278981956,0.8702147525299556,True,True
CCGCGAGGAGGCAG,distributed,4.0,48,1,3,discovery,True,0.9999999999999998,7.956249165988097,7.9562491659881855,0.4351073762649778,0.047589869278981956,0.8702147525299556,True,True
CCGCGAGGAGGCAG,distributed,4.0,48,1,4,discovery,True,0.9999999999999998,7.956249165988097,7.9562491659881855,0.4351073762649778,0.047589869278981956,0.8702147525299556,True,True
CCGCGAGGAGGCAG,distributed,4.0,48,1,5,discovery,True,0.9999999999999998,7.956249165988097,7.9562491659881855,0.4351073762649778,0.047589869278981956,0.8702147525299556,True,True
CCGCGAGGAGGCAG,distributed,4.0,48,1,6,discovery,True,0.9999999999999998,7.956249165988097,7.9562491659881855,0.4351073762649778,0.047589869278981956,0.8702147525299556,True,True
CCGCGAGGAGGCAG,distributed,4.0,48,1,7,discovery,True,0.9999999999999998,7.956249165988097,7.9562491659881855,0.4351073762649778,0.047589869278981956,0.8702147525299556,True,True
CCGCGAGGAGGCAG,distributed,4.0,48,1,8,discovery,True,0.9999999999999998,7.956249165988097,7.9562491659881855,0.4351073762649778,0.047589869278981956,0.8702147525299556,True,True
CCGCGAGGAGGCAG,distributed,4.0,48,1,9,discovery,True,0.9999999999999998,7.956249165988097,7.9562491659881855,0.4351073762649778,0.047589869278981956,0.8702147525299556,True,True
CCGCGAGGAGGCAG,distributed,4.0,48,1,10,discovery,True,0.9999999999999998,7.956249165988097,7.9562491659881855,0.4351073762649778,0.047589869278981956,0.8702147525299556,True,True
CCGCGAGGAGGCAG,distributed,4.0,48,1,11,discovery,True,0.9999999999999998,7.956249165988097,7.9562491659881855,0.4351073762649778,0.047589869278981956,0.8702147525299556,True,True
CCGCGAGGAGGCAG,distributed,4.0,48,1,12,confirmation,True,0.9999999999999998,7.956249165988097,7.9562491659881855,0.4351073762649778,0.047589869278981956,0.8702147525299556,True,True
CCGCGAGGAGGCAG,distributed,4.0,48,1,13,confirmation,True,0.9999999999999998,7.956249165988097,7.9562491659881855,0.4351073762649778,0.047589869278981956,0.8702147525299556,True,True
CCGCGAGGAGGCAG,distributed,4.0,48,1,14,confirmation,True,0.9999999999999998,7.956249165988097,7.9562491659881855,0.4351073762649778,0.047589869278981956,0.8702147525299556,True,True
CCGCGAGGAGGCAG,distributed,4.0,48,1,15,confirmation,True,0.9999999999999998,7.956249165988097,7.9562491659881855,0.4351073762649778,0.047589869278981956,0.8702147525299556,True,True
CCGCGAGGAGGCAG,distributed,4.0,48,1,16,confirmation,True,0.9999999999999998,7.956249165988097,7.9562491659881855,0.4351073762649778,0.047589869278981956,0.8702147525299556,True,True
CCGCGAGGAGGCAG,distributed,4.0,48,1,17,confirmation,True,0.9999999999999998,7.956249165988097,7.9562491659881855,0.4351073762649778,0.047589869278981956,0.8702147525299556,True,True
CCGCGAGGAGGCAG,distributed,4.0,48,1,18,confirmation,True,0.9999999999999998,7.956249165988097,7.9562491659881855,0.4351073762649778,0.047589869278981956,0.8702147525299556,True,True
CCGCGAGGAGGCAG,distributed,4.0,48,1,19,confirmation,True,0.9999999999999998,7.956249165988097,7.9562491659881855,0.4351073762649778,0.047589869278981956,0.8702147525299556,True,True
CCGCGAGGAGGCAG,distributed,4.0,48,1,20,confirmation,True,0.9999999999999998,7.956249165988097,7.9562491659881855,0.4351073762649778,0.047589869278981956,0.8702147525299556,True,True
CCGCGAGGAGGCAG,distributed,4.0,48,1,21,confirmation,True,0.9999999999999998,7.956249165988097,7.9562491659881855,0.4351073762649778,0.047589869278981956,0.8702147525299556,True,True
CCGCGAGGAGGCAG,distributed,4.0,48,1,22,confirmation,True,0.9999999999999998,7.956249165988097,7.9562491659881855,0.4351073762649778,0.047589869278981956,0.8702147525299556,True,True
CCGCGAGGAGGCAG,distributed,4.0,48,1,23,confirmation,True,0.9999999999999998,7.956249165988097,7.9562491659881855,0.4351073762649778,0.047589869278981956,0.8702147525299556,True,True
CCGCGAGGAGGCAG,distributed,4.0,48,2,0,discovery,True,1.0,4.290757282347484,4.290757282347547,0.4693015777567639,0.10265972013429209,0.9386031555135278,True,True
CCGCGAGGAGGCAG,distributed,4.0,48,2,1,discovery,True,1.0,4.290757282347484,4.290757282347547,0.4693015777567639,0.10265972013429209,0.9386031555135278,True,True
CCGCGAGGAGGCAG,distributed,4.0,48,2,2,discovery,True,1.0,4.290757282347484,4.290757282347547,0.4693015777567639,0.10265972013429209,0.9386031555135278,True,True
CCGCGAGGAGGCAG,distributed,4.0,48,2,3,discovery,True,1.0,4.290757282347484,4.290757282347547,0.4693015777567639,0.10265972013429209,0.9386031555135278,True,True
CCGCGAGGAGGCAG,distributed,4.0,48,2,4,discovery,True,1.0,4.290757282347484,4.290757282347547,0.4693015777567639,0.10265972013429209,0.9386031555135278,True,True
CCGCGAGGAGGCAG,distributed,4.0,48,2,5,discovery,True,1.0,4.290757282347484,4.290757282347547,0.4693015777567639,0.10265972013429209,0.9386031555135278,True,True
CCGCGAGGAGGCAG,distributed,4.0,48,2,6,discovery,True,1.0,4.290757282347484,4.290757282347547,0.4693015777567639,0.10265972013429209,0.9386031555135278,True,True
CCGCGAGGAGGCAG,distributed,4.0,48,2,7,discovery,True,1.0,4.290757282347484,4.290757282347547,0.4693015777567639,0.10265972013429209,0.9386031555135278,True,True
CCGCGAGGAGGCAG,distributed,4.0,48,2,8,discovery,True,1.0,4.290757282347484,4.290757282347547,0.4693015777567639,0.10265972013429209,0.9386031555135278,True,True
CCGCGAGGAGGCAG,distributed,4.0,48,2,9,discovery,True,1.0,4.290757282347484,4.290757282347547,0.4693015777567639,0.10265972013429209,0.9386031555135278,True,True
CCGCGAGGAGGCAG,distributed,4.0,48,2,10,discovery,True,1.0,4.290757282347484,4.290757282347547,0.4693015777567639,0.10265972013429209,0.9386031555135278,True,True
CCGCGAGGAGGCAG,distributed,4.0,48,2,11,discovery,True,1.0,4.290757282347484,4.290757282347547,0.4693015777567639,0.10265972013429209,0.9386031555135278,True,True
CCGCGAGGAGGCAG,distributed,4.0,48,2,12,confirmation,True,1.0,4.290757282347484,4.290757282347547,0.4693015777567639,0.10265972013429209,0.9386031555135278,True,True
CCGCGAGGAGGCAG,distributed,4.0,48,2,13,confirmation,True,1.0,4.290757282347484,4.290757282347547,0.4693015777567639,0.10265972013429209,0.9386031555135278,True,True
CCGCGAGGAGGCAG,distributed,4.0,48,2,14,confirmation,True,1.0,4.290757282347484,4.290757282347547,0.4693015777567639,0.10265972013429209,0.9386031555135278,True,True
CCGCGAGGAGGCAG,distributed,4.0,48,2,15,confirmation,True,1.0,4.290757282347484,4.290757282347547,0.4693015777567639,0.10265972013429209,0.9386031555135278,True,True
CCGCGAGGAGGCAG,distributed,4.0,48,2,16,confirmation,True,1.0,4.290757282347484,4.290757282347547,0.4693015777567639,0.10265972013429209,0.9386031555135278,True,True
CCGCGAGGAGGCAG,distributed,4.0,48,2,17,confirmation,True,1.0,4.290757282347484,4.290757282347547,0.4693015777567639,0.10265972013429209,0.9386031555135278,True,True
CCGCGAGGAGGCAG,distributed,4.0,48,2,18,confirmation,True,1.0,4.290757282347484,4.290757282347547,0.4693015777567639,0.10265972013429209,0.9386031555135278,True,True
CCGCGAGGAGGCAG,distributed,4.0,48,2,19,confirmation,True,1.0,4.290757282347484,4.290757282347547,0.4693015777567639,0.10265972013429209,0.9386031555135278,True,True
CCGCGAGGAGGCAG,distributed,4.0,48,2,20,confirmation,True,1.0,4.290757282347484,4.290757282347547,0.4693015777567639,0.10265972013429209,0.9386031555135278,True,True
CCGCGAGGAGGCAG,distributed,4.0,48,2,21,confirmation,True,1.0,4.290757282347484,4.290757282347547,0.4693015777567639,0.10265972013429209,0.9386031555135278,True,True
CCGCGAGGAGGCAG,distributed,4.0,48,2,22,confirmation,True,1.0,4.290757282347484,4.290757282347547,0.4693015777567639,0.10265972013429209,0.9386031555135278,True,True
CCGCGAGGAGGCAG,distributed,4.0,48,2,23,confirmation,True,1.0,4.290757282347484,4.290757282347547,0.4693015777567639,0.10265972013429209,0.9386031555135278,True,True
CCGCGAGGAGGCAG,distributed,4.0,88,1,0,discovery,True,0.9999999999999998,7.956249165988097,7.9562491659881855,0.4351073762649778,0.047589869278981956,0.8702147525299556,True,True
CCGCGAGGAGGCAG,distributed,4.0,88,1,1,discovery,True,0.9999999999999998,7.956249165988097,7.9562491659881855,0.4351073762649778,0.047589869278981956,0.8702147525299556,True,True
CCGCGAGGAGGCAG,distributed,4.0,88,1,2,discovery,True,0.9999999999999998,7.956249165988097,7.9562491659881855,0.4351073762649778,0.047589869278981956,0.8702147525299556,True,True
CCGCGAGGAGGCAG,distributed,4.0,88,1,3,discovery,True,0.9999999999999998,7.956249165988097,7.9562491659881855,0.4351073762649778,0.047589869278981956,0.8702147525299556,True,True
CCGCGAGGAGGCAG,distributed,4.0,88,1,4,discovery,True,0.9999999999999998,7.956249165988097,7.9562491659881855,0.4351073762649778,0.047589869278981956,0.8702147525299556,True,True
CCGCGAGGAGGCAG,distributed,4.0,88,1,5,discovery,True,0.9999999999999998,7.956249165988097,7.9562491659881855,0.4351073762649778,0.047589869278981956,0.8702147525299556,True,True
CCGCGAGGAGGCAG,distributed,4.0,88,1,6,discovery,True,0.9999999999999998,7.956249165988097,7.9562491659881855,0.4351073762649778,0.047589869278981956,0.8702147525299556,True,True
CCGCGAGGAGGCAG,distributed,4.0,88,1,7,discovery,True,0.9999999999999998,7.956249165988097,7.9562491659881855,0.4351073762649778,0.047589869278981956,0.8702147525299556,True,True
CCGCGAGGAGGCAG,distributed,4.0,88,1,8,discovery,True,0.9999999999999998,7.956249165988097,7.9562491659881855,0.4351073762649778,0.047589869278981956,0.8702147525299556,True,True
CCGCGAGGAGGCAG,distributed,4.0,88,1,9,discovery,True,0.9999999999999998,7.956249165988097,7.9562491659881855,0.4351073762649778,0.047589869278981956,0.8702147525299556,True,True
CCGCGAGGAGGCAG,distributed,4.0,88,1,10,discovery,True,0.9999999999999998,7.956249165988097,7.9562491659881855,0.4351073762649778,0.047589869278981956,0.8702147525299556,True,True
CCGCGAGGAGGCAG,distributed,4.0,88,1,11,discovery,True,0.9999999999999998,7.956249165988097,7.9562491659881855,0.4351073762649778,0.047589869278981956,0.8702147525299556,True,True
CCGCGAGGAGGCAG,distributed,4.0,88,1,12,confirmation,True,0.9999999999999998,7.956249165988097,7.9562491659881855,0.4351073762649778,0.047589869278981956,0.8702147525299556,True,True
CCGCGAGGAGGCAG,distributed,4.0,88,1,13,confirmation,True,0.9999999999999998,7.956249165988097,7.9562491659881855,0.4351073762649778,0.047589869278981956,0.8702147525299556,True,True
CCGCGAGGAGGCAG,distributed,4.0,88,1,14,confirmation,True,0.9999999999999998,7.956249165988097,7.9562491659881855,0.4351073762649778,0.047589869278981956,0.8702147525299556,True,True
CCGCGAGGAGGCAG,distributed,4.0,88,1,15,confirmation,True,0.9999999999999998,7.956249165988097,7.9562491659881855,0.4351073762649778,0.047589869278981956,0.8702147525299556,True,True
CCGCGAGGAGGCAG,distributed,4.0,88,1,16,confirmation,True,0.9999999999999998,7.956249165988097,7.9562491659881855,0.4351073762649778,0.047589869278981956,0.8702147525299556,True,True
CCGCGAGGAGGCAG,distributed,4.0,88,1,17,confirmation,True,0.9999999999999998,7.956249165988097,7.9562491659881855,0.4351073762649778,0.047589869278981956,0.8702147525299556,True,True
CCGCGAGGAGGCAG,distributed,4.0,88,1,18,confirmation,True,0.9999999999999998,7.956249165988097,7.9562491659881855,0.4351073762649778,0.047589869278981956,0.8702147525299556,True,True
CCGCGAGGAGGCAG,distributed,4.0,88,1,19,confirmation,True,0.9999999999999998,7.956249165988097,7.9562491659881855,0.4351073762649778,0.047589869278981956,0.8702147525299556,True,True
CCGCGAGGAGGCAG,distributed,4.0,88,1,20,confirmation,True,0.9999999999999998,7.956249165988097,7.9562491659881855,0.4351073762649778,0.047589869278981956,0.8702147525299556,True,True
CCGCGAGGAGGCAG,distributed,4.0,88,1,21,confirmation,True,0.9999999999999998,7.956249165988097,7.9562491659881855,0.4351073762649778,0.047589869278981956,0.8702147525299556,True,True
CCGCGAGGAGGCAG,distributed,4.0,88,1,22,confirmation,True,0.9999999999999998,7.956249165988097,7.9562491659881855,0.4351073762649778,0.047589869278981956,0.8702147525299556,True,True
CCGCGAGGAGGCAG,distributed,4.0,88,1,23,confirmation,True,0.9999999999999998,7.956249165988097,7.9562491659881855,0.4351073762649778,0.047589869278981956,0.8702147525299556,True,True
CCGCGAGGAGGCAG,distributed,4.0,88,2,0,discovery,True,1.0,4.290757282347499,4.290757282347547,0.46930157775676395,0.10265972013429212,0.9386031555135279,True,True
CCGCGAGGAGGCAG,distributed,4.0,88,2,1,discovery,True,1.0,4.290757282347499,4.290757282347547,0.46930157775676395,0.10265972013429212,0.9386031555135279,True,True
CCGCGAGGAGGCAG,distributed,4.0,88,2,2,discovery,True,1.0,4.290757282347499,4.290757282347547,0.46930157775676395,0.10265972013429212,0.9386031555135279,True,True
CCGCGAGGAGGCAG,distributed,4.0,88,2,3,discovery,True,1.0,4.290757282347499,4.290757282347547,0.46930157775676395,0.10265972013429212,0.9386031555135279,True,True
CCGCGAGGAGGCAG,distributed,4.0,88,2,4,discovery,True,1.0,4.290757282347499,4.290757282347547,0.46930157775676395,0.10265972013429212,0.9386031555135279,True,True
CCGCGAGGAGGCAG,distributed,4.0,88,2,5,discovery,True,1.0,4.290757282347499,4.290757282347547,0.46930157775676395,0.10265972013429212,0.9386031555135279,True,True
CCGCGAGGAGGCAG,distributed,4.0,88,2,6,discovery,True,1.0,4.290757282347499,4.290757282347547,0.46930157775676395,0.10265972013429212,0.9386031555135279,True,True
CCGCGAGGAGGCAG,distributed,4.0,88,2,7,discovery,True,1.0,4.290757282347499,4.290757282347547,0.46930157775676395,0.10265972013429212,0.9386031555135279,True,True
CCGCGAGGAGGCAG,distributed,4.0,88,2,8,discovery,True,1.0,4.290757282347499,4.290757282347547,0.46930157775676395,0.10265972013429212,0.9386031555135279,True,True
CCGCGAGGAGGCAG,distributed,4.0,88,2,9,discovery,True,1.0,4.290757282347499,4.290757282347547,0.46930157775676395,0.10265972013429212,0.9386031555135279,True,True
CCGCGAGGAGGCAG,distributed,4.0,88,2,10,discovery,True,1.0,4.290757282347499,4.290757282347547,0.46930157775676395,0.10265972013429212,0.9386031555135279,True,True
CCGCGAGGAGGCAG,distributed,4.0,88,2,11,discovery,True,1.0,4.290757282347499,4.290757282347547,0.46930157775676395,0.10265972013429212,0.9386031555135279,True,True
CCGCGAGGAGGCAG,distributed,4.0,88,2,12,confirmation,True,1.0,4.290757282347499,4.290757282347547,0.46930157775676395,0.10265972013429212,0.9386031555135279,True,True
CCGCGAGGAGGCAG,distributed,4.0,88,2,13,confirmation,True,1.0,4.290757282347499,4.290757282347547,0.46930157775676395,0.10265972013429212,0.9386031555135279,True,True
CCGCGAGGAGGCAG,distributed,4.0,88,2,14,confirmation,True,1.0,4.290757282347499,4.290757282347547,0.46930157775676395,0.10265972013429212,0.9386031555135279,True,True
CCGCGAGGAGGCAG,distributed,4.0,88,2,15,confirmation,True,1.0,4.290757282347499,4.290757282347547,0.46930157775676395,0.10265972013429212,0.9386031555135279,True,True
CCGCGAGGAGGCAG,distributed,4.0,88,2,16,confirmation,True,1.0,4.290757282347499,4.290757282347547,0.46930157775676395,0.10265972013429212,0.9386031555135279,True,True
CCGCGAGGAGGCAG,distributed,4.0,88,2,17,confirmation,True,1.0,4.290757282347499,4.290757282347547,0.46930157775676395,0.10265972013429212,0.9386031555135279,True,True
CCGCGAGGAGGCAG,distributed,4.0,88,2,18,confirmation,True,1.0,4.290757282347499,4.290757282347547,0.46930157775676395,0.10265972013429212,0.9386031555135279,True,True
CCGCGAGGAGGCAG,distributed,4.0,88,2,19,confirmation,True,1.0,4.290757282347499,4.290757282347547,0.46930157775676395,0.10265972013429212,0.9386031555135279,True,True
CCGCGAGGAGGCAG,distributed,4.0,88,2,20,confirmation,True,1.0,4.290757282347499,4.290757282347547,0.46930157775676395,0.10265972013429212,0.9386031555135279,True,True
CCGCGAGGAGGCAG,distributed,4.0,88,2,21,confirmation,True,1.0,4.290757282347499,4.290757282347547,0.46930157775676395,0.10265972013429212,0.9386031555135279,True,True
CCGCGAGGAGGCAG,distributed,4.0,88,2,22,confirmation,True,1.0,4.290757282347499,4.290757282347547,0.46930157775676395,0.10265972013429212,0.9386031555135279,True,True
CCGCGAGGAGGCAG,distributed,4.0,88,2,23,confirmation,True,1.0,4.290757282347499,4.290757282347547,0.46930157775676395,0.10265972013429212,0.9386031555135279,True,True
CCGCGAGGAGGCAG,composition,0.25,8,1,0,discovery,False,0.17340246809901325,1.0607535543564341,1.060753554356437,0.0,0.0,0.0,False,False
CCGCGAGGAGGCAG,composition,0.25,8,1,1,discovery,False,0.1681373927663869,1.0587162447434963,1.058716244743492,0.0,0.0,0.0,False,False
CCGCGAGGAGGCAG,composition,0.25,8,1,2,discovery,False,0.21691570783981845,1.0773387161212018,1.077338716121188,0.0,0.0,0.0,False,False
CCGCGAGGAGGCAG,composition,0.25,8,1,3,discovery,False,0.1681373927663869,1.0587162447434963,1.058716244743492,0.0,0.0,0.0,False,False
CCGCGAGGAGGCAG,composition,0.25,8,1,4,discovery,False,0.16289857882695635,1.0566867459437408,1.056686745943752,0.0,0.0,0.0,False,False
CCGCGAGGAGGCAG,composition,0.25,8,1,5,discovery,False,0.16289857882695635,1.0566867459437408,1.056686745943752,0.0,0.0,0.0,False,False
CCGCGAGGAGGCAG,composition,0.25,8,1,6,discovery,False,0.14730373423454934,1.0506446678056522,1.050644667805677,0.0,0.0,0.0,False,False
CCGCGAGGAGGCAG,composition,0.25,8,1,7,discovery,False,0.14730373423454934,1.0506446678056522,1.050644667805677,0.0,0.0,0.0,False,False
CCGCGAGGAGGCAG,composition,0.25,8,1,8,discovery,False,0.22832632677290887,1.0815663599895522,1.08156635998956,0.0,0.0,0.0,False,False
CCGCGAGGAGGCAG,composition,0.25,8,1,9,discovery,False,0.15768242346012426,1.0546650131245152,1.0546650131245114,0.0,0.0,0.0,False,False
CCGCGAGGAGGCAG,composition,0.25,8,1,10,discovery,False,0.14213401254044064,1.0486459673399036,1.0486459673399118,0.0,0.0,0.0,False,False
CCGCGAGGAGGCAG,composition,0.25,8,1,11,discovery,False,0.1266596651642222,1.0426952339087516,1.0426952339087467,0.0,0.0,0.0,False,False
CCGCGAGGAGGCAG,composition,0.25,8,1,12,confirmation,False,0.0,1.0,0.9999999999999979,0.0,0.0,-1.1102230246251565e-16,False,False
CCGCGAGGAGGCAG,composition,0.25,8,1,13,confirmation,False,0.17340246809901325,1.0607535543564341,1.060753554356437,0.0,0.0,0.0,False,False
CCGCGAGGAGGCAG,composition,0.25,8,1,14,confirmation,False,0.15248533786103163,1.0526510017955142,1.052651001795509,0.0,0.0,0.0,False,False
CCGCGAGGAGGCAG,composition,0.25,8,1,15,confirmation,False,0.24001964513150575,1.0858273144315522,1.0858273144315467,0.0,0.0,0.0,False,False
CCGCGAGGAGGCAG,composition,0.25,8,1,16,confirmation,False,0.20575118615509191,1.0731439937326128,1.0731439937326026,0.0,0.0,0.0,False,False
CCGCGAGGAGGCAG,composition,0.25,8,1,17,confirmation,False,0.17869743453458894,1.0627987199610687,1.0627987199610582,0.0,0.0,0.0,False,False
CCGCGAGGAGGCAG,composition,0.25,8,1,18,confirmation,False,0.1947986515308665,1.0689818097663673,1.068981809766392,0.0,0.0,0.0,False,False
CCGCGAGGAGGCAG,composition,0.25,8,1,19,confirmation,False,0.1893917712044878,1.0669128016080383,1.0669128016080596,0.0,0.0,0.0,False,False
CCGCGAGGAGGCAG,composition,0.25,8,1,20,confirmation,False,0.21130486869922188,1.075237263823124,1.0752372638231082,0.0,0.0,0.0,False,False
CCGCGAGGAGGCAG,composition,0.25,8,1,21,confirmation,False,0.15248533786103163,1.0526510017955142,1.052651001795509,0.0,0.0,0.0,False,False
CCGCGAGGAGGCAG,composition,0.25,8,1,22,confirmation,False,0.15768242346012426,1.0546650131245152,1.0546650131245114,0.0,0.0,0.0,False,False
CCGCGAGGAGGCAG,composition,0.25,8,1,23,confirmation,False,0.14730373423454934,1.0506446678056522,1.050644667805677,0.0,0.0,0.0,False,False
CCGCGAGGAGGCAG,composition,0.25,8,2,0,discovery,False,0.2224237610335943,1.0506446678056522,1.050644667805677,0.0,0.0,0.0,False,False
CCGCGAGGAGGCAG,composition,0.25,8,2,1,discovery,False,0.21461765246020467,1.0486459673399036,1.0486459673399118,0.0,0.0,0.0,False,False
CCGCGAGGAGGCAG,composition,0.25,8,2,2,discovery,False,0.2618319849629736,1.0607535543564341,1.060753554356437,0.0,0.0,0.0,False,False
CCGCGAGGAGGCAG,composition,0.25,8,2,3,discovery,False,0.21461765246020467,1.0486459673399036,1.0486459673399116,0.0,0.0,0.0,False,False
CCGCGAGGAGGCAG,composition,0.25,8,2,4,discovery,False,0.20682401020486918,1.0466548569159033,1.046654856915888,0.0,0.0,0.0,False,False
CCGCGAGGAGGCAG,composition,0.25,8,2,5,discovery,False,0.21461765246020467,1.0486459673399036,1.0486459673399116,0.0,0.0,0.0,False,False
CCGCGAGGAGGCAG,composition,0.25,8,2,6,discovery,False,0.19125190032334155,1.0426952339087516,1.0426952339087467,0.0,0.0,0.0,False,False
CCGCGAGGAGGCAG,composition,0.25,8,2,7,discovery,False,0.21461765246020467,1.0486459673399036,1.0486459673399116,0.0,0.0,0.0,False,False
CCGCGAGGAGGCAG,composition,0.25,8,2,8,discovery,False,0.3106774780663031,1.0731439937326128,1.0731439937326024,1.1102230246251565e-16,0.0,1.1102230246251565e-16,False,False
CCGCGAGGAGGCAG,composition,0.25,8,2,9,discovery,False,0.21461765246020467,1.0486459673399036,1.0486459673399116,0.0,0.0,0.0,False,False
CCGCGAGGAGGCAG,composition,0.25,8,2,10,discovery,False,0.18346209025699114,1.0407266359966376,1.040726635996644,0.0,0.0,0.0,False,False
CCGCGAGGAGGCAG,composition,0.25,8,2,11,discovery,False,0.0,1.0,0.9999999999999979,0.0,0.0,-1.1102230246251565e-16,False,False
CCGCGAGGAGGCAG,composition,0.25,8,2,12,confirmation,False,0.23809523809523808,1.0546650131245152,1.0546650131245114,0.0,0.0,0.0,False,False
CCGCGAGGAGGCAG,composition,0.25,8,2,13,confirmation,False,0.23809523809523808,1.0546650131245152,1.0546650131245114,0.0,0.0,0.0,False,False
CCGCGAGGAGGCAG,composition,0.25,8,2,14,confirmation,False,0.20682401020486918,1.0466548569159033,1.046654856915888,0.0,0.0,0.0,False,False
CCGCGAGGAGGCAG,composition,0.25,8,2,15,confirmation,False,0.3023715784073817,1.0710588581552094,1.071058858155195,0.0,0.0,0.0,False,False
CCGCGAGGAGGCAG,composition,0.25,8,2,16,confirmation,False,0.2618319849629736,1.0607535543564341,1.060753554356437,0.0,0.0,0.0,False,False
CCGCGAGGAGGCAG,composition,0.25,8,2,17,confirmation,False,0.23809523809523808,1.0546650131245152,1.0546650131245114,0.0,0.0,0.0,False,False
CCGCGAGGAGGCAG,composition,0.25,8,2,18,confirmation,False,0.0,1.0,0.9999999999999979,0.0,0.0,-1.1102230246251565e-16,False,False
CCGCGAGGAGGCAG,composition,0.25,8,2,19,confirmation,False,0.24597145997688433,1.0566867459437408,1.056686745943752,0.0,0.0,0.0,False,False
CCGCGAGGAGGCAG,composition,0.25,8,2,20,confirmation,False,0.269827208948756,1.0627987199610687,1.0627987199610582,0.0,0.0,0.0,False,False
CCGCGAGGAGGCAG,composition,0.25,8,2,21,confirmation,False,0.19125190032334155,1.0426952339087516,1.0426952339087467,0.0,0.0,0.0,False,False
CCGCGAGGAGGCAG,composition,0.25,8,2,22,confirmation,False,0.21461765246020467,1.0486459673399036,1.0486459673399118,0.0,0.0,0.0,False,False
CCGCGAGGAGGCAG,composition,0.25,8,2,23,confirmation,False,0.1990372988626388,1.0446712933808933,1.0446712933808995,0.0,0.0,0.0,False,False
CCGCGAGGAGGCAG,composition,0.25,48,1,0,discovery,False,0.16289857882695635,1.0566867459437408,1.056686745943752,0.0,0.0,0.0,False,False
CCGCGAGGAGGCAG,composition,0.25,48,1,1,discovery,False,0.15768242346012426,1.0546650131245152,1.0546650131245114,0.0,0.0,0.0,False,False
CCGCGAGGAGGCAG,composition,0.25,48,1,2,discovery,False,0.1893917712044878,1.0669128016080383,1.0669128016080596,0.0,0.0,0.0,False,False
CCGCGAGGAGGCAG,composition,0.25,48,1,3,discovery,False,0.1681373927663869,1.0587162447434963,1.058716244743492,0.0,0.0,0.0,False,False
CCGCGAGGAGGCAG,composition,0.25,48,1,4,discovery,False,0.1681373927663869,1.0587162447434963,1.058716244743492,0.0,0.0,0.0,False,False
CCGCGAGGAGGCAG,composition,0.25,48,1,5,discovery,False,0.15768242346012426,1.0546650131245152,1.0546650131245114,0.0,0.0,0.0,False,False
CCGCGAGGAGGCAG,composition,0.25,48,1,6,discovery,False,0.15248533786103163,1.0526510017955142,1.052651001795509,0.0,0.0,0.0,False,False
CCGCGAGGAGGCAG,composition,0.25,48,1,7,discovery,False,0.18402596152475573,1.064851787084933,1.0648517870849241,1.1102230246251565e-16,1.1102230246251565e-16,1.1102230246251565e-16,False,False
CCGCGAGGAGGCAG,composition,0.25,48,1,8,discovery,False,0.22832632677290887,1.0815663599895522,1.08156635998956,0.0,0.0,0.0,False,False
CCGCGAGGAGGCAG,composition,0.25,48,1,9,discovery,False,0.0,1.0,0.9999999999999979,0.0,0.0,-2.220446049250313e-16,False,False
CCGCGAGGAGGCAG,composition,0.25,48,1,10,discovery,False,0.13181567130319527,1.0446712933808933,1.0446712933808997,0.0,0.0,0.0,False,False
CCGCGAGGAGGCAG,composition,0.25,48,1,11,discovery,False,0.12150073742008614,1.0407266359966376,1.0407266359966447,0.0,0.0,0.0,False,False
CCGCGAGGAGGCAG,composition,0.25,48,1,12,confirmation,False,0.0,1.0,0.9999999999999979,0.0,0.0,-1.1102230246251565e-16,False,False
CCGCGAGGAGGCAG,composition,0.25,48,1,13,confirmation,False,0.2002504697287035,1.0710588581552094,1.071058858155195,0.0,0.0,0.0,False,False
CCGCGAGGAGGCAG,composition,0.25,48,1,14,confirmation,False,0.15768242346012426,1.0546650131245152,1.0546650131245114,0.0,0.0,0.0,False,False
CCGCGAGGAGGCAG,composition,0.25,48,1,15,confirmation,False,0.21691570783981845,1.0773387161212018,1.077338716121188,0.0,0.0,0.0,False,False
CCGCGAGGAGGCAG,composition,0.25,48,1,16,confirmation,False,0.1893917712044878,1.0669128016080383,1.0669128016080596,0.0,0.0,0.0,False,False
CCGCGAGGAGGCAG,composition,0.25,48,1,17,confirmation,False,0.17340246809901325,1.0607535543564341,1.060753554356437,0.0,0.0,0.0,False,False
CCGCGAGGAGGCAG,composition,0.25,48,1,18,confirmation,False,0.2002504697287035,1.0710588581552094,1.071058858155195,0.0,0.0,0.0,False,False
CCGCGAGGAGGCAG,composition,0.25,48,1,19,confirmation,False,0.17340246809901325,1.0607535543564341,1.060753554356437,0.0,0.0,0.0,False,False
CCGCGAGGAGGCAG,composition,0.25,48,1,20,confirmation,False,0.1893917712044878,1.0669128016080383,1.0669128016080596,0.0,0.0,0.0,False,False
CCGCGAGGAGGCAG,composition,0.25,48,1,21,confirmation,False,0.15768242346012426,1.0546650131245152,1.0546650131245114,0.0,0.0,0.0,False,False
CCGCGAGGAGGCAG,composition,0.25,48,1,22,confirmation,False,0.18402596152475573,1.064851787084933,1.0648517870849241,0.0,0.0,0.0,False,False
CCGCGAGGAGGCAG,composition,0.25,48,1,23,confirmation,False,0.0,1.0,0.9999999999999979,0.0,0.0,-2.220446049250313e-16,False,False
CCGCGAGGAGGCAG,composition,0.25,48,2,0,discovery,False,0.1990372988626388,1.0446712933808933,1.0446712933808997,0.0,0.0,0.0,False,False
CCGCGAGGAGGCAG,composition,0.25,48,2,1,discovery,False,0.1990372988626388,1.0446712933808933,1.0446712933808997,0.0,0.0,0.0,False,False
CCGCGAGGAGGCAG,composition,0.25,48,2,2,discovery,False,0.24597145997688433,1.0566867459437408,1.0566867459437546,0.0,0.0,0.0,False,False
CCGCGAGGAGGCAG,composition,0.25,48,2,3,discovery,False,0.21461765246020467,1.0486459673399036,1.0486459673399118,0.0,0.0,0.0,False,False
CCGCGAGGAGGCAG,composition,0.25,48,2,4,discovery,False,0.23809523809523808,1.0546650131245152,1.0546650131245114,0.0,0.0,0.0,False,False
CCGCGAGGAGGCAG,composition,0.25,48,2,5,discovery,False,0.2224237610335943,1.0506446678056522,1.050644667805677,0.0,0.0,0.0,False,False
CCGCGAGGAGGCAG,composition,0.25,48,2,6,discovery,False,0.1990372988626388,1.0446712933808933,1.0446712933808995,0.0,0.0,0.0,False,False
CCGCGAGGAGGCAG,composition,0.25,48,2,7,discovery,False,0.2618319849629736,1.0607535543564341,1.060753554356437,0.0,0.0,0.0,False,False
CCGCGAGGAGGCAG,composition,0.25,48,2,8,discovery,False,0.2941395134544086,1.0689818097663673,1.068981809766392,0.0,0.0,0.0,False,False
CCGCGAGGAGGCAG,composition,0.25,48,2,9,discovery,False,0.21461765246020467,1.0486459673399036,1.0486459673399118,0.0,0.0,0.0,False,False
CCGCGAGGAGGCAG,composition,0.25,48,2,10,discovery,False,0.1678456554656357,1.0368116564403282,1.0368116564403198,3.3306690738754696e-16,1.1102230246251565e-16,3.3306690738754696e-16,False,False
CCGCGAGGAGGCAG,composition,0.25,48,2,11,discovery,False,0.0,1.0,0.9999999999999979,0.0,0.0,-3.3306690738754696e-16,False,False
CCGCGAGGAGGCAG,composition,0.25,48,2,12,confirmation,False,0.0,1.0,0.9999999999999979,0.0,0.0,-2.220446049250313e-16,False,False
CCGCGAGGAGGCAG,composition,0.25,48,2,13,confirmation,False,0.0,1.0,0.9999999999999979,0.0,0.0,-1.1102230246251565e-16,False,False
CCGCGAGGAGGCAG,composition,0.25,48,2,14,confirmation,False,0.18346209025699114,1.0407266359966376,1.0407266359966447,2.220446049250313e-16,1.1102230246251565e-16,2.220446049250313e-16,False,False
CCGCGAGGAGGCAG,composition,0.25,48,2,15,confirmation,False,0.3023715784073817,1.0710588581552094,1.071058858155195,0.0,0.0,0.0,False,False
CCGCGAGGAGGCAG,composition,0.25,48,2,16,confirmation,False,0.23024781093142224,1.0526510017955142,1.052651001795509,0.0,0.0,0.0,False,False
CCGCGAGGAGGCAG,composition,0.25,48,2,17,confirmation,False,0.23809523809523808,1.0546650131245152,1.0546650131245114,0.0,0.0,0.0,False,False
CCGCGAGGAGGCAG,composition,0.25,48,2,18,confirmation,False,0.2778731082606822,1.064851787084933,1.0648517870849241,1.1102230246251565e-16,1.1102230246251565e-16,1.1102230246251565e-16,False,False
CCGCGAGGAGGCAG,composition,0.25,48,2,19,confirmation,False,0.2224237610335943,1.0506446678056522,1.050644667805677,0.0,0.0,0.0,False,False
CCGCGAGGAGGCAG,composition,0.25,48,2,20,confirmation,False,0.269827208948756,1.0627987199610687,1.0627987199610582,0.0,0.0,0.0,False,False
CCGCGAGGAGGCAG,composition,0.25,48,2,21,confirmation,False,0.1990372988626388,1.0446712933808933,1.0446712933808997,0.0,0.0,0.0,False,False
CCGCGAGGAGGCAG,composition,0.25,48,2,22,confirmation,False,0.24597145997688433,1.0566867459437408,1.056686745943752,0.0,0.0,0.0,False,False
CCGCGAGGAGGCAG,composition,0.25,48,2,23,confirmation,False,0.2224237610335943,1.0506446678056522,1.050644667805677,1.1102230246251565e-16,0.0,1.1102230246251565e-16,False,False
CCGCGAGGAGGCAG,composition,0.25,88,1,0,discovery,False,0.15768242346012426,1.0546650131245152,1.0546650131245114,0.0,0.0,0.0,False,False
CCGCGAGGAGGCAG,composition,0.25,88,1,1,discovery,False,0.15768242346012426,1.0546650131245152,1.0546650131245114,0.0,0.0,0.0,False,False
CCGCGAGGAGGCAG,composition,0.25,88,1,2,discovery,False,0.20575118615509191,1.0731439937326128,1.0731439937326026,0.0,0.0,0.0,False,False
CCGCGAGGAGGCAG,composition,0.25,88,1,3,discovery,False,0.1681373927663869,1.0587162447434963,1.058716244743492,0.0,0.0,0.0,False,False
CCGCGAGGAGGCAG,composition,0.25,88,1,4,discovery,False,0.18402596152475573,1.064851787084933,1.0648517870849241,0.0,0.0,0.0,False,False
CCGCGAGGAGGCAG,composition,0.25,88,1,5,discovery,False,0.1681373927663869,1.0587162447434963,1.058716244743492,0.0,0.0,0.0,False,False
CCGCGAGGAGGCAG,composition,0.25,88,1,6,discovery,False,0.15248533786103163,1.0526510017955142,1.052651001795509,0.0,0.0,0.0,False,False
CCGCGAGGAGGCAG,composition,0.25,88,1,7,discovery,False,0.17869743453458894,1.0627987199610687,1.0627987199610582,0.0,0.0,0.0,False,False
CCGCGAGGAGGCAG,composition,0.25,88,1,8,discovery,False,0.21691570783981845,1.0773387161212018,1.077338716121188,0.0,0.0,0.0,False,False
CCGCGAGGAGGCAG,composition,0.25,88,1,9,discovery,False,0.15768242346012426,1.0546650131245152,1.0546650131245114,0.0,0.0,0.0,False,False
CCGCGAGGAGGCAG,composition,0.25,88,1,10,discovery,False,0.13181567130319527,1.0446712933808933,1.0446712933808997,0.0,0.0,0.0,False,False
CCGCGAGGAGGCAG,composition,0.25,88,1,11,discovery,False,0.13697254686715002,1.0466548569159033,1.046654856915888,0.0,0.0,0.0,False,False
CCGCGAGGAGGCAG,composition,0.25,88,1,12,confirmation,False,0.1893917712044878,1.0669128016080383,1.0669128016080596,0.0,0.0,0.0,False,False
CCGCGAGGAGGCAG,composition,0.25,88,1,13,confirmation,False,0.2002504697287035,1.0710588581552094,1.071058858155195,0.0,0.0,0.0,False,False
CCGCGAGGAGGCAG,composition,0.25,88,1,14,confirmation,False,0.13697254686715002,1.0466548569159033,1.046654856915888,0.0,0.0,0.0,False,False
CCGCGAGGAGGCAG,composition,0.25,88,1,15,confirmation,False,0.24001964513150575,1.0858273144315522,1.085827314431547,0.0,0.0,0.0,False,False
CCGCGAGGAGGCAG,composition,0.25,88,1,16,confirmation,False,0.0,1.0,0.9999999999999979,0.0,0.0,-1.1102230246251565e-16,False,False
CCGCGAGGAGGCAG,composition,0.25,88,1,17,confirmation,False,0.17869743453458894,1.0627987199610687,1.0627987199610582,0.0,0.0,0.0,False,False
CCGCGAGGAGGCAG,composition,0.25,88,1,18,confirmation,False,0.21130486869922188,1.075237263823124,1.0752372638231082,0.0,0.0,0.0,False,False
CCGCGAGGAGGCAG,composition,0.25,88,1,19,confirmation,False,0.17340246809901325,1.0607535543564341,1.060753554356437,0.0,0.0,0.0,False,False
CCGCGAGGAGGCAG,composition,0.25,88,1,20,confirmation,False,0.21130486869922188,1.075237263823124,1.0752372638231082,0.0,0.0,0.0,False,False
CCGCGAGGAGGCAG,composition,0.25,88,1,21,confirmation,False,0.15768242346012426,1.0546650131245152,1.0546650131245114,0.0,0.0,0.0,False,False
CCGCGAGGAGGCAG,composition,0.25,88,1,22,confirmation,False,0.17869743453458894,1.0627987199610687,1.0627987199610582,0.0,0.0,0.0,False,False
CCGCGAGGAGGCAG,composition,0.25,88,1,23,confirmation,False,0.16289857882695635,1.0566867459437408,1.056686745943752,2.220446049250313e-16,0.0,2.220446049250313e-16,False,False
CCGCGAGGAGGCAG,composition,0.25,88,2,0,discovery,False,0.1990372988626388,1.0446712933808933,1.0446712933808997,0.0,0.0,0.0,False,False
CCGCGAGGAGGCAG,composition,0.25,88,2,1,discovery,False,0.21461765246020467,1.0486459673399036,1.0486459673399118,0.0,0.0,0.0,False,False
CCGCGAGGAGGCAG,composition,0.25,88,2,2,discovery,False,0.28597530319931225,1.0669128016080383,1.0669128016080596,0.0,0.0,0.0,False,False
CCGCGAGGAGGCAG,composition,0.25,88,2,3,discovery,False,0.20682401020486918,1.0466548569159033,1.046654856915888,0.0,0.0,0.0,False,False
CCGCGAGGAGGCAG,composition,0.25,88,2,4,discovery,False,0.23809523809523808,1.0546650131245152,1.0546650131245114,0.0,0.0,0.0,False,False
CCGCGAGGAGGCAG,composition,0.25,88,2,5,discovery,False,0.21461765246020467,1.0486459673399036,1.0486459673399118,0.0,0.0,0.0,False,False
CCGCGAGGAGGCAG,composition,0.25,88,2,6,discovery,False,0.21461765246020467,1.0486459673399036,1.0486459673399118,0.0,0.0,0.0,False,False
CCGCGAGGAGGCAG,composition,0.25,88,2,7,discovery,False,0.2224237610335943,1.0506446678056522,1.050644667805677,0.0,0.0,0.0,False,False
CCGCGAGGAGGCAG,composition,0.25,88,2,8,discovery,False,0.28597530319931225,1.0669128016080383,1.0669128016080596,0.0,0.0,0.0,False,False
CCGCGAGGAGGCAG,composition,0.25,88,2,9,discovery,False,0.0,1.0,0.9999999999999979,0.0,0.0,-2.220446049250313e-16,False,False
CCGCGAGGAGGCAG,composition,0.25,88,2,10,discovery,False,0.17566201313073598,1.0387654574621936,1.0387654574621832,0.0,0.0,0.0,False,False
CCGCGAGGAGGCAG,composition,0.25,88,2,11,discovery,False,0.21461765246020467,1.0486459673399036,1.0486459673399118,0.0,0.0,0.0,False,False
CCGCGAGGAGGCAG,composition,0.25,88,2,12,confirmation,False,0.23024781093142224,1.0526510017955142,1.052651001795509,0.0,0.0,0.0,False,False
CCGCGAGGAGGCAG,composition,0.25,88,2,13,confirmation,False,0.25388189555286217,1.0587162447434963,1.058716244743492,0.0,0.0,0.0,False,False
CCGCGAGGAGGCAG,composition,0.25,88,2,14,confirmation,False,0.17566201313073598,1.0387654574621936,1.0387654574621832,0.0,0.0,0.0,False,False
CCGCGAGGAGGCAG,composition,0.25,88,2,15,confirmation,False,0.31906335480915,1.075237263823124,1.0752372638231082,0.0,0.0,0.0,False,False
CCGCGAGGAGGCAG,composition,0.25,88,2,16,confirmation,False,0.25388189555286217,1.0587162447434963,1.058716244743492,0.0,0.0,0.0,False,False
CCGCGAGGAGGCAG,composition,0.25,88,2,17,confirmation,False,0.23024781093142224,1.0526510017955142,1.052651001795509,0.0,0.0,0.0,False,False
CCGCGAGGAGGCAG,composition,0.25,88,2,18,confirmation,False,0.3023715784073817,1.0710588581552094,1.071058858155195,0.0,0.0,0.0,False,False
CCGCGAGGAGGCAG,composition,0.25,88,2,19,confirmation,False,0.2224237610335943,1.0506446678056522,1.050644667805677,4.440892098500626e-16,1.1102230246251565e-16,4.440892098500626e-16,False,False
CCGCGAGGAGGCAG,composition,0.25,88,2,20,confirmation,False,0.2778731082606822,1.064851787084933,1.0648517870849243,0.0,0.0,0.0,False,False
CCGCGAGGAGGCAG,composition,0.25,88,2,21,confirmation,False,0.0,1.0,0.9999999999999979,0.0,0.0,-1.1102230246251565e-16,False,False
CCGCGAGGAGGCAG,composition,0.25,88,2,22,confirmation,False,0.23809523809523808,1.0546650131245152,1.0546650131245114,0.0,0.0,0.0,False,False
CCGCGAGGAGGCAG,composition,0.25,88,2,23,confirmation,False,0.1990372988626388,1.0446712933808933,1.0446712933808997,0.0,0.0,0.0,False,False
CCGCGAGGAGGCAG,composition,1.0,8,1,0,discovery,False,0.17340246809901325,1.2200206595834338,1.2200206595834413,0.0,0.0,0.0,False,False
CCGCGAGGAGGCAG,composition,1.0,8,1,1,discovery,False,0.1681373927663869,1.211577202090307,1.2115772020903146,0.0,0.0,0.0,False,False
CCGCGAGGAGGCAG,composition,1.0,8,1,2,discovery,False,0.21691570783981845,1.2920551111456722,1.2920551111456806,0.0,0.0,0.0,False,False
CCGCGAGGAGGCAG,composition,1.0,8,1,3,discovery,False,0.1681373927663869,1.211577202090307,1.2115772020903146,0.0,0.0,0.0,False,False
CCGCGAGGAGGCAG,composition,1.0,8,1,4,discovery,False,0.16289857882695635,1.203249811437789,1.2032498114378036,0.0,0.0,0.0,False,False
CCGCGAGGAGGCAG,composition,1.0,8,1,5,discovery,False,0.16289857882695635,1.203249811437789,1.2032498114378036,0.0,0.0,0.0,False,False
CCGCGAGGAGGCAG,composition,1.0,8,1,6,discovery,False,0.14730373423454934,1.1789405915749211,1.1789405915749316,0.0,0.0,0.0,False,False
CCGCGAGGAGGCAG,composition,1.0,8,1,7,discovery,False,0.14730373423454934,1.1789405915749211,1.1789405915749316,0.0,0.0,0.0,False,False
CCGCGAGGAGGCAG,composition,1.0,8,1,8,discovery,False,0.22832632677290887,1.3114127543522704,1.311412754352265,0.0,0.0,0.0,False,False
CCGCGAGGAGGCAG,composition,1.0,8,1,9,discovery,False,0.15768242346012426,1.1950361107172525,1.1950361107172598,0.0,0.0,0.0,False,False
CCGCGAGGAGGCAG,composition,1.0,8,1,10,discovery,False,0.14213401254044064,1.171054333048841,1.171054333048829,0.0,0.0,0.0,False,False
CCGCGAGGAGGCAG,composition,1.0,8,1,11,discovery,False,0.1266596651642222,1.1480161439292382,1.1480161439292111,0.0,0.0,0.0,False,False
CCGCGAGGAGGCAG,composition,1.0,8,1,12,confirmation,False,0.18402596152475573,1.2372656187014914,1.237265618701506,0.0,0.0,0.0,False,False
CCGCGAGGAGGCAG,composition,1.0,8,1,13,confirmation,False,0.17340246809901325,1.2200206595834338,1.2200206595834413,0.0,0.0,0.0,False,False
CCGCGAGGAGGCAG,composition,1.0,8,1,14,confirmation,False,0.15248533786103163,1.1869337874816268,1.186933787481627,0.0,0.0,0.0,False,False
CCGCGAGGAGGCAG,composition,1.0,8,1,15,confirmation,False,0.24001964513150575,1.3313592544709618,1.331359254470963,0.0,0.0,0.0,False,False
CCGCGAGGAGGCAG,composition,1.0,8,1,16,confirmation,False,0.20575118615509191,1.2732606279721164,1.2732606279721181,0.0,0.0,0.0,False,False
CCGCGAGGAGGCAG,composition,1.0,8,1,17,confirmation,False,0.17869743453458894,1.2285826275493221,1.2285826275493332,0.0,0.0,0.0,False,False
CCGCGAGGAGGCAG,composition,1.0,8,1,18,confirmation,False,0.1947986515308665,1.2550050816823854,1.25500508168238,0.0,0.0,0.0,False,False
CCGCGAGGAGGCAG,composition,1.0,8,1,19,confirmation,False,0.1893917712044878,1.2460722172933572,1.2460722172933327,0.0,0.0,0.0,False,False
CCGCGAGGAGGCAG,composition,1.0,8,1,20,confirmation,False,0.21130486869922188,1.2825890217768572,1.282589021776852,0.0,0.0,0.0,False,False
CCGCGAGGAGGCAG,composition,1.0,8,1,21,confirmation,False,0.15248533786103163,1.1869337874816268,1.186933787481627,0.0,0.0,0.0,False,False
CCGCGAGGAGGCAG,composition,1.0,8,1,22,confirmation,False,0.15768242346012426,1.1950361107172525,1.1950361107172598,0.0,0.0,0.0,False,False
CCGCGAGGAGGCAG,composition,1.0,8,1,23,confirmation,False,0.0,1.0,0.9999999999999979,0.0,0.0,-2.220446049250313e-16,False,False
CCGCGAGGAGGCAG,composition,1.0,8,2,0,discovery,False,0.2224237610335943,1.1789405915749211,1.1789405915749316,0.0,0.0,0.0,False,False
CCGCGAGGAGGCAG,composition,1.0,8,2,1,discovery,False,0.0,1.0,0.9999999999999979,0.0,0.0,-1.1102230246251565e-16,False,False
CCGCGAGGAGGCAG,composition,1.0,8,2,2,discovery,False,0.2618319849629736,1.2200206595834338,1.2200206595834413,2.220446049250313e-16,0.0,2.220446049250313e-16,False,False
CCGCGAGGAGGCAG,composition,1.0,8,2,3,discovery,False,0.21461765246020467,1.171054333048841,1.171054333048829,0.0,0.0,0.0,False,False
CCGCGAGGAGGCAG,composition,1.0,8,2,4,discovery,False,0.20682401020486918,1.1632728801622796,1.1632728801622931,0.0,0.0,0.0,False,False
CCGCGAGGAGGCAG,composition,1.0,8,2,5,discovery,False,0.21461765246020467,1.171054333048841,1.171054333048829,0.0,0.0,0.0,False,False
CCGCGAGGAGGCAG,composition,1.0,8,2,6,discovery,False,0.19125190032334155,1.1480161439292382,1.1480161439292111,0.0,0.0,0.0,False,False
CCGCGAGGAGGCAG,composition,1.0,8,2,7,discovery,False,0.21461765246020467,1.171054333048841,1.171054333048829,0.0,0.0,0.0,False,False
CCGCGAGGAGGCAG,composition,1.0,8,2,8,discovery,False,0.3106774780663031,1.2732606279721164,1.2732606279721181,0.0,0.0,0.0,False,False
CCGCGAGGAGGCAG,composition,1.0,8,2,9,discovery,False,0.21461765246020467,1.171054333048841,1.171054333048829,0.0,0.0,0.0,False,False
CCGCGAGGAGGCAG,composition,1.0,8,2,10,discovery,False,0.18346209025699114,1.1405368712215396,1.1405368712215473,0.0,0.0,0.0,False,False
CCGCGAGGAGGCAG,composition,1.0,8,2,11,discovery,False,0.15213907940975874,1.1115695714076386,1.1115695714076392,0.0,0.0,0.0,False,False
CCGCGAGGAGGCAG,composition,1.0,8,2,12,confirmation,False,0.23809523809523808,1.1950361107172525,1.1950361107172598,0.0,0.0,0.0,False,False
CCGCGAGGAGGCAG,composition,1.0,8,2,13,confirmation,False,0.23809523809523808,1.1950361107172525,1.1950361107172598,0.0,0.0,0.0,False,False
CCGCGAGGAGGCAG,composition,1.0,8,2,14,confirmation,False,0.0,1.0,0.9999999999999979,0.0,0.0,-5.551115123125783e-16,False,False
CCGCGAGGAGGCAG,composition,1.0,8,2,15,confirmation,False,0.3023715784073817,1.264066947005714,1.264066947005718,0.0,0.0,0.0,False,False
CCGCGAGGAGGCAG,composition,1.0,8,2,16,confirmation,False,0.2618319849629736,1.2200206595834338,1.2200206595834413,0.0,0.0,0.0,False,False
CCGCGAGGAGGCAG,composition,1.0,8,2,17,confirmation,False,0.23809523809523808,1.1950361107172525,1.1950361107172598,0.0,0.0,0.0,False,False
CCGCGAGGAGGCAG,composition,1.0,8,2,18,confirmation,False,0.25388189555286217,1.211577202090307,1.2115772020903146,0.0,0.0,0.0,False,False
CCGCGAGGAGGCAG,composition,1.0,8,2,19,confirmation,False,0.24597145997688433,1.203249811437789,1.2032498114378036,0.0,0.0,0.0,False,False
CCGCGAGGAGGCAG,composition,1.0,8,2,20,confirmation,False,0.269827208948756,1.2285826275493221,1.2285826275493332,0.0,0.0,0.0,False,False
CCGCGAGGAGGCAG,composition,1.0,8,2,21,confirmation,False,0.19125190032334155,1.1480161439292382,1.1480161439292111,0.0,0.0,0.0,False,False
CCGCGAGGAGGCAG,composition,1.0,8,2,22,confirmation,False,0.21461765246020467,1.171054333048841,1.171054333048829,0.0,0.0,0.0,False,False
CCGCGAGGAGGCAG,composition,1.0,8,2,23,confirmation,False,0.1990372988626388,1.1555941574604767,1.155594157460483,0.0,0.0,0.0,False,False
CCGCGAGGAGGCAG,composition,1.0,48,1,0,discovery,False,0.16289857882695635,1.203249811437789,1.2032498114378036,0.0,0.0,0.0,False,False
CCGCGAGGAGGCAG,composition,1.0,48,1,1,discovery,False,0.15768242346012426,1.1950361107172525,1.1950361107172598,0.0,0.0,0.0,False,False
CCGCGAGGAGGCAG,composition,1.0,48,1,2,discovery,False,0.1893917712044878,1.2460722172933572,1.2460722172933327,0.0,0.0,0.0,False,False
CCGCGAGGAGGCAG,composition,1.0,48,1,3,discovery,False,0.1681373927663869,1.211577202090307,1.2115772020903146,0.0,0.0,0.0,False,False
CCGCGAGGAGGCAG,composition,1.0,48,1,4,discovery,False,0.1681373927663869,1.211577202090307,1.2115772020903146,0.0,0.0,0.0,False,False
CCGCGAGGAGGCAG,composition,1.0,48,1,5,discovery,False,0.15768242346012426,1.1950361107172525,1.1950361107172598,0.0,0.0,0.0,False,False
CCGCGAGGAGGCAG,composition,1.0,48,1,6,discovery,False,0.0,1.0,0.9999999999999979,0.0,0.0,-2.220446049250313e-16,False,False
CCGCGAGGAGGCAG,composition,1.0,48,1,7,discovery,False,0.18402596152475573,1.2372656187014914,1.2372656187015054,0.0,0.0,0.0,False,False
CCGCGAGGAGGCAG,composition,1.0,48,1,8,discovery,False,0.22832632677290887,1.3114127543522704,1.311412754352265,0.0,0.0,0.0,False,False
CCGCGAGGAGGCAG,composition,1.0,48,1,9,discovery,False,0.16289857882695635,1.203249811437789,1.2032498114378036,0.0,0.0,0.0,False,False
CCGCGAGGAGGCAG,composition,1.0,48,1,10,discovery,False,0.13181567130319527,1.1555941574604767,1.155594157460483,0.0,0.0,0.0,False,False
CCGCGAGGAGGCAG,composition,1.0,48,1,11,discovery,False,0.12150073742008614,1.1405368712215396,1.1405368712215471,0.0,0.0,0.0,False,False
CCGCGAGGAGGCAG,composition,1.0,48,1,12,confirmation,False,0.18402596152475573,1.2372656187014914,1.2372656187015054,0.0,0.0,0.0,False,False
CCGCGAGGAGGCAG,composition,1.0,48,1,13,confirmation,False,0.2002504697287035,1.264066947005714,1.264066947005718,0.0,0.0,0.0,False,False
CCGCGAGGAGGCAG,composition,1.0,48,1,14,confirmation,False,0.15768242346012426,1.1950361107172525,1.1950361107172598,0.0,0.0,0.0,False,False
CCGCGAGGAGGCAG,composition,1.0,48,1,15,confirmation,False,0.21691570783981845,1.2920551111456722,1.2920551111456822,3.3306690738754696e-16,1.1102230246251565e-16,3.3306690738754696e-16,False,False
CCGCGAGGAGGCAG,composition,1.0,48,1,16,confirmation,False,0.1893917712044878,1.2460722172933572,1.2460722172933327,0.0,0.0,0.0,False,False
CCGCGAGGAGGCAG,composition,1.0,48,1,17,confirmation,False,0.0,1.0,0.9999999999999979,0.0,0.0,-2.220446049250313e-16,False,False
CCGCGAGGAGGCAG,composition,1.0,48,1,18,confirmation,False,0.2002504697287035,1.264066947005714,1.264066947005718,0.0,0.0,0.0,False,False
CCGCGAGGAGGCAG,composition,1.0,48,1,19,confirmation,False,0.0,1.0,0.9999999999999979,0.0,0.0,-2.220446049250313e-16,False,False
CCGCGAGGAGGCAG,composition,1.0,48,1,20,confirmation,False,0.1893917712044878,1.2460722172933572,1.2460722172933327,0.0,0.0,0.0,False,False
CCGCGAGGAGGCAG,composition,1.0,48,1,21,confirmation,False,0.15768242346012426,1.1950361107172525,1.1950361107172598,0.0,0.0,0.0,False,False
CCGCGAGGAGGCAG,composition,1.0,48,1,22,confirmation,False,0.18402596152475573,1.2372656187014914,1.237265618701506,0.0,0.0,0.0,False,False
CCGCGAGGAGGCAG,composition,1.0,48,1,23,confirmation,False,0.16289857882695635,1.203249811437789,1.2032498114378036,0.0,0.0,0.0,False,False
CCGCGAGGAGGCAG,composition,1.0,48,2,0,discovery,False,0.1990372988626388,1.1555941574604767,1.155594157460483,0.0,0.0,0.0,False,False
CCGCGAGGAGGCAG,composition,1.0,48,2,1,discovery,False,0.1990372988626388,1.1555941574604767,1.155594157460483,0.0,0.0,0.0,False,False
CCGCGAGGAGGCAG,composition,1.0,48,2,2,discovery,False,0.24597145997688433,1.203249811437789,1.2032498114378036,0.0,0.0,0.0,False,False
CCGCGAGGAGGCAG,composition,1.0,48,2,3,discovery,False,0.0,1.0,0.9999999999999979,0.0,0.0,-1.1102230246251565e-16,False,False
CCGCGAGGAGGCAG,composition,1.0,48,2,4,discovery,False,0.23809523809523808,1.1950361107172525,1.1950361107172598,0.0,0.0,0.0,False,False
CCGCGAGGAGGCAG,composition,1.0,48,2,5,discovery,False,0.2224237610335943,1.1789405915749211,1.1789405915749316,0.0,0.0,0.0,False,False
CCGCGAGGAGGCAG,composition,1.0,48,2,6,discovery,False,0.1990372988626388,1.1555941574604767,1.155594157460483,0.0,0.0,0.0,False,False
CCGCGAGGAGGCAG,composition,1.0,48,2,7,discovery,False,0.2618319849629736,1.2200206595834338,1.2200206595834413,0.0,0.0,0.0,False,False
CCGCGAGGAGGCAG,composition,1.0,48,2,8,discovery,False,0.2941395134544086,1.2550050816823854,1.25500508168238,0.0,0.0,0.0,False,False
CCGCGAGGAGGCAG,composition,1.0,48,2,9,discovery,False,0.21461765246020467,1.171054333048841,1.171054333048829,0.0,0.0,0.0,False,False
CCGCGAGGAGGCAG,composition,1.0,48,2,10,discovery,False,0.1678456554656357,1.1258669280642553,1.1258669280642823,0.0,0.0,0.0,False,False
CCGCGAGGAGGCAG,composition,1.0,48,2,11,discovery,False,0.1678456554656357,1.1258669280642553,1.1258669280642823,0.0,0.0,0.0,False,False
CCGCGAGGAGGCAG,composition,1.0,48,2,12,confirmation,False,0.24597145997688433,1.203249811437789,1.2032498114378036,0.0,0.0,0.0,False,False
CCGCGAGGAGGCAG,composition,1.0,48,2,13,confirmation,False,0.2778731082606822,1.2372656187014914,1.237265618701506,0.0,0.0,0.0,False,False
CCGCGAGGAGGCAG,composition,1.0,48,2,14,confirmation,False,0.18346209025699114,1.1405368712215396,1.1405368712215473,0.0,0.0,0.0,False,False
CCGCGAGGAGGCAG,composition,1.0,48,2,15,confirmation,False,0.3023715784073817,1.264066947005714,1.264066947005718,1.1102230246251565e-16,0.0,1.1102230246251565e-16,False,False
CCGCGAGGAGGCAG,composition,1.0,48,2,16,confirmation,False,0.23024781093142224,1.1869337874816268,1.186933787481627,0.0,0.0,0.0,False,False
CCGCGAGGAGGCAG,composition,1.0,48,2,17,confirmation,False,0.23809523809523808,1.1950361107172525,1.1950361107172598,0.0,0.0,0.0,False,False
CCGCGAGGAGGCAG,composition,1.0,48,2,18,confirmation,False,0.2778731082606822,1.2372656187014914,1.237265618701506,0.0,0.0,0.0,False,False
CCGCGAGGAGGCAG,composition,1.0,48,2,19,confirmation,False,0.0,1.0,0.9999999999999979,0.0,0.0,-2.220446049250313e-16,False,False
CCGCGAGGAGGCAG,composition,1.0,48,2,20,confirmation,False,0.269827208948756,1.2285826275493221,1.2285826275493332,0.0,0.0,0.0,False,False
CCGCGAGGAGGCAG,composition,1.0,48,2,21,confirmation,False,0.1990372988626388,1.1555941574604767,1.155594157460483,0.0,0.0,0.0,False,False
CCGCGAGGAGGCAG,composition,1.0,48,2,22,confirmation,False,0.24597145997688433,1.203249811437789,1.2032498114378036,0.0,0.0,0.0,False,False
CCGCGAGGAGGCAG,composition,1.0,48,2,23,confirmation,False,0.2224237610335943,1.1789405915749211,1.1789405915749316,0.0,0.0,0.0,False,False
CCGCGAGGAGGCAG,composition,1.0,88,1,0,discovery,False,0.15768242346012426,1.1950361107172525,1.1950361107172598,0.0,0.0,0.0,False,False
CCGCGAGGAGGCAG,composition,1.0,88,1,1,discovery,False,0.15768242346012426,1.1950361107172525,1.1950361107172598,0.0,0.0,0.0,False,False
CCGCGAGGAGGCAG,composition,1.0,88,1,2,discovery,False,0.20575118615509191,1.2732606279721164,1.273260627972118,0.0,0.0,0.0,False,False
CCGCGAGGAGGCAG,composition,1.0,88,1,3,discovery,False,0.1681373927663869,1.211577202090307,1.2115772020903146,0.0,0.0,0.0,False,False
CCGCGAGGAGGCAG,composition,1.0,88,1,4,discovery,False,0.18402596152475573,1.2372656187014914,1.2372656187015054,0.0,0.0,0.0,False,False
CCGCGAGGAGGCAG,composition,1.0,88,1,5,discovery,False,0.1681373927663869,1.211577202090307,1.2115772020903146,0.0,0.0,0.0,False,False
CCGCGAGGAGGCAG,composition,1.0,88,1,6,discovery,False,0.15248533786103163,1.1869337874816268,1.186933787481627,0.0,0.0,0.0,False,False
CCGCGAGGAGGCAG,composition,1.0,88,1,7,discovery,False,0.17869743453458894,1.2285826275493221,1.2285826275493332,0.0,0.0,0.0,False,False
CCGCGAGGAGGCAG,composition,1.0,88,1,8,discovery,False,0.21691570783981845,1.2920551111456722,1.2920551111456806,0.0,0.0,0.0,False,False
CCGCGAGGAGGCAG,composition,1.0,88,1,9,discovery,False,0.15768242346012426,1.1950361107172525,1.1950361107172598,0.0,0.0,0.0,False,False
CCGCGAGGAGGCAG,composition,1.0,88,1,10,discovery,False,0.13181567130319527,1.1555941574604767,1.155594157460483,0.0,0.0,0.0,False,False
CCGCGAGGAGGCAG,composition,1.0,88,1,11,discovery,False,0.13697254686715002,1.1632728801622796,1.1632728801622931,0.0,0.0,0.0,False,False
CCGCGAGGAGGCAG,composition,1.0,88,1,12,confirmation,False,0.1893917712044878,1.2460722172933572,1.2460722172933327,0.0,0.0,0.0,False,False
CCGCGAGGAGGCAG,composition,1.0,88,1,13,confirmation,False,0.0,1.0,0.9999999999999979,0.0,0.0,-1.1102230246251565e-16,False,False
CCGCGAGGAGGCAG,composition,1.0,88,1,14,confirmation,False,0.13697254686715002,1.1632728801622796,1.1632728801622931,0.0,0.0,0.0,False,False
CCGCGAGGAGGCAG,composition,1.0,88,1,15,confirmation,False,0.24001964513150575,1.3313592544709618,1.331359254470963,0.0,0.0,0.0,False,False
CCGCGAGGAGGCAG,composition,1.0,88,1,16,confirmation,False,0.18402596152475573,1.2372656187014914,1.2372656187015054,0.0,0.0,0.0,False,False
CCGCGAGGAGGCAG,composition,1.0,88,1,17,confirmation,False,0.17869743453458894,1.2285826275493221,1.2285826275493332,0.0,0.0,0.0,False,False
CCGCGAGGAGGCAG,composition,1.0,88,1,18,confirmation,False,0.21130486869922188,1.2825890217768572,1.282589021776852,0.0,0.0,0.0,False,False
CCGCGAGGAGGCAG,composition,1.0,88,1,19,confirmation,False,0.17340246809901325,1.2200206595834338,1.2200206595834413,2.220446049250313e-16,0.0,2.220446049250313e-16,False,False
CCGCGAGGAGGCAG,composition,1.0,88,1,20,confirmation,False,0.21130486869922188,1.2825890217768572,1.282589021776852,0.0,0.0,0.0,False,False
CCGCGAGGAGGCAG,composition,1.0,88,1,21,confirmation,False,0.15768242346012426,1.1950361107172525,1.1950361107172598,0.0,0.0,0.0,False,False
CCGCGAGGAGGCAG,composition,1.0,88,1,22,confirmation,False,0.17869743453458894,1.2285826275493221,1.2285826275493332,0.0,0.0,0.0,False,False
CCGCGAGGAGGCAG,composition,1.0,88,1,23,confirmation,False,0.16289857882695635,1.203249811437789,1.2032498114378036,0.0,0.0,0.0,False,False
CCGCGAGGAGGCAG,composition,1.0,88,2,0,discovery,False,0.1990372988626388,1.1555941574604767,1.155594157460483,0.0,0.0,0.0,False,False
CCGCGAGGAGGCAG,composition,1.0,88,2,1,discovery,False,0.21461765246020467,1.171054333048841,1.171054333048829,0.0,0.0,0.0,False,False
CCGCGAGGAGGCAG,composition,1.0,88,2,2,discovery,False,0.28597530319931225,1.2460722172933572,1.2460722172933327,0.0,0.0,0.0,False,False
CCGCGAGGAGGCAG,composition,1.0,88,2,3,discovery,False,0.20682401020486918,1.1632728801622796,1.1632728801622931,0.0,0.0,0.0,False,False
CCGCGAGGAGGCAG,composition,1.0,88,2,4,discovery,False,0.23809523809523808,1.1950361107172525,1.1950361107172598,0.0,0.0,0.0,False,False
CCGCGAGGAGGCAG,composition,1.0,88,2,5,discovery,False,0.21461765246020467,1.171054333048841,1.171054333048829,0.0,0.0,0.0,False,False
CCGCGAGGAGGCAG,composition,1.0,88,2,6,discovery,False,0.21461765246020467,1.171054333048841,1.171054333048829,0.0,0.0,0.0,False,False
CCGCGAGGAGGCAG,composition,1.0,88,2,7,discovery,False,0.2224237610335943,1.1789405915749211,1.1789405915749316,0.0,0.0,0.0,False,False
CCGCGAGGAGGCAG,composition,1.0,88,2,8,discovery,False,0.28597530319931225,1.2460722172933572,1.2460722172933327,0.0,0.0,0.0,False,False
CCGCGAGGAGGCAG,composition,1.0,88,2,9,discovery,False,0.18346209025699114,1.1405368712215396,1.1405368712215473,0.0,0.0,0.0,False,False
CCGCGAGGAGGCAG,composition,1.0,88,2,10,discovery,False,0.17566201313073598,1.1331544219533012,1.1331544219533038,0.0,0.0,0.0,False,False
CCGCGAGGAGGCAG,composition,1.0,88,2,11,discovery,False,0.21461765246020467,1.171054333048841,1.171054333048829,0.0,0.0,0.0,False,False
CCGCGAGGAGGCAG,composition,1.0,88,2,12,confirmation,False,0.0,1.0,0.9999999999999979,0.0,0.0,-2.220446049250313e-16,False,False
CCGCGAGGAGGCAG,composition,1.0,88,2,13,confirmation,False,0.25388189555286217,1.211577202090307,1.2115772020903146,0.0,0.0,0.0,False,False
CCGCGAGGAGGCAG,composition,1.0,88,2,14,confirmation,False,0.17566201313073598,1.1331544219533012,1.1331544219533038,0.0,0.0,0.0,False,False
CCGCGAGGAGGCAG,composition,1.0,88,2,15,confirmation,False,0.31906335480915,1.2825890217768572,1.282589021776852,0.0,0.0,0.0,False,False
CCGCGAGGAGGCAG,composition,1.0,88,2,16,confirmation,False,0.25388189555286217,1.211577202090307,1.2115772020903146,0.0,0.0,0.0,False,False
CCGCGAGGAGGCAG,composition,1.0,88,2,17,confirmation,False,0.23024781093142224,1.1869337874816268,1.186933787481627,0.0,0.0,0.0,False,False
CCGCGAGGAGGCAG,composition,1.0,88,2,18,confirmation,False,0.0,1.0,0.9999999999999979,0.0,0.0,-1.1102230246251565e-16,False,False
CCGCGAGGAGGCAG,composition,1.0,88,2,19,confirmation,False,0.2224237610335943,1.1789405915749211,1.1789405915749316,0.0,0.0,0.0,False,False
CCGCGAGGAGGCAG,composition,1.0,88,2,20,confirmation,False,0.2778731082606822,1.2372656187014914,1.2372656187015054,0.0,0.0,0.0,False,False
CCGCGAGGAGGCAG,composition,1.0,88,2,21,confirmation,False,0.2224237610335943,1.1789405915749211,1.1789405915749316,0.0,0.0,0.0,False,False
CCGCGAGGAGGCAG,composition,1.0,88,2,22,confirmation,False,0.23809523809523808,1.1950361107172525,1.1950361107172598,0.0,0.0,0.0,False,False
CCGCGAGGAGGCAG,composition,1.0,88,2,23,confirmation,False,0.1990372988626388,1.1555941574604767,1.155594157460483,0.0,0.0,0.0,False,False
CCGCGAGGAGGCAG,composition,4.0,8,1,0,discovery,False,0.17340246809901325,1.442250318203498,1.442250318203488,0.0,0.0,0.0,False,False
CCGCGAGGAGGCAG,composition,4.0,8,1,1,discovery,False,0.0,1.0,0.9999999999999979,0.0,0.0,-1.2212453270876722e-15,False,False
CCGCGAGGAGGCAG,composition,4.0,8,1,2,discovery,False,0.21691570783981845,1.6242717840257794,1.6242717840257652,0.0,0.0,0.0,False,False
CCGCGAGGAGGCAG,composition,4.0,8,1,3,discovery,False,0.0,1.0,0.9999999999999979,0.0,0.0,-8.881784197001252e-16,False,False
CCGCGAGGAGGCAG,composition,4.0,8,1,4,discovery,False,0.16289857882695635,1.4029455946770057,1.402945594677004,0.0,0.0,0.0,False,False
CCGCGAGGAGGCAG,composition,4.0,8,1,5,discovery,False,0.16289857882695635,1.4029455946770057,1.402945594677004,0.0,0.0,0.0,False,False
CCGCGAGGAGGCAG,composition,4.0,8,1,6,discovery,False,0.14730373423454934,1.3478475563315075,1.3478475563315016,0.0,0.0,0.0,False,False
CCGCGAGGAGGCAG,composition,4.0,8,1,7,discovery,False,0.14730373423454934,1.3478475563315075,1.3478475563315035,0.0,0.0,0.0,False,False
CCGCGAGGAGGCAG,composition,4.0,8,1,8,discovery,False,0.22832632677290887,1.6771898795327647,1.6771898795327793,0.0,0.0,0.0,False,False
CCGCGAGGAGGCAG,composition,4.0,8,1,9,discovery,False,0.0,1.0,0.9999999999999979,0.0,0.0,-3.3306690738754696e-16,False,False
CCGCGAGGAGGCAG,composition,4.0,8,1,10,discovery,False,0.0,1.0,0.9999999999999979,0.0,0.0,-1.1102230246251565e-16,False,False
CCGCGAGGAGGCAG,composition,4.0,8,1,11,discovery,False,0.0,1.0,0.9999999999999979,0.0,0.0,-3.3306690738754696e-16,False,False
CCGCGAGGAGGCAG,composition,4.0,8,1,12,confirmation,False,0.18402596152475573,1.483820830801262,1.4838208308012404,0.0,0.0,0.0,False,False
CCGCGAGGAGGCAG,composition,4.0,8,1,13,confirmation,False,0.17340246809901325,1.442250318203498,1.442250318203488,0.0,0.0,0.0,False,False
CCGCGAGGAGGCAG,composition,4.0,8,1,14,confirmation,False,0.15248533786103163,1.3657263303444005,1.3657263303443827,0.0,0.0,0.0,False,False
CCGCGAGGAGGCAG,composition,4.0,8,1,15,confirmation,False,0.24001964513150575,1.7336721946710263,1.7336721946709945,0.0,0.0,0.0,False,False
CCGCGAGGAGGCAG,composition,4.0,8,1,16,confirmation,False,0.0,1.0,0.9999999999999979,0.0,0.0,-1.1102230246251565e-16,False,False
CCGCGAGGAGGCAG,composition,4.0,8,1,17,confirmation,False,0.17869743453458894,1.462740279646271,1.4627402796462925,0.0,0.0,0.0,False,False
CCGCGAGGAGGCAG,composition,4.0,8,1,18,confirmation,False,0.1947986515308665,1.5278588702537956,1.527858870253776,0.0,0.0,0.0,False,False
CCGCGAGGAGGCAG,composition,4.0,8,1,19,confirmation,False,0.1893917712044878,1.5055178792172395,1.5055178792172614,0.0,0.0,0.0,False,False
CCGCGAGGAGGCAG,composition,4.0,8,1,20,confirmation,False,0.21130486869922188,1.5990455276006184,1.5990455276005833,0.0,0.0,0.0,False,False
CCGCGAGGAGGCAG,composition,4.0,8,1,21,confirmation,False,0.0,1.0,0.9999999999999979,0.0,0.0,-4.440892098500626e-16,False,False
CCGCGAGGAGGCAG,composition,4.0,8,1,22,confirmation,False,0.15768242346012426,1.3840857931741035,1.384085793174102,0.0,0.0,0.0,False,False
CCGCGAGGAGGCAG,composition,4.0,8,1,23,confirmation,False,0.14730373423454934,1.3478475563315075,1.3478475563315016,0.0,0.0,0.0,False,False
CCGCGAGGAGGCAG,composition,4.0,8,2,0,discovery,False,0.2224237610335943,1.3478475563315075,1.3478475563315016,0.0,0.0,0.0,False,False
CCGCGAGGAGGCAG,composition,4.0,8,2,1,discovery,False,0.21461765246020467,1.3304308369311608,1.3304308369311748,0.0,0.0,0.0,False,False
CCGCGAGGAGGCAG,composition,4.0,8,2,2,discovery,False,0.2618319849629736,1.442250318203498,1.442250318203488,0.0,0.0,0.0,False,False
CCGCGAGGAGGCAG,composition,4.0,8,2,3,discovery,False,0.21461765246020467,1.3304308369311608,1.3304308369311748,0.0,0.0,0.0,False,False
CCGCGAGGAGGCAG,composition,4.0,8,2,4,discovery,False,0.0,1.0,0.9999999999999979,0.0,0.0,-8.881784197001252e-16,False,False
CCGCGAGGAGGCAG,composition,4.0,8,2,5,discovery,False,0.21461765246020467,1.3304308369311608,1.3304308369311748,0.0,0.0,0.0,False,False
CCGCGAGGAGGCAG,composition,4.0,8,2,6,discovery,False,0.19125190032334155,1.2807805725363395,1.2807805725363297,0.0,0.0,0.0,False,False
CCGCGAGGAGGCAG,composition,4.0,8,2,7,discovery,False,0.21461765246020467,1.3304308369311608,1.3304308369311748,0.0,0.0,0.0,False,False
CCGCGAGGAGGCAG,composition,4.0,8,2,8,discovery,False,0.0,1.0,0.9999999999999979,0.0,0.0,-1.1102230246251565e-16,False,False
CCGCGAGGAGGCAG,composition,4.0,8,2,9,discovery,False,0.21461765246020467,1.3304308369311608,1.330430836931175,0.0,0.0,0.0,False,False
CCGCGAGGAGGCAG,composition,4.0,8,2,10,discovery,False,0.18346209025699114,1.265043875038764,1.2650438750387487,0.0,0.0,0.0,False,False
CCGCGAGGAGGCAG,composition,4.0,8,2,11,discovery,False,0.15213907940975874,1.2057830060921653,1.2057830060921582,0.0,0.0,0.0,False,False
CCGCGAGGAGGCAG,composition,4.0,8,2,12,confirmation,False,0.0,1.0,0.9999999999999979,0.0,0.0,-3.3306690738754696e-16,False,False
CCGCGAGGAGGCAG,composition,4.0,8,2,13,confirmation,False,0.0,1.0,0.9999999999999979,0.0,0.0,-3.3306690738754696e-16,False,False
CCGCGAGGAGGCAG,composition,4.0,8,2,14,confirmation,False,0.20682401020486918,1.3134584888075982,1.3134584888076086,8.881784197001252e-16,0.0,8.881784197001252e-16,False,False
CCGCGAGGAGGCAG,composition,4.0,8,2,15,confirmation,False,0.3023715784073817,1.5508729029004524,1.5508729029004695,0.0,0.0,0.0,False,False
CCGCGAGGAGGCAG,composition,4.0,8,2,16,confirmation,False,0.2618319849629736,1.442250318203498,1.442250318203488,0.0,0.0,0.0,False,False
CCGCGAGGAGGCAG,composition,4.0,8,2,17,confirmation,False,0.0,1.0,0.9999999999999979,0.0,0.0,-3.3306690738754696e-16,False,False
CCGCGAGGAGGCAG,composition,4.0,8,2,18,confirmation,False,0.25388189555286217,1.4223264705147185,1.4223264705147052,0.0,0.0,0.0,False,False
CCGCGAGGAGGCAG,composition,4.0,8,2,19,confirmation,False,0.24597145997688433,1.4029455946770057,1.402945594677004,1.1102230246251565e-16,0.0,1.1102230246251565e-16,False,False
CCGCGAGGAGGCAG,composition,4.0,8,2,20,confirmation,False,0.269827208948756,1.462740279646271,1.4627402796462925,0.0,0.0,0.0,False,False
CCGCGAGGAGGCAG,composition,4.0,8,2,21,confirmation,False,0.19125190032334155,1.2807805725363395,1.2807805725363297,0.0,0.0,0.0,False,False
CCGCGAGGAGGCAG,composition,4.0,8,2,22,confirmation,False,0.0,1.0,0.9999999999999979,0.0,0.0,-1.1102230246251565e-16,False,False
CCGCGAGGAGGCAG,composition,4.0,8,2,23,confirmation,False,0.1990372988626388,1.2969137196062444,1.2969137196062615,0.0,0.0,0.0,False,False
CCGCGAGGAGGCAG,composition,4.0,48,1,0,discovery,False,0.16289857882695635,1.4029455946770057,1.402945594677004,0.0,0.0,0.0,False,False
CCGCGAGGAGGCAG,composition,4.0,48,1,1,discovery,False,0.15768242346012426,1.3840857931741035,1.384085793174102,0.0,0.0,0.0,False,False
CCGCGAGGAGGCAG,composition,4.0,48,1,2,discovery,False,0.1893917712044878,1.5055178792172395,1.5055178792172614,0.0,0.0,0.0,False,False
CCGCGAGGAGGCAG,composition,4.0,48,1,3,discovery,False,0.0,1.0,0.9999999999999979,0.0,0.0,-1.2212453270876722e-15,False,False
CCGCGAGGAGGCAG,composition,4.0,48,1,4,discovery,False,0.1681373927663869,1.4223264705147185,1.4223264705147052,1.2212453270876722e-15,1.1102230246251565e-16,1.2212453270876722e-15,False,False
CCGCGAGGAGGCAG,composition,4.0,48,1,5,discovery,False,0.15768242346012426,1.3840857931741035,1.3840857931741024,3.3306690738754696e-16,1.1102230246251565e-16,3.3306690738754696e-16,False,False
CCGCGAGGAGGCAG,composition,4.0,48,1,6,discovery,False,0.15248533786103163,1.3657263303444005,1.3657263303443827,0.0,0.0,0.0,False,False
CCGCGAGGAGGCAG,composition,4.0,48,1,7,discovery,False,0.18402596152475573,1.483820830801262,1.4838208308012404,0.0,0.0,0.0,False,False
CCGCGAGGAGGCAG,composition,4.0,48,1,8,discovery,False,0.22832632677290887,1.6771898795327647,1.6771898795327793,0.0,0.0,0.0,False,False
CCGCGAGGAGGCAG,composition,4.0,48,1,9,discovery,False,0.0,1.0,0.9999999999999979,0.0,0.0,-1.1102230246251565e-16,False,False
CCGCGAGGAGGCAG,composition,4.0,48,1,10,discovery,False,0.13181567130319527,1.2969137196062444,1.2969137196062615,0.0,0.0,0.0,False,False
CCGCGAGGAGGCAG,composition,4.0,48,1,11,discovery,False,0.12150073742008614,1.265043875038764,1.2650438750387487,0.0,0.0,0.0,False,False
CCGCGAGGAGGCAG,composition,4.0,48,1,12,confirmation,False,0.18402596152475573,1.483820830801262,1.4838208308012404,0.0,0.0,0.0,False,False
CCGCGAGGAGGCAG,composition,4.0,48,1,13,confirmation,False,0.0,1.0,0.9999999999999979,0.0,0.0,-2.220446049250313e-16,False,False
CCGCGAGGAGGCAG,composition,4.0,48,1,14,confirmation,False,0.15768242346012426,1.3840857931741035,1.384085793174102,0.0,0.0,0.0,False,False
CCGCGAGGAGGCAG,composition,4.0,48,1,15,confirmation,False,0.21691570783981845,1.6242717840257794,1.6242717840257652,0.0,0.0,0.0,False,False
CCGCGAGGAGGCAG,composition,4.0,48,1,16,confirmation,False,0.1893917712044878,1.5055178792172395,1.5055178792172614,0.0,0.0,0.0,False,False
CCGCGAGGAGGCAG,composition,4.0,48,1,17,confirmation,False,0.17340246809901325,1.442250318203498,1.442250318203488,0.0,0.0,0.0,False,False
CCGCGAGGAGGCAG,composition,4.0,48,1,18,confirmation,False,0.2002504697287035,1.5508729029004524,1.5508729029004695,0.0,0.0,0.0,False,False
CCGCGAGGAGGCAG,composition,4.0,48,1,19,confirmation,False,0.17340246809901325,1.442250318203498,1.442250318203488,0.0,0.0,0.0,False,False
CCGCGAGGAGGCAG,composition,4.0,48,1,20,confirmation,False,0.1893917712044878,1.5055178792172395,1.5055178792172614,0.0,0.0,0.0,False,False
CCGCGAGGAGGCAG,composition,4.0,48,1,21,confirmation,False,0.15768242346012426,1.3840857931741035,1.3840857931741024,0.0,0.0,0.0,False,False
CCGCGAGGAGGCAG,composition,4.0,48,1,22,confirmation,False,0.18402596152475573,1.483820830801262,1.4838208308012404,0.0,0.0,0.0,False,False
CCGCGAGGAGGCAG,composition,4.0,48,1,23,confirmation,False,0.16289857882695635,1.4029455946770057,1.402945594677004,1.1102230246251565e-16,0.0,1.1102230246251565e-16,False,False
CCGCGAGGAGGCAG,composition,4.0,48,2,0,discovery,False,0.1990372988626388,1.2969137196062444,1.2969137196062615,0.0,0.0,0.0,False,False
CCGCGAGGAGGCAG,composition,4.0,48,2,1,discovery,False,0.1990372988626388,1.2969137196062444,1.2969137196062615,0.0,0.0,0.0,False,False
CCGCGAGGAGGCAG,composition,4.0,48,2,2,discovery,False,0.24597145997688433,1.4029455946770057,1.402945594677004,0.0,0.0,0.0,False,False
CCGCGAGGAGGCAG,composition,4.0,48,2,3,discovery,False,0.0,1.0,0.9999999999999979,0.0,0.0,-2.220446049250313e-16,False,False
CCGCGAGGAGGCAG,composition,4.0,48,2,4,discovery,False,0.23809523809523808,1.3840857931741035,1.384085793174102,0.0,0.0,0.0,False,False
CCGCGAGGAGGCAG,composition,4.0,48,2,5,discovery,False,0.2224237610335943,1.3478475563315075,1.3478475563315016,0.0,0.0,0.0,False,False
CCGCGAGGAGGCAG,composition,4.0,48,2,6,discovery,False,0.1990372988626388,1.2969137196062444,1.2969137196062615,0.0,0.0,0.0,False,False
CCGCGAGGAGGCAG,composition,4.0,48,2,7,discovery,False,0.2618319849629736,1.442250318203498,1.442250318203488,0.0,0.0,0.0,False,False
CCGCGAGGAGGCAG,composition,4.0,48,2,8,discovery,False,0.2941395134544086,1.5278588702537956,1.527858870253776,0.0,0.0,0.0,False,False
CCGCGAGGAGGCAG,composition,4.0,48,2,9,discovery,False,0.21461765246020467,1.3304308369311608,1.3304308369311748,0.0,0.0,0.0,False,False
CCGCGAGGAGGCAG,composition,4.0,48,2,10,discovery,False,0.1678456554656357,1.2347027775450763,1.2347027775450827,2.220446049250313e-16,1.1102230246251565e-16,2.220446049250313e-16,False,False
CCGCGAGGAGGCAG,composition,4.0,48,2,11,discovery,False,0.1678456554656357,1.2347027775450763,1.2347027775450827,1.1102230246251565e-16,0.0,1.1102230246251565e-16,False,False
CCGCGAGGAGGCAG,composition,4.0,48,2,12,confirmation,False,0.24597145997688433,1.4029455946770057,1.402945594677004,0.0,0.0,0.0,False,False
CCGCGAGGAGGCAG,composition,4.0,48,2,13,confirmation,False,0.0,1.0,0.9999999999999979,0.0,0.0,-2.220446049250313e-16,False,False
CCGCGAGGAGGCAG,composition,4.0,48,2,14,confirmation,False,0.18346209025699114,1.265043875038764,1.2650438750387487,0.0,0.0,0.0,False,False
CCGCGAGGAGGCAG,composition,4.0,48,2,15,confirmation,False,0.3023715784073817,1.5508729029004524,1.5508729029004695,0.0,0.0,0.0,False,False
CCGCGAGGAGGCAG,composition,4.0,48,2,16,confirmation,False,0.23024781093142224,1.3657263303444005,1.3657263303443827,0.0,0.0,0.0,False,False
CCGCGAGGAGGCAG,composition,4.0,48,2,17,confirmation,False,0.0,1.0,0.9999999999999979,0.0,0.0,-3.3306690738754696e-16,False,False
CCGCGAGGAGGCAG,composition,4.0,48,2,18,confirmation,False,0.2778731082606822,1.483820830801262,1.4838208308012404,0.0,0.0,0.0,False,False
CCGCGAGGAGGCAG,composition,4.0,48,2,19,confirmation,False,0.2224237610335943,1.3478475563315075,1.3478475563315016,0.0,0.0,0.0,False,False
CCGCGAGGAGGCAG,composition,4.0,48,2,20,confirmation,False,0.269827208948756,1.462740279646271,1.4627402796462925,0.0,0.0,0.0,False,False
CCGCGAGGAGGCAG,composition,4.0,48,2,21,confirmation,False,0.1990372988626388,1.2969137196062444,1.2969137196062615,0.0,0.0,0.0,False,False
CCGCGAGGAGGCAG,composition,4.0,48,2,22,confirmation,False,0.0,1.0,0.9999999999999979,0.0,0.0,-1.1102230246251565e-16,False,False
CCGCGAGGAGGCAG,composition,4.0,48,2,23,confirmation,False,0.2224237610335943,1.3478475563315075,1.3478475563315035,0.0,0.0,0.0,False,False
CCGCGAGGAGGCAG,composition,4.0,88,1,0,discovery,False,0.15768242346012426,1.3840857931741035,1.3840857931741024,3.3306690738754696e-16,0.0,3.3306690738754696e-16,False,False
CCGCGAGGAGGCAG,composition,4.0,88,1,1,discovery,False,0.15768242346012426,1.3840857931741035,1.384085793174102,0.0,0.0,0.0,False,False
CCGCGAGGAGGCAG,composition,4.0,88,1,2,discovery,False,0.0,1.0,0.9999999999999979,0.0,0.0,-1.1102230246251565e-16,False,False
CCGCGAGGAGGCAG,composition,4.0,88,1,3,discovery,False,0.0,1.0,0.9999999999999979,0.0,0.0,-1.2212453270876722e-15,False,False
CCGCGAGGAGGCAG,composition,4.0,88,1,4,discovery,False,0.18402596152475573,1.483820830801262,1.4838208308012404,0.0,0.0,0.0,False,False
CCGCGAGGAGGCAG,composition,4.0,88,1,5,discovery,False,0.1681373927663869,1.4223264705147185,1.4223264705147052,1.2212453270876722e-15,1.1102230246251565e-16,1.2212453270876722e-15,False,False
CCGCGAGGAGGCAG,composition,4.0,88,1,6,discovery,False,0.15248533786103163,1.3657263303444005,1.3657263303443827,0.0,0.0,0.0,False,False
CCGCGAGGAGGCAG,composition,4.0,88,1,7,discovery,False,0.17869743453458894,1.462740279646271,1.4627402796462925,0.0,0.0,0.0,False,False
CCGCGAGGAGGCAG,composition,4.0,88,1,8,discovery,False,0.0,1.0,0.9999999999999979,0.0,0.0,-1.1102230246251565e-16,False,False
CCGCGAGGAGGCAG,composition,4.0,88,1,9,discovery,False,0.15768242346012426,1.3840857931741035,1.384085793174102,0.0,0.0,0.0,False,False
CCGCGAGGAGGCAG,composition,4.0,88,1,10,discovery,False,0.13181567130319527,1.2969137196062444,1.2969137196062615,0.0,0.0,0.0,False,False
CCGCGAGGAGGCAG,composition,4.0,88,1,11,discovery,False,0.0,1.0,0.9999999999999979,0.0,0.0,-8.881784197001252e-16,False,False
CCGCGAGGAGGCAG,composition,4.0,88,1,12,confirmation,False,0.1893917712044878,1.5055178792172395,1.5055178792172614,0.0,0.0,0.0,False,False
CCGCGAGGAGGCAG,composition,4.0,88,1,13,confirmation,False,0.0,1.0,0.9999999999999979,0.0,0.0,-2.220446049250313e-16,False,False
CCGCGAGGAGGCAG,composition,4.0,88,1,14,confirmation,False,0.13697254686715002,1.3134584888075982,1.3134584888076086,0.0,0.0,0.0,False,False
CCGCGAGGAGGCAG,composition,4.0,88,1,15,confirmation,False,0.24001964513150575,1.7336721946710263,1.7336721946709945,0.0,0.0,0.0,False,False
CCGCGAGGAGGCAG,composition,4.0,88,1,16,confirmation,False,0.18402596152475573,1.483820830801262,1.4838208308012404,2.220446049250313e-16,0.0,2.220446049250313e-16,False,False
CCGCGAGGAGGCAG,composition,4.0,88,1,17,confirmation,False,0.17869743453458894,1.462740279646271,1.4627402796462925,0.0,0.0,0.0,False,False
CCGCGAGGAGGCAG,composition,4.0,88,1,18,confirmation,False,0.21130486869922188,1.5990455276006184,1.5990455276005833,0.0,0.0,0.0,False,False
CCGCGAGGAGGCAG,composition,4.0,88,1,19,confirmation,False,0.17340246809901325,1.442250318203498,1.442250318203488,0.0,0.0,0.0,False,False
CCGCGAGGAGGCAG,composition,4.0,88,1,20,confirmation,False,0.21130486869922188,1.5990455276006184,1.5990455276005833,0.0,0.0,0.0,False,False
CCGCGAGGAGGCAG,composition,4.0,88,1,21,confirmation,False,0.15768242346012426,1.3840857931741035,1.384085793174102,0.0,0.0,0.0,False,False
CCGCGAGGAGGCAG,composition,4.0,88,1,22,confirmation,False,0.17869743453458894,1.462740279646271,1.4627402796462925,0.0,0.0,0.0,False,False
CCGCGAGGAGGCAG,composition,4.0,88,1,23,confirmation,False,0.0,1.0,0.9999999999999979,0.0,0.0,-1.1102230246251565e-16,False,False
CCGCGAGGAGGCAG,composition,4.0,88,2,0,discovery,False,0.1990372988626388,1.2969137196062444,1.2969137196062615,0.0,0.0,0.0,False,False
CCGCGAGGAGGCAG,composition,4.0,88,2,1,discovery,False,0.21461765246020467,1.3304308369311608,1.3304308369311748,0.0,0.0,0.0,False,False
CCGCGAGGAGGCAG,composition,4.0,88,2,2,discovery,False,0.28597530319931225,1.5055178792172395,1.5055178792172614,0.0,0.0,0.0,False,False
CCGCGAGGAGGCAG,composition,4.0,88,2,3,discovery,False,0.0,1.0,0.9999999999999979,0.0,0.0,-8.881784197001252e-16,False,False
CCGCGAGGAGGCAG,composition,4.0,88,2,4,discovery,False,0.23809523809523808,1.3840857931741035,1.384085793174102,0.0,0.0,0.0,False,False
CCGCGAGGAGGCAG,composition,4.0,88,2,5,discovery,False,0.0,1.0,0.9999999999999979,0.0,0.0,-1.1102230246251565e-16,False,False
CCGCGAGGAGGCAG,composition,4.0,88,2,6,discovery,False,0.21461765246020467,1.3304308369311608,1.3304308369311748,0.0,0.0,0.0,False,False
CCGCGAGGAGGCAG,composition,4.0,88,2,7,discovery,False,0.2224237610335943,1.3478475563315075,1.3478475563315016,0.0,0.0,0.0,False,False
CCGCGAGGAGGCAG,composition,4.0,88,2,8,discovery,False,0.28597530319931225,1.5055178792172395,1.5055178792172614,0.0,0.0,0.0,False,False
CCGCGAGGAGGCAG,composition,4.0,88,2,9,discovery,False,0.18346209025699114,1.265043875038764,1.2650438750387487,0.0,0.0,0.0,False,False
CCGCGAGGAGGCAG,composition,4.0,88,2,10,discovery,False,0.0,1.0,0.9999999999999979,0.0,0.0,-1.1102230246251565e-16,False,False
CCGCGAGGAGGCAG,composition,4.0,88,2,11,discovery,False,0.21461765246020467,1.3304308369311608,1.3304308369311748,1.1102230246251565e-16,0.0,1.1102230246251565e-16,False,False
CCGCGAGGAGGCAG,composition,4.0,88,2,12,confirmation,False,0.23024781093142224,1.3657263303444005,1.3657263303443823,0.0,0.0,0.0,False,False
CCGCGAGGAGGCAG,composition,4.0,88,2,13,confirmation,False,0.25388189555286217,1.4223264705147185,1.4223264705147052,1.2212453270876722e-15,3.3306690738754696e-16,1.2212453270876722e-15,False,False
CCGCGAGGAGGCAG,composition,4.0,88,2,14,confirmation,False,0.17566201313073598,1.2496891911924466,1.2496891911924293,0.0,0.0,0.0,False,False
CCGCGAGGAGGCAG,composition,4.0,88,2,15,confirmation,False,0.31906335480915,1.5990455276006184,1.5990455276005833,0.0,0.0,0.0,False,False
CCGCGAGGAGGCAG,composition,4.0,88,2,16,confirmation,False,0.0,1.0,0.9999999999999979,0.0,0.0,-1.2212453270876722e-15,False,False
CCGCGAGGAGGCAG,composition,4.0,88,2,17,confirmation,False,0.23024781093142224,1.3657263303444005,1.3657263303443827,4.440892098500626e-16,0.0,4.440892098500626e-16,False,False
CCGCGAGGAGGCAG,composition,4.0,88,2,18,confirmation,False,0.0,1.0,0.9999999999999979,0.0,0.0,-1.1102230246251565e-16,False,False
CCGCGAGGAGGCAG,composition,4.0,88,2,19,confirmation,False,0.2224237610335943,1.3478475563315075,1.3478475563315016,0.0,0.0,0.0,False,False
CCGCGAGGAGGCAG,composition,4.0,88,2,20,confirmation,False,0.2778731082606822,1.483820830801262,1.4838208308012404,0.0,0.0,0.0,False,False
CCGCGAGGAGGCAG,composition,4.0,88,2,21,confirmation,False,0.2224237610335943,1.3478475563315075,1.3478475563315016,0.0,0.0,0.0,False,False
CCGCGAGGAGGCAG,composition,4.0,88,2,22,confirmation,False,0.23809523809523808,1.3840857931741035,1.384085793174102,0.0,0.0,0.0,False,False
CCGCGAGGAGGCAG,composition,4.0,88,2,23,confirmation,False,0.1990372988626388,1.2969137196062444,1.2969137196062615,0.0,0.0,0.0,False,False
CCGCGAGGAGGCAG,randomized,0.25,8,1,0,discovery,False,0.11985482263976126,1.0734040314110085,1.0957929200984808,0.0,0.0,0.0,False,False
CCGCGAGGAGGCAG,randomized,0.25,8,1,1,discovery,False,-0.024325574724775503,0.9748304389135013,0.9525065644282139,0.0,-5.551115123125783e-17,0.0,False,False
CCGCGAGGAGGCAG,randomized,0.25,8,1,2,discovery,False,0.09471015363752251,1.008043148515996,1.0241644607012161,0.0,0.0,0.0,False,False
CCGCGAGGAGGCAG,randomized,0.25,8,1,3,discovery,False,0.09139487296084463,1.0502161081193748,1.054416096058195,0.0,0.0,0.0,False,False
CCGCGAGGAGGCAG,randomized,0.25,8,1,4,discovery,False,0.22045093739126098,1.1069496837426875,0.849218792910425,0.0,0.0,0.0,False,False
CCGCGAGGAGGCAG,randomized,0.25,8,1,5,discovery,False,-0.025655222062670055,0.8150861101956307,0.78369460689877,2.220446049250313e-16,0.0,4.440892098500626e-16,False,False
CCGCGAGGAGGCAG,randomized,0.25,8,1,6,discovery,False,0.1194389522386965,1.451501519881734,1.3057025387296242,2.220446049250313e-16,0.0,0.0,False,False
CCGCGAGGAGGCAG,randomized,0.25,8,1,7,discovery,False,0.0564845595163361,1.2363898547085803,1.2435654249510584,0.0,0.0,0.0,False,False
CCGCGAGGAGGCAG,randomized,0.25,8,1,8,discovery,False,-0.21014409289461608,0.9627434421158042,0.9769369777331122,2.220446049250313e-16,2.220446049250313e-16,-2.220446049250313e-16,False,False
CCGCGAGGAGGCAG,randomized,0.25,8,1,9,discovery,False,-0.03440196035881293,0.9955091258895205,0.99191707853407,1.1102230246251565e-16,1.1102230246251565e-16,0.0,False,False
CCGCGAGGAGGCAG,randomized,0.25,8,1,10,discovery,False,0.10397636480034517,1.1106603742719519,1.0933764433893063,0.0,0.0,0.0,False,False
CCGCGAGGAGGCAG,randomized,0.25,8,1,11,discovery,False,-0.06076840375707015,0.964764815926458,0.9794073568477596,2.220446049250313e-16,2.220446049250313e-16,2.220446049250313e-16,False,False
CCGCGAGGAGGCAG,randomized,0.25,8,1,12,confirmation,False,0.055273008697843386,0.9584601881072901,0.9605627873713126,2.220446049250313e-16,0.0,3.3306690738754696e-16,False,False
CCGCGAGGAGGCAG,randomized,0.25,8,1,13,confirmation,False,-0.03399851650695866,0.9663255623989369,0.9829591349453068,0.0,0.0,-1.1102230246251565e-16,False,False
CCGCGAGGAGGCAG,randomized,0.25,8,1,14,confirmation,False,0.034150167819564675,1.0137946468900263,1.003028747382545,0.0,0.0,-5.551115123125783e-16,False,False
CCGCGAGGAGGCAG,randomized,0.25,8,1,15,confirmation,False,0.1866177837624915,1.1980181811093453,1.4989544444858283,0.0,0.0,-4.440892098500626e-16,False,False
CCGCGAGGAGGCAG,randomized,0.25,8,1,16,confirmation,False,0.006334842063038002,0.9876283598614154,0.9812268708056319,0.0,0.0,0.0,False,False
CCGCGAGGAGGCAG,randomized,0.25,8,1,17,confirmation,False,-0.18783655763181178,0.8070972249755728,0.9102849026959976,0.0,0.0,0.0,False,False
CCGCGAGGAGGCAG,randomized,0.25,8,1,18,confirmation,False,-0.00381685492773771,0.985048918362048,0.9774304716554862,1.1102230246251565e-16,0.0,-1.1102230246251565e-16,False,False
CCGCGAGGAGGCAG,randomized,0.25,8,1,19,confirmation,False,-0.12845130337955846,1.0005353574351281,1.001753056384193,2.220446049250313e-16,0.0,-2.220446049250313e-16,False,False
CCGCGAGGAGGCAG,randomized,0.25,8,1,20,confirmation,False,-0.2306221410648762,0.8724041432011028,0.9906560534170323,0.0,0.0,0.0,False,False
CCGCGAGGAGGCAG,randomized,0.25,8,1,21,confirmation,False,0.041252525479307425,1.0499480221702222,1.0433683507012252,0.0,0.0,0.0,False,False
CCGCGAGGAGGCAG,randomized,0.25,8,1,22,confirmation,False,-0.19761914581967302,0.8097453077817638,1.024971947998807,1.1102230246251565e-16,0.0,2.7755575615628914e-17,False,False
CCGCGAGGAGGCAG,randomized,0.25,8,1,23,confirmation,False,-0.0021801724776151386,0.9913660842340549,0.99002846336097,0.0,0.0,0.0,False,False
CCGCGAGGAGGCAG,randomized,0.25,8,2,0,discovery,False,0.1554711860504093,1.0636229454946904,1.0778933975314386,0.0,0.0,-3.3306690738754696e-16,False,False
CCGCGAGGAGGCAG,randomized,0.25,8,2,1,discovery,False,0.030187961554530896,0.9963569717266102,0.9972763647725446,5.551115123125783e-17,0.0,1.249000902703301e-16,False,False
CCGCGAGGAGGCAG,randomized,0.25,8,2,2,discovery,False,0.13704605368166572,1.0139950258398032,1.0282710685004457,0.0,0.0,0.0,False,False
CCGCGAGGAGGCAG,randomized,0.25,8,2,3,discovery,False,0.11586837375159696,1.0426214389599828,1.0453378629095942,0.0,0.0,-1.1102230246251565e-16,False,False
CCGCGAGGAGGCAG,randomized,0.25,8,2,4,discovery,False,0.2920328568589685,1.0379477490048759,0.8465096923435061,0.0,0.0,0.0,False,False
CCGCGAGGAGGCAG,randomized,0.25,8,2,5,discovery,False,0.18541063420379134,1.1269740230942833,1.0415893512270245,2.220446049250313e-16,0.0,2.220446049250313e-16,False,False
CCGCGAGGAGGCAG,randomized,0.25,8,2,6,discovery,False,0.10004497303979419,1.0023298542062673,0.9681154802888893,0.0,0.0,0.0,False,False
CCGCGAGGAGGCAG,randomized,0.25,8,2,7,discovery,False,0.07563622311219886,1.1965039577795602,1.203751722330011,0.0,0.0,0.0,False,False
CCGCGAGGAGGCAG,randomized,0.25,8,2,8,discovery,False,-0.11333945233594389,1.1029615993111137,1.0716151262143083,2.220446049250313e-16,0.0,2.220446049250313e-16,False,False
CCGCGAGGAGGCAG,randomized,0.25,8,2,9,discovery,False,-0.09770493309203483,0.868977957388439,0.8049853628909437,1.1102230246251565e-16,0.0,0.0,False,False
CCGCGAGGAGGCAG,randomized,0.25,8,2,10,discovery,False,0.14443259409898557,1.0879309008086169,1.0761120574184777,2.220446049250313e-16,2.220446049250313e-16,0.0,False,False
CCGCGAGGAGGCAG,randomized,0.25,8,2,11,discovery,False,0.24139558196419797,1.1107129025504798,1.1688116595480178,0.0,0.0,-2.220446049250313e-16,False,False
CCGCGAGGAGGCAG,randomized,0.25,8,2,12,confirmation,False,0.20233206615085117,1.1155494202164278,1.1197142885033429,0.0,0.0,-1.1102230246251565e-16,False,False
CCGCGAGGAGGCAG,randomized,0.25,8,2,13,confirmation,False,-0.0494568455704193,0.9689785094592015,0.9833250275214167,0.0,0.0,0.0,False,False
CCGCGAGGAGGCAG,randomized,0.25,8,2,14,confirmation,False,0.19813397822267917,0.9375625628311998,1.130442683070055,1.1102230246251565e-16,0.0,1.1102230246251565e-16,False,False
CCGCGAGGAGGCAG,randomized,0.25,8,2,15,confirmation,False,0.23573906893934904,1.186406011220861,1.3932383034859745,0.0,2.220446049250313e-16,-2.220446049250313e-16,False,False
CCGCGAGGAGGCAG,randomized,0.25,8,2,16,confirmation,False,0.2059342317291926,1.083624746553901,1.0763227759092509,1.1102230246251565e-16,0.0,5.551115123125783e-17,False,False
CCGCGAGGAGGCAG,randomized,0.25,8,2,17,confirmation,False,-0.22756554025396508,0.8336410559661179,0.8898481831811764,0.0,0.0,0.0,False,False
CCGCGAGGAGGCAG,randomized,0.25,8,2,18,confirmation,False,-0.01758569854487605,0.950674579017721,0.9608885711732514,1.1102230246251565e-16,1.1102230246251565e-16,2.220446049250313e-16,False,False
CCGCGAGGAGGCAG,randomized,0.25,8,2,19,confirmation,False,-0.16285025719442148,1.0009464113253441,1.0012151874373376,2.220446049250313e-16,2.220446049250313e-16,3.3306690738754696e-16,False,False
CCGCGAGGAGGCAG,randomized,0.25,8,2,20,confirmation,False,-0.2826764888758121,0.8886416925577237,0.9602296016854849,0.0,0.0,0.0,False,False
CCGCGAGGAGGCAG,randomized,0.25,8,2,21,confirmation,False,0.07399968788209427,1.0349486757702553,1.0258558861917295,0.0,0.0,-2.220446049250313e-16,False,False
CCGCGAGGAGGCAG,randomized,0.25,8,2,22,confirmation,False,0.17195917146643225,1.0547950521434184,0.9836539005284056,1.1102230246251565e-16,1.1102230246251565e-16,2.220446049250313e-16,False,False
CCGCGAGGAGGCAG,randomized,0.25,8,2,23,confirmation,False,0.021457250347091894,1.0063678263512457,1.0034135759870892,1.1102230246251565e-16,0.0,-1.1102230246251565e-16,False,False
CCGCGAGGAGGCAG,randomized,0.25,48,1,0,discovery,False,-0.07382891769997198,0.8876257696731835,0.8964808620803492,1.1102230246251565e-16,0.0,5.551115123125783e-17,False,False
CCGCGAGGAGGCAG,randomized,0.25,48,1,1,discovery,False,0.015123654040368417,0.9973179716800179,0.99862288267497,1.1102230246251565e-16,0.0,1.1102230246251565e-16,False,False
CCGCGAGGAGGCAG,randomized,0.25,48,1,2,discovery,False,0.09564119454746027,1.01166843127392,1.0294894386666318,0.0,0.0,0.0,False,False
CCGCGAGGAGGCAG,randomized,0.25,48,1,3,discovery,False,-0.1994331226726046,0.9112903542762624,0.9289361300704899,2.220446049250313e-16,0.0,4.440892098500626e-16,False,False
CCGCGAGGAGGCAG,randomized,0.25,48,1,4,discovery,False,0.2285175150135768,1.1369897973770726,0.8538415229605025,0.0,0.0,0.0,False,False
CCGCGAGGAGGCAG,randomized,0.25,48,1,5,discovery,False,0.15257262461821994,1.0598431831070942,1.1006970854468145,1.1102230246251565e-16,1.1102230246251565e-16,-1.1102230246251565e-16,False,False
CCGCGAGGAGGCAG,randomized,0.25,48,1,6,discovery,False,0.005041137278534096,1.0001062602608928,1.0000907736481828,0.0,0.0,-2.220446049250313e-16,False,False
CCGCGAGGAGGCAG,randomized,0.25,48,1,7,discovery,False,0.07297361657555303,1.2566569737050952,1.2789496956742135,0.0,0.0,-4.440892098500626e-16,False,False
CCGCGAGGAGGCAG,randomized,0.25,48,1,8,discovery,False,0.16711600284555322,1.250266379527156,1.144410476507695,2.220446049250313e-16,0.0,2.220446049250313e-16,False,False
CCGCGAGGAGGCAG,randomized,0.25,48,1,9,discovery,False,-0.05618743847709736,0.9088274149298331,0.9402829220434675,1.1102230246251565e-16,0.0,1.1102230246251565e-16,False,False
CCGCGAGGAGGCAG,randomized,0.25,48,1,10,discovery,False,-0.00984335463606522,0.99613701086636,0.9925541260305335,2.220446049250313e-16,0.0,-2.220446049250313e-16,False,False
CCGCGAGGAGGCAG,randomized,0.25,48,1,11,discovery,False,-0.20453695712824238,0.8068332591196771,0.6951087807375227,2.220446049250313e-16,2.220446049250313e-16,2.220446049250313e-16,False,False
CCGCGAGGAGGCAG,randomized,0.25,48,1,12,confirmation,False,0.16190924596822584,1.1421117277577122,1.1486354612907295,0.0,0.0,0.0,False,False
CCGCGAGGAGGCAG,randomized,0.25,48,1,13,confirmation,False,-0.037444846498251874,0.8923932091350247,0.888971156994719,1.1102230246251565e-16,1.1102230246251565e-16,0.0,False,False
CCGCGAGGAGGCAG,randomized,0.25,48,1,14,confirmation,False,-0.00927618842986739,0.9739427079347039,0.965602793099138,2.220446049250313e-16,2.220446049250313e-16,1.1102230246251565e-16,False,False
CCGCGAGGAGGCAG,randomized,0.25,48,1,15,confirmation,False,0.10279214130692162,1.030048864707119,0.962427859694789,2.220446049250313e-16,2.220446049250313e-16,2.220446049250313e-16,False,False
CCGCGAGGAGGCAG,randomized,0.25,48,1,16,confirmation,False,0.16310085564919427,1.2532453017561183,1.2219410365328955,5.551115123125783e-17,5.551115123125783e-17,-1.6653345369377348e-16,False,False
CCGCGAGGAGGCAG,randomized,0.25,48,1,17,confirmation,False,0.1768313796650693,1.1357726869100253,1.1400936896955236,2.220446049250313e-16,-2.220446049250313e-16,2.220446049250313e-16,False,False
CCGCGAGGAGGCAG,randomized,0.25,48,1,18,confirmation,False,-0.21738084827421664,1.5513240605765681,1.9015205933868502,1.1102230246251565e-16,0.0,5.551115123125783e-17,False,False
CCGCGAGGAGGCAG,randomized,0.25,48,1,19,confirmation,False,-0.11126534947472676,1.0004732734067419,1.0014226098100096,0.0,-2.220446049250313e-16,-1.1102230246251565e-16,False,False
CCGCGAGGAGGCAG,randomized,0.25,48,1,20,confirmation,False,-0.20899278567934249,0.8753905857379453,0.9743354489424209,0.0,0.0,0.0,False,False
CCGCGAGGAGGCAG,randomized,0.25,48,1,21,confirmation,False,0.049116343431596314,1.0545973530228625,1.0454603126056445,0.0,0.0,0.0,False,False
CCGCGAGGAGGCAG,randomized,0.25,48,1,22,confirmation,False,-0.19704716085792637,1.0117061815710002,0.9864065326755158,0.0,0.0,-8.326672684688674e-17,False,False
CCGCGAGGAGGCAG,randomized,0.25,48,1,23,confirmation,False,-0.011707597451930125,0.987453889211068,0.9877777941043177,0.0,0.0,-1.3877787807814457e-17,False,False
CCGCGAGGAGGCAG,randomized,0.25,48,2,0,discovery,False,0.13573551436622724,1.0506120566192698,1.062549704701121,2.220446049250313e-16,2.220446049250313e-16,2.220446049250313e-16,False,False
CCGCGAGGAGGCAG,randomized,0.25,48,2,1,discovery,False,0.10982217036868511,1.0190559573420352,1.0138571573917825,2.7755575615628914e-17,0.0,-5.551115123125783e-17,False,False
CCGCGAGGAGGCAG,randomized,0.25,48,2,2,discovery,False,0.10771154890622653,1.0048300666428664,1.0127889515039168,0.0,0.0,0.0,False,False
CCGCGAGGAGGCAG,randomized,0.25,48,2,3,discovery,False,0.11986179868941158,1.0446131157543874,1.0468897814061553,0.0,0.0,-2.220446049250313e-16,False,False
CCGCGAGGAGGCAG,randomized,0.25,48,2,4,discovery,False,0.3063614410422911,1.0520342254411987,0.8501470111302389,0.0,0.0,0.0,False,False
CCGCGAGGAGGCAG,randomized,0.25,48,2,5,discovery,False,-0.05014170433123439,0.8138564370524427,0.7876218139160382,0.0,0.0,-1.1102230246251565e-16,False,False
CCGCGAGGAGGCAG,randomized,0.25,48,2,6,discovery,False,0.1917588565885302,1.4624371156753624,1.303928781274759,2.220446049250313e-16,0.0,0.0,False,False
CCGCGAGGAGGCAG,randomized,0.25,48,2,7,discovery,False,0.10374872621436834,1.2179090567826683,1.2403401334259654,0.0,0.0,2.220446049250313e-16,False,False
CCGCGAGGAGGCAG,randomized,0.25,48,2,8,discovery,False,-0.12558166704920876,1.0893971170852728,1.0773059182742333,0.0,0.0,0.0,False,False
CCGCGAGGAGGCAG,randomized,0.25,48,2,9,discovery,False,-0.07183697174160382,0.9213051943664093,0.9439398671667197,1.1102230246251565e-16,0.0,2.220446049250313e-16,False,False
CCGCGAGGAGGCAG,randomized,0.25,48,2,10,discovery,False,-0.061284358584004724,0.9295894334130972,0.9295785285773172,2.220446049250313e-16,0.0,2.220446049250313e-16,False,False
CCGCGAGGAGGCAG,randomized,0.25,48,2,11,discovery,False,-0.08293743221596796,0.945185533232647,0.9380329149164238,2.220446049250313e-16,2.220446049250313e-16,4.440892098500626e-16,False,False
CCGCGAGGAGGCAG,randomized,0.25,48,2,12,confirmation,False,0.0861158594606485,0.9622054759723222,0.9627161873719613,1.1102230246251565e-16,0.0,0.0,False,False
CCGCGAGGAGGCAG,randomized,0.25,48,2,13,confirmation,False,-0.10071040290413924,0.9607610619781807,0.987741418160163,0.0,0.0,-1.1102230246251565e-16,False,False
CCGCGAGGAGGCAG,randomized,0.25,48,2,14,confirmation,False,0.009991481706003277,0.9976470845563112,0.9991100464543116,0.0,0.0,-1.1102230246251565e-16,False,False
CCGCGAGGAGGCAG,randomized,0.25,48,2,15,confirmation,False,0.22451869678583966,1.175242950302697,1.3701575041498497,0.0,0.0,-4.440892098500626e-16,False,False
CCGCGAGGAGGCAG,randomized,0.25,48,2,16,confirmation,False,-0.045456148642515994,0.9856681690516756,0.9868372357095331,0.0,0.0,0.0,False,False
CCGCGAGGAGGCAG,randomized,0.25,48,2,17,confirmation,False,0.24518350587264348,1.1184756135014602,1.1183610114158617,2.220446049250313e-16,2.220446049250313e-16,2.220446049250313e-16,False,False
CCGCGAGGAGGCAG,randomized,0.25,48,2,18,confirmation,False,0.007558390742957481,0.9779142706883869,0.9820334307402264,0.0,0.0,-2.220446049250313e-16,False,False
CCGCGAGGAGGCAG,randomized,0.25,48,2,19,confirmation,False,-0.11817150539321312,0.999493000468454,1.0010466558589017,2.220446049250313e-16,0.0,0.0,False,False
CCGCGAGGAGGCAG,randomized,0.25,48,2,20,confirmation,False,-0.26907000938050285,0.8966156652023484,0.9548139387431899,0.0,0.0,0.0,False,False
CCGCGAGGAGGCAG,randomized,0.25,48,2,21,confirmation,False,0.08672529075341279,1.0420720372116945,1.0296844444806603,0.0,0.0,2.220446049250313e-16,False,False
CCGCGAGGAGGCAG,randomized,0.25,48,2,22,confirmation,False,-0.2772424730064648,0.995208153566263,0.9829624657701951,0.0,0.0,-1.3877787807814457e-17,False,False
CCGCGAGGAGGCAG,randomized,0.25,48,2,23,confirmation,False,-0.02785794481697348,0.9843024540264224,0.9854936182242795,2.220446049250313e-16,2.220446049250313e-16,4.440892098500626e-16,False,False
CCGCGAGGAGGCAG,randomized,0.25,88,1,0,discovery,False,-0.06711316032002096,0.8087198935430491,0.6613580076888489,5.551115123125783e-17,0.0,5.551115123125783e-17,False,False
CCGCGAGGAGGCAG,randomized,0.25,88,1,1,discovery,False,0.19211818207095563,1.1723540287336303,1.2332609021799417,2.7755575615628914e-17,0.0,2.7755575615628914e-17,False,False
CCGCGAGGAGGCAG,randomized,0.25,88,1,2,discovery,False,0.0762540494886207,1.0001268844021005,1.0087213576513003,0.0,0.0,0.0,False,False
CCGCGAGGAGGCAG,randomized,0.25,88,1,3,discovery,False,0.0014744469100458507,1.001755658226768,1.0016657857265263,2.220446049250313e-16,0.0,1.1102230246251565e-16,False,False
CCGCGAGGAGGCAG,randomized,0.25,88,1,4,discovery,False,0.23029942719619687,1.1244440548836425,0.8538803856186232,0.0,0.0,0.0,False,False
CCGCGAGGAGGCAG,randomized,0.25,88,1,5,discovery,False,-0.13992001027008416,0.8479712603838936,0.985475600119731,0.0,0.0,-2.220446049250313e-16,False,False
CCGCGAGGAGGCAG,randomized,0.25,88,1,6,discovery,False,0.08066460209535935,1.0120912245298455,0.9611634788067638,0.0,0.0,0.0,False,False
CCGCGAGGAGGCAG,randomized,0.25,88,1,7,discovery,False,0.07543618662203037,1.260684678213897,1.2840261322874196,0.0,0.0,0.0,False,False
CCGCGAGGAGGCAG,randomized,0.25,88,1,8,discovery,False,-0.1070861280217141,1.095450638844619,1.0976769753176696,0.0,0.0,0.0,False,False
CCGCGAGGAGGCAG,randomized,0.25,88,1,9,discovery,False,0.050906947507450895,1.0056183831512082,1.0027611178031102,0.0,0.0,0.0,False,False
CCGCGAGGAGGCAG,randomized,0.25,88,1,10,discovery,False,-0.020905015074652696,0.9972429273665686,0.9880313508527496,4.440892098500626e-16,0.0,2.220446049250313e-16,False,False
CCGCGAGGAGGCAG,randomized,0.25,88,1,11,discovery,False,0.18828181671255353,1.1249951564933487,1.2199100158706266,0.0,0.0,0.0,False,False
CCGCGAGGAGGCAG,randomized,0.25,88,1,12,confirmation,False,0.16189729126673413,1.142027952065656,1.1486222638458707,0.0,0.0,0.0,False,False
CCGCGAGGAGGCAG,randomized,0.25,88,1,13,confirmation,False,-0.06797426657287527,0.9565082715304357,0.9875498636886089,0.0,0.0,-1.1102230246251565e-16,False,False
CCGCGAGGAGGCAG,randomized,0.25,88,1,14,confirmation,False,-0.11979431168644947,0.9902207222129992,0.98277512610921,1.1102230246251565e-16,1.1102230246251565e-16,0.0,False,False
CCGCGAGGAGGCAG,randomized,0.25,88,1,15,confirmation,False,0.13772818658699698,1.067123025835639,0.9569233720599067,2.220446049250313e-16,0.0,2.220446049250313e-16,False,False
CCGCGAGGAGGCAG,randomized,0.25,88,1,16,confirmation,False,0.13158415444803648,1.0833550039905424,1.0676079458899872,1.1102230246251565e-16,1.1102230246251565e-16,1.1102230246251565e-16,False,False
CCGCGAGGAGGCAG,randomized,0.25,88,1,17,confirmation,False,-0.17890478679938873,0.817612374778865,0.9010195692495557,0.0,0.0,0.0,False,False
CCGCGAGGAGGCAG,randomized,0.25,88,1,18,confirmation,False,0.16216456835534615,1.0852392010432244,1.1981122766133774,5.551115123125783e-17,0.0,0.0,False,False
CCGCGAGGAGGCAG,randomized,0.25,88,1,19,confirmation,False,0.07994346852345449,1.0342905846205206,1.0484047664902212,0.0,0.0,-2.220446049250313e-16,False,False
CCGCGAGGAGGCAG,randomized,0.25,88,1,20,confirmation,False,0.03353103330518002,0.9657519473714916,0.9713819707211494,0.0,0.0,-4.440892098500626e-16,False,False
CCGCGAGGAGGCAG,randomized,0.25,88,1,21,confirmation,False,0.04982048605161058,1.0561831986280346,1.0470059748081086,1.1102230246251565e-16,0.0,0.0,False,False
CCGCGAGGAGGCAG,randomized,0.25,88,1,22,confirmation,False,-0.21643250841321537,0.9969682554026528,0.9891931210633208,1.1102230246251565e-16,5.551115123125783e-17,1.942890293094024e-16,False,False
CCGCGAGGAGGCAG,randomized,0.25,88,1,23,confirmation,False,-0.0035478429764436476,0.9910854234659341,0.9901437456756952,0.0,0.0,-2.3592239273284576e-16,False,False
CCGCGAGGAGGCAG,randomized,0.25,88,2,0,discovery,False,0.13028797593791053,1.0434990318152888,1.0572185878936555,0.0,0.0,0.0,False,False
CCGCGAGGAGGCAG,randomized,0.25,88,2,1,discovery,False,0.26595362380293164,1.1576406980850074,1.204663908275824,5.551115123125783e-17,0.0,6.938893903907228e-17,False,False
CCGCGAGGAGGCAG,randomized,0.25,88,2,2,discovery,False,0.10732575243268053,1.0013841724241173,1.0076947238430876,0.0,0.0,-2.220446049250313e-16,False,False
CCGCGAGGAGGCAG,randomized,0.25,88,2,3,discovery,False,0.10776265195264827,1.0388558866442408,1.0418509169185186,0.0,0.0,0.0,False,False
CCGCGAGGAGGCAG,randomized,0.25,88,2,4,discovery,False,-0.1001558331442112,0.47448649678366106,0.5296829830885584,1.1102230246251565e-16,0.0,1.1102230246251565e-16,False,False
CCGCGAGGAGGCAG,randomized,0.25,88,2,5,discovery,False,-0.030382950024383015,0.8534499573113443,0.8335618077105919,1.1102230246251565e-16,1.1102230246251565e-16,1.1102230246251565e-16,False,False
CCGCGAGGAGGCAG,randomized,0.25,88,2,6,discovery,False,0.01383547566328983,1.0001526534112049,1.000135316603511,0.0,0.0,0.0,False,False
CCGCGAGGAGGCAG,randomized,0.25,88,2,7,discovery,False,0.0644843557065175,1.1927130447210936,1.1967193176785071,0.0,0.0,-2.220446049250313e-16,False,False
CCGCGAGGAGGCAG,randomized,0.25,88,2,8,discovery,False,-0.12565901223484793,1.0837542046593636,1.0769880361592052,0.0,0.0,0.0,False,False
CCGCGAGGAGGCAG,randomized,0.25,88,2,9,discovery,False,0.0867022342260462,1.0052459725099807,1.0019022891259002,0.0,0.0,0.0,False,False
CCGCGAGGAGGCAG,randomized,0.25,88,2,10,discovery,False,-0.060110959089368435,0.9970077074232425,0.9806203737361966,2.220446049250313e-16,2.220446049250313e-16,2.220446049250313e-16,False,False
CCGCGAGGAGGCAG,randomized,0.25,88,2,11,discovery,False,0.25671138742878097,1.1070777097809645,1.1856431438343178,0.0,0.0,0.0,False,False
CCGCGAGGAGGCAG,randomized,0.25,88,2,12,confirmation,False,0.18804479135045415,1.106201610430472,1.1098471722225636,1.1102230246251565e-16,0.0,1.1102230246251565e-16,False,False
CCGCGAGGAGGCAG,randomized,0.25,88,2,13,confirmation,False,-0.08079881867083825,0.9711099141216604,0.9914534559034216,0.0,0.0,-1.1102230246251565e-16,False,False
CCGCGAGGAGGCAG,randomized,0.25,88,2,14,confirmation,False,0.0067767108273307595,0.9973468985217636,0.9989855594203776,0.0,1.1102230246251565e-16,-3.3306690738754696e-16,False,False
CCGCGAGGAGGCAG,randomized,0.25,88,2,15,confirmation,False,0.16359662163029196,1.03137023776479,0.9623618173453022,4.440892098500626e-16,2.220446049250313e-16,4.440892098500626e-16,False,False
CCGCGAGGAGGCAG,randomized,0.25,88,2,16,confirmation,False,-0.16596336383460356,0.8127531901037679,0.8472137502274473,0.0,0.0,-1.1102230246251565e-16,False,False
CCGCGAGGAGGCAG,randomized,0.25,88,2,17,confirmation,False,-0.22833865269281936,0.8314740145467344,0.8871090332999915,0.0,0.0,0.0,False,False
CCGCGAGGAGGCAG,randomized,0.25,88,2,18,confirmation,False,-0.2879192703554489,1.3541982371061063,1.6756095448157993,1.1102230246251565e-16,0.0,1.1102230246251565e-16,False,False
CCGCGAGGAGGCAG,randomized,0.25,88,2,19,confirmation,False,0.07393154964202545,1.1010570963852615,1.124244830871184,0.0,0.0,-6.661338147750939e-16,False,False
CCGCGAGGAGGCAG,randomized,0.25,88,2,20,confirmation,False,-0.2995312766670035,0.8836513306057595,0.9680058900552121,2.220446049250313e-16,0.0,2.220446049250313e-16,False,False
CCGCGAGGAGGCAG,randomized,0.25,88,2,21,confirmation,False,0.07285227075376745,1.050331899015422,1.0420445122090096,0.0,0.0,-1.1102230246251565e-16,False,False
CCGCGAGGAGGCAG,randomized,0.25,88,2,22,confirmation,False,0.2093445190658236,1.0814164552883754,0.9843856760888097,0.0,0.0,-1.6653345369377348e-16,False,False
CCGCGAGGAGGCAG,randomized,0.25,88,2,23,confirmation,False,-0.028895982705780004,0.9845241459401887,0.9857135577584953,0.0,0.0,-2.914335439641036e-16,False,False
CCGCGAGGAGGCAG,randomized,1.0,8,1,0,discovery,False,0.11985482263976126,1.0734040314110085,1.0957929200984808,0.0,0.0,0.0,False,False
CCGCGAGGAGGCAG,randomized,1.0,8,1,1,discovery,False,-0.024325574724775503,0.9748304389135013,0.9525065644282139,0.0,-5.551115123125783e-17,0.0,False,False
CCGCGAGGAGGCAG,randomized,1.0,8,1,2,discovery,False,0.09471015363752251,1.008043148515996,1.0241644607012161,0.0,0.0,0.0,False,False
CCGCGAGGAGGCAG,randomized,1.0,8,1,3,discovery,False,0.09139487296084463,1.0502161081193748,1.054416096058195,0.0,0.0,0.0,False,False
CCGCGAGGAGGCAG,randomized,1.0,8,1,4,discovery,False,0.22045093739126098,1.1069496837426875,0.849218792910425,0.0,0.0,0.0,False,False
CCGCGAGGAGGCAG,randomized,1.0,8,1,5,discovery,False,-0.025655222062670055,0.8150861101956307,0.78369460689877,2.220446049250313e-16,0.0,4.440892098500626e-16,False,False
CCGCGAGGAGGCAG,randomized,1.0,8,1,6,discovery,False,0.1194389522386965,1.451501519881734,1.3057025387296242,2.220446049250313e-16,0.0,0.0,False,False
CCGCGAGGAGGCAG,randomized,1.0,8,1,7,discovery,False,0.0564845595163361,1.2363898547085803,1.2435654249510584,0.0,0.0,0.0,False,False
CCGCGAGGAGGCAG,randomized,1.0,8,1,8,discovery,False,-0.21014409289461608,0.9627434421158042,0.9769369777331122,2.220446049250313e-16,2.220446049250313e-16,-2.220446049250313e-16,False,False
CCGCGAGGAGGCAG,randomized,1.0,8,1,9,discovery,False,-0.03440196035881293,0.9955091258895205,0.99191707853407,1.1102230246251565e-16,1.1102230246251565e-16,0.0,False,False
CCGCGAGGAGGCAG,randomized,1.0,8,1,10,discovery,False,0.10397636480034517,1.1106603742719519,1.0933764433893063,0.0,0.0,0.0,False,False
CCGCGAGGAGGCAG,randomized,1.0,8,1,11,discovery,False,-0.06076840375707015,0.964764815926458,0.9794073568477596,2.220446049250313e-16,2.220446049250313e-16,2.220446049250313e-16,False,False
CCGCGAGGAGGCAG,randomized,1.0,8,1,12,confirmation,False,0.055273008697843386,0.9584601881072901,0.9605627873713126,2.220446049250313e-16,0.0,3.3306690738754696e-16,False,False
CCGCGAGGAGGCAG,randomized,1.0,8,1,13,confirmation,False,-0.03399851650695866,0.9663255623989369,0.9829591349453068,0.0,0.0,-1.1102230246251565e-16,False,False
CCGCGAGGAGGCAG,randomized,1.0,8,1,14,confirmation,False,0.034150167819564675,1.0137946468900263,1.003028747382545,0.0,0.0,-5.551115123125783e-16,False,False
CCGCGAGGAGGCAG,randomized,1.0,8,1,15,confirmation,False,0.1866177837624915,1.1980181811093453,1.4989544444858283,0.0,0.0,-4.440892098500626e-16,False,False
CCGCGAGGAGGCAG,randomized,1.0,8,1,16,confirmation,False,0.006334842063038002,0.9876283598614154,0.9812268708056319,0.0,0.0,0.0,False,False
CCGCGAGGAGGCAG,randomized,1.0,8,1,17,confirmation,False,-0.18783655763181178,0.8070972249755728,0.9102849026959976,0.0,0.0,0.0,False,False
CCGCGAGGAGGCAG,randomized,1.0,8,1,18,confirmation,False,-0.00381685492773771,0.985048918362048,0.9774304716554862,1.1102230246251565e-16,0.0,-1.1102230246251565e-16,False,False
CCGCGAGGAGGCAG,randomized,1.0,8,1,19,confirmation,False,-0.12845130337955846,1.0005353574351281,1.001753056384193,2.220446049250313e-16,0.0,-2.220446049250313e-16,False,False
CCGCGAGGAGGCAG,randomized,1.0,8,1,20,confirmation,False,-0.2306221410648762,0.8724041432011028,0.9906560534170323,0.0,0.0,0.0,False,False
CCGCGAGGAGGCAG,randomized,1.0,8,1,21,confirmation,False,0.041252525479307425,1.0499480221702222,1.0433683507012252,0.0,0.0,0.0,False,False
CCGCGAGGAGGCAG,randomized,1.0,8,1,22,confirmation,False,-0.19761914581967302,0.8097453077817638,1.024971947998807,1.1102230246251565e-16,0.0,2.7755575615628914e-17,False,False
CCGCGAGGAGGCAG,randomized,1.0,8,1,23,confirmation,False,-0.0021801724776151386,0.9913660842340549,0.99002846336097,0.0,0.0,0.0,False,False
CCGCGAGGAGGCAG,randomized,1.0,8,2,0,discovery,False,0.1554711860504093,1.0636229454946904,1.0778933975314386,0.0,0.0,-3.3306690738754696e-16,False,False
CCGCGAGGAGGCAG,randomized,1.0,8,2,1,discovery,False,0.030187961554530896,0.9963569717266102,0.9972763647725446,5.551115123125783e-17,0.0,1.249000902703301e-16,False,False
CCGCGAGGAGGCAG,randomized,1.0,8,2,2,discovery,False,0.13704605368166572,1.0139950258398032,1.0282710685004457,0.0,0.0,0.0,False,False
CCGCGAGGAGGCAG,randomized,1.0,8,2,3,discovery,False,0.11586837375159696,1.0426214389599828,1.0453378629095942,0.0,0.0,-1.1102230246251565e-16,False,False
CCGCGAGGAGGCAG,randomized,1.0,8,2,4,discovery,False,0.2920328568589685,1.0379477490048759,0.8465096923435061,0.0,0.0,0.0,False,False
CCGCGAGGAGGCAG,randomized,1.0,8,2,5,discovery,False,0.18541063420379134,1.1269740230942833,1.0415893512270245,2.220446049250313e-16,0.0,2.220446049250313e-16,False,False
CCGCGAGGAGGCAG,randomized,1.0,8,2,6,discovery,False,0.10004497303979419,1.0023298542062673,0.9681154802888893,0.0,0.0,0.0,False,False
CCGCGAGGAGGCAG,randomized,1.0,8,2,7,discovery,False,0.07563622311219886,1.1965039577795602,1.203751722330011,0.0,0.0,0.0,False,False
CCGCGAGGAGGCAG,randomized,1.0,8,2,8,discovery,False,-0.11333945233594389,1.1029615993111137,1.0716151262143083,2.220446049250313e-16,0.0,2.220446049250313e-16,False,False
CCGCGAGGAGGCAG,randomized,1.0,8,2,9,discovery,False,-0.09770493309203483,0.868977957388439,0.8049853628909437,1.1102230246251565e-16,0.0,0.0,False,False
CCGCGAGGAGGCAG,randomized,1.0,8,2,10,discovery,False,0.14443259409898557,1.0879309008086169,1.0761120574184777,2.220446049250313e-16,2.220446049250313e-16,0.0,False,False
CCGCGAGGAGGCAG,randomized,1.0,8,2,11,discovery,False,0.24139558196419797,1.1107129025504798,1.1688116595480178,0.0,0.0,-2.220446049250313e-16,False,False
CCGCGAGGAGGCAG,randomized,1.0,8,2,12,confirmation,False,0.20233206615085117,1.1155494202164278,1.1197142885033429,0.0,0.0,-1.1102230246251565e-16,False,False
CCGCGAGGAGGCAG,randomized,1.0,8,2,13,confirmation,False,-0.0494568455704193,0.9689785094592015,0.9833250275214167,0.0,0.0,0.0,False,False
CCGCGAGGAGGCAG,randomized,1.0,8,2,14,confirmation,False,0.19813397822267917,0.9375625628311998,1.130442683070055,1.1102230246251565e-16,0.0,1.1102230246251565e-16,False,False
CCGCGAGGAGGCAG,randomized,1.0,8,2,15,confirmation,False,0.23573906893934904,1.186406011220861,1.3932383034859745,0.0,2.220446049250313e-16,-2.220446049250313e-16,False,False
CCGCGAGGAGGCAG,randomized,1.0,8,2,16,confirmation,False,0.2059342317291926,1.083624746553901,1.0763227759092509,1.1102230246251565e-16,0.0,5.551115123125783e-17,False,False
CCGCGAGGAGGCAG,randomized,1.0,8,2,17,confirmation,False,-0.22756554025396508,0.8336410559661179,0.8898481831811764,0.0,0.0,0.0,False,False
CCGCGAGGAGGCAG,randomized,1.0,8,2,18,confirmation,False,-0.01758569854487605,0.950674579017721,0.9608885711732514,1.1102230246251565e-16,1.1102230246251565e-16,2.220446049250313e-16,False,False
CCGCGAGGAGGCAG,randomized,1.0,8,2,19,confirmation,False,-0.16285025719442148,1.0009464113253441,1.0012151874373376,2.220446049250313e-16,2.220446049250313e-16,3.3306690738754696e-16,False,False
CCGCGAGGAGGCAG,randomized,1.0,8,2,20,confirmation,False,-0.2826764888758121,0.8886416925577237,0.9602296016854849,0.0,0.0,0.0,False,False
CCGCGAGGAGGCAG,randomized,1.0,8,2,21,confirmation,False,0.07399968788209427,1.0349486757702553,1.0258558861917295,0.0,0.0,-2.220446049250313e-16,False,False
CCGCGAGGAGGCAG,randomized,1.0,8,2,22,confirmation,False,0.17195917146643225,1.0547950521434184,0.9836539005284056,1.1102230246251565e-16,1.1102230246251565e-16,2.220446049250313e-16,False,False
CCGCGAGGAGGCAG,randomized,1.0,8,2,23,confirmation,False,0.021457250347091894,1.0063678263512457,1.0034135759870892,1.1102230246251565e-16,0.0,-1.1102230246251565e-16,False,False
CCGCGAGGAGGCAG,randomized,1.0,48,1,0,discovery,False,-0.07382891769997198,0.8876257696731835,0.8964808620803492,1.1102230246251565e-16,0.0,5.551115123125783e-17,False,False
CCGCGAGGAGGCAG,randomized,1.0,48,1,1,discovery,False,0.015123654040368417,0.9973179716800179,0.99862288267497,1.1102230246251565e-16,0.0,1.1102230246251565e-16,False,False
CCGCGAGGAGGCAG,randomized,1.0,48,1,2,discovery,False,0.09564119454746027,1.01166843127392,1.0294894386666318,0.0,0.0,0.0,False,False
CCGCGAGGAGGCAG,randomized,1.0,48,1,3,discovery,False,-0.1994331226726046,0.9112903542762624,0.9289361300704899,2.220446049250313e-16,0.0,4.440892098500626e-16,False,False
CCGCGAGGAGGCAG,randomized,1.0,48,1,4,discovery,False,0.2285175150135768,1.1369897973770726,0.8538415229605025,0.0,0.0,0.0,False,False
CCGCGAGGAGGCAG,randomized,1.0,48,1,5,discovery,False,0.15257262461821994,1.0598431831070942,1.1006970854468145,1.1102230246251565e-16,1.1102230246251565e-16,-1.1102230246251565e-16,False,False
CCGCGAGGAGGCAG,randomized,1.0,48,1,6,discovery,False,0.005041137278534096,1.0001062602608928,1.0000907736481828,0.0,0.0,-2.220446049250313e-16,False,False
CCGCGAGGAGGCAG,randomized,1.0,48,1,7,discovery,False,0.07297361657555303,1.2566569737050952,1.2789496956742135,0.0,0.0,-4.440892098500626e-16,False,False
CCGCGAGGAGGCAG,randomized,1.0,48,1,8,discovery,False,0.16711600284555322,1.250266379527156,1.144410476507695,2.220446049250313e-16,0.0,2.220446049250313e-16,False,False
CCGCGAGGAGGCAG,randomized,1.0,48,1,9,discovery,False,-0.05618743847709736,0.9088274149298331,0.9402829220434675,1.1102230246251565e-16,0.0,1.1102230246251565e-16,False,False
CCGCGAGGAGGCAG,randomized,1.0,48,1,10,discovery,False,-0.00984335463606522,0.99613701086636,0.9925541260305335,2.220446049250313e-16,0.0,-2.220446049250313e-16,False,False
CCGCGAGGAGGCAG,randomized,1.0,48,1,11,discovery,False,-0.20453695712824238,0.8068332591196771,0.6951087807375227,2.220446049250313e-16,2.220446049250313e-16,2.220446049250313e-16,False,False
CCGCGAGGAGGCAG,randomized,1.0,48,1,12,confirmation,False,0.16190924596822584,1.1421117277577122,1.1486354612907295,0.0,0.0,0.0,False,False
CCGCGAGGAGGCAG,randomized,1.0,48,1,13,confirmation,False,-0.037444846498251874,0.8923932091350247,0.888971156994719,1.1102230246251565e-16,1.1102230246251565e-16,0.0,False,False
CCGCGAGGAGGCAG,randomized,1.0,48,1,14,confirmation,False,-0.00927618842986739,0.9739427079347039,0.965602793099138,2.220446049250313e-16,2.220446049250313e-16,1.1102230246251565e-16,False,False
CCGCGAGGAGGCAG,randomized,1.0,48,1,15,confirmation,False,0.10279214130692162,1.030048864707119,0.962427859694789,2.220446049250313e-16,2.220446049250313e-16,2.220446049250313e-16,False,False
CCGCGAGGAGGCAG,randomized,1.0,48,1,16,confirmation,False,0.16310085564919427,1.2532453017561183,1.2219410365328955,5.551115123125783e-17,5.551115123125783e-17,-1.6653345369377348e-16,False,False
CCGCGAGGAGGCAG,randomized,1.0,48,1,17,confirmation,False,0.1768313796650693,1.1357726869100253,1.1400936896955236,2.220446049250313e-16,-2.220446049250313e-16,2.220446049250313e-16,False,False
CCGCGAGGAGGCAG,randomized,1.0,48,1,18,confirmation,False,-0.21738084827421664,1.5513240605765681,1.9015205933868502,1.1102230246251565e-16,0.0,5.551115123125783e-17,False,False
CCGCGAGGAGGCAG,randomized,1.0,48,1,19,confirmation,False,-0.11126534947472676,1.0004732734067419,1.0014226098100096,0.0,-2.220446049250313e-16,-1.1102230246251565e-16,False,False
CCGCGAGGAGGCAG,randomized,1.0,48,1,20,confirmation,False,-0.20899278567934249,0.8753905857379453,0.9743354489424209,0.0,0.0,0.0,False,False
CCGCGAGGAGGCAG,randomized,1.0,48,1,21,confirmation,False,0.049116343431596314,1.0545973530228625,1.0454603126056445,0.0,0.0,0.0,False,False
CCGCGAGGAGGCAG,randomized,1.0,48,1,22,confirmation,False,-0.19704716085792637,1.0117061815710002,0.9864065326755158,0.0,0.0,-8.326672684688674e-17,False,False
CCGCGAGGAGGCAG,randomized,1.0,48,1,23,confirmation,False,-0.011707597451930125,0.987453889211068,0.9877777941043177,0.0,0.0,-1.3877787807814457e-17,False,False
CCGCGAGGAGGCAG,randomized,1.0,48,2,0,discovery,False,0.13573551436622724,1.0506120566192698,1.062549704701121,2.220446049250313e-16,2.220446049250313e-16,2.220446049250313e-16,False,False
CCGCGAGGAGGCAG,randomized,1.0,48,2,1,discovery,False,0.10982217036868511,1.0190559573420352,1.0138571573917825,2.7755575615628914e-17,0.0,-5.551115123125783e-17,False,False
CCGCGAGGAGGCAG,randomized,1.0,48,2,2,discovery,False,0.10771154890622653,1.0048300666428664,1.0127889515039168,0.0,0.0,0.0,False,False
CCGCGAGGAGGCAG,randomized,1.0,48,2,3,discovery,False,0.11986179868941158,1.0446131157543874,1.0468897814061553,0.0,0.0,-2.220446049250313e-16,False,False
CCGCGAGGAGGCAG,randomized,1.0,48,2,4,discovery,False,0.3063614410422911,1.0520342254411987,0.8501470111302389,0.0,0.0,0.0,False,False
CCGCGAGGAGGCAG,randomized,1.0,48,2,5,discovery,False,-0.05014170433123439,0.8138564370524427,0.7876218139160382,0.0,0.0,-1.1102230246251565e-16,False,False
CCGCGAGGAGGCAG,randomized,1.0,48,2,6,discovery,False,0.1917588565885302,1.4624371156753624,1.303928781274759,2.220446049250313e-16,0.0,0.0,False,False
CCGCGAGGAGGCAG,randomized,1.0,48,2,7,discovery,False,0.10374872621436834,1.2179090567826683,1.2403401334259654,0.0,0.0,2.220446049250313e-16,False,False
CCGCGAGGAGGCAG,randomized,1.0,48,2,8,discovery,False,-0.12558166704920876,1.0893971170852728,1.0773059182742333,0.0,0.0,0.0,False,False
CCGCGAGGAGGCAG,randomized,1.0,48,2,9,discovery,False,-0.07183697174160382,0.9213051943664093,0.9439398671667197,1.1102230246251565e-16,0.0,2.220446049250313e-16,False,False
CCGCGAGGAGGCAG,randomized,1.0,48,2,10,discovery,False,-0.061284358584004724,0.9295894334130972,0.9295785285773172,2.220446049250313e-16,0.0,2.220446049250313e-16,False,False
CCGCGAGGAGGCAG,randomized,1.0,48,2,11,discovery,False,-0.08293743221596796,0.945185533232647,0.9380329149164238,2.220446049250313e-16,2.220446049250313e-16,4.440892098500626e-16,False,False
CCGCGAGGAGGCAG,randomized,1.0,48,2,12,confirmation,False,0.0861158594606485,0.9622054759723222,0.9627161873719613,1.1102230246251565e-16,0.0,0.0,False,False
CCGCGAGGAGGCAG,randomized,1.0,48,2,13,confirmation,False,-0.10071040290413924,0.9607610619781807,0.987741418160163,0.0,0.0,-1.1102230246251565e-16,False,False
CCGCGAGGAGGCAG,randomized,1.0,48,2,14,confirmation,False,0.009991481706003277,0.9976470845563112,0.9991100464543116,0.0,0.0,-1.1102230246251565e-16,False,False
CCGCGAGGAGGCAG,randomized,1.0,48,2,15,confirmation,False,0.22451869678583966,1.175242950302697,1.3701575041498497,0.0,0.0,-4.440892098500626e-16,False,False
CCGCGAGGAGGCAG,randomized,1.0,48,2,16,confirmation,False,-0.045456148642515994,0.9856681690516756,0.9868372357095331,0.0,0.0,0.0,False,False
CCGCGAGGAGGCAG,randomized,1.0,48,2,17,confirmation,False,0.24518350587264348,1.1184756135014602,1.1183610114158617,2.220446049250313e-16,2.220446049250313e-16,2.220446049250313e-16,False,False
CCGCGAGGAGGCAG,randomized,1.0,48,2,18,confirmation,False,0.007558390742957481,0.9779142706883869,0.9820334307402264,0.0,0.0,-2.220446049250313e-16,False,False
CCGCGAGGAGGCAG,randomized,1.0,48,2,19,confirmation,False,-0.11817150539321312,0.999493000468454,1.0010466558589017,2.220446049250313e-16,0.0,0.0,False,False
CCGCGAGGAGGCAG,randomized,1.0,48,2,20,confirmation,False,-0.26907000938050285,0.8966156652023484,0.9548139387431899,0.0,0.0,0.0,False,False
CCGCGAGGAGGCAG,randomized,1.0,48,2,21,confirmation,False,0.08672529075341279,1.0420720372116945,1.0296844444806603,0.0,0.0,2.220446049250313e-16,False,False
CCGCGAGGAGGCAG,randomized,1.0,48,2,22,confirmation,False,-0.2772424730064648,0.995208153566263,0.9829624657701951,0.0,0.0,-1.3877787807814457e-17,False,False
CCGCGAGGAGGCAG,randomized,1.0,48,2,23,confirmation,False,-0.02785794481697348,0.9843024540264224,0.9854936182242795,2.220446049250313e-16,2.220446049250313e-16,4.440892098500626e-16,False,False
CCGCGAGGAGGCAG,randomized,1.0,88,1,0,discovery,False,-0.06711316032002096,0.8087198935430491,0.6613580076888489,5.551115123125783e-17,0.0,5.551115123125783e-17,False,False
CCGCGAGGAGGCAG,randomized,1.0,88,1,1,discovery,False,0.19211818207095563,1.1723540287336303,1.2332609021799417,2.7755575615628914e-17,0.0,2.7755575615628914e-17,False,False
CCGCGAGGAGGCAG,randomized,1.0,88,1,2,discovery,False,0.0762540494886207,1.0001268844021005,1.0087213576513003,0.0,0.0,0.0,False,False
CCGCGAGGAGGCAG,randomized,1.0,88,1,3,discovery,False,0.0014744469100458507,1.001755658226768,1.0016657857265263,2.220446049250313e-16,0.0,1.1102230246251565e-16,False,False
CCGCGAGGAGGCAG,randomized,1.0,88,1,4,discovery,False,0.23029942719619687,1.1244440548836425,0.8538803856186232,0.0,0.0,0.0,False,False
CCGCGAGGAGGCAG,randomized,1.0,88,1,5,discovery,False,-0.13992001027008416,0.8479712603838936,0.985475600119731,0.0,0.0,-2.220446049250313e-16,False,False
CCGCGAGGAGGCAG,randomized,1.0,88,1,6,discovery,False,0.08066460209535935,1.0120912245298455,0.9611634788067638,0.0,0.0,0.0,False,False
CCGCGAGGAGGCAG,randomized,1.0,88,1,7,discovery,False,0.07543618662203037,1.260684678213897,1.2840261322874196,0.0,0.0,0.0,False,False
CCGCGAGGAGGCAG,randomized,1.0,88,1,8,discovery,False,-0.1070861280217141,1.095450638844619,1.0976769753176696,0.0,0.0,0.0,False,False
CCGCGAGGAGGCAG,randomized,1.0,88,1,9,discovery,False,0.050906947507450895,1.0056183831512082,1.0027611178031102,0.0,0.0,0.0,False,False
CCGCGAGGAGGCAG,randomized,1.0,88,1,10,discovery,False,-0.020905015074652696,0.9972429273665686,0.9880313508527496,4.440892098500626e-16,0.0,2.220446049250313e-16,False,False
CCGCGAGGAGGCAG,randomized,1.0,88,1,11,discovery,False,0.18828181671255353,1.1249951564933487,1.2199100158706266,0.0,0.0,0.0,False,False
CCGCGAGGAGGCAG,randomized,1.0,88,1,12,confirmation,False,0.16189729126673413,1.142027952065656,1.1486222638458707,0.0,0.0,0.0,False,False
CCGCGAGGAGGCAG,randomized,1.0,88,1,13,confirmation,False,-0.06797426657287527,0.9565082715304357,0.9875498636886089,0.0,0.0,-1.1102230246251565e-16,False,False
CCGCGAGGAGGCAG,randomized,1.0,88,1,14,confirmation,False,-0.11979431168644947,0.9902207222129992,0.98277512610921,1.1102230246251565e-16,1.1102230246251565e-16,0.0,False,False
CCGCGAGGAGGCAG,randomized,1.0,88,1,15,confirmation,False,0.13772818658699698,1.067123025835639,0.9569233720599067,2.220446049250313e-16,0.0,2.220446049250313e-16,False,False
CCGCGAGGAGGCAG,randomized,1.0,88,1,16,confirmation,False,0.13158415444803648,1.0833550039905424,1.0676079458899872,1.1102230246251565e-16,1.1102230246251565e-16,1.1102230246251565e-16,False,False
CCGCGAGGAGGCAG,randomized,1.0,88,1,17,confirmation,False,-0.17890478679938873,0.817612374778865,0.9010195692495557,0.0,0.0,0.0,False,False
CCGCGAGGAGGCAG,randomized,1.0,88,1,18,confirmation,False,0.16216456835534615,1.0852392010432244,1.1981122766133774,5.551115123125783e-17,0.0,0.0,False,False
CCGCGAGGAGGCAG,randomized,1.0,88,1,19,confirmation,False,0.07994346852345449,1.0342905846205206,1.0484047664902212,0.0,0.0,-2.220446049250313e-16,False,False
CCGCGAGGAGGCAG,randomized,1.0,88,1,20,confirmation,False,0.03353103330518002,0.9657519473714916,0.9713819707211494,0.0,0.0,-4.440892098500626e-16,False,False
CCGCGAGGAGGCAG,randomized,1.0,88,1,21,confirmation,False,0.04982048605161058,1.0561831986280346,1.0470059748081086,1.1102230246251565e-16,0.0,0.0,False,False
CCGCGAGGAGGCAG,randomized,1.0,88,1,22,confirmation,False,-0.21643250841321537,0.9969682554026528,0.9891931210633208,1.1102230246251565e-16,5.551115123125783e-17,1.942890293094024e-16,False,False
CCGCGAGGAGGCAG,randomized,1.0,88,1,23,confirmation,False,-0.0035478429764436476,0.9910854234659341,0.9901437456756952,0.0,0.0,-2.3592239273284576e-16,False,False
CCGCGAGGAGGCAG,randomized,1.0,88,2,0,discovery,False,0.13028797593791053,1.0434990318152888,1.0572185878936555,0.0,0.0,0.0,False,False
CCGCGAGGAGGCAG,randomized,1.0,88,2,1,discovery,False,0.26595362380293164,1.1576406980850074,1.204663908275824,5.551115123125783e-17,0.0,6.938893903907228e-17,False,False
CCGCGAGGAGGCAG,randomized,1.0,88,2,2,discovery,False,0.10732575243268053,1.0013841724241173,1.0076947238430876,0.0,0.0,-2.220446049250313e-16,False,False
CCGCGAGGAGGCAG,randomized,1.0,88,2,3,discovery,False,0.10776265195264827,1.0388558866442408,1.0418509169185186,0.0,0.0,0.0,False,False
CCGCGAGGAGGCAG,randomized,1.0,88,2,4,discovery,False,-0.1001558331442112,0.47448649678366106,0.5296829830885584,1.1102230246251565e-16,0.0,1.1102230246251565e-16,False,False
CCGCGAGGAGGCAG,randomized,1.0,88,2,5,discovery,False,-0.030382950024383015,0.8534499573113443,0.8335618077105919,1.1102230246251565e-16,1.1102230246251565e-16,1.1102230246251565e-16,False,False
CCGCGAGGAGGCAG,randomized,1.0,88,2,6,discovery,False,0.01383547566328983,1.0001526534112049,1.000135316603511,0.0,0.0,0.0,False,False
CCGCGAGGAGGCAG,randomized,1.0,88,2,7,discovery,False,0.0644843557065175,1.1927130447210936,1.1967193176785071,0.0,0.0,-2.220446049250313e-16,False,False
CCGCGAGGAGGCAG,randomized,1.0,88,2,8,discovery,False,-0.12565901223484793,1.0837542046593636,1.0769880361592052,0.0,0.0,0.0,False,False
CCGCGAGGAGGCAG,randomized,1.0,88,2,9,discovery,False,0.0867022342260462,1.0052459725099807,1.0019022891259002,0.0,0.0,0.0,False,False
CCGCGAGGAGGCAG,randomized,1.0,88,2,10,discovery,False,-0.060110959089368435,0.9970077074232425,0.9806203737361966,2.220446049250313e-16,2.220446049250313e-16,2.220446049250313e-16,False,False
CCGCGAGGAGGCAG,randomized,1.0,88,2,11,discovery,False,0.25671138742878097,1.1070777097809645,1.1856431438343178,0.0,0.0,0.0,False,False
CCGCGAGGAGGCAG,randomized,1.0,88,2,12,confirmation,False,0.18804479135045415,1.106201610430472,1.1098471722225636,1.1102230246251565e-16,0.0,1.1102230246251565e-16,False,False
CCGCGAGGAGGCAG,randomized,1.0,88,2,13,confirmation,False,-0.08079881867083825,0.9711099141216604,0.9914534559034216,0.0,0.0,-1.1102230246251565e-16,False,False
CCGCGAGGAGGCAG,randomized,1.0,88,2,14,confirmation,False,0.0067767108273307595,0.9973468985217636,0.9989855594203776,0.0,1.1102230246251565e-16,-3.3306690738754696e-16,False,False
CCGCGAGGAGGCAG,randomized,1.0,88,2,15,confirmation,False,0.16359662163029196,1.03137023776479,0.9623618173453022,4.440892098500626e-16,2.220446049250313e-16,4.440892098500626e-16,False,False
CCGCGAGGAGGCAG,randomized,1.0,88,2,16,confirmation,False,-0.16596336383460356,0.8127531901037679,0.8472137502274473,0.0,0.0,-1.1102230246251565e-16,False,False
CCGCGAGGAGGCAG,randomized,1.0,88,2,17,confirmation,False,-0.22833865269281936,0.8314740145467344,0.8871090332999915,0.0,0.0,0.0,False,False
CCGCGAGGAGGCAG,randomized,1.0,88,2,18,confirmation,False,-0.2879192703554489,1.3541982371061063,1.6756095448157993,1.1102230246251565e-16,0.0,1.1102230246251565e-16,False,False
CCGCGAGGAGGCAG,randomized,1.0,88,2,19,confirmation,False,0.07393154964202545,1.1010570963852615,1.124244830871184,0.0,0.0,-6.661338147750939e-16,False,False
CCGCGAGGAGGCAG,randomized,1.0,88,2,20,confirmation,False,-0.2995312766670035,0.8836513306057595,0.9680058900552121,2.220446049250313e-16,0.0,2.220446049250313e-16,False,False
CCGCGAGGAGGCAG,randomized,1.0,88,2,21,confirmation,False,0.07285227075376745,1.050331899015422,1.0420445122090096,0.0,0.0,-1.1102230246251565e-16,False,False
CCGCGAGGAGGCAG,randomized,1.0,88,2,22,confirmation,False,0.2093445190658236,1.0814164552883754,0.9843856760888097,0.0,0.0,-1.6653345369377348e-16,False,False
CCGCGAGGAGGCAG,randomized,1.0,88,2,23,confirmation,False,-0.028895982705780004,0.9845241459401887,0.9857135577584953,0.0,0.0,-2.914335439641036e-16,False,False
CCGCGAGGAGGCAG,randomized,4.0,8,1,0,discovery,False,0.11985482263976126,1.0734040314110085,1.0957929200984808,0.0,0.0,0.0,False,False
CCGCGAGGAGGCAG,randomized,4.0,8,1,1,discovery,False,-0.024325574724775503,0.9748304389135013,0.9525065644282139,0.0,-5.551115123125783e-17,0.0,False,False
CCGCGAGGAGGCAG,randomized,4.0,8,1,2,discovery,False,0.09471015363752251,1.008043148515996,1.0241644607012161,0.0,0.0,0.0,False,False
CCGCGAGGAGGCAG,randomized,4.0,8,1,3,discovery,False,0.09139487296084463,1.0502161081193748,1.054416096058195,0.0,0.0,0.0,False,False
CCGCGAGGAGGCAG,randomized,4.0,8,1,4,discovery,False,0.22045093739126098,1.1069496837426875,0.849218792910425,0.0,0.0,0.0,False,False
CCGCGAGGAGGCAG,randomized,4.0,8,1,5,discovery,False,-0.025655222062670055,0.8150861101956307,0.78369460689877,2.220446049250313e-16,0.0,4.440892098500626e-16,False,False
CCGCGAGGAGGCAG,randomized,4.0,8,1,6,discovery,False,0.1194389522386965,1.451501519881734,1.3057025387296242,2.220446049250313e-16,0.0,0.0,False,False
CCGCGAGGAGGCAG,randomized,4.0,8,1,7,discovery,False,0.0564845595163361,1.2363898547085803,1.2435654249510584,0.0,0.0,0.0,False,False
CCGCGAGGAGGCAG,randomized,4.0,8,1,8,discovery,False,-0.21014409289461608,0.9627434421158042,0.9769369777331122,2.220446049250313e-16,2.220446049250313e-16,-2.220446049250313e-16,False,False
CCGCGAGGAGGCAG,randomized,4.0,8,1,9,discovery,False,-0.03440196035881293,0.9955091258895205,0.99191707853407,1.1102230246251565e-16,1.1102230246251565e-16,0.0,False,False
CCGCGAGGAGGCAG,randomized,4.0,8,1,10,discovery,False,0.10397636480034517,1.1106603742719519,1.0933764433893063,0.0,0.0,0.0,False,False
CCGCGAGGAGGCAG,randomized,4.0,8,1,11,discovery,False,-0.06076840375707015,0.964764815926458,0.9794073568477596,2.220446049250313e-16,2.220446049250313e-16,2.220446049250313e-16,False,False
CCGCGAGGAGGCAG,randomized,4.0,8,1,12,confirmation,False,0.055273008697843386,0.9584601881072901,0.9605627873713126,2.220446049250313e-16,0.0,3.3306690738754696e-16,False,False
CCGCGAGGAGGCAG,randomized,4.0,8,1,13,confirmation,False,-0.03399851650695866,0.9663255623989369,0.9829591349453068,0.0,0.0,-1.1102230246251565e-16,False,False
CCGCGAGGAGGCAG,randomized,4.0,8,1,14,confirmation,False,0.034150167819564675,1.0137946468900263,1.003028747382545,0.0,0.0,-5.551115123125783e-16,False,False
CCGCGAGGAGGCAG,randomized,4.0,8,1,15,confirmation,False,0.1866177837624915,1.1980181811093453,1.4989544444858283,0.0,0.0,-4.440892098500626e-16,False,False
CCGCGAGGAGGCAG,randomized,4.0,8,1,16,confirmation,False,0.006334842063038002,0.9876283598614154,0.9812268708056319,0.0,0.0,0.0,False,False
CCGCGAGGAGGCAG,randomized,4.0,8,1,17,confirmation,False,-0.18783655763181178,0.8070972249755728,0.9102849026959976,0.0,0.0,0.0,False,False
CCGCGAGGAGGCAG,randomized,4.0,8,1,18,confirmation,False,-0.00381685492773771,0.985048918362048,0.9774304716554862,1.1102230246251565e-16,0.0,-1.1102230246251565e-16,False,False
CCGCGAGGAGGCAG,randomized,4.0,8,1,19,confirmation,False,-0.12845130337955846,1.0005353574351281,1.001753056384193,2.220446049250313e-16,0.0,-2.220446049250313e-16,False,False
CCGCGAGGAGGCAG,randomized,4.0,8,1,20,confirmation,False,-0.2306221410648762,0.8724041432011028,0.9906560534170323,0.0,0.0,0.0,False,False
CCGCGAGGAGGCAG,randomized,4.0,8,1,21,confirmation,False,0.041252525479307425,1.0499480221702222,1.0433683507012252,0.0,0.0,0.0,False,False
CCGCGAGGAGGCAG,randomized,4.0,8,1,22,confirmation,False,-0.19761914581967302,0.8097453077817638,1.024971947998807,1.1102230246251565e-16,0.0,2.7755575615628914e-17,False,False
CCGCGAGGAGGCAG,randomized,4.0,8,1,23,confirmation,False,-0.0021801724776151386,0.9913660842340549,0.99002846336097,0.0,0.0,0.0,False,False
CCGCGAGGAGGCAG,randomized,4.0,8,2,0,discovery,False,0.1554711860504093,1.0636229454946904,1.0778933975314386,0.0,0.0,-3.3306690738754696e-16,False,False
CCGCGAGGAGGCAG,randomized,4.0,8,2,1,discovery,False,0.030187961554530896,0.9963569717266102,0.9972763647725446,5.551115123125783e-17,0.0,1.249000902703301e-16,False,False
CCGCGAGGAGGCAG,randomized,4.0,8,2,2,discovery,False,0.13704605368166572,1.0139950258398032,1.0282710685004457,0.0,0.0,0.0,False,False
CCGCGAGGAGGCAG,randomized,4.0,8,2,3,discovery,False,0.11586837375159696,1.0426214389599828,1.0453378629095942,0.0,0.0,-1.1102230246251565e-16,False,False
CCGCGAGGAGGCAG,randomized,4.0,8,2,4,discovery,False,0.2920328568589685,1.0379477490048759,0.8465096923435061,0.0,0.0,0.0,False,False
CCGCGAGGAGGCAG,randomized,4.0,8,2,5,discovery,False,0.18541063420379134,1.1269740230942833,1.0415893512270245,2.220446049250313e-16,0.0,2.220446049250313e-16,False,False
CCGCGAGGAGGCAG,randomized,4.0,8,2,6,discovery,False,0.10004497303979419,1.0023298542062673,0.9681154802888893,0.0,0.0,0.0,False,False
CCGCGAGGAGGCAG,randomized,4.0,8,2,7,discovery,False,0.07563622311219886,1.1965039577795602,1.203751722330011,0.0,0.0,0.0,False,False
CCGCGAGGAGGCAG,randomized,4.0,8,2,8,discovery,False,-0.11333945233594389,1.1029615993111137,1.0716151262143083,2.220446049250313e-16,0.0,2.220446049250313e-16,False,False
CCGCGAGGAGGCAG,randomized,4.0,8,2,9,discovery,False,-0.09770493309203483,0.868977957388439,0.8049853628909437,1.1102230246251565e-16,0.0,0.0,False,False
CCGCGAGGAGGCAG,randomized,4.0,8,2,10,discovery,False,0.14443259409898557,1.0879309008086169,1.0761120574184777,2.220446049250313e-16,2.220446049250313e-16,0.0,False,False
CCGCGAGGAGGCAG,randomized,4.0,8,2,11,discovery,False,0.24139558196419797,1.1107129025504798,1.1688116595480178,0.0,0.0,-2.220446049250313e-16,False,False
CCGCGAGGAGGCAG,randomized,4.0,8,2,12,confirmation,False,0.20233206615085117,1.1155494202164278,1.1197142885033429,0.0,0.0,-1.1102230246251565e-16,False,False
CCGCGAGGAGGCAG,randomized,4.0,8,2,13,confirmation,False,-0.0494568455704193,0.9689785094592015,0.9833250275214167,0.0,0.0,0.0,False,False
CCGCGAGGAGGCAG,randomized,4.0,8,2,14,confirmation,False,0.19813397822267917,0.9375625628311998,1.130442683070055,1.1102230246251565e-16,0.0,1.1102230246251565e-16,False,False
CCGCGAGGAGGCAG,randomized,4.0,8,2,15,confirmation,False,0.23573906893934904,1.186406011220861,1.3932383034859745,0.0,2.220446049250313e-16,-2.220446049250313e-16,False,False
CCGCGAGGAGGCAG,randomized,4.0,8,2,16,confirmation,False,0.2059342317291926,1.083624746553901,1.0763227759092509,1.1102230246251565e-16,0.0,5.551115123125783e-17,False,False
CCGCGAGGAGGCAG,randomized,4.0,8,2,17,confirmation,False,-0.22756554025396508,0.8336410559661179,0.8898481831811764,0.0,0.0,0.0,False,False
CCGCGAGGAGGCAG,randomized,4.0,8,2,18,confirmation,False,-0.01758569854487605,0.950674579017721,0.9608885711732514,1.1102230246251565e-16,1.1102230246251565e-16,2.220446049250313e-16,False,False
CCGCGAGGAGGCAG,randomized,4.0,8,2,19,confirmation,False,-0.16285025719442148,1.0009464113253441,1.0012151874373376,2.220446049250313e-16,2.220446049250313e-16,3.3306690738754696e-16,False,False
CCGCGAGGAGGCAG,randomized,4.0,8,2,20,confirmation,False,-0.2826764888758121,0.8886416925577237,0.9602296016854849,0.0,0.0,0.0,False,False
CCGCGAGGAGGCAG,randomized,4.0,8,2,21,confirmation,False,0.07399968788209427,1.0349486757702553,1.0258558861917295,0.0,0.0,-2.220446049250313e-16,False,False
CCGCGAGGAGGCAG,randomized,4.0,8,2,22,confirmation,False,0.17195917146643225,1.0547950521434184,0.9836539005284056,1.1102230246251565e-16,1.1102230246251565e-16,2.220446049250313e-16,False,False
CCGCGAGGAGGCAG,randomized,4.0,8,2,23,confirmation,False,0.021457250347091894,1.0063678263512457,1.0034135759870892,1.1102230246251565e-16,0.0,-1.1102230246251565e-16,False,False
CCGCGAGGAGGCAG,randomized,4.0,48,1,0,discovery,False,-0.07382891769997198,0.8876257696731835,0.8964808620803492,1.1102230246251565e-16,0.0,5.551115123125783e-17,False,False
CCGCGAGGAGGCAG,randomized,4.0,48,1,1,discovery,False,0.015123654040368417,0.9973179716800179,0.99862288267497,1.1102230246251565e-16,0.0,1.1102230246251565e-16,False,False
CCGCGAGGAGGCAG,randomized,4.0,48,1,2,discovery,False,0.09564119454746027,1.01166843127392,1.0294894386666318,0.0,0.0,0.0,False,False
CCGCGAGGAGGCAG,randomized,4.0,48,1,3,discovery,False,-0.1994331226726046,0.9112903542762624,0.9289361300704899,2.220446049250313e-16,0.0,4.440892098500626e-16,False,False
CCGCGAGGAGGCAG,randomized,4.0,48,1,4,discovery,False,0.2285175150135768,1.1369897973770726,0.8538415229605025,0.0,0.0,0.0,False,False
CCGCGAGGAGGCAG,randomized,4.0,48,1,5,discovery,False,0.15257262461821994,1.0598431831070942,1.1006970854468145,1.1102230246251565e-16,1.1102230246251565e-16,-1.1102230246251565e-16,False,False
CCGCGAGGAGGCAG,randomized,4.0,48,1,6,discovery,False,0.005041137278534096,1.0001062602608928,1.0000907736481828,0.0,0.0,-2.220446049250313e-16,False,False
CCGCGAGGAGGCAG,randomized,4.0,48,1,7,discovery,False,0.07297361657555303,1.2566569737050952,1.2789496956742135,0.0,0.0,-4.440892098500626e-16,False,False
CCGCGAGGAGGCAG,randomized,4.0,48,1,8,discovery,False,0.16711600284555322,1.250266379527156,1.144410476507695,2.220446049250313e-16,0.0,2.220446049250313e-16,False,False
CCGCGAGGAGGCAG,randomized,4.0,48,1,9,discovery,False,-0.05618743847709736,0.9088274149298331,0.9402829220434675,1.1102230246251565e-16,0.0,1.1102230246251565e-16,False,False
CCGCGAGGAGGCAG,randomized,4.0,48,1,10,discovery,False,-0.00984335463606522,0.99613701086636,0.9925541260305335,2.220446049250313e-16,0.0,-2.220446049250313e-16,False,False
CCGCGAGGAGGCAG,randomized,4.0,48,1,11,discovery,False,-0.20453695712824238,0.8068332591196771,0.6951087807375227,2.220446049250313e-16,2.220446049250313e-16,2.220446049250313e-16,False,False
CCGCGAGGAGGCAG,randomized,4.0,48,1,12,confirmation,False,0.16190924596822584,1.1421117277577122,1.1486354612907295,0.0,0.0,0.0,False,False
CCGCGAGGAGGCAG,randomized,4.0,48,1,13,confirmation,False,-0.037444846498251874,0.8923932091350247,0.888971156994719,1.1102230246251565e-16,1.1102230246251565e-16,0.0,False,False
CCGCGAGGAGGCAG,randomized,4.0,48,1,14,confirmation,False,-0.00927618842986739,0.9739427079347039,0.965602793099138,2.220446049250313e-16,2.220446049250313e-16,1.1102230246251565e-16,False,False
CCGCGAGGAGGCAG,randomized,4.0,48,1,15,confirmation,False,0.10279214130692162,1.030048864707119,0.962427859694789,2.220446049250313e-16,2.220446049250313e-16,2.220446049250313e-16,False,False
CCGCGAGGAGGCAG,randomized,4.0,48,1,16,confirmation,False,0.16310085564919427,1.2532453017561183,1.2219410365328955,5.551115123125783e-17,5.551115123125783e-17,-1.6653345369377348e-16,False,False
CCGCGAGGAGGCAG,randomized,4.0,48,1,17,confirmation,False,0.1768313796650693,1.1357726869100253,1.1400936896955236,2.220446049250313e-16,-2.220446049250313e-16,2.220446049250313e-16,False,False
CCGCGAGGAGGCAG,randomized,4.0,48,1,18,confirmation,False,-0.21738084827421664,1.5513240605765681,1.9015205933868502,1.1102230246251565e-16,0.0,5.551115123125783e-17,False,False
CCGCGAGGAGGCAG,randomized,4.0,48,1,19,confirmation,False,-0.11126534947472676,1.0004732734067419,1.0014226098100096,0.0,-2.220446049250313e-16,-1.1102230246251565e-16,False,False
CCGCGAGGAGGCAG,randomized,4.0,48,1,20,confirmation,False,-0.20899278567934249,0.8753905857379453,0.9743354489424209,0.0,0.0,0.0,False,False
CCGCGAGGAGGCAG,randomized,4.0,48,1,21,confirmation,False,0.049116343431596314,1.0545973530228625,1.0454603126056445,0.0,0.0,0.0,False,False
CCGCGAGGAGGCAG,randomized,4.0,48,1,22,confirmation,False,-0.19704716085792637,1.0117061815710002,0.9864065326755158,0.0,0.0,-8.326672684688674e-17,False,False
CCGCGAGGAGGCAG,randomized,4.0,48,1,23,confirmation,False,-0.011707597451930125,0.987453889211068,0.9877777941043177,0.0,0.0,-1.3877787807814457e-17,False,False
CCGCGAGGAGGCAG,randomized,4.0,48,2,0,discovery,False,0.13573551436622724,1.0506120566192698,1.062549704701121,2.220446049250313e-16,2.220446049250313e-16,2.220446049250313e-16,False,False
CCGCGAGGAGGCAG,randomized,4.0,48,2,1,discovery,False,0.10982217036868511,1.0190559573420352,1.0138571573917825,2.7755575615628914e-17,0.0,-5.551115123125783e-17,False,False
CCGCGAGGAGGCAG,randomized,4.0,48,2,2,discovery,False,0.10771154890622653,1.0048300666428664,1.0127889515039168,0.0,0.0,0.0,False,False
CCGCGAGGAGGCAG,randomized,4.0,48,2,3,discovery,False,0.11986179868941158,1.0446131157543874,1.0468897814061553,0.0,0.0,-2.220446049250313e-16,False,False
CCGCGAGGAGGCAG,randomized,4.0,48,2,4,discovery,False,0.3063614410422911,1.0520342254411987,0.8501470111302389,0.0,0.0,0.0,False,False
CCGCGAGGAGGCAG,randomized,4.0,48,2,5,discovery,False,-0.05014170433123439,0.8138564370524427,0.7876218139160382,0.0,0.0,-1.1102230246251565e-16,False,False
CCGCGAGGAGGCAG,randomized,4.0,48,2,6,discovery,False,0.1917588565885302,1.4624371156753624,1.303928781274759,2.220446049250313e-16,0.0,0.0,False,False
CCGCGAGGAGGCAG,randomized,4.0,48,2,7,discovery,False,0.10374872621436834,1.2179090567826683,1.2403401334259654,0.0,0.0,2.220446049250313e-16,False,False
CCGCGAGGAGGCAG,randomized,4.0,48,2,8,discovery,False,-0.12558166704920876,1.0893971170852728,1.0773059182742333,0.0,0.0,0.0,False,False
CCGCGAGGAGGCAG,randomized,4.0,48,2,9,discovery,False,-0.07183697174160382,0.9213051943664093,0.9439398671667197,1.1102230246251565e-16,0.0,2.220446049250313e-16,False,False
CCGCGAGGAGGCAG,randomized,4.0,48,2,10,discovery,False,-0.061284358584004724,0.9295894334130972,0.9295785285773172,2.220446049250313e-16,0.0,2.220446049250313e-16,False,False
CCGCGAGGAGGCAG,randomized,4.0,48,2,11,discovery,False,-0.08293743221596796,0.945185533232647,0.9380329149164238,2.220446049250313e-16,2.220446049250313e-16,4.440892098500626e-16,False,False
CCGCGAGGAGGCAG,randomized,4.0,48,2,12,confirmation,False,0.0861158594606485,0.9622054759723222,0.9627161873719613,1.1102230246251565e-16,0.0,0.0,False,False
CCGCGAGGAGGCAG,randomized,4.0,48,2,13,confirmation,False,-0.10071040290413924,0.9607610619781807,0.987741418160163,0.0,0.0,-1.1102230246251565e-16,False,False
CCGCGAGGAGGCAG,randomized,4.0,48,2,14,confirmation,False,0.009991481706003277,0.9976470845563112,0.9991100464543116,0.0,0.0,-1.1102230246251565e-16,False,False
CCGCGAGGAGGCAG,randomized,4.0,48,2,15,confirmation,False,0.22451869678583966,1.175242950302697,1.3701575041498497,0.0,0.0,-4.440892098500626e-16,False,False
CCGCGAGGAGGCAG,randomized,4.0,48,2,16,confirmation,False,-0.045456148642515994,0.9856681690516756,0.9868372357095331,0.0,0.0,0.0,False,False
CCGCGAGGAGGCAG,randomized,4.0,48,2,17,confirmation,False,0.24518350587264348,1.1184756135014602,1.1183610114158617,2.220446049250313e-16,2.220446049250313e-16,2.220446049250313e-16,False,False
CCGCGAGGAGGCAG,randomized,4.0,48,2,18,confirmation,False,0.007558390742957481,0.9779142706883869,0.9820334307402264,0.0,0.0,-2.220446049250313e-16,False,False
CCGCGAGGAGGCAG,randomized,4.0,48,2,19,confirmation,False,-0.11817150539321312,0.999493000468454,1.0010466558589017,2.220446049250313e-16,0.0,0.0,False,False
CCGCGAGGAGGCAG,randomized,4.0,48,2,20,confirmation,False,-0.26907000938050285,0.8966156652023484,0.9548139387431899,0.0,0.0,0.0,False,False
CCGCGAGGAGGCAG,randomized,4.0,48,2,21,confirmation,False,0.08672529075341279,1.0420720372116945,1.0296844444806603,0.0,0.0,2.220446049250313e-16,False,False
CCGCGAGGAGGCAG,randomized,4.0,48,2,22,confirmation,False,-0.2772424730064648,0.995208153566263,0.9829624657701951,0.0,0.0,-1.3877787807814457e-17,False,False
CCGCGAGGAGGCAG,randomized,4.0,48,2,23,confirmation,False,-0.02785794481697348,0.9843024540264224,0.9854936182242795,2.220446049250313e-16,2.220446049250313e-16,4.440892098500626e-16,False,False
CCGCGAGGAGGCAG,randomized,4.0,88,1,0,discovery,False,-0.06711316032002096,0.8087198935430491,0.6613580076888489,5.551115123125783e-17,0.0,5.551115123125783e-17,False,False
CCGCGAGGAGGCAG,randomized,4.0,88,1,1,discovery,False,0.19211818207095563,1.1723540287336303,1.2332609021799417,2.7755575615628914e-17,0.0,2.7755575615628914e-17,False,False
CCGCGAGGAGGCAG,randomized,4.0,88,1,2,discovery,False,0.0762540494886207,1.0001268844021005,1.0087213576513003,0.0,0.0,0.0,False,False
CCGCGAGGAGGCAG,randomized,4.0,88,1,3,discovery,False,0.0014744469100458507,1.001755658226768,1.0016657857265263,2.220446049250313e-16,0.0,1.1102230246251565e-16,False,False
CCGCGAGGAGGCAG,randomized,4.0,88,1,4,discovery,False,0.23029942719619687,1.1244440548836425,0.8538803856186232,0.0,0.0,0.0,False,False
CCGCGAGGAGGCAG,randomized,4.0,88,1,5,discovery,False,-0.13992001027008416,0.8479712603838936,0.985475600119731,0.0,0.0,-2.220446049250313e-16,False,False
CCGCGAGGAGGCAG,randomized,4.0,88,1,6,discovery,False,0.08066460209535935,1.0120912245298455,0.9611634788067638,0.0,0.0,0.0,False,False
CCGCGAGGAGGCAG,randomized,4.0,88,1,7,discovery,False,0.07543618662203037,1.260684678213897,1.2840261322874196,0.0,0.0,0.0,False,False
CCGCGAGGAGGCAG,randomized,4.0,88,1,8,discovery,False,-0.1070861280217141,1.095450638844619,1.0976769753176696,0.0,0.0,0.0,False,False
CCGCGAGGAGGCAG,randomized,4.0,88,1,9,discovery,False,0.050906947507450895,1.0056183831512082,1.0027611178031102,0.0,0.0,0.0,False,False
CCGCGAGGAGGCAG,randomized,4.0,88,1,10,discovery,False,-0.020905015074652696,0.9972429273665686,0.9880313508527496,4.440892098500626e-16,0.0,2.220446049250313e-16,False,False
CCGCGAGGAGGCAG,randomized,4.0,88,1,11,discovery,False,0.18828181671255353,1.1249951564933487,1.2199100158706266,0.0,0.0,0.0,False,False
CCGCGAGGAGGCAG,randomized,4.0,88,1,12,confirmation,False,0.16189729126673413,1.142027952065656,1.1486222638458707,0.0,0.0,0.0,False,False
CCGCGAGGAGGCAG,randomized,4.0,88,1,13,confirmation,False,-0.06797426657287527,0.9565082715304357,0.9875498636886089,0.0,0.0,-1.1102230246251565e-16,False,False
CCGCGAGGAGGCAG,randomized,4.0,88,1,14,confirmation,False,-0.11979431168644947,0.9902207222129992,0.98277512610921,1.1102230246251565e-16,1.1102230246251565e-16,0.0,False,False
CCGCGAGGAGGCAG,randomized,4.0,88,1,15,confirmation,False,0.13772818658699698,1.067123025835639,0.9569233720599067,2.220446049250313e-16,0.0,2.220446049250313e-16,False,False
CCGCGAGGAGGCAG,randomized,4.0,88,1,16,confirmation,False,0.13158415444803648,1.0833550039905424,1.0676079458899872,1.1102230246251565e-16,1.1102230246251565e-16,1.1102230246251565e-16,False,False
CCGCGAGGAGGCAG,randomized,4.0,88,1,17,confirmation,False,-0.17890478679938873,0.817612374778865,0.9010195692495557,0.0,0.0,0.0,False,False
CCGCGAGGAGGCAG,randomized,4.0,88,1,18,confirmation,False,0.16216456835534615,1.0852392010432244,1.1981122766133774,5.551115123125783e-17,0.0,0.0,False,False
CCGCGAGGAGGCAG,randomized,4.0,88,1,19,confirmation,False,0.07994346852345449,1.0342905846205206,1.0484047664902212,0.0,0.0,-2.220446049250313e-16,False,False
CCGCGAGGAGGCAG,randomized,4.0,88,1,20,confirmation,False,0.03353103330518002,0.9657519473714916,0.9713819707211494,0.0,0.0,-4.440892098500626e-16,False,False
CCGCGAGGAGGCAG,randomized,4.0,88,1,21,confirmation,False,0.04982048605161058,1.0561831986280346,1.0470059748081086,1.1102230246251565e-16,0.0,0.0,False,False
CCGCGAGGAGGCAG,randomized,4.0,88,1,22,confirmation,False,-0.21643250841321537,0.9969682554026528,0.9891931210633208,1.1102230246251565e-16,5.551115123125783e-17,1.942890293094024e-16,False,False
CCGCGAGGAGGCAG,randomized,4.0,88,1,23,confirmation,False,-0.0035478429764436476,0.9910854234659341,0.9901437456756952,0.0,0.0,-2.3592239273284576e-16,False,False
CCGCGAGGAGGCAG,randomized,4.0,88,2,0,discovery,False,0.13028797593791053,1.0434990318152888,1.0572185878936555,0.0,0.0,0.0,False,False
CCGCGAGGAGGCAG,randomized,4.0,88,2,1,discovery,False,0.26595362380293164,1.1576406980850074,1.204663908275824,5.551115123125783e-17,0.0,6.938893903907228e-17,False,False
CCGCGAGGAGGCAG,randomized,4.0,88,2,2,discovery,False,0.10732575243268053,1.0013841724241173,1.0076947238430876,0.0,0.0,-2.220446049250313e-16,False,False
CCGCGAGGAGGCAG,randomized,4.0,88,2,3,discovery,False,0.10776265195264827,1.0388558866442408,1.0418509169185186,0.0,0.0,0.0,False,False
CCGCGAGGAGGCAG,randomized,4.0,88,2,4,discovery,False,-0.1001558331442112,0.47448649678366106,0.5296829830885584,1.1102230246251565e-16,0.0,1.1102230246251565e-16,False,False
CCGCGAGGAGGCAG,randomized,4.0,88,2,5,discovery,False,-0.030382950024383015,0.8534499573113443,0.8335618077105919,1.1102230246251565e-16,1.1102230246251565e-16,1.1102230246251565e-16,False,False
CCGCGAGGAGGCAG,randomized,4.0,88,2,6,discovery,False,0.01383547566328983,1.0001526534112049,1.000135316603511,0.0,0.0,0.0,False,False
CCGCGAGGAGGCAG,randomized,4.0,88,2,7,discovery,False,0.0644843557065175,1.1927130447210936,1.1967193176785071,0.0,0.0,-2.220446049250313e-16,False,False
CCGCGAGGAGGCAG,randomized,4.0,88,2,8,discovery,False,-0.12565901223484793,1.0837542046593636,1.0769880361592052,0.0,0.0,0.0,False,False
CCGCGAGGAGGCAG,randomized,4.0,88,2,9,discovery,False,0.0867022342260462,1.0052459725099807,1.0019022891259002,0.0,0.0,0.0,False,False
CCGCGAGGAGGCAG,randomized,4.0,88,2,10,discovery,False,-0.060110959089368435,0.9970077074232425,0.9806203737361966,2.220446049250313e-16,2.220446049250313e-16,2.220446049250313e-16,False,False
CCGCGAGGAGGCAG,randomized,4.0,88,2,11,discovery,False,0.25671138742878097,1.1070777097809645,1.1856431438343178,0.0,0.0,0.0,False,False
CCGCGAGGAGGCAG,randomized,4.0,88,2,12,confirmation,False,0.18804479135045415,1.106201610430472,1.1098471722225636,1.1102230246251565e-16,0.0,1.1102230246251565e-16,False,False
CCGCGAGGAGGCAG,randomized,4.0,88,2,13,confirmation,False,-0.08079881867083825,0.9711099141216604,0.9914534559034216,0.0,0.0,-1.1102230246251565e-16,False,False
CCGCGAGGAGGCAG,randomized,4.0,88,2,14,confirmation,False,0.0067767108273307595,0.9973468985217636,0.9989855594203776,0.0,1.1102230246251565e-16,-3.3306690738754696e-16,False,False
CCGCGAGGAGGCAG,randomized,4.0,88,2,15,confirmation,False,0.16359662163029196,1.03137023776479,0.9623618173453022,4.440892098500626e-16,2.220446049250313e-16,4.440892098500626e-16,False,False
CCGCGAGGAGGCAG,randomized,4.0,88,2,16,confirmation,False,-0.16596336383460356,0.8127531901037679,0.8472137502274473,0.0,0.0,-1.1102230246251565e-16,False,False
CCGCGAGGAGGCAG,randomized,4.0,88,2,17,confirmation,False,-0.22833865269281936,0.8314740145467344,0.8871090332999915,0.0,0.0,0.0,False,False
CCGCGAGGAGGCAG,randomized,4.0,88,2,18,confirmation,False,-0.2879192703554489,1.3541982371061063,1.6756095448157993,1.1102230246251565e-16,0.0,1.1102230246251565e-16,False,False
CCGCGAGGAGGCAG,randomized,4.0,88,2,19,confirmation,False,0.07393154964202545,1.1010570963852615,1.124244830871184,0.0,0.0,-6.661338147750939e-16,False,False
CCGCGAGGAGGCAG,randomized,4.0,88,2,20,confirmation,False,-0.2995312766670035,0.8836513306057595,0.9680058900552121,2.220446049250313e-16,0.0,2.220446049250313e-16,False,False
CCGCGAGGAGGCAG,randomized,4.0,88,2,21,confirmation,False,0.07285227075376745,1.050331899015422,1.0420445122090096,0.0,0.0,-1.1102230246251565e-16,False,False
CCGCGAGGAGGCAG,randomized,4.0,88,2,22,confirmation,False,0.2093445190658236,1.0814164552883754,0.9843856760888097,0.0,0.0,-1.6653345369377348e-16,False,False
CCGCGAGGAGGCAG,randomized,4.0,88,2,23,confirmation,False,-0.028895982705780004,0.9845241459401887,0.9857135577584953,0.0,0.0,-2.914335439641036e-16,False,False
