configuration,role,name,bed_score,base_entropy,longest_mononucleotide_run
f0.70_nucleotide_matched_pairs,present,.,1000.0,1.9784820284039006,3
f0.70_nucleotide_matched_pairs,present,.,1000.0,1.9172871414591832,4
f0.70_nucleotide_matched_pairs,present,.,1000.0,1.9459835381223645,5
f0.70_nucleotide_matched_pairs,present,.,1000.0,1.9212629890864727,5
f0.70_nucleotide_matched_pairs,present,.,1000.0,1.934722107417909,3
f0.70_nucleotide_matched_pairs,present,.,1000.0,1.9567224094223494,6
f0.70_nucleotide_matched_pairs,present,.,1000.0,1.9807403267633865,4
f0.70_nucleotide_matched_pairs,present,.,1000.0,1.9549152666964573,5
f0.70_nucleotide_matched_pairs,present,.,1000.0,1.9028935395049875,5
f0.70_nucleotide_matched_pairs,present,.,1000.0,1.995727452084926,3
f0.70_nucleotide_matched_pairs,present,.,1000.0,1.960190491727075,4
f0.70_nucleotide_matched_pairs,present,.,1000.0,1.888034151055698,4
f0.70_nucleotide_matched_pairs,present,.,1000.0,1.984582603073468,4
f0.70_nucleotide_matched_pairs,present,.,1000.0,1.9513845678328487,3
f0.70_nucleotide_matched_pairs,present,.,1000.0,1.9073637995178434,3
f0.70_nucleotide_matched_pairs,present,.,1000.0,1.7577370312753422,4
f0.70_nucleotide_matched_pairs,present,.,1000.0,1.9510501943492131,6
f0.70_nucleotide_matched_pairs,present,.,1000.0,1.984972025837339,5
f0.70_nucleotide_matched_pairs,present,.,1000.0,1.8995413949796882,3
f0.70_nucleotide_matched_pairs,present,.,1000.0,1.994315403150246,3
f0.70_nucleotide_matched_pairs,present,.,1000.0,1.9145247927917668,5
f0.70_nucleotide_matched_pairs,present,.,1000.0,1.9294387085593279,4
f0.70_nucleotide_matched_pairs,present,.,1000.0,1.8562489143773313,5
f0.70_nucleotide_matched_pairs,present,.,1000.0,1.9843302866319266,4
f0.70_nucleotide_matched_pairs,present,.,1000.0,1.9590087607812032,6
f0.70_nucleotide_matched_pairs,present,.,1000.0,1.9849876289239283,5
f0.70_nucleotide_matched_pairs,present,.,1000.0,1.9984489164451618,4
f0.70_nucleotide_matched_pairs,present,.,1000.0,1.977590612871526,4
f0.70_nucleotide_matched_pairs,present,.,1000.0,1.9869687300588494,5
f0.70_nucleotide_matched_pairs,present,.,1000.0,1.9919898520034933,5
f0.70_nucleotide_matched_pairs,present,.,1000.0,1.9912602239502393,6
f0.70_nucleotide_matched_pairs,present,.,1000.0,1.887238188925365,4
f0.70_nucleotide_matched_pairs,present,.,1000.0,1.9748567603501161,3
f0.70_nucleotide_matched_pairs,present,.,1000.0,1.9549831570779497,3
f0.70_nucleotide_matched_pairs,present,.,1000.0,1.9362089105930709,4
f0.70_nucleotide_matched_pairs,present,.,1000.0,1.9723476868538776,4
f0.70_nucleotide_matched_pairs,present,.,1000.0,1.9858261115053366,3
f0.70_nucleotide_matched_pairs,present,.,1000.0,1.9069151528495611,4
f0.70_nucleotide_matched_pairs,present,.,1000.0,1.8753752491704663,5
f0.70_nucleotide_matched_pairs,present,.,1000.0,1.9690420789057823,3
f0.70_nucleotide_matched_pairs,present,.,1000.0,1.9779362292294267,5
f0.70_nucleotide_matched_pairs,present,.,1000.0,1.8764664610729462,4
f0.70_nucleotide_matched_pairs,present,.,1000.0,1.9674212921048717,3
f0.70_nucleotide_matched_pairs,present,.,1000.0,1.9151404627871762,5
f0.70_nucleotide_matched_pairs,present,.,1000.0,1.9476174162914321,7
f0.70_nucleotide_matched_pairs,present,.,1000.0,1.9800360245934658,3
f0.70_nucleotide_matched_pairs,present,.,1000.0,1.97202632448562,5
f0.70_nucleotide_matched_pairs,present,.,1000.0,1.9659902819357726,5
f0.70_nucleotide_matched_pairs,present,.,1000.0,1.9713887672766717,4
f0.70_nucleotide_matched_pairs,present,.,1000.0,1.9637692702317966,5
f0.70_nucleotide_matched_pairs,present,.,1000.0,1.9262197608196494,4
f0.70_nucleotide_matched_pairs,present,.,1000.0,1.8515765841325167,8
f0.70_nucleotide_matched_pairs,present,.,1000.0,1.9498966499786419,5
f0.70_nucleotide_matched_pairs,present,.,1000.0,1.9581304093849823,12
f0.70_nucleotide_matched_pairs,present,.,1000.0,1.9162926735413368,5
f0.70_nucleotide_matched_pairs,present,.,1000.0,1.9060254087619928,5
f0.70_nucleotide_matched_pairs,present,.,1000.0,1.9373337102641432,3
f0.70_nucleotide_matched_pairs,present,.,1000.0,1.9634765987478464,4
f0.70_nucleotide_matched_pairs,present,.,1000.0,1.9741133043258057,4
f0.70_nucleotide_matched_pairs,present,.,1000.0,1.9630983080270377,4
f0.70_nucleotide_matched_pairs,present,.,1000.0,1.7913146265512538,5
f0.70_nucleotide_matched_pairs,present,.,1000.0,1.8990624728704248,5
f0.70_nucleotide_matched_pairs,present,.,1000.0,1.9296549515996717,6
f0.70_nucleotide_matched_pairs,present,.,1000.0,1.9258635044129986,3
f0.70_nucleotide_matched_pairs,present,.,1000.0,1.9312952802328744,3
f0.70_nucleotide_matched_pairs,present,.,1000.0,1.959650002743166,4
f0.70_nucleotide_matched_pairs,present,.,1000.0,1.9513876788786437,5
f0.70_nucleotide_matched_pairs,present,.,1000.0,1.9481751561288525,5
f0.70_nucleotide_matched_pairs,present,.,1000.0,1.984972025837339,3
f0.70_nucleotide_matched_pairs,present,.,1000.0,1.9867033651918884,5
f0.70_nucleotide_matched_pairs,present,.,1000.0,1.9421428180538771,5
f0.70_nucleotide_matched_pairs,present,.,1000.0,1.9577769806354886,3
f0.70_nucleotide_matched_pairs,present,.,1000.0,1.9361970401768431,4
f0.70_nucleotide_matched_pairs,present,.,1000.0,1.8851118186314673,4
f0.70_nucleotide_matched_pairs,present,.,1000.0,1.9553126529658909,4
f0.70_nucleotide_matched_pairs,present,.,1000.0,1.9854827428603228,5
f0.70_nucleotide_matched_pairs,present,.,1000.0,1.9697535081959885,4
f0.70_nucleotide_matched_pairs,present,.,1000.0,1.9822983062513109,5
f0.70_nucleotide_matched_pairs,present,.,1000.0,1.9672412067266678,5
f0.70_nucleotide_matched_pairs,present,.,1000.0,1.9853579839940574,3
f0.70_nucleotide_matched_pairs,present,.,1000.0,1.9289531786810297,5
f0.70_nucleotide_matched_pairs,present,.,1000.0,1.9656320173534518,7
f0.70_nucleotide_matched_pairs,absent,.,1000.0,1.9795075781338767,3
f0.70_nucleotide_matched_pairs,absent,.,1000.0,1.7326329894957329,4
f0.70_nucleotide_matched_pairs,absent,.,1000.0,1.9856821630368786,3
f0.70_nucleotide_matched_pairs,absent,.,1000.0,1.9245471990541134,3
f0.70_nucleotide_matched_pairs,absent,.,1000.0,1.9724674019208819,3
f0.70_nucleotide_matched_pairs,absent,.,1000.0,1.915258845105591,3
f0.70_nucleotide_matched_pairs,absent,.,1000.0,1.9228157241383061,5
f0.70_nucleotide_matched_pairs,absent,.,1000.0,1.9671267782643045,4
f0.70_nucleotide_matched_pairs,absent,.,1000.0,1.783489488593923,3
f0.70_nucleotide_matched_pairs,absent,.,1000.0,1.9289751663814747,3
f0.70_nucleotide_matched_pairs,absent,.,1000.0,1.9685903442688026,3
f0.70_nucleotide_matched_pairs,absent,.,1000.0,1.668554941442943,24
f0.70_nucleotide_matched_pairs,absent,.,1000.0,1.8890782511103297,5
f0.70_nucleotide_matched_pairs,absent,.,1000.0,1.9640886509416728,4
f0.70_nucleotide_matched_pairs,absent,.,1000.0,1.9934127574015275,3
f0.70_nucleotide_matched_pairs,absent,.,1000.0,1.7793987671193086,5
f0.70_nucleotide_matched_pairs,absent,.,1000.0,1.971529305205064,4
f0.70_nucleotide_matched_pairs,absent,.,1000.0,1.9690420789057823,5
f0.70_nucleotide_matched_pairs,absent,.,1000.0,1.9239280467468476,7
f0.70_nucleotide_matched_pairs,absent,.,1000.0,1.974546316126181,4
f0.70_nucleotide_matched_pairs,absent,.,1000.0,1.8220432653974836,4
f0.70_nucleotide_matched_pairs,absent,.,1000.0,1.9694748020551995,4
f0.70_nucleotide_matched_pairs,absent,.,1000.0,1.9289239541986785,3
f0.70_nucleotide_matched_pairs,absent,.,1000.0,1.990830039774922,2
f0.70_nucleotide_matched_pairs,absent,.,1000.0,1.9600185706359465,5
f0.70_nucleotide_matched_pairs,absent,.,662.0,1.9890180760492857,4
f0.70_nucleotide_matched_pairs,absent,.,601.0,1.9961756752605335,3
f0.70_nucleotide_matched_pairs,absent,.,1000.0,1.9694748020551995,4
f0.70_nucleotide_matched_pairs,absent,.,1000.0,1.713321539532784,3
f0.70_nucleotide_matched_pairs,absent,.,569.0,1.8630606565733534,6
f0.70_nucleotide_matched_pairs,absent,.,1000.0,1.9981794648658124,4
f0.70_nucleotide_matched_pairs,absent,.,1000.0,1.8302592518884535,3
f0.70_nucleotide_matched_pairs,absent,.,1000.0,1.9694480100020613,5
f0.70_nucleotide_matched_pairs,absent,.,580.0,1.9506409242136087,5
f0.70_nucleotide_matched_pairs,absent,.,1000.0,1.7863615661541203,7
f0.70_nucleotide_matched_pairs,absent,.,1000.0,1.9857579914797727,3
f0.70_nucleotide_matched_pairs,absent,.,1000.0,1.9626404438837781,4
f0.70_nucleotide_matched_pairs,absent,.,1000.0,1.951887318838419,3
f0.70_nucleotide_matched_pairs,absent,.,1000.0,1.9569605722528491,3
f0.70_nucleotide_matched_pairs,absent,.,1000.0,1.9066397796918533,4
f0.70_nucleotide_matched_pairs,absent,.,771.0,1.9607807785960325,4
f0.70_nucleotide_matched_pairs,absent,.,1000.0,1.8922732821696955,5
f0.70_nucleotide_matched_pairs,absent,.,1000.0,1.96359016163199,7
f0.70_nucleotide_matched_pairs,absent,.,1000.0,1.9010549596123132,5
f0.70_nucleotide_matched_pairs,absent,.,1000.0,1.8980919512215237,3
f0.70_nucleotide_matched_pairs,absent,.,1000.0,1.9355273431804707,6
f0.70_nucleotide_matched_pairs,absent,.,1000.0,1.9229081925591758,3
f0.70_nucleotide_matched_pairs,absent,.,1000.0,1.9830975623895442,5
f0.70_nucleotide_matched_pairs,absent,.,606.0,1.947516101129036,5
f0.70_nucleotide_matched_pairs,absent,.,1000.0,1.9069151528495611,5
f0.70_nucleotide_matched_pairs,absent,.,1000.0,1.9751405900333356,5
f0.70_nucleotide_matched_pairs,absent,.,565.0,1.8545619668190638,5
f0.70_nucleotide_matched_pairs,absent,.,789.0,1.9477274066586063,5
f0.70_nucleotide_matched_pairs,absent,.,1000.0,1.9520686386238584,3
f0.70_nucleotide_matched_pairs,absent,.,1000.0,1.8714004591128102,3
f0.70_nucleotide_matched_pairs,absent,.,1000.0,1.9034481374402321,6
f0.70_nucleotide_matched_pairs,absent,.,1000.0,1.9496671314969478,5
f0.70_nucleotide_matched_pairs,absent,.,629.0,1.9687213203253564,6
f0.70_nucleotide_matched_pairs,absent,.,1000.0,1.9854827428603228,4
f0.70_nucleotide_matched_pairs,absent,.,1000.0,1.9727685558841248,4
f0.70_nucleotide_matched_pairs,absent,.,1000.0,1.8283276193354592,5
f0.70_nucleotide_matched_pairs,absent,.,1000.0,1.8334507149291,3
f0.70_nucleotide_matched_pairs,absent,.,1000.0,1.969178020579851,3
f0.70_nucleotide_matched_pairs,absent,.,1000.0,1.8512517511864068,4
f0.70_nucleotide_matched_pairs,absent,.,1000.0,1.9749100612171222,5
f0.70_nucleotide_matched_pairs,absent,.,1000.0,1.9356173807644559,5
f0.70_nucleotide_matched_pairs,absent,.,1000.0,1.9740391217969526,3
f0.70_nucleotide_matched_pairs,absent,.,1000.0,1.9506385003892794,3
f0.70_nucleotide_matched_pairs,absent,.,1000.0,1.984972025837339,3
f0.70_nucleotide_matched_pairs,absent,.,649.0,1.3215779451902625,5
f0.70_nucleotide_matched_pairs,absent,.,1000.0,1.9822815071445374,4
f0.70_nucleotide_matched_pairs,absent,.,1000.0,1.9241117384498576,4
f0.70_nucleotide_matched_pairs,absent,.,1000.0,1.973943243311487,2
f0.70_nucleotide_matched_pairs,absent,.,1000.0,1.8491760816550433,4
f0.70_nucleotide_matched_pairs,absent,.,686.0,1.9694884084014146,4
f0.70_nucleotide_matched_pairs,absent,.,555.0,1.946086861767807,4
f0.70_nucleotide_matched_pairs,absent,.,1000.0,1.9782471605598217,3
f0.70_nucleotide_matched_pairs,absent,.,1000.0,1.7261018780145896,3
f0.70_nucleotide_matched_pairs,absent,.,1000.0,1.976356569906295,5
f0.70_nucleotide_matched_pairs,absent,.,1000.0,1.9355592715846348,4
f0.70_nucleotide_matched_pairs,absent,.,1000.0,1.9937440395397514,4
f0.70_nucleotide_matched_pairs,absent,.,551.0,1.9632445213248004,6
f0.70_token_balanced_pairs,present,.,1000.0,1.9513845678328487,3
f0.70_token_balanced_pairs,present,.,1000.0,1.9802229792138732,5
f0.70_token_balanced_pairs,present,.,1000.0,1.9897333938746313,5
f0.70_token_balanced_pairs,present,.,896.0,1.9050692088830048,4
f0.70_token_balanced_pairs,present,.,1000.0,1.9270226331883065,12
f0.70_token_balanced_pairs,present,.,1000.0,1.9546919436345433,4
f0.70_token_balanced_pairs,present,.,1000.0,1.9373847327924723,4
f0.70_token_balanced_pairs,present,.,1000.0,1.9569923619076897,6
f0.70_token_balanced_pairs,present,.,1000.0,1.968857994148212,5
f0.70_token_balanced_pairs,present,.,1000.0,1.9928309734292275,5
f0.70_token_balanced_pairs,present,.,1000.0,1.9917892361491558,5
f0.70_token_balanced_pairs,present,.,1000.0,1.939158163146448,5
f0.70_token_balanced_pairs,present,.,1000.0,1.9574209987185223,3
f0.70_token_balanced_pairs,present,.,636.0,1.9505565538955378,6
f0.70_token_balanced_pairs,present,.,781.0,1.9610755746003725,5
f0.70_token_balanced_pairs,absent,.,1000.0,1.9640886509416728,4
f0.70_token_balanced_pairs,absent,.,1000.0,1.9934127574015275,3
f0.70_token_balanced_pairs,absent,.,569.0,1.8630606565733534,6
f0.70_token_balanced_pairs,absent,.,1000.0,1.9981794648658124,4
f0.70_token_balanced_pairs,absent,.,580.0,1.9506409242136087,5
f0.70_token_balanced_pairs,absent,.,771.0,1.9607807785960325,4
f0.70_token_balanced_pairs,absent,.,1000.0,1.9229081925591758,3
f0.70_token_balanced_pairs,absent,.,606.0,1.947516101129036,5
f0.70_token_balanced_pairs,absent,.,629.0,1.9687213203253564,6
f0.70_token_balanced_pairs,absent,.,1000.0,1.973943243311487,2
f0.70_token_balanced_pairs,absent,.,686.0,1.9694884084014146,4
f0.70_token_balanced_pairs,absent,.,555.0,1.946086861767807,4
f0.70_token_balanced_pairs,absent,.,1000.0,1.9782471605598217,3
f0.70_token_balanced_pairs,absent,.,1000.0,1.976356569906295,5
f0.70_token_balanced_pairs,absent,.,551.0,1.9632445213248004,6
f0.80_nucleotide_matched_pairs,present,.,1000.0,1.9859316819869086,5
f0.80_nucleotide_matched_pairs,present,.,1000.0,1.9795633710985263,8
f0.80_nucleotide_matched_pairs,present,.,1000.0,1.9249458909799881,5
f0.80_nucleotide_matched_pairs,present,.,1000.0,1.8544550350588467,6
f0.80_nucleotide_matched_pairs,present,.,1000.0,1.9830001352458697,4
f0.80_nucleotide_matched_pairs,present,.,1000.0,1.9637692702317964,4
f0.80_nucleotide_matched_pairs,present,.,1000.0,1.9519307017622969,5
f0.80_nucleotide_matched_pairs,present,.,1000.0,1.994482482228051,5
f0.80_nucleotide_matched_pairs,present,.,1000.0,1.98031502244506,7
f0.80_nucleotide_matched_pairs,present,.,1000.0,1.957961934837506,4
f0.80_nucleotide_matched_pairs,present,.,1000.0,1.9944415841493366,5
f0.80_nucleotide_matched_pairs,present,.,1000.0,1.942713678046379,6
f0.80_nucleotide_matched_pairs,present,.,1000.0,1.9904619484515644,5
f0.80_nucleotide_matched_pairs,present,.,1000.0,1.9798941892489617,6
f0.80_nucleotide_matched_pairs,present,.,1000.0,1.9636148982687502,4
f0.80_nucleotide_matched_pairs,present,.,1000.0,1.9071244359017603,4
f0.80_nucleotide_matched_pairs,present,.,1000.0,1.9900010302792814,4
f0.80_nucleotide_matched_pairs,present,.,1000.0,1.9764415508280404,4
f0.80_nucleotide_matched_pairs,present,.,1000.0,1.9963890652758023,5
f0.80_nucleotide_matched_pairs,present,.,1000.0,1.944160816278559,6
f0.80_nucleotide_matched_pairs,present,.,1000.0,1.9849735854931594,5
f0.80_nucleotide_matched_pairs,present,.,1000.0,1.9405831507240632,4
f0.80_nucleotide_matched_pairs,present,.,1000.0,1.9306782360976915,5
f0.80_nucleotide_matched_pairs,present,.,1000.0,1.9778959150022568,5
f0.80_nucleotide_matched_pairs,present,.,1000.0,1.9664804352196141,7
f0.80_nucleotide_matched_pairs,present,.,1000.0,1.8106195030670007,5
f0.80_nucleotide_matched_pairs,present,.,1000.0,1.9884104002033887,5
f0.80_nucleotide_matched_pairs,present,.,1000.0,1.9773641018333417,4
f0.80_nucleotide_matched_pairs,present,.,1000.0,1.9120664209708056,17
f0.80_nucleotide_matched_pairs,present,.,1000.0,1.9903991823472147,6
f0.80_nucleotide_matched_pairs,present,.,1000.0,1.9886421772906062,5
f0.80_nucleotide_matched_pairs,present,.,1000.0,1.989789305785683,4
f0.80_nucleotide_matched_pairs,present,.,1000.0,1.9667192255600003,5
f0.80_nucleotide_matched_pairs,present,.,1000.0,1.925324472562852,5
f0.80_nucleotide_matched_pairs,present,.,1000.0,1.9746017488677525,6
f0.80_nucleotide_matched_pairs,present,.,1000.0,1.969851802452987,4
f0.80_nucleotide_matched_pairs,present,.,1000.0,1.9426211251845102,5
f0.80_nucleotide_matched_pairs,present,.,1000.0,1.9546281596388626,5
f0.80_nucleotide_matched_pairs,present,.,1000.0,1.973709454002973,5
f0.80_nucleotide_matched_pairs,present,.,1000.0,1.9716222073071514,6
f0.80_nucleotide_matched_pairs,present,.,1000.0,1.9533565635012662,4
f0.80_nucleotide_matched_pairs,present,.,1000.0,1.9491843037549985,4
f0.80_nucleotide_matched_pairs,present,.,1000.0,1.9759668149869372,9
f0.80_nucleotide_matched_pairs,present,.,1000.0,1.6885815400175075,5
f0.80_nucleotide_matched_pairs,present,.,1000.0,1.8772177696695145,5
f0.80_nucleotide_matched_pairs,present,.,1000.0,1.90811009209211,4
f0.80_nucleotide_matched_pairs,present,.,622.0,1.8714752119326448,4
f0.80_nucleotide_matched_pairs,present,.,1000.0,1.9269994971180586,4
f0.80_nucleotide_matched_pairs,present,.,1000.0,1.9544015757859199,5
f0.80_nucleotide_matched_pairs,present,.,1000.0,1.960476255842413,5
f0.80_nucleotide_matched_pairs,present,.,804.0,1.8501818586152419,3
f0.80_nucleotide_matched_pairs,present,.,1000.0,1.9862581994795239,5
f0.80_nucleotide_matched_pairs,present,.,1000.0,1.9332678196871855,4
f0.80_nucleotide_matched_pairs,present,.,1000.0,1.8181077953259817,5
f0.80_nucleotide_matched_pairs,present,.,1000.0,1.9184186378137942,9
f0.80_nucleotide_matched_pairs,present,.,1000.0,1.9779433113802716,10
f0.80_nucleotide_matched_pairs,present,.,1000.0,1.8749439976604123,5
f0.80_nucleotide_matched_pairs,present,.,1000.0,1.9591763124554191,5
f0.80_nucleotide_matched_pairs,present,.,1000.0,1.9587614481463373,5
f0.80_nucleotide_matched_pairs,present,.,1000.0,1.9873508914635956,4
f0.80_nucleotide_matched_pairs,present,.,1000.0,1.9703610588994915,4
f0.80_nucleotide_matched_pairs,present,.,1000.0,1.8945801516449272,5
f0.80_nucleotide_matched_pairs,present,.,1000.0,1.899459261752274,5
f0.80_nucleotide_matched_pairs,present,.,1000.0,1.9910885319438907,5
f0.80_nucleotide_matched_pairs,present,.,1000.0,1.7835645902511927,5
f0.80_nucleotide_matched_pairs,present,.,1000.0,1.9174633495108613,6
f0.80_nucleotide_matched_pairs,present,.,1000.0,1.9703265819422247,4
f0.80_nucleotide_matched_pairs,present,.,1000.0,1.9827817937707912,5
f0.80_nucleotide_matched_pairs,present,.,1000.0,1.98608492772265,6
f0.80_nucleotide_matched_pairs,present,.,1000.0,1.9653557829548536,5
f0.80_nucleotide_matched_pairs,present,.,1000.0,1.859779428282768,4
f0.80_nucleotide_matched_pairs,present,.,1000.0,1.9770851083771876,5
f0.80_nucleotide_matched_pairs,present,.,1000.0,1.980773120823728,5
f0.80_nucleotide_matched_pairs,present,.,1000.0,1.9629269543733376,5
f0.80_nucleotide_matched_pairs,present,.,1000.0,1.9673931366999509,5
f0.80_nucleotide_matched_pairs,present,.,1000.0,1.9631866386183336,3
f0.80_nucleotide_matched_pairs,present,.,1000.0,1.9894964065505367,5
f0.80_nucleotide_matched_pairs,present,.,1000.0,1.8808219164246034,6
f0.80_nucleotide_matched_pairs,present,.,1000.0,1.987115795174643,6
f0.80_nucleotide_matched_pairs,present,.,1000.0,1.9568424361371966,5
f0.80_nucleotide_matched_pairs,present,.,1000.0,1.8388233539319903,5
f0.80_nucleotide_matched_pairs,present,.,1000.0,1.9864814096672716,5
f0.80_nucleotide_matched_pairs,present,.,1000.0,1.905362082348494,8
f0.80_nucleotide_matched_pairs,present,.,1000.0,1.9713038417472948,4
f0.80_nucleotide_matched_pairs,present,.,1000.0,1.9064742351658217,5
f0.80_nucleotide_matched_pairs,present,.,1000.0,1.8540654345166807,5
f0.80_nucleotide_matched_pairs,present,.,1000.0,1.9687563136845074,4
f0.80_nucleotide_matched_pairs,present,.,1000.0,1.956197857440877,4
f0.80_nucleotide_matched_pairs,present,.,1000.0,1.9341915507407177,5
f0.80_nucleotide_matched_pairs,present,.,1000.0,1.9084570039354898,5
f0.80_nucleotide_matched_pairs,present,.,1000.0,1.9216902636909374,4
f0.80_nucleotide_matched_pairs,present,.,1000.0,1.9528404468344103,5
f0.80_nucleotide_matched_pairs,present,.,1000.0,1.945154557103125,10
f0.80_nucleotide_matched_pairs,present,.,1000.0,1.9711031083282178,5
f0.80_nucleotide_matched_pairs,present,.,1000.0,1.929586345363812,5
f0.80_nucleotide_matched_pairs,present,.,1000.0,1.9608596788294783,5
f0.80_nucleotide_matched_pairs,present,.,1000.0,1.9857493101395334,4
f0.80_nucleotide_matched_pairs,present,.,1000.0,1.9976403659676805,4
f0.80_nucleotide_matched_pairs,present,.,1000.0,1.992440329593514,3
f0.80_nucleotide_matched_pairs,present,.,1000.0,1.952149071976812,3
f0.80_nucleotide_matched_pairs,present,.,1000.0,1.9770598696667765,5
f0.80_nucleotide_matched_pairs,present,.,1000.0,1.9323380605285987,5
f0.80_nucleotide_matched_pairs,present,.,1000.0,1.91600144109804,5
f0.80_nucleotide_matched_pairs,present,.,1000.0,1.9353553839028226,17
f0.80_nucleotide_matched_pairs,present,.,1000.0,1.9847942883826704,4
f0.80_nucleotide_matched_pairs,present,.,1000.0,1.99697857212937,8
f0.80_nucleotide_matched_pairs,present,.,1000.0,1.9628987491342116,5
f0.80_nucleotide_matched_pairs,present,.,1000.0,1.9560232460159108,6
f0.80_nucleotide_matched_pairs,present,.,1000.0,1.94928118189281,5
f0.80_nucleotide_matched_pairs,present,.,1000.0,1.9588866620049448,4
f0.80_nucleotide_matched_pairs,present,.,1000.0,1.9625487029787199,5
f0.80_nucleotide_matched_pairs,present,.,1000.0,1.9271362143160693,5
f0.80_nucleotide_matched_pairs,present,.,1000.0,1.9538628014233907,4
f0.80_nucleotide_matched_pairs,present,.,1000.0,1.9729714955616702,4
f0.80_nucleotide_matched_pairs,present,.,1000.0,1.8156643333820677,5
f0.80_nucleotide_matched_pairs,present,.,1000.0,1.9802893625753921,4
f0.80_nucleotide_matched_pairs,present,.,1000.0,1.9649529214556143,5
f0.80_nucleotide_matched_pairs,present,.,1000.0,1.8813192469599032,5
f0.80_nucleotide_matched_pairs,present,.,1000.0,1.9463249489081256,4
f0.80_nucleotide_matched_pairs,present,.,1000.0,1.9304279970430027,4
f0.80_nucleotide_matched_pairs,present,.,1000.0,1.9923964782562464,5
f0.80_nucleotide_matched_pairs,present,.,1000.0,1.9430091861869818,5
f0.80_nucleotide_matched_pairs,present,.,1000.0,1.7989364806824357,4
f0.80_nucleotide_matched_pairs,present,.,1000.0,1.8075468526585765,6
f0.80_nucleotide_matched_pairs,present,.,1000.0,1.9847979942365481,5
f0.80_nucleotide_matched_pairs,present,.,1000.0,1.928578288832179,4
f0.80_nucleotide_matched_pairs,present,.,1000.0,1.9028092935126724,5
f0.80_nucleotide_matched_pairs,present,.,1000.0,1.9670849641233388,5
f0.80_nucleotide_matched_pairs,present,.,1000.0,1.9061389949489258,5
f0.80_nucleotide_matched_pairs,present,.,910.0,1.8978928375793502,4
f0.80_nucleotide_matched_pairs,present,.,1000.0,1.8511964348619305,5
f0.80_nucleotide_matched_pairs,present,.,1000.0,1.9915241372848582,6
f0.80_nucleotide_matched_pairs,present,.,1000.0,1.99697857212937,5
f0.80_nucleotide_matched_pairs,present,.,1000.0,1.9811436179149684,4
f0.80_nucleotide_matched_pairs,present,.,1000.0,1.9863578154797061,4
f0.80_nucleotide_matched_pairs,present,.,1000.0,1.9547855586322964,5
f0.80_nucleotide_matched_pairs,present,.,1000.0,1.8818033669435534,5
f0.80_nucleotide_matched_pairs,present,.,1000.0,1.7591713520854202,5
f0.80_nucleotide_matched_pairs,present,.,1000.0,1.9622313529324282,4
f0.80_nucleotide_matched_pairs,present,.,1000.0,1.9241478003800339,4
f0.80_nucleotide_matched_pairs,present,.,1000.0,1.9968312274172957,6
f0.80_nucleotide_matched_pairs,present,.,1000.0,1.9846493352920338,4
f0.80_nucleotide_matched_pairs,present,.,1000.0,1.9595331147973019,5
f0.80_nucleotide_matched_pairs,present,.,1000.0,1.9787639720035588,5
f0.80_nucleotide_matched_pairs,present,.,1000.0,1.9455586922041546,5
f0.80_nucleotide_matched_pairs,present,.,1000.0,1.9628050167020605,5
f0.80_nucleotide_matched_pairs,present,.,951.0,1.9414388269257312,5
f0.80_nucleotide_matched_pairs,present,.,1000.0,1.9885702325337893,5
f0.80_nucleotide_matched_pairs,present,.,1000.0,1.997590618904542,4
f0.80_nucleotide_matched_pairs,present,.,1000.0,1.988080950071847,5
f0.80_nucleotide_matched_pairs,present,.,1000.0,1.978518740790103,9
f0.80_nucleotide_matched_pairs,present,.,1000.0,1.9974030357360408,3
f0.80_nucleotide_matched_pairs,present,.,1000.0,1.9498819616171574,4
f0.80_nucleotide_matched_pairs,present,.,1000.0,1.9820287996583497,5
f0.80_nucleotide_matched_pairs,present,.,1000.0,1.9001315266879812,5
f0.80_nucleotide_matched_pairs,present,.,1000.0,1.9378877737214117,5
f0.80_nucleotide_matched_pairs,present,.,1000.0,1.8230658857254833,5
f0.80_nucleotide_matched_pairs,present,.,1000.0,1.9919898520034933,5
f0.80_nucleotide_matched_pairs,present,.,1000.0,1.9654590503803742,5
f0.80_nucleotide_matched_pairs,present,.,1000.0,1.9770273213091993,7
f0.80_nucleotide_matched_pairs,present,.,1000.0,1.9952790146906563,4
f0.80_nucleotide_matched_pairs,present,.,1000.0,1.9901734966306956,4
f0.80_nucleotide_matched_pairs,present,.,1000.0,1.9844938631719704,5
f0.80_nucleotide_matched_pairs,present,.,1000.0,1.9425215800379885,5
f0.80_nucleotide_matched_pairs,present,.,691.0,1.844387150327102,6
f0.80_nucleotide_matched_pairs,present,.,1000.0,1.9847637580431,5
f0.80_nucleotide_matched_pairs,present,.,1000.0,1.9679056146028195,4
f0.80_nucleotide_matched_pairs,present,.,1000.0,1.9384953774812659,5
f0.80_nucleotide_matched_pairs,present,.,1000.0,1.9046817744473374,6
f0.80_nucleotide_matched_pairs,present,.,1000.0,1.9844847484484174,5
f0.80_nucleotide_matched_pairs,present,.,1000.0,1.9375598723561134,15
f0.80_nucleotide_matched_pairs,present,.,1000.0,1.8955092541729677,6
f0.80_nucleotide_matched_pairs,present,.,1000.0,1.9268728080577209,6
f0.80_nucleotide_matched_pairs,present,.,1000.0,1.9011457983420648,4
f0.80_nucleotide_matched_pairs,present,.,1000.0,1.9828207774613298,7
f0.80_nucleotide_matched_pairs,present,.,1000.0,1.9358375084336608,5
f0.80_nucleotide_matched_pairs,present,.,1000.0,1.986830007798269,5
f0.80_nucleotide_matched_pairs,present,.,1000.0,1.9719700902108084,5
f0.80_nucleotide_matched_pairs,present,.,1000.0,1.9628777137148155,7
f0.80_nucleotide_matched_pairs,present,.,1000.0,1.9970567537050155,5
f0.80_nucleotide_matched_pairs,present,.,1000.0,1.881143261994821,5
f0.80_nucleotide_matched_pairs,present,.,1000.0,1.9963890652758023,11
f0.80_nucleotide_matched_pairs,present,.,1000.0,1.9682103278184178,5
f0.80_nucleotide_matched_pairs,present,.,1000.0,1.9764209317197934,5
f0.80_nucleotide_matched_pairs,present,.,1000.0,1.9788304167900406,3
f0.80_nucleotide_matched_pairs,present,.,1000.0,1.9940743544184052,5
f0.80_nucleotide_matched_pairs,present,.,1000.0,1.9929817030495247,4
f0.80_nucleotide_matched_pairs,present,.,1000.0,1.6855661011317014,5
f0.80_nucleotide_matched_pairs,present,.,1000.0,1.9291856617462435,5
f0.80_nucleotide_matched_pairs,present,.,1000.0,1.977576548127387,6
f0.80_nucleotide_matched_pairs,present,.,1000.0,1.9966090542637152,4
f0.80_nucleotide_matched_pairs,present,.,1000.0,1.946835401863321,5
f0.80_nucleotide_matched_pairs,present,.,1000.0,1.9615748603207868,5
f0.80_nucleotide_matched_pairs,present,.,1000.0,1.8503807533025436,5
f0.80_nucleotide_matched_pairs,present,.,1000.0,1.9890780886326023,4
f0.80_nucleotide_matched_pairs,present,.,1000.0,1.9512767943237042,5
f0.80_nucleotide_matched_pairs,present,.,1000.0,1.9841025017148073,7
f0.80_nucleotide_matched_pairs,present,.,1000.0,1.9830034155233451,5
f0.80_nucleotide_matched_pairs,present,.,1000.0,1.9412315312282018,5
f0.80_nucleotide_matched_pairs,present,.,1000.0,1.9880613775509293,7
f0.80_nucleotide_matched_pairs,present,.,1000.0,1.9904180266062776,4
f0.80_nucleotide_matched_pairs,present,.,1000.0,1.953463077744987,5
f0.80_nucleotide_matched_pairs,present,.,1000.0,1.9875050458475596,5
f0.80_nucleotide_matched_pairs,present,.,1000.0,1.9085017756447478,6
f0.80_nucleotide_matched_pairs,present,.,1000.0,1.8170701468813237,6
f0.80_nucleotide_matched_pairs,present,.,1000.0,1.804508566396811,6
f0.80_nucleotide_matched_pairs,present,.,1000.0,1.9879341846065401,5
f0.80_nucleotide_matched_pairs,present,.,1000.0,1.9910331800249605,5
f0.80_nucleotide_matched_pairs,present,.,1000.0,1.9732367046835366,8
f0.80_nucleotide_matched_pairs,present,.,1000.0,1.9990370605609318,5
f0.80_nucleotide_matched_pairs,present,.,1000.0,1.9761659285257638,4
f0.80_nucleotide_matched_pairs,present,.,1000.0,1.8546271880663867,5
f0.80_nucleotide_matched_pairs,present,.,1000.0,1.9675649549345522,5
f0.80_nucleotide_matched_pairs,present,.,1000.0,1.9605778989183917,5
f0.80_nucleotide_matched_pairs,present,.,1000.0,1.850913312867768,5
f0.80_nucleotide_matched_pairs,present,.,1000.0,1.9775112524031777,5
f0.80_nucleotide_matched_pairs,present,.,1000.0,1.9982121742864256,5
f0.80_nucleotide_matched_pairs,present,.,1000.0,1.9739745578379368,4
f0.80_nucleotide_matched_pairs,present,.,1000.0,1.9839471129455588,4
f0.80_nucleotide_matched_pairs,present,.,725.0,1.8910041928146664,4
f0.80_nucleotide_matched_pairs,present,.,1000.0,1.8693137803094138,5
f0.80_nucleotide_matched_pairs,present,.,1000.0,1.891528904503195,4
f0.80_nucleotide_matched_pairs,present,.,1000.0,1.969751211556769,3
f0.80_nucleotide_matched_pairs,present,.,1000.0,1.9180017047970979,5
f0.80_nucleotide_matched_pairs,present,.,1000.0,1.9560434739296257,4
f0.80_nucleotide_matched_pairs,present,.,1000.0,1.9815269037907832,9
f0.80_nucleotide_matched_pairs,present,.,1000.0,1.9291910298445671,5
f0.80_nucleotide_matched_pairs,present,.,1000.0,1.9843182802511303,5
f0.80_nucleotide_matched_pairs,present,.,1000.0,1.979084075989757,6
f0.80_nucleotide_matched_pairs,present,.,1000.0,1.8513482151676552,6
f0.80_nucleotide_matched_pairs,present,.,1000.0,1.8861059077123514,4
f0.80_nucleotide_matched_pairs,present,.,1000.0,1.9912132160327403,4
f0.80_nucleotide_matched_pairs,present,.,1000.0,1.9745612860039905,5
f0.80_nucleotide_matched_pairs,present,.,1000.0,1.9853222578732765,5
f0.80_nucleotide_matched_pairs,present,.,1000.0,1.909885623003441,5
f0.80_nucleotide_matched_pairs,present,.,1000.0,1.934593792753767,5
f0.80_nucleotide_matched_pairs,present,.,1000.0,1.9126724966244721,5
f0.80_nucleotide_matched_pairs,present,.,1000.0,1.9700343337231825,5
f0.80_nucleotide_matched_pairs,present,.,1000.0,1.9474273072144326,4
f0.80_nucleotide_matched_pairs,present,.,1000.0,1.934489340959927,5
f0.80_nucleotide_matched_pairs,present,.,1000.0,1.9409017035067204,3
f0.80_nucleotide_matched_pairs,present,.,1000.0,1.9947420428476184,4
f0.80_nucleotide_matched_pairs,present,.,1000.0,1.9292939803602347,4
f0.80_nucleotide_matched_pairs,present,.,1000.0,1.9489559025026622,6
f0.80_nucleotide_matched_pairs,present,.,1000.0,1.9824675242575869,4
f0.80_nucleotide_matched_pairs,present,.,1000.0,1.9993710881552347,3
f0.80_nucleotide_matched_pairs,present,.,1000.0,1.9738893130618016,5
f0.80_nucleotide_matched_pairs,present,.,1000.0,1.768524421297632,5
f0.80_nucleotide_matched_pairs,present,.,1000.0,1.9580532725125708,4
f0.80_nucleotide_matched_pairs,present,.,1000.0,1.9949720761802707,5
f0.80_nucleotide_matched_pairs,present,.,1000.0,1.9787511975560101,5
f0.80_nucleotide_matched_pairs,present,.,1000.0,1.8873685560412348,8
f0.80_nucleotide_matched_pairs,present,.,1000.0,1.997688823112415,4
f0.80_nucleotide_matched_pairs,present,.,1000.0,1.919758396806527,5
f0.80_nucleotide_matched_pairs,present,.,1000.0,1.9914882979702768,4
f0.80_nucleotide_matched_pairs,present,.,1000.0,1.9800045544246039,5
f0.80_nucleotide_matched_pairs,absent,.,603.0,1.9759638459102007,14
f0.80_nucleotide_matched_pairs,absent,.,667.0,1.9885094750807224,5
f0.80_nucleotide_matched_pairs,absent,.,545.0,1.9005973915811012,5
f0.80_nucleotide_matched_pairs,absent,.,1000.0,1.9547597491637412,11
f0.80_nucleotide_matched_pairs,absent,.,1000.0,1.9776750230854598,5
f0.80_nucleotide_matched_pairs,absent,.,650.0,1.9771315471420037,5
f0.80_nucleotide_matched_pairs,absent,.,663.0,1.981094338714127,10
f0.80_nucleotide_matched_pairs,absent,.,1000.0,1.98031502244506,6
f0.80_nucleotide_matched_pairs,absent,.,1000.0,1.9815937093690184,6
f0.80_nucleotide_matched_pairs,absent,.,1000.0,1.945070621384962,6
f0.80_nucleotide_matched_pairs,absent,.,1000.0,1.9590439517907052,4
f0.80_nucleotide_matched_pairs,absent,.,657.0,1.9206414883977907,5
f0.80_nucleotide_matched_pairs,absent,.,1000.0,1.986830007798269,4
f0.80_nucleotide_matched_pairs,absent,.,928.0,1.9758079897281307,4
f0.80_nucleotide_matched_pairs,absent,.,567.0,1.9700315555054282,4
f0.80_nucleotide_matched_pairs,absent,.,821.0,1.8807521213169776,5
f0.80_nucleotide_matched_pairs,absent,.,1000.0,1.9757313347073093,4
f0.80_nucleotide_matched_pairs,absent,.,1000.0,1.9824793919543644,4
f0.80_nucleotide_matched_pairs,absent,.,686.0,1.9694884084014146,4
f0.80_nucleotide_matched_pairs,absent,.,1000.0,1.944334730696035,6
f0.80_nucleotide_matched_pairs,absent,.,618.0,1.9833045811781285,5
f0.80_nucleotide_matched_pairs,absent,.,1000.0,1.8828016873213147,5
f0.80_nucleotide_matched_pairs,absent,.,705.0,1.9391352470673673,6
f0.80_nucleotide_matched_pairs,absent,.,1000.0,1.996831227417296,5
f0.80_nucleotide_matched_pairs,absent,.,1000.0,1.9632445213248007,5
f0.80_nucleotide_matched_pairs,absent,.,1000.0,1.8319935033435304,5
f0.80_nucleotide_matched_pairs,absent,.,1000.0,1.9561978574408772,5
f0.80_nucleotide_matched_pairs,absent,.,1000.0,1.9739525624290242,4
f0.80_nucleotide_matched_pairs,absent,.,675.0,1.93201560326135,5
f0.80_nucleotide_matched_pairs,absent,.,1000.0,1.9272280163205768,6
f0.80_nucleotide_matched_pairs,absent,.,1000.0,1.9933553400533257,5
f0.80_nucleotide_matched_pairs,absent,.,1000.0,1.930305512410966,5
f0.80_nucleotide_matched_pairs,absent,.,540.0,1.9695395103927815,5
f0.80_nucleotide_matched_pairs,absent,.,1000.0,1.9534596169256244,4
f0.80_nucleotide_matched_pairs,absent,.,619.0,1.9979320479349574,5
f0.80_nucleotide_matched_pairs,absent,.,1000.0,1.9433033693527495,4
f0.80_nucleotide_matched_pairs,absent,.,872.0,1.8796380239038248,5
f0.80_nucleotide_matched_pairs,absent,.,1000.0,1.9785606927603923,4
f0.80_nucleotide_matched_pairs,absent,.,1000.0,1.964048030357199,4
f0.80_nucleotide_matched_pairs,absent,.,1000.0,1.9545917824239254,5
f0.80_nucleotide_matched_pairs,absent,.,787.0,1.9605762274982657,5
f0.80_nucleotide_matched_pairs,absent,.,628.0,1.9765077611569453,4
f0.80_nucleotide_matched_pairs,absent,.,1000.0,1.9944002678615256,5
f0.80_nucleotide_matched_pairs,absent,.,1000.0,1.7027908922483546,6
f0.80_nucleotide_matched_pairs,absent,.,1000.0,1.8752382540141013,4
f0.80_nucleotide_matched_pairs,absent,.,834.0,1.9646937393684294,4
f0.80_nucleotide_matched_pairs,absent,.,853.0,1.875154056436539,4
f0.80_nucleotide_matched_pairs,absent,.,1000.0,1.940768979124499,6
f0.80_nucleotide_matched_pairs,absent,.,546.0,1.9145695550124053,5
f0.80_nucleotide_matched_pairs,absent,.,899.0,1.956234884723206,5
f0.80_nucleotide_matched_pairs,absent,.,916.0,1.8403078526513252,5
f0.80_nucleotide_matched_pairs,absent,.,1000.0,1.9868300077982688,5
f0.80_nucleotide_matched_pairs,absent,.,1000.0,1.9736027050137217,5
f0.80_nucleotide_matched_pairs,absent,.,814.0,1.7826721522574547,6
f0.80_nucleotide_matched_pairs,absent,.,1000.0,1.9716222073071514,6
f0.80_nucleotide_matched_pairs,absent,.,1000.0,1.979465455526472,4
f0.80_nucleotide_matched_pairs,absent,.,1000.0,1.9266602772945425,4
f0.80_nucleotide_matched_pairs,absent,.,1000.0,1.9677510206524533,5
f0.80_nucleotide_matched_pairs,absent,.,1000.0,1.9556756585333437,5
f0.80_nucleotide_matched_pairs,absent,.,1000.0,1.9892043816757146,4
f0.80_nucleotide_matched_pairs,absent,.,974.0,1.981039410976872,4
f0.80_nucleotide_matched_pairs,absent,.,1000.0,1.8569271918183885,5
f0.80_nucleotide_matched_pairs,absent,.,812.0,1.9003308364425913,5
f0.80_nucleotide_matched_pairs,absent,.,549.0,1.987643166424625,5
f0.80_nucleotide_matched_pairs,absent,.,613.0,1.7797056470860129,6
f0.80_nucleotide_matched_pairs,absent,.,878.0,1.8997786040821127,6
f0.80_nucleotide_matched_pairs,absent,.,1000.0,1.989403156602291,5
f0.80_nucleotide_matched_pairs,absent,.,1000.0,1.942812454336205,5
f0.80_nucleotide_matched_pairs,absent,.,678.0,1.8695932252039253,8
f0.80_nucleotide_matched_pairs,absent,.,1000.0,1.9587614481463373,6
f0.80_nucleotide_matched_pairs,absent,.,1000.0,1.9082977920290594,4
f0.80_nucleotide_matched_pairs,absent,.,561.0,1.9949720761802707,5
f0.80_nucleotide_matched_pairs,absent,.,605.0,1.9840305271865315,6
f0.80_nucleotide_matched_pairs,absent,.,936.0,1.9262698976352122,5
f0.80_nucleotide_matched_pairs,absent,.,1000.0,1.9898398051284483,5
f0.80_nucleotide_matched_pairs,absent,.,1000.0,1.9771963544083786,5
f0.80_nucleotide_matched_pairs,absent,.,747.0,1.914816770979884,4
f0.80_nucleotide_matched_pairs,absent,.,1000.0,1.879180068017555,5
f0.80_nucleotide_matched_pairs,absent,.,1000.0,1.992929189969085,5
f0.80_nucleotide_matched_pairs,absent,.,623.0,1.9611228701781496,5
f0.80_nucleotide_matched_pairs,absent,.,1000.0,1.8459153595622901,5
f0.80_nucleotide_matched_pairs,absent,.,1000.0,1.9712678809062818,4
f0.80_nucleotide_matched_pairs,absent,.,1000.0,1.955944455571847,5
f0.80_nucleotide_matched_pairs,absent,.,1000.0,1.98382205739609,5
f0.80_nucleotide_matched_pairs,absent,.,1000.0,1.9335201906966255,5
f0.80_nucleotide_matched_pairs,absent,.,1000.0,1.8502538782088402,5
f0.80_nucleotide_matched_pairs,absent,.,599.0,1.977689974738907,5
f0.80_nucleotide_matched_pairs,absent,.,1000.0,1.9645846484987803,4
f0.80_nucleotide_matched_pairs,absent,.,1000.0,1.9623476199541732,4
f0.80_nucleotide_matched_pairs,absent,.,1000.0,1.9402509423348164,4
f0.80_nucleotide_matched_pairs,absent,.,1000.0,1.9502092106642976,4
f0.80_nucleotide_matched_pairs,absent,.,1000.0,1.9642513471136165,4
f0.80_nucleotide_matched_pairs,absent,.,1000.0,1.9320790394793843,4
f0.80_nucleotide_matched_pairs,absent,.,1000.0,1.9702171366911871,4
f0.80_nucleotide_matched_pairs,absent,.,1000.0,1.9606313337140424,5
f0.80_nucleotide_matched_pairs,absent,.,1000.0,1.9761367881978544,4
f0.80_nucleotide_matched_pairs,absent,.,753.0,1.9761058146144213,5
f0.80_nucleotide_matched_pairs,absent,.,597.0,1.9898398051284485,6
f0.80_nucleotide_matched_pairs,absent,.,1000.0,1.9916708415583237,4
f0.80_nucleotide_matched_pairs,absent,.,1000.0,1.9091771487987454,5
f0.80_nucleotide_matched_pairs,absent,.,700.0,1.979735234016955,4
f0.80_nucleotide_matched_pairs,absent,.,1000.0,1.9476892710409073,5
f0.80_nucleotide_matched_pairs,absent,.,1000.0,1.9048370703838873,5
f0.80_nucleotide_matched_pairs,absent,.,1000.0,1.925136999110694,4
f0.80_nucleotide_matched_pairs,absent,.,1000.0,1.9898398051284483,4
f0.80_nucleotide_matched_pairs,absent,.,1000.0,1.9264799962757877,5
f0.80_nucleotide_matched_pairs,absent,.,1000.0,1.966188463615668,5
f0.80_nucleotide_matched_pairs,absent,.,1000.0,1.92219940553269,7
f0.80_nucleotide_matched_pairs,absent,.,1000.0,1.9213260304190498,3
f0.80_nucleotide_matched_pairs,absent,.,1000.0,1.9353688314106967,6
f0.80_nucleotide_matched_pairs,absent,.,1000.0,1.9618805602428204,5
f0.80_nucleotide_matched_pairs,absent,.,1000.0,1.951699766106998,4
f0.80_nucleotide_matched_pairs,absent,.,1000.0,1.946812558906543,5
f0.80_nucleotide_matched_pairs,absent,.,1000.0,1.9843882890911813,24
f0.80_nucleotide_matched_pairs,absent,.,714.0,1.798159049022143,5
f0.80_nucleotide_matched_pairs,absent,.,1000.0,1.9620097437670927,5
f0.80_nucleotide_matched_pairs,absent,.,1000.0,1.9880850114740518,9
f0.80_nucleotide_matched_pairs,absent,.,744.0,1.8888980932859005,4
f0.80_nucleotide_matched_pairs,absent,.,1000.0,1.9451909322253575,5
f0.80_nucleotide_matched_pairs,absent,.,808.0,1.958618676821919,5
f0.80_nucleotide_matched_pairs,absent,.,1000.0,1.9747519239621987,5
f0.80_nucleotide_matched_pairs,absent,.,1000.0,1.9584581346313366,4
f0.80_nucleotide_matched_pairs,absent,.,543.0,1.8059969360586465,5
f0.80_nucleotide_matched_pairs,absent,.,739.0,1.8153300337969254,5
f0.80_nucleotide_matched_pairs,absent,.,769.0,1.9358577919103825,5
f0.80_nucleotide_matched_pairs,absent,.,788.0,1.845557593399605,6
f0.80_nucleotide_matched_pairs,absent,.,1000.0,1.9205783807041268,4
f0.80_nucleotide_matched_pairs,absent,.,544.0,1.9702740376851047,6
f0.80_nucleotide_matched_pairs,absent,.,547.0,1.941382397599734,4
f0.80_nucleotide_matched_pairs,absent,.,948.0,1.897597246370759,5
f0.80_nucleotide_matched_pairs,absent,.,1000.0,1.849345240726604,4
f0.80_nucleotide_matched_pairs,absent,.,1000.0,1.949837440313229,5
f0.80_nucleotide_matched_pairs,absent,.,624.0,1.9658864620852214,4
f0.80_nucleotide_matched_pairs,absent,.,973.0,1.9672843637222428,4
f0.80_nucleotide_matched_pairs,absent,.,792.0,1.9019639633250012,10
f0.80_nucleotide_matched_pairs,absent,.,976.0,1.9761881722194532,4
f0.80_nucleotide_matched_pairs,absent,.,829.0,1.9572906332440416,4
f0.80_nucleotide_matched_pairs,absent,.,805.0,1.9140163225406222,5
f0.80_nucleotide_matched_pairs,absent,.,1000.0,1.9649419274862097,4
f0.80_nucleotide_matched_pairs,absent,.,1000.0,1.9733438162906154,4
f0.80_nucleotide_matched_pairs,absent,.,608.0,1.9465846629624899,13
f0.80_nucleotide_matched_pairs,absent,.,1000.0,1.982166640352108,5
f0.80_nucleotide_matched_pairs,absent,.,802.0,1.9544288717062142,4
f0.80_nucleotide_matched_pairs,absent,.,1000.0,1.976505913885069,5
f0.80_nucleotide_matched_pairs,absent,.,1000.0,1.9860849277226502,5
f0.80_nucleotide_matched_pairs,absent,.,1000.0,1.9847232153037506,4
f0.80_nucleotide_matched_pairs,absent,.,712.0,1.9445029890415557,4
f0.80_nucleotide_matched_pairs,absent,.,1000.0,1.9892789631159127,4
f0.80_nucleotide_matched_pairs,absent,.,1000.0,1.9982121742864256,3
f0.80_nucleotide_matched_pairs,absent,.,1000.0,1.9558318482242514,9
f0.80_nucleotide_matched_pairs,absent,.,1000.0,1.9854928816875304,4
f0.80_nucleotide_matched_pairs,absent,.,823.0,1.9709553671280844,3
f0.80_nucleotide_matched_pairs,absent,.,1000.0,1.9671658564198218,5
f0.80_nucleotide_matched_pairs,absent,.,820.0,1.9965277415060987,6
f0.80_nucleotide_matched_pairs,absent,.,1000.0,1.9226324255183287,5
f0.80_nucleotide_matched_pairs,absent,.,1000.0,1.8915686774961349,5
f0.80_nucleotide_matched_pairs,absent,.,1000.0,1.8233767998170658,7
f0.80_nucleotide_matched_pairs,absent,.,1000.0,1.9995811974182354,4
f0.80_nucleotide_matched_pairs,absent,.,671.0,1.9617526998790962,6
f0.80_nucleotide_matched_pairs,absent,.,1000.0,1.981590297739507,4
f0.80_nucleotide_matched_pairs,absent,.,1000.0,1.9849386060030194,5
f0.80_nucleotide_matched_pairs,absent,.,1000.0,1.9865993704161218,5
f0.80_nucleotide_matched_pairs,absent,.,1000.0,1.9362697509182643,4
f0.80_nucleotide_matched_pairs,absent,.,710.0,1.9066677873777567,6
f0.80_nucleotide_matched_pairs,absent,.,841.0,1.847070423115582,6
f0.80_nucleotide_matched_pairs,absent,.,647.0,1.9830034155233451,4
f0.80_nucleotide_matched_pairs,absent,.,1000.0,1.9873771941076486,6
f0.80_nucleotide_matched_pairs,absent,.,1000.0,1.938905179908771,4
f0.80_nucleotide_matched_pairs,absent,.,1000.0,1.9350729084615466,5
f0.80_nucleotide_matched_pairs,absent,.,769.0,1.9722798918751714,6
f0.80_nucleotide_matched_pairs,absent,.,1000.0,1.9347566117419603,5
f0.80_nucleotide_matched_pairs,absent,.,1000.0,1.8348864545597587,5
f0.80_nucleotide_matched_pairs,absent,.,769.0,1.8992738361954715,12
f0.80_nucleotide_matched_pairs,absent,.,1000.0,1.8933977052207527,6
f0.80_nucleotide_matched_pairs,absent,.,1000.0,1.9553612704591155,5
f0.80_nucleotide_matched_pairs,absent,.,624.0,1.9467058895023457,5
f0.80_nucleotide_matched_pairs,absent,.,651.0,1.9895647504922866,6
f0.80_nucleotide_matched_pairs,absent,.,845.0,1.967465525709994,5
f0.80_nucleotide_matched_pairs,absent,.,1000.0,1.9757832175884182,4
f0.80_nucleotide_matched_pairs,absent,.,1000.0,1.9525537404600841,5
f0.80_nucleotide_matched_pairs,absent,.,1000.0,1.8824417992051072,6
f0.80_nucleotide_matched_pairs,absent,.,671.0,1.9904777287972608,5
f0.80_nucleotide_matched_pairs,absent,.,561.0,1.9907728697036824,6
f0.80_nucleotide_matched_pairs,absent,.,1000.0,1.9730280346662576,5
f0.80_nucleotide_matched_pairs,absent,.,1000.0,1.990001368418945,4
f0.80_nucleotide_matched_pairs,absent,.,1000.0,1.9904180266062776,4
f0.80_nucleotide_matched_pairs,absent,.,1000.0,1.9801455019129823,3
f0.80_nucleotide_matched_pairs,absent,.,583.0,1.713357009684851,6
f0.80_nucleotide_matched_pairs,absent,.,911.0,1.9560197162017263,5
f0.80_nucleotide_matched_pairs,absent,.,1000.0,1.987848857256548,6
f0.80_nucleotide_matched_pairs,absent,.,1000.0,1.9708637289914752,5
f0.80_nucleotide_matched_pairs,absent,.,1000.0,1.9623476199541732,7
f0.80_nucleotide_matched_pairs,absent,.,732.0,1.9299529904382071,5
f0.80_nucleotide_matched_pairs,absent,.,1000.0,1.8590634877158538,6
f0.80_nucleotide_matched_pairs,absent,.,1000.0,1.9553126529658909,4
f0.80_nucleotide_matched_pairs,absent,.,1000.0,1.9507061471536695,3
f0.80_nucleotide_matched_pairs,absent,.,1000.0,1.9815330313074009,5
f0.80_nucleotide_matched_pairs,absent,.,1000.0,1.9762265715176965,16
f0.80_nucleotide_matched_pairs,absent,.,1000.0,1.9543221150464714,4
f0.80_nucleotide_matched_pairs,absent,.,1000.0,1.968180039308306,4
f0.80_nucleotide_matched_pairs,absent,.,1000.0,1.9724674019208819,3
f0.80_nucleotide_matched_pairs,absent,.,1000.0,1.9761253410021635,5
f0.80_nucleotide_matched_pairs,absent,.,662.0,1.262754415778498,3
f0.80_nucleotide_matched_pairs,absent,.,1000.0,1.9720029510715666,5
f0.80_nucleotide_matched_pairs,absent,.,1000.0,1.8508879504684104,4
f0.80_nucleotide_matched_pairs,absent,.,578.0,1.7850738831896156,4
f0.80_nucleotide_matched_pairs,absent,.,1000.0,1.9660632813694376,5
f0.80_nucleotide_matched_pairs,absent,.,1000.0,1.9612563127098408,4
f0.80_nucleotide_matched_pairs,absent,.,1000.0,1.9683090270733041,6
f0.80_nucleotide_matched_pairs,absent,.,698.0,1.9737288170522995,5
f0.80_nucleotide_matched_pairs,absent,.,1000.0,1.9800755068179199,5
f0.80_nucleotide_matched_pairs,absent,.,1000.0,1.8927270712686635,5
f0.80_nucleotide_matched_pairs,absent,.,700.0,1.9727045175914033,5
f0.80_nucleotide_matched_pairs,absent,.,1000.0,1.9538628014233907,6
f0.80_nucleotide_matched_pairs,absent,.,1000.0,1.8456730603676559,5
f0.80_nucleotide_matched_pairs,absent,.,931.0,1.9689489332624144,3
f0.80_nucleotide_matched_pairs,absent,.,589.0,1.9984979616627998,5
f0.80_nucleotide_matched_pairs,absent,.,1000.0,1.9726391368914973,4
f0.80_nucleotide_matched_pairs,absent,.,885.0,1.9898356222977494,7
f0.80_nucleotide_matched_pairs,absent,.,709.0,1.8812919895878328,5
f0.80_nucleotide_matched_pairs,absent,.,1000.0,1.873981048127358,4
f0.80_nucleotide_matched_pairs,absent,.,1000.0,1.8629507549196642,5
f0.80_nucleotide_matched_pairs,absent,.,1000.0,1.9703571595914986,4
f0.80_nucleotide_matched_pairs,absent,.,1000.0,1.9325530552377561,5
f0.80_nucleotide_matched_pairs,absent,.,725.0,1.97441102052281,5
f0.80_nucleotide_matched_pairs,absent,.,561.0,1.9494685943697707,5
f0.80_nucleotide_matched_pairs,absent,.,658.0,1.9896485385710871,5
f0.80_nucleotide_matched_pairs,absent,.,1000.0,1.9869785836029097,4
f0.80_nucleotide_matched_pairs,absent,.,1000.0,1.9979047795878582,4
f0.80_nucleotide_matched_pairs,absent,.,971.0,1.883975511629391,4
f0.80_nucleotide_matched_pairs,absent,.,623.0,1.8509936707029446,5
f0.80_nucleotide_matched_pairs,absent,.,1000.0,1.9982121742864256,4
f0.80_nucleotide_matched_pairs,absent,.,1000.0,1.9890780886326023,13
f0.80_nucleotide_matched_pairs,absent,.,615.0,1.9831542068149348,5
f0.80_nucleotide_matched_pairs,absent,.,1000.0,1.938495377481266,5
f0.80_nucleotide_matched_pairs,absent,.,641.0,1.9444165020643551,5
f0.80_nucleotide_matched_pairs,absent,.,860.0,1.894573793173545,5
f0.80_nucleotide_matched_pairs,absent,.,726.0,1.9703644678157752,10
f0.80_nucleotide_matched_pairs,absent,.,1000.0,1.977521271093111,4
f0.80_nucleotide_matched_pairs,absent,.,1000.0,1.9699334041563779,4
f0.80_nucleotide_matched_pairs,absent,.,1000.0,1.9509328785961246,4
f0.80_nucleotide_matched_pairs,absent,.,1000.0,1.9880060265163173,5
f0.80_nucleotide_matched_pairs,absent,.,687.0,1.9366032728918312,7
f0.80_nucleotide_matched_pairs,absent,.,1000.0,1.9476566396874868,5
f0.80_nucleotide_matched_pairs,absent,.,669.0,1.9721629450841893,5
f0.80_nucleotide_matched_pairs,absent,.,1000.0,1.9887957166302637,5
f0.80_nucleotide_matched_pairs,absent,.,1000.0,1.973943243311487,5
f0.80_nucleotide_matched_pairs,absent,.,1000.0,1.7714871123368516,9
f0.80_nucleotide_matched_pairs,absent,.,1000.0,1.9576041789969034,6
f0.80_nucleotide_matched_pairs,absent,.,769.0,1.9867298626284233,4
f0.80_nucleotide_matched_pairs,absent,.,606.0,1.9770851083771876,4
f0.80_nucleotide_matched_pairs,absent,.,1000.0,1.8746490871655883,5
f0.80_nucleotide_matched_pairs,absent,.,586.0,1.9961756752605335,5
f0.80_nucleotide_matched_pairs,absent,.,1000.0,1.9374225053079333,7
f0.80_nucleotide_matched_pairs,absent,.,1000.0,1.9943090093030076,4
f0.80_nucleotide_matched_pairs,absent,.,1000.0,1.979084075989757,5
f0.80_token_balanced_pairs,present,.,1000.0,1.9431277711619708,3
f0.80_token_balanced_pairs,present,.,1000.0,1.9590535271006395,6
f0.80_token_balanced_pairs,present,.,1000.0,1.9894554142771703,5
f0.80_token_balanced_pairs,present,.,1000.0,1.862188204254644,5
f0.80_token_balanced_pairs,present,.,1000.0,1.9982121742864256,5
f0.80_token_balanced_pairs,present,.,1000.0,1.9617519103794432,5
f0.80_token_balanced_pairs,present,.,863.0,1.9306208575403305,5
f0.80_token_balanced_pairs,present,.,1000.0,1.9765077611569453,5
f0.80_token_balanced_pairs,present,.,600.0,1.925589373465169,9
f0.80_token_balanced_pairs,present,.,1000.0,1.9625487029787199,5
f0.80_token_balanced_pairs,present,.,1000.0,1.9574667270987374,5
f0.80_token_balanced_pairs,present,.,1000.0,1.9948157014151513,6
f0.80_token_balanced_pairs,present,.,1000.0,1.9646310062340917,21
f0.80_token_balanced_pairs,present,.,1000.0,1.9780889523012726,5
f0.80_token_balanced_pairs,present,.,1000.0,1.8946840046214457,4
f0.80_token_balanced_pairs,present,.,1000.0,1.9811436179149688,4
f0.80_token_balanced_pairs,present,.,1000.0,1.9670550796152204,6
f0.80_token_balanced_pairs,present,.,1000.0,1.8882678778751891,5
f0.80_token_balanced_pairs,present,.,1000.0,1.9931389228249081,5
f0.80_token_balanced_pairs,present,.,1000.0,1.973709454002973,5
f0.80_token_balanced_pairs,present,.,1000.0,1.933931862802287,5
f0.80_token_balanced_pairs,present,.,1000.0,1.9595331147973019,6
f0.80_token_balanced_pairs,present,.,1000.0,1.9823287385514752,6
f0.80_token_balanced_pairs,present,.,729.0,1.9038603067558901,5
f0.80_token_balanced_pairs,present,.,1000.0,1.991935076829912,5
f0.80_token_balanced_pairs,present,.,1000.0,1.9308363867182456,7
f0.80_token_balanced_pairs,present,.,1000.0,1.9458492841454662,4
f0.80_token_balanced_pairs,present,.,1000.0,1.9749256986849644,8
f0.80_token_balanced_pairs,present,.,1000.0,1.9853222578732765,5
f0.80_token_balanced_pairs,present,.,1000.0,1.9590535271006397,5
f0.80_token_balanced_pairs,present,.,1000.0,1.9876431664246246,3
f0.80_token_balanced_pairs,present,.,1000.0,1.9965277415060987,5
f0.80_token_balanced_pairs,present,.,1000.0,1.9678851051747313,4
f0.80_token_balanced_pairs,present,.,1000.0,1.8985581499170165,6
f0.80_token_balanced_pairs,present,.,1000.0,1.9653557829548534,6
f0.80_token_balanced_pairs,present,.,588.0,1.9468704503388639,6
f0.80_token_balanced_pairs,present,.,1000.0,1.964838895634497,5
f0.80_token_balanced_pairs,present,.,1000.0,1.9862711226148957,4
f0.80_token_balanced_pairs,present,.,818.0,1.9808761142004854,5
f0.80_token_balanced_pairs,present,.,1000.0,1.9899626382677207,5
f0.80_token_balanced_pairs,present,.,1000.0,1.9961756752605335,4
f0.80_token_balanced_pairs,present,.,646.0,1.9819233874002833,5
f0.80_token_balanced_pairs,present,.,1000.0,1.9741133043258057,7
f0.80_token_balanced_pairs,present,.,964.0,1.9069623004227003,5
f0.80_token_balanced_pairs,present,.,1000.0,1.9476203575406759,6
f0.80_token_balanced_pairs,present,.,627.0,1.9925502302485953,5
f0.80_token_balanced_pairs,present,.,541.0,1.8389576721183225,5
f0.80_token_balanced_pairs,present,.,914.0,1.988346684636168,4
f0.80_token_balanced_pairs,present,.,735.0,1.9727809397046907,4
f0.80_token_balanced_pairs,present,.,686.0,1.9022897856932321,5
f0.80_token_balanced_pairs,present,.,995.0,1.938198618826953,5
f0.80_token_balanced_pairs,present,.,567.0,1.9813971523169176,5
f0.80_token_balanced_pairs,present,.,745.0,1.9837720179707892,5
f0.80_token_balanced_pairs,present,.,1000.0,1.9677788793093587,7
f0.80_token_balanced_pairs,present,.,1000.0,1.742758022847057,5
f0.80_token_balanced_pairs,present,.,1000.0,1.9667192255600003,3
f0.80_token_balanced_pairs,present,.,1000.0,1.948773734687295,4
f0.80_token_balanced_pairs,present,.,1000.0,1.9440090650384658,5
f0.80_token_balanced_pairs,present,.,836.0,1.9730804004969622,6
f0.80_token_balanced_pairs,present,.,1000.0,1.973018593646929,4
f0.80_token_balanced_pairs,present,.,1000.0,1.964905269571526,4
f0.80_token_balanced_pairs,present,.,1000.0,1.9829499994638788,9
f0.80_token_balanced_pairs,present,.,1000.0,1.987643166424625,4
f0.80_token_balanced_pairs,present,.,1000.0,1.9563325053282203,5
f0.80_token_balanced_pairs,present,.,1000.0,1.9461665064214608,5
f0.80_token_balanced_pairs,present,.,1000.0,1.9408183016383829,5
f0.80_token_balanced_pairs,present,.,1000.0,1.96412830904516,5
f0.80_token_balanced_pairs,present,.,1000.0,1.935452521783305,5
f0.80_token_balanced_pairs,present,.,1000.0,1.994482482228051,12
f0.80_token_balanced_pairs,present,.,1000.0,1.9850959202248266,8
f0.80_token_balanced_pairs,present,.,1000.0,1.6059615488985828,5
f0.80_token_balanced_pairs,present,.,1000.0,1.9849962503934115,5
f0.80_token_balanced_pairs,present,.,1000.0,1.9444579542371936,5
f0.80_token_balanced_pairs,present,.,605.0,1.9449839196365288,7
f0.80_token_balanced_pairs,present,.,1000.0,1.9995811974182351,4
f0.80_token_balanced_pairs,present,.,1000.0,1.9756827880331596,5
f0.80_token_balanced_pairs,present,.,1000.0,1.9754188676670519,5
f0.80_token_balanced_pairs,present,.,1000.0,1.9835467689381958,5
f0.80_token_balanced_pairs,present,.,913.0,1.9366032728918312,4
f0.80_token_balanced_pairs,present,.,1000.0,1.9132951288197393,5
f0.80_token_balanced_pairs,present,.,1000.0,1.9934989478019232,3
f0.80_token_balanced_pairs,present,.,1000.0,1.982319276020068,5
f0.80_token_balanced_pairs,present,.,1000.0,1.9679378656425714,4
f0.80_token_balanced_pairs,present,.,673.0,1.960416828165814,4
f0.80_token_balanced_pairs,present,.,1000.0,1.9699259805976075,5
f0.80_token_balanced_pairs,present,.,1000.0,1.7579530344321503,5
f0.80_token_balanced_pairs,present,.,1000.0,1.98608492772265,6
f0.80_token_balanced_pairs,present,.,1000.0,1.9697164344558749,4
f0.80_token_balanced_pairs,present,.,1000.0,1.929006572916058,11
f0.80_token_balanced_pairs,present,.,1000.0,1.9831415853670415,5
f0.80_token_balanced_pairs,present,.,1000.0,1.9767778635258235,6
f0.80_token_balanced_pairs,present,.,1000.0,1.9935480912057575,7
f0.80_token_balanced_pairs,present,.,1000.0,1.9890880659167585,5
f0.80_token_balanced_pairs,present,.,1000.0,1.9924799801087087,4
f0.80_token_balanced_pairs,present,.,1000.0,1.9195150062422037,5
f0.80_token_balanced_pairs,present,.,612.0,1.9329543918847052,6
f0.80_token_balanced_pairs,present,.,852.0,1.85989840347919,5
f0.80_token_balanced_pairs,present,.,1000.0,1.9897333938746313,5
f0.80_token_balanced_pairs,present,.,657.0,1.9603218045200785,5
f0.80_token_balanced_pairs,present,.,1000.0,1.97297019506739,5
f0.80_token_balanced_pairs,present,.,1000.0,1.9857493101395334,5
f0.80_token_balanced_pairs,present,.,1000.0,1.9982121742864256,5
f0.80_token_balanced_pairs,present,.,1000.0,1.9677788793093587,5
f0.80_token_balanced_pairs,present,.,1000.0,1.9786108745185247,5
f0.80_token_balanced_pairs,present,.,664.0,1.9583379568733075,5
f0.80_token_balanced_pairs,present,.,695.0,1.9692798162937382,4
f0.80_token_balanced_pairs,present,.,1000.0,1.9963173722964382,4
f0.80_token_balanced_pairs,present,.,848.0,1.9829674763881429,5
f0.80_token_balanced_pairs,present,.,1000.0,1.9705324528971953,4
f0.80_token_balanced_pairs,present,.,1000.0,1.916005326216251,5
f0.80_token_balanced_pairs,present,.,1000.0,1.9098905852546757,5
f0.80_token_balanced_pairs,present,.,1000.0,1.9253699070555184,5
f0.80_token_balanced_pairs,present,.,1000.0,1.927877529953397,5
f0.80_token_balanced_pairs,present,.,1000.0,1.9926307627478645,4
f0.80_token_balanced_pairs,present,.,1000.0,1.9918259578023507,3
f0.80_token_balanced_pairs,present,.,1000.0,1.9763711883932071,7
f0.80_token_balanced_pairs,present,.,1000.0,1.9956365763624015,5
f0.80_token_balanced_pairs,present,.,1000.0,1.8028440572602813,5
f0.80_token_balanced_pairs,present,.,1000.0,1.9804397125431186,5
f0.80_token_balanced_pairs,present,.,1000.0,1.9481771378258896,5
f0.80_token_balanced_pairs,present,.,1000.0,1.981094338714127,5
f0.80_token_balanced_pairs,present,.,667.0,1.96634345147806,11
f0.80_token_balanced_pairs,present,.,1000.0,1.9976403659676805,4
f0.80_token_balanced_pairs,present,.,1000.0,1.8857015967852608,15
f0.80_token_balanced_pairs,present,.,1000.0,1.9909198909387547,5
f0.80_token_balanced_pairs,present,.,590.0,1.9628160162546717,5
f0.80_token_balanced_pairs,present,.,1000.0,1.9942237618576484,6
f0.80_token_balanced_pairs,present,.,549.0,1.986851236582353,5
f0.80_token_balanced_pairs,present,.,681.0,1.9959729298766762,5
f0.80_token_balanced_pairs,present,.,1000.0,1.9952790146906563,10
f0.80_token_balanced_pairs,present,.,1000.0,1.9328066843431386,5
f0.80_token_balanced_pairs,present,.,1000.0,1.9463819875469994,5
f0.80_token_balanced_pairs,present,.,1000.0,1.9764511235283675,5
f0.80_token_balanced_pairs,present,.,1000.0,1.9972242305685546,5
f0.80_token_balanced_pairs,present,.,588.0,1.9894785113004376,5
f0.80_token_balanced_pairs,present,.,1000.0,1.955282270293434,6
f0.80_token_balanced_pairs,present,.,1000.0,1.9930451274150578,4
f0.80_token_balanced_pairs,present,.,1000.0,1.950290492290925,5
f0.80_token_balanced_pairs,present,.,1000.0,1.943009186186982,5
f0.80_token_balanced_pairs,present,.,1000.0,1.9584948668709083,5
f0.80_token_balanced_pairs,present,.,1000.0,1.9896571039275286,5
f0.80_token_balanced_pairs,present,.,1000.0,1.9943067837040758,5
f0.80_token_balanced_pairs,present,.,1000.0,1.9748567603501161,4
f0.80_token_balanced_pairs,present,.,1000.0,1.9395966808058684,5
f0.80_token_balanced_pairs,present,.,1000.0,1.9835194161611864,5
f0.80_token_balanced_pairs,present,.,1000.0,1.9924799801087087,5
f0.80_token_balanced_pairs,present,.,569.0,1.9926307627478643,4
f0.80_token_balanced_pairs,present,.,1000.0,1.9593320953163715,5
f0.80_token_balanced_pairs,present,.,1000.0,1.979288635257686,5
f0.80_token_balanced_pairs,present,.,850.0,1.7674872294114277,5
f0.80_token_balanced_pairs,present,.,1000.0,1.986385454035338,5
f0.80_token_balanced_pairs,present,.,1000.0,1.9826620282228127,5
f0.80_token_balanced_pairs,present,.,1000.0,1.9308580738098198,9
f0.80_token_balanced_pairs,present,.,560.0,1.9926307627478643,5
f0.80_token_balanced_pairs,present,.,584.0,1.9543974901444359,5
f0.80_token_balanced_pairs,present,.,1000.0,1.9929017310198487,4
f0.80_token_balanced_pairs,present,.,734.0,1.9832963233552614,8
f0.80_token_balanced_pairs,present,.,1000.0,1.9927754379767364,5
f0.80_token_balanced_pairs,present,.,1000.0,1.9863679246037038,5
f0.80_token_balanced_pairs,present,.,1000.0,1.9961756752605335,5
f0.80_token_balanced_pairs,present,.,846.0,1.989078088632602,5
f0.80_token_balanced_pairs,present,.,1000.0,1.9640532745734391,7
f0.80_token_balanced_pairs,present,.,1000.0,1.9939631860336795,5
f0.80_token_balanced_pairs,present,.,1000.0,1.9854827428603228,4
f0.80_token_balanced_pairs,present,.,1000.0,1.9919898520034933,5
f0.80_token_balanced_pairs,present,.,1000.0,1.9460172388184247,4
f0.80_token_balanced_pairs,present,.,1000.0,1.9630614528653934,4
f0.80_token_balanced_pairs,present,.,1000.0,1.9740711176770172,5
f0.80_token_balanced_pairs,present,.,871.0,1.9831547877588984,5
f0.80_token_balanced_pairs,present,.,1000.0,1.9840305271865315,5
f0.80_token_balanced_pairs,present,.,1000.0,1.9588315742612723,6
f0.80_token_balanced_pairs,present,.,1000.0,1.9716222073071514,5
f0.80_token_balanced_pairs,present,.,1000.0,1.9987569342094638,5
f0.80_token_balanced_pairs,present,.,621.0,1.9411869533813018,3
f0.80_token_balanced_pairs,present,.,1000.0,1.9722655102533175,5
f0.80_token_balanced_pairs,present,.,1000.0,1.995043641202193,4
f0.80_token_balanced_pairs,present,.,1000.0,1.9820125831408766,13
f0.80_token_balanced_pairs,present,.,591.0,1.98007550681792,5
f0.80_token_balanced_pairs,present,.,1000.0,1.9972242305685544,6
f0.80_token_balanced_pairs,present,.,995.0,1.9463540311179912,5
f0.80_token_balanced_pairs,present,.,789.0,1.9498819616171574,6
f0.80_token_balanced_pairs,present,.,1000.0,1.9774183731148525,5
f0.80_token_balanced_pairs,present,.,1000.0,1.9793950028859721,6
f0.80_token_balanced_pairs,present,.,641.0,1.984355760443675,5
f0.80_token_balanced_pairs,present,.,829.0,1.9379516972393807,5
f0.80_token_balanced_pairs,present,.,1000.0,1.9539936942865728,4
f0.80_token_balanced_pairs,present,.,1000.0,1.9530382536002444,5
f0.80_token_balanced_pairs,present,.,1000.0,1.9716222073071514,5
f0.80_token_balanced_pairs,present,.,1000.0,1.9070754724550665,4
f0.80_token_balanced_pairs,present,.,1000.0,1.971914318301812,4
f0.80_token_balanced_pairs,present,.,566.0,1.97946456227423,4
f0.80_token_balanced_pairs,present,.,1000.0,1.9961756752605335,5
f0.80_token_balanced_pairs,present,.,1000.0,1.947464869728405,4
f0.80_token_balanced_pairs,present,.,1000.0,1.9767440356550359,4
f0.80_token_balanced_pairs,present,.,1000.0,1.9575558008554164,4
f0.80_token_balanced_pairs,present,.,1000.0,1.9890780886326023,5
f0.80_token_balanced_pairs,present,.,1000.0,1.9791844161753307,5
f0.80_token_balanced_pairs,present,.,1000.0,1.9780560999608632,16
f0.80_token_balanced_pairs,present,.,1000.0,1.9862456696194317,4
f0.80_token_balanced_pairs,present,.,1000.0,1.9869073934105232,4
f0.80_token_balanced_pairs,present,.,1000.0,1.9767419585102257,5
f0.80_token_balanced_pairs,present,.,1000.0,1.9574209987185223,3
f0.80_token_balanced_pairs,present,.,1000.0,1.9952790146906563,4
f0.80_token_balanced_pairs,present,.,987.0,1.9770528002000467,5
f0.80_token_balanced_pairs,present,.,1000.0,1.9095609703849408,5
f0.80_token_balanced_pairs,present,.,1000.0,1.968201037657023,5
f0.80_token_balanced_pairs,present,.,1000.0,1.9927766593089613,5
f0.80_token_balanced_pairs,present,.,1000.0,1.9752275670008745,5
f0.80_token_balanced_pairs,present,.,1000.0,1.9847916880582612,5
f0.80_token_balanced_pairs,present,.,1000.0,1.988638366603445,5
f0.80_token_balanced_pairs,present,.,1000.0,1.9517647143475263,5
f0.80_token_balanced_pairs,present,.,540.0,1.9288875404723382,4
f0.80_token_balanced_pairs,present,.,1000.0,1.9856025358191944,4
f0.80_token_balanced_pairs,present,.,836.0,1.9770913734196105,7
f0.80_token_balanced_pairs,present,.,1000.0,1.9884074579763937,4
f0.80_token_balanced_pairs,present,.,1000.0,1.9987569342094638,5
f0.80_token_balanced_pairs,present,.,804.0,1.959749808083277,5
f0.80_token_balanced_pairs,present,.,1000.0,1.9674030668411182,5
f0.80_token_balanced_pairs,present,.,912.0,1.9839471129455588,4
f0.80_token_balanced_pairs,present,.,802.0,1.832339018271415,6
f0.80_token_balanced_pairs,present,.,1000.0,1.9380268823250133,4
f0.80_token_balanced_pairs,present,.,1000.0,1.9184049046861438,5
f0.80_token_balanced_pairs,present,.,1000.0,1.9291910298445671,5
f0.80_token_balanced_pairs,present,.,1000.0,1.9435657894323415,4
f0.80_token_balanced_pairs,present,.,1000.0,1.9408126719279477,5
f0.80_token_balanced_pairs,present,.,1000.0,1.9920536497693333,4
f0.80_token_balanced_pairs,present,.,723.0,1.9868448293020784,5
f0.80_token_balanced_pairs,present,.,1000.0,1.8755329826885383,5
f0.80_token_balanced_pairs,present,.,1000.0,1.9523018172899298,12
f0.80_token_balanced_pairs,present,.,1000.0,1.9766261629557103,4
f0.80_token_balanced_pairs,present,.,575.0,1.9713958019200737,5
f0.80_token_balanced_pairs,present,.,1000.0,1.994076417145574,6
f0.80_token_balanced_pairs,present,.,1000.0,1.986385454035338,4
f0.80_token_balanced_pairs,present,.,555.0,1.9093077401848744,5
f0.80_token_balanced_pairs,present,.,1000.0,1.8074460813520206,4
f0.80_token_balanced_pairs,present,.,1000.0,1.98204936047099,7
f0.80_token_balanced_pairs,present,.,1000.0,1.966220175922217,5
f0.80_token_balanced_pairs,present,.,1000.0,1.9739525624290244,5
f0.80_token_balanced_pairs,present,.,1000.0,1.9682208964412873,5
f0.80_token_balanced_pairs,present,.,1000.0,1.9607932496399367,6
f0.80_token_balanced_pairs,present,.,1000.0,1.8970362542618078,4
f0.80_token_balanced_pairs,present,.,1000.0,1.971279861734656,5
f0.80_token_balanced_pairs,present,.,920.0,1.979899066865292,5
f0.80_token_balanced_pairs,present,.,953.0,1.9015493922676994,5
f0.80_token_balanced_pairs,present,.,989.0,1.8349711135548938,5
f0.80_token_balanced_pairs,present,.,950.0,1.9337895419836844,4
f0.80_token_balanced_pairs,present,.,1000.0,1.9881540971346632,5
f0.80_token_balanced_pairs,present,.,1000.0,1.9841668372918666,5
f0.80_token_balanced_pairs,present,.,1000.0,1.9912602239502393,7
f0.80_token_balanced_pairs,present,.,1000.0,1.9686511083761231,4
f0.80_token_balanced_pairs,present,.,1000.0,1.9991460579258877,3
f0.80_token_balanced_pairs,present,.,1000.0,1.9954536336823048,4
f0.80_token_balanced_pairs,present,.,843.0,1.986043015198113,5
f0.80_token_balanced_pairs,present,.,1000.0,1.946540588691976,5
f0.80_token_balanced_pairs,present,.,1000.0,1.863569413202502,5
f0.80_token_balanced_pairs,present,.,1000.0,1.9439514205208779,8
f0.80_token_balanced_pairs,absent,.,1000.0,1.9161360352807777,6
f0.80_token_balanced_pairs,absent,.,1000.0,1.90390708094609,6
f0.80_token_balanced_pairs,absent,.,1000.0,1.9855329292051997,5
f0.80_token_balanced_pairs,absent,.,1000.0,1.9819233874002833,4
f0.80_token_balanced_pairs,absent,.,1000.0,1.9954536336823048,9
f0.80_token_balanced_pairs,absent,.,699.0,1.977382838725943,4
f0.80_token_balanced_pairs,absent,.,571.0,1.9417652929233176,4
f0.80_token_balanced_pairs,absent,.,1000.0,1.9946184912757086,4
f0.80_token_balanced_pairs,absent,.,1000.0,1.9315900813700704,5
f0.80_token_balanced_pairs,absent,.,1000.0,1.9871490614686436,4
f0.80_token_balanced_pairs,absent,.,1000.0,1.9367745933795093,6
f0.80_token_balanced_pairs,absent,.,1000.0,1.9862360831636696,5
f0.80_token_balanced_pairs,absent,.,1000.0,1.9281977640414532,4
f0.80_token_balanced_pairs,absent,.,866.0,1.983705304542845,5
f0.80_token_balanced_pairs,absent,.,856.0,1.9421440509612087,5
f0.80_token_balanced_pairs,absent,.,1000.0,1.9107483890728922,4
f0.80_token_balanced_pairs,absent,.,1000.0,1.9843302866319266,4
f0.80_token_balanced_pairs,absent,.,1000.0,1.8815483941889295,6
f0.80_token_balanced_pairs,absent,.,1000.0,1.9511710899382866,4
f0.80_token_balanced_pairs,absent,.,1000.0,1.9727045175914033,5
f0.80_token_balanced_pairs,absent,.,740.0,1.9447471005181693,5
f0.80_token_balanced_pairs,absent,.,695.0,1.959788434769992,4
f0.80_token_balanced_pairs,absent,.,1000.0,1.9846844238437455,6
f0.80_token_balanced_pairs,absent,.,1000.0,1.922761173087021,5
f0.80_token_balanced_pairs,absent,.,993.0,1.9759668149869372,5
f0.80_token_balanced_pairs,absent,.,1000.0,1.9188697815627556,6
f0.80_token_balanced_pairs,absent,.,1000.0,1.8962361005796526,5
f0.80_token_balanced_pairs,absent,.,1000.0,1.9755307138217524,19
f0.80_token_balanced_pairs,absent,.,1000.0,1.9653556689964264,4
f0.80_token_balanced_pairs,absent,.,1000.0,1.9714697954639937,4
f0.80_token_balanced_pairs,absent,.,1000.0,1.987643166424625,5
f0.80_token_balanced_pairs,absent,.,1000.0,1.9979320479349576,4
f0.80_token_balanced_pairs,absent,.,1000.0,1.986271122614896,6
f0.80_token_balanced_pairs,absent,.,1000.0,1.9616736673320359,5
f0.80_token_balanced_pairs,absent,.,1000.0,1.9767778635258235,7
f0.80_token_balanced_pairs,absent,.,641.0,1.965781358402404,5
f0.80_token_balanced_pairs,absent,.,949.0,1.9646550965693232,6
f0.80_token_balanced_pairs,absent,.,1000.0,1.964048030357199,4
f0.80_token_balanced_pairs,absent,.,1000.0,1.9331462960893908,5
f0.80_token_balanced_pairs,absent,.,1000.0,1.989088367884995,4
f0.80_token_balanced_pairs,absent,.,1000.0,1.9944002678615256,5
f0.80_token_balanced_pairs,absent,.,1000.0,1.9936342550040806,4
f0.80_token_balanced_pairs,absent,.,1000.0,1.9770913734196105,5
f0.80_token_balanced_pairs,absent,.,807.0,1.9286700206434122,4
f0.80_token_balanced_pairs,absent,.,1000.0,1.9593320953163715,7
f0.80_token_balanced_pairs,absent,.,1000.0,1.9591763124554191,9
f0.80_token_balanced_pairs,absent,.,559.0,1.8427011333211298,4
f0.80_token_balanced_pairs,absent,.,546.0,1.9145695550124053,5
f0.80_token_balanced_pairs,absent,.,1000.0,1.9790123611206312,5
f0.80_token_balanced_pairs,absent,.,1000.0,1.9512568669046868,6
f0.80_token_balanced_pairs,absent,.,1000.0,1.9691844013265611,5
f0.80_token_balanced_pairs,absent,.,557.0,1.9726656289429223,7
f0.80_token_balanced_pairs,absent,.,691.0,1.9905925355210257,3
f0.80_token_balanced_pairs,absent,.,1000.0,1.9718467597867226,4
f0.80_token_balanced_pairs,absent,.,723.0,1.7675013477222985,6
f0.80_token_balanced_pairs,absent,.,765.0,1.9479438669663738,4
f0.80_token_balanced_pairs,absent,.,1000.0,1.9403532846034086,4
f0.80_token_balanced_pairs,absent,.,1000.0,1.9029937482240635,7
f0.80_token_balanced_pairs,absent,.,606.0,1.947516101129036,5
f0.80_token_balanced_pairs,absent,.,785.0,1.9786563169760871,5
f0.80_token_balanced_pairs,absent,.,1000.0,1.9628369980347684,3
f0.80_token_balanced_pairs,absent,.,1000.0,1.9887071547971673,4
f0.80_token_balanced_pairs,absent,.,750.0,1.9869997930839574,5
f0.80_token_balanced_pairs,absent,.,1000.0,1.9407930756563372,6
f0.80_token_balanced_pairs,absent,.,783.0,1.994249787687309,4
f0.80_token_balanced_pairs,absent,.,643.0,1.9782084039413466,5
f0.80_token_balanced_pairs,absent,.,1000.0,1.958886250519162,3
f0.80_token_balanced_pairs,absent,.,1000.0,1.9847637580431,5
f0.80_token_balanced_pairs,absent,.,1000.0,1.956151922167403,4
f0.80_token_balanced_pairs,absent,.,1000.0,1.9536181077561106,5
f0.80_token_balanced_pairs,absent,.,907.0,1.6622471553309746,6
f0.80_token_balanced_pairs,absent,.,977.0,1.984343679369958,5
f0.80_token_balanced_pairs,absent,.,1000.0,1.983705304542845,6
f0.80_token_balanced_pairs,absent,.,1000.0,1.953971121541661,5
f0.80_token_balanced_pairs,absent,.,1000.0,1.9649418650150876,5
f0.80_token_balanced_pairs,absent,.,1000.0,1.9269994971180586,21
f0.80_token_balanced_pairs,absent,.,1000.0,1.992929189969085,4
f0.80_token_balanced_pairs,absent,.,1000.0,1.9678851051747313,4
f0.80_token_balanced_pairs,absent,.,747.0,1.914816770979884,4
f0.80_token_balanced_pairs,absent,.,1000.0,1.8604165904950076,5
f0.80_token_balanced_pairs,absent,.,1000.0,1.9884104002033887,6
f0.80_token_balanced_pairs,absent,.,1000.0,1.9967820684270607,4
f0.80_token_balanced_pairs,absent,.,1000.0,1.8805637089930065,4
f0.80_token_balanced_pairs,absent,.,1000.0,1.955944455571847,5
f0.80_token_balanced_pairs,absent,.,1000.0,1.9615882191321912,4
f0.80_token_balanced_pairs,absent,.,1000.0,1.8117406673237273,4
f0.80_token_balanced_pairs,absent,.,1000.0,1.9929017310198487,5
f0.80_token_balanced_pairs,absent,.,984.0,1.9772313566061537,6
f0.80_token_balanced_pairs,absent,.,868.0,1.9311915250671996,5
f0.80_token_balanced_pairs,absent,.,1000.0,1.9948577195484627,12
f0.80_token_balanced_pairs,absent,.,1000.0,1.9987460394859522,4
f0.80_token_balanced_pairs,absent,.,820.0,1.996831227417296,5
f0.80_token_balanced_pairs,absent,.,1000.0,1.9724937144713937,5
f0.80_token_balanced_pairs,absent,.,601.0,1.9764511235283675,4
f0.80_token_balanced_pairs,absent,.,1000.0,1.9528027082382762,5
f0.80_token_balanced_pairs,absent,.,1000.0,1.9317829403253266,3
f0.80_token_balanced_pairs,absent,.,1000.0,1.8294123901773502,5
f0.80_token_balanced_pairs,absent,.,1000.0,1.9123506562892518,5
f0.80_token_balanced_pairs,absent,.,1000.0,1.967497379462706,6
f0.80_token_balanced_pairs,absent,.,1000.0,1.9024819337561154,3
f0.80_token_balanced_pairs,absent,.,1000.0,1.9976403659676805,4
f0.80_token_balanced_pairs,absent,.,1000.0,1.9896571039275288,6
f0.80_token_balanced_pairs,absent,.,1000.0,1.9761170559723453,4
f0.80_token_balanced_pairs,absent,.,557.0,1.9689016806879573,4
f0.80_token_balanced_pairs,absent,.,1000.0,1.9628160162546715,7
f0.80_token_balanced_pairs,absent,.,933.0,1.9932885305861898,4
f0.80_token_balanced_pairs,absent,.,1000.0,1.997904779587858,4
f0.80_token_balanced_pairs,absent,.,604.0,1.9537079707046008,4
f0.80_token_balanced_pairs,absent,.,1000.0,1.9495777294505923,5
f0.80_token_balanced_pairs,absent,.,581.0,1.8861059077123516,4
f0.80_token_balanced_pairs,absent,.,550.0,1.989078088632602,4
f0.80_token_balanced_pairs,absent,.,1000.0,1.9549831570779497,5
f0.80_token_balanced_pairs,absent,.,1000.0,1.9221996067177622,5
f0.80_token_balanced_pairs,absent,.,1000.0,1.9857493101395336,4
f0.80_token_balanced_pairs,absent,.,1000.0,1.9328251772601885,4
f0.80_token_balanced_pairs,absent,.,1000.0,1.9952790146906563,5
f0.80_token_balanced_pairs,absent,.,546.0,1.9981794648658127,4
f0.80_token_balanced_pairs,absent,.,735.0,1.8311438259596429,5
f0.80_token_balanced_pairs,absent,.,1000.0,1.9880850114740518,9
f0.80_token_balanced_pairs,absent,.,1000.0,1.9347566117419603,5
f0.80_token_balanced_pairs,absent,.,1000.0,1.9784854218558248,7
f0.80_token_balanced_pairs,absent,.,1000.0,1.9259594139090863,5
f0.80_token_balanced_pairs,absent,.,1000.0,1.9717695205000023,4
f0.80_token_balanced_pairs,absent,.,1000.0,1.9620697127930826,6
f0.80_token_balanced_pairs,absent,.,677.0,1.9287223657129644,5
f0.80_token_balanced_pairs,absent,.,1000.0,1.934967807151846,5
f0.80_token_balanced_pairs,absent,.,597.0,1.9695395103927815,4
f0.80_token_balanced_pairs,absent,.,1000.0,1.9553779775502576,3
f0.80_token_balanced_pairs,absent,.,1000.0,1.9442382336526667,5
f0.80_token_balanced_pairs,absent,.,1000.0,1.9887089087640857,4
f0.80_token_balanced_pairs,absent,.,572.0,1.9404934433407857,5
f0.80_token_balanced_pairs,absent,.,1000.0,1.9517489144494098,5
f0.80_token_balanced_pairs,absent,.,1000.0,1.9574667270987378,15
f0.80_token_balanced_pairs,absent,.,584.0,1.9724118741865706,3
f0.80_token_balanced_pairs,absent,.,801.0,1.9983565115416282,6
f0.80_token_balanced_pairs,absent,.,1000.0,1.964472267649213,5
f0.80_token_balanced_pairs,absent,.,1000.0,1.9823032185977245,3
f0.80_token_balanced_pairs,absent,.,1000.0,1.9838488479617087,3
f0.80_token_balanced_pairs,absent,.,1000.0,1.990769410764538,5
f0.80_token_balanced_pairs,absent,.,1000.0,1.9908424902129482,5
f0.80_token_balanced_pairs,absent,.,1000.0,1.9229459875709711,5
f0.80_token_balanced_pairs,absent,.,1000.0,1.9774178175281716,6
f0.80_token_balanced_pairs,absent,.,1000.0,1.9516517141333796,5
f0.80_token_balanced_pairs,absent,.,580.0,1.9266397329969358,5
f0.80_token_balanced_pairs,absent,.,1000.0,1.9701325047964011,5
f0.80_token_balanced_pairs,absent,.,594.0,1.9772313566061537,5
f0.80_token_balanced_pairs,absent,.,1000.0,1.9948157014151513,5
f0.80_token_balanced_pairs,absent,.,640.0,1.9036837394309774,5
f0.80_token_balanced_pairs,absent,.,1000.0,1.982166640352108,5
f0.80_token_balanced_pairs,absent,.,1000.0,1.7365379059507586,5
f0.80_token_balanced_pairs,absent,.,1000.0,1.9806105282468969,4
f0.80_token_balanced_pairs,absent,.,1000.0,1.9733484069056149,5
f0.80_token_balanced_pairs,absent,.,1000.0,1.9982121742864256,4
f0.80_token_balanced_pairs,absent,.,709.0,1.9826855043667941,6
f0.80_token_balanced_pairs,absent,.,1000.0,1.984254409874245,5
f0.80_token_balanced_pairs,absent,.,870.0,1.9925502302485953,5
f0.80_token_balanced_pairs,absent,.,709.0,1.9820287996583497,4
f0.80_token_balanced_pairs,absent,.,1000.0,1.978594720071666,5
f0.80_token_balanced_pairs,absent,.,930.0,1.994051901129882,6
f0.80_token_balanced_pairs,absent,.,1000.0,1.9672412067266678,5
f0.80_token_balanced_pairs,absent,.,866.0,1.9939320798903715,4
f0.80_token_balanced_pairs,absent,.,1000.0,1.9752275670008743,9
f0.80_token_balanced_pairs,absent,.,858.0,1.9771963544083784,5
f0.80_token_balanced_pairs,absent,.,1000.0,1.9898398051284485,4
f0.80_token_balanced_pairs,absent,.,1000.0,1.9857493101395334,5
f0.80_token_balanced_pairs,absent,.,1000.0,1.9605886451909753,6
f0.80_token_balanced_pairs,absent,.,1000.0,1.9628050167020605,18
f0.80_token_balanced_pairs,absent,.,722.0,1.9918636810039874,5
f0.80_token_balanced_pairs,absent,.,1000.0,1.987862288267563,5
f0.80_token_balanced_pairs,absent,.,1000.0,1.9734950041675559,5
f0.80_token_balanced_pairs,absent,.,1000.0,1.9872927315785849,4
f0.80_token_balanced_pairs,absent,.,1000.0,1.938905179908771,4
f0.80_token_balanced_pairs,absent,.,1000.0,1.9839471129455588,4
f0.80_token_balanced_pairs,absent,.,1000.0,1.9291881457557354,5
f0.80_token_balanced_pairs,absent,.,1000.0,1.9778031649248986,4
f0.80_token_balanced_pairs,absent,.,602.0,1.9858960390161737,5
f0.80_token_balanced_pairs,absent,.,1000.0,1.993747668963317,5
f0.80_token_balanced_pairs,absent,.,1000.0,1.9793950028859721,5
f0.80_token_balanced_pairs,absent,.,967.0,1.9937982108086694,4
f0.80_token_balanced_pairs,absent,.,1000.0,1.9324042621230708,6
f0.80_token_balanced_pairs,absent,.,1000.0,1.9424262335542783,6
f0.80_token_balanced_pairs,absent,.,1000.0,1.9976403659676805,4
f0.80_token_balanced_pairs,absent,.,623.0,1.9894554142771703,4
f0.80_token_balanced_pairs,absent,.,1000.0,1.9928968907490667,5
f0.80_token_balanced_pairs,absent,.,1000.0,1.937422505307933,5
f0.80_token_balanced_pairs,absent,.,665.0,1.9493510065471957,4
f0.80_token_balanced_pairs,absent,.,839.0,1.8763793008123515,5
f0.80_token_balanced_pairs,absent,.,1000.0,1.9192074049028913,5
f0.80_token_balanced_pairs,absent,.,1000.0,1.8795595379942505,3
f0.80_token_balanced_pairs,absent,.,581.0,1.9475673968492107,6
f0.80_token_balanced_pairs,absent,.,1000.0,1.9724937144713937,6
f0.80_token_balanced_pairs,absent,.,858.0,1.9523018172899296,5
f0.80_token_balanced_pairs,absent,.,732.0,1.9299529904382071,5
f0.80_token_balanced_pairs,absent,.,721.0,1.9520233178154545,4
f0.80_token_balanced_pairs,absent,.,684.0,1.9758079897281302,4
f0.80_token_balanced_pairs,absent,.,1000.0,1.9714610404557469,4
f0.80_token_balanced_pairs,absent,.,923.0,1.962578699091565,5
f0.80_token_balanced_pairs,absent,.,541.0,1.9790123611206312,4
f0.80_token_balanced_pairs,absent,.,1000.0,1.9815809257691832,4
f0.80_token_balanced_pairs,absent,.,1000.0,1.9878980489988183,4
f0.80_token_balanced_pairs,absent,.,1000.0,1.9874749686098916,5
f0.80_token_balanced_pairs,absent,.,1000.0,1.9782471605598217,3
f0.80_token_balanced_pairs,absent,.,1000.0,1.971336921212962,4
f0.80_token_balanced_pairs,absent,.,1000.0,1.9876431664246248,4
f0.80_token_balanced_pairs,absent,.,1000.0,1.9047410359795443,4
f0.80_token_balanced_pairs,absent,.,665.0,1.9695216246964522,4
f0.80_token_balanced_pairs,absent,.,1000.0,1.9890180760492855,4
f0.80_token_balanced_pairs,absent,.,827.0,1.9776224890850855,4
f0.80_token_balanced_pairs,absent,.,685.0,1.976666946537367,5
f0.80_token_balanced_pairs,absent,.,922.0,1.9699334041563779,4
f0.80_token_balanced_pairs,absent,.,1000.0,1.9605778989183917,4
f0.80_token_balanced_pairs,absent,.,1000.0,1.9647316731805131,5
f0.80_token_balanced_pairs,absent,.,551.0,1.9823315152099292,4
f0.80_token_balanced_pairs,absent,.,970.0,1.9844151517710262,5
f0.80_token_balanced_pairs,absent,.,1000.0,1.963615306199356,4
f0.80_token_balanced_pairs,absent,.,986.0,1.9779362292294267,5
f0.80_token_balanced_pairs,absent,.,554.0,1.9583113026221963,4
f0.80_token_balanced_pairs,absent,.,849.0,1.9532969643663947,4
f0.80_token_balanced_pairs,absent,.,609.0,1.9683090270733041,6
f0.80_token_balanced_pairs,absent,.,1000.0,1.778193836066697,4
f0.80_token_balanced_pairs,absent,.,984.0,1.9360970392836996,5
f0.80_token_balanced_pairs,absent,.,753.0,1.931051067448891,5
f0.80_token_balanced_pairs,absent,.,1000.0,1.8689709318919852,4
f0.80_token_balanced_pairs,absent,.,600.0,1.9503235468926399,5
f0.80_token_balanced_pairs,absent,.,1000.0,1.96803885716708,5
f0.80_token_balanced_pairs,absent,.,797.0,1.981839948878733,4
f0.80_token_balanced_pairs,absent,.,1000.0,1.983470578700294,5
f0.80_token_balanced_pairs,absent,.,1000.0,1.9866678098241404,5
f0.80_token_balanced_pairs,absent,.,1000.0,1.9623476199541732,4
f0.80_token_balanced_pairs,absent,.,915.0,1.9558226718854501,5
f0.80_token_balanced_pairs,absent,.,713.0,1.9601607344039802,5
f0.80_token_balanced_pairs,absent,.,1000.0,1.9917554685179226,7
f0.80_token_balanced_pairs,absent,.,873.0,1.9336715373617848,7
f0.80_token_balanced_pairs,absent,.,1000.0,1.933459754601479,5
f0.80_token_balanced_pairs,absent,.,756.0,1.8198076826834417,5
f0.80_token_balanced_pairs,absent,.,1000.0,1.9860557591332049,5
f0.80_token_balanced_pairs,absent,.,1000.0,1.9908424902129482,5
f0.80_token_balanced_pairs,absent,.,970.0,1.9815937093690184,7
f0.80_token_balanced_pairs,absent,.,1000.0,1.959038023243183,5
f0.80_token_balanced_pairs,absent,.,971.0,1.908324075513902,5
f0.80_token_balanced_pairs,absent,.,794.0,1.9237594696565936,5
f0.80_token_balanced_pairs,absent,.,1000.0,1.9677510206524533,9
f0.80_token_balanced_pairs,absent,.,594.0,1.9467058895023457,4
f0.80_token_balanced_pairs,absent,.,1000.0,1.9087955315971117,5
f0.80_token_balanced_pairs,absent,.,1000.0,1.8085340742413045,4
f0.80_token_balanced_pairs,absent,.,1000.0,1.8803964356290366,5
f0.80_token_balanced_pairs,absent,.,618.0,1.9933938053991016,4
f0.80_token_balanced_pairs,absent,.,746.0,1.9899978074948086,4
f0.80_token_balanced_pairs,absent,.,1000.0,1.9788591935316444,7
f0.80_token_balanced_pairs,absent,.,768.0,1.9795596972772143,4
f0.80_token_balanced_pairs,absent,.,1000.0,1.9757744086907836,4
f0.80_token_balanced_pairs,absent,.,804.0,1.9957514585685958,4
f0.80_token_balanced_pairs,absent,.,1000.0,1.97441102052281,6
f0.80_token_balanced_pairs,absent,.,590.0,1.9330011289130413,4
f0.80_token_balanced_pairs,absent,.,1000.0,1.9015811722914555,5
f0.80_token_balanced_pairs,absent,.,1000.0,1.9965303153825347,4
f0.90_nucleotide_matched_pairs,present,.,1000.0,1.959650002743166,4
f0.90_nucleotide_matched_pairs,present,.,1000.0,1.9807403267633865,4
f0.90_nucleotide_matched_pairs,present,.,1000.0,1.9104745411231463,5
f0.90_nucleotide_matched_pairs,present,.,1000.0,1.9476892710409075,4
f0.90_nucleotide_matched_pairs,present,.,950.0,1.9362816483853715,6
f0.90_nucleotide_matched_pairs,present,.,656.0,1.9416515779160697,6
f0.90_nucleotide_matched_pairs,present,.,1000.0,1.9610424593395606,4
f0.90_nucleotide_matched_pairs,present,.,634.0,1.9674096046693368,6
f0.90_nucleotide_matched_pairs,present,.,1000.0,1.9932885305861898,5
f0.90_nucleotide_matched_pairs,present,.,1000.0,1.9948274378120168,4
f0.90_nucleotide_matched_pairs,present,.,1000.0,1.9742567945955893,4
f0.90_nucleotide_matched_pairs,present,.,1000.0,1.966840671021116,5
f0.90_nucleotide_matched_pairs,present,.,1000.0,1.9865771565804824,4
f0.90_nucleotide_matched_pairs,present,.,1000.0,1.968782365855525,4
f0.90_nucleotide_matched_pairs,present,.,1000.0,1.9916606466180744,5
f0.90_nucleotide_matched_pairs,present,.,1000.0,1.9339318628022868,5
f0.90_nucleotide_matched_pairs,present,.,1000.0,1.9624961207168627,4
f0.90_nucleotide_matched_pairs,present,.,1000.0,1.9924799801087085,5
f0.90_nucleotide_matched_pairs,present,.,1000.0,1.913459453273082,4
f0.90_nucleotide_matched_pairs,present,.,1000.0,1.9634017774025028,4
f0.90_nucleotide_matched_pairs,present,.,1000.0,1.959559629502749,4
f0.90_nucleotide_matched_pairs,present,.,1000.0,1.9779433113802716,10
f0.90_nucleotide_matched_pairs,present,.,1000.0,1.9771765647121389,5
f0.90_nucleotide_matched_pairs,present,.,1000.0,1.9477384125979271,4
f0.90_nucleotide_matched_pairs,present,.,1000.0,1.9538628014233907,5
f0.90_nucleotide_matched_pairs,present,.,1000.0,1.9321848823799948,6
f0.90_nucleotide_matched_pairs,present,.,1000.0,1.9305682974179472,5
f0.90_nucleotide_matched_pairs,present,.,1000.0,1.997904779587858,5
f0.90_nucleotide_matched_pairs,present,.,1000.0,1.986065672686966,4
f0.90_nucleotide_matched_pairs,present,.,688.0,1.6354899750445422,5
f0.90_nucleotide_matched_pairs,present,.,1000.0,1.9943512457386938,5
f0.90_nucleotide_matched_pairs,present,.,1000.0,1.9496577513149216,6
f0.90_nucleotide_matched_pairs,present,.,1000.0,1.948773734687295,6
f0.90_nucleotide_matched_pairs,present,.,1000.0,1.942619700057946,4
f0.90_nucleotide_matched_pairs,present,.,1000.0,1.770609529985622,5
f0.90_nucleotide_matched_pairs,present,.,1000.0,1.9587364105695049,4
f0.90_nucleotide_matched_pairs,present,.,856.0,1.9590439517907057,14
f0.90_nucleotide_matched_pairs,present,.,1000.0,1.9569269592252219,5
f0.90_nucleotide_matched_pairs,present,.,1000.0,1.998612596954261,5
f0.90_nucleotide_matched_pairs,present,.,1000.0,1.911541601125791,11
f0.90_nucleotide_matched_pairs,present,.,1000.0,1.9917370237277314,4
f0.90_nucleotide_matched_pairs,present,.,1000.0,1.9946742512939797,5
f0.90_nucleotide_matched_pairs,present,.,1000.0,1.9781303480871846,4
f0.90_nucleotide_matched_pairs,present,.,1000.0,1.9909628458433315,6
f0.90_nucleotide_matched_pairs,present,.,1000.0,1.9181324247369265,5
f0.90_nucleotide_matched_pairs,present,.,1000.0,1.9611071397147222,4
f0.90_nucleotide_matched_pairs,present,.,1000.0,1.9362849734263334,5
f0.90_nucleotide_matched_pairs,present,.,1000.0,1.9348931766097213,15
f0.90_nucleotide_matched_pairs,present,.,1000.0,1.9953097200384189,5
f0.90_nucleotide_matched_pairs,present,.,1000.0,1.8766341138399998,5
f0.90_nucleotide_matched_pairs,present,.,1000.0,1.9844847484484172,4
f0.90_nucleotide_matched_pairs,present,.,1000.0,1.9328952180719796,5
f0.90_nucleotide_matched_pairs,present,.,1000.0,1.9859316819869088,6
f0.90_nucleotide_matched_pairs,present,.,1000.0,1.7872678472535313,4
f0.90_nucleotide_matched_pairs,present,.,1000.0,1.9771765647121389,4
f0.90_nucleotide_matched_pairs,present,.,1000.0,1.9535199971185535,5
f0.90_nucleotide_matched_pairs,present,.,1000.0,1.9502364489711352,4
f0.90_nucleotide_matched_pairs,present,.,1000.0,1.980773120823728,5
f0.90_nucleotide_matched_pairs,present,.,780.0,1.9993065121402807,11
f0.90_nucleotide_matched_pairs,present,.,1000.0,1.9064742351658217,5
f0.90_nucleotide_matched_pairs,present,.,1000.0,1.9769616744723608,6
f0.90_nucleotide_matched_pairs,present,.,1000.0,1.9550287779198343,4
f0.90_nucleotide_matched_pairs,present,.,910.0,1.9833045811781282,4
f0.90_nucleotide_matched_pairs,present,.,1000.0,1.9812770604466596,4
f0.90_nucleotide_matched_pairs,present,.,1000.0,1.969794727960535,5
f0.90_nucleotide_matched_pairs,present,.,1000.0,1.9454191823737457,5
f0.90_nucleotide_matched_pairs,present,.,1000.0,1.9336124046031289,4
f0.90_nucleotide_matched_pairs,present,.,1000.0,1.9766847452803633,4
f0.90_nucleotide_matched_pairs,present,.,1000.0,1.9971113537687637,6
f0.90_nucleotide_matched_pairs,present,.,902.0,1.972469129931235,6
f0.90_nucleotide_matched_pairs,present,.,1000.0,1.9551246475233142,8
f0.90_nucleotide_matched_pairs,present,.,1000.0,1.9636284685158247,5
f0.90_nucleotide_matched_pairs,present,.,1000.0,1.968782365855525,5
f0.90_nucleotide_matched_pairs,present,.,1000.0,1.9859444011963927,4
f0.90_nucleotide_matched_pairs,present,.,1000.0,1.9610755746003723,4
f0.90_nucleotide_matched_pairs,present,.,1000.0,1.9946784471976349,5
f0.90_nucleotide_matched_pairs,present,.,1000.0,1.9718467597867226,5
f0.90_nucleotide_matched_pairs,present,.,1000.0,1.878355127016036,9
f0.90_nucleotide_matched_pairs,present,.,1000.0,1.9794654555264717,4
f0.90_nucleotide_matched_pairs,present,.,1000.0,1.9407930756563372,4
f0.90_nucleotide_matched_pairs,present,.,1000.0,1.870037970119171,5
f0.90_nucleotide_matched_pairs,present,.,1000.0,1.993123631268395,5
f0.90_nucleotide_matched_pairs,present,.,1000.0,1.9930767107514755,5
f0.90_nucleotide_matched_pairs,present,.,1000.0,1.9952414500411535,4
f0.90_nucleotide_matched_pairs,present,.,1000.0,1.9687960580454025,5
f0.90_nucleotide_matched_pairs,present,.,898.0,1.9843882890911815,5
f0.90_nucleotide_matched_pairs,present,.,1000.0,1.9788591935316444,6
f0.90_nucleotide_matched_pairs,present,.,552.0,1.9802176259204105,5
f0.90_nucleotide_matched_pairs,present,.,1000.0,1.8949266773064455,6
f0.90_nucleotide_matched_pairs,present,.,1000.0,1.697693354962451,5
f0.90_nucleotide_matched_pairs,present,.,622.0,1.9778031649248988,5
f0.90_nucleotide_matched_pairs,present,.,1000.0,1.989711545151453,4
f0.90_nucleotide_matched_pairs,present,.,1000.0,1.9289034391356923,5
f0.90_nucleotide_matched_pairs,present,.,1000.0,1.8676081949674461,5
f0.90_nucleotide_matched_pairs,present,.,1000.0,1.92137459944412,5
f0.90_nucleotide_matched_pairs,present,.,1000.0,1.8491643185027453,6
f0.90_nucleotide_matched_pairs,present,.,1000.0,1.9794581026653304,5
f0.90_nucleotide_matched_pairs,present,.,1000.0,1.9661491133566038,5
f0.90_nucleotide_matched_pairs,present,.,1000.0,1.9368659308735077,5
f0.90_nucleotide_matched_pairs,present,.,1000.0,1.9664644025358204,5
f0.90_nucleotide_matched_pairs,present,.,1000.0,1.8917112590700083,5
f0.90_nucleotide_matched_pairs,present,.,1000.0,1.9808515701913718,5
f0.90_nucleotide_matched_pairs,present,.,1000.0,1.9786563169760871,6
f0.90_nucleotide_matched_pairs,present,.,1000.0,1.9680280006547435,4
f0.90_nucleotide_matched_pairs,present,.,700.0,1.9065429791076434,6
f0.90_nucleotide_matched_pairs,present,.,1000.0,1.963752548973716,6
f0.90_nucleotide_matched_pairs,present,.,1000.0,1.9686759528286664,9
f0.90_nucleotide_matched_pairs,present,.,1000.0,1.8314645238840352,23
f0.90_nucleotide_matched_pairs,present,.,1000.0,1.7949713145736275,5
f0.90_nucleotide_matched_pairs,present,.,1000.0,1.9793818836271364,5
f0.90_nucleotide_matched_pairs,present,.,1000.0,1.9587795659815215,9
f0.90_nucleotide_matched_pairs,present,.,1000.0,1.9904089661892272,6
f0.90_nucleotide_matched_pairs,present,.,1000.0,1.9764631008510793,5
f0.90_nucleotide_matched_pairs,present,.,1000.0,1.9840234258351144,4
f0.90_nucleotide_matched_pairs,present,.,1000.0,1.937192421705157,5
f0.90_nucleotide_matched_pairs,present,.,1000.0,1.8948045187887166,5
f0.90_nucleotide_matched_pairs,present,.,1000.0,1.9815809257691832,4
f0.90_nucleotide_matched_pairs,present,.,743.0,1.989278963115913,5
f0.90_nucleotide_matched_pairs,present,.,1000.0,1.971363394257926,5
f0.90_nucleotide_matched_pairs,present,.,1000.0,1.9874127053033122,3
f0.90_nucleotide_matched_pairs,present,.,668.0,1.972067574986471,5
f0.90_nucleotide_matched_pairs,present,.,1000.0,1.9762265715176968,4
f0.90_nucleotide_matched_pairs,present,.,1000.0,1.9519278942700566,5
f0.90_nucleotide_matched_pairs,present,.,1000.0,1.9427722246245744,4
f0.90_nucleotide_matched_pairs,present,.,1000.0,1.9634800543500726,4
f0.90_nucleotide_matched_pairs,present,.,1000.0,1.8642127327973184,5
f0.90_nucleotide_matched_pairs,present,.,676.0,1.929356543442577,4
f0.90_nucleotide_matched_pairs,present,.,1000.0,1.992225097534515,5
f0.90_nucleotide_matched_pairs,present,.,1000.0,1.9679573862693722,4
f0.90_nucleotide_matched_pairs,present,.,1000.0,1.986113378964451,5
f0.90_nucleotide_matched_pairs,present,.,1000.0,1.8175703260439828,4
f0.90_nucleotide_matched_pairs,present,.,1000.0,1.9586202391073582,4
f0.90_nucleotide_matched_pairs,present,.,1000.0,1.9954878872254853,5
f0.90_nucleotide_matched_pairs,present,.,1000.0,1.9949963957787593,5
f0.90_nucleotide_matched_pairs,present,.,1000.0,1.9552795897337854,4
f0.90_nucleotide_matched_pairs,present,.,1000.0,1.979423421761271,5
f0.90_nucleotide_matched_pairs,present,.,1000.0,1.9861231972604174,5
f0.90_nucleotide_matched_pairs,present,.,1000.0,1.9348446783487985,3
f0.90_nucleotide_matched_pairs,present,.,1000.0,1.9824396755738474,5
f0.90_nucleotide_matched_pairs,present,.,1000.0,1.9460960277219566,5
f0.90_nucleotide_matched_pairs,present,.,1000.0,1.971722726973065,5
f0.90_nucleotide_matched_pairs,present,.,1000.0,1.9823315152099292,5
f0.90_nucleotide_matched_pairs,present,.,1000.0,1.9579048058757607,5
f0.90_nucleotide_matched_pairs,present,.,1000.0,1.9721432462646575,5
f0.90_nucleotide_matched_pairs,present,.,1000.0,1.9489689833121835,13
f0.90_nucleotide_matched_pairs,present,.,1000.0,1.9549811425331542,5
f0.90_nucleotide_matched_pairs,present,.,1000.0,1.9787984361911541,6
f0.90_nucleotide_matched_pairs,present,.,1000.0,1.9502981265528432,4
f0.90_nucleotide_matched_pairs,present,.,1000.0,1.9397717281809355,5
f0.90_nucleotide_matched_pairs,present,.,1000.0,1.8817895882427496,6
f0.90_nucleotide_matched_pairs,present,.,1000.0,1.9953730804510617,3
f0.90_nucleotide_matched_pairs,present,.,1000.0,1.9604985867019582,6
f0.90_nucleotide_matched_pairs,present,.,1000.0,1.9514438460530736,4
f0.90_nucleotide_matched_pairs,present,.,1000.0,1.970099520517068,5
f0.90_nucleotide_matched_pairs,present,.,786.0,1.969178020579851,5
f0.90_nucleotide_matched_pairs,present,.,1000.0,1.9053723696032778,20
f0.90_nucleotide_matched_pairs,present,.,1000.0,1.9741547940261368,4
f0.90_nucleotide_matched_pairs,present,.,1000.0,1.9444254711111586,4
f0.90_nucleotide_matched_pairs,present,.,1000.0,1.9774837733909294,5
f0.90_nucleotide_matched_pairs,present,.,1000.0,1.964387821122488,5
f0.90_nucleotide_matched_pairs,present,.,1000.0,1.9904109189797543,4
f0.90_nucleotide_matched_pairs,present,.,1000.0,1.898964785174819,13
f0.90_nucleotide_matched_pairs,present,.,1000.0,1.925124612705289,8
f0.90_nucleotide_matched_pairs,present,.,1000.0,1.9180864899893342,6
f0.90_nucleotide_matched_pairs,present,.,1000.0,1.9437835292764833,5
f0.90_nucleotide_matched_pairs,present,.,1000.0,1.9823031100546824,6
f0.90_nucleotide_matched_pairs,present,.,1000.0,1.9994730201859836,7
f0.90_nucleotide_matched_pairs,present,.,1000.0,1.9302175350246733,4
f0.90_nucleotide_matched_pairs,present,.,1000.0,1.9262601722955743,4
f0.90_nucleotide_matched_pairs,present,.,1000.0,1.884815539748379,8
f0.90_nucleotide_matched_pairs,present,.,1000.0,1.9707066289090645,4
f0.90_nucleotide_matched_pairs,present,.,1000.0,1.9829938656400516,5
f0.90_nucleotide_matched_pairs,present,.,1000.0,1.9547439928180064,4
f0.90_nucleotide_matched_pairs,present,.,761.0,1.9224228645886339,7
f0.90_nucleotide_matched_pairs,present,.,1000.0,1.996389273662595,5
f0.90_nucleotide_matched_pairs,present,.,1000.0,1.970613656039267,8
f0.90_nucleotide_matched_pairs,present,.,1000.0,1.9555102978808425,4
f0.90_nucleotide_matched_pairs,present,.,1000.0,1.955952518186825,5
f0.90_nucleotide_matched_pairs,present,.,1000.0,1.9724584820877435,5
f0.90_nucleotide_matched_pairs,present,.,1000.0,1.925546220033263,5
f0.90_nucleotide_matched_pairs,present,.,1000.0,1.996881552646632,5
f0.90_nucleotide_matched_pairs,present,.,1000.0,1.98886182962694,7
f0.90_nucleotide_matched_pairs,present,.,1000.0,1.7920051509451336,4
f0.90_nucleotide_matched_pairs,present,.,1000.0,1.920945550403228,5
f0.90_nucleotide_matched_pairs,present,.,1000.0,1.9206157453413526,5
f0.90_nucleotide_matched_pairs,present,.,1000.0,1.9780834816231043,5
f0.90_nucleotide_matched_pairs,present,.,1000.0,1.922547599693675,4
f0.90_nucleotide_matched_pairs,present,.,1000.0,1.8677901493682436,5
f0.90_nucleotide_matched_pairs,present,.,1000.0,1.9328049537811864,4
f0.90_nucleotide_matched_pairs,present,.,1000.0,1.990163745312106,4
f0.90_nucleotide_matched_pairs,present,.,1000.0,1.9815487176116442,4
f0.90_nucleotide_matched_pairs,present,.,1000.0,1.9813187741749667,5
f0.90_nucleotide_matched_pairs,present,.,1000.0,1.8354308428419874,5
f0.90_nucleotide_matched_pairs,present,.,1000.0,1.9729851594107508,5
f0.90_nucleotide_matched_pairs,present,.,1000.0,1.962539093545262,4
f0.90_nucleotide_matched_pairs,present,.,1000.0,1.975800156986454,3
f0.90_nucleotide_matched_pairs,present,.,1000.0,1.9835379248781029,5
f0.90_nucleotide_matched_pairs,present,.,583.0,1.903682366595412,6
f0.90_nucleotide_matched_pairs,present,.,1000.0,1.9738372671441355,4
f0.90_nucleotide_matched_pairs,present,.,1000.0,1.8713103568522271,5
f0.90_nucleotide_matched_pairs,present,.,1000.0,1.9494962383118164,5
f0.90_nucleotide_matched_pairs,present,.,1000.0,1.9960842627468312,5
f0.90_nucleotide_matched_pairs,present,.,1000.0,1.9809468321868033,4
f0.90_nucleotide_matched_pairs,present,.,1000.0,1.9737784981038138,4
f0.90_nucleotide_matched_pairs,present,.,1000.0,1.9383076683863005,5
f0.90_nucleotide_matched_pairs,present,.,1000.0,1.9517586796774817,6
f0.90_nucleotide_matched_pairs,present,.,1000.0,1.991445543609486,4
f0.90_nucleotide_matched_pairs,present,.,1000.0,1.938368321831027,5
f0.90_nucleotide_matched_pairs,present,.,1000.0,1.953174837260034,6
f0.90_nucleotide_matched_pairs,present,.,1000.0,1.9882735079331724,4
f0.90_nucleotide_matched_pairs,present,.,1000.0,1.9689973849000304,8
f0.90_nucleotide_matched_pairs,present,.,1000.0,1.968092772424484,3
f0.90_nucleotide_matched_pairs,present,.,1000.0,1.9812122290665104,4
f0.90_nucleotide_matched_pairs,present,.,1000.0,1.9415223060755817,4
f0.90_nucleotide_matched_pairs,present,.,1000.0,1.9855195129940677,4
f0.90_nucleotide_matched_pairs,present,.,1000.0,1.9701081301924126,4
f0.90_nucleotide_matched_pairs,present,.,1000.0,1.9544293963467685,4
f0.90_nucleotide_matched_pairs,present,.,1000.0,1.9828944913592925,5
f0.90_nucleotide_matched_pairs,present,.,1000.0,1.9990208758549528,6
f0.90_nucleotide_matched_pairs,present,.,1000.0,1.9840126464449592,5
f0.90_nucleotide_matched_pairs,present,.,1000.0,1.8844146391168597,5
f0.90_nucleotide_matched_pairs,present,.,1000.0,1.9928215063313324,3
f0.90_nucleotide_matched_pairs,present,.,1000.0,1.9484552086260352,4
f0.90_nucleotide_matched_pairs,present,.,1000.0,1.9832643732578008,5
f0.90_nucleotide_matched_pairs,present,.,1000.0,1.9615084958828102,6
f0.90_nucleotide_matched_pairs,present,.,1000.0,1.8601461366100807,5
f0.90_nucleotide_matched_pairs,present,.,1000.0,1.915820855977336,5
f0.90_nucleotide_matched_pairs,present,.,1000.0,1.984855557784488,3
f0.90_nucleotide_matched_pairs,present,.,1000.0,1.9887631533165944,4
f0.90_nucleotide_matched_pairs,present,.,1000.0,1.9380766436728343,5
f0.90_nucleotide_matched_pairs,present,.,1000.0,1.9981756361102827,5
f0.90_nucleotide_matched_pairs,present,.,1000.0,1.9782138939281513,6
f0.90_nucleotide_matched_pairs,present,.,1000.0,1.9958838994543688,6
f0.90_nucleotide_matched_pairs,present,.,1000.0,1.9261906821577968,5
f0.90_nucleotide_matched_pairs,present,.,1000.0,1.9837649272826214,5
f0.90_nucleotide_matched_pairs,present,.,1000.0,1.9752397102348582,5
f0.90_nucleotide_matched_pairs,present,.,1000.0,1.9798487023112505,5
f0.90_nucleotide_matched_pairs,present,.,1000.0,1.8862656082835236,5
f0.90_nucleotide_matched_pairs,present,.,1000.0,1.971335285306981,4
f0.90_nucleotide_matched_pairs,present,.,1000.0,1.921554424885775,4
f0.90_nucleotide_matched_pairs,present,.,1000.0,1.9873896635210007,6
f0.90_nucleotide_matched_pairs,present,.,1000.0,1.932964381470987,5
f0.90_nucleotide_matched_pairs,present,.,1000.0,1.9283581573045714,4
f0.90_nucleotide_matched_pairs,present,.,1000.0,1.9545914130675546,5
f0.90_nucleotide_matched_pairs,present,.,1000.0,1.890964255602667,5
f0.90_nucleotide_matched_pairs,present,.,1000.0,1.9809468321868033,5
f0.90_nucleotide_matched_pairs,present,.,1000.0,1.95755860131645,3
f0.90_nucleotide_matched_pairs,present,.,1000.0,1.9867859986947698,5
f0.90_nucleotide_matched_pairs,present,.,1000.0,1.9690163479582459,4
f0.90_nucleotide_matched_pairs,present,.,1000.0,1.9814551580716218,5
f0.90_nucleotide_matched_pairs,present,.,1000.0,1.9067986805776735,11
f0.90_nucleotide_matched_pairs,present,.,1000.0,1.9135918577600695,5
f0.90_nucleotide_matched_pairs,present,.,1000.0,1.9551375347903448,6
f0.90_nucleotide_matched_pairs,present,.,1000.0,1.9944811588319629,4
f0.90_nucleotide_matched_pairs,present,.,1000.0,1.9220423516448162,4
f0.90_nucleotide_matched_pairs,present,.,1000.0,1.9675271610311011,3
f0.90_nucleotide_matched_pairs,absent,.,1000.0,1.9356173807644559,5
f0.90_nucleotide_matched_pairs,absent,.,1000.0,1.9628777137148155,5
f0.90_nucleotide_matched_pairs,absent,.,1000.0,1.899580296381276,4
f0.90_nucleotide_matched_pairs,absent,.,1000.0,1.950822004668753,4
f0.90_nucleotide_matched_pairs,absent,.,1000.0,1.9416994165105486,17
f0.90_nucleotide_matched_pairs,absent,.,1000.0,1.9281977640414532,10
f0.90_nucleotide_matched_pairs,absent,.,1000.0,1.9858905316617812,5
f0.90_nucleotide_matched_pairs,absent,.,799.0,1.9865905700376274,5
f0.90_nucleotide_matched_pairs,absent,.,1000.0,1.9791844161753307,4
f0.90_nucleotide_matched_pairs,absent,.,1000.0,1.9872995416428605,5
f0.90_nucleotide_matched_pairs,absent,.,1000.0,1.988080950071847,5
f0.90_nucleotide_matched_pairs,absent,.,1000.0,1.9937407954785444,5
f0.90_nucleotide_matched_pairs,absent,.,1000.0,1.9656991758266833,5
f0.90_nucleotide_matched_pairs,absent,.,793.0,1.9509900417193307,5
f0.90_nucleotide_matched_pairs,absent,.,1000.0,1.9795157112152486,4
f0.90_nucleotide_matched_pairs,absent,.,1000.0,1.9164674981229801,6
f0.90_nucleotide_matched_pairs,absent,.,582.0,1.9944002678615254,5
f0.90_nucleotide_matched_pairs,absent,.,1000.0,1.9923964782562467,4
f0.90_nucleotide_matched_pairs,absent,.,1000.0,1.9779532844344045,3
f0.90_nucleotide_matched_pairs,absent,.,1000.0,1.983405886272115,5
f0.90_nucleotide_matched_pairs,absent,.,1000.0,1.9351312319780996,4
f0.90_nucleotide_matched_pairs,absent,.,1000.0,1.9724691299312347,5
f0.90_nucleotide_matched_pairs,absent,.,1000.0,1.945453607044766,7
f0.90_nucleotide_matched_pairs,absent,.,729.0,1.9973211673251927,8
f0.90_nucleotide_matched_pairs,absent,.,625.0,1.9165213497909837,6
f0.90_nucleotide_matched_pairs,absent,.,1000.0,1.9847637580431,5
f0.90_nucleotide_matched_pairs,absent,.,1000.0,1.9452601400439438,4
f0.90_nucleotide_matched_pairs,absent,.,1000.0,1.9952578635566447,5
f0.90_nucleotide_matched_pairs,absent,.,1000.0,1.9873698878365342,4
f0.90_nucleotide_matched_pairs,absent,.,1000.0,1.6059615488985828,5
f0.90_nucleotide_matched_pairs,absent,.,1000.0,1.972915696889368,5
f0.90_nucleotide_matched_pairs,absent,.,1000.0,1.9438794828300725,5
f0.90_nucleotide_matched_pairs,absent,.,1000.0,1.9235993330554249,5
f0.90_nucleotide_matched_pairs,absent,.,799.0,1.941015859355205,5
f0.90_nucleotide_matched_pairs,absent,.,585.0,1.7478265638360722,4
f0.90_nucleotide_matched_pairs,absent,.,1000.0,1.9448506859938297,5
f0.90_nucleotide_matched_pairs,absent,.,1000.0,1.987149061468644,5
f0.90_nucleotide_matched_pairs,absent,.,849.0,1.8966464806287437,6
f0.90_nucleotide_matched_pairs,absent,.,1000.0,1.9884104002033889,6
f0.90_nucleotide_matched_pairs,absent,.,661.0,1.9743175420795054,3
f0.90_nucleotide_matched_pairs,absent,.,1000.0,1.9959729298766762,4
f0.90_nucleotide_matched_pairs,absent,.,1000.0,1.9598748767383087,4
f0.90_nucleotide_matched_pairs,absent,.,1000.0,1.971060965349975,4
f0.90_nucleotide_matched_pairs,absent,.,1000.0,1.971765419603983,7
f0.90_nucleotide_matched_pairs,absent,.,986.0,1.9281634628942683,5
f0.90_nucleotide_matched_pairs,absent,.,1000.0,1.9703519659655295,5
f0.90_nucleotide_matched_pairs,absent,.,1000.0,1.9348931766097213,6
f0.90_nucleotide_matched_pairs,absent,.,994.0,1.9431963509637895,7
f0.90_nucleotide_matched_pairs,absent,.,1000.0,1.9479306113905683,5
f0.90_nucleotide_matched_pairs,absent,.,1000.0,1.8726444691268735,5
f0.90_nucleotide_matched_pairs,absent,.,1000.0,1.9621403494598018,6
f0.90_nucleotide_matched_pairs,absent,.,1000.0,1.908799986514863,5
f0.90_nucleotide_matched_pairs,absent,.,1000.0,1.957042599702867,5
f0.90_nucleotide_matched_pairs,absent,.,1000.0,1.758822275233019,4
f0.90_nucleotide_matched_pairs,absent,.,1000.0,1.9722655102533175,4
f0.90_nucleotide_matched_pairs,absent,.,1000.0,1.9220624164966762,5
f0.90_nucleotide_matched_pairs,absent,.,880.0,1.9930554830121974,5
f0.90_nucleotide_matched_pairs,absent,.,1000.0,1.9815491052514782,6
f0.90_nucleotide_matched_pairs,absent,.,695.0,1.9969130395155472,5
f0.90_nucleotide_matched_pairs,absent,.,687.0,1.9366032728918312,7
f0.90_nucleotide_matched_pairs,absent,.,1000.0,1.968067234409711,5
f0.90_nucleotide_matched_pairs,absent,.,1000.0,1.9825707567042117,4
f0.90_nucleotide_matched_pairs,absent,.,1000.0,1.961644385669187,5
f0.90_nucleotide_matched_pairs,absent,.,1000.0,1.987115795174643,5
f0.90_nucleotide_matched_pairs,absent,.,1000.0,1.9800932713778678,5
f0.90_nucleotide_matched_pairs,absent,.,1000.0,1.919879593540712,6
f0.90_nucleotide_matched_pairs,absent,.,1000.0,1.9499054721242053,4
f0.90_nucleotide_matched_pairs,absent,.,1000.0,1.9904746082342175,5
f0.90_nucleotide_matched_pairs,absent,.,677.0,1.9890180760492857,5
f0.90_nucleotide_matched_pairs,absent,.,726.0,1.9792268188434674,4
f0.90_nucleotide_matched_pairs,absent,.,1000.0,1.9117311817401146,6
f0.90_nucleotide_matched_pairs,absent,.,1000.0,1.971336921212962,5
f0.90_nucleotide_matched_pairs,absent,.,601.0,1.9507881565692649,8
f0.90_nucleotide_matched_pairs,absent,.,1000.0,1.9939631860336795,7
f0.90_nucleotide_matched_pairs,absent,.,1000.0,1.998890376741155,6
f0.90_nucleotide_matched_pairs,absent,.,1000.0,1.9938947707118548,5
f0.90_nucleotide_matched_pairs,absent,.,1000.0,1.954208089288645,4
f0.90_nucleotide_matched_pairs,absent,.,566.0,1.865986336580376,4
f0.90_nucleotide_matched_pairs,absent,.,623.0,1.9825338640647527,4
f0.90_nucleotide_matched_pairs,absent,.,1000.0,1.958679974187456,4
f0.90_nucleotide_matched_pairs,absent,.,1000.0,1.905679793637389,4
f0.90_nucleotide_matched_pairs,absent,.,1000.0,1.9626287163553662,3
f0.90_nucleotide_matched_pairs,absent,.,1000.0,1.9771559367356795,3
f0.90_nucleotide_matched_pairs,absent,.,1000.0,1.9551355288608854,5
f0.90_nucleotide_matched_pairs,absent,.,1000.0,1.9460490605185523,5
f0.90_nucleotide_matched_pairs,absent,.,1000.0,1.9562559915712476,6
f0.90_nucleotide_matched_pairs,absent,.,1000.0,1.965267150129896,6
f0.90_nucleotide_matched_pairs,absent,.,1000.0,1.98382205739609,5
f0.90_nucleotide_matched_pairs,absent,.,899.0,1.9463249489081256,5
f0.90_nucleotide_matched_pairs,absent,.,1000.0,1.7594613213185564,5
f0.90_nucleotide_matched_pairs,absent,.,643.0,1.9846265989787364,3
f0.90_nucleotide_matched_pairs,absent,.,1000.0,1.9171719340896545,4
f0.90_nucleotide_matched_pairs,absent,.,948.0,1.9300997420998498,7
f0.90_nucleotide_matched_pairs,absent,.,1000.0,1.9153736755413293,5
f0.90_nucleotide_matched_pairs,absent,.,1000.0,1.9197145095567292,4
f0.90_nucleotide_matched_pairs,absent,.,1000.0,1.8601890804970078,6
f0.90_nucleotide_matched_pairs,absent,.,1000.0,1.9768626161327254,5
f0.90_nucleotide_matched_pairs,absent,.,604.0,1.9812428383809797,5
f0.90_nucleotide_matched_pairs,absent,.,1000.0,1.9479653492792166,5
f0.90_nucleotide_matched_pairs,absent,.,1000.0,1.9760344028568049,4
f0.90_nucleotide_matched_pairs,absent,.,1000.0,1.9154406742260353,5
f0.90_nucleotide_matched_pairs,absent,.,924.0,1.971124471293761,7
f0.90_nucleotide_matched_pairs,absent,.,1000.0,1.9927766593089613,5
f0.90_nucleotide_matched_pairs,absent,.,1000.0,1.9506783388898046,6
f0.90_nucleotide_matched_pairs,absent,.,1000.0,1.9474000821977209,6
f0.90_nucleotide_matched_pairs,absent,.,669.0,1.9545917824239252,4
f0.90_nucleotide_matched_pairs,absent,.,1000.0,1.9993065121402807,5
f0.90_nucleotide_matched_pairs,absent,.,1000.0,1.8858037300209052,8
f0.90_nucleotide_matched_pairs,absent,.,1000.0,1.825235761383654,5
f0.90_nucleotide_matched_pairs,absent,.,1000.0,1.9794219301166578,5
f0.90_nucleotide_matched_pairs,absent,.,1000.0,1.9863720469003965,5
f0.90_nucleotide_matched_pairs,absent,.,1000.0,1.988475753078672,4
f0.90_nucleotide_matched_pairs,absent,.,611.0,1.9710820348269524,4
f0.90_nucleotide_matched_pairs,absent,.,1000.0,1.9781229302384677,4
f0.90_nucleotide_matched_pairs,absent,.,1000.0,1.9709019928315916,5
f0.90_nucleotide_matched_pairs,absent,.,624.0,1.8803911085138565,5
f0.90_nucleotide_matched_pairs,absent,.,1000.0,1.9878980489988183,4
f0.90_nucleotide_matched_pairs,absent,.,1000.0,1.9771963544083786,5
f0.90_nucleotide_matched_pairs,absent,.,566.0,1.9823315152099288,7
f0.90_nucleotide_matched_pairs,absent,.,1000.0,1.911516477101927,4
f0.90_nucleotide_matched_pairs,absent,.,1000.0,1.8909995392600978,3
f0.90_nucleotide_matched_pairs,absent,.,731.0,1.970629810916537,4
f0.90_nucleotide_matched_pairs,absent,.,1000.0,1.9714901626365982,4
f0.90_nucleotide_matched_pairs,absent,.,1000.0,1.9481051635686195,6
f0.90_nucleotide_matched_pairs,absent,.,1000.0,1.9689689885693662,4
f0.90_nucleotide_matched_pairs,absent,.,960.0,1.8472268000956513,4
f0.90_nucleotide_matched_pairs,absent,.,645.0,1.9624884200024422,6
f0.90_nucleotide_matched_pairs,absent,.,1000.0,1.9236965072659618,5
f0.90_nucleotide_matched_pairs,absent,.,1000.0,1.9520354406566116,3
f0.90_nucleotide_matched_pairs,absent,.,1000.0,1.9599043131868714,4
f0.90_nucleotide_matched_pairs,absent,.,1000.0,1.8619233609944303,6
f0.90_nucleotide_matched_pairs,absent,.,1000.0,1.9125972588984872,5
f0.90_nucleotide_matched_pairs,absent,.,1000.0,1.9321258582765457,4
f0.90_nucleotide_matched_pairs,absent,.,1000.0,1.9878980489988183,5
f0.90_nucleotide_matched_pairs,absent,.,1000.0,1.9693021110353452,6
f0.90_nucleotide_matched_pairs,absent,.,1000.0,1.98227900543777,6
f0.90_nucleotide_matched_pairs,absent,.,1000.0,1.9910701623879894,5
f0.90_nucleotide_matched_pairs,absent,.,1000.0,1.9314784184634346,4
f0.90_nucleotide_matched_pairs,absent,.,1000.0,1.9835104485624306,4
f0.90_nucleotide_matched_pairs,absent,.,1000.0,1.9915075554436452,5
f0.90_nucleotide_matched_pairs,absent,.,1000.0,1.9947221602391756,5
f0.90_nucleotide_matched_pairs,absent,.,1000.0,1.8991219890722157,5
f0.90_nucleotide_matched_pairs,absent,.,1000.0,1.9227953578706156,6
f0.90_nucleotide_matched_pairs,absent,.,1000.0,1.9818191747258878,4
f0.90_nucleotide_matched_pairs,absent,.,1000.0,1.9770851083771879,5
f0.90_nucleotide_matched_pairs,absent,.,1000.0,1.9394435572959574,5
f0.90_nucleotide_matched_pairs,absent,.,1000.0,1.958307068436592,5
f0.90_nucleotide_matched_pairs,absent,.,1000.0,1.9904422358843048,4
f0.90_nucleotide_matched_pairs,absent,.,1000.0,1.9644428663501117,4
f0.90_nucleotide_matched_pairs,absent,.,1000.0,1.8872237768670006,5
f0.90_nucleotide_matched_pairs,absent,.,1000.0,1.98691194736513,4
f0.90_nucleotide_matched_pairs,absent,.,1000.0,1.9641742227556809,6
f0.90_nucleotide_matched_pairs,absent,.,1000.0,1.9144520990291707,4
f0.90_nucleotide_matched_pairs,absent,.,1000.0,1.9630738895146054,4
f0.90_nucleotide_matched_pairs,absent,.,1000.0,1.973602705013722,5
f0.90_nucleotide_matched_pairs,absent,.,1000.0,1.9189309627088629,7
f0.90_nucleotide_matched_pairs,absent,.,1000.0,1.9661036537934906,5
f0.90_nucleotide_matched_pairs,absent,.,1000.0,1.9631567906084595,5
f0.90_nucleotide_matched_pairs,absent,.,1000.0,1.95425101941875,4
f0.90_nucleotide_matched_pairs,absent,.,1000.0,1.9856821630368786,3
f0.90_nucleotide_matched_pairs,absent,.,1000.0,1.993006754233507,5
f0.90_nucleotide_matched_pairs,absent,.,1000.0,1.9008851491977379,7
f0.90_nucleotide_matched_pairs,absent,.,1000.0,1.929792759237241,5
f0.90_nucleotide_matched_pairs,absent,.,675.0,1.93201560326135,5
f0.90_nucleotide_matched_pairs,absent,.,1000.0,1.9455071357232703,9
f0.90_nucleotide_matched_pairs,absent,.,1000.0,1.938074692917464,5
f0.90_nucleotide_matched_pairs,absent,.,1000.0,1.967961335452011,5
f0.90_nucleotide_matched_pairs,absent,.,1000.0,1.9704005702353777,3
f0.90_nucleotide_matched_pairs,absent,.,1000.0,1.838475463878134,5
f0.90_nucleotide_matched_pairs,absent,.,1000.0,1.9170631411870647,5
f0.90_nucleotide_matched_pairs,absent,.,1000.0,1.9772788794448939,6
f0.90_nucleotide_matched_pairs,absent,.,1000.0,1.9581478333221742,4
f0.90_nucleotide_matched_pairs,absent,.,1000.0,1.9826585205829765,5
f0.90_nucleotide_matched_pairs,absent,.,1000.0,1.9113163246734985,13
f0.90_nucleotide_matched_pairs,absent,.,1000.0,1.9916354653379669,5
f0.90_nucleotide_matched_pairs,absent,.,1000.0,1.9643659794455473,4
f0.90_nucleotide_matched_pairs,absent,.,1000.0,1.9213226538057648,4
f0.90_nucleotide_matched_pairs,absent,.,1000.0,1.9736500110241022,4
f0.90_nucleotide_matched_pairs,absent,.,1000.0,1.9872493101951283,4
f0.90_nucleotide_matched_pairs,absent,.,1000.0,1.935452521783305,5
f0.90_nucleotide_matched_pairs,absent,.,1000.0,1.999525689293649,5
f0.90_nucleotide_matched_pairs,absent,.,1000.0,1.9798487023112505,4
f0.90_nucleotide_matched_pairs,absent,.,1000.0,1.8867370290933274,4
f0.90_nucleotide_matched_pairs,absent,.,1000.0,1.9180864899893342,5
f0.90_nucleotide_matched_pairs,absent,.,1000.0,1.9922729951840825,5
f0.90_nucleotide_matched_pairs,absent,.,1000.0,1.9358858467860534,4
f0.90_nucleotide_matched_pairs,absent,.,1000.0,1.9355592715846348,3
f0.90_nucleotide_matched_pairs,absent,.,1000.0,1.9130119543121624,5
f0.90_nucleotide_matched_pairs,absent,.,1000.0,1.9637255006820498,5
f0.90_nucleotide_matched_pairs,absent,.,1000.0,1.9878800962927095,3
f0.90_nucleotide_matched_pairs,absent,.,1000.0,1.9405301423240795,6
f0.90_nucleotide_matched_pairs,absent,.,1000.0,1.9850330436007133,11
f0.90_nucleotide_matched_pairs,absent,.,1000.0,1.8018828326483656,6
f0.90_nucleotide_matched_pairs,absent,.,1000.0,1.9779147273495572,4
f0.90_nucleotide_matched_pairs,absent,.,1000.0,1.9556566644970492,5
f0.90_nucleotide_matched_pairs,absent,.,1000.0,1.9926684831489567,5
f0.90_nucleotide_matched_pairs,absent,.,1000.0,1.9693363315798016,4
f0.90_nucleotide_matched_pairs,absent,.,660.0,1.8870917720660154,5
f0.90_nucleotide_matched_pairs,absent,.,1000.0,1.9757108750499266,4
f0.90_nucleotide_matched_pairs,absent,.,1000.0,1.9083645326020946,5
f0.90_nucleotide_matched_pairs,absent,.,1000.0,1.9520774384963855,4
f0.90_nucleotide_matched_pairs,absent,.,1000.0,1.98614932725651,5
f0.90_nucleotide_matched_pairs,absent,.,1000.0,1.9645978071446266,5
f0.90_nucleotide_matched_pairs,absent,.,1000.0,1.987981359655893,6
f0.90_nucleotide_matched_pairs,absent,.,1000.0,1.9358245357051223,4
f0.90_nucleotide_matched_pairs,absent,.,1000.0,1.9681049134139936,4
f0.90_nucleotide_matched_pairs,absent,.,1000.0,1.961564514549145,4
f0.90_nucleotide_matched_pairs,absent,.,1000.0,1.9709902052259352,4
f0.90_nucleotide_matched_pairs,absent,.,1000.0,1.9583159684574936,5
f0.90_nucleotide_matched_pairs,absent,.,1000.0,1.985592142863444,3
f0.90_nucleotide_matched_pairs,absent,.,1000.0,1.9645299705220862,4
f0.90_nucleotide_matched_pairs,absent,.,1000.0,1.9753081548899694,5
f0.90_nucleotide_matched_pairs,absent,.,1000.0,1.9557775636094015,4
f0.90_nucleotide_matched_pairs,absent,.,1000.0,1.9509328785961246,4
f0.90_nucleotide_matched_pairs,absent,.,1000.0,1.9654868029725017,4
f0.90_nucleotide_matched_pairs,absent,.,1000.0,1.969095089202038,5
f0.90_nucleotide_matched_pairs,absent,.,1000.0,1.9924892286671776,5
f0.90_nucleotide_matched_pairs,absent,.,1000.0,1.99391928761159,4
f0.90_nucleotide_matched_pairs,absent,.,1000.0,1.9399946101260914,4
f0.90_nucleotide_matched_pairs,absent,.,1000.0,1.9872299186106908,5
f0.90_nucleotide_matched_pairs,absent,.,1000.0,1.871282924059244,4
f0.90_nucleotide_matched_pairs,absent,.,1000.0,1.9897477150766827,5
f0.90_nucleotide_matched_pairs,absent,.,1000.0,1.954633293751427,5
f0.90_nucleotide_matched_pairs,absent,.,1000.0,1.9689623681333985,5
f0.90_nucleotide_matched_pairs,absent,.,1000.0,1.9708214906838974,5
f0.90_nucleotide_matched_pairs,absent,.,1000.0,1.8573769982578132,23
f0.90_nucleotide_matched_pairs,absent,.,1000.0,1.9328045775391227,8
f0.90_nucleotide_matched_pairs,absent,.,1000.0,1.980407190092421,5
f0.90_nucleotide_matched_pairs,absent,.,1000.0,1.985080515741887,5
f0.90_nucleotide_matched_pairs,absent,.,1000.0,1.930173384168765,4
f0.90_nucleotide_matched_pairs,absent,.,1000.0,1.9883071471544018,4
f0.90_nucleotide_matched_pairs,absent,.,1000.0,1.959236892494069,4
f0.90_nucleotide_matched_pairs,absent,.,1000.0,1.9569647771711516,6
f0.90_nucleotide_matched_pairs,absent,.,1000.0,1.9191497710512835,4
f0.90_nucleotide_matched_pairs,absent,.,1000.0,1.9991475179138558,3
f0.90_nucleotide_matched_pairs,absent,.,1000.0,1.932886942817138,4
f0.90_nucleotide_matched_pairs,absent,.,1000.0,1.9975364056222864,4
f0.90_nucleotide_matched_pairs,absent,.,1000.0,1.9161565382438606,4
f0.90_nucleotide_matched_pairs,absent,.,1000.0,1.9755357499764123,5
f0.90_nucleotide_matched_pairs,absent,.,1000.0,1.9758991681370288,13
f0.90_nucleotide_matched_pairs,absent,.,1000.0,1.935417007274991,5
f0.90_nucleotide_matched_pairs,absent,.,1000.0,1.9358805034961137,4
f0.90_nucleotide_matched_pairs,absent,.,1000.0,1.9520455107504133,5
f0.90_nucleotide_matched_pairs,absent,.,1000.0,1.9522432081828383,4
f0.90_nucleotide_matched_pairs,absent,.,1000.0,1.880892199997934,6
f0.90_nucleotide_matched_pairs,absent,.,1000.0,1.982685148861058,5
f0.90_nucleotide_matched_pairs,absent,.,1000.0,1.9432911483555377,5
f0.90_nucleotide_matched_pairs,absent,.,1000.0,1.983596244005686,4
f0.90_nucleotide_matched_pairs,absent,.,1000.0,1.9609087071519498,5
f0.90_nucleotide_matched_pairs,absent,.,1000.0,1.9875711203630666,9
f0.90_nucleotide_matched_pairs,absent,.,1000.0,1.937355436848109,8
f0.90_nucleotide_matched_pairs,absent,.,1000.0,1.8937772073787045,6
f0.90_nucleotide_matched_pairs,absent,.,1000.0,1.979534379185412,4
f0.90_nucleotide_matched_pairs,absent,.,1000.0,1.98793954314073,4
f0.90_nucleotide_matched_pairs,absent,.,1000.0,1.9259776548002114,5
f0.90_nucleotide_matched_pairs,absent,.,1000.0,1.9828824321900422,5
f0.90_token_balanced_pairs,present,.,1000.0,1.9721584227552418,5
f0.90_token_balanced_pairs,present,.,1000.0,1.9725933214288207,5
f0.90_token_balanced_pairs,present,.,1000.0,1.9873771941076486,5
f0.90_token_balanced_pairs,present,.,1000.0,1.98331552965568,6
f0.90_token_balanced_pairs,present,.,1000.0,1.9500679683528384,5
f0.90_token_balanced_pairs,present,.,1000.0,1.867073267766475,4
f0.90_token_balanced_pairs,present,.,1000.0,1.9628926097757886,4
f0.90_token_balanced_pairs,present,.,1000.0,1.9623266609574928,4
f0.90_token_balanced_pairs,present,.,1000.0,1.981929458355579,10
f0.90_token_balanced_pairs,present,.,1000.0,1.9501487818212364,9
f0.90_token_balanced_pairs,present,.,1000.0,1.97297019506739,5
f0.90_token_balanced_pairs,present,.,1000.0,1.9815809257691832,5
f0.90_token_balanced_pairs,present,.,1000.0,1.9228329812316085,5
f0.90_token_balanced_pairs,present,.,1000.0,1.9724909862550328,5
f0.90_token_balanced_pairs,present,.,1000.0,1.9927831650325163,6
f0.90_token_balanced_pairs,present,.,1000.0,1.9753535153296125,3
f0.90_token_balanced_pairs,present,.,1000.0,1.9834002216325084,6
f0.90_token_balanced_pairs,present,.,1000.0,1.945812170452457,5
f0.90_token_balanced_pairs,present,.,1000.0,1.9841356965071628,3
f0.90_token_balanced_pairs,present,.,1000.0,1.952584778708614,5
f0.90_token_balanced_pairs,present,.,1000.0,1.9737862826143537,5
f0.90_token_balanced_pairs,present,.,1000.0,1.9826945298866803,5
f0.90_token_balanced_pairs,present,.,1000.0,1.9627583391503267,5
f0.90_token_balanced_pairs,present,.,1000.0,1.9374428160934842,4
f0.90_token_balanced_pairs,present,.,1000.0,1.9682166362499849,4
f0.90_token_balanced_pairs,present,.,1000.0,1.945719380016426,5
f0.90_token_balanced_pairs,present,.,1000.0,1.9372142536838153,5
f0.90_token_balanced_pairs,present,.,997.0,1.9269994971180586,4
f0.90_token_balanced_pairs,present,.,1000.0,1.9313946512626008,7
f0.90_token_balanced_pairs,present,.,1000.0,1.9184049046861438,9
f0.90_token_balanced_pairs,present,.,953.0,1.9630098583941535,5
f0.90_token_balanced_pairs,present,.,1000.0,1.9281977640414532,4
f0.90_token_balanced_pairs,present,.,1000.0,1.94132762022018,7
f0.90_token_balanced_pairs,present,.,857.0,1.9903407025202153,5
f0.90_token_balanced_pairs,present,.,1000.0,1.9749256986849641,5
f0.90_token_balanced_pairs,present,.,1000.0,1.9964127995067924,5
f0.90_token_balanced_pairs,present,.,1000.0,1.9827817937707912,3
f0.90_token_balanced_pairs,present,.,983.0,1.9798194664926427,4
f0.90_token_balanced_pairs,present,.,870.0,1.9577082587392889,6
f0.90_token_balanced_pairs,present,.,1000.0,1.9413823975997337,5
f0.90_token_balanced_pairs,present,.,1000.0,1.966220175922217,6
f0.90_token_balanced_pairs,present,.,1000.0,1.8901234616159148,7
f0.90_token_balanced_pairs,present,.,1000.0,1.9645939656220714,5
f0.90_token_balanced_pairs,present,.,1000.0,1.9965277415060987,5
f0.90_token_balanced_pairs,present,.,736.0,1.9716261716842558,5
f0.90_token_balanced_pairs,present,.,1000.0,1.9518873188384194,6
f0.90_token_balanced_pairs,present,.,1000.0,1.929792759237241,5
f0.90_token_balanced_pairs,present,.,1000.0,1.970361058899492,5
f0.90_token_balanced_pairs,present,.,1000.0,1.9988903767411548,5
f0.90_token_balanced_pairs,present,.,921.0,1.960498586701958,5
f0.90_token_balanced_pairs,present,.,1000.0,1.9933938053991014,4
f0.90_token_balanced_pairs,present,.,1000.0,1.9290589650719707,15
f0.90_token_balanced_pairs,present,.,1000.0,1.8369380682158984,5
f0.90_token_balanced_pairs,present,.,1000.0,1.9990544016278453,4
f0.90_token_balanced_pairs,present,.,1000.0,1.9681950147084846,5
f0.90_token_balanced_pairs,present,.,1000.0,1.9385385208911874,4
f0.90_token_balanced_pairs,present,.,1000.0,1.955243956034959,5
f0.90_token_balanced_pairs,present,.,1000.0,1.9702171366911871,5
f0.90_token_balanced_pairs,present,.,1000.0,1.9489864529114835,5
f0.90_token_balanced_pairs,present,.,1000.0,1.9972242305685546,5
f0.90_token_balanced_pairs,present,.,1000.0,1.9853999019389041,4
f0.90_token_balanced_pairs,present,.,1000.0,1.9982121742864256,5
f0.90_token_balanced_pairs,present,.,1000.0,1.9890880659167585,4
f0.90_token_balanced_pairs,present,.,1000.0,1.9709553671280844,6
f0.90_token_balanced_pairs,present,.,1000.0,1.8734067399877432,5
f0.90_token_balanced_pairs,present,.,1000.0,1.977854723577817,5
f0.90_token_balanced_pairs,present,.,986.0,1.9682208964412873,4
f0.90_token_balanced_pairs,present,.,1000.0,1.9840305271865315,4
f0.90_token_balanced_pairs,present,.,1000.0,1.9265582832242525,6
f0.90_token_balanced_pairs,present,.,1000.0,1.857981024556088,5
f0.90_token_balanced_pairs,present,.,1000.0,1.9405699420269857,4
f0.90_token_balanced_pairs,present,.,1000.0,1.9688097604363641,4
f0.90_token_balanced_pairs,present,.,1000.0,1.9707473541817115,5
f0.90_token_balanced_pairs,present,.,1000.0,1.9766261629557103,6
f0.90_token_balanced_pairs,present,.,1000.0,1.9982121742864256,5
f0.90_token_balanced_pairs,present,.,1000.0,1.9778545828440497,3
f0.90_token_balanced_pairs,present,.,1000.0,1.9549139447033754,4
f0.90_token_balanced_pairs,present,.,1000.0,1.9982121742864256,5
f0.90_token_balanced_pairs,present,.,1000.0,1.9798811251337443,5
f0.90_token_balanced_pairs,present,.,1000.0,1.99697857212937,2
f0.90_token_balanced_pairs,present,.,1000.0,1.9703519659655298,5
f0.90_token_balanced_pairs,present,.,1000.0,1.9924799801087085,5
f0.90_token_balanced_pairs,present,.,1000.0,1.991205964566717,4
f0.90_token_balanced_pairs,present,.,1000.0,1.8999053095924434,4
f0.90_token_balanced_pairs,present,.,1000.0,1.9990370605609318,4
f0.90_token_balanced_pairs,present,.,1000.0,1.8459865525149723,5
f0.90_token_balanced_pairs,present,.,1000.0,1.9747284577444888,6
f0.90_token_balanced_pairs,present,.,1000.0,1.968782365855525,5
f0.90_token_balanced_pairs,present,.,1000.0,1.9699259805976073,3
f0.90_token_balanced_pairs,present,.,1000.0,1.9803783678171918,5
f0.90_token_balanced_pairs,present,.,1000.0,1.8744536523903839,5
f0.90_token_balanced_pairs,present,.,1000.0,1.9890880659167585,5
f0.90_token_balanced_pairs,present,.,1000.0,1.957984907642469,5
f0.90_token_balanced_pairs,present,.,1000.0,1.9717695205000023,7
f0.90_token_balanced_pairs,present,.,1000.0,1.9944415841493366,5
f0.90_token_balanced_pairs,present,.,1000.0,1.9015493922676998,5
f0.90_token_balanced_pairs,present,.,1000.0,1.9597942111639632,4
f0.90_token_balanced_pairs,present,.,811.0,1.9805633300382073,4
f0.90_token_balanced_pairs,present,.,1000.0,1.9905910727096239,4
f0.90_token_balanced_pairs,present,.,1000.0,1.9932885305861898,6
f0.90_token_balanced_pairs,present,.,1000.0,1.9786110802209262,5
f0.90_token_balanced_pairs,present,.,1000.0,1.8801073657050749,5
f0.90_token_balanced_pairs,present,.,1000.0,1.958886250519162,6
f0.90_token_balanced_pairs,present,.,1000.0,1.9322174265010807,5
f0.90_token_balanced_pairs,present,.,1000.0,1.9876591326222133,5
f0.90_token_balanced_pairs,present,.,1000.0,1.9849199319078255,10
f0.90_token_balanced_pairs,present,.,1000.0,1.9491843037549985,5
f0.90_token_balanced_pairs,present,.,1000.0,1.9904180266062776,4
f0.90_token_balanced_pairs,present,.,1000.0,1.9713010005348195,5
f0.90_token_balanced_pairs,present,.,1000.0,1.9625739492034628,9
f0.90_token_balanced_pairs,present,.,1000.0,1.8552765906048376,5
f0.90_token_balanced_pairs,present,.,1000.0,1.9702112303249306,7
f0.90_token_balanced_pairs,present,.,1000.0,1.9514223666329564,5
f0.90_token_balanced_pairs,present,.,1000.0,1.8979419996097329,17
f0.90_token_balanced_pairs,present,.,1000.0,1.9967894316226782,5
f0.90_token_balanced_pairs,present,.,1000.0,1.9426560635456442,5
f0.90_token_balanced_pairs,present,.,1000.0,1.9797352340169545,6
f0.90_token_balanced_pairs,present,.,1000.0,1.893180552427344,5
f0.90_token_balanced_pairs,present,.,1000.0,1.9937488719853693,5
f0.90_token_balanced_pairs,present,.,1000.0,1.9923390807805874,4
f0.90_token_balanced_pairs,present,.,1000.0,1.9690026660032083,5
f0.90_token_balanced_pairs,present,.,1000.0,1.9764247509960597,5
f0.90_token_balanced_pairs,present,.,619.0,1.996782068427061,5
f0.90_token_balanced_pairs,present,.,1000.0,1.9663213372794595,10
f0.90_token_balanced_pairs,present,.,1000.0,1.8932824567794635,5
f0.90_token_balanced_pairs,present,.,1000.0,1.9881540971346632,6
f0.90_token_balanced_pairs,present,.,1000.0,1.9699680240494963,4
f0.90_token_balanced_pairs,present,.,1000.0,1.994893161027976,4
f0.90_token_balanced_pairs,present,.,1000.0,1.9661036995566266,5
f0.90_token_balanced_pairs,present,.,752.0,1.7989944432182,5
f0.90_token_balanced_pairs,present,.,1000.0,1.9761687473934397,5
f0.90_token_balanced_pairs,present,.,1000.0,1.9745612860039907,4
f0.90_token_balanced_pairs,present,.,1000.0,1.9306208575403305,5
f0.90_token_balanced_pairs,present,.,1000.0,1.9935936381718387,5
f0.90_token_balanced_pairs,present,.,1000.0,1.9745121544045003,4
f0.90_token_balanced_pairs,present,.,1000.0,1.9174837750262093,6
f0.90_token_balanced_pairs,present,.,1000.0,1.9742567945955893,4
f0.90_token_balanced_pairs,present,.,1000.0,1.9918636810039874,5
f0.90_token_balanced_pairs,present,.,1000.0,1.9104926000923528,5
f0.90_token_balanced_pairs,present,.,1000.0,1.9664592864264379,2
f0.90_token_balanced_pairs,present,.,1000.0,1.9713887672766717,5
f0.90_token_balanced_pairs,present,.,1000.0,1.94928118189281,5
f0.90_token_balanced_pairs,present,.,575.0,1.9380123456526173,5
f0.90_token_balanced_pairs,present,.,1000.0,1.9618805602428204,12
f0.90_token_balanced_pairs,present,.,1000.0,1.9592916571283725,5
f0.90_token_balanced_pairs,present,.,609.0,1.9526035338981447,6
f0.90_token_balanced_pairs,present,.,1000.0,1.9429641546401932,4
f0.90_token_balanced_pairs,present,.,1000.0,1.600657920556385,6
f0.90_token_balanced_pairs,present,.,1000.0,1.8431261035080604,5
f0.90_token_balanced_pairs,present,.,1000.0,1.908632767487339,5
f0.90_token_balanced_pairs,present,.,1000.0,1.978246652115106,5
f0.90_token_balanced_pairs,present,.,1000.0,1.9798941892489617,4
f0.90_token_balanced_pairs,present,.,1000.0,1.9738014032998863,5
f0.90_token_balanced_pairs,present,.,1000.0,1.9074403648085965,4
f0.90_token_balanced_pairs,present,.,1000.0,1.897769236117731,5
f0.90_token_balanced_pairs,present,.,1000.0,1.9631152792299749,6
f0.90_token_balanced_pairs,present,.,1000.0,1.9400364025873493,5
f0.90_token_balanced_pairs,present,.,1000.0,1.9431073406202017,5
f0.90_token_balanced_pairs,present,.,1000.0,1.9438794828300725,5
f0.90_token_balanced_pairs,present,.,1000.0,1.9896485385710871,5
f0.90_token_balanced_pairs,present,.,1000.0,1.948773734687295,4
f0.90_token_balanced_pairs,present,.,1000.0,1.9132806622404597,5
f0.90_token_balanced_pairs,present,.,1000.0,1.9182251819782086,9
f0.90_token_balanced_pairs,present,.,1000.0,1.9676306152862941,4
f0.90_token_balanced_pairs,present,.,1000.0,1.9757497361328595,5
f0.90_token_balanced_pairs,present,.,1000.0,1.890831795996445,4
f0.90_token_balanced_pairs,present,.,1000.0,1.9843692089405658,5
f0.90_token_balanced_pairs,present,.,1000.0,1.9746017488677525,5
f0.90_token_balanced_pairs,present,.,1000.0,1.9757341827690735,5
f0.90_token_balanced_pairs,present,.,1000.0,1.9897403645422471,4
f0.90_token_balanced_pairs,present,.,1000.0,1.8693983425037466,6
f0.90_token_balanced_pairs,present,.,1000.0,1.8744235026541687,5
f0.90_token_balanced_pairs,present,.,1000.0,1.9943067837040758,4
f0.90_token_balanced_pairs,present,.,1000.0,1.9417652929233178,4
f0.90_token_balanced_pairs,present,.,1000.0,1.8985581499170165,6
f0.90_token_balanced_pairs,present,.,1000.0,1.8991166831871773,5
f0.90_token_balanced_pairs,present,.,1000.0,1.8829844667763336,5
f0.90_token_balanced_pairs,present,.,1000.0,1.9899286649225554,5
f0.90_token_balanced_pairs,present,.,1000.0,1.9574387112148057,6
f0.90_token_balanced_pairs,present,.,1000.0,1.9434498038278825,8
f0.90_token_balanced_pairs,present,.,1000.0,1.9924095851116748,4
f0.90_token_balanced_pairs,present,.,1000.0,1.9800562606754362,4
f0.90_token_balanced_pairs,present,.,1000.0,1.9963890652758018,4
f0.90_token_balanced_pairs,present,.,786.0,1.969178020579851,5
f0.90_token_balanced_pairs,present,.,1000.0,1.8570513570988703,6
f0.90_token_balanced_pairs,present,.,1000.0,1.7990722047724939,5
f0.90_token_balanced_pairs,present,.,1000.0,1.9831233672546973,4
f0.90_token_balanced_pairs,present,.,540.0,1.9909839403341196,5
f0.90_token_balanced_pairs,present,.,1000.0,1.9051504992813433,5
f0.90_token_balanced_pairs,present,.,1000.0,1.9649385864651585,4
f0.90_token_balanced_pairs,present,.,1000.0,1.9389858961727726,5
f0.90_token_balanced_pairs,present,.,1000.0,1.990879428032612,5
f0.90_token_balanced_pairs,present,.,1000.0,1.9835880475419527,5
f0.90_token_balanced_pairs,present,.,1000.0,1.9443126358633696,5
f0.90_token_balanced_pairs,present,.,1000.0,1.924865711651515,5
f0.90_token_balanced_pairs,present,.,1000.0,1.9536768040423045,5
f0.90_token_balanced_pairs,present,.,1000.0,1.9672961037307997,5
f0.90_token_balanced_pairs,present,.,1000.0,1.9113553599012236,4
f0.90_token_balanced_pairs,present,.,1000.0,1.9589779786507995,3
f0.90_token_balanced_pairs,present,.,996.0,1.8853747373519962,6
f0.90_token_balanced_pairs,present,.,1000.0,1.97837030753709,5
f0.90_token_balanced_pairs,present,.,1000.0,1.9851290889256226,3
f0.90_token_balanced_pairs,present,.,1000.0,1.9812122290665104,4
f0.90_token_balanced_pairs,present,.,1000.0,1.9848787481194132,5
f0.90_token_balanced_pairs,present,.,1000.0,1.9983416737312947,9
f0.90_token_balanced_pairs,present,.,1000.0,1.8072982762657164,5
f0.90_token_balanced_pairs,present,.,1000.0,1.8851076488601488,6
f0.90_token_balanced_pairs,present,.,1000.0,1.7806231130638295,5
f0.90_token_balanced_pairs,present,.,1000.0,1.96501203135554,4
f0.90_token_balanced_pairs,present,.,555.0,1.9268808679463387,5
f0.90_token_balanced_pairs,present,.,1000.0,1.9965303153825347,5
f0.90_token_balanced_pairs,present,.,1000.0,1.879344690779885,6
f0.90_token_balanced_pairs,present,.,1000.0,1.9536578928385127,4
f0.90_token_balanced_pairs,present,.,1000.0,1.8865913642088292,4
f0.90_token_balanced_pairs,present,.,1000.0,1.9736206506997853,4
f0.90_token_balanced_pairs,present,.,1000.0,1.937510208271974,5
f0.90_token_balanced_pairs,present,.,655.0,1.9873508914635956,4
f0.90_token_balanced_pairs,present,.,1000.0,1.9603430406731037,5
f0.90_token_balanced_pairs,present,.,1000.0,1.9588489794146384,5
f0.90_token_balanced_pairs,present,.,1000.0,1.9134476972851884,7
f0.90_token_balanced_pairs,present,.,1000.0,1.9646550965693232,4
f0.90_token_balanced_pairs,present,.,1000.0,1.9426799944504025,6
f0.90_token_balanced_pairs,present,.,1000.0,1.982097881458763,5
f0.90_token_balanced_pairs,present,.,1000.0,1.9921821930653074,3
f0.90_token_balanced_pairs,present,.,1000.0,1.9731729847736565,5
f0.90_token_balanced_pairs,present,.,1000.0,1.9977594771767209,5
f0.90_token_balanced_pairs,present,.,1000.0,1.9195288114117472,13
f0.90_token_balanced_pairs,present,.,1000.0,1.9937029336953387,4
f0.90_token_balanced_pairs,present,.,1000.0,1.9697164344558749,4
f0.90_token_balanced_pairs,present,.,1000.0,1.994159522042307,4
f0.90_token_balanced_pairs,present,.,1000.0,1.980381411805208,3
f0.90_token_balanced_pairs,present,.,1000.0,1.980587880074573,4
f0.90_token_balanced_pairs,present,.,1000.0,1.9880855548879535,3
f0.90_token_balanced_pairs,present,.,1000.0,1.9913413739714585,5
f0.90_token_balanced_pairs,present,.,1000.0,1.9617767280849667,5
f0.90_token_balanced_pairs,present,.,1000.0,1.918273548317225,6
f0.90_token_balanced_pairs,present,.,1000.0,1.9870892267279232,4
f0.90_token_balanced_pairs,present,.,1000.0,1.9760541562851417,5
f0.90_token_balanced_pairs,present,.,1000.0,1.97198667936959,5
f0.90_token_balanced_pairs,present,.,1000.0,1.9724707047066596,5
f0.90_token_balanced_pairs,present,.,1000.0,1.9025270392467046,5
f0.90_token_balanced_pairs,present,.,1000.0,1.9692058770518686,4
f0.90_token_balanced_pairs,present,.,1000.0,1.9896485385710871,5
f0.90_token_balanced_pairs,present,.,1000.0,1.9106644356407514,5
f0.90_token_balanced_pairs,present,.,1000.0,1.9903925103758908,5
f0.90_token_balanced_pairs,present,.,1000.0,1.970928584144905,5
f0.90_token_balanced_pairs,present,.,744.0,1.9331642862737528,4
f0.90_token_balanced_pairs,present,.,1000.0,1.9478805735844142,15
f0.90_token_balanced_pairs,present,.,1000.0,1.9683932570547455,6
f0.90_token_balanced_pairs,present,.,1000.0,1.920641488397791,6
f0.90_token_balanced_pairs,present,.,1000.0,1.9796642328547622,5
f0.90_token_balanced_pairs,present,.,755.0,1.9960447041720473,4
f0.90_token_balanced_pairs,present,.,1000.0,1.9491839131437323,6
f0.90_token_balanced_pairs,present,.,1000.0,1.9787984361911546,5
f0.90_token_balanced_pairs,present,.,902.0,1.972469129931235,6
f0.90_token_balanced_pairs,present,.,1000.0,1.996765652654028,4
f0.90_token_balanced_pairs,absent,.,1000.0,1.9909839403341199,4
f0.90_token_balanced_pairs,absent,.,1000.0,1.9291881457557354,5
f0.90_token_balanced_pairs,absent,.,1000.0,1.9199190000186537,5
f0.90_token_balanced_pairs,absent,.,829.0,1.974839842665868,4
f0.90_token_balanced_pairs,absent,.,619.0,1.9213260304190496,4
f0.90_token_balanced_pairs,absent,.,1000.0,1.9350970912149545,6
f0.90_token_balanced_pairs,absent,.,1000.0,1.9528143995694174,5
f0.90_token_balanced_pairs,absent,.,1000.0,1.981868815465817,4
f0.90_token_balanced_pairs,absent,.,1000.0,1.9891631369379315,4
f0.90_token_balanced_pairs,absent,.,1000.0,1.953933108262199,6
f0.90_token_balanced_pairs,absent,.,1000.0,1.9024819337561154,3
f0.90_token_balanced_pairs,absent,.,617.0,1.9119034312501586,5
f0.90_token_balanced_pairs,absent,.,1000.0,1.9087955315971117,5
f0.90_token_balanced_pairs,absent,.,1000.0,1.9715241361547073,5
f0.90_token_balanced_pairs,absent,.,1000.0,1.9870025531640139,4
f0.90_token_balanced_pairs,absent,.,1000.0,1.9860620003498326,5
f0.90_token_balanced_pairs,absent,.,1000.0,1.9789742210395547,4
f0.90_token_balanced_pairs,absent,.,710.0,1.9677351228934685,5
f0.90_token_balanced_pairs,absent,.,1000.0,1.9461272439281003,4
f0.90_token_balanced_pairs,absent,.,1000.0,1.9555671943162758,4
f0.90_token_balanced_pairs,absent,.,1000.0,1.9919898520034933,4
f0.90_token_balanced_pairs,absent,.,634.0,1.9806402450887464,5
f0.90_token_balanced_pairs,absent,.,1000.0,1.9898398051284483,5
f0.90_token_balanced_pairs,absent,.,973.0,1.9275138101609621,6
f0.90_token_balanced_pairs,absent,.,1000.0,1.9713868886661872,3
f0.90_token_balanced_pairs,absent,.,1000.0,1.968083289038315,4
f0.90_token_balanced_pairs,absent,.,666.0,1.94957671562859,5
f0.90_token_balanced_pairs,absent,.,929.0,1.9403935275622075,5
f0.90_token_balanced_pairs,absent,.,1000.0,1.9324144583932412,11
f0.90_token_balanced_pairs,absent,.,1000.0,1.886517986842136,4
f0.90_token_balanced_pairs,absent,.,1000.0,1.9790123611206314,5
f0.90_token_balanced_pairs,absent,.,1000.0,1.9682767618510315,5
f0.90_token_balanced_pairs,absent,.,1000.0,1.9094485694061993,6
f0.90_token_balanced_pairs,absent,.,1000.0,1.9990370605609318,4
f0.90_token_balanced_pairs,absent,.,1000.0,1.9739623861157614,5
f0.90_token_balanced_pairs,absent,.,1000.0,1.9860287740197304,4
f0.90_token_balanced_pairs,absent,.,1000.0,1.992225097534515,5
f0.90_token_balanced_pairs,absent,.,1000.0,1.9689489332624144,5
f0.90_token_balanced_pairs,absent,.,1000.0,1.998312907397504,8
f0.90_token_balanced_pairs,absent,.,787.0,1.9531129429738412,5
f0.90_token_balanced_pairs,absent,.,757.0,1.9577426800425042,4
f0.90_token_balanced_pairs,absent,.,1000.0,1.867545092466653,8
f0.90_token_balanced_pairs,absent,.,1000.0,1.954120304621136,5
f0.90_token_balanced_pairs,absent,.,744.0,1.9328779664834794,7
f0.90_token_balanced_pairs,absent,.,1000.0,1.981868815465817,4
f0.90_token_balanced_pairs,absent,.,1000.0,1.9508495501218883,8
f0.90_token_balanced_pairs,absent,.,1000.0,1.9461738746550576,6
f0.90_token_balanced_pairs,absent,.,1000.0,1.9628050167020605,6
f0.90_token_balanced_pairs,absent,.,591.0,1.9366673818775624,5
f0.90_token_balanced_pairs,absent,.,544.0,1.993688500755725,5
f0.90_token_balanced_pairs,absent,.,576.0,1.9933938053991016,4
f0.90_token_balanced_pairs,absent,.,1000.0,1.8991970508412543,5
f0.90_token_balanced_pairs,absent,.,1000.0,1.9304255508200439,5
f0.90_token_balanced_pairs,absent,.,1000.0,1.9879585349976796,5
f0.90_token_balanced_pairs,absent,.,1000.0,1.9441774119164346,5
f0.90_token_balanced_pairs,absent,.,1000.0,1.9621191715012032,3
f0.90_token_balanced_pairs,absent,.,580.0,1.8859170170364572,5
f0.90_token_balanced_pairs,absent,.,595.0,1.9690026660032083,4
f0.90_token_balanced_pairs,absent,.,1000.0,1.985108990882192,5
f0.90_token_balanced_pairs,absent,.,822.0,1.9207845480393566,7
f0.90_token_balanced_pairs,absent,.,1000.0,1.9611165559832917,6
f0.90_token_balanced_pairs,absent,.,945.0,1.9847637580431,5
f0.90_token_balanced_pairs,absent,.,1000.0,1.9813971523169176,5
f0.90_token_balanced_pairs,absent,.,763.0,1.9646310062340917,4
f0.90_token_balanced_pairs,absent,.,988.0,1.8816296740377272,5
f0.90_token_balanced_pairs,absent,.,1000.0,1.9858141617835465,5
f0.90_token_balanced_pairs,absent,.,1000.0,1.9786871855195693,4
f0.90_token_balanced_pairs,absent,.,913.0,1.9727347715499923,6
f0.90_token_balanced_pairs,absent,.,1000.0,1.9481771378258899,5
f0.90_token_balanced_pairs,absent,.,1000.0,1.8216231660798243,4
f0.90_token_balanced_pairs,absent,.,862.0,1.9822187752214377,3
f0.90_token_balanced_pairs,absent,.,1000.0,1.9880672604318588,7
f0.90_token_balanced_pairs,absent,.,1000.0,1.9759833641867588,5
f0.90_token_balanced_pairs,absent,.,604.0,1.9572906332440418,4
f0.90_token_balanced_pairs,absent,.,1000.0,1.9948577195484627,5
f0.90_token_balanced_pairs,absent,.,1000.0,1.963786365800923,5
f0.90_token_balanced_pairs,absent,.,1000.0,1.9885094750807224,3
f0.90_token_balanced_pairs,absent,.,541.0,1.9953770157428337,5
f0.90_token_balanced_pairs,absent,.,674.0,1.96921111569787,5
f0.90_token_balanced_pairs,absent,.,1000.0,1.966349586841172,3
f0.90_token_balanced_pairs,absent,.,1000.0,1.9580739899452315,5
f0.90_token_balanced_pairs,absent,.,1000.0,1.932782738029166,5
f0.90_token_balanced_pairs,absent,.,1000.0,1.9747615868873538,5
f0.90_token_balanced_pairs,absent,.,915.0,1.9569765385048596,5
f0.90_token_balanced_pairs,absent,.,1000.0,1.997457176372851,4
f0.90_token_balanced_pairs,absent,.,822.0,1.8539700348328763,5
f0.90_token_balanced_pairs,absent,.,1000.0,1.9876431664246246,5
f0.90_token_balanced_pairs,absent,.,1000.0,1.957742680042504,4
f0.90_token_balanced_pairs,absent,.,1000.0,1.9825707567042117,6
f0.90_token_balanced_pairs,absent,.,1000.0,1.9949720761802705,4
f0.90_token_balanced_pairs,absent,.,546.0,1.8723778126750341,6
f0.90_token_balanced_pairs,absent,.,1000.0,1.9661070894343582,8
f0.90_token_balanced_pairs,absent,.,1000.0,1.9587614481463373,5
f0.90_token_balanced_pairs,absent,.,1000.0,1.9661415569589256,5
f0.90_token_balanced_pairs,absent,.,1000.0,1.9882468060186644,5
f0.90_token_balanced_pairs,absent,.,1000.0,1.9785187407901028,4
f0.90_token_balanced_pairs,absent,.,1000.0,1.8678141082796331,7
f0.90_token_balanced_pairs,absent,.,826.0,1.9743966864860476,4
f0.90_token_balanced_pairs,absent,.,870.0,1.9803882573730327,4
f0.90_token_balanced_pairs,absent,.,1000.0,1.9792720459258457,4
f0.90_token_balanced_pairs,absent,.,1000.0,1.9993291659907508,3
f0.90_token_balanced_pairs,absent,.,1000.0,1.8456730603676559,5
f0.90_token_balanced_pairs,absent,.,1000.0,1.9549831570779497,8
f0.90_token_balanced_pairs,absent,.,1000.0,1.9599043131868714,4
f0.90_token_balanced_pairs,absent,.,1000.0,1.9647053568819353,5
f0.90_token_balanced_pairs,absent,.,1000.0,1.9655140082502562,6
f0.90_token_balanced_pairs,absent,.,1000.0,1.978088952301273,5
f0.90_token_balanced_pairs,absent,.,1000.0,1.9829499994638788,6
f0.90_token_balanced_pairs,absent,.,1000.0,1.931034516898877,7
f0.90_token_balanced_pairs,absent,.,1000.0,1.9339672449477243,5
f0.90_token_balanced_pairs,absent,.,1000.0,1.8407548896745005,4
f0.90_token_balanced_pairs,absent,.,1000.0,1.975901635525422,5
f0.90_token_balanced_pairs,absent,.,1000.0,1.9783380771437504,3
f0.90_token_balanced_pairs,absent,.,605.0,1.9121951314050047,5
f0.90_token_balanced_pairs,absent,.,1000.0,1.979861550551159,3
f0.90_token_balanced_pairs,absent,.,879.0,1.9570007868029502,5
f0.90_token_balanced_pairs,absent,.,1000.0,1.9639977915981497,4
f0.90_token_balanced_pairs,absent,.,1000.0,1.9021638669011023,4
f0.90_token_balanced_pairs,absent,.,1000.0,1.9947676786826183,4
f0.90_token_balanced_pairs,absent,.,1000.0,1.9961756752605335,4
f0.90_token_balanced_pairs,absent,.,1000.0,1.9611165559832917,5
f0.90_token_balanced_pairs,absent,.,1000.0,1.9915331497880808,4
f0.90_token_balanced_pairs,absent,.,794.0,1.9869785836029097,16
f0.90_token_balanced_pairs,absent,.,1000.0,1.9640088629109758,6
f0.90_token_balanced_pairs,absent,.,1000.0,1.850913312867768,5
f0.90_token_balanced_pairs,absent,.,1000.0,1.986697484590004,5
f0.90_token_balanced_pairs,absent,.,1000.0,1.9956365763624015,4
f0.90_token_balanced_pairs,absent,.,1000.0,1.9940025515375106,5
f0.90_token_balanced_pairs,absent,.,1000.0,1.9854715754095031,4
f0.90_token_balanced_pairs,absent,.,1000.0,1.835140378372894,5
f0.90_token_balanced_pairs,absent,.,1000.0,1.968519523851707,5
f0.90_token_balanced_pairs,absent,.,1000.0,1.9869073934105232,5
f0.90_token_balanced_pairs,absent,.,865.0,1.9362352243066057,4
f0.90_token_balanced_pairs,absent,.,1000.0,1.9964285423529788,5
f0.90_token_balanced_pairs,absent,.,816.0,1.9798194664926427,7
f0.90_token_balanced_pairs,absent,.,1000.0,1.9357026811772067,4
f0.90_token_balanced_pairs,absent,.,1000.0,1.9881540971346632,4
f0.90_token_balanced_pairs,absent,.,670.0,1.9990207247639065,5
f0.90_token_balanced_pairs,absent,.,1000.0,1.9204810041590923,7
f0.90_token_balanced_pairs,absent,.,1000.0,1.9948846463518433,5
f0.90_token_balanced_pairs,absent,.,974.0,1.982136693898858,6
f0.90_token_balanced_pairs,absent,.,1000.0,1.9446721722141,4
f0.90_token_balanced_pairs,absent,.,1000.0,1.9397717281809357,5
f0.90_token_balanced_pairs,absent,.,1000.0,1.9745121544045003,5
f0.90_token_balanced_pairs,absent,.,1000.0,1.9647734686761495,5
f0.90_token_balanced_pairs,absent,.,849.0,1.9615735668679233,10
f0.90_token_balanced_pairs,absent,.,1000.0,1.9688116468285919,5
f0.90_token_balanced_pairs,absent,.,1000.0,1.6358048020679679,5
f0.90_token_balanced_pairs,absent,.,1000.0,1.8145691317944719,5
f0.90_token_balanced_pairs,absent,.,1000.0,1.915784320176835,4
f0.90_token_balanced_pairs,absent,.,1000.0,1.9849386060030194,4
f0.90_token_balanced_pairs,absent,.,780.0,1.9093027753624014,4
f0.90_token_balanced_pairs,absent,.,692.0,1.958855349796997,4
f0.90_token_balanced_pairs,absent,.,1000.0,1.9210672079459932,6
f0.90_token_balanced_pairs,absent,.,1000.0,1.9660115408694827,4
f0.90_token_balanced_pairs,absent,.,1000.0,1.9891527884183962,4
f0.90_token_balanced_pairs,absent,.,711.0,1.9235606250956274,11
f0.90_token_balanced_pairs,absent,.,1000.0,1.8937728762824715,4
f0.90_token_balanced_pairs,absent,.,634.0,1.9686511083761233,5
f0.90_token_balanced_pairs,absent,.,736.0,1.9783364317334744,4
f0.90_token_balanced_pairs,absent,.,1000.0,1.9144802962541907,6
f0.90_token_balanced_pairs,absent,.,1000.0,1.882650988509255,6
f0.90_token_balanced_pairs,absent,.,1000.0,1.9119976434811203,6
f0.90_token_balanced_pairs,absent,.,1000.0,1.974050357442362,4
f0.90_token_balanced_pairs,absent,.,916.0,1.9550983958851231,5
f0.90_token_balanced_pairs,absent,.,1000.0,1.9236524164416833,4
f0.90_token_balanced_pairs,absent,.,1000.0,1.972702043982321,5
f0.90_token_balanced_pairs,absent,.,1000.0,1.9874311690434245,4
f0.90_token_balanced_pairs,absent,.,1000.0,1.9943565308097018,5
f0.90_token_balanced_pairs,absent,.,1000.0,1.9919183617683416,5
f0.90_token_balanced_pairs,absent,.,1000.0,1.8735881067793336,5
f0.90_token_balanced_pairs,absent,.,1000.0,1.8958907848843658,16
f0.90_token_balanced_pairs,absent,.,1000.0,1.9948577195484627,4
f0.90_token_balanced_pairs,absent,.,1000.0,1.928597536465849,5
f0.90_token_balanced_pairs,absent,.,1000.0,1.9106123279380458,6
f0.90_token_balanced_pairs,absent,.,1000.0,1.919528453461881,6
f0.90_token_balanced_pairs,absent,.,1000.0,1.9438501108863493,5
f0.90_token_balanced_pairs,absent,.,1000.0,1.9926307627478645,4
f0.90_token_balanced_pairs,absent,.,1000.0,1.8877180238303024,7
f0.90_token_balanced_pairs,absent,.,677.0,1.9829499994638788,5
f0.90_token_balanced_pairs,absent,.,1000.0,1.9170389241752752,3
f0.90_token_balanced_pairs,absent,.,1000.0,1.9824425931909548,4
f0.90_token_balanced_pairs,absent,.,1000.0,1.9927754379767364,5
f0.90_token_balanced_pairs,absent,.,723.0,1.9857493101395334,7
f0.90_token_balanced_pairs,absent,.,1000.0,1.9498438789726977,4
f0.90_token_balanced_pairs,absent,.,1000.0,1.9116210453592968,5
f0.90_token_balanced_pairs,absent,.,1000.0,1.9724674019208819,5
f0.90_token_balanced_pairs,absent,.,1000.0,1.98382205739609,4
f0.90_token_balanced_pairs,absent,.,1000.0,1.9140232861394149,4
f0.90_token_balanced_pairs,absent,.,1000.0,1.9976890122851443,5
f0.90_token_balanced_pairs,absent,.,1000.0,1.995405208268719,5
f0.90_token_balanced_pairs,absent,.,1000.0,1.9228550969188902,5
f0.90_token_balanced_pairs,absent,.,1000.0,1.9762299479263028,4
f0.90_token_balanced_pairs,absent,.,992.0,1.8948688608517719,13
f0.90_token_balanced_pairs,absent,.,1000.0,1.9342229147524295,5
f0.90_token_balanced_pairs,absent,.,1000.0,1.9573678267841026,5
f0.90_token_balanced_pairs,absent,.,1000.0,1.9442785339478084,5
f0.90_token_balanced_pairs,absent,.,1000.0,1.983982230778425,4
f0.90_token_balanced_pairs,absent,.,1000.0,1.9482931092345472,4
f0.90_token_balanced_pairs,absent,.,1000.0,1.9099738877811394,5
f0.90_token_balanced_pairs,absent,.,1000.0,1.9942237618576484,5
f0.90_token_balanced_pairs,absent,.,1000.0,1.9690655777748964,4
f0.90_token_balanced_pairs,absent,.,1000.0,1.9557775636094015,4
f0.90_token_balanced_pairs,absent,.,1000.0,1.972662564608676,6
f0.90_token_balanced_pairs,absent,.,1000.0,1.9954878872254853,5
f0.90_token_balanced_pairs,absent,.,1000.0,1.81859037764071,8
f0.90_token_balanced_pairs,absent,.,1000.0,1.9768670527711456,4
f0.90_token_balanced_pairs,absent,.,1000.0,1.773030692308653,5
f0.90_token_balanced_pairs,absent,.,1000.0,1.9649735926514416,5
f0.90_token_balanced_pairs,absent,.,1000.0,1.9310320131086822,5
f0.90_token_balanced_pairs,absent,.,1000.0,1.9639803746502098,4
f0.90_token_balanced_pairs,absent,.,1000.0,1.8573769982578128,5
f0.90_token_balanced_pairs,absent,.,1000.0,1.9417613573202237,7
f0.90_token_balanced_pairs,absent,.,1000.0,1.913144504920289,5
f0.90_token_balanced_pairs,absent,.,574.0,1.9528143995694172,5
f0.90_token_balanced_pairs,absent,.,1000.0,1.967919205020609,7
f0.90_token_balanced_pairs,absent,.,599.0,1.982260771045154,4
f0.90_token_balanced_pairs,absent,.,1000.0,1.94928810535019,4
f0.90_token_balanced_pairs,absent,.,1000.0,1.875153520786655,6
f0.90_token_balanced_pairs,absent,.,897.0,1.9526084051784898,6
f0.90_token_balanced_pairs,absent,.,1000.0,1.9628926097757886,6
f0.90_token_balanced_pairs,absent,.,672.0,1.9626113009555142,4
f0.90_token_balanced_pairs,absent,.,1000.0,1.926365113941557,4
f0.90_token_balanced_pairs,absent,.,1000.0,1.9885206041464143,5
f0.90_token_balanced_pairs,absent,.,1000.0,1.9744106465666191,7
f0.90_token_balanced_pairs,absent,.,1000.0,1.9852409374021835,5
f0.90_token_balanced_pairs,absent,.,1000.0,1.9885094750807224,5
f0.90_token_balanced_pairs,absent,.,1000.0,1.9849900807559422,4
f0.90_token_balanced_pairs,absent,.,984.0,1.9772313566061537,6
f0.90_token_balanced_pairs,absent,.,1000.0,1.9976918665789563,4
f0.90_token_balanced_pairs,absent,.,1000.0,1.9867747604588368,5
f0.90_token_balanced_pairs,absent,.,1000.0,1.973294855897457,4
f0.90_token_balanced_pairs,absent,.,1000.0,1.9782579124656106,5
f0.90_token_balanced_pairs,absent,.,1000.0,1.9962991290021033,4
f0.90_token_balanced_pairs,absent,.,1000.0,1.986358698555056,4
f0.90_token_balanced_pairs,absent,.,1000.0,1.9123052439112886,6
f0.90_token_balanced_pairs,absent,.,1000.0,1.9865139948471278,3
f0.90_token_balanced_pairs,absent,.,1000.0,1.9480745307848095,5
f0.90_token_balanced_pairs,absent,.,1000.0,1.9771826429855701,4
f0.90_token_balanced_pairs,absent,.,579.0,1.942883128250351,5
f0.90_token_balanced_pairs,absent,.,1000.0,1.9147564191572273,6
f0.90_token_balanced_pairs,absent,.,1000.0,1.9468373274877064,5
f0.90_token_balanced_pairs,absent,.,1000.0,1.9952578635566447,4
f0.90_token_balanced_pairs,absent,.,1000.0,1.895032667835686,5
f0.90_token_balanced_pairs,absent,.,1000.0,1.9609087071519498,5
f0.90_token_balanced_pairs,absent,.,1000.0,1.9325801926923882,3
f0.90_token_balanced_pairs,absent,.,1000.0,1.9511653021867448,6
f0.90_token_balanced_pairs,absent,.,1000.0,1.9035785398249438,9
f0.90_token_balanced_pairs,absent,.,1000.0,1.9843837510944806,4
f0.90_token_balanced_pairs,absent,.,780.0,1.814356756441813,13
f0.90_token_balanced_pairs,absent,.,1000.0,1.9835194161611862,7
f0.90_token_balanced_pairs,absent,.,1000.0,1.9933938053991016,4
f0.90_token_balanced_pairs,absent,.,1000.0,1.9874311690434245,5
f0.90_token_balanced_pairs,absent,.,1000.0,1.9638946251340585,5
f0.90_token_balanced_pairs,absent,.,1000.0,1.987452151121385,5
f0.90_token_balanced_pairs,absent,.,1000.0,1.9873157278561615,5
